0,17,[]
23,8,[]
35,13,[]
54,14,[]
75,5,[]
83,16,[]
107,16,[]
131,15,[]
153,13,[]
172,6,[]
181,16,[]
205,13,[]
224,15,[]
246,14,[]
267,14,[]
288,15,[]
310,3,[]
314,13,[]
329,15,[]
347,16,[]
366,13,[]
381,6,[]
388,15,[]
406,17,[]
426,18,[]
447,14,[]
464,14,[]
481,14,[]
498,7,[]
507,14,[]
524,37,[]
573,14,[]
594,12,[]
612,6,[]
621,14,[]
642,16,[]
666,17,[]
691,16,[]
715,20,[]
744,16,[]
768,7,[]
779,17,[]
804,16,[]
828,18,[]
855,5,[]
863,16,[]
887,16,[]
906,15,[]
924,16,[]
943,15,[]
961,17,[]
981,8,[]
991,16,[]
1010,17,[]
1029,17,[]
1048,17,[]
1067,5,[]
1073,15,[]
1090,17,[]
1109,16,[]
1127,41,[]
1175,13,[]
1192,17,[]
1214,2,[]
1217,17,[]
1239,17,[]
1261,17,[]
1283,18,[]
1306,5,[]
1313,18,[]
1336,17,[]
1358,18,[]
1381,18,[]
1404,17,[]
1426,17,[]
1448,8,[]
1459,16,[]
1477,17,[]
1496,17,[]
1515,17,[]
1534,7,[]
1542,18,[]
1562,18,[9, 10, 11, 12, 13, 14, 15, 16]
1582,16,[]
1600,17,[]
1619,16,[]
1637,16,[]
1655,8,[]
1664,16,[]
1682,18,[]
1702,42,[]
1752,13,[]
1769,4,[]
1775,17,[]
1797,16,[]
1818,14,[]
1836,21,[]
1863,15,[]
1882,17,[]
1904,10,[]
1917,17,[]
1939,17,[]
1961,16,[]
1982,16,[]
2003,7,[]
2012,17,[]
2036,19,[]
2058,15,[]
2076,15,[]
2094,15,[]
2112,8,[]
2122,15,[]
2140,16,[]
2159,18,[]
2180,16,[]
2199,7,[]
2208,16,[]
2227,19,[]
2249,16,[]
2268,16,[]
2287,48,[]
2349,13,[]
2368,4,[]
2374,17,[]
2399,17,[]
2424,18,[]
2450,18,[]
2476,7,[]
2487,19,[]
2515,16,[]
2538,16,[]
2561,17,[]
2586,22,[]
2618,17,[]
2643,7,[]
2654,18,[]
2680,16,[]
2699,17,[]
2719,17,[]
2739,7,[]
2748,20,[]
2771,20,[]
2794,21,[]
2819,20,[]
2842,19,[]
2864,21,[]
2889,9,[]
2900,23,[]
2930,22,[]
2959,22,[]
2985,46,[]
3045,3,[]
3049,21,[]
3074,22,[]
3099,23,[]
3125,23,[]
3151,19,[]
3173,19,[]
3195,6,[0, 1, 2, 3, 4]
3202,19,[]
3224,20,[]
3247,20,[]
3270,18,[]
3291,6,[]
3298,19,[]
3320,19,[]
3342,21,[]
3364,17,[]
3382,22,[]
3406,19,[]
3426,6,[]
3433,20,[]
3454,20,[]
3475,17,[8, 9, 10, 11, 12]
3493,18,[]
3512,5,[]
3518,21,[]
3540,18,[]
3559,20,[]
3580,20,[]
3601,43,[]
3648,3,[]
3652,19,[]
3674,19,[]
3696,18,[]
3717,18,[]
3738,6,[]
3745,19,[]
3767,18,[]
3788,18,[]
3809,18,[]
3830,16,[]
3848,17,[]
3868,6,[]
3875,17,[]
3895,20,[]
3918,16,[]
3935,20,[]
3956,3,[]
3960,16,[]
3977,18,[]
3996,18,[]
4015,19,[]
4035,18,[9, 10, 11, 12]
4054,23,[]
4079,6,[]
4086,20,[]
4109,18,[]
4129,17,[]
4148,19,[]
4169,46,[]
4225,15,[]
4245,16,[]
4267,18,[]
4291,18,[]
4315,16,[]
4337,17,[]
4360,6,[]
4368,16,[]
4390,18,[]
4414,20,[]
4441,17,[]
4464,7,[]
4474,17,[]
4497,20,[]
4524,16,[]
4546,16,[]
4564,16,[]
4582,16,[]
4600,7,[]
4608,18,[]
4628,19,[]
4649,17,[]
4668,17,[]
4687,6,[]
4694,19,[]
4715,17,[]
4734,18,[]
4754,6,[]
4761,17,[]
4780,46,[]
4836,18,[]
4860,14,[]
4879,14,[]
4898,16,[]
4920,7,[]
4930,19,[]
4955,16,[]
4977,16,[]
4999,16,[]
5021,9,[]
5033,18,[]
5057,18,[]
5081,15,[]
5101,16,[]
5123,16,[]
5145,15,[]
5162,7,[]
5170,17,[]
5189,17,[]
5208,17,[]
5227,17,[]
5246,3,[]
5250,17,[]
5269,19,[]
5290,16,[]
5308,16,[]
5326,17,[12, 13]
5345,17,[]
5364,6,[]
5371,45,[]
5426,14,[]
5445,18,[]
5469,18,[]
5493,5,[]
5500,18,[]
5524,16,[]
5546,22,[]
5575,15,[]
5595,16,[]
5617,14,[]
5636,6,[]
5644,15,[]
5664,16,[]
5686,17,[]
5709,15,[]
5729,8,[]
5738,15,[9]
5755,17,[]
5774,17,[]
5793,18,[]
5813,16,[11]
5831,17,[]
5850,6,[]
5857,18,[]
5877,18,[]
5897,18,[]
5917,17,[]
5936,3,[]
5940,10,[]
0,60,[]
78,1,[]
80,13,[]
99,13,[]
118,15,[]
140,13,[]
159,14,[]
180,14,[]
201,15,[]
223,13,[]
242,14,[]
263,16,[]
287,17,[]
312,15,[]
334,17,[]
359,14,[]
380,16,[]
399,16,[]
418,19,[]
440,18,[]
461,17,[]
481,11,[]
494,16,[]
513,17,[]
533,19,[]
555,17,[]
575,17,[]
595,18,[]
616,23,[]
643,19,[]
665,163,[]
877,16,[]
901,6,[]
910,11,[]
926,6,[]
935,9,[]
949,9,[]
963,9,[]
977,12,[]
995,11,[]
1011,13,[]
1027,8,[]
1037,10,[]
1050,12,[]
1065,10,[]
1078,9,[]
1090,11,[]
1102,8,[]
1111,9,[]
1121,15,[]
1138,10,[]
1149,7,[]
1157,11,[]
1169,7,[]
1177,13,[]
1191,11,[]
1203,11,[]
1215,15,[]
1232,11,[]
1244,9,[]
1254,141,[]
1417,5,[]
1424,4,[]
1429,9,[]
1441,10,[]
1454,9,[]
1466,13,[]
1482,11,[]
1496,13,[]
1512,15,[]
1531,10,[]
1544,12,[]
1559,15,[]
1578,11,[]
1592,11,[]
1606,10,[]
1619,11,[1]
1631,11,[]
1643,14,[]
1659,13,[]
1673,14,[]
1689,14,[]
1705,13,[]
1719,14,[]
1735,15,[]
1752,12,[]
1765,13,[]
1779,14,[]
1795,16,[]
1813,11,[]
1825,134,[]
1980,12,[]
1995,10,[]
2008,10,[]
2021,11,[]
2035,8,[]
2045,11,[]
2059,14,[]
2077,13,[]
2093,13,[]
2109,17,[]
2130,13,[]
2146,18,[]
2169,12,[]
2184,16,[]
2204,14,[]
2222,16,[]
2240,11,[1, 2, 3]
2252,12,[]
2265,13,[]
2279,16,[]
2297,17,[]
2316,13,[]
2330,12,[]
2343,16,[]
2361,13,[]
2375,14,[]
2391,13,[]
2405,16,[]
2423,9,[]
2433,149,[]
2605,12,[]
2620,8,[]
2630,9,[]
2642,12,[]
2657,14,[]
2675,16,[]
2695,13,[]
2711,17,[]
2732,12,[]
2747,12,[]
2762,17,[]
2783,18,[]
2806,12,[]
2821,12,[]
2836,10,[]
2849,14,[]
2865,11,[]
2877,11,[]
2889,11,[]
2901,12,[]
2914,10,[]
2925,13,[]
2939,13,[]
2953,14,[]
2969,9,[]
2979,10,[]
2990,13,[]
3004,15,[4, 5]
3021,10,[]
3032,161,[]
3227,10,[]
3241,7,[]
3251,7,[]
3261,9,[]
3274,9,[]
3287,9,[]
3300,14,[]
3320,13,[]
3339,16,[]
3362,16,[]
3385,13,[]
3404,17,[]
3428,16,[]
3451,15,[]
3472,17,[]
3496,17,[]
3518,16,[]
3537,16,[]
3556,16,[]
3575,17,[]
3595,13,[]
3610,16,[14, 15]
3629,17,[]
3649,17,[]
3669,15,[]
3686,15,[]
3703,14,[]
3719,16,[]
3738,13,[]
3753,141,[]
3931,7,[]
3941,6,[]
3950,10,[]
3964,12,[]
3981,10,[]
3995,11,[]
4011,11,[]
4027,13,[]
4046,15,[]
4067,13,[]
4086,13,[]
4105,13,[]
4124,12,[]
4141,13,[]
4160,12,[]
4177,13,[]
4192,12,[]
4206,13,[]
4221,13,[]
4236,13,[]
4251,11,[]
4264,12,[]
4278,13,[]
4293,15,[]
4310,13,[]
4325,13,[]
4340,13,[]
4355,15,[]
4372,11,[]
4385,143,[]
4566,6,[]
4575,5,[]
4582,8,[]
4594,10,[]
4608,9,[]
4621,11,[]
4637,13,[]
4656,16,[]
4679,14,[]
4699,14,[]
4719,13,[]
4738,12,[]
4755,14,[]
4775,13,[]
4794,13,[]
4813,12,[]
4827,12,[]
4841,11,[]
4854,13,[]
4869,13,[]
4884,11,[]
4897,11,[]
4910,10,[]
4922,12,[]
4936,10,[]
4948,11,[]
4961,10,[]
4973,13,[]
4988,11,[]
5001,119,[]
5151,3,[]
5156,10,[]
5171,6,[]
5180,7,[]
5191,8,[]
5203,8,[]
5215,8,[]
5227,8,[]
5239,11,[]
5256,9,[]
5270,8,[]
5282,11,[]
5299,9,[]
5313,11,[]
5330,12,[]
5348,11,[]
5361,11,[]
5374,10,[]
5386,9,[]
5397,12,[]
5411,15,[]
5429,12,[]
5443,11,[]
5456,13,[]
5472,15,[]
5490,15,[]
5508,14,[]
5525,17,[]
5545,16,[]
5564,135,[]
5741,9,[]
5755,8,[]
5767,11,[]
5784,11,[]
5801,11,[]
5818,12,[]
5836,12,[]
5854,14,[]
5875,15,[]
5897,15,[]
5919,15,[]
5941,16,[]
5965,16,[]
5989,18,[]
6016,15,[]
6038,15,[]
6056,13,[]
6072,15,[]
6090,13,[]
6106,16,[]
6125,14,[]
6142,15,[]
6160,14,[]
6177,13,[]
6193,18,[]
6215,18,[]
6237,12,[]
6252,13,[]
6268,14,[]
0,28,[]
37,3,[]
42,8,[]
54,12,[]
72,15,[]
94,14,[]
115,11,[]
131,11,[]
147,12,[]
165,11,[]
181,13,[]
200,13,[]
219,15,[]
241,12,[]
259,13,[]
278,11,[]
294,15,[]
312,12,[]
326,12,[]
340,13,[]
355,14,[]
372,11,[]
385,13,[]
400,11,[]
413,13,[]
428,12,[]
442,12,[]
456,12,[]
470,18,[]
491,14,[]
508,74,[]
605,18,[]
632,16,[]
656,15,[]
678,11,[]
694,16,[]
718,21,[]
749,24,[]
784,21,[]
815,21,[]
846,23,[]
880,22,[]
912,22,[]
944,24,[]
979,20,[]
1008,24,[]
1040,24,[]
1070,23,[]
1099,19,[]
1123,21,[]
1149,23,[]
1178,20,[]
1203,25,[]
1234,21,[]
1260,21,[]
1286,22,[]
1313,22,[]
1340,18,[]
1360,20,[]
1385,22,[]
1412,42,[]
1464,19,[]
1490,19,[]
1516,18,[]
1540,20,[]
1567,18,[]
1591,18,[]
1615,19,[]
1641,19,[]
1667,16,[]
1689,19,[]
1715,16,[]
1737,16,[]
1759,18,[]
1783,18,[]
1807,15,[]
1827,16,[]
1847,16,[]
1867,18,[]
1889,15,[]
1908,16,[]
1926,15,[]
1945,17,[]
1966,17,[]
1987,16,[0, 1, 2, 3, 4]
2007,15,[]
2026,15,[]
2045,16,[]
2065,16,[]
2085,17,[]
2106,46,[]
2163,12,[]
2179,14,[]
2198,13,[]
2216,17,[]
2239,13,[]
2257,13,[]
2275,15,[]
2295,16,[]
2317,16,[]
2339,16,[]
2361,14,[0, 1, 2, 3, 4, 5]
2380,13,[]
2398,14,[]
2417,14,[]
2436,15,[]
2456,16,[]
2476,12,[]
2491,14,[]
2509,13,[]
2525,16,[]
2545,15,[]
2564,13,[]
2580,15,[]
2599,15,[]
2618,16,[]
2638,18,[]
2660,14,[]
2676,15,[]
2695,13,[]
2711,34,[]
2753,12,[]
2769,13,[]
2787,15,[]
2807,16,[]
2829,19,[]
2855,18,[]
2879,15,[]
2899,15,[]
2919,15,[]
2939,14,[]
2958,14,[]
2977,13,[]
2995,14,[]
3014,14,[]
3033,13,[]
3051,13,[]
3066,15,[]
3085,13,[]
3101,16,[]
3121,15,[]
3140,15,[]
3159,14,[]
3177,15,[]
3196,15,[]
3215,15,[]
3234,13,[]
3250,13,[]
3266,15,[]
3285,13,[]
3301,42,[]
3353,9,[]
3365,12,[]
3381,12,[]
3397,15,[]
3417,12,[]
3433,11,[]
3448,15,[]
3468,14,[]
3487,10,[]
3501,11,[]
3516,11,[]
3531,14,[]
3550,12,[]
3566,12,[]
3582,10,[]
3596,12,[]
3610,10,[]
3622,11,[]
3635,10,[]
3647,10,[]
3659,10,[]
3671,12,[]
3685,12,[]
3699,13,[]
3714,11,[]
3727,11,[]
3740,13,[7, 8, 9]
3755,15,[]
3772,14,[]
3790,57,[]
3860,10,[]
3874,12,[]
3890,14,[]
3909,15,[]
3929,16,[]
3951,16,[]
3973,16,[]
3995,17,[]
4018,14,[]
4037,14,[]
4055,14,[]
4072,13,[]
4088,14,[]
4105,14,[]
4122,11,[]
4136,18,[]
4156,15,[]
4172,14,[]
4187,15,[]
4203,15,[4]
4219,12,[]
4232,14,[]
4247,14,[]
4262,14,[]
4277,13,[]
4291,13,[]
4305,12,[]
4318,15,[]
4334,12,[]
4347,64,[]
4420,5,[]
4426,9,[]
4437,9,[]
4448,11,[]
4462,12,[]
4477,12,[]
4492,13,[]
4508,14,[]
4525,13,[]
4541,15,[]
4559,16,[]
4579,13,[]
4595,14,[]
4612,14,[]
4629,10,[]
4641,12,[]
4654,11,[]
4666,12,[]
4679,14,[]
4694,16,[5]
4712,13,[]
4726,14,[]
4741,14,[]
4756,13,[]
4770,12,[]
4783,12,[]
4796,11,[]
4808,14,[]
4823,13,[]
4837,72,[]
4919,7,[]
4928,9,[]
4939,10,[]
4951,12,[]
4966,12,[]
4981,10,[]
4993,13,[]
5009,13,[]
5025,12,[]
5040,16,[]
5061,14,[]
5080,14,[]
5099,11,[]
5114,14,[]
5133,8,[]
5144,12,[]
5158,11,[]
5171,9,[]
5181,10,[]
5193,13,[]
5208,13,[]
5223,16,[]
5241,15,[]
5258,16,[]
5276,14,[]
5292,15,[]
5309,15,[]
5326,17,[]
5345,15,[]
5362,71,[]
5449,9,[]
5461,12,[]
5477,12,[]
5493,14,[]
5512,15,[]
5532,11,[]
5547,12,[]
5563,14,[]
5582,11,[]
5597,12,[]
5613,10,[]
5627,12,[]
5643,12,[]
5659,13,[]
5677,11,[]
5692,15,[]
5709,17,[]
5728,15,[]
5745,14,[8]
5761,16,[]
5779,14,[]
5795,15,[]
5812,15,[]
5829,15,[]
5846,14,[]
5862,16,[]
5880,14,[]
5896,18,[]
5916,15,[]
0,70,[]
91,7,[]
102,2,[]
105,9,[]
119,10,[]
134,10,[]
149,14,[]
170,3,[]
175,13,[]
194,17,[]
219,17,[]
244,18,[]
271,4,[]
277,20,[]
306,23,[]
340,23,[]
374,26,[]
408,3,[]
412,31,[]
453,31,[]
494,30,[]
533,28,[]
570,8,[]
580,29,[]
618,26,[]
652,26,[]
686,35,[]
732,4,[]
737,21,[]
765,21,[]
793,123,[]
953,13,[]
972,6,[]
981,15,[]
1003,11,[]
1021,7,[]
1033,14,[]
1056,8,[]
1069,19,[]
1100,21,[]
1134,23,[]
1172,25,[]
1213,3,[]
1218,28,[]
1264,23,[]
1302,23,[]
1340,42,[]
1400,2,[]
1403,19,[]
1430,17,[]
1454,17,[]
1478,19,[]
1505,4,[]
1510,17,[]
1534,17,[]
1558,15,[]
1580,19,[]
1607,3,[]
1611,17,[]
1635,15,[]
1654,106,[]
1804,5,[]
1813,4,[]
1820,9,[]
1835,12,[]
1855,11,[]
1873,14,[]
1896,4,[]
1903,10,[]
1920,13,[]
1941,17,[]
1969,14,[]
1992,5,[]
2001,16,[]
2027,18,[]
2055,13,[]
2076,13,[]
2092,6,[]
2100,17,[]
2124,14,[]
2141,14,[]
2158,15,[]
2179,5,[]
2185,12,[]
2200,13,[]
2216,11,[]
2229,14,[]
2246,6,[]
2254,16,[]
2273,11,[]
2286,105,[]
2429,5,[0, 1, 2, 3]
2437,4,[]
2444,11,[]
2461,11,[]
2478,9,[]
2492,14,[]
2514,4,[]
2521,15,[]
2545,12,[]
2564,10,[]
2580,15,[]
2604,5,[]
2612,10,[]
2628,12,[]
2647,13,[]
2668,16,[]
2687,6,[]
2695,15,[]
2713,14,[]
2730,11,[]
2743,14,[]
2760,8,[]
2770,17,[]
2791,11,[]
2804,9,[]
2815,17,[]
2836,7,[]
2845,11,[]
2858,11,[]
2871,112,[]
3024,4,[]
3031,1,[]
3033,10,[]
3047,9,[]
3060,8,[]
3072,12,[]
3089,5,[]
3096,12,[]
3113,14,[]
3133,10,[]
3147,12,[]
3164,7,[]
3174,14,[]
3194,10,[]
3208,9,[]
3221,14,[]
3237,6,[]
3244,17,[]
3264,11,[]
3277,12,[]
3291,37,[]
3338,5,[]
3344,22,[]
3369,15,[]
3386,12,[]
3400,14,[]
3416,6,[]
3423,17,[]
3443,16,[]
3462,122,[]
3616,3,[]
3621,3,[]
3626,10,[]
3640,10,[]
3654,7,[]
3664,10,[]
3678,5,[]
3685,7,[]
3695,8,[]
3707,9,[]
3720,12,[]
3737,3,[]
3742,12,[]
3759,11,[]
3775,14,[]
3795,17,[]
3815,6,[]
3822,12,[4]
3836,18,[]
3859,14,[]
3875,15,[]
3892,7,[]
3900,20,[]
3926,18,[]
3949,16,[]
3970,18,[]
3993,5,[]
3999,18,[]
4020,17,[]
4042,126,[]
4195,8,[]
4205,4,[]
4210,17,[]
4231,14,[]
4249,13,[]
4265,14,[]
4283,7,[]
4292,19,[]
4316,12,[]
4331,11,[]
4345,12,[]
4360,7,[]
4369,14,[]
4387,13,[]
4403,17,[]
4424,18,[]
4445,4,[]
4450,22,[]
4476,17,[]
4496,17,[]
4516,15,[]
4533,6,[]
4540,17,[]
4559,20,[]
4582,14,[]
4598,15,[]
4615,5,[]
4621,18,[]
4642,16,[]
4660,123,[]
4802,11,[]
4816,5,[]
4823,12,[7, 8, 9, 10]
4838,13,[]
4854,16,[]
4874,13,[]
4890,6,[]
4898,17,[]
4919,12,[]
4934,12,[]
4949,16,[]
4969,5,[]
4976,15,[]
4995,21,[]
5021,14,[]
5039,14,[]
5055,8,[]
5064,16,[]
5083,13,[]
5098,12,[]
5112,10,[]
5124,6,[]
5131,13,[]
5146,12,[]
5160,14,[]
5176,18,[]
5197,6,[]
5204,12,[]
5218,12,[]
5232,133,[]
5400,3,[]
5405,1,[]
5407,7,[]
5417,12,[]
5434,8,[]
5446,14,[]
5466,6,[]
5475,15,[]
5496,12,[]
5513,11,[]
5529,8,[]
5541,9,[]
5554,13,[]
5573,13,[]
5592,13,[]
5611,14,[]
5627,10,[]
5639,14,[]
5655,15,[]
5672,11,[]
5685,10,[]
5697,11,[]
5710,12,[]
5724,16,[]
5743,10,[]
5755,11,[]
5768,9,[]
5779,15,[]
5796,11,[4]
5809,143,[]
5990,8,[]
6002,5,[]
6009,8,[]
6021,12,[]
6038,10,[]
6052,8,[]
6064,3,[]
6068,14,[]
6086,15,[]
6105,19,[]
6129,20,[]
6154,4,[]
6159,20,[]
6184,21,[]
6210,18,[]
6233,16,[]
6252,5,[]
6258,22,[]
6284,15,[]
6302,16,[]
6321,16,[]
6339,6,[]
6346,21,[]
6371,14,[]
6387,15,[]
6404,17,[]
6423,9,[]
6433,14,[]
6449,16,[]
0,48,[]
63,1,[]
65,3,[]
70,4,[]
76,7,[]
87,5,[]
95,5,[]
103,6,[]
112,10,[]
127,7,[]
138,8,[]
150,13,[]
169,9,[]
183,9,[]
197,9,[]
211,9,[]
225,11,[]
238,17,[]
258,19,[]
280,11,[]
293,14,[]
310,21,[]
335,17,[]
355,17,[6, 7]
375,17,[]
395,14,[]
412,14,[]
429,14,[]
446,15,[]
464,15,[]
482,153,[]
681,13,[]
700,15,[]
722,12,[]
740,5,[]
748,8,[]
760,12,[]
778,17,[]
803,21,[]
834,16,[]
858,19,[]
886,16,[]
910,13,[]
929,14,[]
950,15,[]
972,16,[]
996,18,[]
1017,14,[]
1033,10,[]
1044,14,[]
1060,12,[]
1073,16,[]
1091,16,[6]
1109,14,[]
1125,12,[1, 2, 3, 4, 5, 6, 7]
1138,13,[]
1152,10,[]
1163,12,[]
1176,14,[]
1192,11,[]
1204,129,[]
1353,4,[]
1358,8,[]
1368,10,[]
1381,8,[]
1391,12,[]
1406,12,[]
1421,15,[]
1440,12,[]
1455,11,[]
1469,10,[]
1482,11,[]
1496,12,[]
1511,16,[]
1531,12,[]
1546,11,[]
1560,10,[]
1571,12,[]
1584,11,[]
1596,13,[]
1610,11,[]
1622,11,[]
1634,12,[]
1647,12,[]
1660,13,[]
1674,11,[]
1686,13,[]
1700,16,[2]
1718,13,[]
1732,11,[]
1744,129,[]
1893,7,[]
1902,11,[]
1916,14,[]
1934,11,[]
1948,14,[]
1966,14,[]
1984,17,[]
2005,16,[]
2025,16,[]
2048,15,[]
2070,15,[]
2092,16,[]
2116,15,[]
2138,15,[]
2160,15,[]
2182,15,[]
2200,16,[]
2219,15,[13, 14]
2237,16,[]
2256,15,[]
2274,17,[]
2294,17,[]
2314,16,[]
2333,14,[]
2350,13,[]
2366,13,[]
2382,16,[]
2401,15,[]
2419,12,[]
2433,120,[]
2591,12,[]
2609,14,[]
2630,15,[]
2652,13,[]
2672,13,[]
2692,14,[]
2713,15,[]
2735,17,[]
2760,17,[]
2785,17,[]
2810,15,[]
2832,15,[]
2854,14,[]
2875,14,[]
2896,14,[]
2917,20,[]
2941,15,[]
2959,15,[]
2977,14,[]
2994,15,[]
3012,15,[]
3030,17,[]
3049,14,[]
3065,15,[]
3081,14,[10, 11, 12]
3096,17,[]
3114,14,[]
3129,13,[]
3143,15,[]
3159,109,[]
3279,6,[]
3286,10,[]
3298,11,[]
3311,14,[]
3328,13,[]
3343,15,[]
3361,15,[]
3379,14,[]
3396,14,[]
3413,14,[]
3430,15,[]
3448,14,[]
3465,14,[]
3482,14,[]
3499,15,[]
3517,15,[]
3533,13,[]
3547,13,[6, 7, 8]
3561,13,[]
3575,14,[]
3590,14,[]
3605,14,[]
3620,14,[]
3635,16,[]
3652,16,[]
3669,14,[]
3684,15,[]
3700,16,[]
3717,14,[]
3732,120,[]
3864,8,[]
3874,11,[]
3887,11,[]
3900,14,[]
3917,13,[]
3932,17,[]
3952,15,[]
3970,15,[]
3988,15,[]
4006,15,[]
4024,15,[]
4042,14,[]
4059,13,[]
4074,12,[]
4088,17,[]
4108,15,[]
4124,15,[]
4140,14,[]
4155,14,[]
4170,17,[]
4188,16,[]
4205,15,[]
4221,14,[]
4236,14,[]
4251,13,[]
4265,16,[]
4282,13,[]
4296,13,[]
4310,13,[]
4324,112,[]
4448,4,[]
4453,7,[]
4462,8,[]
4472,8,[]
4482,10,[]
4494,9,[]
4505,9,[]
4516,9,[]
4527,13,[]
4542,11,[0, 1, 2, 3, 4, 5, 6, 7]
4555,11,[]
4568,11,[]
4581,10,[]
4593,12,[]
4607,13,[]
4622,19,[]
4642,13,[]
4656,11,[]
4668,10,[]
4679,11,[]
4691,10,[]
4702,19,[]
4722,14,[]
4737,13,[]
4751,12,[]
4764,12,[]
4777,11,[]
4789,20,[]
4810,9,[]
4820,129,[]
4962,3,[]
4966,7,[]
4975,7,[]
4984,12,[]
4998,13,[]
5013,12,[]
5027,11,[]
5040,11,[]
5053,11,[]
5069,13,[]
5089,11,[]
5106,15,[]
5130,14,[]
5152,12,[]
5171,11,[]
5188,9,[]
5199,11,[]
5212,11,[]
5225,15,[]
5243,16,[]
5262,14,[]
5279,11,[]
5292,9,[]
5303,10,[2]
5315,15,[]
5333,17,[]
5354,14,[]
5371,10,[]
5383,13,[]
5399,122,[]
5565,5,[]
5573,7,[]
5584,9,[]
5598,11,[]
5615,10,[]
5631,11,[]
5648,12,[]
5667,15,[]
5691,12,[]
5710,12,[]
5729,12,[]
5748,15,[]
5772,12,[]
5791,16,[]
5816,16,[]
5841,13,[]
5857,12,[7]
5872,11,[]
5885,11,[]
5898,17,[]
5919,17,[]
5940,14,[]
5957,13,[]
5973,12,[]
5988,12,[]
6003,12,[]
6018,14,[]
6035,14,[]
6052,8,[]
0,18,[]
24,6,[]
33,12,[]
51,15,[]
73,13,[]
92,14,[]
113,14,[]
134,15,[]
156,14,[]
177,14,[]
198,14,[]
219,15,[]
241,15,[]
263,15,[]
285,13,[]
304,14,[]
325,14,[]
342,14,[]
359,14,[]
376,14,[]
393,15,[]
411,15,[]
429,15,[]
447,16,[]
466,15,[]
484,18,[]
505,17,[]
525,13,[]
540,14,[]
557,18,[]
578,54,[]
649,10,[]
664,13,[]
683,12,[]
701,11,[]
717,16,[]
741,19,[]
769,17,[]
794,18,[]
821,17,[]
846,18,[]
873,18,[]
900,19,[]
928,18,[]
955,18,[]
982,18,[]
1009,20,[]
1032,18,[]
1052,19,[]
1073,18,[]
1093,21,[]
1117,20,[10, 11, 12, 13, 14, 15, 16, 17]
1140,22,[]
1165,19,[]
1186,20,[]
1209,19,[]
1230,19,[]
1251,19,[]
1272,20,[]
1295,19,[]
1316,54,[]
1382,16,[]
1404,18,[]
1428,19,[]
1453,19,[]
1478,17,[]
1501,21,[]
1529,20,[]
1556,21,[]
1584,20,[]
1611,20,[]
1638,20,[]
1665,21,[]
1693,20,[]
1720,20,[]
1747,20,[]
1774,18,[]
1794,17,[]
1813,19,[]
1834,18,[]
1854,19,[]
1875,19,[]
1896,19,[]
1917,18,[]
1937,20,[11, 12, 13, 14, 15, 16]
1960,19,[]
1981,20,[]
2004,19,[]
2025,21,[]
2049,19,[]
2071,50,[]
2136,15,[]
2158,17,[]
2183,16,[]
2206,17,[]
2231,16,[]
2254,17,[]
2279,19,[]
2307,17,[]
2332,19,[]
2360,19,[]
2388,18,[]
2414,20,[]
2443,16,[]
2466,16,[]
2489,19,[]
2517,16,[]
2536,15,[]
2554,16,[]
2573,19,[]
2595,16,[]
2614,15,[]
2632,15,[]
2650,19,[]
2672,17,[]
2692,17,[]
2712,18,[]
2733,17,[]
2753,18,[]
2774,17,[]
2794,46,[]
2854,14,[]
2875,14,[]
2896,17,[]
2921,17,[]
2946,16,[]
2969,17,[]
2994,17,[]
3019,17,[]
3044,17,[]
3067,17,[]
3089,15,[]
3107,16,[]
3126,17,[]
3147,18,[]
3169,17,[]
3190,14,[1]
3205,14,[]
3220,14,[]
3235,14,[]
3250,14,[]
3265,18,[]
3285,17,[]
3304,16,[]
3321,17,[]
3340,17,[]
3359,17,[]
3378,17,[]
3397,14,[]
3412,14,[]
3427,46,[]
3479,13,[]
3495,13,[]
3511,13,[]
3527,15,[]
3545,15,[]
3563,15,[]
3581,15,[]
3599,13,[]
3615,13,[]
3631,13,[]
3647,13,[]
3663,13,[]
3679,12,[]
3694,12,[]
3709,11,[]
3722,11,[]
3734,11,[]
3746,12,[]
3759,11,[3]
3771,12,[]
3784,11,[]
3796,11,[]
3808,11,[]
3820,12,[]
3833,11,[1, 2, 3, 4, 5, 6, 7]
3845,11,[]
3857,11,[]
3869,12,[]
3882,11,[]
3894,34,[]
3933,10,[]
3945,10,[]
3957,11,[]
3970,11,[]
3983,12,[]
3998,13,[]
4014,13,[]
4030,13,[]
4046,13,[]
4064,13,[]
4082,12,[]
4100,12,[]
4118,12,[]
4136,12,[]
4154,12,[]
4172,16,[]
4191,14,[]
4208,14,[]
4225,14,[]
4242,15,[]
4260,15,[]
4278,15,[]
4296,14,[]
4313,14,[]
4330,14,[]
4347,14,[]
4364,14,[]
4381,14,[]
4398,14,[]
4415,34,[]
4459,11,[]
4475,12,[]
4493,14,[]
4514,14,[]
4535,4,[]
4541,16,[]
4564,16,[]
4587,16,[]
4610,16,[]
4633,16,[]
4656,15,[]
4678,16,[]
4701,15,[]
4723,15,[]
4745,15,[]
4767,16,[]
4786,15,[]
4804,15,[]
4822,16,[]
4841,16,[]
4860,15,[]
4878,16,[]
4897,15,[]
4915,16,[]
4934,15,[]
4952,16,[]
4971,16,[]
4990,15,[]
5008,14,[]
5025,39,[]
5076,11,[]
5092,11,[]
5108,14,[]
5128,14,[]
5148,14,[]
5168,14,[]
5188,13,[]
5206,14,[]
5226,14,[]
5246,14,[]
5266,14,[]
5286,14,[]
5306,13,[]
5324,14,[]
5344,13,[]
5362,14,[]
5378,13,[]
5393,13,[]
5408,13,[]
5423,14,[]
5439,13,[]
5454,13,[7]
5469,16,[]
5487,13,[12]
5502,15,[]
5519,15,[]
5536,14,[]
5552,15,[]
5569,14,[]
5585,40,[]
5635,9,[]
5648,10,[]
5662,12,[]
5679,12,[]
5696,12,[]
5713,13,[]
5731,13,[]
5749,14,[]
5769,13,[]
5787,13,[]
5805,13,[]
5823,14,[]
5843,13,[]
5861,14,[]
5881,14,[]
5901,14,[]
5917,14,[]
5933,15,[]
5950,14,[]
5966,15,[]
5983,14,[]
5999,15,[]
6016,14,[]
6032,14,[]
6048,13,[]
6063,13,[]
6078,13,[]
6093,14,[]
6108,8,[]
0,51,[]
67,2,[]
70,7,[]
81,9,[]
95,7,[]
106,8,[]
118,6,[]
127,5,[]
135,7,[]
146,6,[]
155,7,[]
166,8,[]
178,9,[]
192,5,[]
200,7,[]
211,8,[]
223,14,[]
240,9,[]
251,16,[4, 5]
270,14,[]
287,17,[]
307,14,[]
324,19,[]
346,18,[]
367,18,[]
388,18,[]
409,18,[]
430,19,[5]
452,15,[]
470,17,[]
490,234,[]
795,16,[]
819,7,[]
830,4,[]
836,4,[]
842,3,[]
847,8,[]
859,12,[]
877,10,[]
892,10,[]
907,11,[]
923,9,[]
937,12,[]
955,11,[]
971,12,[]
989,13,[]
1008,17,[]
1028,12,[]
1042,12,[]
1056,12,[]
1070,14,[]
1086,12,[]
1100,17,[]
1120,17,[]
1140,14,[]
1156,13,[]
1171,12,[]
1185,12,[]
1199,15,[]
1216,7,[]
1224,156,[]
1421,1,[]
1423,6,[]
1432,6,[0, 1, 2, 3, 4, 5]
1441,8,[]
1453,8,[]
1465,8,[]
1477,10,[]
1491,7,[]
1501,7,[]
1511,8,[]
1523,11,[]
1539,11,[]
1555,13,[]
1574,15,[]
1595,16,[]
1618,14,[]
1634,11,[]
1647,11,[]
1660,14,[]
1676,12,[]
1690,15,[]
1707,14,[]
1723,18,[]
1744,14,[]
1760,15,[]
1777,17,[]
1797,15,[]
1814,20,[]
1837,15,[]
1854,149,[]
2042,12,[]
2060,9,[]
2074,12,[]
2093,10,[]
2109,12,[]
2128,8,[]
2141,12,[]
2160,16,[]
2185,12,[]
2204,15,[]
2228,10,[]
2244,15,[]
2268,14,[]
2290,14,[]
2312,15,[]
2336,18,[]
2358,18,[]
2380,19,[]
2403,17,[]
2424,18,[]
2446,17,[]
2467,16,[]
2486,17,[]
2507,18,[]
2529,16,[]
2548,14,[]
2565,13,[]
2581,14,[]
2598,14,[]
2615,152,[]
2822,7,[]
2833,9,[]
2847,11,[]
2864,10,[]
2880,11,[]
2897,11,[]
2914,13,[]
2935,18,[]
2963,16,[]
2988,15,[]
3012,13,[]
3033,18,[]
3061,14,[]
3083,15,[]
3107,15,[]
3131,15,[]
3149,15,[]
3167,16,[]
3186,14,[]
3203,17,[]
3224,13,[]
3240,16,[]
3259,19,[]
3282,18,[]
3304,15,[]
3322,14,[]
3339,15,[]
3357,13,[]
3373,14,[]
3390,141,[]
3582,4,[]
3589,5,[]
3597,7,[]
3608,8,[]
3621,8,[]
3634,10,[]
3650,12,[]
3669,13,[]
3690,15,[]
3714,14,[]
3736,15,[]
3760,13,[]
3781,13,[]
3802,13,[]
3823,11,[]
3840,17,[]
3861,11,[]
3874,12,[]
3889,10,[]
3901,14,[]
3918,13,[]
3934,13,[]
3950,10,[]
3962,12,[]
3977,12,[]
3992,13,[3, 4]
4008,13,[]
4024,13,[]
4040,10,[]
4052,130,[]
4229,4,[]
4235,9,[]
4248,9,[]
4261,9,[]
4274,9,[]
4287,10,[]
4301,12,[]
4318,13,[]
4337,16,[]
4360,12,[]
4377,19,[]
4404,17,[]
4428,16,[]
4451,17,[]
4475,13,[]
4494,17,[]
4514,12,[]
4528,14,[]
4544,11,[]
4557,12,[]
4571,14,[]
4587,13,[]
4602,16,[]
4621,13,[]
4636,17,[]
4656,13,[]
4671,11,[]
4684,16,[]
4703,17,[]
4723,109,[]
4861,3,[]
4866,10,[]
4880,8,[]
4892,9,[]
4905,10,[]
4919,12,[]
4936,13,[]
4955,15,[]
4976,16,[]
4999,10,[]
5013,10,[]
5027,10,[]
5041,12,[]
5058,12,[]
5075,14,[]
5095,12,[]
5109,11,[]
5122,11,[]
5135,10,[]
5147,11,[]
5160,10,[]
5172,11,[]
5185,12,[]
5199,14,[]
5215,16,[]
5234,16,[]
5252,11,[]
5265,14,[]
5281,18,[]
5301,115,[]
5441,4,[]
5447,7,[]
5457,7,[]
5467,8,[]
5478,7,[]
5488,7,[]
5498,11,[]
5513,10,[]
5527,13,[]
5545,11,[]
5560,10,[]
5574,10,[]
5588,12,[]
5604,11,[]
5619,12,[]
5635,13,[]
5650,14,[6, 7, 8]
5666,15,[]
5683,15,[]
5700,13,[]
5715,14,[]
5731,15,[]
5748,15,[2, 3]
5765,16,[]
5783,19,[]
5804,15,[]
5821,13,[]
5836,13,[]
5851,15,[]
5868,119,[]
6012,5,[]
6019,10,[]
6033,8,[]
6044,14,[]
6063,7,[]
6073,11,[]
6088,10,[]
6102,12,[]
6118,12,[]
6134,11,[]
6149,13,[]
6167,12,[]
6183,14,[]
6202,13,[]
6220,14,[]
6239,16,[]
6258,11,[]
6271,14,[]
6288,11,[]
6301,16,[]
6320,10,[]
6332,10,[]
6344,13,[]
6360,12,[]
6375,13,[]
6391,14,[]
6408,12,[]
6423,12,[]
6438,11,[]
0,20,[]
26,1,[]
28,11,[]
44,9,[]
58,11,[]
74,11,[]
90,7,[]
101,6,[]
110,10,[]
125,10,[]
140,8,[]
152,7,[]
163,10,[]
178,10,[]
193,13,[]
212,14,[]
233,22,[]
259,8,[]
269,22,[]
295,13,[]
310,23,[]
337,14,[]
354,27,[]
386,18,[]
407,7,[]
416,18,[]
437,11,[]
450,21,[8, 9]
475,9,[]
486,19,[]
508,110,[]
651,1,[]
653,8,[]
665,10,[]
680,1,[]
682,14,[]
703,12,[]
721,18,[]
748,7,[]
759,7,[]
770,20,[]
799,20,[]
828,11,[]
844,19,[]
872,11,[]
888,17,[]
913,21,[]
938,19,[]
960,10,[]
972,21,[]
997,5,[]
1003,9,[]
1013,17,[]
1031,11,[]
1043,18,[]
1062,12,[]
1075,14,[]
1090,10,[]
1101,14,[]
1116,26,[]
1144,104,[]
1259,9,[]
1270,6,[]
1277,13,[]
1292,8,[]
1302,17,[]
1322,9,[]
1333,10,[]
1345,19,[]
1367,17,[]
1387,11,[]
1400,17,[6, 7, 8, 9, 10, 11, 12]
1420,11,[]
1433,18,[]
1454,5,[]
1460,11,[]
1473,19,[]
1493,17,[]
1511,11,[]
1523,11,[]
1535,17,[]
1553,18,[]
1572,11,[]
1584,18,[]
1603,7,[]
1611,17,[]
1629,6,[]
1636,19,[]
1656,7,[]
1664,16,[]
1681,110,[]
1802,1,[]
1804,13,[]
1819,4,[]
1824,14,[]
1841,16,[]
1860,4,[]
1865,18,[]
1886,7,[]
1895,19,[]
1917,6,[]
1924,18,[]
1945,7,[]
1954,19,[]
1976,10,[]
1988,12,[]
2002,22,[]
2026,7,[]
2034,17,[]
2054,6,[]
2061,20,[]
2084,6,[]
2091,19,[]
2113,17,[]
2133,13,[]
2148,19,[]
2170,11,[]
2183,13,[]
2198,20,[]
2221,24,[10]
2249,106,[]
2386,9,[]
2399,6,[]
2408,15,[]
2430,6,[]
2439,7,[]
2450,14,[]
2471,12,[]
2489,16,[]
2512,11,[]
2528,16,[]
2551,18,[]
2577,6,[]
2586,10,[]
2601,19,[]
2629,19,[]
2657,8,[]
2667,20,[]
2690,5,[]
2696,12,[]
2710,20,[]
2733,6,[]
2740,17,[]
2760,13,[]
2775,15,[]
2793,7,[]
2802,18,[]
2823,11,[]
2836,21,[]
2861,17,[]
2881,110,[]
3023,1,[]
3025,13,[]
3044,16,[]
3066,8,[]
3077,7,[]
3087,19,[]
3113,17,[]
3137,7,[]
3147,11,[]
3162,19,[]
3188,7,[]
3198,18,[]
3223,12,[]
3240,23,[]
3272,6,[]
3281,27,[]
3312,21,[]
3336,12,[]
3350,21,[]
3374,7,[]
3382,18,[]
3403,10,[]
3415,20,[]
3438,12,[]
3452,21,[]
3476,6,[]
3483,13,[]
3498,25,[3]
3526,5,[]
3532,115,[]
3675,1,[]
3677,17,[]
3701,6,[]
3710,22,[]
3740,19,[]
3766,9,[]
3779,22,[]
3809,13,[]
3827,21,[]
3856,5,[]
3863,12,[]
3880,20,[]
3908,19,[]
3934,9,[]
3947,11,[]
3962,22,[]
3987,14,[]
4003,26,[]
4033,26,[]
4063,12,[]
4077,13,[]
4091,18,[]
4111,22,[6, 7, 8]
4135,6,[]
4142,11,[]
4154,19,[]
4175,13,[]
4189,20,[]
4211,21,[]
4234,104,[]
4353,13,[]
4369,7,[]
4378,24,[]
4408,5,[]
4415,17,[]
4436,10,[]
4449,12,[]
4464,21,[]
4490,11,[]
4504,19,[]
4527,21,[]
4553,7,[]
4562,20,[]
4587,6,[]
4595,24,[]
4625,7,[]
4633,23,[]
4658,6,[]
4665,14,[]
4680,26,[]
4708,23,[]
4733,12,[]
4746,21,[]
4769,13,[]
4783,21,[]
4806,7,[]
4814,12,[]
4827,25,[]
4854,5,[]
4860,104,[]
4979,12,[]
4994,7,[]
5003,15,[]
5022,8,[]
5032,17,[]
5053,10,[]
5066,11,[]
5081,18,[]
5105,5,[]
5112,18,[]
5136,5,[]
5143,19,[]
5168,7,[]
5177,18,[]
5201,6,[]
5209,20,[]
5231,17,[]
5250,7,[6]
5258,11,[]
5271,19,[]
5292,8,[]
5301,17,[2, 3]
5320,21,[]
5343,8,[]
5352,20,[]
5374,6,[]
5381,16,[]
5399,8,[]
5408,16,[]
5426,110,[]
5557,7,[]
5566,8,[]
5577,6,[]
5585,14,[]
5603,17,[]
5625,5,[]
5632,21,[]
5659,5,[]
5666,18,[]
5690,8,[]
5701,19,[]
5726,6,[]
5734,9,[]
5746,20,[]
5772,15,[]
5792,10,[]
5803,18,[]
5823,9,[]
5833,19,[]
5854,8,[]
5863,5,[]
5869,17,[]
5888,17,[]
5907,12,[]
5921,4,[]
5926,19,[]
5947,13,[]
5962,12,[4, 5, 6, 7, 8]
5976,24,[]
0,15,[]
20,6,[]
29,10,[]
44,12,[]
62,12,[]
80,13,[]
99,11,[]
115,12,[]
133,4,[]
139,11,[]
155,10,[]
170,12,[]
188,12,[]
206,8,[]
218,11,[]
234,9,[]
248,11,[]
261,11,[]
274,13,[]
289,14,[]
306,13,[]
321,14,[]
338,18,[]
359,14,[]
376,15,[]
394,14,[]
411,15,[]
429,10,[]
441,14,[9]
458,18,[]
479,48,[]
542,10,[]
557,9,[]
571,11,[]
587,11,[]
603,13,[]
622,14,[]
643,14,[]
664,14,[]
685,14,[]
706,16,[]
730,15,[]
752,17,[]
777,16,[]
801,17,[]
826,18,[]
853,17,[]
873,18,[]
894,15,[]
912,14,[]
929,17,[]
949,15,[]
967,16,[]
986,15,[]
1004,15,[]
1022,14,[]
1039,16,[]
1058,16,[]
1077,17,[]
1098,15,[]
1116,47,[]
1180,12,[]
1199,15,[]
1223,14,[]
1245,22,[]
1279,23,[]
1315,25,[]
1354,24,[]
1391,25,[]
1430,23,[]
1466,17,[]
1493,18,[]
1521,22,[]
1555,19,[]
1585,20,[]
1616,21,[]
1649,17,[]
1673,18,[]
1698,18,[]
1723,17,[]
1747,17,[]
1768,16,[]
1790,19,[]
1816,20,[]
1844,22,[]
1874,20,[]
1902,20,[]
1930,22,[]
1960,20,[]
1988,18,[]
2013,51,[]
2080,14,[]
2101,15,[]
2123,14,[]
2144,17,[]
2169,17,[]
2194,15,[]
2216,17,[]
2241,17,[]
2266,17,[]
2291,14,[]
2312,16,[]
2336,15,[]
2358,15,[]
2380,15,[]
2402,16,[]
2426,15,[]
2444,18,[]
2465,17,[]
2485,19,[]
2507,16,[]
2526,19,[]
2548,17,[]
2568,18,[]
2589,17,[]
2609,17,[]
2632,16,[9, 10, 11, 12]
2651,17,[]
2674,15,[]
2694,15,[]
2714,44,[]
2772,11,[]
2789,13,[]
2809,13,[]
2829,13,[]
2849,14,[]
2870,12,[]
2888,13,[]
2908,16,[]
2932,15,[]
2954,14,[]
2975,21,[]
3006,19,[]
3034,19,[]
3060,18,[]
3083,19,[]
3108,13,[10]
3123,14,[]
3139,14,[]
3155,15,[]
3172,16,[]
3190,18,[6, 7]
3210,18,[]
3230,17,[]
3249,17,[]
3268,17,[]
3289,14,[]
3305,18,[]
3327,14,[]
3343,16,[]
3361,43,[]
3412,11,[]
3426,14,[]
3444,7,[]
3453,15,[]
3473,14,[]
3491,14,[]
3509,13,[]
3526,13,[]
3543,13,[]
3560,15,[]
3580,19,[]
3605,20,[]
3631,19,[]
3656,19,[]
3681,15,[]
3701,15,[]
3718,14,[]
3734,17,[]
3753,14,[]
3769,17,[]
3788,16,[6, 7]
3806,23,[]
3832,14,[]
3848,17,[]
3867,17,[]
3886,17,[]
3905,21,[]
3928,13,[]
3943,17,[]
3962,57,[]
4030,9,[]
4042,11,[]
4056,11,[]
4070,12,[]
4086,13,[]
4103,14,[]
4121,14,[]
4139,13,[]
4156,15,[]
4176,13,[]
4193,14,[]
4211,12,[]
4227,15,[]
4247,13,[]
4264,13,[]
4281,12,[]
4295,14,[]
4311,12,[]
4325,13,[]
4340,12,[]
4354,15,[]
4371,14,[]
4387,12,[9, 10, 11]
4401,12,[]
4415,12,[]
4429,10,[]
4440,16,[]
4458,10,[]
4469,13,[]
4484,66,[]
4562,7,[]
4571,11,[]
4585,9,[]
4597,13,[]
4614,10,[]
4627,11,[]
4641,12,[]
4657,13,[]
4674,12,[]
4690,11,[]
4704,11,[]
4718,11,[]
4732,11,[]
4746,12,[]
4762,12,[]
4778,14,[]
4794,14,[]
4810,14,[]
4826,14,[]
4842,14,[]
4858,13,[]
4873,12,[]
4887,12,[]
4901,19,[11, 12, 13]
4922,13,[]
4937,14,[]
4953,12,[]
4967,13,[]
4982,16,[]
5000,71,[]
5084,7,[]
5094,10,[]
5109,11,[]
5125,12,[]
5142,14,[]
5162,14,[]
5182,13,[]
5201,14,[]
5221,13,[]
5240,13,[]
5259,11,[]
5275,13,[]
5294,11,[]
5310,12,[]
5327,15,[]
5349,13,[]
5364,13,[]
5379,16,[]
5398,15,[]
5416,18,[]
5437,17,[]
5457,15,[]
5475,15,[]
5493,16,[]
5512,16,[]
5531,16,[7, 10]
5550,15,[]
5568,17,[]
5588,15,[]
5608,52,[]
5675,13,[]
5694,13,[]
5713,15,[]
5735,7,[]
5745,16,[]
5768,16,[]
5791,15,[]
5813,20,[]
5842,20,[]
5871,19,[]
5898,20,[]
5927,15,[]
5949,13,[]
5968,18,[]
5994,15,[]
6016,17,[]
6036,16,[]
6055,17,[]
6075,17,[]
6095,16,[]
6114,17,[]
6134,15,[]
6152,16,[10]
6171,13,[]
6186,16,[]
6205,16,[]
6224,14,[]
6240,13,[]
6257,7,[]
0,53,[]
69,4,[]
75,18,[]
102,8,[]
114,19,[]
142,19,[]
170,6,[]
179,21,[]
210,17,[]
235,7,[]
246,18,[]
273,6,[]
282,21,[]
313,19,[]
341,19,[]
369,7,[]
380,18,[]
401,18,[]
422,8,[]
432,16,[]
453,19,[]
475,7,[]
484,19,[5]
506,6,[]
513,24,[]
545,20,[]
571,20,[]
597,3,[]
601,21,[]
629,22,[]
658,104,[]
794,22,[]
826,24,[]
861,7,[]
872,14,[]
893,6,[]
902,22,[]
934,20,[]
963,25,[]
1000,5,[]
1008,27,[]
1040,20,[]
1064,5,[]
1070,23,[]
1097,18,[8, 9, 10, 11, 12]
1118,7,[]
1127,25,[]
1155,7,[]
1163,23,[]
1189,22,[]
1214,17,[]
1233,9,[]
1243,25,[]
1271,20,[]
1293,6,[]
1300,18,[]
1320,18,[]
1340,6,[]
1347,20,[]
1369,10,[]
1380,90,[]
1479,9,[]
1490,11,[]
1503,6,[]
1510,17,[]
1530,15,[]
1548,8,[]
1558,17,[]
1578,18,[]
1599,5,[]
1605,18,[]
1626,6,[]
1633,20,[]
1657,15,[]
1675,13,[]
1690,6,[]
1697,16,[]
1715,15,[]
1732,8,[]
1741,16,[]
1759,18,[]
1778,6,[]
1785,19,[]
1806,6,[]
1813,18,[]
1833,19,[]
1853,15,[]
1870,9,[]
1880,18,[]
1899,15,[]
1915,78,[]
2001,10,[]
2013,12,[]
2029,7,[]
2039,17,[]
2063,6,[]
2072,12,[]
2089,15,[]
2110,17,[]
2134,6,[]
2143,17,[]
2167,18,[]
2192,6,[]
2201,13,[]
2219,16,[]
2241,6,[]
2250,19,[]
2274,6,[]
2281,16,[]
2301,14,[]
2317,15,[]
2336,8,[]
2345,15,[]
2362,18,[]
2383,6,[]
2390,15,[]
2409,16,[]
2427,7,[1, 2]
2435,18,[]
2458,8,[]
2467,79,[]
2565,9,[]
2578,13,[]
2596,8,[]
2607,15,[]
2628,16,[]
2650,5,[]
2657,19,[]
2683,14,[]
2703,7,[]
2713,16,[]
2735,7,[]
2745,17,[]
2769,13,[]
2787,16,[]
2809,7,[]
2819,16,[]
2837,15,[]
2856,9,[]
2867,15,[]
2886,13,[]
2901,6,[]
2908,16,[]
2928,10,[]
2940,19,[]
2962,16,[]
2982,20,[]
3007,5,[]
3013,17,[]
3035,19,[]
3059,74,[]
3151,12,[]
3168,14,[]
3188,7,[]
3198,21,[]
3227,5,[]
3234,17,[]
3258,17,[]
3282,20,[]
3310,6,[]
3319,17,[]
3343,20,[]
3371,6,[]
3380,22,[]
3410,17,[]
3434,7,[]
3444,20,[]
3469,6,[]
3476,17,[]
3498,16,[]
3516,19,[]
3538,7,[]
3546,17,[]
3566,17,[]
3586,9,[]
3597,14,[]
3613,16,[]
3631,11,[]
3644,21,[]
3668,11,[]
3681,83,[]
3784,12,[]
3801,14,[]
3821,9,[]
3834,16,[]
3856,15,[]
3877,9,[]
3890,16,[]
3912,20,[]
3940,5,[]
3947,20,[]
3975,9,[]
3988,17,[]
4012,16,[]
4034,15,[]
4055,7,[]
4066,16,[]
4085,22,[17]
4111,6,[]
4118,15,[]
4136,20,[]
4159,5,[]
4165,18,[]
4186,7,[]
4195,17,[10, 11, 12, 13, 14, 15, 16]
4215,17,[]
4235,14,[]
4252,6,[]
4259,17,[]
4279,17,[]
4299,84,[]
4408,6,[]
4417,15,[]
4439,8,[]
4451,16,[]
4474,8,[]
4486,17,[]
4511,19,[]
4539,13,[]
4558,8,[]
4570,17,[]
4595,20,[]
4624,7,[]
4635,15,[]
4657,17,[]
4682,9,[]
4695,19,[]
4717,6,[]
4724,16,[]
4743,14,[]
4760,13,[]
4775,9,[]
4786,14,[]
4803,15,[]
4821,8,[]
4831,16,[]
4850,15,[]
4868,6,[]
4875,16,[]
4894,6,[]
4901,85,[]
5011,10,[]
5026,10,[]
5041,7,[]
5052,15,[]
5074,10,[]
5089,8,[]
5101,16,[]
5125,15,[]
5148,10,[]
5163,16,[]
5187,7,[]
5198,17,[]
5224,15,[]
5247,16,[]
5271,5,[]
5279,20,[]
5303,17,[]
5323,5,[]
5329,16,[]
5348,20,[]
5372,6,[]
5379,17,[]
5399,7,[]
5408,17,[]
5428,17,[]
5448,18,[]
5469,6,[]
5476,17,[]
5496,17,[]
5516,90,[]
5636,9,[]
5650,11,[]
5667,6,[]
5676,16,[]
5700,6,[]
5709,16,[]
5733,16,[]
5757,17,[]
5783,10,[]
5798,19,[]
5827,19,[]
5856,6,[]
5865,20,[]
5895,20,[]
5925,6,[]
5934,22,[]
5964,6,[]
5971,20,[]
5998,17,[]
6021,16,[]
6043,9,[]
6054,16,[]
6076,17,[]
6098,7,[]
6107,17,[]
6129,18,[]
6150,6,[]
6157,21,[]
6182,7,[]
0,23,[]
30,4,[]
36,10,[]
51,14,[]
72,13,[]
91,10,[]
106,16,[]
130,13,[]
149,12,[]
167,10,[]
182,12,[]
200,11,[]
216,14,[]
237,12,[]
255,14,[]
276,13,[]
295,15,[]
313,13,[]
328,14,[]
345,12,[]
359,15,[]
377,13,[]
392,16,[]
411,17,[]
431,12,[]
445,13,[]
460,14,[]
477,19,[]
499,16,[]
518,14,[]
535,80,[]
639,12,[]
657,9,[]
671,10,[]
686,8,[]
698,15,[]
720,17,[]
745,16,[]
769,15,[]
791,17,[]
816,15,[]
838,16,[]
862,16,[]
886,15,[]
908,17,[]
933,15,[]
955,16,[]
974,14,[]
991,16,[]
1010,15,[11]
1027,16,[]
1045,15,[]
1062,18,[]
1082,17,[]
1101,15,[]
1118,13,[]
1133,18,[]
1153,17,[]
1172,13,[]
1187,15,[]
1204,82,[]
1305,7,[]
1315,11,[]
1330,12,[]
1346,14,[]
1365,13,[]
1383,14,[]
1402,13,[]
1420,13,[]
1438,14,[]
1457,15,[]
1477,14,[]
1496,15,[]
1516,12,[]
1532,13,[]
1550,9,[]
1562,14,[]
1578,14,[]
1594,17,[]
1613,13,[]
1628,17,[]
1647,13,[]
1662,14,[]
1678,10,[]
1690,14,[]
1706,14,[]
1722,15,[]
1739,14,[]
1755,17,[]
1774,14,[]
1790,82,[]
1891,8,[]
1902,10,[]
1916,10,[]
1930,16,[]
1952,14,[]
1971,14,[]
1990,15,[]
2010,15,[]
2030,14,[]
2050,15,[]
2072,14,[]
2092,18,[]
2118,17,[]
2142,18,[]
2168,15,[]
2190,19,[]
2212,14,[]
2228,22,[]
2253,16,[]
2272,16,[]
2291,20,[]
2314,18,[]
2335,17,[]
2355,17,[]
2375,16,[]
2394,17,[]
2414,14,[]
2430,18,[]
2451,18,[]
2472,83,[]
2578,6,[]
2587,11,[]
2603,11,[]
2619,11,[]
2635,13,[]
2654,13,[]
2673,15,[]
2695,17,[]
2719,16,[]
2742,18,[]
2768,15,[]
2790,19,[]
2817,16,[]
2840,18,[]
2866,14,[]
2886,18,[]
2907,17,[]
2927,17,[]
2947,15,[]
2965,18,[]
2986,15,[]
3004,18,[]
3025,15,[]
3043,14,[]
3059,15,[]
3077,16,[]
3096,14,[]
3112,15,[]
3130,14,[]
3146,85,[]
3254,7,[]
3264,11,[]
3280,13,[]
3299,14,[]
3319,16,[]
3342,17,[]
3366,16,[]
3389,15,[]
3411,14,[]
3431,14,[]
3451,15,[]
3473,16,[]
3496,16,[]
3519,15,[]
3541,14,[]
3561,15,[]
3579,15,[6, 7]
3597,17,[]
3617,16,[]
3636,17,[]
3656,16,[]
3675,17,[]
3695,15,[]
3713,16,[]
3732,15,[]
3750,16,[]
3769,16,[]
3788,15,[]
3806,16,[]
3825,87,[]
3936,6,[]
3945,10,[]
3960,11,[]
3976,17,[]
4000,14,[]
4020,16,[]
4043,14,[]
4063,14,[]
4082,15,[]
4102,15,[]
4122,14,[]
4140,16,[]
4161,13,[]
4178,15,[]
4198,16,[]
4219,16,[]
4237,14,[]
4253,14,[]
4269,16,[]
4287,16,[]
4305,16,[2, 3, 4]
4323,13,[]
4338,17,[]
4357,16,[]
4375,16,[]
4393,15,[]
4410,15,[]
4427,17,[]
4446,15,[]
4463,86,[]
4565,7,[]
4574,12,[]
4590,12,[]
4606,13,[]
4623,11,[]
4637,15,[]
4657,13,[]
4674,14,[]
4692,15,[]
4712,15,[]
4732,16,[]
4753,18,[]
4776,17,[]
4798,17,[]
4820,17,[]
4842,19,[]
4863,16,[]
4881,15,[]
4898,14,[]
4914,15,[]
4931,15,[]
4948,16,[]
4966,14,[]
4982,16,[]
5000,16,[]
5018,17,[]
5037,17,[]
5056,17,[]
5075,15,[]
5092,88,[]
5196,6,[]
5204,10,[]
5217,11,[]
5231,15,[]
5251,14,[]
5269,13,[]
5286,12,[]
5302,15,[]
5322,12,[]
5338,16,[]
5359,13,[]
5376,16,[]
5397,14,[]
5415,15,[]
5435,16,[]
5456,18,[]
5476,15,[]
5493,14,[]
5509,12,[]
5523,13,[]
5538,14,[]
5554,13,[]
5569,12,[2]
5583,14,[]
5599,13,[]
5614,14,[]
5630,13,[]
5645,14,[9]
5661,13,[]
5676,92,[]
5785,7,[]
5794,11,[]
5808,12,[]
5824,14,[]
5842,12,[]
5858,15,[]
5878,13,[]
5895,16,[]
5916,13,[]
5933,15,[9, 10, 11, 12, 13, 14]
5953,14,[]
5971,17,[]
5993,13,[]
6010,15,[]
6030,14,[]
6048,17,[]
6067,15,[]
6084,16,[]
6103,15,[]
6121,17,[]
6141,14,[]
6158,15,[]
6176,14,[]
6193,17,[]
6213,14,[]
6230,15,[]
6248,12,[]
6262,16,[]
6281,13,[]
0,27,[]
36,5,[]
44,8,[]
56,9,[]
70,7,[]
81,15,[]
103,13,[]
122,13,[]
141,13,[]
160,6,[]
169,15,[]
191,12,[]
209,14,[]
230,11,[]
246,12,[]
264,10,[]
279,11,[]
292,12,[]
306,12,[]
320,15,[]
338,15,[]
356,6,[]
363,12,[]
377,15,[]
395,15,[]
413,13,[]
428,13,[]
443,12,[]
457,10,[]
469,19,[]
491,95,[]
615,16,[]
639,14,[]
660,1,[]
662,6,[]
671,11,[]
687,15,[]
709,12,[]
727,18,[]
754,13,[]
773,8,[]
785,16,[]
809,14,[]
830,17,[]
855,16,[]
879,5,[]
887,16,[]
906,15,[]
924,16,[]
943,15,[]
961,16,[]
980,15,[]
998,15,[]
1016,12,[7, 8]
1030,12,[]
1044,13,[]
1059,14,[]
1075,11,[]
1088,10,[]
1100,16,[]
1118,89,[]
1227,9,[]
1239,11,[]
1254,11,[]
1269,12,[]
1285,7,[]
1295,14,[]
1314,12,[]
1330,19,[]
1356,14,[]
1375,9,[]
1387,13,[]
1405,17,[]
1428,13,[]
1446,14,[]
1465,17,[]
1488,19,[]
1510,12,[10, 11]
1524,17,[]
1543,17,[]
1562,21,[]
1586,18,[]
1606,5,[]
1612,17,[]
1631,20,[]
1654,18,[]
1674,19,[]
1696,17,[]
1715,19,[]
1737,5,[]
1743,84,[]
1846,10,[]
1860,15,[]
1880,20,[]
1907,7,[]
1917,21,[]
1945,18,[]
1969,16,[]
1991,16,[]
2013,16,[]
2035,14,[]
2054,16,[]
2076,9,[]
2088,17,[]
2111,17,[]
2134,17,[]
2157,19,[]
2181,18,[]
2203,19,[]
2225,10,[]
2237,17,[]
2256,21,[]
2282,18,[]
2304,19,[]
2328,8,[]
2337,20,[]
2362,15,[]
2381,24,[]
2411,15,[]
2430,14,[]
2448,55,[]
2516,2,[]
2519,12,[]
2535,13,[]
2553,13,[]
2571,15,[]
2591,8,[]
2602,14,[]
2621,16,[]
2643,16,[]
2665,14,[]
2684,15,[]
2704,15,[]
2724,9,[]
2736,16,[]
2758,17,[]
2781,17,[]
2802,21,[]
2828,6,[]
2835,18,[]
2855,20,[]
2880,21,[]
2906,20,[]
2931,15,[]
2950,17,[]
2971,11,[]
2984,17,[]
3005,15,[]
3024,16,[]
3044,18,[]
3066,58,[]
3132,2,[]
3135,13,[]
3151,15,[]
3169,17,[]
3190,15,[]
3208,16,[]
3228,17,[]
3249,9,[]
3260,18,[]
3282,17,[]
3303,15,[]
3321,16,[]
3341,11,[]
3355,19,[]
3378,16,[]
3398,17,[]
3418,20,[]
3441,18,[]
3462,20,[]
3485,10,[]
3496,19,[]
3518,18,[4, 5, 6, 7]
3539,25,[]
3568,23,[]
3594,8,[]
3603,29,[]
3636,23,[]
3662,21,[]
3686,24,[]
3714,57,[]
3779,22,[]
3806,6,[]
3814,24,[]
3843,22,[]
3870,20,[]
3894,19,[]
3917,8,[]
3927,21,[]
3953,20,[]
3977,33,[]
4017,25,[]
4047,24,[]
4078,30,[]
4117,9,[]
4129,29,[]
4166,26,[]
4197,18,[]
4219,17,[]
4240,18,[]
4260,14,[]
4276,16,[]
4294,16,[]
4312,18,[]
4332,16,[]
4350,19,[]
4373,22,[10, 11, 12, 13, 14, 15, 16]
4399,8,[]
4408,28,[]
4442,22,[]
4468,37,[]
4512,13,[]
4529,7,[]
4538,20,[]
4564,15,[]
4584,14,[]
4602,17,[]
4624,11,[]
4638,13,[]
4655,14,[]
4673,13,[]
4690,6,[]
4698,16,[]
4719,18,[]
4742,17,[]
4764,22,[]
4792,6,[]
4799,18,[]
4821,16,[]
4840,15,[]
4858,15,[]
4876,14,[]
4893,18,[]
4915,7,[]
4923,16,[]
4942,18,[]
4964,16,[]
4982,14,[]
4998,16,[]
5016,15,[]
5033,43,[]
5084,13,[]
5102,16,[]
5125,18,[]
5151,10,[]
5166,17,[]
5190,15,[]
5212,14,[]
5232,15,[]
5254,13,[]
5273,8,[]
5285,19,[]
5312,12,[]
5329,16,[]
5352,17,[]
5376,18,[]
5402,16,[]
5423,16,[]
5444,7,[]
5452,15,[]
5472,18,[]
5495,16,[]
5516,16,[]
5537,12,[]
5553,11,[]
5566,11,[]
5579,12,[]
5593,14,[]
5609,18,[]
5630,6,[]
5637,48,[]
5698,8,[]
5710,11,[]
5726,13,[]
5745,5,[]
5753,14,[]
5773,23,[]
5806,11,[]
5822,14,[]
5842,13,[]
5861,15,[]
5883,8,[]
5895,13,[]
5914,13,[]
5933,14,[]
5953,20,[]
5982,9,[]
5993,12,[]
6007,16,[]
6026,14,[]
6042,17,[]
6062,12,[]
6076,15,[2]
6094,7,[]
6102,14,[]
6118,13,[]
6133,12,[]
6147,12,[]
6161,15,[9, 10]
6178,7,[]
0,24,[]
32,2,[]
35,6,[]
44,12,[]
62,10,[]
77,15,[]
99,10,[]
114,11,[]
130,12,[]
148,12,[]
166,11,[]
182,9,[]
196,13,[]
215,8,[]
227,10,[]
242,14,[]
263,13,[]
278,9,[]
289,12,[]
303,6,[]
310,10,[]
322,14,[]
339,16,[]
358,8,[]
368,8,[]
378,8,[]
388,14,[]
405,18,[]
426,13,[12]
441,17,[]
461,110,[]
604,14,[]
625,15,[]
647,5,[]
655,5,[]
663,11,[]
679,14,[]
700,22,[]
732,23,[]
766,23,[]
800,23,[]
834,24,[]
869,23,[]
903,23,[]
937,23,[]
971,24,[]
1006,24,[]
1035,24,[]
1064,26,[]
1095,28,[]
1129,28,[]
1163,29,[]
1198,27,[22, 23, 24]
1230,24,[]
1259,27,[]
1291,26,[]
1322,26,[]
1353,26,[]
1384,26,[]
1415,25,[]
1445,59,[]
1526,19,[]
1556,23,[]
1592,22,[]
1626,24,[]
1663,22,[]
1697,24,[]
1734,24,[]
1771,20,[]
1802,23,[]
1838,21,[]
1871,18,[]
1899,20,[]
1930,16,[]
1955,15,[]
1979,15,[]
2003,14,[]
2020,14,[]
2037,15,[]
2055,15,[]
2073,14,[]
2090,18,[]
2112,12,[]
2127,12,[]
2142,13,[]
2158,11,[]
2171,13,[]
2187,10,[]
2199,12,[]
2214,9,[]
2225,67,[]
2317,5,[]
2325,7,[]
2336,8,[]
2349,9,[]
2363,8,[]
2376,9,[]
2390,11,[]
2407,9,[]
2421,10,[]
2437,9,[]
2451,9,[]
2465,8,[]
2478,11,[]
2495,9,[]
2509,10,[]
2525,8,[]
2535,7,[]
2544,12,[]
2559,8,[]
2569,10,[]
2581,8,[]
2591,10,[]
2603,12,[]
2618,10,[]
2630,9,[]
2641,9,[]
2652,10,[]
2664,10,[]
2676,11,[]
2689,73,[]
2789,4,[]
2796,8,[]
2809,6,[]
2819,9,[]
2833,9,[]
2847,8,[]
2860,10,[]
2876,11,[]
2893,9,[]
2907,9,[]
2921,9,[]
2935,12,[]
2954,9,[]
2968,9,[]
2982,8,[]
2995,10,[]
3007,8,[]
3017,9,[]
3028,8,[]
3038,13,[]
3053,9,[]
3064,8,[]
3074,12,[]
3088,11,[]
3101,11,[]
3114,9,[]
3125,28,[]
3157,23,[]
3184,7,[]
3192,73,[]
3285,4,[]
3291,7,[]
3301,11,[]
3317,11,[]
3333,11,[]
3349,13,[]
3368,14,[]
3388,17,[]
3412,17,[]
3436,19,[]
3463,20,[]
3492,22,[]
3523,22,[]
3554,22,[]
3585,20,[]
3614,24,[15]
3642,23,[]
3669,23,[]
3696,21,[]
3720,22,[4]
3745,21,[3, 4]
3769,20,[]
3792,22,[]
3817,24,[]
3845,22,[]
3870,21,[]
3894,22,[]
3919,21,[]
3943,18,[]
3964,50,[]
4028,16,[]
4051,15,[]
4071,14,[]
4088,16,[]
4108,14,[]
4125,15,[]
4143,13,[]
4159,14,[]
4176,19,[]
4199,11,[]
4213,13,[]
4229,15,[]
4247,16,[]
4267,16,[]
4287,16,[]
4307,16,[5, 6]
4325,17,[]
4344,15,[]
4360,17,[]
4379,14,[]
4394,17,[]
4413,9,[]
4423,12,[]
4436,13,[]
4450,12,[]
4463,12,[]
4476,16,[]
4494,16,[]
4512,13,[]
4526,63,[]
4598,9,[]
4609,10,[]
4621,9,[]
4632,14,[]
4649,9,[]
4660,12,[]
4675,10,[3, 4, 5, 6, 7, 8]
4687,12,[]
4702,10,[]
4714,12,[]
4729,10,[]
4741,10,[]
4753,10,[]
4765,10,[]
4777,13,[]
4793,10,[]
4804,8,[]
4813,9,[]
4823,8,[]
4832,9,[]
4842,9,[]
4852,9,[]
4862,15,[]
4878,11,[]
4890,12,[]
4903,12,[]
4916,9,[]
4926,10,[]
4937,8,[]
4946,84,[]
5041,3,[]
5045,4,[]
5050,7,[]
5059,6,[]
5067,10,[]
5081,8,[]
5092,7,[]
5102,9,[]
5114,9,[]
5126,11,[]
5141,9,[]
5153,10,[]
5167,9,[]
5179,7,[]
5189,8,[]
5200,9,[]
5210,8,[]
5219,9,[]
5229,9,[]
5239,9,[]
5249,14,[]
5265,9,[]
5275,11,[]
5288,11,[]
5301,13,[]
5316,9,[]
5326,9,[]
5336,11,[]
5349,9,[]
5359,104,[]
5486,6,[]
5494,10,[]
5508,13,[]
5526,15,[]
5546,14,[]
5565,13,[]
5583,17,[]
5606,19,[]
5632,19,[]
5658,21,[]
5686,20,[]
5713,22,[]
5743,21,[]
5771,21,[]
5799,23,[]
5830,22,[]
5855,21,[]
5879,22,[]
5904,22,[]
5929,24,[10, 11, 12, 13, 14, 15, 16, 17]
5956,25,[]
5984,26,[]
6013,23,[]
6039,26,[]
6068,24,[]
6096,25,[]
6125,24,[]
6153,24,[]
6181,9,[]
0,82,[]
107,10,[]
122,16,[]
146,20,[]
175,7,[]
186,16,[]
210,15,[]
232,20,[]
261,24,[]
296,4,[]
302,18,[]
329,22,[]
361,20,[]
390,7,[]
401,22,[]
433,20,[]
462,22,[]
491,25,[]
524,6,[]
531,23,[]
561,22,[]
590,27,[]
626,20,[]
652,22,[]
681,9,[]
692,29,[]
730,21,[]
758,25,[]
791,7,[]
800,21,[]
828,201,[]
1090,17,[]
1114,21,[]
1144,5,[]
1151,15,[]
1172,13,[]
1191,16,[]
1214,14,[]
1234,6,[]
1243,22,[]
1274,19,[]
1301,15,[]
1322,18,[]
1348,14,[]
1368,5,[]
1375,17,[]
1399,13,[]
1416,19,[]
1440,15,[]
1459,6,[]
1466,16,[]
1487,14,[]
1505,15,[]
1524,9,[]
1535,15,[]
1554,12,[]
1570,14,[]
1588,13,[]
1605,15,[]
1624,6,[]
1631,132,[]
1798,3,[]
1803,6,[]
1812,6,[]
1821,7,[]
1831,7,[]
1841,7,[]
1851,10,[]
1865,7,[]
1875,11,[]
1891,11,[]
1907,11,[]
1923,7,[]
1933,13,[]
1952,16,[]
1975,11,[]
1991,7,[]
1999,12,[]
2015,12,[]
2031,13,[]
2048,10,[]
2060,14,[]
2078,10,[]
2091,13,[]
2107,10,[]
2119,18,[]
2141,13,[]
2157,16,[]
2177,9,[]
2187,16,[]
2207,110,[]
2341,4,[]
2347,9,[]
2359,7,[0, 1, 2, 3, 4, 5]
2369,14,[]
2388,10,[]
2402,10,[]
2416,6,[]
2424,12,[]
2440,12,[]
2456,14,[]
2475,6,[]
2483,15,[]
2503,12,[]
2519,12,[]
2535,13,[]
2553,9,[]
2563,16,[]
2583,14,[]
2600,14,[]
2617,16,[]
2637,11,[]
2650,13,[]
2666,14,[]
2683,14,[]
2700,15,[]
2719,9,[]
2729,18,[]
2751,15,[]
2770,14,[]
2787,124,[]
2938,4,[]
2944,7,[]
2954,9,[]
2966,9,[]
2978,14,[]
2997,13,[]
3015,13,[]
3033,17,[]
3056,6,[]
3064,17,[]
3087,14,[]
3106,14,[]
3126,9,[]
3140,17,[]
3165,15,[]
3187,16,[]
3208,10,[]
3220,16,[]
3241,12,[]
3257,18,[]
3281,7,[]
3290,18,[]
3314,15,[]
3332,18,[]
3353,10,[2]
3365,21,[]
3393,15,[]
3411,17,[]
3431,8,[]
3441,144,[]
3630,3,[]
3635,5,[]
3643,9,[]
3657,10,[]
3672,11,[]
3689,9,[]
3703,11,[]
3720,8,[]
3732,11,[]
3749,11,[]
3766,8,[]
3778,13,[]
3798,12,[]
3816,12,[]
3834,16,[]
3858,9,[]
3869,14,[]
3886,12,[]
3900,20,[]
3927,7,[]
3936,14,[]
3953,15,[]
3971,9,[]
3982,18,[]
4003,12,[]
4017,16,[]
4036,9,[]
4047,11,[]
4060,17,[]
4080,156,[]
4285,2,[]
4288,1,[]
4290,3,[]
4295,4,[]
4301,7,[]
4312,7,[]
4323,11,[]
4340,8,[]
4352,13,[]
4372,7,[]
4383,13,[]
4403,12,[]
4421,12,[]
4439,9,[]
4453,16,[]
4477,12,[]
4493,13,[]
4511,10,[]
4525,10,[]
4537,10,[]
4551,10,[]
4565,9,[]
4577,12,[]
4593,13,[]
4611,7,[]
4620,12,[]
4636,16,[]
4657,12,[]
4673,19,[]
4698,115,[]
4849,3,[]
4854,4,[]
4860,6,[]
4869,10,[]
4884,10,[]
4899,10,[]
4914,2,[]
4917,8,[]
4929,9,[]
4943,9,[]
4957,13,[]
4977,7,[]
4988,13,[]
5008,15,[]
5030,13,[]
5050,16,[]
5071,14,[]
5090,14,[]
5109,8,[]
5119,16,[]
5140,14,[]
5159,15,[]
5179,12,[]
5193,17,[]
5216,16,[]
5237,17,[]
5260,8,[]
5270,17,[]
5293,17,[]
5315,141,[]
5486,3,[]
5490,7,[]
5500,9,[]
5512,9,[0, 1, 2, 3]
5524,11,[]
5539,12,[]
5555,6,[]
5563,12,[]
5579,10,[]
5593,13,[]
5611,13,[]
5629,8,[]
5640,11,[]
5655,13,[]
5673,17,[]
5696,8,[]
5705,17,[]
5724,18,[]
5744,11,[]
5757,18,[]
5777,14,[]
5793,13,[]
5808,15,[]
5825,22,[]
5850,9,[7]
5860,11,[]
5873,15,[]
5890,13,[]
5905,19,[]
5926,165,[]
6126,1,[]
6128,2,[]
6131,6,[]
6139,7,[]
6149,10,[]
6163,10,[]
6177,4,[]
6183,13,[]
6201,8,[]
6212,10,[]
6226,4,[]
6232,11,[]
6247,9,[]
6259,10,[]
6273,13,[]
6291,10,[]
6303,12,[]
6317,11,[]
6330,8,[]
6339,9,[]
6349,15,[]
6366,12,[]
6380,8,[]
6389,10,[]
6401,15,[]
6418,15,[]
6435,13,[]
6450,11,[]
6463,11,[2, 3, 4, 5, 6]
0,26,[]
34,2,[]
37,8,[]
49,10,[]
64,8,[]
76,14,[]
97,13,[]
116,8,[]
128,9,[]
142,7,[]
153,9,[]
167,10,[]
182,8,[]
194,11,[]
210,11,[]
226,9,[]
240,9,[3, 4, 5, 6, 7, 8]
251,14,[]
268,17,[]
288,9,[]
299,13,[]
314,22,[]
340,20,[]
363,23,[]
390,17,[]
410,14,[]
427,14,[]
444,13,[]
459,16,[]
478,28,[]
511,112,[]
657,8,[]
669,6,[]
678,6,[]
687,4,[]
693,7,[]
704,14,[]
725,10,[]
740,11,[]
756,12,[]
774,11,[]
790,9,[]
804,13,[]
823,12,[]
841,12,[]
859,12,[]
877,13,[]
892,12,[]
906,14,[]
923,16,[]
942,12,[]
956,14,[2]
973,14,[]
990,13,[]
1005,12,[]
1020,13,[]
1036,14,[]
1054,12,[]
1069,14,[]
1087,11,[]
1101,92,[]
1234,8,[]
1248,8,[]
1262,10,[]
1279,9,[]
1294,11,[]
1313,10,[]
1330,12,[]
1350,12,[]
1370,9,[]
1385,12,[]
1405,11,[]
1424,10,[]
1441,13,[]
1463,14,[]
1487,13,[]
1509,15,[]
1528,14,[]
1546,13,[]
1562,12,[]
1577,14,[]
1595,14,[]
1613,16,[15]
1633,17,[]
1654,14,[]
1672,13,[]
1688,15,[]
1707,14,[]
1725,12,[]
1740,13,[]
1756,110,[]
1915,4,[]
1922,8,[]
1936,9,[]
1951,10,[]
1968,12,[]
1988,11,[]
2007,10,[]
2022,15,[]
2042,9,[]
2054,9,[]
2066,13,[]
2083,12,[]
2099,9,[]
2111,14,[]
2129,13,[]
2146,12,[]
2160,13,[]
2175,13,[2]
2190,9,[]
2200,13,[]
2215,15,[14]
2232,15,[]
2249,12,[]
2263,14,[]
2279,11,[]
2291,14,[]
2307,14,[]
2323,15,[]
2340,10,[]
2351,121,[]
2493,6,[]
2501,9,[]
2513,13,[]
2530,15,[]
2549,10,[]
2562,12,[]
2578,11,[]
2592,11,[]
2606,15,[]
2625,15,[]
2644,20,[]
2670,12,[]
2686,14,[]
2704,10,[]
2717,17,[]
2739,18,[]
2759,16,[]
2777,15,[]
2794,14,[]
2810,12,[]
2824,13,[]
2839,17,[12]
2858,10,[]
2869,15,[5, 6, 7, 8, 9, 10, 11]
2886,14,[]
2902,13,[]
2917,14,[]
2933,15,[]
2950,9,[]
2960,123,[]
3104,8,[]
3116,9,[]
3130,10,[]
3145,11,[]
3162,14,[]
3183,13,[]
3203,11,[]
3220,12,[]
3238,11,[]
3255,10,[]
3270,11,[]
3287,11,[]
3304,10,[]
3319,16,[]
3343,9,[]
3357,11,[]
3370,12,[]
3384,10,[]
3396,10,[]
3408,14,[]
3425,9,[]
3436,10,[]
3448,11,[]
3461,10,[]
3473,11,[]
3486,11,[]
3499,10,[]
3511,12,[]
3525,16,[]
3544,143,[]
3735,7,[]
3746,8,[]
3758,8,[]
3770,9,[]
3784,9,[]
3798,9,[]
3812,10,[]
3827,10,[]
3842,12,[]
3860,11,[]
3877,10,[]
3892,12,[]
3910,14,[]
3931,13,[]
3951,8,[]
3963,9,[]
3974,14,[]
3991,10,[]
4003,9,[]
4014,10,[]
4026,11,[]
4039,10,[]
4051,9,[]
4062,10,[]
4074,9,[]
4085,9,[]
4096,8,[]
4106,9,[]
4116,7,[]
4124,171,[]
4306,4,[]
4311,5,[]
4317,5,[]
4323,7,[]
4331,5,[]
4337,9,[]
4347,9,[]
4357,10,[]
4368,9,[]
4378,9,[]
4388,7,[]
4396,9,[]
4406,9,[]
4416,11,[]
4428,12,[]
4442,12,[]
4455,10,[]
4466,11,[]
4478,10,[]
4489,9,[]
4499,10,[]
4510,10,[]
4521,11,[]
4533,17,[]
4551,11,[]
4563,9,[]
4573,10,[]
4584,10,[]
4595,9,[]
4605,164,[]
4779,6,[]
4786,7,[]
4794,10,[]
4805,12,[0, 1, 2, 3]
4819,13,[]
4834,14,[]
4850,15,[]
4867,14,[]
4883,16,[]
4901,18,[]
4921,18,[]
4941,15,[]
4958,11,[]
4970,10,[]
4981,8,[]
4990,10,[]
5001,14,[]
5016,17,[]
5034,18,[]
5053,13,[]
5067,12,[]
5080,10,[]
5091,10,[]
5102,11,[]
5114,13,[]
5129,10,[]
5141,12,[]
5156,10,[]
5168,12,[]
5183,165,[]
5413,6,[]
5423,9,[]
5438,8,[]
5451,10,[]
5467,13,[]
5488,13,[]
5509,10,[]
5525,15,[]
5549,12,[]
5569,10,[]
5585,12,[]
5605,15,[]
5629,10,[]
5645,10,[]
5661,14,[]
5684,13,[]
5700,7,[]
5709,10,[]
5721,13,[]
5737,9,[]
5748,11,[]
5762,13,[]
5778,7,[]
5787,10,[]
5799,11,[]
5813,7,[]
5822,9,[]
5833,12,[]
5848,14,[]
0,51,[]
67,13,[]
86,14,[]
107,15,[]
129,14,[]
150,12,[]
168,15,[]
190,13,[]
209,15,[]
231,13,[]
250,12,[]
268,17,[]
293,15,[]
315,12,[]
333,10,[]
348,10,[]
363,12,[]
377,17,[]
397,17,[]
417,16,[]
436,17,[]
456,14,[]
473,13,[]
490,16,[]
511,17,[]
534,19,[]
559,19,[]
584,19,[]
609,18,[]
633,16,[]
654,76,[]
753,14,[]
774,20,[]
803,19,[]
831,13,[]
850,13,[]
869,15,[]
891,15,[]
913,22,[]
945,16,[]
969,15,[]
991,17,[]
1016,18,[]
1040,13,[]
1058,13,[]
1076,17,[]
1099,14,[]
1117,16,[]
1137,14,[]
1155,13,[]
1171,16,[]
1191,16,[]
1211,18,[]
1233,17,[]
1254,18,[]
1276,15,[]
1295,22,[]
1322,14,[]
1340,18,[]
1362,22,[]
1389,68,[]
1472,6,[]
1480,10,[]
1494,13,[]
1512,13,[]
1530,12,[]
1546,12,[]
1562,12,[]
1578,13,[]
1596,11,[]
1611,13,[]
1629,12,[]
1645,13,[]
1663,11,[]
1678,12,[]
1694,12,[]
1710,13,[]
1726,11,[]
1740,12,[]
1755,12,[]
1770,14,[]
1788,12,[]
1803,12,[]
1818,12,[]
1833,12,[]
1848,11,[]
1862,15,[]
1881,13,[]
1897,13,[]
1912,11,[]
1925,73,[]
2015,4,[]
2021,6,[]
2030,9,[]
2043,10,[]
2058,9,[]
2071,10,[]
2086,10,[]
2101,12,[]
2118,14,[]
2138,15,[]
2160,17,[]
2184,15,[]
2206,14,[]
2226,15,[]
2248,15,[]
2270,16,[]
2291,17,[]
2313,16,[]
2334,16,[]
2355,20,[]
2381,16,[]
2402,16,[]
2423,22,[]
2451,20,[]
2477,20,[]
2503,24,[]
2534,14,[]
2552,16,[]
2573,20,[]
2599,82,[]
2704,7,[]
2714,11,[]
2730,13,[]
2749,12,[]
2766,9,[]
2779,10,[]
2794,13,[]
2813,13,[]
2832,14,[]
2852,13,[]
2871,12,[]
2888,15,[]
2910,13,[]
2929,12,[]
2946,13,[]
2965,15,[]
2983,13,[]
3000,13,[]
3017,17,[]
3039,18,[]
3060,15,[]
3077,15,[]
3093,16,[]
3110,19,[]
3130,16,[]
3147,16,[]
3164,15,[]
3180,18,[]
3199,16,[]
3216,68,[]
3287,9,[]
3297,11,[]
3309,14,[]
3324,14,[]
3339,11,[]
3351,14,[]
3366,16,[]
3383,17,[]
3402,14,[]
3417,13,[]
3431,13,[]
3445,16,[]
3462,16,[0, 1, 2]
3479,13,[]
3493,16,[]
3510,18,[]
3529,14,[]
3544,15,[]
3560,17,[]
3578,18,[]
3597,14,[]
3612,18,[]
3631,16,[]
3648,16,[]
3665,13,[]
3679,19,[]
3699,14,[]
3714,15,[]
3730,16,[]
3747,71,[]
3821,7,[]
3829,12,[]
3842,11,[]
3854,14,[]
3869,14,[]
3884,11,[]
3896,13,[]
3910,17,[]
3929,16,[]
3946,14,[]
3961,12,[]
3974,15,[]
3990,16,[]
4007,16,[]
4024,12,[]
4037,15,[]
4053,13,[]
4068,17,[]
4087,17,[]
4106,18,[]
4126,18,[]
4146,12,[]
4159,16,[]
4176,13,[4, 5, 6, 7]
4190,16,[]
4208,17,[]
4227,15,[]
4244,17,[]
4263,15,[]
4280,71,[]
4358,8,[]
4368,11,[]
4381,13,[]
4396,17,[]
4416,16,[]
4435,18,[]
4456,14,[]
4472,15,[]
4490,14,[]
4506,17,[]
4526,15,[]
4544,13,[]
4559,15,[]
4577,16,[]
4596,13,[]
4611,14,[]
4627,16,[]
4645,14,[]
4661,12,[]
4675,13,[]
4690,12,[]
4704,15,[]
4721,14,[]
4737,13,[]
4752,13,[]
4767,17,[]
4786,15,[]
4803,15,[]
4820,17,[]
4839,75,[]
4921,6,[]
4928,11,[]
4941,15,[]
4959,10,[]
4971,13,[]
4986,15,[]
5004,15,[]
5022,15,[]
5040,14,[]
5056,16,[]
5076,14,[]
5094,15,[]
5114,12,[]
5130,15,[]
5150,15,[]
5170,16,[]
5189,12,[]
5204,14,[]
5221,14,[]
5238,17,[]
5259,14,[]
5276,14,[]
5293,14,[]
5310,16,[]
5329,13,[]
5345,14,[]
5362,13,[]
5378,16,[]
5397,14,[]
5414,81,[]
5510,6,[]
5518,11,[]
5532,12,[]
5548,13,[]
5565,11,[]
5579,13,[]
5596,12,[]
5612,15,[]
5632,15,[]
5652,16,[]
5673,16,[]
5694,19,[]
5719,14,[]
5737,15,[]
5757,16,[]
5778,16,[]
5797,12,[1, 2, 5, 6, 7]
5812,14,[]
5829,14,[]
5846,18,[]
5868,12,[]
5883,14,[]
5899,12,[]
5913,16,[]
5932,14,[]
5949,13,[]
5965,13,[]
5981,15,[]
5999,3,[]
0,45,[]
59,13,[]
78,12,[]
96,2,[]
99,14,[]
120,17,[]
145,17,[]
170,18,[]
197,17,[]
222,10,[]
237,17,[]
262,17,[]
287,16,[]
311,15,[]
333,17,[]
358,10,[]
373,19,[]
395,18,[]
416,18,[]
437,19,[13]
459,16,[]
478,6,[]
485,18,[]
506,18,[]
527,23,[]
557,11,[]
570,12,[6, 7, 8, 9, 10, 11]
584,9,[]
595,13,[]
610,12,[]
624,113,[]
771,10,[]
786,12,[]
804,6,[]
813,10,[]
828,9,[]
842,11,[]
858,14,[]
879,15,[]
901,6,[]
910,12,[]
928,13,[]
947,14,[]
968,13,[]
987,14,[]
1008,3,[]
1013,16,[]
1032,14,[]
1049,14,[]
1066,12,[]
1080,13,[]
1096,9,[]
1107,13,[]
1123,13,[]
1139,15,[]
1157,14,[]
1174,15,[]
1192,9,[]
1203,15,[]
1221,13,[]
1237,103,[]
1374,8,[]
1386,10,[]
1401,3,[]
1406,13,[]
1426,11,[]
1443,11,[]
1460,13,[]
1480,13,[]
1500,4,[]
1506,15,[]
1529,13,[]
1549,12,[]
1567,9,[]
1581,14,[]
1602,9,[]
1616,11,[]
1629,11,[]
1642,12,[]
1656,15,[]
1674,15,[]
1692,9,[]
1703,16,[]
1722,15,[]
1740,15,[]
1758,14,[]
1775,15,[]
1793,9,[]
1804,15,[]
1822,14,[]
1839,107,[]
1982,8,[]
1994,10,[]
2009,4,[]
2015,12,[]
2030,12,[]
2044,22,[]
2070,13,[]
2085,17,[]
2105,9,[]
2116,16,[]
2135,15,[]
2153,15,[]
2171,14,[]
2188,15,[]
2206,11,[]
2219,19,[]
2239,14,[]
2254,15,[]
2270,14,[]
2285,15,[2]
2301,9,[]
2311,17,[]
2329,17,[]
2347,15,[]
2363,13,[]
2377,14,[]
2392,11,[]
2404,15,[]
2420,14,[]
2435,107,[]
2553,8,[]
2563,11,[]
2576,4,[]
2581,12,[]
2595,15,[]
2613,13,[]
2628,15,[]
2646,15,[]
2664,8,[]
2674,16,[]
2693,14,[]
2710,23,[]
2737,19,[]
2759,15,[]
2777,8,[]
2787,18,[]
2806,16,[]
2823,16,[]
2840,15,[]
2856,16,[]
2873,12,[]
2886,18,[]
2905,15,[7, 8, 9]
2921,16,[]
2938,15,[]
2954,17,[]
2972,12,[]
2985,16,[]
3002,17,[3, 4, 5]
3020,103,[]
3134,9,[]
3145,12,[]
3159,4,[]
3164,14,[]
3181,15,[]
3199,16,[]
3218,14,[]
3235,15,[]
3253,10,[]
3265,15,[]
3283,14,[]
3300,16,[]
3319,14,[]
3336,14,[]
3353,9,[]
3364,16,[]
3381,15,[]
3397,25,[]
3424,16,[]
3441,20,[]
3462,9,[]
3472,15,[]
3488,15,[]
3504,17,[]
3522,15,[]
3538,16,[]
3555,11,[]
3567,15,[]
3583,15,[]
3599,102,[]
3712,8,[]
3722,11,[]
3735,8,[]
3745,12,[]
3759,13,[]
3774,13,[]
3789,12,[]
3803,14,[]
3820,8,[]
3830,15,[]
3848,14,[]
3865,13,[]
3880,11,[]
3893,14,[]
3910,12,[]
3924,15,[]
3940,12,[]
3953,13,[6]
3967,11,[]
3979,13,[]
3993,12,[]
4006,13,[]
4020,13,[]
4034,19,[]
4055,12,[]
4069,15,[]
4087,13,[]
4102,16,[]
4121,13,[]
4136,118,[]
4289,6,[]
4298,9,[]
4311,4,[]
4317,12,[]
4335,11,[]
4351,12,[]
4369,14,[]
4390,12,[]
4408,9,[]
4421,13,[]
4440,11,[]
4456,13,[]
4475,12,[]
4493,12,[]
4511,8,[]
4523,13,[]
4538,13,[]
4553,13,[]
4568,14,[]
4585,12,[]
4599,12,[]
4613,14,[]
4630,13,[]
4645,14,[]
4662,13,[]
4677,14,[]
4694,7,[]
4703,17,[]
4723,12,[]
4737,118,[]
4890,7,[]
4901,10,[]
4916,3,[]
4921,12,[]
4939,11,[]
4955,13,[]
4974,12,[]
4992,13,[]
5011,9,[]
5024,12,[]
5042,14,[]
5060,14,[]
5077,14,[]
5094,13,[]
5110,8,[]
5120,14,[]
5135,15,[]
5152,14,[]
5167,13,[]
5181,14,[2, 3]
5196,6,[]
5203,14,[]
5218,15,[]
5235,15,[]
5252,18,[]
5272,15,[]
5289,8,[]
5298,15,[]
5315,15,[]
5332,113,[]
5461,8,[]
5471,13,[]
5487,6,[]
5495,15,[]
5514,15,[]
5533,24,[]
5563,12,[]
5578,13,[]
5594,7,[]
5603,15,[]
5622,18,[]
5644,21,[]
5670,17,[]
5691,17,[]
5712,6,[]
5720,20,[]
5743,15,[]
5761,17,[]
5781,16,[]
5800,18,[]
5821,5,[]
5827,18,[]
5848,17,[]
5867,16,[]
5885,12,[]
5898,14,[]
5913,8,[]
5922,16,[]
5940,17,[]
0,28,[]
37,5,[]
45,11,[]
61,14,[]
82,8,[]
94,16,[]
118,8,[]
130,9,[]
144,14,[]
165,10,[]
180,9,[]
194,9,[]
208,11,[]
224,11,[]
240,8,[]
252,9,[]
266,10,[]
278,14,[]
295,17,[]
315,20,[]
338,15,[]
356,16,[]
375,23,[]
402,21,[]
427,20,[6, 7, 8, 9, 10, 11, 12]
450,22,[]
476,15,[]
494,18,[]
515,13,[]
530,22,[]
556,133,[]
729,19,[]
757,15,[]
779,6,[]
788,4,[]
794,9,[]
808,11,[]
824,8,[]
836,14,[]
857,10,[]
872,14,[]
893,9,[]
907,13,[]
926,14,[]
947,14,[]
968,14,[]
989,20,[]
1012,14,[]
1029,18,[]
1050,18,[]
1071,19,[]
1094,15,[]
1112,18,[]
1133,16,[]
1152,15,[]
1170,17,[]
1190,14,[]
1207,17,[]
1227,13,[]
1243,14,[]
1260,104,[]
1399,7,[]
1410,10,[]
1425,12,[]
1443,12,[]
1461,14,[]
1482,17,[]
1508,15,[]
1531,15,[]
1554,17,[]
1580,18,[]
1607,15,[]
1630,14,[]
1651,13,[]
1671,15,[]
1694,15,[]
1717,14,[]
1734,19,[]
1757,16,[]
1776,2,[]
1779,3,[]
1783,10,[]
1795,13,[8]
1811,4,[]
1816,3,[]
1820,2,[]
1823,2,[]
1826,2,[1]
1829,5,[1]
1835,2,[]
1838,134,[]
2017,1,[]
2019,1,[]
2021,1,[]
2023,1,[]
2025,12,[]
2041,32,[]
2083,15,[]
2103,22,[]
2132,7,[]
2141,22,[]
2170,22,[]
2199,20,[]
2225,19,[]
2250,23,[]
2280,19,[]
2305,22,[]
2332,8,[]
2341,13,[]
2356,10,[]
2367,14,[]
2383,16,[]
2401,16,[]
2419,23,[]
2447,21,[]
2472,16,[]
2490,17,[]
2509,14,[]
2525,15,[]
2542,13,[]
2557,91,[]
2666,7,[]
2675,11,[]
2690,12,[]
2706,11,[]
2721,11,[]
2736,9,[]
2748,9,[]
2760,11,[]
2775,15,[]
2795,15,[]
2815,15,[]
2835,10,[]
2848,11,[]
2863,11,[]
2878,11,[]
2893,13,[]
2908,10,[]
2919,12,[]
2933,12,[]
2947,7,[]
2955,10,[]
2966,12,[]
2980,13,[]
2995,17,[]
3014,14,[]
3030,7,[]
3038,12,[]
3052,15,[]
3069,20,[]
3092,108,[]
3226,6,[]
3235,10,[]
3249,13,[]
3267,16,[]
3289,14,[]
3309,8,[]
3320,20,[]
3348,16,[]
3370,19,[]
3396,11,[]
3411,19,[]
3437,18,[]
3462,12,[]
3479,21,[]
3508,23,[]
3540,20,[]
3565,18,[]
3588,12,[]
3602,19,[]
3626,21,[]
3653,17,[]
3675,19,[]
3699,20,[]
3724,18,[]
3747,18,[]
3770,17,[]
3792,20,[]
3815,21,[]
3839,21,[]
3863,85,[]
3969,14,[]
3989,19,[]
4015,18,[]
4040,20,[]
4068,17,[]
4092,19,[]
4118,20,[]
4146,23,[]
4178,18,[]
4203,21,[]
4232,22,[]
4262,22,[]
4292,19,[]
4318,12,[]
4335,26,[]
4371,22,[12, 13, 14, 15, 16, 17, 18, 19]
4396,12,[]
4410,50,[]
4472,25,[]
4500,30,[]
4534,16,[]
4552,18,[]
4573,22,[]
4598,22,[]
4623,15,[]
4640,16,[]
4658,18,[]
4679,17,[]
4699,15,[]
4716,79,[]
4814,6,[]
4823,7,[]
4833,10,[]
4847,13,[]
4865,12,[]
4882,11,[]
4897,13,[]
4915,11,[]
4930,12,[]
4947,13,[]
4965,12,[]
4982,13,[]
5000,11,[]
5015,12,[]
5032,14,[]
5052,14,[]
5069,12,[]
5083,12,[]
5097,12,[]
5111,13,[]
5127,12,[]
5141,6,[]
5148,10,[]
5160,8,[]
5170,9,[]
5181,7,[]
5190,10,[]
5202,11,[]
5215,26,[]
5250,99,[]
5382,2,[]
5385,3,[]
5390,4,[]
5396,8,[]
5408,14,[]
5429,8,[]
5441,10,[]
5456,15,[]
5479,10,[]
5494,9,[]
5508,10,[]
5523,15,[]
5546,13,[]
5566,15,[]
5589,12,[]
5607,15,[]
5625,15,[]
5643,19,[]
5666,16,[]
5685,16,[]
5704,16,[]
5723,11,[]
5736,18,[]
5757,22,[]
5787,16,[]
5806,18,[]
5830,8,[]
5840,10,[]
5852,13,[]
5868,78,[]
5972,2,[]
5975,3,[]
5980,2,[]
5983,5,[]
5991,8,[]
6003,5,[]
6011,6,[]
6020,4,[]
6026,4,[]
6032,3,[]
6037,4,[]
6043,9,[]
6057,5,[]
6064,2,[]
6067,27,[]
6102,4,[]
6107,8,[]
6116,7,[]
6124,1,[]
6126,12,[]
6140,58,[]
6210,3,[]
6214,3,[]
6218,37,[]
6263,24,[]
6292,8,[]
6301,19,[]
6322,5,[]
6328,11,[]
0,71,[]
93,4,[]
99,6,[]
108,17,[]
133,13,[]
152,11,[]
168,10,[]
183,6,[]
192,9,[]
206,15,[]
228,10,[]
243,8,[]
255,10,[]
270,15,[]
292,10,[]
307,12,[]
325,9,[]
336,12,[]
350,9,[]
361,15,[]
379,10,[]
391,10,[]
403,11,[]
416,10,[]
428,15,[]
446,13,[]
461,12,[5, 6, 7, 8, 9]
475,10,[]
487,14,[]
506,14,[]
525,209,[]
797,13,[]
816,12,[]
834,11,[]
850,8,[]
862,8,[]
874,11,[]
890,10,[]
905,15,[]
927,12,[]
945,15,[]
967,15,[]
989,14,[]
1010,16,[]
1033,12,[]
1050,15,[]
1071,15,[]
1088,15,[]
1107,13,[]
1122,15,[]
1139,14,[]
1155,16,[]
1174,14,[]
1190,14,[]
1206,15,[]
1223,14,[]
1239,17,[]
1259,13,[]
1274,17,[]
1294,13,[]
1309,149,[]
1497,6,[]
1506,9,[]
1519,11,[]
1535,10,[]
1549,13,[]
1568,4,[]
1574,14,[]
1594,10,[]
1608,9,[]
1621,10,[]
1635,9,[]
1648,9,[]
1661,10,[]
1675,6,[]
1684,15,[]
1705,15,[]
1722,13,[]
1737,11,[]
1750,13,[]
1765,15,[]
1782,10,[]
1794,11,[]
1807,10,[]
1819,15,[]
1836,14,[]
1852,13,[]
1867,14,[]
1883,17,[]
1903,14,[6]
1919,130,[]
2083,7,[]
2093,11,[]
2107,14,[]
2125,14,[]
2143,12,[]
2158,14,[]
2176,16,[]
2196,16,[]
2216,14,[]
2234,16,[]
2254,13,[]
2270,18,[]
2293,14,[]
2311,18,[]
2334,16,[]
2354,15,[]
2371,13,[]
2385,19,[]
2406,15,[]
2423,17,[]
2442,17,[]
2461,17,[]
2480,14,[]
2496,16,[]
2514,14,[]
2530,12,[]
2543,12,[]
2556,16,[]
2574,14,[]
2590,125,[]
2734,5,[]
2741,6,[]
2749,10,[]
2762,10,[]
2775,11,[]
2789,9,[]
2801,8,[]
2811,11,[]
2825,14,[]
2843,13,[]
2859,10,[]
2872,13,[]
2888,11,[]
2902,11,[]
2916,10,[]
2929,10,[]
2940,5,[]
2946,10,[5, 6, 7, 8, 9]
2957,15,[]
2974,13,[]
2988,12,[]
3001,16,[]
3019,14,[]
3035,16,[]
3053,14,[]
3069,4,[]
3074,19,[]
3095,17,[]
3117,15,[]
3135,132,[]
3315,8,[]
3328,10,[]
3344,11,[]
3361,12,[]
3380,4,[]
3387,12,[]
3406,17,[]
3433,14,[]
3455,13,[]
3476,13,[]
3497,12,[]
3516,14,[]
3538,14,[]
3560,3,[]
3565,13,[]
3586,18,[]
3608,12,[]
3623,12,[]
3638,15,[]
3656,12,[]
3671,13,[]
3687,13,[]
3703,11,[]
3716,13,[]
3732,15,[]
3750,13,[]
3766,15,[]
3784,14,[]
3801,12,[]
3816,133,[]
3997,3,[]
4002,7,[]
4013,8,[]
4026,9,[]
4040,8,[]
4053,8,[]
4066,10,[]
4082,11,[]
4099,14,[]
4118,12,[]
4133,11,[]
4146,12,[]
4160,17,[]
4180,12,[]
4194,12,[]
4208,14,[]
4223,12,[]
4236,15,[]
4252,10,[]
4263,12,[]
4276,13,[]
4290,11,[]
4302,12,[]
4315,12,[]
4328,19,[]
4349,12,[]
4362,10,[8]
4373,14,[]
4388,2,[]
4391,136,[]
4541,8,[]
4551,4,[]
4556,8,[]
4566,10,[]
4578,8,[]
4588,10,[]
4600,10,[]
4612,3,[]
4616,10,[]
4628,12,[]
4642,9,[]
4653,14,[]
4670,12,[]
4684,10,[]
4696,13,[]
4711,13,[]
4725,6,[]
4732,12,[]
4745,16,[]
4762,14,[]
4777,16,[]
4794,18,[]
4813,11,[]
4825,13,[]
4839,15,[]
4855,4,[]
4860,14,[]
4875,20,[]
4896,13,[]
4910,143,[]
5068,5,[]
5074,8,[]
5084,9,[0, 1, 2, 3]
5095,14,[]
5112,11,[]
5127,10,[]
5141,15,[]
5162,15,[]
5183,13,[]
5202,14,[]
5222,16,[]
5245,14,[]
5265,13,[]
5284,13,[]
5303,12,[]
5320,17,[]
5340,13,[]
5355,13,[]
5370,16,[]
5389,20,[]
5412,15,[]
5429,14,[]
5445,15,[]
5462,15,[]
5479,17,[]
5499,15,[]
5516,13,[]
5531,14,[]
5547,15,[]
5564,135,[]
5735,4,[]
5741,4,[]
5747,6,[]
5756,10,[]
5770,8,[]
5782,11,[]
5798,11,[]
5814,14,[]
5834,10,[]
5848,11,[]
5864,5,[]
5871,16,[]
5894,15,[]
5915,13,[]
5934,13,[]
5953,13,[]
5970,14,[]
5988,11,[]
6002,15,[]
6021,3,[]
6025,14,[]
6043,17,[]
6065,14,[]
6083,13,[]
6100,16,[]
6121,15,[]
6138,15,[]
6154,12,[]
6167,8,[]
0,29,[]
38,14,[]
59,10,[]
74,19,[]
102,26,[]
140,17,[]
165,24,[]
200,8,[]
212,16,[]
236,14,[]
257,13,[]
276,13,[]
295,9,[]
309,14,[]
330,16,[]
354,14,[]
375,15,[]
393,9,[]
404,14,[]
421,14,[]
438,16,[]
457,15,[]
475,4,[]
480,17,[]
500,14,[]
517,16,[]
536,14,[]
553,9,[]
564,15,[]
582,15,[]
600,66,[]
686,10,[]
701,4,[]
707,15,[]
729,9,[]
743,14,[]
764,14,[]
785,7,[]
796,12,[]
814,20,[]
843,10,[]
858,13,[]
877,9,[]
891,23,[]
925,13,[]
944,15,[]
966,16,[]
985,10,[]
997,13,[]
1012,13,[]
1028,12,[]
1043,17,[]
1064,8,[]
1074,18,[]
1096,16,[]
1115,16,[]
1134,18,[]
1156,7,[]
1165,18,[]
1187,16,[]
1206,75,[]
1308,10,[]
1324,4,[]
1331,15,[]
1355,13,[]
1376,17,[]
1403,13,[]
1424,8,[]
1437,20,[]
1468,24,[]
1505,16,[]
1530,14,[]
1552,12,[]
1571,15,[]
1595,15,[]
1619,16,[]
1644,14,[]
1661,6,[]
1669,15,[]
1687,16,[]
1706,13,[]
1722,16,[]
1741,6,[]
1749,13,[]
1765,13,[]
1781,14,[]
1798,14,[]
1815,13,[]
1831,14,[]
1848,14,[]
1865,82,[]
1977,6,[]
1987,4,[]
1994,11,[]
2011,11,[]
2028,12,[]
2045,14,[]
2064,7,[]
2074,17,[]
2097,12,[]
2113,15,[]
2133,13,[]
2151,11,[]
2166,13,[]
2184,13,[]
2202,13,[]
2220,14,[]
2236,11,[]
2249,23,[]
2278,20,[]
2303,16,[]
2321,18,[]
2341,10,[]
2353,18,[]
2373,17,[]
2392,13,[]
2407,17,[]
2426,6,[2, 3]
2433,16,[]
2451,15,[]
2468,86,[]
2573,6,[]
2581,4,[]
2587,12,[]
2603,15,[]
2623,16,[]
2645,15,[]
2665,12,[]
2681,17,[]
2704,14,[]
2723,15,[]
2743,14,[]
2762,14,[]
2781,15,[]
2801,15,[]
2821,15,[]
2841,18,[]
2861,5,[]
2867,17,[]
2886,16,[]
2904,18,[]
2924,16,[]
2942,13,[]
2957,17,[]
2976,16,[]
2994,18,[]
3014,15,[]
3031,8,[]
3040,19,[]
3062,15,[]
3079,86,[]
3184,9,[]
3196,5,[]
3203,14,[]
3222,14,[]
3241,14,[]
3260,19,[]
3286,9,[]
3298,18,[]
3322,15,[]
3342,17,[]
3365,16,[]
3387,6,[]
3395,17,[]
3418,18,[]
3442,18,[]
3466,17,[]
3485,5,[4]
3491,16,[2, 3, 4, 5]
3509,16,[]
3527,18,[]
3547,14,[]
3563,9,[]
3573,16,[]
3591,15,[]
3608,16,[]
3626,17,[]
3645,8,[]
3654,19,[]
3676,16,[]
3694,84,[]
3797,8,[]
3808,5,[]
3815,14,[]
3834,14,[]
3853,14,[]
3872,15,[]
3892,7,[]
3902,22,[]
3932,16,[]
3954,15,[]
3974,25,[]
4008,12,[]
4024,15,[]
4044,18,[]
4070,16,[]
4094,19,[]
4119,9,[]
4130,17,[9]
4150,16,[]
4169,16,[]
4188,27,[]
4220,10,[]
4232,14,[]
4249,17,[]
4269,13,[]
4285,16,[]
4304,12,[]
4318,13,[]
4334,16,[]
4353,78,[]
4456,9,[]
4470,6,[]
4479,14,[]
4500,16,[]
4524,14,[]
4545,18,[]
4572,5,[]
4580,17,[]
4605,16,[]
4629,18,[]
4656,16,[]
4680,4,[]
4686,21,[]
4717,15,[]
4739,15,[]
4761,20,[]
4788,9,[]
4799,18,[]
4823,19,[]
4848,17,[]
4871,16,[]
4892,9,[]
4903,18,[]
4927,21,[]
4955,15,[]
4975,19,[]
5000,9,[]
5011,17,[]
5034,17,[]
5057,73,[]
5147,10,[]
5160,4,[]
5166,17,[]
5188,17,[]
5210,26,[]
5244,15,[]
5264,10,[]
5277,17,[9, 10, 11, 12, 13, 14]
5299,30,[]
5338,16,[]
5359,17,[]
5381,7,[]
5390,19,[]
5415,22,[]
5443,16,[]
5464,17,[]
5483,9,[]
5493,17,[]
5512,16,[]
5530,16,[]
5548,14,[]
5564,10,[]
5575,23,[]
5601,22,[]
5625,17,[]
5644,19,[]
5665,10,[]
5676,19,[]
5697,21,[]
5720,82,[]
5817,9,[]
5829,5,[]
5836,14,[]
5854,16,[]
5875,16,[]
5896,15,[]
5916,11,[]
5930,16,[]
5951,22,[]
5979,16,[]
6000,18,[]
6023,8,[]
6034,19,[]
6059,14,[]
6078,17,[]
6101,16,[]
6119,5,[]
6125,15,[]
6142,19,[]
6164,16,[]
6182,18,[]
6202,5,[]
6208,17,[]
6227,16,[]
6245,17,[]
6264,15,[]
6281,8,[]
6290,18,[]
6312,19,[]
0,19,[]
25,4,[]
31,9,[]
45,12,[]
63,11,[]
79,12,[]
97,10,[]
112,17,[]
137,9,[]
151,9,[]
165,12,[]
183,10,[]
198,9,[]
212,10,[]
227,9,[]
241,10,[]
256,10,[]
269,10,[]
281,9,[]
292,13,[]
307,17,[]
327,20,[]
350,19,[]
372,19,[]
394,13,[]
409,12,[]
423,15,[]
441,20,[]
464,23,[]
491,20,[]
514,83,[]
622,14,[]
643,5,[]
651,4,[]
657,5,[]
665,11,[]
681,13,[]
700,13,[]
719,16,[]
743,14,[]
764,17,[]
789,12,[]
807,12,[]
825,16,[]
849,12,[]
867,16,[]
891,11,[]
904,11,[]
917,12,[]
931,12,[7]
945,15,[]
963,11,[]
976,16,[]
995,15,[]
1013,19,[]
1035,14,[]
1051,18,[]
1071,11,[]
1084,16,[]
1102,12,[]
1116,87,[]
1223,6,[]
1231,12,[1, 2, 3, 4, 5, 6, 7, 8]
1247,11,[]
1262,16,[]
1284,16,[]
1306,16,[]
1328,14,[]
1347,17,[]
1370,14,[]
1389,16,[]
1411,15,[]
1431,15,[]
1451,11,[]
1466,15,[]
1486,9,[]
1498,15,[]
1515,8,[]
1524,9,[]
1534,15,[]
1551,10,[]
1563,8,[]
1572,9,[]
1582,12,[]
1596,12,[]
1610,11,[]
1623,12,[]
1637,13,[]
1652,12,[]
1666,9,[]
1676,102,[]
1801,7,[]
1811,10,[]
1825,13,[]
1843,15,[]
1863,13,[]
1881,15,[]
1901,14,[]
1920,10,[]
1934,11,[]
1949,11,[]
1964,13,[]
1982,15,[]
2002,15,[]
2022,16,[]
2045,11,[]
2062,14,[]
2079,11,[]
2092,10,[]
2104,17,[]
2124,11,[]
2137,11,[]
2150,15,[]
2168,15,[]
2186,15,[]
2204,13,[]
2220,16,[]
2239,16,[]
2258,20,[]
2282,5,[]
2288,94,[]
2412,9,[]
2426,15,[]
2448,15,[]
2470,17,[]
2495,17,[]
2520,17,[]
2545,14,[]
2566,18,[]
2593,16,[]
2617,18,[]
2644,17,[]
2669,18,[]
2696,16,[]
2720,17,[]
2745,16,[]
2769,19,[]
2791,17,[]
2811,18,[]
2832,17,[]
2852,20,[]
2876,20,[]
2900,17,[]
2920,17,[]
2940,21,[]
2968,18,[]
2992,19,[]
3017,17,[]
3040,19,[]
3065,16,[]
3086,65,[]
3169,10,[]
3184,14,[]
3204,13,[]
3223,15,[]
3245,16,[]
3268,20,[]
3297,18,[]
3323,22,[]
3354,22,[]
3385,22,[]
3416,20,[]
3445,20,[]
3474,22,[]
3505,19,[]
3532,21,[]
3562,19,[]
3587,23,[]
3617,22,[]
3645,21,[]
3672,23,[]
3702,25,[]
3734,23,[]
3764,26,[]
3798,21,[]
3825,25,[]
3857,22,[]
3885,24,[]
3916,25,[]
3948,25,[]
3980,85,[]
4088,15,[]
4110,20,[]
4140,18,[]
4167,21,[]
4198,18,[]
4225,24,[]
4261,18,[]
4288,21,[]
4319,18,[]
4346,20,[]
4376,17,[]
4401,19,[]
4429,16,[]
4453,15,[]
4475,17,[]
4500,16,[]
4521,15,[]
4541,16,[]
4562,19,[]
4587,18,[]
4608,17,[]
4628,16,[]
4647,17,[]
4670,16,[]
4691,16,[]
4712,14,[]
4731,13,[]
4749,13,[]
4767,13,[]
4785,48,[]
4848,6,[]
4857,13,[]
4877,8,[]
4889,11,[]
4906,11,[]
4923,17,[]
4948,12,[]
4966,15,[]
4988,14,[]
5009,13,[]
5029,12,[]
5047,17,[]
5072,14,[]
5093,12,[]
5109,13,[]
5126,15,[]
5144,17,[]
5165,13,[]
5181,13,[]
5197,18,[]
5219,15,[2, 3]
5236,11,[]
5248,11,[]
5260,15,[]
5277,16,[]
5296,14,[]
5313,13,[]
5329,14,[]
5346,16,[]
5365,52,[]
5427,11,[]
5441,9,[]
5453,11,[]
5467,12,[]
5483,10,[]
5496,12,[]
5512,16,[]
5533,15,[]
5553,13,[]
5570,16,[]
5591,12,[]
5607,15,[]
5627,13,[]
5644,14,[]
5662,18,[]
5685,18,[]
5705,12,[]
5719,13,[]
5734,15,[13]
5751,13,[]
5766,14,[]
5782,14,[]
5798,13,[]
5813,13,[]
5828,12,[]
5842,10,[]
5853,10,[]
5864,11,[]
5876,12,[]
5890,68,[]
5971,8,[]
5982,11,[]
5996,13,[]
6013,15,[]
6033,17,[]
6055,18,[]
6078,19,[]
6103,21,[]
6130,18,[]
6153,17,[]
6175,19,[]
6200,17,[]
6222,20,[]
6248,19,[]
6273,20,[]
6299,16,[]
6317,16,[]
6336,17,[]
6355,17,[4, 5]
6374,17,[]
6393,16,[2]
6411,19,[]
6434,13,[]
6449,15,[]
6466,17,[]
6485,16,[]
6503,16,[]
6521,16,[]
6539,18,[]
0,25,[]
33,3,[]
38,13,[]
57,16,[]
81,15,[]
103,14,[]
124,12,[]
142,12,[]
160,13,[]
179,11,[]
195,12,[]
213,12,[]
231,12,[]
249,11,[]
265,12,[]
283,12,[]
301,11,[]
314,10,[]
326,11,[]
339,11,[]
352,10,[]
364,11,[]
377,13,[]
392,12,[]
406,12,[]
420,10,[]
432,11,[]
445,10,[]
457,10,[]
469,12,[]
483,54,[]
554,9,[]
568,11,[]
584,10,[]
599,10,[]
614,11,[]
630,10,[]
645,11,[]
661,13,[]
680,12,[]
698,12,[]
716,12,[]
734,12,[]
752,11,[]
768,12,[]
786,12,[]
804,12,[]
818,13,[]
833,13,[]
848,11,[]
861,11,[]
874,12,[]
888,12,[]
902,13,[]
917,14,[]
934,14,[]
951,14,[]
968,13,[]
983,14,[]
1000,11,[]
1013,55,[]
1086,10,[]
1101,12,[]
1119,14,[]
1140,12,[]
1158,9,[]
1172,11,[]
1189,13,[]
1209,14,[]
1230,15,[]
1252,16,[]
1276,12,[]
1294,13,[]
1314,13,[]
1334,12,[]
1352,14,[]
1373,15,[]
1391,16,[]
1410,17,[]
1430,16,[]
1449,16,[]
1468,15,[]
1486,14,[]
1503,12,[]
1517,12,[4, 5, 6, 7, 8, 9]
1531,15,[]
1549,14,[]
1566,13,[]
1582,13,[]
1598,13,[]
1614,45,[]
1673,8,[]
1685,11,[]
1702,11,[]
1719,12,[]
1737,12,[]
1755,13,[]
1775,13,[]
1795,13,[]
1815,12,[]
1833,12,[]
1851,12,[]
1869,12,[]
1887,12,[]
1905,14,[]
1926,13,[]
1946,12,[]
1960,14,[]
1977,14,[]
1994,13,[]
2010,15,[]
2028,12,[4]
2042,12,[]
2056,12,[]
2070,12,[]
2084,12,[]
2098,11,[]
2111,11,[]
2124,14,[]
2141,14,[]
2158,53,[]
2228,10,[]
2243,11,[]
2260,9,[]
2274,11,[]
2291,11,[]
2308,12,[]
2326,11,[]
2343,11,[]
2360,13,[]
2380,11,[]
2397,12,[]
2415,12,[]
2433,10,[]
2448,12,[]
2466,12,[]
2484,12,[]
2498,12,[]
2512,14,[]
2529,13,[]
2545,13,[]
2561,13,[]
2577,14,[]
2594,14,[]
2611,14,[]
2628,14,[]
2645,13,[10, 11, 12]
2661,12,[]
2675,13,[]
2691,14,[]
2708,53,[]
2778,14,[]
2799,16,[]
2823,16,[]
2847,20,[]
2877,19,[]
2905,18,[]
2932,17,[]
2957,17,[]
2982,17,[]
3007,15,[]
3029,14,[]
3049,14,[]
3068,13,[]
3086,12,[]
3102,13,[]
3120,15,[]
3137,13,[]
3152,13,[]
3167,14,[]
3183,14,[]
3199,15,[]
3216,13,[]
3231,13,[]
3246,16,[]
3264,14,[]
3280,14,[]
3296,13,[]
3311,13,[7]
3326,13,[]
3341,57,[]
3410,9,[]
3422,11,[]
3437,12,[]
3453,12,[]
3469,13,[]
3487,13,[]
3505,12,[]
3521,13,[]
3539,16,[]
3561,14,[]
3580,12,[]
3596,12,[]
3612,13,[]
3630,14,[]
3649,16,[]
3671,18,[]
3691,18,[]
3711,20,[]
3734,21,[]
3758,17,[]
3777,14,[]
3793,14,[9, 10]
3809,14,[]
3825,14,[]
3841,15,[]
3858,14,[]
3874,15,[]
3891,13,[]
3906,13,[]
3921,45,[]
3976,10,[]
3990,11,[]
4005,11,[]
4020,12,[]
4036,12,[]
4051,12,[]
4065,12,[]
4079,12,[]
4093,12,[]
4107,11,[]
4120,13,[]
4135,13,[]
4150,11,[]
4163,12,[]
4177,12,[]
4191,13,[]
4205,14,[]
4220,12,[]
4233,11,[]
4245,11,[]
4257,12,[]
4270,11,[9, 10]
4282,12,[1, 2]
4295,12,[]
4308,13,[]
4322,12,[]
4335,13,[]
4349,12,[]
4362,10,[]
4373,54,[]
4433,10,[]
4445,8,[]
4455,12,[]
4469,10,[]
4481,9,[]
4492,10,[]
4504,9,[]
4515,11,[]
4528,13,[]
4543,13,[]
4558,11,[]
4571,10,[]
4583,7,[]
4592,10,[]
4604,14,[]
4621,18,[]
4640,15,[]
4656,16,[]
4673,13,[]
4687,13,[]
4701,12,[]
4714,12,[]
4727,14,[]
4742,14,[]
4757,13,[]
4771,11,[]
4783,11,[]
4795,10,[]
4806,10,[]
4817,46,[]
4868,9,[]
4879,10,[]
4891,10,[]
4903,11,[]
4916,10,[]
4928,10,[]
4940,11,[]
4953,11,[]
4966,12,[]
4980,11,[1, 2, 3, 4, 5, 6]
4993,12,[]
5007,11,[]
5020,12,[]
5034,11,[]
5047,12,[]
5063,13,[]
5078,13,[]
5093,17,[]
5113,12,[]
5127,13,[]
5142,12,[]
5156,13,[]
5171,11,[]
5184,12,[]
5198,12,[]
5212,12,[]
5226,10,[]
5238,14,[]
5254,11,[]
0,14,[]
19,2,[]
22,5,[]
30,11,[]
46,8,[]
58,7,[]
69,4,[]
75,7,[]
86,7,[]
97,5,[]
105,12,[]
123,16,[]
147,20,[]
176,18,[]
203,13,[]
222,15,[]
244,6,[1]
251,14,[]
268,14,[]
285,15,[]
303,13,[]
318,5,[]
324,14,[]
341,19,[]
363,14,[]
380,10,[]
392,17,[]
412,16,[]
431,14,[]
448,15,[]
466,87,[]
580,1,[]
582,7,[]
593,8,[]
605,10,[]
620,10,[]
635,19,[]
663,18,[]
690,18,[]
717,18,[]
744,20,[]
773,13,[]
792,23,[]
826,22,[]
858,18,[]
885,22,[]
917,5,[]
923,20,[]
946,17,[]
966,19,[]
988,24,[]
1016,19,[15]
1037,13,[]
1051,18,[16]
1071,17,[]
1090,22,[9, 10, 11]
1114,15,[]
1130,22,[]
1154,18,[]
1174,22,[]
1198,90,[]
1299,12,[]
1314,5,[]
1320,18,[1, 2, 3, 4, 5, 6]
1342,20,[]
1366,19,[]
1389,10,[]
1401,21,[]
1426,23,[]
1454,23,[]
1482,23,[]
1510,6,[]
1518,22,[]
1544,23,[]
1572,21,[]
1597,21,[]
1622,22,[]
1646,11,[]
1658,19,[]
1679,21,[]
1702,23,[]
1727,6,[]
1734,20,[]
1756,19,[]
1777,21,[]
1800,19,[]
1821,24,[]
1847,7,[]
1855,38,[]
1898,16,[]
1915,86,[]
2012,1,[]
2014,15,[]
2032,17,[]
2054,20,[]
2081,10,[]
2095,20,[]
2122,23,[]
2153,22,[]
2182,19,[]
2207,27,[]
2243,14,[]
2262,29,[]
2301,28,[]
2338,24,[]
2370,23,[]
2401,11,[]
2414,26,[]
2446,12,[]
2460,23,[]
2488,10,[]
2500,25,[]
2531,8,[]
2540,21,[]
2564,10,[]
2576,24,[]
2606,8,[]
2615,24,[]
2645,8,[]
2654,24,[]
2684,67,[]
2766,16,[]
2788,8,[]
2799,19,[]
2824,6,[]
2832,16,[]
2854,8,[]
2865,19,[]
2890,12,[]
2906,20,[]
2933,10,[]
2947,21,[]
2975,11,[]
2990,20,[]
3017,9,[]
3029,19,[]
3054,7,[]
3062,19,[]
3083,11,[]
3096,19,[]
3117,7,[]
3125,18,[]
3145,11,[4, 5, 6, 7, 8, 9]
3158,20,[]
3181,8,[]
3190,22,[]
3217,11,[]
3230,21,[]
3256,9,[]
3266,22,[]
3293,61,[]
3367,16,[]
3389,8,[]
3400,18,[]
3424,6,[]
3432,19,[]
3457,10,[]
3471,26,[]
3506,9,[]
3518,22,[]
3547,6,[]
3555,19,[]
3580,7,[]
3590,18,[]
3614,6,[]
3622,23,[]
3653,5,[]
3659,22,[]
3686,7,[]
3694,21,[]
3720,9,[]
3730,22,[]
3757,5,[]
3763,23,[]
3791,9,[]
3801,15,[]
3818,7,[]
3826,16,[]
3844,9,[]
3854,15,[]
3871,50,[]
3932,10,[]
3946,8,[]
3957,17,[]
3980,6,[]
3988,14,[]
4007,7,[]
4017,26,[]
4052,17,[]
4075,9,[]
4087,17,[]
4110,6,[]
4118,23,[]
4149,4,[]
4155,20,[]
4182,9,[]
4194,20,[]
4219,9,[]
4229,24,[]
4259,10,[]
4271,17,[]
4292,9,[]
4302,22,[]
4329,9,[]
4339,16,[]
4357,6,[]
4364,20,[]
4389,7,[]
4397,17,[]
4416,5,[]
4422,46,[]
4478,4,[]
4484,19,[]
4509,21,[]
4537,6,[]
4545,12,[]
4561,6,[]
4569,13,[]
4587,10,[]
4601,19,[]
4626,22,[]
4655,12,[]
4671,14,[]
4690,17,[]
4713,21,[]
4741,7,[]
4751,6,[]
4758,23,[]
4786,11,[]
4799,25,[]
4830,13,[]
4845,15,[]
4862,25,[]
4893,14,[7, 8]
4909,25,[]
4937,22,[]
4964,16,[]
4982,17,[]
5003,16,[]
5023,17,[]
5042,41,[]
5092,2,[]
5095,4,[]
5100,17,[]
5120,9,[]
5131,20,[]
5154,7,[]
5162,17,[]
5182,17,[]
5202,7,[]
5210,19,[]
5232,10,[]
5244,22,[]
5269,10,[]
5281,21,[]
5305,9,[]
5316,9,[]
5326,25,[]
5353,9,[]
5363,24,[]
5389,20,[5, 6, 7, 8, 9, 10]
5410,6,[]
5417,22,[]
5440,6,[]
5447,25,[]
5474,8,[]
5483,27,[]
5513,4,[]
5518,9,[]
5528,26,[]
5556,31,[]
5590,12,[]
5604,23,[]
5630,4,[]
5635,19,[]
5657,6,[]
5664,23,[]
5690,14,[]
5706,24,[]
5733,22,[]
5758,19,[]
5780,12,[]
5794,13,[]
5809,22,[]
5834,12,[]
5848,23,[]
5874,13,[]
5888,4,[]
5893,18,[]
5913,18,[]
5933,18,[]
5953,17,[]
5971,6,[]
5978,11,[9, 10]
5990,12,[]
6003,7,[]
6011,13,[]
6025,17,[2, 12, 13, 14]
6043,8,[]
6052,17,[]
0,28,[]
37,3,[]
42,16,[]
66,22,[]
98,10,[]
113,17,[]
138,18,[]
165,13,[]
184,18,[]
211,4,[]
217,20,[]
246,21,[]
277,14,[]
298,13,[]
317,11,[]
333,15,[]
355,20,[]
378,16,[]
397,9,[]
408,3,[]
412,17,[]
432,15,[]
450,14,[]
467,17,[]
487,9,[]
498,14,[]
515,14,[]
532,13,[9, 10, 11]
547,15,[]
565,7,[]
574,118,[]
728,8,[]
740,8,[]
752,11,[]
768,1,[]
770,13,[]
789,12,[]
807,11,[]
823,12,[]
841,12,[]
859,14,[]
880,12,[]
898,13,[]
917,10,[]
932,17,[]
957,14,[]
978,13,[]
993,10,[]
1005,18,[]
1025,9,[7]
1035,14,[]
1050,13,[]
1064,17,[]
1083,8,[]
1092,17,[]
1111,14,[11]
1126,13,[]
1140,14,[]
1155,12,[]
1168,16,[]
1186,120,[]
1323,9,[]
1334,8,[]
1344,8,[]
1354,15,[]
1373,13,[]
1389,12,[]
1404,18,[]
1426,8,[]
1436,17,[]
1457,13,[]
1473,13,[]
1489,12,[]
1504,8,[]
1514,17,[]
1535,14,[]
1552,24,[]
1578,16,[]
1596,17,[]
1615,14,[]
1630,18,[]
1650,16,[]
1669,18,[]
1689,17,[]
1708,13,[]
1722,18,[]
1742,15,[]
1759,15,[]
1776,18,[]
1796,16,[]
1814,124,[]
1956,11,[]
1970,9,[]
1981,10,[]
1994,17,[]
2015,11,[]
2030,13,[]
2047,15,[]
2067,15,[]
2087,17,[]
2109,17,[]
2131,10,[]
2144,17,[]
2166,7,[]
2175,14,[]
2193,15,[]
2213,16,[]
2231,16,[]
2249,9,[]
2259,20,[]
2283,19,[]
2304,12,[]
2318,14,[]
2334,9,[]
2344,19,[]
2365,16,[]
2383,17,[]
2402,13,[]
2417,9,[]
2427,18,[5]
2447,131,[]
2603,5,[]
2610,4,[]
2616,12,[]
2632,14,[]
2650,14,[]
2668,13,[]
2685,12,[]
2701,9,[]
2713,15,[]
2733,17,[]
2755,15,[]
2775,12,[]
2791,16,[]
2812,17,[]
2834,14,[]
2852,13,[]
2867,7,[]
2875,17,[]
2894,13,[]
2909,18,[]
2931,16,[]
2951,13,[]
2966,17,[]
2985,17,[]
3004,14,[]
3020,16,[]
3038,8,[]
3047,18,[]
3069,19,[13, 14, 15, 16, 17, 18]
3090,131,[]
3246,7,[]
3255,4,[]
3261,14,[]
3279,14,[]
3297,13,[]
3314,11,[]
3329,10,[]
3342,13,[]
3359,18,[]
3383,11,[]
3398,17,[]
3420,9,[]
3432,16,[]
3453,16,[]
3474,16,[]
3495,14,[]
3511,7,[]
3519,22,[]
3544,14,[]
3560,16,[]
3580,14,[]
3596,9,[]
3606,19,[]
3629,18,[]
3649,16,[]
3667,18,[]
3687,11,[]
3700,19,[2, 3, 4, 5]
3721,11,[]
3734,129,[]
3888,7,[]
3897,5,[]
3904,12,[]
3920,16,[]
3941,12,[]
3957,13,[]
3974,8,[]
3985,17,[]
4007,13,[]
4024,14,[]
4045,17,[]
4071,8,[]
4083,13,[]
4103,16,[]
4127,17,[]
4153,18,[]
4177,7,[]
4186,15,[]
4204,15,[]
4224,17,[]
4244,7,[]
4253,20,[]
4277,17,[]
4297,15,[]
4315,13,[]
4331,14,[]
4348,8,[]
4358,13,[]
4374,19,[]
4397,127,[]
4566,1,[]
4568,6,[]
4577,9,[]
4591,10,[]
4606,11,[]
4623,7,[]
4634,12,[]
4652,11,[]
4669,11,[]
4686,15,[]
4709,7,[]
4720,19,[]
4749,14,[]
4770,12,[]
4788,14,[]
4809,5,[]
4815,14,[]
4832,16,[]
4851,15,[]
4869,17,[]
4889,9,[]
4900,17,[]
4920,14,[]
4937,16,[]
4956,13,[]
4972,8,[]
4982,17,[]
5002,15,[3, 4]
5020,15,[]
5038,119,[]
5186,1,[]
5188,5,[]
5195,7,[]
5204,11,[]
5219,9,[]
5231,6,[]
5239,9,[]
5251,10,[]
5264,8,[]
5275,7,[]
5284,16,[]
5305,12,[]
5321,13,[]
5338,12,[]
5354,14,[]
5372,10,[]
5383,14,[]
5399,12,[]
5413,17,[]
5432,14,[]
5448,7,[]
5456,21,[]
5481,17,[]
5500,13,[]
5515,20,[]
5539,9,[]
5549,19,[]
5570,18,[]
5590,15,[]
5607,121,[]
5751,1,[]
5753,6,[]
5761,5,[]
5768,11,[]
5783,7,[]
5792,11,[]
5807,11,[]
5822,11,[]
5837,11,[]
5852,6,[]
5860,13,[]
5877,14,[]
5895,12,[]
5911,18,[]
5935,8,[]
5946,18,[]
5968,13,[]
5983,15,[]
6000,8,[]
6009,21,[]
6032,17,[]
6051,14,[]
6067,12,[]
6081,14,[]
6097,7,[]
6105,15,[]
6122,15,[]
6139,17,[]
6158,12,[]
0,18,[]
24,6,[]
33,12,[]
51,14,[]
72,13,[]
91,11,[]
107,11,[]
123,12,[]
141,12,[]
159,12,[]
177,17,[]
202,13,[]
221,12,[]
239,14,[]
260,15,[]
282,11,[]
298,13,[]
315,13,[]
332,14,[]
351,14,[]
368,18,[]
389,13,[]
404,14,[]
421,15,[]
441,14,[]
460,12,[]
476,16,[]
497,14,[]
516,18,[]
540,12,[]
556,45,[]
615,7,[]
626,12,[]
644,12,[]
662,8,[]
674,13,[]
693,18,[]
720,15,[]
742,21,[]
773,18,[]
800,18,[]
827,16,[]
851,18,[]
878,16,[]
902,17,[]
927,14,[]
948,16,[]
969,21,[]
997,18,[]
1021,18,[]
1042,14,[]
1058,16,[]
1077,22,[]
1102,15,[]
1119,14,[]
1135,15,[]
1152,18,[]
1173,14,[]
1189,16,[]
1208,19,[]
1230,44,[]
1280,11,[]
1294,21,[]
1320,16,[]
1340,17,[]
1361,16,[]
1381,16,[]
1401,16,[]
1421,18,[]
1443,17,[]
1464,19,[]
1487,18,[]
1509,23,[]
1537,18,[]
1559,16,[]
1579,21,[]
1605,16,[]
1624,16,[]
1643,22,[]
1668,17,[]
1688,16,[]
1706,15,[]
1722,16,[]
1740,18,[]
1760,15,[]
1776,15,[]
1792,16,[]
1810,15,[]
1826,23,[]
1851,19,[]
1872,54,[]
1934,11,[]
1948,14,[]
1965,16,[]
1985,16,[]
2005,18,[]
2027,19,[]
2052,18,[]
2075,19,[]
2100,16,[]
2121,15,[]
2141,23,[]
2171,22,[]
2199,15,[]
2219,15,[]
2239,14,[]
2257,13,[]
2272,14,[]
2289,15,[]
2307,23,[]
2335,15,[]
2353,15,[]
2371,13,[]
2387,17,[]
2408,13,[]
2424,13,[]
2440,15,[]
2458,16,[]
2477,12,[]
2491,15,[]
2508,42,[]
2558,8,[]
2569,11,[]
2583,12,[]
2599,12,[]
2615,11,[]
2629,11,[]
2643,13,[]
2660,12,[]
2676,10,[]
2689,13,[]
2706,12,[]
2722,11,[]
2736,11,[]
2750,11,[]
2764,14,[]
2782,13,[]
2797,11,[]
2809,12,[]
2823,14,[]
2839,11,[]
2851,13,[]
2866,13,[]
2882,14,[]
2899,13,[]
2915,13,[]
2931,11,[]
2944,13,[]
2960,12,[]
2975,14,[]
2992,43,[]
3043,9,[]
3056,13,[]
3076,13,[]
3096,14,[]
3117,12,[]
3135,17,[]
3160,17,[]
3185,15,[]
3207,15,[]
3229,13,[]
3249,14,[]
3270,15,[]
3292,20,[]
3322,18,[]
3349,14,[]
3370,13,[]
3386,14,[]
3403,18,[]
3424,15,[]
3442,14,[]
3459,13,[]
3477,16,[]
3498,18,[]
3522,14,[]
3541,15,[]
3561,14,[]
3580,12,[]
3596,13,[]
3614,12,[]
3630,42,[]
3686,10,[]
3701,13,[]
3721,12,[]
3739,14,[]
3760,14,[]
3781,12,[]
3799,14,[]
3820,15,[]
3842,14,[]
3863,20,[]
3893,14,[]
3914,14,[]
3935,13,[]
3955,16,[]
3979,15,[]
4001,16,[]
4020,21,[]
4045,16,[]
4064,13,[]
4080,17,[]
4100,17,[]
4120,18,[]
4141,16,[]
4160,16,[]
4179,11,[]
4192,14,[]
4209,11,[]
4222,14,[]
4239,16,[]
4258,58,[]
4334,8,[]
4346,11,[]
4363,11,[]
4380,13,[]
4400,11,[]
4417,11,[]
4434,14,[]
4455,16,[]
4479,13,[]
4499,13,[]
4519,11,[]
4536,13,[]
4556,13,[]
4576,13,[]
4596,13,[]
4616,15,[]
4634,15,[]
4652,15,[]
4670,13,[]
4686,15,[]
4704,13,[]
4720,13,[]
4736,14,[]
4753,14,[]
4770,13,[]
4786,13,[]
4802,13,[]
4818,17,[]
4838,14,[]
4855,53,[]
4925,10,[]
4940,12,[]
4958,15,[]
4980,16,[]
5004,14,[]
5025,18,[]
5052,16,[]
5076,21,[]
5107,14,[]
5128,14,[]
5149,16,[]
5173,19,[]
5201,15,[]
5223,17,[]
5248,13,[]
5268,14,[]
5285,21,[]
5310,17,[]
5330,18,[]
5351,16,[]
5372,21,[]
5400,17,[]
5423,14,[]
5442,17,[]
5465,13,[]
5483,19,[]
5508,12,[]
5524,13,[]
5542,12,[]
5558,46,[]
5619,11,[]
5636,12,[]
5654,14,[]
5675,20,[]
5705,15,[]
5727,6,[]
5736,19,[]
5764,23,[]
5798,16,[]
5822,7,[]
5833,19,[]
5861,16,[]
5885,17,[]
5910,10,[]
5925,21,[]
5956,9,[]
5967,15,[]
5987,15,[]
6007,17,[]
6030,15,[]
6050,14,[]
6069,8,[]
6078,20,[]
6101,4,[]
6106,20,[]
6128,10,[]
6139,27,[]
6169,4,[]
6174,19,[1, 2, 3, 4, 5]
0,43,[]
56,12,[]
74,13,[]
93,17,[]
118,14,[]
139,15,[]
161,14,[]
182,14,[]
203,16,[]
227,15,[]
249,15,[]
271,12,[]
289,14,[]
310,14,[]
331,17,[]
356,19,[]
384,18,[]
408,16,[]
429,14,[]
446,15,[]
464,15,[]
482,19,[]
504,22,[]
530,21,[]
555,22,[]
584,26,[]
618,23,[]
648,20,[]
674,23,[]
704,21,[]
732,75,[]
830,18,[]
857,20,[]
886,20,[]
915,10,[]
930,14,[]
951,19,[]
979,17,[]
1004,18,[]
1027,14,[]
1045,18,[]
1068,17,[]
1090,17,[]
1112,17,[]
1134,16,[]
1155,18,[]
1178,16,[]
1197,16,[]
1215,12,[]
1229,15,[11]
1246,17,[]
1267,14,[]
1283,14,[]
1299,16,[15]
1317,18,[]
1339,18,[]
1361,16,[]
1379,13,[]
1394,17,[]
1415,13,[]
1431,65,[]
1508,9,[]
1520,14,[]
1538,12,[]
1554,12,[]
1570,13,[]
1587,11,[]
1601,12,[]
1617,14,[]
1635,11,[]
1649,12,[]
1665,15,[]
1685,13,[]
1702,10,[]
1715,14,[]
1733,12,[]
1749,13,[]
1764,13,[]
1779,15,[]
1797,14,[]
1814,13,[]
1829,12,[]
1843,13,[]
1858,13,[]
1873,13,[]
1888,15,[]
1906,15,[]
1924,12,[]
1938,13,[]
1953,15,[]
1970,59,[]
2040,9,[]
2052,9,[]
2065,15,[]
2087,13,[]
2106,15,[]
2128,13,[]
2147,13,[]
2166,12,[]
2183,12,[]
2200,15,[]
2222,13,[]
2241,15,[]
2263,14,[]
2283,14,[]
2303,12,[]
2320,17,[]
2340,17,[]
2362,15,[]
2380,13,[]
2395,14,[]
2413,14,[]
2431,14,[]
2447,13,[]
2462,16,[]
2481,16,[]
2500,15,[]
2518,13,[]
2533,15,[]
2551,16,[]
2572,63,[]
2653,8,[]
2665,10,[]
2680,13,[]
2699,13,[]
2718,12,[]
2735,12,[]
2752,13,[]
2771,15,[]
2793,14,[]
2813,14,[]
2833,17,[]
2857,16,[]
2880,17,[]
2904,13,[]
2923,15,[]
2945,15,[]
2963,14,[]
2981,16,[]
3002,13,[]
3017,16,[]
3036,14,[]
3052,16,[]
3070,14,[]
3085,14,[6, 7, 8, 9, 10]
3100,16,[]
3118,19,[]
3140,17,[]
3160,14,[]
3175,13,[]
3189,64,[]
3262,7,[]
3271,12,[]
3286,12,[]
3301,13,[]
3317,12,[]
3332,14,[]
3349,13,[]
3365,12,[]
3380,12,[]
3395,13,[]
3411,14,[]
3428,14,[]
3445,12,[]
3460,14,[]
3477,14,[]
3494,13,[]
3509,14,[]
3525,14,[]
3541,13,[]
3556,14,[]
3572,13,[]
3586,12,[]
3599,13,[]
3613,12,[]
3626,18,[]
3646,14,[]
3661,13,[]
3675,14,[]
3690,10,[]
3701,76,[]
3787,4,[]
3792,7,[]
3801,9,[]
3812,11,[]
3826,11,[]
3840,11,[]
3854,12,[]
3869,12,[]
3884,13,[]
3900,12,[]
3915,11,[]
3929,11,[]
3943,21,[]
3969,20,[]
3993,16,[]
4013,17,[]
4033,14,[]
4049,13,[]
4064,16,[]
4083,18,[]
4105,20,[]
4129,17,[]
4150,16,[]
4169,14,[]
4186,16,[]
4205,21,[]
4230,14,[]
4246,19,[]
4269,18,[]
4291,50,[]
4350,11,[]
4364,11,[]
4378,14,[]
4396,15,[]
4416,12,[]
4432,13,[]
4449,15,[]
4469,15,[]
4489,13,[]
4506,12,[]
4522,13,[]
4539,15,[]
4559,15,[]
4579,9,[]
4591,14,[]
4609,17,[]
4628,11,[]
4640,9,[]
4650,12,[]
4664,13,[]
4679,13,[]
4694,13,[]
4709,13,[]
4724,10,[]
4735,11,[]
4747,11,[]
4759,13,[]
4774,9,[]
4784,9,[1, 2, 3]
4794,77,[]
4885,4,[]
4891,8,[]
4902,10,[]
4915,13,[]
4932,13,[]
4949,13,[]
4966,10,[]
4979,11,[]
4993,11,[]
5007,13,[]
5024,14,[]
5042,14,[]
5060,11,[]
5074,14,[]
5092,16,[]
5113,15,[]
5130,15,[]
5147,14,[]
5163,14,[]
5179,16,[]
5197,17,[]
5218,15,[]
5236,15,[]
5254,16,[]
5272,15,[]
5289,13,[]
5304,16,[7]
5322,16,[]
5340,15,[]
5357,69,[]
5439,9,[]
5451,16,[]
5472,15,[]
5492,15,[]
5512,15,[]
5532,18,[]
5555,17,[]
5577,15,[]
5597,13,[]
5614,16,[]
5635,15,[]
5655,13,[]
5672,18,[]
5695,16,[]
5716,16,[]
5737,14,[]
5753,16,[]
5771,16,[10]
5789,15,[]
5806,18,[]
5826,15,[]
5844,13,[2, 3, 4, 5]
5859,11,[]
5871,14,[]
5887,17,[]
5906,14,[]
5922,12,[]
5936,16,[]
5954,16,[]
0,28,[]
37,6,[]
46,8,[]
58,9,[]
72,10,[]
87,9,[]
101,13,[]
120,15,[]
142,19,[]
170,12,[]
188,11,[]
204,11,[]
220,14,[]
241,12,[]
259,11,[]
275,11,[]
291,11,[]
304,11,[]
317,9,[5, 6, 7, 8]
328,12,[]
342,11,[]
355,11,[]
368,10,[]
380,9,[]
391,8,[]
401,10,[]
413,10,[]
425,17,[]
445,18,[]
466,13,[]
481,62,[]
562,8,[]
574,10,[]
589,11,[]
605,8,[]
617,10,[]
632,14,[]
653,12,[]
671,16,[]
695,13,[]
714,15,[]
736,13,[]
755,12,[]
773,13,[]
792,12,[]
810,12,[]
828,14,[]
845,13,[]
860,12,[]
874,13,[]
889,12,[]
903,14,[]
920,14,[]
937,15,[]
955,16,[]
974,12,[]
988,14,[]
1005,14,[]
1022,14,[]
1039,15,[]
1057,64,[]
1141,11,[]
1158,13,[]
1178,12,[]
1196,15,[]
1218,12,[]
1236,14,[]
1257,13,[]
1277,15,[]
1299,13,[]
1319,15,[]
1341,14,[]
1362,13,[]
1382,16,[]
1406,14,[]
1427,14,[]
1448,17,[]
1471,14,[]
1490,15,[]
1510,14,[]
1529,14,[]
1548,14,[]
1567,15,[]
1587,19,[]
1612,16,[]
1633,17,[]
1656,17,[]
1679,16,[]
1700,17,[]
1723,18,[]
1747,56,[]
1821,13,[]
1841,14,[]
1862,15,[]
1884,17,[]
1909,14,[]
1930,16,[]
1954,14,[]
1975,18,[]
2002,16,[]
2026,14,[]
2046,17,[]
2070,15,[]
2092,14,[]
2112,14,[]
2132,14,[]
2152,13,[]
2169,14,[]
2187,15,[]
2207,13,[]
2224,24,[]
2255,16,[]
2276,14,[]
2294,14,[]
2312,14,[]
2330,18,[]
2353,17,[]
2375,14,[]
2393,18,[]
2416,14,[]
2434,52,[]
2501,13,[]
2520,10,[]
2535,14,[]
2555,16,[]
2578,17,[]
2602,15,[]
2624,12,[]
2641,15,[]
2663,13,[]
2682,16,[]
2705,12,[]
2722,16,[]
2745,18,[]
2771,15,[]
2793,13,[]
2812,17,[]
2832,15,[]
2850,15,[]
2868,13,[]
2883,17,[]
2903,14,[]
2919,14,[]
2935,14,[]
2951,14,[]
2967,14,[]
2985,14,[]
3003,15,[]
3023,15,[]
3043,14,[]
3062,58,[]
3138,11,[]
3155,11,[]
3172,12,[]
3190,12,[]
3208,13,[]
3228,15,[]
3250,14,[]
3271,14,[]
3292,14,[]
3313,14,[]
3334,14,[]
3355,14,[]
3376,14,[]
3397,14,[]
3418,14,[]
3439,14,[]
3456,14,[]
3473,14,[]
3490,14,[]
3507,13,[]
3523,13,[]
3539,12,[]
3553,14,[]
3570,17,[]
3590,13,[]
3606,16,[4, 5]
3625,14,[]
3642,14,[]
3659,17,[]
3679,64,[]
3763,11,[]
3780,14,[]
3801,13,[]
3821,14,[]
3842,12,[]
3860,15,[]
3882,14,[]
3903,12,[]
3921,12,[]
3939,16,[]
3963,13,[]
3983,13,[]
4003,15,[]
4025,14,[]
4046,14,[]
4066,14,[]
4082,14,[]
4098,15,[]
4115,15,[]
4132,15,[]
4149,15,[]
4166,15,[]
4183,13,[]
4198,15,[]
4215,13,[]
4230,14,[]
4246,16,[]
4264,15,[]
4281,14,[]
4297,72,[]
4385,8,[]
4396,22,[]
4426,19,[]
4452,15,[]
4472,15,[]
4492,18,[]
4516,17,[]
4539,15,[]
4559,17,[]
4582,17,[]
4605,17,[]
4628,14,[]
4647,15,[]
4667,18,[]
4691,17,[]
4714,14,[]
4730,18,[]
4750,16,[]
4768,16,[]
4786,17,[]
4805,17,[15]
4824,16,[]
4842,18,[]
4862,15,[]
4879,18,[]
4899,15,[]
4916,16,[]
4934,18,[]
4954,14,[]
4970,63,[]
5047,12,[]
5064,11,[]
5080,14,[]
5100,14,[]
5120,13,[]
5139,15,[]
5161,16,[]
5184,15,[]
5206,15,[]
5228,15,[]
5250,15,[]
5272,16,[]
5295,12,[]
5312,17,[]
5336,16,[]
5359,14,[]
5375,16,[]
5394,16,[]
5413,15,[]
5431,14,[]
5447,16,[]
5466,16,[]
5485,14,[6]
5501,16,[]
5520,12,[]
5534,14,[]
5550,17,[]
5570,14,[]
5586,16,[]
5605,71,[]
5696,10,[]
5711,12,[]
5728,13,[]
5747,12,[]
5764,16,[]
5787,11,[]
5803,17,[]
5827,12,[]
5844,13,[]
5863,12,[]
5880,14,[]
5900,17,[]
5924,15,[]
5946,13,[]
5965,15,[]
5987,13,[]
6002,15,[]
6020,13,[]
6035,13,[]
6050,15,[]
6068,13,[]
6084,15,[]
6102,13,[]
6118,15,[]
6136,13,[]
6152,13,[]
6170,15,[]
6190,12,[]
6206,13,[]
0,29,[]
38,3,[]
43,9,[]
57,14,[]
78,15,[]
100,14,[]
121,15,[]
143,9,[]
157,14,[]
178,13,[]
197,15,[]
219,11,[]
235,13,[]
254,12,[]
272,17,[]
297,15,[]
319,17,[]
339,13,[]
354,25,[]
383,21,[]
408,25,[3, 4]
437,21,[16, 17]
462,23,[]
489,16,[]
508,15,[]
526,16,[]
545,18,[]
566,16,[]
585,19,[]
610,18,[]
634,86,[]
746,13,[]
765,15,[]
787,18,[]
814,13,[]
833,24,[]
868,22,[]
900,21,[]
931,21,[]
962,22,[]
994,19,[]
1022,21,[]
1053,20,[]
1083,17,[]
1108,23,[]
1142,19,[]
1170,22,[]
1199,18,[]
1223,19,[]
1248,20,[]
1275,21,[]
1303,19,[]
1328,18,[]
1352,19,[]
1377,20,[]
1404,19,[]
1429,18,[]
1450,18,[]
1474,19,[]
1496,17,[11, 12, 13]
1516,82,[]
1624,9,[]
1638,10,[]
1653,15,[]
1675,16,[]
1699,25,[]
1736,18,[]
1763,19,[]
1791,17,[]
1816,18,[]
1843,16,[]
1867,18,[]
1894,17,[]
1919,15,[]
1941,20,[]
1971,15,[]
1993,14,[]
2010,15,[]
2028,15,[5, 6]
2045,14,[]
2061,15,[]
2077,12,[]
2090,17,[]
2109,17,[]
2128,16,[]
2146,13,[]
2160,13,[]
2174,12,[]
2187,17,[13, 14, 15, 16]
2206,14,[1]
2221,71,[]
2302,7,[]
2311,9,[]
2322,10,[]
2334,13,[]
2350,13,[]
2366,15,[]
2384,13,[]
2400,15,[]
2418,12,[]
2433,15,[]
2451,11,[]
2465,13,[]
2481,13,[]
2497,14,[]
2514,13,[]
2530,13,[]
2544,12,[]
2557,13,[]
2571,12,[]
2584,14,[]
2599,11,[]
2611,13,[]
2625,13,[]
2639,15,[]
2655,13,[]
2669,14,[]
2685,12,[]
2698,14,[]
2713,11,[]
2725,71,[]
2806,7,[]
2815,10,[]
2827,10,[]
2839,11,[]
2853,18,[]
2875,12,[]
2890,14,[]
2907,16,[]
2927,13,[]
2943,14,[]
2960,13,[]
2976,14,[]
2993,13,[]
3009,14,[]
3026,13,[]
3042,13,[]
3057,13,[]
3072,12,[]
3086,13,[]
3102,13,[]
3118,12,[]
3132,15,[]
3150,12,[]
3164,14,[]
3181,13,[]
3197,15,[9, 10, 11, 12, 13, 14]
3215,14,[]
3232,17,[]
3252,14,[]
3269,81,[]
3376,8,[]
3388,10,[]
3403,10,[]
3418,14,[]
3439,15,[]
3461,16,[]
3485,14,[]
3506,17,[]
3531,15,[]
3553,15,[]
3575,15,[]
3597,16,[]
3621,15,[]
3643,17,[]
3668,15,[]
3690,16,[]
3709,15,[]
3727,17,[]
3747,16,[]
3766,15,[]
3784,15,[]
3802,16,[]
3821,14,[]
3838,14,[]
3855,12,[]
3869,17,[]
3889,14,[]
3906,16,[]
3925,13,[]
3941,81,[]
4048,9,[]
4062,12,[]
4080,14,[]
4101,15,[]
4123,20,[]
4153,18,[]
4180,17,[]
4205,19,[]
4233,16,[]
4257,17,[]
4282,17,[]
4307,17,[]
4332,15,[]
4354,17,[]
4379,18,[]
4406,18,[]
4430,16,[]
4451,17,[]
4474,15,[]
4494,15,[]
4512,16,[]
4533,15,[]
4553,16,[]
4574,17,[]
4597,17,[]
4620,15,[]
4640,14,[]
4657,13,[]
4673,15,[]
4691,73,[]
4787,6,[]
4796,9,[]
4810,9,[]
4824,13,[]
4844,14,[]
4865,14,[]
4886,12,[]
4904,15,[]
4926,10,[]
4941,13,[]
4961,12,[]
4979,14,[]
5000,12,[]
5018,13,[]
5038,13,[]
5058,15,[]
5075,14,[]
5091,14,[]
5106,12,[]
5119,15,[]
5135,13,[]
5149,18,[]
5169,16,[14]
5187,14,[]
5202,16,[]
5220,14,[]
5235,15,[11, 12]
5251,15,[]
5267,13,[]
5281,74,[]
5365,5,[]
5371,7,[]
5380,8,[]
5390,12,[]
5405,15,[]
5423,14,[]
5440,12,[]
5455,12,[]
5470,14,[]
5487,13,[]
5503,11,[]
5517,13,[]
5533,13,[]
5549,16,[]
5569,13,[]
5585,15,[]
5601,13,[3]
5615,15,[]
5631,13,[]
5645,15,[]
5661,14,[]
5676,13,[]
5690,16,[]
5708,15,[]
5724,13,[]
5738,17,[]
5757,16,[]
5775,18,[]
5795,15,[]
5811,84,[]
5906,5,[]
5912,8,[]
5922,10,[]
5934,13,[]
5950,16,[]
5970,9,[]
5981,12,[]
5996,11,[]
6010,12,[]
6025,14,[]
6042,14,[]
6059,14,[]
6076,13,[]
6092,13,[]
6108,14,[]
6125,17,[]
6144,14,[]
6159,16,[]
6177,14,[]
6192,15,[]
6208,13,[]
6222,13,[]
6236,13,[]
6250,16,[]
6268,14,[]
6283,14,[]
6298,12,[]
6311,15,[]
6328,13,[]
0,33,[]
43,3,[]
48,6,[]
57,11,[]
73,11,[]
89,14,[]
110,13,[]
129,12,[]
147,11,[]
163,14,[]
184,16,[]
208,9,[]
222,9,[]
236,9,[]
250,10,[]
265,16,[]
289,18,[]
310,17,[]
330,18,[2]
351,17,[]
371,14,[]
388,16,[]
407,16,[]
426,18,[]
447,20,[]
470,21,[15]
495,15,[]
513,15,[]
531,17,[]
554,17,[]
577,77,[]
678,15,[]
700,11,[]
716,15,[]
738,9,[]
752,15,[]
774,17,[]
799,16,[]
823,16,[]
847,14,[]
868,16,[]
892,17,[]
917,18,[]
944,18,[]
971,18,[]
998,18,[]
1025,19,[]
1047,19,[]
1069,19,[]
1091,18,[]
1112,16,[]
1131,19,[]
1153,14,[1, 2, 3]
1169,17,[]
1189,15,[]
1206,17,[]
1226,16,[]
1245,15,[]
1261,18,[]
1281,15,[]
1297,75,[]
1382,7,[]
1391,12,[]
1406,12,[]
1421,17,[]
1442,15,[]
1460,13,[]
1476,12,[]
1491,13,[]
1507,12,[]
1522,14,[]
1539,15,[]
1557,16,[]
1577,13,[]
1593,12,[]
1608,12,[]
1623,11,[]
1635,10,[]
1646,13,[]
1660,10,[]
1671,14,[]
1686,13,[]
1700,11,[]
1712,11,[]
1724,12,[]
1737,14,[]
1752,15,[]
1768,16,[]
1786,17,[]
1805,13,[]
1819,91,[]
1922,4,[]
1927,7,[]
1936,11,[1, 2, 3, 4, 5, 6, 7]
1950,14,[]
1967,14,[]
1984,18,[]
2006,17,[]
2027,18,[]
2051,17,[]
2075,16,[]
2098,15,[]
2120,15,[]
2142,15,[]
2164,15,[]
2186,15,[]
2208,15,[]
2228,18,[]
2251,16,[]
2272,16,[]
2293,15,[]
2313,16,[]
2334,17,[]
2356,19,[]
2381,18,[]
2404,19,[]
2429,17,[]
2451,15,[]
2471,16,[]
2492,17,[]
2512,59,[]
2587,6,[]
2596,10,[]
2611,13,[]
2630,16,[]
2653,14,[]
2673,15,[]
2695,14,[]
2715,16,[]
2738,12,[]
2755,15,[]
2777,16,[]
2800,16,[]
2823,17,[]
2847,15,[]
2869,16,[]
2892,16,[]
2913,14,[]
2931,16,[]
2952,16,[]
2973,18,[]
2996,16,[]
3017,17,[]
3039,17,[]
3060,18,[]
3082,17,[]
3103,14,[]
3121,13,[]
3136,18,[]
3156,14,[]
3172,57,[]
3242,9,[]
3254,12,[]
3270,12,[]
3286,13,[]
3304,15,[]
3324,15,[]
3344,15,[]
3364,16,[]
3386,14,[]
3405,15,[]
3425,13,[]
3443,16,[]
3465,14,[]
3484,15,[]
3504,13,[]
3522,15,[]
3539,17,[]
3558,17,[]
3577,14,[]
3593,17,[]
3614,15,[]
3633,17,[]
3654,18,[]
3676,17,[]
3697,19,[]
3721,16,[]
3741,14,[]
3759,14,[]
3777,15,[]
3796,40,[]
3845,14,[]
3864,12,[]
3880,14,[]
3899,14,[]
3918,15,[]
3938,15,[]
3958,13,[]
3976,13,[]
3994,15,[]
4014,13,[]
4032,13,[]
4050,17,[]
4072,17,[]
4093,14,[]
4110,13,[]
4126,19,[]
4148,15,[]
4165,15,[]
4182,14,[]
4198,18,[]
4219,13,[]
4234,14,[]
4250,17,[]
4270,15,[]
4287,13,[]
4302,15,[]
4319,14,[]
4335,14,[]
4351,14,[]
4367,64,[]
4440,8,[]
4450,11,[]
4464,9,[]
4475,11,[]
4489,9,[]
4500,12,[]
4515,11,[]
4529,10,[]
4541,12,[]
4556,14,[]
4573,12,[]
4588,13,[]
4604,13,[]
4620,14,[]
4637,12,[]
4652,15,[]
4668,11,[]
4680,13,[]
4695,13,[]
4710,15,[]
4727,14,[]
4743,18,[]
4764,16,[]
4783,17,[]
4803,16,[]
4822,15,[]
4839,15,[]
4856,17,[]
4876,13,[]
4891,73,[]
4974,8,[]
4984,12,[]
4999,12,[]
5014,15,[]
5032,15,[]
5050,15,[]
5068,11,[]
5083,15,[]
5105,14,[]
5125,15,[]
5147,15,[]
5169,13,[]
5188,14,[]
5208,14,[]
5228,14,[]
5248,18,[]
5269,15,[]
5287,14,[]
5303,15,[]
5321,18,[]
5342,16,[]
5363,13,[]
5380,14,[]
5398,15,[]
5418,14,[]
5436,14,[]
5454,15,[]
5474,14,[]
5492,14,[]
5510,64,[]
5592,10,[]
5607,12,[]
5624,14,[]
5644,15,[]
5666,13,[]
5685,13,[]
5704,14,[]
5724,16,[]
5747,15,[]
5769,15,[]
5791,15,[]
5813,16,[]
5836,14,[]
5856,16,[]
5879,16,[]
5902,17,[]
5924,14,[]
5942,13,[]
5959,14,[]
5977,15,[]
5997,17,[]
6019,17,[]
6041,16,[]
6062,17,[]
6084,17,[]
6106,17,[]
6128,17,[]
6150,18,[]
6173,17,[]
0,44,[]
58,8,[]
70,14,[]
91,14,[]
112,8,[]
124,17,[]
149,16,[]
173,15,[]
195,17,[]
220,16,[]
244,7,[]
255,15,[]
277,18,[]
304,16,[]
328,7,[]
339,15,[]
361,17,[]
381,15,[]
399,17,[]
419,12,[4, 5, 6]
433,20,[7, 8]
456,18,[]
477,20,[]
500,9,[]
511,23,[16, 17, 18]
538,9,[]
549,17,[]
569,17,[]
589,19,[]
611,10,[]
623,122,[]
782,16,[]
806,18,[]
833,18,[]
860,9,[]
874,9,[]
888,16,[]
912,16,[]
936,17,[]
961,9,[]
975,17,[]
1000,19,[]
1028,19,[]
1051,19,[]
1074,11,[]
1088,22,[]
1115,19,[]
1137,17,[]
1157,17,[]
1176,16,[]
1194,12,[]
1207,16,[]
1225,21,[]
1248,22,[12, 13, 14, 15, 16, 17, 18, 19]
1273,5,[]
1279,16,[]
1297,18,[]
1317,18,[]
1337,19,[]
1358,15,[]
1374,83,[]
1468,10,[]
1480,14,[]
1497,15,[]
1515,9,[]
1526,17,[]
1547,16,[]
1567,16,[]
1587,14,[]
1604,15,[]
1622,12,[]
1637,13,[]
1653,14,[]
1670,16,[]
1690,11,[]
1704,14,[]
1721,16,[]
1739,13,[]
1753,15,[]
1769,11,[]
1781,16,[]
1799,14,[]
1814,16,[]
1832,12,[]
1845,16,[15]
1863,13,[]
1877,14,[]
1892,14,[]
1907,15,[]
1923,11,[]
1935,91,[]
2038,8,[]
2049,11,[]
2065,9,[]
2079,11,[]
2096,14,[]
2117,13,[]
2137,14,[]
2158,14,[]
2179,12,[]
2197,14,[]
2218,15,[]
2240,15,[]
2262,13,[]
2282,10,[]
2297,14,[]
2318,14,[]
2335,14,[]
2352,13,[]
2368,16,[]
2387,9,[]
2398,15,[]
2416,13,[]
2432,17,[]
2452,9,[]
2463,15,[]
2481,15,[]
2499,13,[]
2515,14,[]
2532,13,[]
2548,105,[]
2686,6,[]
2695,10,[]
2710,13,[]
2730,6,[]
2739,12,[]
2757,16,[]
2781,11,[]
2798,17,[]
2823,14,[]
2844,13,[]
2864,13,[]
2884,29,[]
2927,22,[]
2960,8,[]
2972,19,[]
3000,18,[]
3021,16,[]
3040,20,[]
3063,6,[]
3070,17,[]
3089,19,[]
3111,18,[]
3132,18,[]
3153,18,[]
3174,9,[]
3184,19,[]
3206,19,[]
3228,17,[]
3248,9,[]
3258,68,[]
3335,14,[]
3352,15,[]
3370,16,[]
3390,16,[]
3410,10,[]
3422,16,[]
3442,17,[]
3463,18,[]
3485,11,[]
3499,19,[]
3522,17,[]
3543,20,[]
3567,16,[]
3587,8,[]
3597,18,[]
3619,21,[6]
3642,17,[]
3661,18,[]
3681,18,[]
3701,9,[]
3711,17,[]
3730,16,[]
3748,18,[]
3768,7,[]
3776,19,[]
3797,15,[]
3813,17,[]
3832,15,[]
3848,19,[16]
3869,81,[]
3961,5,[]
3967,9,[]
3978,11,[]
3992,9,[]
4003,13,[]
4019,14,[]
4036,11,[]
4050,14,[]
4067,14,[]
4084,8,[]
4094,15,[]
4112,15,[]
4130,14,[]
4147,7,[]
4156,15,[]
4174,14,[]
4189,12,[]
4202,15,[]
4218,12,[]
4231,18,[]
4251,13,[]
4265,14,[]
4280,13,[]
4294,16,[]
4312,12,[]
4325,14,[]
4340,16,[]
4358,18,[17]
4378,7,[]
4386,85,[]
4483,8,[]
4493,11,[]
4507,11,[]
4521,13,[]
4537,10,[]
4549,13,[]
4565,14,[]
4582,16,[]
4602,11,[]
4616,13,[]
4632,15,[]
4650,15,[]
4668,13,[]
4684,17,[]
4705,7,[]
4714,17,[]
4733,17,[]
4752,13,[]
4766,20,[]
4788,8,[]
4797,17,[]
4816,11,[]
4828,16,[]
4846,9,[]
4856,14,[]
4871,13,[]
4885,16,[]
4903,12,[]
4916,17,[]
4935,95,[]
5043,5,[]
5049,9,[]
5060,11,[]
5074,10,[]
5086,12,[]
5101,16,[]
5121,12,[]
5136,17,[]
5157,16,[]
5177,7,[]
5186,12,[]
5201,16,[]
5221,13,[]
5237,10,[]
5249,11,[]
5263,16,[]
5281,13,[]
5295,18,[]
5315,6,[]
5322,19,[]
5343,13,[]
5357,19,[]
5378,15,[]
5394,17,[]
5413,8,[]
5422,18,[]
5442,12,[]
5455,14,[]
5470,9,[]
5480,98,[]
5591,6,[]
5599,10,[]
5611,11,[]
5625,10,[]
5637,12,[]
5652,14,[]
5669,14,[]
5686,17,[]
5707,7,[]
5716,17,[]
5737,14,[]
5754,17,[]
5775,13,[]
5791,15,[]
5809,9,[]
5820,18,[]
5840,17,[13, 14, 15]
5859,20,[]
5881,16,[]
5899,8,[]
5908,20,[]
5930,17,[]
5949,20,[]
5972,8,[]
5981,18,[]
6001,19,[]
6022,14,[]
6038,16,[]
6056,10,[]
0,33,[]
43,7,[]
54,13,[]
73,15,[]
95,17,[]
120,16,[]
144,24,[]
179,17,[]
204,15,[]
226,11,[]
242,16,[]
266,16,[]
290,17,[]
315,12,[]
333,13,[]
352,14,[]
373,16,[]
392,14,[]
409,14,[]
426,12,[]
440,13,[]
455,12,[]
469,19,[]
491,16,[4, 5, 6]
510,18,[]
531,18,[]
552,13,[]
567,13,[]
582,17,[]
602,15,[]
620,82,[]
727,15,[]
749,11,[]
765,6,[]
774,8,[]
786,8,[]
798,15,[]
820,10,[]
835,15,[]
857,14,[]
878,16,[]
902,14,[]
923,16,[]
947,17,[]
972,17,[]
997,7,[]
1008,18,[]
1028,21,[]
1054,18,[]
1074,18,[]
1096,18,[]
1118,19,[]
1142,20,[]
1167,18,[]
1189,20,[]
1214,18,[]
1236,17,[]
1257,11,[]
1270,23,[]
1299,12,[]
1313,67,[]
1395,11,[]
1410,16,[]
1432,14,[]
1451,15,[]
1471,15,[]
1491,18,[]
1515,18,[]
1539,20,[]
1566,12,[]
1582,22,[]
1612,15,[]
1632,15,[]
1652,17,[]
1675,17,[]
1698,14,[]
1717,15,[]
1734,16,[]
1752,17,[]
1771,16,[]
1789,17,[]
1808,12,[]
1822,17,[]
1841,16,[]
1859,17,[]
1878,14,[]
1894,17,[]
1913,16,[2, 3, 4, 5, 6]
1931,18,[]
1951,13,[]
1966,68,[]
2049,8,[]
2060,14,[]
2079,6,[]
2087,15,[]
2107,15,[]
2127,17,[]
2150,14,[]
2169,18,[]
2193,15,[]
2213,14,[]
2232,14,[]
2251,15,[]
2271,15,[]
2291,16,[]
2313,11,[]
2328,21,[]
2354,17,[]
2373,23,[]
2399,15,[]
2416,16,[]
2434,13,[]
2449,14,[]
2465,15,[]
2482,16,[]
2500,13,[]
2515,16,[]
2533,12,[]
2547,17,[]
2566,18,[]
2586,69,[]
2671,9,[]
2683,14,[]
2702,14,[]
2721,17,[]
2744,15,[]
2764,15,[]
2784,17,[]
2807,18,[]
2831,11,[]
2846,19,[]
2872,9,[]
2884,23,[]
2915,15,[]
2935,16,[]
2957,15,[]
2977,17,[]
2996,16,[]
3014,17,[]
3033,17,[]
3054,19,[]
3079,12,[10, 11]
3093,21,[]
3120,19,[]
3145,19,[]
3170,19,[]
3195,20,[]
3221,18,[]
3244,18,[]
3267,18,[]
3290,63,[]
3371,10,[]
3386,13,[]
3405,6,[]
3414,17,[]
3438,14,[]
3458,16,[]
3481,17,[]
3505,16,[]
3528,14,[]
3548,15,[]
3570,15,[]
3592,16,[]
3615,15,[]
3637,15,[]
3659,13,[]
3678,18,[]
3699,17,[]
3719,13,[]
3734,17,[]
3754,14,[]
3770,14,[]
3786,14,[]
3802,13,[]
3817,13,[]
3832,12,[]
3846,12,[]
3860,15,[]
3878,14,[]
3894,12,[]
3908,72,[]
4000,8,[]
4012,13,[]
4031,13,[]
4050,15,[]
4072,14,[]
4093,14,[]
4114,14,[]
4135,14,[]
4156,12,[]
4174,15,[]
4196,17,[]
4221,14,[]
4242,14,[]
4263,17,[]
4288,14,[]
4309,14,[]
4326,13,[]
4342,17,[]
4362,14,[]
4379,15,[]
4397,8,[]
4407,16,[]
4426,17,[]
4446,14,[]
4463,13,[]
4479,13,[]
4495,14,[]
4512,14,[]
4529,14,[]
4546,63,[]
4629,8,[]
4641,12,[]
4659,6,[]
4668,15,[]
4690,13,[]
4710,14,[]
4731,14,[]
4752,14,[]
4773,14,[]
4794,15,[]
4816,15,[]
4838,15,[]
4860,15,[]
4882,15,[]
4904,12,[]
4922,20,[]
4946,15,[]
4964,15,[]
4982,13,[]
4998,13,[]
5014,14,[]
5031,14,[]
5048,13,[]
5064,13,[]
5080,14,[]
5097,14,[]
5114,14,[]
5131,15,[]
5149,17,[]
5169,72,[]
5264,9,[]
5278,13,[]
5298,14,[]
5319,14,[]
5340,13,[0, 1, 2, 3, 4, 5, 6, 7]
5360,14,[]
5381,12,[]
5399,15,[]
5421,10,[]
5436,20,[]
5466,16,[]
5490,18,[]
5517,16,[]
5541,16,[]
5565,16,[]
5589,14,[]
5606,14,[]
5623,18,[]
5644,17,[]
5664,17,[]
5684,12,[]
5698,19,[]
5720,20,[]
5747,10,[]
5759,20,[]
5786,16,[]
5805,15,[]
5823,16,[]
5842,16,[]
5861,62,[]
5943,9,[]
5957,12,[]
5975,6,[]
5984,17,[]
6009,18,[]
6036,14,[]
6057,15,[]
6079,15,[]
6101,13,[]
6121,13,[]
6141,14,[]
6162,16,[]
6186,15,[]
6208,14,[]
6229,12,[]
6247,20,[]
6271,5,[]
6277,17,[]
6300,16,[]
6319,15,[]
6337,15,[]
6355,15,[]
6373,14,[]
6390,16,[]
6409,13,[]
6425,15,[]
6443,13,[]
6459,15,[]
6477,15,[]
0,41,[]
54,1,[]
56,10,[]
71,10,[]
86,14,[]
107,13,[]
126,10,[]
141,14,[]
162,10,[]
177,16,[]
201,14,[]
222,16,[]
246,20,[]
275,13,[]
294,10,[]
309,13,[]
328,11,[]
341,16,[]
360,12,[]
374,12,[]
388,13,[]
403,10,[]
415,14,[]
432,13,[]
447,14,[]
464,15,[]
482,10,[]
494,10,[]
506,13,[]
521,15,[]
539,120,[]
695,11,[]
711,7,[]
722,12,[]
740,2,[]
743,7,[]
754,10,[]
769,15,[]
791,15,[]
813,12,[]
831,14,[]
852,9,[]
866,17,[]
891,8,[]
903,15,[]
925,13,[]
944,12,[]
958,11,[]
971,17,[]
991,11,[]
1004,20,[]
1027,11,[]
1040,13,[]
1055,16,[]
1074,14,[]
1091,17,[]
1111,16,[]
1130,12,[]
1144,20,[]
1167,11,[]
1180,120,[]
1335,5,[]
1343,12,[]
1361,15,[]
1383,10,[]
1398,13,[]
1417,12,[]
1435,15,[]
1457,9,[]
1470,9,[]
1483,17,[]
1508,15,[]
1530,11,[]
1546,15,[]
1568,14,[]
1589,17,[]
1614,14,[]
1631,13,[]
1646,15,[]
1664,15,[]
1682,13,[]
1697,15,[]
1715,14,[]
1732,21,[]
1757,10,[]
1769,15,[]
1787,16,[]
1806,18,[]
1827,14,[]
1844,18,[]
1865,121,[]
2022,3,[]
2026,17,[]
2047,11,[]
2061,17,[]
2082,14,[]
2099,11,[]
2113,16,[]
2133,14,[3, 4, 5, 6, 7, 8]
2150,18,[]
2172,16,[]
2192,16,[]
2212,17,[]
2233,14,[]
2250,13,[]
2266,17,[]
2287,15,[]
2304,16,[]
2322,14,[]
2337,17,[]
2356,14,[]
2371,19,[]
2392,20,[]
2414,16,[]
2432,13,[]
2446,19,[]
2467,17,[]
2486,19,[]
2507,15,[]
2524,16,[]
2542,120,[]
2679,4,[]
2684,12,[]
2699,12,[]
2714,16,[]
2734,16,[]
2754,13,[]
2770,15,[]
2789,16,[]
2809,13,[]
2825,14,[]
2842,14,[]
2859,18,[]
2881,15,[]
2900,15,[]
2919,16,[]
2939,13,[]
2953,16,[]
2971,25,[]
2998,14,[]
3013,12,[5]
3026,13,[]
3041,12,[8, 9]
3055,14,[]
3071,20,[]
3094,17,[]
3114,19,[]
3136,13,[]
3151,14,[]
3167,15,[]
3184,118,[]
3331,5,[]
3338,13,[]
3356,13,[]
3374,14,[]
3394,13,[]
3412,18,[]
3437,15,[]
3458,17,[]
3482,14,[]
3502,14,[]
3522,13,[]
3540,12,[]
3557,15,[]
3578,14,[]
3598,19,[]
3624,11,[]
3637,17,[]
3657,15,[]
3674,17,[]
3694,14,[]
3710,17,[]
3730,15,[]
3747,18,[]
3768,14,[]
3784,15,[]
3801,14,[]
3817,15,[]
3834,14,[3, 4]
3850,16,[]
3868,106,[]
4000,3,[]
4005,9,[]
4018,8,[]
4029,9,[]
4041,8,[]
4051,8,[]
4061,9,[]
4072,11,[]
4086,14,[]
4103,11,[]
4117,13,[]
4133,12,[]
4148,19,[]
4171,12,[]
4186,15,[]
4205,13,[]
4219,12,[]
4232,15,[]
4249,12,[]
4262,14,[]
4278,17,[]
4298,14,[]
4314,14,[10, 11, 12, 13]
4330,14,[]
4346,12,[]
4359,17,[]
4378,14,[]
4393,13,[]
4407,12,[]
4420,108,[]
4544,2,[]
4547,6,[]
4555,9,[]
4566,9,[]
4577,11,[]
4591,11,[]
4605,11,[]
4619,19,[]
4642,13,[]
4658,12,[]
4673,14,[]
4690,16,[]
4710,12,[]
4725,16,[]
4745,14,[]
4762,14,[]
4777,12,[]
4790,15,[]
4807,16,[]
4825,18,[]
4845,16,[]
4863,14,[]
4878,13,[]
4892,15,[]
4909,16,[]
4927,17,[]
4946,17,[]
4965,20,[]
4987,12,[]
5000,113,[]
5129,4,[]
5135,14,[]
5155,11,[]
5170,7,[]
5180,10,[]
5194,10,[]
5208,8,[]
5219,12,[]
5236,15,[]
5257,14,[]
5277,14,[]
5297,16,[]
5319,13,[]
5337,14,[]
5357,12,[]
5374,15,[]
5391,13,[]
5406,16,[]
5424,15,[]
5441,17,[]
5461,12,[]
5475,14,[]
5491,15,[]
5508,17,[]
5528,15,[]
5545,16,[]
5563,13,[]
5578,16,[]
5596,16,[]
5614,110,[]
5751,2,[]
5754,10,[]
5768,8,[]
5779,11,[]
5794,9,[]
5807,10,[]
5821,14,[]
5841,13,[]
5859,9,[]
5872,11,[]
5887,9,[]
5900,15,[]
5921,14,[]
5941,10,[]
5955,13,[]
5973,13,[]
5988,14,[]
6004,12,[]
6018,10,[]
6030,13,[]
6045,13,[]
6060,12,[]
6074,11,[]
6087,13,[]
6102,13,[]
6117,15,[7, 8, 9, 10, 11, 12]
6134,12,[]
6148,11,[]
6161,13,[]
0,60,[]
78,15,[]
100,16,[]
124,3,[]
129,13,[]
148,18,[]
175,19,[]
203,16,[]
227,20,[]
256,17,[]
281,15,[]
303,18,[]
330,19,[]
358,17,[]
383,19,[]
411,25,[]
448,15,[]
468,15,[]
488,15,[]
508,15,[]
528,17,[]
551,16,[]
572,17,[]
595,18,[]
619,16,[]
640,19,[]
665,16,[]
686,18,[]
710,17,[]
733,21,[]
761,96,[]
886,17,[]
911,18,[]
938,21,[]
969,16,[]
993,14,[]
1014,17,[]
1039,16,[]
1063,17,[]
1088,15,[]
1110,15,[]
1132,16,[]
1156,12,[]
1174,13,[]
1194,15,[]
1216,16,[]
1240,16,[]
1261,17,[]
1284,16,[]
1305,16,[]
1326,16,[]
1347,13,[]
1365,15,[]
1385,16,[]
1406,19,[]
1431,20,[]
1458,18,[]
1482,18,[]
1506,20,[]
1533,18,[]
1557,66,[]
1644,13,[]
1664,14,[]
1685,16,[]
1709,16,[]
1733,15,[]
1755,15,[]
1777,19,[]
1805,15,[]
1827,12,[]
1845,14,[]
1866,15,[]
1888,17,[]
1913,16,[]
1937,14,[]
1958,19,[]
1986,15,[]
2006,14,[]
2025,19,[]
2049,15,[]
2067,15,[]
2085,17,[]
2106,18,[]
2128,19,[]
2151,19,[]
2174,20,[]
2198,17,[]
2219,16,[]
2238,16,[]
2257,14,[]
2274,44,[]
2326,11,[]
2340,13,[]
2357,16,[]
2378,14,[]
2396,16,[]
2417,16,[]
2438,16,[]
2459,15,[]
2479,14,[]
2497,13,[]
2514,11,[]
2528,14,[]
2546,11,[]
2560,13,[]
2577,17,[]
2599,14,[]
2616,15,[]
2634,18,[]
2656,12,[]
2671,13,[]
2687,13,[]
2703,15,[]
2721,16,[]
2740,15,[]
2758,14,[]
2775,16,[]
2794,14,[]
2811,20,[]
2835,16,[]
2854,46,[]
2909,15,[]
2929,19,[]
2954,21,[]
2981,17,[]
3003,17,[]
3025,14,[]
3043,17,[]
3065,15,[]
3085,17,[]
3107,17,[]
3129,16,[]
3150,18,[]
3173,15,[]
3193,16,[]
3214,15,[]
3234,16,[]
3253,15,[]
3271,13,[]
3287,15,[]
3305,17,[]
3326,16,[]
3345,21,[]
3370,14,[]
3387,15,[]
3405,15,[]
3423,16,[]
3442,14,[]
3459,15,[]
3477,15,[]
3495,60,[]
3566,9,[]
3578,12,[]
3594,11,[]
3608,14,[]
3626,15,[]
3646,16,[]
3667,20,[]
3693,16,[]
3714,15,[]
3734,15,[]
3754,13,[]
3771,14,[]
3789,12,[]
3805,14,[]
3823,12,[]
3839,15,[]
3857,14,[]
3874,15,[]
3892,12,[]
3907,14,[]
3924,17,[]
3945,16,[8, 9, 10, 11, 12, 13]
3964,14,[]
3981,14,[]
3998,14,[]
4015,16,[]
4034,17,[]
4055,19,[]
4079,18,[]
4101,63,[]
4178,9,[]
4190,11,[]
4205,8,[]
4216,9,[]
4228,9,[]
4240,9,[]
4252,11,[]
4267,10,[]
4281,14,[]
4300,13,[]
4318,12,[]
4334,12,[]
4350,13,[]
4368,11,[]
4383,14,[]
4402,12,[4, 5, 6, 7]
4417,15,[]
4436,16,[]
4456,16,[]
4476,13,[]
4492,15,[]
4511,14,[]
4529,16,[]
4549,18,[]
4571,16,[]
4591,16,[]
4611,16,[]
4631,16,[]
4651,16,[]
4671,62,[]
4747,8,[]
4758,10,[]
4772,11,[]
4787,14,[]
4806,11,[]
4821,10,[]
4835,13,[]
4853,12,[]
4869,12,[]
4885,20,[]
4912,14,[]
4931,12,[]
4947,15,[]
4967,14,[]
4986,16,[]
5008,18,[]
5030,17,[]
5051,18,[]
5073,15,[]
5091,15,[]
5109,16,[]
5128,17,[]
5149,16,[]
5168,15,[]
5186,16,[]
5205,17,[]
5226,17,[]
5247,18,[]
5269,17,[]
5290,46,[]
5345,14,[]
5363,3,[]
5367,15,[]
5387,14,[]
5405,12,[]
5421,11,[]
5435,12,[]
5451,15,[]
5471,14,[]
5489,14,[]
5507,13,[]
5524,12,[]
5540,13,[]
5557,13,[]
5574,16,[]
5595,13,[]
5611,13,[]
5627,13,[]
5643,13,[]
5659,13,[]
5675,14,[]
5692,16,[]
5711,13,[]
5727,15,[]
5745,15,[]
5763,16,[]
5782,14,[]
5799,15,[]
5817,19,[]
5840,46,[]
5895,7,[]
5904,9,[]
5916,11,[]
5930,10,[]
5943,13,[]
5960,11,[]
5974,11,[]
5988,12,[]
6004,11,[]
6018,10,[]
6031,11,[]
6045,10,[]
6058,12,[]
6074,10,[]
6087,13,[]
6104,11,[]
6117,11,[]
6130,12,[]
6145,14,[]
6162,13,[]
6178,15,[]
6196,14,[]
6213,15,[]
6231,16,[]
6250,15,[]
6268,15,[]
6286,12,[]
6301,13,[]
6317,14,[]
0,72,[]
94,1,[]
96,2,[]
99,2,[]
102,1,[]
104,19,[]
132,5,[]
140,6,[]
149,2,[]
152,3,[]
157,4,[]
163,19,[]
191,16,[]
215,9,[]
229,13,[]
248,4,[]
254,5,[]
260,4,[]
265,13,[]
280,4,[]
285,5,[]
291,11,[]
304,21,[12, 13, 14, 15, 16, 17, 18]
329,8,[]
339,16,[]
358,34,[]
398,4,[]
403,13,[]
418,13,[]
433,36,[]
475,272,[]
829,4,[]
835,16,[]
859,2,[]
862,11,[]
878,4,[]
884,3,[]
889,8,[]
901,16,[]
925,13,[]
944,12,[]
962,24,[]
997,11,[]
1013,21,[]
1047,8,[]
1060,30,[]
1108,9,[]
1119,14,[]
1136,16,[]
1156,29,[]
1197,7,[]
1206,23,[]
1238,8,[]
1248,8,[]
1258,9,[]
1269,16,[]
1289,17,[]
1310,19,[]
1333,48,[]
1400,19,[]
1427,150,[]
1636,1,[]
1638,1,[]
1640,1,[]
1642,1,[]
1644,14,[]
1667,8,[]
1680,6,[]
1690,18,[]
1719,5,[]
1727,22,[]
1762,4,[]
1769,43,[]
1838,7,[]
1850,33,[]
1903,6,[]
1913,6,[]
1921,22,[]
1948,6,[]
1956,8,[]
1966,11,[]
1980,15,[]
1998,18,[]
2020,29,[]
2061,7,[]
2070,5,[]
2076,21,[]
2106,7,[]
2115,13,[]
2131,16,[]
2151,175,[]
2395,1,[]
2397,5,[]
2405,4,[]
2412,4,[]
2419,11,[]
2437,4,[]
2444,5,[]
2452,2,[]
2456,15,[]
2480,6,[]
2490,7,[]
2502,10,[]
2518,9,[]
2533,22,[]
2568,8,[]
2581,19,[]
2604,11,[8, 9, 10]
2618,29,[]
2653,8,[]
2663,19,[]
2686,12,[]
2701,12,[]
2716,16,[]
2736,14,[]
2753,18,[]
2775,14,[]
2792,22,[]
2819,4,[]
2824,16,[]
2844,183,[]
3099,1,[]
3101,8,[]
3114,6,[]
3124,4,[]
3131,8,[]
3144,13,[]
3165,6,[]
3175,8,[]
3188,7,[]
3200,9,[]
3215,13,[]
3236,6,[]
3246,16,[]
3272,9,[]
3287,7,[]
3299,10,[]
3311,20,[]
3335,9,[]
3346,9,[]
3357,26,[]
3394,9,[]
3405,12,[10, 11]
3420,14,[]
3437,11,[]
3451,16,[]
3471,20,[]
3495,3,[]
3499,6,[]
3507,18,[]
3529,178,[]
3777,5,[]
3785,3,[]
3790,5,[]
3798,5,[]
3806,3,[]
3811,5,[]
3819,16,[]
3845,15,[]
3869,7,[]
3881,7,[]
3893,9,[]
3908,9,[]
3923,9,[]
3938,24,[]
3977,8,[]
3990,22,[]
4017,16,[5, 6, 7, 8, 9, 10]
4037,3,[]
4041,15,[]
4059,9,[]
4070,8,[]
4080,11,[]
4094,12,[]
4109,13,[]
4125,18,[]
4146,36,[]
4194,7,[]
4203,21,[]
4228,7,[]
4237,144,[]
4429,1,[]
4431,8,[]
4443,2,[]
4446,4,[]
4452,14,[]
4473,6,[]
4482,8,[]
4494,9,[]
4508,18,[]
4535,6,[]
4544,7,[]
4555,9,[]
4569,19,[]
4598,17,[]
4624,6,[]
4633,7,[]
4642,12,[]
4656,12,[]
4670,13,[]
4686,24,[17, 18]
4714,4,[]
4719,8,[]
4729,22,[]
4755,9,[]
4766,28,[]
4799,2,[]
4802,10,[9]
4814,12,[]
4828,8,[]
4838,163,[]
5055,16,[]
5079,6,[]
5088,6,[]
5097,9,[]
5111,8,[]
5122,12,[]
5138,6,[]
5145,16,[]
5164,6,[]
5171,8,[]
5181,17,[]
5201,2,[]
5204,18,[]
5225,7,[]
5234,6,[]
5241,9,[]
5251,20,[]
5273,4,[]
5278,10,[]
5289,24,[]
5315,7,[]
5323,4,[3]
5328,10,[]
5339,19,[]
5360,7,[]
5368,7,[]
5376,5,[]
5382,8,[]
5391,22,[]
5415,163,[]
5596,1,[]
5598,1,[]
5600,9,[]
5611,5,[]
5617,5,[]
5623,6,[]
5630,16,[]
5649,15,[]
5667,9,[]
5678,5,[]
5684,7,[]
5693,17,[]
5713,9,[]
5724,5,[]
5730,8,[]
5740,7,[]
5748,20,[]
5770,8,[]
5779,9,[]
5789,10,[]
5800,9,[]
5810,10,[]
5821,25,[]
5848,2,[]
5851,21,[]
5874,8,[]
5883,8,[]
5892,7,[]
5900,10,[]
5911,178,[]
6109,1,[]
6111,9,[]
6122,5,[]
6130,15,[]
6153,3,[]
6158,4,[]
6165,6,[]
6175,7,[]
6187,9,[]
6202,7,[]
6214,10,[]
6230,8,[]
6243,70,[]
6354,15,[]
6378,6,[]
6388,19,[]
6411,8,[]
6421,10,[]
6433,9,[]
6444,19,[]
6467,8,[]
6477,22,[]
6504,9,[]
6515,10,[]
6527,9,[]
6538,9,[]
6549,11,[]
6563,9,[]
6574,9,[]
0,25,[]
33,6,[]
42,13,[]
61,22,[]
93,14,[]
114,17,[]
139,16,[]
163,16,[]
187,16,[]
211,15,[]
233,14,[]
254,15,[]
276,14,[]
297,16,[]
321,14,[]
342,15,[]
364,17,[]
384,16,[]
403,15,[]
421,16,[]
440,15,[13]
458,15,[]
476,13,[]
491,17,[]
511,14,[]
528,13,[]
543,15,[]
561,16,[14]
580,11,[]
593,12,[]
607,59,[]
684,6,[]
693,10,[]
708,19,[]
736,8,[]
748,16,[]
772,15,[]
794,9,[]
808,11,[]
824,11,[]
840,12,[]
858,11,[]
874,16,[]
898,10,[]
913,15,[]
935,11,[]
951,9,[]
962,11,[]
975,11,[]
988,10,[]
1000,12,[]
1014,12,[]
1027,13,[]
1041,13,[]
1055,19,[]
1076,15,[]
1092,16,[]
1109,18,[2, 3, 4, 5, 6]
1129,17,[]
1148,17,[]
1167,67,[]
1243,9,[]
1254,13,[]
1270,19,[]
1293,15,[]
1311,13,[]
1327,16,[]
1346,13,[]
1362,17,[]
1383,15,[]
1401,15,[]
1419,14,[]
1436,13,[]
1452,14,[]
1469,13,[]
1485,14,[]
1502,14,[]
1517,15,[]
1533,14,[]
1548,17,[]
1567,15,[]
1583,17,[]
1602,14,[]
1617,15,[]
1633,15,[]
1649,16,[]
1666,14,[]
1682,17,[]
1702,14,[]
1718,15,[]
1735,51,[]
1793,9,[]
1804,11,[]
1817,21,[]
1842,13,[]
1858,15,[]
1876,15,[]
1894,13,[]
1910,15,[]
1928,15,[]
1946,16,[1, 2, 3, 4, 5, 6]
1965,15,[]
1983,15,[]
2001,12,[]
2016,14,[]
2034,14,[]
2053,18,[]
2075,14,[]
2092,16,[]
2112,18,[]
2134,20,[]
2159,17,[]
2180,16,[]
2200,20,[]
2225,21,[]
2251,19,[]
2274,17,[]
2295,16,[]
2315,16,[]
2335,13,[]
2351,42,[]
2402,11,[]
2417,16,[]
2439,19,[]
2464,13,[]
2482,12,[]
2498,14,[]
2517,15,[]
2537,16,[]
2559,15,[]
2579,15,[]
2599,14,[]
2618,16,[]
2640,15,[]
2660,14,[]
2679,16,[]
2701,15,[]
2720,16,[]
2740,15,[]
2759,20,[]
2784,19,[]
2807,22,[]
2834,19,[0, 1, 2, 3, 4, 5]
2857,23,[]
2885,18,[]
2907,20,[]
2932,16,[]
2952,20,[]
2977,16,[]
2997,16,[]
3017,56,[]
3087,9,[]
3100,11,[]
3116,20,[]
3144,14,[]
3164,14,[]
3184,12,[]
3201,14,[]
3221,15,[]
3242,14,[]
3262,14,[]
3282,13,[]
3300,14,[]
3320,15,[]
3341,14,[]
3361,17,[]
3385,14,[]
3401,20,[]
3424,16,[]
3442,18,[]
3465,16,[]
3485,18,[]
3508,15,[]
3527,16,[]
3547,14,[]
3565,16,[]
3585,15,[]
3604,18,[]
3627,19,[]
3651,21,[]
3678,56,[]
3748,11,[]
3764,13,[]
3782,22,[]
3813,13,[]
3831,16,[]
3853,16,[]
3875,18,[]
3900,17,[]
3924,17,[]
3948,16,[]
3970,18,[]
3995,15,[]
4016,18,[]
4041,15,[]
4060,17,[]
4081,14,[]
4097,16,[]
4115,18,[15, 16, 17]
4135,19,[]
4156,15,[]
4173,17,[]
4191,16,[15]
4208,18,[]
4227,15,[]
4244,16,[]
4262,16,[]
4280,20,[]
4302,15,[]
4319,17,[]
4338,57,[]
4400,10,[]
4412,13,[]
4427,18,[]
4448,18,[]
4469,15,[]
4486,18,[]
4507,17,[]
4527,16,[]
4545,16,[]
4563,16,[]
4581,13,[]
4596,15,[]
4613,13,[]
4628,14,[]
4644,15,[]
4661,15,[]
4677,13,[]
4691,14,[]
4706,14,[]
4721,16,[]
4738,15,[1, 2]
4754,14,[]
4769,15,[]
4785,16,[]
4802,14,[]
4817,14,[]
4832,13,[]
4846,15,[]
4862,15,[]
4878,60,[]
4943,9,[]
4954,14,[]
4970,20,[]
4993,16,[]
5011,17,[]
5031,16,[]
5049,15,[]
5068,17,[]
5091,14,[]
5110,16,[]
5132,12,[]
5148,18,[]
5172,15,[]
5192,14,[]
5211,15,[]
5231,16,[]
5249,14,[]
5265,14,[]
5281,14,[]
5297,17,[5, 15, 16]
5316,16,[]
5334,18,[]
5354,15,[]
5371,17,[]
5390,18,[9, 10]
5410,19,[]
5431,17,[]
5450,19,[]
5471,17,[]
5490,77,[]
5584,12,[]
5600,16,[]
5622,21,[]
5650,16,[]
5672,14,[]
5691,17,[]
5714,16,[]
5736,13,[]
5754,13,[]
5772,12,[]
5788,13,[]
5806,13,[]
5824,12,[]
5840,12,[]
5856,13,[]
5874,13,[]
5889,13,[]
5904,14,[]
5920,14,[]
5936,14,[]
5952,15,[]
5969,17,[]
5988,18,[]
6008,16,[]
6026,15,[]
6043,15,[]
6060,18,[]
6082,14,[]
6099,17,[]
0,18,[]
24,1,[]
26,9,[]
40,12,[]
58,10,[]
73,7,[]
84,9,[]
98,9,[]
112,11,[]
128,10,[]
143,10,[]
158,9,[]
172,10,[]
187,12,[]
205,18,[]
232,19,[]
260,19,[]
282,17,[]
302,17,[]
322,16,[]
341,21,[]
366,14,[]
383,18,[]
404,7,[]
413,11,[]
426,14,[]
443,18,[]
464,19,[]
486,23,[]
513,13,[]
528,82,[]
635,9,[]
649,10,[]
664,7,[]
675,7,[]
686,13,[]
705,18,[]
732,13,[]
751,16,[]
775,15,[]
797,15,[]
819,15,[]
841,15,[]
863,15,[]
885,14,[]
906,18,[]
933,16,[]
954,17,[]
974,14,[]
991,17,[]
1011,14,[]
1028,13,[]
1043,17,[]
1063,16,[]
1082,16,[]
1101,17,[]
1121,15,[]
1139,16,[]
1158,17,[]
1178,17,[]
1198,63,[]
1280,10,[]
1295,21,[]
1326,14,[]
1347,16,[]
1370,16,[]
1393,20,[]
1422,19,[]
1450,20,[]
1479,18,[]
1505,19,[]
1533,22,[]
1565,16,[]
1588,17,[]
1613,16,[]
1636,20,[]
1665,11,[]
1678,16,[]
1697,20,[]
1720,23,[]
1747,21,[]
1772,20,[10, 11, 12, 13, 14, 15]
1795,20,[]
1818,19,[]
1840,24,[]
1868,23,[]
1895,24,[]
1923,22,[]
1949,21,[]
1974,20,[]
1997,60,[]
2075,18,[]
2100,25,[]
2135,15,[]
2156,15,[]
2177,19,[]
2204,24,[]
2237,18,[]
2262,20,[]
2290,20,[]
2318,18,[]
2343,17,[]
2367,17,[]
2391,21,[]
2420,18,[]
2445,20,[]
2473,16,[]
2491,18,[]
2512,18,[]
2533,19,[]
2555,15,[]
2572,19,[]
2594,19,[]
2616,16,[]
2634,18,[]
2655,16,[]
2673,16,[]
2691,18,[]
2712,15,[]
2729,17,[]
2749,54,[]
2817,8,[]
2828,15,[]
2849,11,[]
2865,16,[]
2887,12,[]
2904,12,[]
2921,11,[]
2937,13,[]
2955,14,[]
2975,9,[]
2988,12,[]
3005,10,[]
3019,10,[]
3033,10,[]
3047,10,[]
3061,12,[]
3075,6,[]
3082,8,[]
3092,9,[]
3103,10,[]
3115,9,[]
3126,9,[]
3137,10,[]
3149,13,[]
3164,13,[]
3179,15,[]
3197,14,[]
3214,15,[]
3232,14,[]
3249,62,[]
3329,11,[]
3345,12,[]
3363,20,[]
3392,14,[]
3413,17,[]
3438,15,[]
3460,14,[]
3481,17,[]
3506,16,[]
3529,16,[]
3552,15,[]
3574,16,[]
3597,18,[]
3623,18,[]
3649,18,[]
3675,18,[]
3696,23,[]
3723,15,[]
3741,16,[]
3760,18,[]
3781,17,[]
3801,19,[]
3823,20,[]
3846,18,[]
3867,16,[9, 10, 11]
3886,16,[]
3905,17,[16]
3925,18,[]
3946,19,[]
3968,65,[]
4052,11,[]
4068,15,[]
4090,24,[]
4122,16,[]
4143,18,[]
4165,17,[]
4186,17,[]
4207,17,[]
4228,19,[]
4251,16,[]
4270,17,[]
4291,18,[]
4313,18,[]
4335,17,[]
4356,17,[]
4377,13,[]
4391,13,[]
4405,18,[]
4425,15,[]
4441,15,[]
4457,16,[]
4474,13,[]
4488,14,[]
4503,16,[]
4520,16,[]
4537,15,[]
4553,17,[]
4572,17,[]
4591,15,[]
4607,49,[]
4662,11,[]
4675,13,[]
4691,22,[]
4717,13,[]
4733,16,[]
4752,17,[]
4773,18,[]
4795,20,[]
4819,19,[]
4842,20,[]
4866,20,[]
4890,20,[]
4914,19,[]
4937,17,[]
4958,17,[]
4979,17,[3]
4998,16,[]
5015,14,[13]
5030,13,[]
5044,18,[]
5064,15,[]
5080,15,[]
5096,16,[]
5113,15,[]
5129,15,[]
5145,13,[]
5159,16,[]
5176,14,[11, 12]
5191,18,[]
5212,47,[]
5265,12,[]
5280,13,[]
5296,20,[]
5320,12,[]
5335,16,[]
5354,14,[]
5371,14,[]
5388,14,[]
5405,13,[]
5421,15,[]
5439,14,[]
5456,15,[]
5474,15,[]
5492,15,[]
5510,13,[]
5526,13,[9, 10, 11, 12]
5540,15,[1, 2]
5556,13,[]
5570,16,[]
5587,14,[]
5602,11,[]
5614,14,[]
5629,11,[]
5641,11,[]
5653,12,[]
5666,12,[]
5679,12,[]
5692,15,[]
5708,14,[]
5723,44,[]
5773,9,[]
5784,12,[]
5799,15,[]
5817,11,[]
5830,11,[]
5843,11,[]
5856,12,[]
5871,9,[]
5882,11,[]
5895,11,[]
5908,13,[]
5924,10,[]
5936,9,[]
5947,11,[]
5960,13,[]
5976,12,[]
5989,14,[]
6004,14,[]
6019,14,[]
6034,14,[]
6049,14,[]
6064,14,[]
6079,14,[]
6094,12,[]
6107,13,[]
6122,12,[]
6136,14,[]
6153,13,[]
6168,14,[]
0,17,[]
23,2,[]
26,8,[]
38,8,[]
50,9,[]
64,7,[]
75,6,[]
84,6,[]
93,7,[]
104,7,[]
115,6,[]
124,6,[]
133,7,[]
144,8,[]
156,15,[]
178,14,[]
199,20,[14, 15, 16]
222,14,[]
239,11,[]
252,8,[]
262,16,[]
281,15,[]
299,15,[]
317,18,[]
338,25,[]
367,10,[]
379,13,[]
394,17,[]
414,11,[]
427,10,[]
439,105,[]
576,7,[]
587,1,[]
589,3,[]
594,4,[]
600,8,[]
612,7,[]
623,9,[]
637,11,[]
653,7,[]
664,14,[]
685,17,[]
710,20,[]
739,19,[]
767,10,[]
782,23,[]
816,24,[]
844,22,[]
870,21,[]
895,18,[5, 6, 7]
916,18,[]
937,9,[]
948,18,[]
969,18,[]
990,17,[]
1010,15,[]
1027,12,[]
1041,15,[]
1058,16,[]
1076,15,[]
1093,83,[]
1192,9,[]
1204,14,[]
1222,6,[]
1230,15,[]
1250,14,[]
1268,14,[]
1286,13,[]
1303,12,[]
1319,14,[]
1337,15,[]
1357,13,[]
1374,17,[]
1396,18,[]
1420,19,[]
1445,10,[]
1458,20,[]
1480,15,[]
1497,14,[]
1513,18,[]
1533,7,[]
1541,16,[]
1559,17,[]
1578,16,[]
1596,17,[]
1615,16,[]
1633,17,[]
1652,11,[]
1665,14,[]
1681,17,[]
1700,81,[]
1797,12,[]
1813,4,[]
1819,18,[]
1843,19,[]
1868,16,[]
1889,27,[]
1924,17,[]
1946,21,[]
1973,8,[]
1984,20,[]
2010,23,[]
2040,26,[]
2074,11,[]
2089,26,[]
2123,23,[]
2153,24,[]
2180,19,[]
2201,24,[]
2228,24,[]
2255,12,[]
2269,24,[]
2296,22,[21]
2321,22,[]
2346,18,[]
2366,11,[]
2379,19,[]
2400,22,[]
2425,18,[13]
2445,19,[]
2466,95,[]
2580,15,[]
2600,17,[]
2622,8,[]
2633,21,[]
2660,21,[]
2687,23,[]
2717,26,[]
2751,8,[]
2762,25,[]
2795,24,[]
2826,23,[]
2856,29,[]
2894,22,[]
2923,23,[]
2953,6,[]
2961,25,[]
2989,23,[]
3015,25,[]
3043,5,[]
3049,22,[]
3073,24,[]
3099,27,[]
3128,22,[]
3152,20,[]
3174,22,[]
3198,10,[]
3209,24,[7, 8]
3235,20,[]
3257,20,[]
3279,88,[]
3380,1,[]
3382,12,[]
3397,13,[]
3413,14,[]
3430,15,[]
3449,15,[]
3468,15,[]
3487,15,[]
3506,9,[]
3517,15,[]
3536,16,[]
3556,18,[]
3578,8,[]
3588,18,[]
3610,16,[]
3630,16,[4]
3648,15,[]
3665,21,[]
3688,14,[]
3703,8,[]
3712,15,[]
3729,15,[]
3746,12,[10, 11]
3759,13,[1, 2, 3, 4]
3773,12,[]
3786,7,[]
3794,12,[]
3807,13,[]
3821,13,[]
3835,74,[]
3920,9,[]
3931,11,[]
3945,5,[]
3952,14,[]
3969,12,[]
3984,13,[]
4000,15,[]
4019,7,[]
4028,16,[]
4048,14,[]
4068,15,[]
4090,15,[]
4113,14,[]
4134,15,[]
4157,10,[]
4172,16,[]
4191,15,[]
4209,13,[]
4225,14,[]
4242,9,[]
4253,13,[]
4269,13,[]
4285,15,[]
4303,17,[]
4323,14,[]
4340,14,[]
4357,10,[]
4369,13,[]
4385,13,[]
4401,54,[]
4473,6,[]
4482,6,[]
4491,10,[]
4506,11,[]
4523,10,[]
4538,13,[]
4558,12,[]
4576,12,[]
4594,9,[]
4608,13,[]
4628,11,[]
4645,13,[]
4665,12,[]
4683,8,[]
4695,12,[]
4713,13,[]
4729,12,[]
4743,12,[]
4757,10,[]
4769,12,[]
4783,10,[]
4795,13,[]
4811,13,[]
4827,13,[]
4843,12,[]
4857,7,[]
4866,12,[]
4880,13,[]
4896,12,[]
4910,61,[]
4992,7,[]
5003,8,[]
5015,7,[]
5026,9,[]
5040,10,[]
5055,11,[]
5071,13,[]
5089,7,[]
5099,13,[]
5117,13,[]
5135,13,[]
5153,12,[]
5170,11,[]
5185,12,[]
5202,9,[]
5215,11,[]
5228,11,[]
5241,14,[]
5257,12,[]
5271,4,[]
5276,11,[]
5289,12,[]
5303,11,[]
5316,11,[]
5329,10,[]
5341,11,[]
5354,5,[]
5360,12,[]
5374,12,[]
5388,75,[]
5481,8,[]
5492,4,[]
5498,11,[]
5513,13,[]
5531,12,[]
5548,20,[]
5576,14,[]
5596,15,[]
5617,4,[]
5623,14,[]
5643,13,[]
5661,15,[]
5682,14,[]
5702,9,[]
5715,14,[]
5735,15,[]
5752,12,[]
5766,13,[]
5781,13,[]
5796,15,[]
5813,10,[]
5825,13,[]
5840,15,[]
5857,15,[]
5874,17,[]
5894,5,[]
5900,17,[]
5920,19,[]
5942,9,[]
0,19,[]
25,7,[]
36,12,[]
54,13,[]
73,14,[]
94,13,[]
113,19,[]
141,10,[]
156,14,[]
177,11,[]
193,13,[]
212,12,[]
230,13,[]
249,11,[]
265,11,[]
281,12,[]
299,15,[]
317,13,[]
332,21,[3, 4, 5, 6]
357,23,[]
384,23,[]
411,17,[]
431,21,[]
456,14,[]
473,15,[]
491,18,[]
512,15,[]
530,12,[]
544,14,[]
561,17,[]
581,75,[]
679,17,[]
704,10,[]
719,11,[]
735,10,[]
750,13,[]
769,17,[]
794,14,[]
815,16,[]
839,13,[]
858,13,[]
877,12,[]
895,15,[]
917,12,[]
935,13,[]
954,12,[]
972,14,[]
989,16,[]
1008,15,[]
1026,12,[]
1040,16,[]
1059,13,[]
1075,15,[]
1093,14,[6]
1110,14,[]
1127,12,[]
1141,13,[]
1157,16,[]
1176,14,[]
1193,13,[]
1209,72,[]
1305,7,[]
1316,11,[]
1333,13,[]
1353,13,[]
1373,12,[]
1391,15,[]
1414,13,[]
1434,14,[]
1455,13,[]
1475,12,[]
1493,13,[]
1513,15,[]
1536,13,[]
1556,13,[]
1576,14,[]
1597,16,[]
1616,14,[]
1633,14,[]
1650,14,[]
1667,17,[]
1687,13,[]
1703,16,[]
1722,14,[]
1739,16,[]
1758,14,[]
1775,15,[]
1793,13,[]
1809,15,[]
1827,11,[]
1840,72,[]
1936,7,[]
1947,11,[]
1964,10,[]
1979,15,[]
2002,13,[]
2022,15,[]
2043,15,[]
2063,19,[]
2088,17,[]
2111,19,[]
2136,18,[]
2160,20,[]
2187,18,[]
2211,20,[]
2238,17,[]
2261,21,[]
2285,18,[]
2305,24,[]
2332,14,[12]
2348,18,[]
2368,19,[]
2389,17,[8, 9, 10, 11, 12, 13]
2408,19,[]
2429,18,[]
2449,16,[]
2467,18,[]
2487,17,[]
2506,18,[]
2526,17,[]
2545,60,[]
2618,13,[]
2636,16,[]
2658,15,[]
2678,18,[]
2702,18,[]
2726,19,[]
2751,18,[]
2775,20,[]
2802,15,[]
2822,19,[]
2847,16,[]
2869,18,[]
2893,15,[]
2913,16,[]
2935,16,[]
2957,19,[]
2978,16,[]
2996,18,[4]
3016,17,[]
3035,20,[]
3058,18,[]
3078,16,[]
3096,15,[]
3113,18,[]
3133,16,[]
3151,17,[]
3170,17,[]
3189,19,[]
3210,18,[]
3230,53,[]
3295,15,[]
3315,20,[]
3342,20,[]
3369,22,[]
3398,19,[]
3423,21,[]
3451,22,[]
3480,20,[]
3507,19,[]
3532,24,[]
3564,21,[]
3592,20,[]
3619,22,[]
3648,19,[]
3673,21,[]
3701,22,[]
3728,19,[]
3751,20,[]
3774,18,[]
3794,21,[]
3818,17,[]
3837,20,[]
3860,19,[]
3881,20,[]
3904,20,[]
3927,20,[]
3950,17,[]
3969,19,[]
3990,18,[]
4010,60,[]
4083,10,[]
4097,15,[]
4119,14,[]
4140,17,[]
4165,15,[]
4187,16,[]
4210,16,[]
4233,17,[]
4258,15,[]
4280,16,[]
4303,15,[]
4325,13,[]
4344,14,[]
4365,16,[]
4388,15,[]
4410,15,[]
4428,16,[]
4447,16,[]
4466,15,[3]
4484,17,[]
4504,16,[]
4525,15,[]
4543,14,[]
4560,16,[]
4579,14,[]
4596,14,[]
4615,15,[]
4635,18,[]
4656,15,[]
4674,38,[]
4724,9,[]
4737,12,[]
4755,12,[]
4773,13,[]
4792,14,[]
4813,14,[]
4834,14,[]
4855,15,[]
4877,13,[]
4896,14,[]
4917,13,[]
4936,14,[]
4957,13,[]
4976,13,[]
4995,13,[]
5014,14,[]
5033,13,[]
5050,13,[]
5067,13,[]
5084,14,[]
5101,14,[]
5118,14,[]
5134,13,[]
5149,16,[]
5167,14,[]
5182,15,[]
5198,13,[]
5212,15,[]
5228,13,[]
5242,39,[]
5286,10,[]
5298,11,[]
5311,12,[]
5326,13,[]
5342,13,[]
5358,13,[]
5374,15,[]
5392,14,[]
5409,14,[]
5426,16,[]
5445,13,[]
5461,16,[]
5480,15,[]
5498,15,[]
5516,13,[]
5532,15,[]
5548,14,[12, 13]
5563,15,[]
5579,14,[]
5594,16,[]
5611,13,[]
5625,15,[]
5641,16,[]
5658,17,[]
5677,15,[]
5693,17,[]
5712,15,[]
5728,16,[]
5745,14,[]
5760,49,[]
5815,9,[]
5826,12,[]
5841,12,[]
5856,15,[]
5874,14,[]
5891,14,[]
5908,12,[]
5923,16,[]
5942,12,[]
5957,15,[]
5975,14,[]
5992,14,[]
6009,16,[]
6028,16,[6, 7, 8, 9, 10]
6047,14,[]
6064,17,[]
6083,16,[]
6100,16,[]
6118,14,[]
6134,16,[]
6152,15,[]
6169,15,[]
6186,14,[]
6202,17,[]
6221,15,[]
6238,16,[]
6256,14,[]
6272,18,[]
6292,16,[]
0,21,[]
28,3,[]
33,8,[]
45,12,[]
63,12,[]
81,11,[]
97,10,[]
112,8,[]
124,10,[]
139,8,[]
151,9,[]
165,9,[]
179,10,[]
194,8,[]
206,10,[]
221,9,[]
235,9,[]
246,12,[]
260,17,[]
280,16,[]
299,18,[10, 11, 12, 13, 14]
320,15,[]
338,15,[]
356,13,[]
371,12,[]
385,22,[]
411,13,[]
426,14,[]
443,15,[]
461,12,[]
475,83,[]
583,10,[]
598,6,[]
607,7,[]
618,7,[]
629,9,[]
643,11,[]
659,12,[]
677,14,[]
698,14,[]
719,14,[]
740,15,[]
762,13,[]
781,10,[]
796,12,[]
814,13,[]
833,13,[]
848,17,[]
868,17,[]
888,19,[]
910,21,[]
935,19,[]
957,19,[]
982,18,[]
1006,21,[]
1035,23,[]
1067,22,[]
1097,21,[]
1126,24,[]
1159,26,[]
1195,79,[]
1303,23,[]
1339,25,[]
1378,25,[]
1417,24,[]
1454,21,[]
1487,19,[]
1517,18,[]
1545,20,[]
1576,18,[]
1604,21,[]
1637,26,[]
1678,24,[]
1715,21,[]
1748,23,[]
1784,25,[]
1823,23,[]
1855,21,[]
1884,18,[]
1909,21,[]
1938,20,[]
1962,23,[]
1990,19,[]
2013,20,[]
2039,23,[]
2068,22,[]
2094,23,[]
2122,21,[]
2147,22,[]
2173,19,[]
2196,58,[]
2265,16,[]
2286,17,[]
2308,18,[]
2331,21,[]
2358,19,[]
2383,19,[]
2408,19,[]
2433,19,[]
2458,22,[]
2486,18,[]
2509,21,[]
2536,19,[]
2561,19,[]
2586,18,[]
2609,16,[]
2630,17,[]
2651,15,[]
2668,15,[]
2685,16,[]
2703,17,[]
2722,13,[4, 5, 6]
2737,13,[]
2752,13,[]
2767,14,[]
2783,15,[]
2800,15,[]
2817,14,[]
2833,16,[]
2851,14,[]
2867,60,[]
2938,9,[]
2950,10,[]
2963,9,[]
2975,10,[]
2988,10,[]
3001,10,[]
3014,18,[]
3037,10,[]
3050,7,[]
3059,8,[]
3070,9,[]
3082,11,[]
3096,11,[]
3110,10,[]
3123,11,[]
3137,13,[]
3152,12,[]
3166,12,[]
3180,11,[]
3192,12,[]
3206,11,[]
3218,13,[]
3233,13,[]
3248,14,[]
3264,14,[]
3280,15,[4, 5, 6, 7, 8]
3297,14,[]
3313,13,[]
3328,15,[]
3345,56,[]
3412,9,[]
3424,11,[]
3438,12,[]
3454,13,[]
3471,14,[]
3489,14,[]
3507,11,[]
3521,13,[]
3538,14,[]
3556,15,[]
3576,14,[]
3594,13,[]
3611,15,[]
3631,15,[]
3651,14,[]
3669,14,[]
3686,15,[]
3704,14,[]
3721,16,[]
3740,15,[]
3758,14,[]
3775,14,[]
3792,14,[]
3809,13,[]
3825,13,[]
3841,14,[]
3858,13,[]
3874,12,[]
3889,15,[]
3907,48,[]
3964,10,[]
3977,12,[]
3993,11,[]
4007,12,[]
4023,12,[]
4039,12,[]
4055,13,[]
4072,12,[]
4088,12,[]
4104,13,[]
4121,12,[]
4137,14,[]
4155,13,[]
4172,13,[]
4189,13,[]
4206,15,[]
4224,13,[]
4240,12,[]
4254,10,[]
4266,13,[]
4282,12,[]
4297,12,[4, 5, 6, 7, 8]
4312,14,[]
4329,12,[]
4344,13,[]
4360,14,[]
4377,14,[]
4394,14,[]
4411,12,[]
4426,47,[]
4482,7,[]
4491,9,[]
4503,11,[]
4517,12,[]
4533,11,[]
4547,12,[]
4563,13,[]
4580,12,[]
4596,12,[]
4612,12,[]
4628,11,[]
4642,12,[]
4658,11,[]
4672,13,[]
4689,13,[]
4706,14,[]
4722,12,[]
4736,12,[]
4750,18,[]
4772,10,[]
4783,11,[]
4795,10,[]
4807,10,[]
4818,11,[]
4830,12,[]
4845,13,[]
4861,14,[]
4878,12,[]
4893,14,[]
4910,43,[]
4961,11,[]
4975,12,[]
4991,13,[]
5008,14,[]
5026,15,[]
5046,14,[]
5064,14,[]
5082,15,[]
5102,16,[]
5123,18,[]
5146,18,[]
5169,16,[]
5190,16,[]
5211,16,[]
5232,17,[]
5254,18,[]
5276,21,[]
5301,19,[]
5324,19,[]
5347,19,[]
5370,20,[]
5394,19,[]
5415,16,[]
5433,17,[]
5452,16,[]
5470,15,[]
5487,15,[]
5504,17,[]
5523,15,[]
5540,55,[]
5605,9,[]
5617,9,[]
5629,10,[]
5642,13,[]
5659,12,[]
5675,13,[]
5692,13,[]
5709,15,[]
5729,17,[]
5751,17,[]
5773,17,[]
5795,15,[]
5815,17,[]
5837,20,[]
5863,19,[]
5888,19,[]
5911,17,[]
5932,18,[]
5954,19,[]
5977,17,[]
5998,18,[]
6020,17,[]
6041,18,[]
6063,18,[]
6086,17,[]
6108,17,[]
6128,17,[]
6150,16,[]
6171,7,[]
0,27,[]
36,7,[]
47,8,[]
59,8,[]
71,8,[]
83,8,[]
95,13,[]
114,9,[]
128,10,[]
143,11,[]
159,9,[]
173,8,[]
185,8,[]
197,8,[]
209,7,[]
220,9,[]
234,17,[]
254,14,[]
271,15,[]
289,13,[]
304,9,[]
315,14,[]
332,16,[]
351,20,[]
374,16,[]
393,12,[]
407,15,[12, 13, 14]
425,17,[]
445,20,[]
468,17,[]
488,84,[]
598,14,[]
619,11,[]
635,10,[]
650,8,[]
662,11,[]
678,11,[]
694,12,[]
712,16,[]
736,14,[]
757,14,[]
778,13,[]
797,15,[]
819,14,[]
840,15,[]
862,14,[]
883,16,[]
902,15,[]
920,14,[6, 7, 8, 9, 10]
937,14,[]
954,16,[]
973,14,[]
990,15,[]
1008,14,[]
1024,15,[]
1041,13,[]
1056,14,[]
1072,12,[]
1086,15,[]
1103,12,[]
1117,58,[]
1188,9,[]
1200,11,[]
1215,12,[]
1231,15,[]
1251,13,[]
1269,15,[]
1289,13,[]
1307,16,[]
1329,14,[]
1348,15,[]
1368,15,[]
1388,17,[]
1411,16,[]
1433,16,[]
1455,14,[]
1474,19,[]
1497,13,[]
1512,18,[]
1534,12,[]
1548,16,[]
1566,15,[]
1583,17,[]
1604,19,[]
1627,21,[]
1653,22,[]
1680,23,[]
1708,23,[]
1736,20,[]
1761,20,[]
1786,68,[]
1869,18,[]
1893,19,[]
1918,18,[]
1942,19,[]
1967,19,[]
1992,17,[]
2015,20,[]
2042,23,[]
2073,20,[]
2100,21,[]
2128,20,[]
2155,20,[]
2182,21,[]
2210,19,[]
2235,22,[]
2264,20,[]
2289,19,[]
2312,26,[]
2344,18,[]
2366,22,[]
2393,21,[]
2419,24,[]
2449,22,[]
2476,25,[]
2507,26,[]
2539,25,[]
2570,24,[]
2600,24,[]
2630,21,[]
2656,69,[]
2740,13,[]
2758,13,[]
2776,13,[]
2794,16,[]
2816,14,[]
2835,16,[]
2857,15,[]
2877,15,[]
2897,18,[]
2921,18,[]
2945,19,[]
2970,17,[]
2993,18,[]
3017,18,[]
3041,17,[]
3064,14,[]
3081,13,[]
3097,13,[]
3113,13,[]
3129,14,[]
3146,13,[]
3162,13,[]
3178,15,[]
3197,14,[]
3214,14,[]
3231,12,[6, 7, 8]
3245,12,[]
3259,12,[]
3274,11,[]
3288,66,[]
3368,10,[]
3382,13,[]
3400,11,[]
3415,14,[]
3434,14,[]
3453,16,[]
3475,15,[]
3495,18,[]
3519,18,[]
3543,19,[]
3568,18,[]
3592,16,[]
3614,15,[]
3634,16,[]
3656,15,[]
3676,15,[]
3693,13,[8, 9]
3708,14,[]
3725,12,[]
3740,14,[]
3757,15,[]
3776,17,[]
3797,20,[]
3822,18,[]
3844,18,[]
3866,17,[]
3887,18,[]
3909,17,[]
3930,17,[]
3951,40,[]
4000,14,[]
4019,14,[]
4037,14,[]
4054,14,[]
4071,12,[]
4086,13,[]
4102,12,[]
4117,12,[]
4132,11,[]
4145,11,[]
4158,9,[]
4169,10,[]
4181,21,[]
4206,27,[]
4238,25,[]
4268,10,[]
4280,14,[]
4296,17,[]
4316,18,[]
4337,22,[]
4362,17,[]
4382,17,[]
4402,19,[]
4424,17,[]
4444,18,[]
4465,17,[]
4485,17,[]
4505,16,[]
4523,15,[]
4540,34,[]
4579,9,[]
4590,10,[]
4602,10,[]
4614,11,[]
4627,11,[]
4640,20,[]
4664,21,[]
4689,20,[]
4713,9,[]
4724,12,[]
4739,25,[]
4769,9,[]
4780,8,[]
4790,23,[]
4818,9,[]
4829,13,[]
4843,26,[]
4873,8,[]
4882,10,[]
4893,11,[]
4905,9,[]
4915,14,[]
4930,11,[]
4942,12,[]
4955,11,[]
4967,12,[]
4980,11,[]
4992,11,[]
5004,10,[]
5015,42,[]
5063,7,[]
5072,9,[]
5083,11,[]
5096,10,[]
5108,12,[]
5123,10,[]
5135,14,[]
5152,11,[]
5165,13,[]
5181,13,[]
5197,14,[]
5214,15,[]
5232,14,[]
5249,13,[]
5265,15,[]
5283,12,[]
5296,14,[]
5311,11,[]
5323,14,[]
5338,13,[]
5352,16,[]
5370,5,[]
5376,17,[]
5396,17,[]
5416,20,[]
5439,17,[]
5459,21,[]
5483,21,[]
5507,18,[]
5528,57,[]
5592,13,[]
5608,14,[]
5625,14,[]
5642,15,[]
5660,12,[]
5675,16,[]
5694,13,[]
5710,14,[]
5727,16,[]
5746,16,[]
5765,21,[]
5790,16,[]
5809,17,[]
5830,15,[]
5848,16,[]
5867,16,[]
5885,15,[]
5902,14,[]
5918,15,[]
5935,14,[]
5951,15,[]
5968,15,[]
5985,14,[]
6001,14,[]
6017,14,[]
6033,15,[]
6050,14,[]
6066,15,[]
6084,15,[]
0,29,[]
38,8,[]
50,14,[]
71,16,[]
95,16,[]
119,16,[]
143,17,[]
168,16,[]
192,17,[]
217,16,[]
241,17,[]
266,16,[]
290,19,[]
318,15,[]
340,17,[]
365,15,[]
387,18,[]
408,16,[]
427,18,[]
448,16,[]
467,18,[]
488,17,[]
508,18,[]
529,16,[]
548,17,[]
568,22,[]
597,17,[]
617,18,[]
638,17,[]
658,16,[]
677,54,[]
748,14,[]
769,16,[]
793,15,[]
815,11,[]
831,14,[]
852,15,[]
874,17,[]
899,15,[]
921,16,[]
945,16,[]
969,16,[]
993,17,[]
1018,15,[]
1040,14,[]
1061,17,[]
1086,14,[]
1103,16,[]
1122,16,[]
1141,14,[]
1158,16,[]
1177,14,[]
1194,16,[]
1213,15,[]
1231,15,[]
1249,16,[]
1268,14,[]
1285,16,[]
1304,16,[]
1323,14,[]
1340,59,[]
1418,9,[]
1432,13,[]
1452,14,[]
1473,16,[]
1497,15,[]
1519,16,[]
1543,15,[]
1565,17,[]
1590,15,[]
1612,16,[]
1636,15,[]
1658,17,[]
1683,15,[]
1705,16,[]
1729,15,[]
1751,16,[]
1772,14,[]
1791,16,[]
1810,14,[]
1827,15,[]
1845,16,[]
1864,13,[]
1880,14,[]
1897,14,[]
1914,15,[]
1932,15,[3]
1950,14,[]
1967,16,[]
1986,14,[]
2003,49,[]
2068,10,[]
2083,12,[]
2101,12,[]
2119,15,[]
2141,12,[]
2159,13,[]
2179,13,[]
2199,13,[]
2219,12,[]
2237,15,[]
2259,12,[]
2277,12,[]
2295,10,[]
2310,11,[]
2327,10,[]
2342,12,[]
2356,11,[]
2369,14,[]
2386,14,[]
2403,13,[]
2419,14,[]
2436,15,[]
2454,14,[]
2471,15,[]
2489,14,[]
2506,15,[]
2524,15,[]
2542,17,[]
2562,14,[]
2579,56,[]
2653,10,[]
2668,14,[]
2689,14,[]
2710,15,[]
2732,13,[]
2752,14,[]
2773,21,[]
2804,13,[]
2824,15,[]
2846,14,[]
2867,13,[]
2887,15,[]
2909,13,[]
2929,14,[]
2950,13,[]
2970,15,[]
2988,14,[]
3005,16,[]
3024,13,[]
3040,13,[]
3056,11,[]
3069,17,[]
3089,15,[]
3107,18,[]
3128,18,[]
3149,17,[]
3169,18,[]
3190,14,[]
3207,17,[]
3227,58,[]
3303,11,[]
3320,14,[]
3341,12,[]
3359,16,[]
3383,14,[]
3404,15,[]
3426,15,[]
3448,17,[]
3473,17,[]
3498,18,[]
3525,16,[]
3549,17,[]
3574,15,[]
3596,16,[]
3620,15,[]
3642,16,[3]
3661,16,[]
3680,16,[]
3699,15,[]
3717,15,[]
3735,13,[]
3751,14,[]
3768,14,[]
3785,16,[]
3804,14,[]
3821,14,[]
3838,12,[]
3852,14,[]
3869,15,[]
3887,51,[]
3954,10,[]
3969,13,[]
3989,12,[]
4007,14,[]
4028,15,[]
4050,14,[]
4071,13,[]
4089,14,[]
4107,12,[]
4122,13,[]
4138,14,[]
4155,15,[]
4173,14,[]
4190,12,[]
4205,12,[]
4220,14,[]
4235,13,[]
4249,15,[]
4265,16,[]
4283,16,[]
4301,15,[]
4318,16,[]
4337,14,[]
4353,15,[]
4370,14,[]
4386,15,[]
4403,13,[]
4417,14,[]
4432,13,[]
4446,46,[]
4498,10,[]
4510,13,[]
4526,12,[]
4541,14,[]
4558,13,[]
4574,14,[]
4591,15,[]
4609,15,[]
4627,14,[]
4644,13,[]
4660,13,[]
4676,12,[]
4691,14,[]
4708,12,[]
4723,13,[]
4739,12,[]
4753,14,[]
4769,12,[]
4783,17,[]
4803,15,[]
4820,15,[]
4837,15,[]
4853,16,[]
4871,15,[]
4887,16,[]
4905,15,[]
4921,16,[]
4939,15,[]
4956,14,[]
4972,39,[]
5017,9,[]
5028,10,[]
5040,12,[]
5055,12,[]
5070,12,[]
5085,12,[]
5100,14,[]
5117,12,[]
5132,13,[]
5148,12,[]
5163,13,[]
5179,15,[]
5197,14,[]
5214,14,[]
5231,15,[]
5249,15,[]
5265,16,[5]
5283,16,[]
5301,16,[]
5319,14,[]
5334,15,[]
5350,13,[]
5364,15,[]
5380,13,[]
5394,14,[]
5409,13,[]
5423,15,[13]
5439,15,[]
5455,14,[]
5471,42,[]
5519,12,[]
5534,14,[]
5551,13,[]
5567,16,[]
5587,15,[]
5605,16,[]
5625,15,[]
5643,16,[]
5663,16,[]
5683,17,[]
5704,16,[]
5724,17,[]
5745,16,[]
5765,16,[]
5785,15,[]
5803,17,[]
5822,16,[]
5840,17,[]
5859,16,[]
5877,17,[]
5896,16,[]
5914,16,[]
5932,16,[]
5950,15,[]
5966,13,[]
5980,14,[9]
5995,14,[]
6010,16,[]
6028,7,[]
0,45,[]
59,28,[]
100,23,[]
134,20,[]
163,21,[]
194,24,[]
229,21,[]
260,19,[]
288,23,[]
322,22,[]
354,23,[]
388,20,[]
417,22,[]
449,20,[]
478,21,[]
509,21,[]
540,21,[]
568,18,[]
592,19,[]
617,19,[]
642,21,[]
670,5,[]
676,22,[]
705,22,[]
734,23,[]
764,27,[]
800,27,[]
836,29,[]
874,31,[]
915,28,[]
952,75,[]
1050,26,[]
1088,26,[]
1126,22,[]
1158,13,[]
1177,12,[]
1195,14,[]
1216,14,[]
1237,13,[]
1256,10,[]
1271,11,[]
1287,11,[]
1303,12,[]
1321,13,[]
1340,11,[]
1356,11,[]
1372,12,[]
1388,10,[]
1401,11,[]
1416,12,[]
1432,11,[]
1447,12,[]
1463,12,[]
1479,10,[]
1492,12,[]
1508,12,[]
1524,12,[]
1540,11,[]
1555,10,[]
1568,10,[]
1581,41,[]
1634,8,[]
1646,8,[]
1658,8,[]
1670,11,[]
1686,9,[]
1699,9,[]
1712,8,[]
1724,9,[]
1737,9,[]
1750,10,[]
1765,12,[]
1783,11,[]
1799,10,[]
1814,10,[]
1829,11,[]
1845,11,[]
1860,13,[]
1877,11,[]
1892,10,[]
1905,12,[]
1921,12,[]
1937,14,[]
1956,13,[]
1973,11,[]
1988,14,[]
2007,13,[]
2024,14,[]
2043,15,[]
2063,14,[]
2082,36,[]
2129,12,[]
2147,13,[]
2166,13,[]
2185,15,[]
2207,15,[]
2229,12,[]
2247,13,[]
2266,14,[]
2287,14,[]
2308,14,[]
2329,11,[]
2345,15,[]
2367,12,[]
2385,12,[]
2403,15,[]
2425,11,[]
2440,14,[]
2459,13,[6, 7, 8, 9, 10, 11, 12]
2476,13,[]
2493,13,[]
2510,12,[]
2526,12,[]
2542,12,[]
2558,14,[]
2577,13,[]
2594,14,[]
2613,13,[]
2630,16,[]
2651,15,[]
2671,40,[]
2723,8,[]
2735,14,[]
2756,11,[]
2772,12,[]
2790,14,[]
2811,14,[]
2832,16,[]
2855,15,[]
2877,12,[]
2895,14,[]
2916,13,[]
2935,14,[]
2956,13,[]
2975,13,[]
2994,14,[]
3015,14,[]
3034,15,[]
3054,13,[]
3071,14,[]
3090,14,[]
3107,15,[]
3125,15,[]
3143,12,[]
3159,11,[]
3174,13,[]
3192,11,[]
3207,12,[]
3223,12,[]
3239,13,[]
3255,51,[]
3323,6,[]
3332,10,[]
3347,11,[]
3364,13,[]
3384,10,[]
3399,11,[]
3416,12,[]
3434,13,[]
3454,16,[]
3478,16,[]
3502,16,[]
3526,15,[]
3549,16,[]
3573,14,[]
3594,15,[]
3617,17,[]
3640,14,[]
3659,15,[]
3679,14,[]
3698,14,[]
3717,13,[]
3735,15,[]
3755,14,[]
3774,13,[]
3792,17,[]
3815,15,[]
3835,11,[]
3850,13,[]
3868,11,[]
3883,57,[]
3959,8,[]
3971,9,[]
3985,12,[]
4003,13,[]
4023,9,[]
4037,11,[]
4054,11,[]
4071,14,[]
4092,11,[]
4109,12,[]
4127,12,[]
4145,13,[]
4165,11,[]
4182,10,[]
4197,15,[]
4220,14,[]
4237,12,[]
4251,12,[]
4265,12,[]
4279,11,[]
4292,12,[]
4306,14,[]
4325,14,[]
4344,12,[]
4360,14,[6, 7]
4377,13,[]
4393,9,[]
4404,12,[]
4418,16,[3, 4, 5, 6, 7]
4437,63,[]
4521,5,[]
4529,8,[]
4541,10,[]
4556,9,[]
4570,12,[]
4588,8,[]
4600,13,[]
4620,11,[]
4637,9,[]
4651,14,[]
4672,12,[]
4690,12,[]
4708,9,[]
4722,11,[]
4739,11,[]
4756,14,[]
4773,12,[]
4787,13,[]
4803,10,[]
4815,14,[]
4832,12,[]
4846,13,[]
4862,10,[]
4874,12,[]
4888,12,[]
4902,14,[]
4919,17,[]
4939,15,[]
4957,14,[]
4974,75,[]
5074,5,[]
5082,12,[]
5100,11,[]
5117,12,[]
5135,14,[]
5156,11,[]
5173,11,[]
5190,15,[]
5213,13,[]
5233,12,[]
5251,14,[]
5272,12,[]
5290,13,[]
5310,16,[]
5334,13,[]
5354,17,[]
5377,15,[]
5397,17,[]
5420,14,[]
5439,17,[]
5462,13,[]
5480,14,[]
5497,14,[]
5516,15,[]
5536,13,[]
5554,14,[]
5573,12,[]
5589,13,[]
5607,12,[]
5623,57,[]
5699,7,[]
5710,11,[]
5727,12,[]
5745,15,[]
5768,14,[]
5789,14,[]
5810,15,[]
5833,15,[]
5856,17,[]
5882,20,[]
5912,19,[]
5941,19,[]
5970,18,[]
5997,14,[]
6018,15,[]
6041,18,[]
6065,15,[]
6085,17,[]
6108,17,[]
6130,21,[]
6157,19,[]
6181,21,[]
6208,19,[]
6232,21,[]
6259,15,[]
6278,17,[]
6300,15,[]
6319,17,[]
6341,16,[]
0,31,[]
41,4,[]
47,6,[]
56,12,[]
74,13,[]
93,12,[]
111,12,[]
129,11,[]
145,12,[]
163,14,[]
184,15,[]
206,13,[]
225,14,[]
246,11,[]
262,12,[]
280,12,[]
298,14,[]
315,16,[]
334,15,[]
352,14,[]
369,17,[]
389,14,[]
406,15,[]
424,18,[]
448,7,[]
457,19,[]
482,20,[]
508,17,[]
531,15,[]
551,14,[]
570,43,[]
626,13,[]
645,18,[]
672,19,[]
700,13,[]
719,18,[]
746,21,[]
777,21,[]
808,21,[]
839,20,[]
868,23,[]
902,22,[]
934,21,[]
965,22,[]
997,23,[]
1031,21,[]
1057,21,[]
1081,18,[]
1102,21,[]
1126,18,[]
1147,17,[]
1166,17,[]
1186,19,[]
1208,17,[]
1228,17,[]
1247,22,[]
1272,16,[]
1291,15,[]
1308,17,[]
1327,19,[]
1349,73,[]
1432,7,[]
1441,15,[]
1459,13,[]
1475,15,[]
1493,15,[]
1511,14,[]
1528,14,[]
1545,17,[5, 6, 7, 8, 9, 10, 11, 12]
1566,16,[]
1586,17,[]
1607,16,[]
1627,14,[]
1644,14,[]
1661,16,[]
1681,14,[]
1698,15,[]
1714,13,[]
1729,14,[]
1744,13,[]
1759,16,[]
1778,13,[]
1792,13,[]
1806,13,[]
1820,17,[]
1839,14,[]
1854,14,[]
1869,12,[]
1882,16,[]
1900,11,[]
1912,75,[]
1997,6,[]
2005,10,[]
2017,10,[]
2029,13,[]
2045,11,[]
2060,15,[]
2082,10,[]
2097,12,[]
2115,15,[]
2137,16,[]
2161,12,[]
2179,14,[]
2200,12,[]
2218,15,[]
2240,11,[]
2257,13,[]
2273,10,[]
2285,15,[]
2303,14,[]
2320,16,[]
2339,12,[]
2353,11,[]
2366,14,[]
2383,12,[]
2397,12,[]
2411,16,[]
2430,12,[]
2444,10,[]
2456,12,[]
2470,87,[]
2584,9,[]
2598,11,[]
2615,9,[]
2629,13,[]
2649,10,[]
2664,12,[]
2682,13,[]
2702,14,[]
2723,13,[]
2743,14,[]
2764,15,[]
2786,14,[]
2807,11,[]
2824,15,[]
2846,17,[]
2871,14,[]
2888,14,[]
2907,13,[]
2923,13,[]
2941,15,[]
2961,13,[]
2979,15,[]
2999,16,[]
3020,18,[]
3044,15,[]
3064,17,[]
3087,18,[]
3111,19,[]
3136,19,[]
3161,56,[]
3235,16,[]
3259,15,[]
3281,18,[]
3308,14,[]
3329,17,[]
3354,17,[]
3379,19,[]
3407,20,[]
3437,19,[]
3465,17,[]
3490,14,[]
3511,15,[]
3533,15,[]
3555,16,[]
3579,17,[]
3604,18,[]
3628,19,[]
3653,18,[]
3677,17,[]
3700,13,[]
3718,13,[]
3736,14,[]
3755,15,[]
3775,16,[]
3796,16,[]
3817,16,[]
3838,17,[]
3861,12,[]
3875,16,[]
3894,44,[]
3952,7,[]
3963,16,[]
3987,9,[]
4001,15,[]
4023,11,[]
4040,11,[]
4057,10,[]
4072,11,[]
4087,10,[]
4100,11,[]
4114,14,[]
4131,11,[]
4145,10,[2, 3, 4]
4157,11,[]
4171,13,[]
4187,14,[]
4202,10,[]
4213,14,[]
4228,10,[]
4239,12,[]
4252,10,[]
4263,11,[]
4275,12,[]
4288,14,[]
4303,15,[]
4320,13,[]
4335,13,[]
4350,13,[]
4365,11,[]
4378,49,[]
4434,7,[]
4443,11,[]
4457,10,[]
4469,11,[]
4483,12,[]
4498,10,[]
4510,10,[]
4522,12,[]
4537,10,[]
4549,11,[]
4563,13,[]
4579,13,[]
4595,13,[]
4611,13,[]
4627,10,[]
4639,13,[]
4653,11,[]
4665,12,[]
4678,10,[]
4689,14,[]
4704,11,[]
4716,13,[]
4730,11,[]
4742,14,[]
4757,10,[]
4768,12,[]
4781,10,[]
4792,14,[]
4807,12,[]
4820,63,[]
4892,8,[]
4902,10,[]
4914,12,[]
4929,13,[]
4945,12,[]
4960,12,[]
4975,6,[]
4983,11,[]
4997,13,[]
5013,14,[]
5030,12,[]
5045,12,[]
5060,11,[]
5074,13,[]
5090,11,[]
5104,14,[]
5119,12,[]
5132,14,[]
5147,13,[]
5161,14,[]
5176,11,[]
5188,12,[]
5201,12,[]
5214,15,[]
5231,14,[]
5247,15,[]
5263,13,[]
5277,17,[]
5296,15,[]
5312,57,[]
5377,11,[]
5391,14,[]
5408,14,[]
5425,15,[]
5443,13,[]
5459,17,[]
5480,16,[]
5500,15,[]
5518,17,[]
5539,19,[]
5562,19,[]
5585,16,[]
5605,18,[]
5627,17,[]
5648,18,[]
5670,17,[7]
5689,16,[]
5707,17,[]
5726,18,[]
5747,15,[]
5764,14,[7, 8, 9, 10, 11, 12]
5780,14,[]
5796,15,[]
5813,16,[]
5832,17,[]
5852,20,[]
5875,20,[]
5898,19,[]
5920,13,[]
0,50,[]
65,6,[]
74,12,[]
92,13,[]
111,16,[]
135,11,[]
151,15,[]
173,14,[]
194,14,[]
215,25,[]
252,14,[]
273,13,[]
292,14,[]
313,14,[]
334,14,[]
355,11,[]
371,16,[]
390,16,[]
409,15,[]
427,16,[]
446,17,[]
466,15,[]
484,15,[]
502,15,[]
520,14,[]
537,13,[]
552,14,[]
569,14,[]
586,17,[]
606,16,[]
625,127,[]
791,4,[]
797,9,[]
811,12,[]
829,4,[]
835,6,[]
844,10,[]
859,13,[]
878,13,[]
897,11,[]
913,12,[]
931,12,[]
949,14,[]
970,12,[]
988,12,[]
1006,16,[]
1028,13,[]
1043,15,[]
1060,19,[]
1082,19,[]
1104,16,[]
1122,16,[]
1140,13,[]
1155,16,[]
1173,13,[]
1188,15,[]
1205,12,[]
1219,17,[]
1238,15,[]
1257,18,[]
1279,96,[]
1397,5,[]
1404,9,[]
1416,15,[]
1436,11,[]
1451,15,[]
1471,12,[]
1487,16,[]
1509,14,[]
1528,15,[]
1548,11,[]
1563,17,[]
1586,15,[]
1606,16,[]
1628,15,[]
1648,20,[]
1675,13,[]
1690,17,[]
1709,16,[]
1727,20,[]
1750,19,[]
1772,18,[]
1792,15,[]
1809,21,[13, 14, 15, 16]
1833,14,[]
1849,17,[]
1868,14,[]
1884,20,[]
1909,17,[]
1930,19,[]
1954,95,[]
2070,7,[]
2079,10,[]
2092,15,[]
2112,12,[]
2128,16,[]
2149,16,[]
2170,14,[]
2188,13,[]
2205,15,[]
2225,13,[]
2242,14,[7, 8, 9, 10, 11, 12]
2260,13,[]
2277,13,[]
2294,8,[]
2305,16,[]
2326,16,[]
2345,14,[]
2362,15,[]
2380,20,[]
2404,17,[]
2423,13,[]
2438,12,[]
2453,25,[]
2483,13,[]
2499,14,[]
2516,14,[]
2533,14,[]
2550,10,[]
2562,16,[]
2581,66,[]
2659,6,[]
2667,9,[]
2679,13,[]
2696,9,[]
2708,11,[]
2722,12,[]
2738,12,[]
2754,12,[]
2770,13,[]
2787,12,[]
2803,13,[]
2820,18,[]
2843,15,[]
2863,15,[]
2883,16,[]
2904,13,[]
2919,18,[]
2941,18,[]
2963,18,[]
2985,16,[]
3004,15,[]
3022,15,[]
3040,13,[]
3056,12,[]
3071,12,[]
3086,12,[]
3101,14,[]
3119,11,[]
3133,15,[]
3152,59,[]
3224,10,[]
3238,11,[]
3253,11,[]
3268,10,[]
3282,13,[]
3300,11,[]
3315,13,[]
3333,15,[]
3353,16,[]
3375,15,[]
3395,12,[]
3411,17,[]
3434,15,[]
3454,16,[]
3476,15,[]
3496,16,[]
3516,15,[]
3535,20,[]
3560,12,[]
3575,12,[]
3590,10,[]
3603,12,[]
3618,18,[]
3640,11,[]
3654,15,[]
3673,18,[]
3695,14,[]
3713,16,[]
3733,14,[]
3751,69,[]
3836,9,[]
3848,11,[]
3863,14,[]
3882,17,[]
3905,21,[]
3933,23,[]
3964,19,[]
3990,21,[]
4018,18,[]
4042,17,[]
4065,15,[]
4085,18,[]
4108,15,[]
4126,19,[]
4149,18,[]
4171,18,[0, 1, 2, 3]
4192,19,[]
4214,21,[]
4238,21,[]
4262,22,[]
4287,25,[]
4316,22,[]
4341,20,[]
4364,22,[]
4389,22,[]
4414,22,[]
4439,21,[]
4463,20,[]
4486,19,[]
4508,68,[]
4585,13,[]
4601,16,[]
4621,19,[]
4644,18,[]
4666,24,[]
4695,20,[]
4719,14,[]
4736,13,[]
4752,12,[]
4767,11,[]
4781,14,[]
4798,12,[]
4813,12,[]
4828,15,[]
4846,15,[]
4864,14,[]
4880,15,[]
4897,15,[]
4914,22,[]
4939,16,[]
4958,18,[]
4979,16,[]
4998,16,[]
5017,17,[]
5037,17,[]
5057,16,[]
5076,13,[]
5091,14,[]
5107,14,[]
5123,47,[]
5177,11,[]
5191,16,[]
5211,15,[]
5229,14,[]
5246,15,[]
5264,15,[]
5282,15,[]
5300,14,[]
5317,11,[]
5331,11,[]
5345,15,[]
5363,11,[]
5377,10,[]
5389,13,[]
5405,11,[]
5419,15,[]
5436,12,[]
5449,10,[]
5460,16,[]
5478,15,[]
5495,11,[]
5508,12,[]
5522,16,[]
5541,13,[]
5556,15,[]
5573,12,[]
5587,13,[]
5602,12,[]
5616,12,[]
5630,53,[]
5690,9,[]
5701,11,[]
5715,13,[]
5731,14,[]
5748,15,[]
5766,16,[]
5786,16,[]
5806,17,[]
5827,15,[]
5845,15,[]
5863,19,[]
5886,16,[]
5906,15,[]
5924,15,[]
5942,14,[]
5959,22,[]
5984,11,[]
5997,14,[]
6013,15,[]
6030,16,[]
6049,15,[]
6066,14,[]
6082,15,[]
6099,14,[]
6115,12,[]
6129,10,[]
6141,10,[]
6153,13,[]
6168,11,[]
0,47,[]
62,11,[]
78,13,[]
97,7,[]
108,15,[]
130,17,[]
155,14,[]
176,15,[]
198,6,[]
207,15,[]
229,12,[]
247,14,[]
268,26,[]
306,12,[]
324,13,[]
343,9,[]
357,12,[]
371,12,[]
385,16,[]
404,18,[]
425,10,[]
437,17,[]
457,17,[]
477,26,[]
511,14,[]
528,11,[]
541,11,[]
554,10,[]
566,14,[]
583,28,[]
616,103,[]
750,9,[]
764,5,[]
772,6,[]
781,4,[]
787,6,[]
796,7,[]
807,20,[]
836,23,[]
870,5,[]
878,14,[]
899,13,[]
918,15,[]
940,12,[]
958,7,[]
969,13,[]
988,19,[]
1010,19,[]
1032,18,[4, 5]
1053,13,[]
1069,15,[]
1087,7,[]
1096,16,[10, 11, 12, 13, 14, 15]
1115,19,[]
1137,15,[]
1155,16,[]
1174,4,[]
1179,18,[]
1200,17,[]
1220,29,[]
1258,83,[]
1367,8,[]
1379,10,[]
1394,5,[]
1402,12,[]
1420,11,[]
1437,14,[]
1458,15,[]
1480,9,[]
1494,16,[]
1518,14,[]
1539,16,[]
1563,19,[]
1591,16,[]
1615,18,[]
1642,4,[]
1648,18,[]
1669,22,[]
1695,19,[]
1717,25,[]
1746,8,[]
1756,21,[]
1781,13,[]
1797,18,[]
1818,12,[]
1832,20,[4]
1856,14,[]
1873,9,[]
1884,25,[]
1913,18,[]
1934,82,[]
2042,6,[]
2051,3,[]
2056,9,[]
2070,14,[]
2091,26,[]
2130,25,[]
2167,24,[]
2203,14,[]
2224,23,[]
2258,6,[]
2267,14,[]
2288,12,[]
2306,14,[]
2327,18,[]
2354,11,[]
2371,21,[]
2396,19,[]
2418,29,[]
2452,14,[]
2469,12,[]
2483,9,[]
2494,11,[]
2507,8,[6]
2517,10,[]
2529,26,[]
2560,29,[]
2594,8,[]
2604,40,[]
2657,29,[]
2695,67,[]
2783,1,[]
2785,6,[]
2794,5,[]
2802,2,[]
2805,11,[]
2822,7,[]
2833,8,[]
2845,8,[]
2857,13,[]
2877,20,[]
2907,16,[]
2931,34,[]
2981,14,[]
3002,18,[]
3029,11,[]
3046,17,[]
3065,14,[]
3081,14,[]
3097,15,[]
3114,9,[]
3124,21,[]
3147,20,[]
3169,21,[]
3192,17,[]
3211,12,[]
3225,11,[]
3237,9,[]
3247,15,[]
3264,12,[]
3278,88,[]
3382,12,[]
3398,4,[]
3404,18,[]
3427,18,[]
3450,8,[]
3461,12,[]
3477,11,[]
3491,12,[]
3507,9,[]
3519,14,[7, 8, 9, 10, 11]
3537,14,[]
3555,22,[]
3583,32,[]
3624,7,[]
3633,15,[]
3653,16,[]
3671,9,[]
3681,34,[]
3722,14,[]
3738,24,[]
3765,6,[]
3772,25,[]
3800,23,[]
3826,23,[]
3852,22,[]
3876,7,[]
3884,13,[]
3899,14,[]
3915,18,[]
3935,68,[]
4016,17,[]
4038,28,[]
4074,6,[]
4082,19,[]
4108,26,[]
4143,14,[]
4162,20,[]
4189,8,[]
4200,22,[]
4230,16,[]
4252,23,[]
4283,18,[]
4307,12,[]
4323,25,[]
4357,8,[]
4368,15,[]
4385,13,[]
4400,18,[]
4420,20,[]
4443,7,[]
4451,11,[]
4464,20,[]
4487,10,[]
4499,26,[]
4531,17,[]
4550,10,[]
4562,7,[]
4570,23,[]
4596,11,[10]
4609,67,[]
4691,4,[]
4697,4,[]
4703,11,[]
4718,15,[]
4738,15,[]
4758,16,[]
4780,12,[]
4796,17,[]
4819,7,[]
4829,36,[]
4877,19,[]
4903,11,[]
4918,8,[]
4929,8,[]
4940,11,[]
4955,10,[]
4967,23,[]
4993,13,[]
5008,24,[]
5035,10,[]
5047,10,[]
5059,6,[]
5066,15,[]
5083,14,[]
5099,23,[]
5125,19,[]
5147,10,[]
5159,15,[]
5176,13,[]
5191,59,[]
5263,5,[]
5270,11,[]
5285,15,[]
5305,10,[]
5319,14,[]
5338,13,[]
5356,14,[]
5375,13,[]
5393,8,[]
5404,15,[]
5424,14,[]
5443,15,[]
5463,19,[]
5489,16,[]
5511,15,[]
5531,9,[]
5541,16,[]
5559,12,[]
5573,13,[]
5588,13,[]
5603,11,[]
5616,14,[]
5632,17,[]
5651,16,[]
5669,15,[]
5686,12,[]
5700,20,[5]
5723,8,[]
5732,21,[]
5756,80,[]
5854,4,[]
5860,8,[]
5871,5,[]
5878,12,[]
5894,14,[]
5913,21,[]
5941,19,[]
5967,21,[]
5995,33,[]
6039,7,[]
6049,13,[]
6067,14,[]
6086,17,[]
6109,19,[]
6135,6,[]
6143,17,[]
6164,11,[]
6177,13,[]
6192,13,[]
6207,13,[]
6222,18,[]
6242,6,[]
6249,22,[]
6274,10,[]
6286,11,[]
6299,12,[]
6313,10,[]
6325,12,[]
6339,9,[]
0,15,[]
20,1,[]
22,7,[]
33,9,[]
47,8,[]
59,4,[]
65,7,[]
76,4,[]
82,9,[]
96,7,[]
107,5,[]
115,18,[]
142,14,[]
163,22,[]
195,13,[]
214,19,[]
242,14,[]
259,23,[5, 6, 7, 8, 9, 10]
286,15,[]
304,6,[]
311,13,[]
326,14,[]
343,18,[]
364,14,[]
381,31,[]
417,8,[]
427,20,[]
450,12,[]
464,21,[]
489,18,[]
510,124,[]
672,12,[]
690,1,[]
692,4,[]
698,2,[]
701,11,[]
717,6,[]
726,12,[]
744,9,[]
758,12,[]
776,14,[]
797,13,[]
816,18,[]
843,9,[]
857,20,[]
886,8,[]
898,17,[7, 8, 9, 10, 11, 12, 13]
918,16,[]
937,9,[]
948,14,[]
965,9,[]
976,16,[]
995,8,[]
1005,19,[]
1028,13,[]
1044,18,[]
1065,10,[]
1077,18,[]
1098,16,[]
1117,12,[]
1131,120,[]
1291,1,[]
1293,8,[]
1305,3,[]
1310,11,[]
1327,13,[]
1347,7,[]
1358,19,[]
1387,10,[]
1402,18,[]
1429,8,[]
1441,23,[]
1476,10,[]
1491,20,[]
1521,9,[]
1535,18,[]
1562,18,[]
1583,14,[]
1600,29,[]
1634,9,[]
1645,21,[]
1670,12,[]
1684,23,[]
1711,11,[]
1724,22,[4]
1750,11,[]
1763,19,[]
1786,22,[]
1812,12,[]
1826,20,[]
1850,122,[]
2013,12,[]
2030,3,[]
2034,18,[]
2056,17,[]
2077,12,[]
2092,19,[]
2115,13,[]
2131,23,[]
2159,11,[]
2173,17,[]
2194,9,[]
2205,19,[]
2228,19,[]
2251,9,[]
2262,19,[]
2285,9,[]
2295,21,[]
2318,9,[]
2328,22,[]
2352,11,[]
2364,25,[]
2391,21,[]
2414,9,[]
2424,24,[]
2450,13,[]
2464,22,[]
2488,15,[2, 3, 4, 5, 6]
2505,21,[]
2528,9,[]
2538,126,[]
2682,1,[]
2684,12,[]
2699,7,[]
2708,15,[]
2727,17,[]
2748,7,[]
2757,19,[]
2780,12,[]
2795,20,[]
2820,7,[]
2829,21,[]
2855,12,[]
2870,29,[]
2906,18,[]
2928,14,[]
2945,19,[]
2966,9,[]
2976,23,[]
3001,14,[]
3016,24,[]
3043,12,[]
3057,20,[]
3079,19,[]
3100,10,[]
3111,21,[]
3134,13,[]
3149,23,[]
3175,7,[1, 2, 3, 4, 5, 6]
3183,18,[]
3203,121,[]
3347,1,[]
3349,12,[]
3365,8,[]
3376,15,[]
3396,10,[]
3409,19,[]
3434,8,[]
3445,19,[]
3470,9,[]
3482,16,[]
3503,20,[]
3529,12,[]
3545,18,[]
3569,9,[]
3581,17,[]
3603,10,[]
3614,21,[]
3637,9,[]
3647,17,[]
3666,11,[]
3679,18,[]
3699,17,[]
3718,13,[]
3733,21,[]
3756,11,[]
3769,17,[]
3788,9,[]
3798,21,[]
3821,16,[]
3839,123,[]
3986,6,[]
3994,4,[]
4000,11,[]
4015,5,[]
4022,14,[]
4043,8,[]
4055,23,[]
4090,10,[]
4105,17,[]
4131,15,[]
4154,11,[]
4171,19,[]
4200,10,[]
4215,14,[]
4236,8,[]
4248,19,[]
4271,14,[]
4288,8,[]
4298,15,[]
4316,9,[]
4327,18,[]
4348,10,[]
4360,18,[]
4381,13,[]
4397,19,[]
4420,11,[]
4433,18,[]
4454,11,[3, 4]
4467,20,[]
4491,123,[]
4655,1,[]
4657,9,[]
4671,8,[]
4683,11,[]
4700,8,[]
4712,11,[]
4729,6,[]
4738,12,[]
4756,11,[]
4773,10,[]
4788,16,[]
4812,9,[]
4826,14,[]
4847,9,[]
4861,16,[]
4885,16,[]
4904,8,[]
4914,16,[]
4933,8,[]
4943,14,[]
4960,8,[]
4970,19,[]
4993,8,[]
5003,18,[]
5024,9,[]
5035,18,[]
5055,17,[]
5074,11,[]
5086,15,[10, 11]
5103,110,[]
5229,13,[]
5245,6,[]
5253,12,[]
5268,7,[]
5277,14,[]
5294,13,[]
5310,10,[]
5323,13,[]
5339,8,[]
5349,13,[]
5365,8,[]
5375,16,[]
5395,10,[]
5408,14,[]
5425,6,[]
5433,13,[]
5447,14,[]
5462,11,[]
5474,15,[]
5491,10,[]
5502,16,[]
5520,10,[]
5531,17,[]
5550,17,[]
5569,8,[]
5578,16,[]
5596,8,[]
5605,17,[]
5624,11,[]
5636,114,[]
5766,1,[]
5768,8,[]
5778,12,[]
5793,8,[]
5803,15,[]
5822,6,[]
5830,15,[]
5849,10,[]
5862,15,[]
5881,8,[]
5891,14,[]
5908,9,[]
5919,15,[]
5938,15,[]
5957,8,[]
5967,15,[]
5984,9,[]
5994,17,[]
6013,10,[]
6024,19,[]
6045,9,[]
6055,19,[]
6076,19,[]
6097,11,[]
6109,22,[]
6133,9,[]
6143,19,[4]
6164,11,[]
6176,10,[]
0,21,[]
28,8,[]
40,10,[]
55,15,[]
77,9,[]
91,15,[]
113,16,[]
137,7,[]
148,14,[]
169,13,[]
188,4,[]
194,12,[]
212,7,[]
223,13,[]
242,13,[]
261,18,[]
288,8,[]
298,11,[]
311,13,[]
326,12,[]
340,23,[11]
367,17,[]
387,5,[]
393,14,[]
410,16,[]
429,17,[]
449,30,[]
488,14,[]
505,7,[2, 3, 4, 5, 6]
514,15,[]
532,97,[]
659,8,[]
671,12,[]
689,7,[]
700,2,[]
703,11,[]
719,7,[]
730,13,[]
749,14,[]
770,14,[]
791,4,[]
797,17,[]
822,20,[]
851,8,[]
863,20,[]
892,23,[]
926,8,[]
936,24,[]
968,23,[]
998,7,[]
1007,24,[]
1040,21,[]
1069,7,[]
1078,22,[]
1108,20,[]
1136,13,[]
1152,20,[]
1180,19,[]
1206,6,[]
1214,18,[]
1239,82,[]
1351,2,[]
1355,14,[]
1377,16,[]
1402,9,[]
1416,18,[]
1444,20,[]
1475,11,[]
1492,20,[]
1523,10,[]
1539,25,[]
1578,21,[]
1611,22,[]
1645,11,[]
1662,24,[]
1699,25,[]
1738,12,[]
1753,23,[]
1785,20,[]
1813,8,[]
1823,9,[]
1834,27,[]
1871,9,[]
1882,21,[]
1911,5,[]
1917,19,[]
1940,18,[]
1962,18,[]
1984,7,[]
1993,19,[]
2016,79,[]
2117,2,[]
2120,9,[]
2132,6,[]
2140,14,[]
2159,10,[]
2173,8,[]
2184,15,[]
2204,18,[]
2228,7,[]
2238,11,[]
2253,18,[]
2277,17,[]
2300,6,[]
2308,15,[]
2328,14,[]
2347,16,[]
2365,15,[]
2382,16,[]
2400,7,[]
2408,15,[]
2425,15,[]
2442,7,[]
2450,18,[2, 3]
2470,12,[]
2484,16,[]
2502,15,[]
2519,13,[]
2534,16,[]
2552,13,[]
2567,94,[]
2682,1,[]
2684,9,[]
2696,15,[]
2716,5,[]
2723,17,[]
2746,4,[]
2752,17,[]
2775,18,[]
2799,11,[]
2814,20,[]
2841,16,[]
2863,19,[]
2889,12,[]
2905,21,[]
2933,16,[]
2955,11,[]
2968,21,[]
2994,9,[]
3004,22,[]
3031,19,[]
3054,9,[]
3064,18,[]
3085,17,[]
3105,20,[]
3128,9,[]
3138,21,[]
3162,16,[]
3180,10,[]
3191,21,[]
3214,75,[]
3299,11,[]
3313,15,[]
3331,10,[]
3343,17,[]
3364,16,[]
3384,18,[]
3406,10,[]
3418,19,[]
3441,7,[]
3450,12,[]
3465,21,[]
3491,13,[]
3507,21,[]
3533,16,[]
3553,13,[]
3569,18,[]
3589,17,[]
3608,14,[]
3623,17,[]
3642,15,[]
3658,17,[7, 8]
3677,15,[]
3693,17,[]
3712,9,[]
3722,16,[]
3740,24,[]
3766,12,[]
3779,15,[]
3795,22,[]
3820,93,[]
3926,8,[]
3936,13,[]
3952,8,[]
3962,16,[]
3982,18,[]
4004,10,[]
4016,18,[]
4038,18,[]
4061,10,[]
4075,20,[]
4102,16,[]
4124,17,[]
4147,14,[]
4166,19,[]
4192,6,[]
4200,18,[]
4222,19,[]
4244,7,[]
4252,16,[]
4270,16,[]
4288,9,[]
4298,17,[]
4317,16,[]
4335,13,[]
4350,16,[]
4368,17,[]
4387,9,[]
4397,18,[]
4417,20,[]
4442,76,[]
4535,11,[]
4550,14,[]
4569,7,[]
4579,17,[]
4602,16,[]
4624,18,[]
4648,10,[]
4662,19,[]
4688,7,[]
4698,16,[]
4720,18,[]
4744,8,[]
4755,18,[]
4779,20,[]
4806,7,[]
4816,18,[]
4836,19,[]
4858,18,[]
4878,7,[]
4886,19,[]
4908,13,[]
4923,16,[]
4941,19,[]
4965,7,[]
4973,17,[]
4992,18,[]
5012,8,[]
5021,19,[]
5043,16,[]
5061,81,[]
5153,7,[]
5162,12,[]
5177,8,[]
5187,17,[]
5208,6,[]
5216,12,[]
5231,18,[]
5253,18,[]
5275,6,[]
5283,18,[]
5305,18,[]
5327,17,[]
5348,11,[]
5362,19,[]
5385,7,[]
5394,20,[16]
5416,18,[13, 14, 15, 16, 17]
5436,7,[]
5444,18,[]
5464,20,[]
5486,7,[]
5494,19,[]
5515,21,[]
5538,8,[]
5547,18,[]
5567,17,[]
5586,8,[]
5595,17,[]
5614,13,[]
5628,84,[]
5723,7,[]
5732,9,[]
5743,10,[]
5755,14,[]
5772,12,[]
5787,9,[]
5798,15,[]
5816,16,[]
5836,7,[]
5845,21,[]
5871,19,[]
5894,7,[]
5903,17,[]
5924,16,[]
5944,7,[]
5953,18,[]
5973,15,[]
5989,14,[]
6004,19,[17, 18]
6025,16,[]
6043,13,[]
6057,19,[]
6079,18,[]
6100,13,[]
6116,19,[]
6138,8,[]
6148,22,[]
6174,8,[]
6184,11,[]
0,30,[]
39,6,[]
48,13,[]
67,16,[]
91,15,[]
113,16,[]
137,14,[]
158,16,[]
182,15,[]
204,10,[]
219,21,[]
250,20,[]
279,20,[]
308,21,[]
339,21,[]
370,21,[]
401,20,[]
427,20,[]
453,20,[]
479,19,[]
504,19,[]
529,19,[]
554,17,[]
577,17,[]
600,16,[]
621,25,[]
654,13,[]
671,16,[]
692,18,[]
716,15,[]
736,60,[]
814,9,[]
828,12,[]
846,13,[]
865,8,[]
877,15,[]
899,13,[]
918,16,[]
942,15,[]
964,16,[]
988,19,[]
1016,18,[]
1039,18,[]
1062,18,[]
1085,16,[]
1106,16,[]
1127,17,[]
1148,19,[]
1171,16,[]
1190,17,[]
1209,15,[]
1226,15,[]
1243,14,[]
1259,14,[]
1275,14,[]
1291,25,[]
1319,17,[]
1338,17,[]
1357,15,[]
1374,15,[]
1391,77,[]
1482,5,[]
1489,9,[]
1501,10,[]
1514,12,[]
1530,13,[]
1547,11,[]
1561,13,[]
1578,11,[]
1592,16,[]
1613,19,[]
1638,16,[]
1659,19,[]
1684,16,[]
1705,17,[]
1727,15,[]
1747,18,[]
1767,18,[]
1787,19,[]
1808,17,[]
1827,18,[]
1847,15,[]
1864,17,[]
1883,16,[]
1901,19,[16]
1922,27,[]
1952,13,[]
1967,17,[3, 4, 5]
1986,15,[]
2003,13,[]
2018,86,[]
2116,8,[]
2126,15,[]
2144,13,[]
2160,18,[]
2182,13,[]
2198,14,[]
2215,13,[]
2231,16,[]
2251,15,[]
2269,17,[]
2290,15,[]
2308,16,[]
2328,14,[]
2345,13,[]
2361,16,[]
2381,15,[]
2398,16,[]
2417,16,[]
2436,14,[]
2452,14,[]
2468,13,[]
2483,13,[]
2498,15,[]
2515,23,[]
2541,12,[]
2555,15,[]
2572,16,[]
2591,14,[]
2607,13,[]
2622,61,[]
2691,8,[]
2701,10,[]
2713,13,[]
2729,12,[]
2744,12,[]
2759,13,[]
2775,12,[]
2790,12,[]
2805,13,[]
2821,13,[]
2837,12,[]
2852,12,[]
2867,13,[]
2883,12,[]
2898,17,[]
2919,14,[]
2935,15,[]
2952,16,[]
2971,17,[]
2991,18,[]
3012,16,[]
3031,17,[]
3052,26,[]
3086,15,[]
3106,17,[]
3128,17,[]
3150,15,[]
3170,24,[]
3201,15,[]
3221,72,[]
3313,9,[]
3326,13,[]
3345,20,[]
3374,18,[]
3400,13,[]
3419,13,[]
3438,17,[]
3462,18,[]
3488,17,[]
3512,16,[]
3535,16,[]
3558,14,[]
3578,16,[]
3601,18,[]
3627,18,[]
3653,18,[]
3676,19,[]
3701,17,[]
3723,19,[]
3748,16,[]
3769,17,[]
3791,17,[]
3813,31,[]
3853,15,[]
3873,15,[]
3893,17,[]
3915,17,[]
3937,16,[]
3958,16,[]
3979,75,[]
4075,8,[]
4086,12,[]
4102,12,[]
4118,14,[]
4137,14,[]
4156,13,[]
4174,16,[]
4196,15,[]
4216,15,[]
4236,13,[]
4254,17,[]
4277,17,[]
4300,12,[]
4316,13,[]
4334,21,[]
4362,16,[]
4382,17,[]
4403,12,[]
4418,12,[]
4432,13,[]
4447,14,[]
4463,23,[]
4492,11,[]
4505,13,[]
4520,16,[]
4538,13,[]
4553,15,[]
4570,13,[]
4585,14,[]
4601,79,[]
4698,5,[]
4705,7,[]
4715,8,[]
4726,11,[]
4741,9,[]
4753,10,[]
4767,12,[]
4783,15,[]
4803,13,[]
4821,12,[]
4837,14,[]
4856,16,[]
4878,14,[]
4897,13,[]
4915,11,[]
4930,11,[]
4943,12,[]
4957,11,[]
4970,11,[]
4983,15,[]
5000,14,[]
5016,28,[9, 10]
5048,15,[]
5065,17,[]
5084,14,[]
5100,13,[]
5115,13,[]
5130,15,[]
5147,17,[]
5166,88,[]
5274,6,[]
5282,10,[]
5296,12,[]
5312,13,[]
5330,14,[]
5349,14,[]
5368,14,[]
5387,15,[]
5407,15,[]
5427,15,[]
5447,14,[]
5466,15,[]
5486,14,[]
5505,13,[]
5523,18,[]
5547,13,[]
5563,13,[]
5579,12,[]
5594,13,[]
5610,15,[]
5629,22,[]
5656,12,[]
5671,13,[]
5687,12,[]
5702,12,[]
5717,12,[]
5731,13,[]
5746,13,[]
5761,12,[]
5775,61,[]
5850,6,[]
5858,9,[]
5870,10,[]
5884,11,[]
5899,9,[]
5911,12,[]
5927,12,[]
5943,12,[]
5959,13,[]
5977,13,[]
5995,14,[]
6014,15,[]
6034,14,[]
6053,15,[]
6073,15,[]
6093,16,[5, 6, 7, 8, 9]
6113,16,[]
6133,16,[]
6153,14,[]
6171,16,[]
6191,23,[]
6220,15,[]
6237,14,[]
6253,16,[]
6271,16,[]
6289,17,[]
6308,15,[]
6325,14,[]
6341,12,[]
0,20,[8, 9, 10, 11, 12, 13, 14, 15]
26,7,[]
37,3,[]
42,11,[]
58,11,[]
74,14,[]
95,10,[]
110,13,[]
129,13,[]
148,12,[]
166,12,[]
184,11,[]
200,6,[]
209,12,[]
227,12,[]
245,12,[]
263,12,[]
277,8,[]
287,11,[]
300,13,[]
315,15,[]
333,14,[]
350,18,[]
371,18,[]
392,17,[]
412,12,[]
426,13,[]
441,13,[]
456,13,[]
471,17,[]
491,74,[]
588,16,[]
612,13,[]
631,3,[]
636,12,[]
654,14,[]
675,16,[]
699,10,[]
714,17,[]
739,16,[]
763,17,[]
788,8,[]
800,17,[]
825,18,[]
852,17,[]
877,15,[]
899,18,[]
920,6,[]
927,17,[]
947,16,[]
966,17,[]
986,20,[]
1009,8,[]
1019,18,[]
1040,20,[]
1064,17,[]
1084,18,[]
1105,10,[]
1117,20,[]
1141,16,[]
1160,70,[]
1252,12,[]
1270,4,[]
1276,16,[]
1300,17,[]
1325,17,[]
1350,17,[]
1375,10,[]
1390,18,[]
1417,17,[]
1442,18,[]
1469,18,[]
1496,11,[]
1513,19,[]
1541,19,[]
1569,18,[]
1596,17,[15, 16]
1616,20,[]
1640,10,[]
1652,21,[]
1677,17,[]
1697,18,[]
1718,10,[]
1730,26,[]
1761,20,[]
1785,21,[]
1810,20,[]
1834,20,[]
1858,6,[]
1865,17,[]
1885,73,[]
1981,2,[]
1984,14,[]
2005,15,[]
2027,16,[]
2049,16,[]
2070,15,[]
2090,10,[]
2103,19,[]
2128,19,[]
2153,16,[]
2174,9,[]
2186,19,[]
2211,19,[]
2236,15,[]
2256,16,[]
2277,18,[]
2297,10,[]
2308,20,[]
2330,18,[]
2350,19,[]
2371,19,[]
2392,6,[]
2399,17,[]
2418,19,[]
2439,19,[]
2460,18,[]
2480,18,[]
2500,9,[]
2510,16,[]
2528,62,[]
2602,12,[]
2618,4,[]
2624,15,[]
2644,15,[]
2664,13,[]
2681,16,[]
2702,15,[]
2722,8,[]
2733,17,[]
2755,9,[]
2767,18,[]
2790,17,[]
2812,17,[]
2834,17,[]
2856,16,[]
2877,10,[]
2888,16,[]
2906,17,[]
2925,16,[]
2943,14,[]
2959,15,[]
2976,10,[]
2987,18,[]
3007,16,[]
3025,15,[]
3042,15,[]
3060,15,[]
3078,7,[]
3087,16,[]
3106,71,[]
3200,2,[]
3203,13,[]
3223,14,[]
3244,16,[]
3268,16,[]
3292,16,[]
3316,10,[]
3331,15,[]
3353,17,[]
3378,17,[]
3403,13,[]
3423,9,[]
3437,15,[]
3459,18,[]
3486,16,[]
3510,16,[]
3529,9,[]
3540,17,[]
3560,17,[]
3580,16,[]
3599,15,[]
3617,17,[3, 4, 5]
3637,6,[]
3644,15,[]
3662,15,[]
3680,16,[]
3699,16,[]
3718,7,[]
3727,16,[]
3746,68,[]
3836,12,[]
3854,5,[]
3862,15,[]
3884,18,[]
3911,12,[]
3929,7,[]
3940,16,[]
3964,18,[]
3991,17,[]
4016,18,[]
4043,7,[]
4053,19,[]
4078,20,[]
4104,19,[]
4129,19,[]
4154,9,[]
4164,19,[]
4185,19,[]
4208,22,[]
4234,17,[]
4255,23,[]
4283,6,[]
4290,23,[]
4318,21,[]
4343,22,[]
4369,16,[]
4387,7,[]
4395,16,[]
4413,22,[]
4439,61,[]
4511,16,[]
4532,5,[]
4539,19,[]
4564,20,[]
4590,16,[]
4611,17,[]
4633,7,[]
4642,21,[]
4669,18,[]
4692,17,[]
4714,19,[]
4739,6,[]
4747,16,[]
4768,19,[]
4793,18,[]
4816,17,[]
4837,9,[]
4847,17,[]
4866,17,[]
4887,19,[]
4910,18,[]
4932,5,[]
4938,17,[]
4959,15,[]
4976,18,[]
4996,16,[]
5014,15,[]
5031,7,[]
5039,17,[]
5058,65,[]
5138,1,[]
5140,13,[]
5159,17,[]
5183,17,[]
5207,17,[]
5231,8,[]
5243,17,[]
5267,20,[]
5296,16,[]
5319,8,[]
5331,17,[]
5355,20,[]
5384,16,[]
5407,17,[]
5431,18,[]
5457,4,[]
5462,16,[]
5483,19,[]
5508,17,[14, 15, 16]
5528,14,[]
5544,7,[]
5552,16,[]
5571,17,[]
5591,17,[]
5611,17,[]
5631,16,[]
5650,7,[]
5658,18,[]
5679,19,[]
5701,64,[]
5783,11,[]
5799,5,[]
5807,15,[]
5829,17,[]
5853,10,[]
5868,10,[]
5883,8,[]
5895,16,[]
5918,16,[]
5941,19,[]
5968,7,[]
5978,17,[]
6002,17,[]
6026,17,[]
6050,17,[]
6074,17,[]
6094,7,[]
6103,16,[]
6122,17,[]
6142,18,[]
6163,13,[]
6179,6,[]
6186,17,[]
6206,14,[]
6223,18,[]
6244,13,[]
6260,12,[]
6274,9,[]
6285,14,[]
0,26,[]
34,1,[]
36,8,[]
48,8,[]
60,11,[]
76,10,[]
91,15,[]
113,10,[]
128,11,[]
144,11,[]
160,11,[]
176,16,[]
200,13,[]
219,12,[]
237,12,[]
255,12,[]
273,11,[]
286,14,[]
303,12,[]
317,9,[]
328,9,[]
339,10,[]
351,14,[11, 12]
368,15,[]
386,16,[]
405,15,[]
423,18,[]
444,20,[]
467,19,[]
489,19,[]
511,84,[]
621,17,[]
646,14,[]
667,11,[]
683,8,[]
695,9,[]
709,15,[]
731,14,[]
752,16,[]
776,15,[]
798,13,[]
817,16,[]
841,15,[]
863,15,[]
885,15,[]
907,15,[]
929,14,[]
946,15,[]
964,13,[]
979,16,[]
998,14,[]
1015,16,[]
1033,14,[]
1048,18,[]
1068,13,[]
1082,13,[6]
1096,15,[]
1113,17,[]
1132,15,[]
1149,17,[]
1168,76,[]
1255,7,[]
1264,13,[]
1280,13,[]
1296,15,[]
1315,14,[]
1332,20,[]
1357,17,[]
1378,16,[]
1398,11,[]
1412,14,[]
1429,13,[]
1445,16,[]
1465,18,[]
1487,18,[]
1509,19,[]
1532,19,[]
1554,19,[13, 14, 15, 16, 17]
1576,19,[]
1598,19,[]
1620,20,[]
1643,22,[]
1669,22,[]
1695,21,[]
1719,16,[]
1738,16,[]
1756,18,[]
1776,20,[]
1798,17,[]
1817,16,[]
1835,72,[]
1918,7,[]
1927,14,[]
1944,14,[]
1961,16,[]
1981,15,[]
2000,21,[]
2026,12,[]
2042,12,[]
2058,16,[]
2079,17,[]
2101,15,[]
2121,15,[]
2141,12,[]
2157,14,[]
2175,14,[]
2193,18,[]
2213,12,[11]
2227,14,[]
2243,12,[]
2257,14,[]
2273,10,[]
2284,12,[]
2298,12,[]
2312,11,[]
2325,13,[]
2340,14,[]
2356,13,[]
2371,11,[]
2384,9,[]
2394,77,[]
2486,5,[]
2493,10,[]
2506,10,[]
2519,11,[]
2534,9,[]
2546,17,[]
2568,8,[]
2579,10,[]
2592,11,[]
2607,12,[]
2623,10,[]
2636,11,[]
2651,13,[]
2668,15,[]
2688,10,[]
2701,10,[]
2712,14,[]
2728,15,[]
2745,14,[10, 11, 12, 13]
2761,13,[]
2776,14,[]
2792,13,[]
2807,13,[]
2822,16,[]
2840,15,[]
2857,6,[]
2864,19,[]
2885,17,[]
2904,17,[]
2923,72,[]
3009,10,[]
3022,14,[]
3040,14,[]
3061,17,[]
3087,15,[]
3110,14,[]
3131,20,[]
3161,14,[]
3182,12,[]
3200,14,[]
3221,15,[]
3244,15,[]
3267,20,[]
3297,18,[]
3324,13,[]
3344,13,[]
3360,12,[]
3374,14,[]
3391,18,[]
3412,18,[]
3433,13,[]
3449,13,[]
3465,16,[]
3484,15,[]
3502,16,[]
3521,18,[]
3542,15,[]
3560,15,[]
3578,22,[]
3608,65,[]
3695,8,[]
3707,8,[]
3719,9,[]
3733,11,[]
3750,11,[]
3767,13,[]
3787,21,[]
3819,11,[]
3836,10,[]
3851,11,[]
3868,11,[]
3885,11,[]
3902,12,[]
3920,13,[]
3940,12,[]
3958,10,[]
3970,11,[]
3983,11,[]
3996,14,[]
4013,23,[]
4040,13,[]
4056,10,[]
4068,10,[]
4079,12,[]
4092,13,[]
4106,16,[]
4124,17,[2, 3]
4143,17,[]
4162,15,[]
4179,73,[]
4263,7,[]
4272,9,[]
4283,10,[]
4296,15,[]
4315,12,[]
4330,11,[]
4344,15,[]
4363,9,[]
4374,9,[]
4385,9,[]
4396,11,[]
4410,12,[]
4425,10,[]
4438,13,[]
4454,13,[]
4470,12,[]
4483,11,[]
4495,10,[]
4506,12,[]
4519,12,[]
4532,10,[]
4543,13,[]
4557,12,[]
4570,10,[]
4581,10,[]
4592,12,[]
4605,10,[6]
4616,10,[]
4627,10,[]
4638,82,[]
4732,7,[0, 1, 2, 3, 4]
4741,10,[]
4754,9,[]
4765,11,[]
4779,14,[]
4796,11,[]
4810,15,[]
4829,11,[]
4843,10,[]
4856,9,[]
4867,8,[]
4877,10,[]
4890,10,[]
4903,10,[]
4916,13,[]
4932,12,[]
4945,10,[]
4956,11,[]
4968,14,[]
4983,17,[]
5002,15,[]
5019,16,[]
5037,16,[]
5055,15,[]
5072,14,[]
5088,14,[]
5105,15,[]
5125,18,[]
5149,17,[]
5171,72,[]
5264,10,[]
5279,13,[]
5298,15,[]
5320,14,[]
5341,16,[]
5364,15,[]
5386,23,[]
5420,16,[4, 5, 6, 7, 8, 9, 10, 11]
5443,18,[]
5469,15,[]
5491,15,[]
5513,15,[]
5535,16,[]
5558,17,[]
5583,17,[]
5608,15,[]
5628,16,[]
5649,16,[]
5670,20,[]
5696,17,[]
5718,15,[]
5738,16,[]
5759,15,[]
5777,17,[]
5797,16,[]
5816,17,[]
5836,15,[]
5854,13,[]
5869,8,[]
0,21,[]
28,3,[]
33,9,[]
47,14,[]
68,9,[]
82,9,[]
96,9,[]
110,8,[]
122,10,[]
137,9,[]
151,10,[]
166,8,[]
178,10,[]
193,9,[]
207,10,[]
222,10,[]
237,14,[]
254,16,[]
273,12,[]
287,14,[]
304,13,[]
319,15,[]
337,12,[]
351,14,[]
368,11,[]
381,11,[]
394,12,[]
408,15,[]
426,15,[]
444,15,[7]
462,134,[]
637,15,[]
659,7,[]
670,4,[]
676,3,[]
681,6,[]
690,10,[]
705,4,[]
711,17,[]
736,11,[]
752,10,[]
767,10,[]
782,9,[]
796,13,[]
815,14,[]
836,11,[]
852,17,[]
872,16,[]
891,17,[]
911,16,[]
930,17,[]
950,17,[]
970,15,[]
988,15,[12]
1006,16,[]
1024,14,[]
1039,13,[]
1053,12,[]
1066,14,[]
1081,13,[]
1095,104,[]
1213,6,[]
1221,9,[]
1232,14,[]
1249,8,[]
1259,16,[]
1279,17,[]
1300,17,[]
1321,14,[]
1338,14,[]
1355,16,[]
1375,16,[]
1395,18,[]
1417,15,[]
1435,20,[]
1459,20,[]
1483,18,[]
1503,11,[]
1515,18,[10, 11, 12]
1535,18,[]
1555,21,[]
1578,21,[]
1601,23,[]
1626,20,[]
1648,22,[]
1672,22,[]
1696,16,[]
1714,20,[]
1736,18,[]
1756,16,[]
1774,102,[]
1890,9,[]
1901,11,[]
1915,12,[]
1930,14,[]
1947,15,[]
1965,15,[]
1983,16,[]
2003,16,[]
2023,9,[]
2034,16,[]
2054,20,[]
2078,18,[]
2100,18,[]
2122,18,[]
2144,19,[]
2167,20,[]
2189,18,[]
2209,22,[]
2233,17,[]
2252,14,[]
2267,21,[]
2290,19,[2, 3, 4, 5]
2311,16,[]
2329,21,[]
2352,15,[]
2368,17,[]
2387,16,[]
2405,18,[]
2425,11,[]
2437,104,[]
2555,6,[]
2563,11,[]
2577,12,[]
2592,15,[]
2610,13,[]
2626,13,[]
2642,14,[]
2659,14,[]
2676,13,[]
2692,18,[]
2714,14,[]
2731,16,[]
2751,16,[]
2771,10,[]
2783,16,[]
2803,16,[]
2821,11,[]
2833,13,[]
2847,12,[]
2860,11,[]
2872,9,[]
2882,10,[]
2893,13,[]
2907,12,[]
2920,14,[]
2935,13,[]
2949,12,[]
2962,20,[]
2984,8,[]
2993,104,[]
3111,8,[]
3122,7,[]
3132,10,[]
3147,13,[]
3166,10,[]
3181,10,[]
3196,9,[]
3209,13,[]
3228,10,[]
3243,13,[]
3262,12,[]
3279,10,[]
3294,13,[]
3313,13,[]
3332,14,[]
3352,7,[]
3360,11,[]
3373,14,[]
3389,13,[]
3404,12,[]
3418,11,[]
3431,12,[]
3445,9,[]
3456,9,[]
3467,11,[]
3480,12,[]
3494,13,[]
3509,14,[]
3525,3,[]
3529,104,[]
3662,8,[]
3674,12,[]
3691,13,[]
3710,16,[]
3733,18,[]
3759,16,[]
3782,19,[]
3809,19,[]
3836,18,[]
3862,8,[]
3874,21,[]
3904,20,[]
3933,18,[]
3959,21,[]
3989,18,[]
4015,20,[]
4038,16,[]
4057,17,[]
4077,18,[]
4098,22,[8, 9, 10, 11, 12, 13, 14]
4126,21,[]
4153,21,[]
4180,23,[]
4210,23,[]
4240,22,[]
4268,21,[]
4295,22,[]
4323,20,[]
4349,7,[]
4357,75,[]
4453,12,[]
4470,17,[]
4494,17,[]
4518,16,[]
4541,18,[]
4567,18,[]
4593,18,[]
4619,19,[]
4646,15,[]
4668,17,[]
4692,19,[]
4719,19,[]
4746,7,[]
4756,18,[]
4782,18,[]
4808,17,[]
4830,15,[]
4850,16,[]
4871,16,[]
4892,17,[]
4914,15,[]
4932,20,[]
4958,16,[]
4979,16,[]
5000,8,[]
5010,17,[]
5032,14,[]
5050,17,[]
5072,17,[]
5094,57,[]
5167,9,[]
5179,13,[]
5195,15,[]
5213,16,[]
5232,13,[]
5247,5,[]
5253,16,[]
5272,14,[]
5288,13,[]
5303,13,[]
5318,13,[]
5333,13,[]
5348,13,[]
5363,13,[]
5378,12,[]
5392,13,[9, 10]
5406,7,[]
5414,13,[]
5428,18,[]
5448,14,[]
5463,14,[]
5479,13,[]
5494,11,[]
5506,11,[10]
5518,14,[1, 2, 3, 4]
5533,5,[]
5539,14,[]
5554,11,[]
5566,17,[]
5584,46,[]
5635,12,[]
5649,15,[]
5667,14,[]
5683,17,[]
5703,14,[]
5719,13,[]
5734,16,[]
5753,15,[]
5771,14,[]
5787,16,[]
5806,5,[]
5812,18,[]
5833,15,[]
5851,17,[]
5871,16,[]
5890,17,[]
5909,13,[]
5924,15,[]
5941,15,[]
5958,5,[]
5964,17,[]
5983,16,[]
6001,16,[]
6019,15,[]
6035,14,[]
6051,14,[]
6067,8,[]
6076,17,[]
6094,21,[]
0,51,[]
67,15,[]
89,6,[]
98,19,[]
126,6,[]
135,20,[]
164,8,[]
176,17,[]
201,2,[]
204,19,[]
232,8,[]
244,19,[]
272,4,[]
278,21,[]
309,3,[]
314,16,[]
338,4,[]
343,18,[]
367,6,[]
374,17,[]
394,3,[]
398,20,[6, 7, 8, 9]
421,7,[]
430,21,[]
458,3,[]
462,20,[]
488,6,[]
495,18,[]
519,10,[]
531,20,[]
557,133,[]
730,12,[]
748,5,[]
756,17,[]
781,1,[]
783,8,[]
795,8,[]
807,15,[]
829,6,[]
838,13,[]
857,8,[]
869,18,[]
896,10,[]
911,15,[]
933,8,[]
945,20,[]
974,9,[]
985,15,[]
1005,7,[2, 3, 4, 5, 6]
1014,20,[]
1042,7,[]
1051,19,[]
1077,7,[]
1086,22,[]
1116,9,[]
1127,19,[]
1153,8,[]
1163,36,[]
1212,4,[]
1217,20,[]
1245,98,[]
1379,15,[]
1403,4,[]
1410,21,[]
1443,8,[]
1456,18,[]
1484,7,[]
1495,18,[]
1523,7,[]
1534,16,[]
1559,12,[]
1578,18,[]
1606,8,[]
1619,17,[]
1646,8,[]
1659,21,[]
1692,8,[2, 3]
1702,19,[]
1728,6,[]
1736,21,[]
1765,7,[]
1774,22,[]
1804,5,[]
1810,25,[]
1844,7,[]
1853,23,[]
1885,6,[]
1893,24,[]
1926,8,[]
1936,20,[]
1964,87,[]
2083,14,[]
2102,6,[]
2110,17,[]
2130,4,[]
2135,17,[]
2155,6,[]
2162,17,[]
2182,9,[]
2193,18,[]
2214,6,[]
2221,16,[]
2240,7,[]
2249,18,[]
2270,7,[]
2279,16,[]
2298,9,[]
2308,17,[]
2326,7,[3, 4, 5, 6]
2334,13,[]
2348,10,[]
2359,17,[]
2377,5,[]
2383,17,[]
2401,10,[]
2412,17,[]
2430,8,[]
2439,20,[]
2461,7,[]
2469,13,[]
2483,109,[]
2603,7,[]
2612,3,[]
2616,16,[]
2635,5,[]
2641,16,[]
2660,5,[]
2666,21,[]
2691,5,[]
2697,27,[]
2729,7,[]
2738,24,[]
2766,9,[]
2777,23,[]
2804,6,[]
2811,24,[]
2839,6,[]
2846,18,[]
2866,4,[]
2871,21,[]
2895,5,[]
2901,19,[]
2922,3,[]
2926,20,[]
2948,6,[]
2955,19,[]
2976,8,[]
2985,15,[]
3001,3,[]
3005,16,[]
3023,106,[]
3140,12,[]
3155,3,[]
3159,17,[]
3182,6,[]
3190,19,[]
3215,4,[]
3221,24,[]
3253,6,[]
3261,26,[]
3296,7,[]
3306,26,[]
3341,8,[]
3352,24,[]
3384,8,[]
3395,22,[]
3424,6,[]
3431,21,[]
3457,6,[]
3464,19,[]
3487,9,[]
3497,14,[]
3514,4,[]
3519,16,[]
3539,8,[]
3548,15,[]
3567,21,[]
3593,4,[1]
3598,8,[]
3607,17,[]
3628,98,[]
3747,7,[]
3757,5,[]
3764,14,[]
3783,6,[]
3791,16,[]
3813,9,[]
3825,17,[]
3848,19,[]
3873,6,[]
3881,21,[]
3909,5,[]
3916,8,[]
3927,28,[]
3964,8,[]
3975,31,[]
4016,5,[]
4022,27,[]
4055,8,[]
4064,26,[]
4096,19,[]
4119,7,[]
4127,17,[]
4148,4,[]
4153,8,[]
4162,25,[]
4193,5,[]
4199,30,[]
4236,5,[]
4242,28,[]
4276,87,[]
4382,19,[]
4407,15,[]
4427,8,[]
4438,17,[]
4461,6,[]
4469,21,[]
4497,7,[]
4507,8,[]
4518,20,[]
4545,4,[]
4551,18,[]
4575,4,[]
4581,19,[]
4606,20,[]
4633,6,[]
4641,20,[]
4666,5,[]
4672,19,[]
4695,6,[]
4702,19,[]
4725,5,[]
4731,10,[]
4743,21,[]
4769,5,[]
4775,21,[]
4801,28,[]
4835,6,[]
4842,20,[]
4867,8,[]
4876,77,[]
4970,1,[]
4972,21,[]
5000,5,[]
5007,5,[]
5014,24,[]
5046,7,[]
5056,21,[]
5084,19,[]
5109,5,[]
5116,15,[]
5136,6,[]
5144,16,[]
5166,5,[]
5173,18,[]
5197,3,[]
5201,21,[]
5227,3,[]
5231,7,[]
5239,29,[]
5275,23,[]
5303,4,[]
5308,20,[]
5333,6,[]
5340,19,[]
5363,11,[]
5376,18,[]
5398,6,[]
5405,22,[]
5432,4,[]
5437,87,[]
5543,1,[]
5545,19,[]
5570,4,[]
5576,19,[]
5601,6,[]
5609,19,[]
5634,4,[]
5640,18,[]
5664,4,[]
5670,17,[]
5693,8,[]
5704,18,[]
5728,6,[]
5736,18,[]
5760,6,[]
5768,18,[]
5790,5,[]
5796,17,[]
5817,6,[]
5824,19,[]
5847,7,[]
5855,18,[]
5877,7,[]
5885,22,[]
5912,4,[]
5917,28,[]
5951,6,[]
5958,19,[]
5981,13,[]
0,33,[]
43,3,[]
48,10,[]
63,13,[]
82,13,[]
101,16,[]
125,12,[]
143,12,[]
161,9,[]
175,8,[]
187,9,[]
201,7,[]
212,14,[]
233,12,[]
251,16,[]
275,11,[]
291,13,[]
306,16,[15]
325,19,[9, 10]
347,20,[]
370,22,[]
396,20,[]
419,21,[]
444,17,[]
464,19,[]
486,15,[]
504,19,[]
526,13,[]
541,18,[]
562,18,[]
583,119,[]
738,9,[]
752,8,[]
764,10,[]
779,4,[]
785,12,[]
803,15,[]
825,13,[]
844,15,[]
866,13,[]
885,15,[]
907,13,[]
926,15,[]
948,18,[]
975,18,[]
1002,16,[]
1025,19,[]
1050,17,[]
1072,18,[]
1096,16,[]
1117,19,[]
1142,16,[]
1163,17,[]
1185,15,[]
1205,19,[]
1230,16,[]
1251,17,[]
1273,16,[]
1294,16,[]
1315,20,[]
1341,83,[]
1449,13,[]
1468,16,[]
1491,15,[]
1513,14,[]
1534,18,[]
1560,16,[]
1583,17,[]
1608,15,[]
1630,17,[]
1655,16,[]
1678,16,[]
1701,14,[]
1722,14,[]
1743,14,[]
1764,23,[]
1798,13,[]
1813,21,[]
1838,16,[]
1857,15,[]
1875,14,[]
1892,19,[]
1914,15,[]
1932,17,[]
1952,15,[]
1970,15,[]
1988,14,[]
2005,14,[]
2021,13,[]
2036,13,[]
2051,78,[]
2144,5,[]
2151,12,[]
2167,11,[]
2182,13,[]
2199,14,[]
2217,14,[]
2235,13,[]
2252,14,[]
2270,12,[]
2286,14,[]
2304,12,[]
2320,14,[]
2338,13,[]
2355,14,[]
2373,13,[]
2390,16,[]
2410,18,[]
2432,17,[]
2453,14,[]
2470,16,[]
2490,13,[]
2506,14,[]
2523,13,[]
2538,15,[]
2555,13,[]
2570,15,[]
2587,13,[]
2602,14,[]
2618,11,[]
2631,74,[]
2720,5,[]
2727,8,[]
2738,9,[]
2750,11,[]
2765,10,[]
2778,11,[]
2793,11,[]
2808,15,[]
2828,15,[]
2848,15,[]
2868,13,[]
2885,14,[]
2903,14,[]
2921,15,[]
2941,13,[]
2958,16,[]
2976,13,[]
2991,14,[]
3007,13,[2, 3, 4, 5, 6]
3022,14,[]
3038,13,[]
3055,13,[]
3070,12,[]
3084,13,[]
3099,14,[]
3115,16,[]
3133,12,[]
3147,13,[]
3162,14,[]
3178,69,[]
3264,5,[]
3271,8,[]
3282,8,[]
3293,11,[]
3308,10,[]
3322,13,[]
3340,13,[]
3358,12,[]
3375,10,[]
3389,12,[]
3406,13,[]
3424,14,[]
3444,15,[]
3465,15,[]
3486,12,[]
3503,13,[]
3518,14,[]
3534,14,[]
3550,13,[]
3565,16,[]
3583,15,[]
3600,13,[]
3615,13,[]
3630,15,[]
3647,15,[]
3664,15,[13, 14]
3681,14,[]
3697,16,[]
3715,15,[]
3732,68,[]
3817,10,[]
3831,15,[]
3852,16,[]
3874,15,[]
3895,16,[]
3917,16,[]
3939,18,[]
3964,16,[]
3986,16,[]
4008,15,[]
4029,16,[]
4051,17,[]
4075,14,[]
4095,16,[]
4117,14,[]
4137,14,[]
4153,12,[]
4167,12,[]
4181,17,[]
4201,14,[]
4217,14,[]
4233,15,[]
4250,14,[]
4266,15,[]
4283,14,[]
4299,15,[]
4316,15,[]
4333,15,[]
4350,15,[]
4367,84,[]
4472,4,[]
4478,8,[]
4489,8,[]
4500,11,[]
4515,9,[]
4528,13,[]
4546,11,[]
4561,10,[]
4575,10,[]
4589,10,[]
4603,9,[]
4616,8,[]
4627,9,[]
4640,9,[]
4653,9,[]
4666,13,[]
4681,12,[]
4695,10,[]
4707,11,[]
4720,13,[]
4735,12,[]
4749,13,[]
4764,13,[]
4779,14,[]
4795,13,[]
4810,14,[]
4826,14,[]
4842,12,[]
4856,15,[]
4873,97,[]
4994,5,[]
5001,10,[]
5015,12,[]
5033,14,[]
5054,11,[]
5071,15,[]
5094,16,[]
5118,13,[]
5138,14,[]
5159,17,[]
5185,14,[]
5206,14,[]
5227,15,[]
5250,14,[]
5271,13,[]
5291,21,[]
5319,14,[]
5338,16,[]
5360,14,[]
5379,31,[]
5421,13,[]
5439,23,[]
5470,13,[]
5488,26,[]
5523,13,[]
5541,24,[]
5573,12,[]
5589,27,[]
5625,13,[]
5643,62,[]
5726,6,[]
5735,8,[]
5747,10,[]
5762,14,[]
5783,12,[]
5801,9,[]
5815,13,[]
5835,15,[]
5858,13,[]
5878,14,[]
5899,13,[]
5919,15,[]
5942,12,[]
5960,13,[]
5980,13,[]
6000,13,[7, 8]
6016,13,[]
6031,13,[]
6045,13,[]
6059,14,[]
6074,13,[]
6088,13,[]
6102,12,[1]
6115,13,[]
6129,14,[]
6144,13,[]
6158,12,[]
6171,13,[]
6185,9,[]
0,21,[]
28,1,[]
30,8,[]
42,13,[]
61,14,[]
82,13,[]
101,12,[]
119,12,[]
137,11,[]
153,13,[]
172,13,[]
191,12,[]
209,10,[]
224,10,[]
239,10,[]
254,10,[]
269,9,[]
280,9,[]
291,13,[]
306,18,[]
327,16,[]
346,13,[]
361,12,[3, 4, 5]
375,18,[]
396,11,[]
409,8,[]
419,10,[]
431,16,[]
450,19,[]
472,24,[]
500,85,[]
611,25,[]
648,13,[]
667,11,[]
683,8,[]
695,10,[]
710,17,[]
735,16,[]
759,14,[]
780,14,[]
801,12,[]
819,16,[]
843,12,[]
861,15,[]
883,10,[]
898,10,[]
913,18,[]
934,12,[]
948,11,[]
961,12,[]
975,17,[]
995,11,[]
1008,11,[]
1020,14,[]
1036,14,[]
1052,16,[]
1070,16,[]
1088,15,[]
1105,16,[]
1123,17,[]
1142,67,[]
1222,16,[]
1243,11,[]
1257,16,[]
1278,14,[]
1296,13,[]
1313,16,[]
1334,13,[]
1351,13,[]
1368,14,[]
1386,17,[]
1408,16,[]
1429,14,[]
1447,12,[]
1463,11,[]
1477,16,[]
1498,11,[]
1510,14,[]
1526,12,[]
1540,11,[]
1552,13,[]
1567,7,[]
1575,7,[]
1583,8,[]
1592,9,[]
1602,9,[]
1612,10,[]
1623,8,[]
1632,13,[]
1647,3,[]
1651,98,[]
1767,9,[]
1779,7,[]
1788,9,[]
1800,10,[]
1813,8,[]
1824,10,[]
1837,14,[]
1855,14,[]
1873,16,[]
1894,15,[]
1914,14,[]
1932,16,[]
1953,14,[]
1971,15,[]
1991,17,[]
2013,16,[]
2031,14,[]
2047,14,[5, 6, 7]
2063,16,[]
2081,13,[]
2096,14,[]
2112,9,[]
2122,12,[]
2136,12,[]
2150,12,[]
2164,14,[]
2180,12,[]
2194,13,[]
2209,14,[]
2225,74,[]
2313,16,[]
2334,12,[]
2350,12,[]
2366,14,[]
2384,13,[]
2401,14,[]
2419,15,[]
2439,16,[]
2460,16,[]
2481,14,[]
2499,15,[]
2519,15,[]
2539,19,[]
2564,14,[]
2582,13,[]
2599,16,[]
2617,11,[]
2629,16,[]
2647,15,[]
2664,13,[]
2679,13,[]
2694,12,[]
2708,13,[]
2723,13,[]
2738,16,[]
2756,18,[]
2776,19,[]
2797,18,[]
2817,19,[]
2840,75,[]
2929,18,[]
2952,17,[]
2974,18,[]
2997,21,[]
3024,21,[]
3050,23,[]
3078,21,[]
3104,21,[]
3130,20,[]
3154,19,[]
3177,15,[]
3195,13,[]
3211,14,[]
3228,18,[]
3250,18,[]
3272,20,[]
3294,20,[]
3316,15,[]
3332,15,[]
3348,19,[]
3369,17,[]
3388,15,[]
3404,20,[]
3426,15,[]
3442,21,[]
3465,19,[]
3486,23,[]
3511,20,[]
3534,22,[]
3559,67,[]
3635,22,[]
3662,14,[]
3679,14,[]
3696,15,[]
3714,17,[]
3735,15,[]
3753,17,[]
3774,15,[]
3792,16,[]
3812,15,[]
3830,11,[0, 1, 2, 3, 4]
3844,17,[]
3865,15,[]
3883,14,[]
3900,18,[]
3922,15,[]
3938,18,[]
3958,13,[]
3972,14,[]
3987,17,[]
4006,14,[]
4021,13,[]
4035,15,[]
4052,16,[]
4070,17,[]
4089,14,[]
4105,18,[]
4125,16,[]
4143,14,[]
4159,71,[]
4246,6,[]
4254,14,[]
4273,13,[]
4291,13,[]
4309,16,[]
4331,11,[]
4346,11,[]
4361,13,[]
4379,13,[]
4397,17,[]
4420,14,[]
4439,11,[]
4454,12,[]
4470,15,[]
4490,15,[]
4510,12,[]
4524,12,[]
4538,14,[]
4554,16,[]
4572,15,[]
4589,12,[]
4603,11,[]
4616,15,[]
4633,15,[]
4650,12,[]
4664,12,[]
4678,12,[]
4692,14,[]
4708,12,[]
4722,81,[]
4821,5,[]
4828,16,[]
4850,13,[]
4868,12,[]
4884,9,[]
4896,13,[]
4914,11,[]
4929,12,[]
4945,10,[]
4959,14,[]
4978,16,[]
5000,14,[]
5019,14,[]
5038,17,[]
5060,15,[]
5078,16,[]
5096,14,[]
5111,16,[]
5129,16,[]
5147,19,[]
5168,17,[]
5187,18,[]
5207,19,[]
5228,18,[]
5248,17,[10, 11, 12]
5267,18,[]
5287,18,[]
5307,18,[]
5327,15,[]
5343,76,[]
5429,8,[]
5439,24,[]
5468,13,[]
5484,12,[]
5499,10,[]
5511,14,[]
5528,13,[]
5544,11,[]
5558,10,[]
5570,13,[4, 5, 6, 7, 8, 9]
5586,10,[]
5598,14,[]
5615,15,[]
5633,18,[]
5655,13,[]
5671,14,[]
5686,14,[]
5701,14,[]
5716,14,[]
5731,15,[]
5747,16,[]
5765,16,[]
5783,13,[]
5797,15,[]
5813,15,[]
5829,17,[]
5848,15,[]
5864,18,[]
5884,18,[]
0,19,[]
25,1,[]
27,7,[]
38,9,[]
52,10,[]
67,9,[]
81,6,[]
90,11,[]
106,8,[]
118,9,[]
132,10,[]
147,13,[]
166,15,[]
188,14,[]
209,17,[]
234,15,[]
256,23,[]
283,14,[]
300,16,[]
319,18,[]
340,26,[]
370,17,[]
390,23,[]
417,22,[]
443,14,[]
460,22,[]
486,13,[]
501,25,[12]
530,11,[]
543,23,[20, 21, 22]
570,152,[]
768,2,[]
771,19,[]
799,2,[]
802,7,[]
813,10,[]
828,18,[]
855,18,[]
882,6,[]
891,10,[]
906,14,[]
927,20,[]
956,6,[]
965,20,[]
994,19,[]
1022,24,[]
1060,7,[]
1069,17,[16]
1090,19,[]
1113,11,[]
1127,19,[]
1150,6,[]
1158,12,[]
1173,19,[]
1196,22,[]
1223,8,[]
1233,17,[]
1254,15,[]
1272,8,[]
1282,13,[4, 5, 6, 7, 8, 9, 10]
1298,99,[]
1435,8,[]
1448,4,[]
1455,6,[]
1465,2,[]
1469,16,[]
1495,19,[]
1525,13,[]
1546,17,[]
1573,7,[]
1584,13,[]
1605,12,[]
1624,15,[]
1648,8,[]
1661,15,[]
1685,6,[]
1695,16,[]
1715,14,[]
1732,8,[]
1742,14,[]
1759,6,[]
1767,18,[]
1789,4,[]
1794,19,[]
1817,4,[]
1822,17,[]
1843,14,[]
1860,6,[]
1868,20,[]
1892,5,[]
1898,99,[]
2035,23,[]
2070,6,[]
2079,17,[]
2105,7,[]
2116,15,[]
2139,11,[]
2156,16,[]
2180,5,[]
2188,15,[]
2211,8,[]
2223,21,[]
2255,15,[]
2278,7,[]
2289,15,[]
2312,14,[]
2333,18,[]
2354,10,[]
2366,16,[]
2385,9,[]
2396,19,[]
2419,10,[]
2431,20,[]
2455,16,[]
2474,15,[]
2492,19,[]
2515,10,[]
2527,19,[]
2550,11,[]
2563,18,[]
2584,103,[]
2721,1,[]
2723,1,[]
2725,2,[]
2728,15,[]
2751,8,[]
2763,13,[]
2783,7,[]
2794,16,[]
2818,18,[]
2845,7,[]
2856,19,[]
2885,8,[]
2897,16,[]
2921,11,[]
2938,15,[]
2961,10,[]
2973,18,[]
2994,9,[]
3005,19,[]
3028,20,[]
3052,11,[]
3065,8,[]
3074,15,[]
3091,23,[]
3117,18,[]
3138,9,[]
3149,18,[]
3170,11,[]
3183,15,[]
3200,106,[]
3332,18,[]
3357,6,[]
3366,20,[]
3394,8,[]
3405,12,[]
3422,15,[]
3443,8,[]
3454,20,[]
3482,19,[]
3508,19,[]
3534,10,[]
3548,7,[]
3558,18,[]
3583,9,[]
3596,23,[]
3628,9,[]
3639,26,[]
3669,10,[]
3681,24,[]
3708,8,[]
3717,23,[]
3743,13,[]
3758,20,[]
3781,12,[]
3795,18,[]
3816,24,[]
3843,17,[]
3863,26,[]
3893,7,[]
3901,108,[]
4035,2,[]
4038,14,[]
4058,15,[]
4080,13,[]
4099,17,[]
4124,6,[]
4133,11,[]
4149,13,[]
4168,21,[]
4199,20,[]
4228,10,[]
4243,20,[]
4272,10,[]
4287,22,[]
4319,28,[]
4360,9,[]
4371,14,[]
4388,21,[16, 17, 18, 19, 20]
4413,8,[]
4423,22,[]
4449,21,[]
4474,9,[]
4485,24,[]
4513,10,[]
4525,19,[]
4547,10,[]
4559,25,[]
4588,9,[]
4599,26,[]
4629,104,[]
4764,19,[]
4792,6,[]
4801,10,[]
4816,24,[]
4851,17,[]
4876,10,[]
4891,19,[]
4919,9,[]
4932,21,[]
4963,5,[]
4971,18,[]
4997,13,[]
5016,20,[]
5045,5,[]
5053,25,[]
5089,6,[]
5096,12,[]
5110,17,[]
5130,11,[]
5143,17,[]
5163,11,[]
5176,17,[]
5196,9,[]
5207,18,[8, 9, 10, 11, 12]
5228,18,[]
5249,11,[]
5262,19,[]
5284,8,[]
5294,17,[]
5314,106,[]
5451,10,[]
5466,10,[]
5481,16,[]
5504,4,[]
5510,13,[]
5529,6,[]
5538,18,[]
5564,19,[]
5592,5,[]
5600,17,[]
5625,5,[]
5633,11,[]
5649,6,[]
5658,14,[]
5679,16,[]
5702,6,[]
5709,15,[]
5727,9,[]
5738,17,[]
5758,7,[]
5767,18,[]
5788,7,[]
5797,20,[]
5820,17,[10, 11, 12]
5840,7,[]
5849,15,[]
5867,8,[]
5877,26,[]
5907,6,[]
5914,98,[]
6041,1,[]
6043,21,[]
6074,15,[]
6096,8,[]
6107,9,[]
6120,9,[]
6133,18,[]
6158,9,[]
6171,17,[]
6195,16,[]
6217,13,[]
6235,18,[]
6260,8,[]
6271,17,[]
6295,9,[]
6308,10,[]
6320,9,[]
6331,23,[4, 5]
6357,17,[]
6377,7,[]
6385,19,[]
6407,8,[]
6416,19,[]
6438,6,[]
6445,15,[]
6462,13,[]
6477,9,[]
6488,9,[]
6499,7,[]
0,45,[]
59,7,[]
70,15,[]
92,17,[]
117,18,[]
144,17,[]
169,16,[]
193,17,[]
218,16,[]
242,14,[]
263,15,[]
285,13,[]
304,16,[]
328,16,[]
352,19,[]
380,16,[]
404,18,[]
428,18,[]
452,18,[]
476,21,[]
504,19,[]
529,18,[]
553,22,[]
582,19,[]
607,20,[]
633,20,[]
659,20,[]
685,15,[]
705,19,[2, 3, 4, 5, 6, 7, 8, 9]
730,18,[]
754,107,[]
894,8,[]
906,14,[]
927,10,[]
942,6,[]
951,10,[]
966,12,[]
984,16,[]
1008,13,[]
1029,11,[]
1047,13,[]
1068,15,[]
1092,12,[]
1111,13,[]
1132,13,[]
1153,13,[]
1174,12,[]
1191,14,[]
1211,14,[]
1231,13,[]
1249,15,[]
1270,12,[]
1287,13,[]
1305,12,[]
1322,19,[]
1349,15,[]
1370,11,[]
1386,15,[]
1404,12,[]
1419,13,[]
1435,100,[]
1573,4,[]
1580,7,[]
1591,8,[]
1604,9,[]
1619,14,[]
1641,9,[]
1656,11,[]
1674,11,[]
1692,12,[]
1711,11,[]
1729,13,[]
1750,12,[]
1769,12,[]
1788,15,[]
1812,14,[]
1834,12,[]
1849,13,[]
1865,11,[]
1879,13,[]
1897,10,[]
1911,10,[]
1923,10,[]
1935,12,[]
1950,10,[]
1962,11,[]
1976,10,[]
1988,11,[]
2002,13,[]
2018,13,[]
2033,110,[]
2170,3,[]
2174,6,[]
2182,8,[]
2193,9,[]
2205,9,[]
2217,10,[]
2230,8,[]
2241,10,[]
2254,9,[]
2266,14,[]
2284,13,[]
2301,12,[]
2317,15,[]
2337,13,[]
2354,12,[]
2370,14,[]
2386,12,[]
2400,9,[]
2410,13,[]
2425,12,[]
2439,10,[]
2450,11,[]
2463,10,[]
2474,11,[]
2487,10,[]
2498,11,[]
2511,13,[]
2526,14,[]
2542,11,[]
2555,123,[]
2702,3,[]
2706,4,[]
2712,6,[]
2720,9,[]
2732,9,[]
2744,10,[]
2757,11,[]
2772,11,[]
2787,11,[]
2802,12,[]
2818,12,[]
2834,10,[]
2847,12,[]
2863,13,[]
2880,15,[]
2900,10,[]
2911,12,[]
2925,13,[]
2940,14,[]
2956,10,[]
2967,20,[]
2989,16,[]
3007,16,[]
3025,11,[]
3038,13,[]
3053,14,[]
3069,16,[]
3087,13,[]
3102,14,[]
3118,149,[]
3296,5,[]
3303,7,[]
3312,10,[]
3325,11,[]
3340,11,[]
3355,8,[]
3366,11,[]
3381,11,[]
3396,10,[]
3409,13,[]
3426,15,[]
3446,16,[]
3467,15,[]
3487,15,[]
3507,11,[]
3522,14,[]
3538,13,[]
3553,11,[]
3566,13,[]
3581,13,[]
3596,15,[]
3613,14,[]
3629,14,[]
3645,11,[]
3658,15,[]
3675,12,[]
3689,10,[]
3700,15,[]
3717,11,[]
3730,154,[]
3914,4,[]
3920,5,[]
3927,6,[]
3935,10,[]
3948,11,[]
3963,8,[]
3974,10,[]
3987,10,[]
4000,12,[]
4016,15,[]
4036,11,[]
4050,12,[]
4064,14,[]
4081,15,[]
4099,12,[]
4113,15,[]
4129,14,[5]
4144,15,[]
4160,12,[]
4173,15,[]
4189,16,[]
4206,14,[]
4221,13,[]
4235,15,[]
4251,17,[]
4270,16,[]
4288,16,[]
4306,16,[]
4324,18,[]
4344,126,[]
4483,9,[]
4494,13,[]
4509,14,[]
4526,16,[]
4545,16,[]
4564,15,[]
4582,18,[]
4603,15,[]
4621,17,[]
4641,17,[]
4661,17,[]
4681,16,[]
4700,18,[]
4721,17,[]
4741,18,[]
4762,18,[]
4782,17,[0, 1, 2]
4801,16,[]
4819,19,[]
4840,18,[]
4860,18,[]
4880,18,[]
4900,17,[]
4919,17,[]
4938,19,[]
4959,18,[]
4979,18,[]
4999,18,[]
5019,20,[]
5041,101,[]
5162,10,[]
5176,12,[]
5194,15,[]
5216,16,[]
5239,16,[]
5262,17,[]
5287,15,[]
5309,16,[]
5332,16,[]
5355,18,[]
5381,16,[]
5404,17,[]
5429,15,[]
5451,18,[]
5477,17,[]
5502,14,[]
5521,15,[]
5541,18,[]
5565,17,[]
5587,18,[]
5611,17,[]
5633,16,[]
5654,17,[]
5676,16,[]
5697,15,[]
5717,15,[]
5737,14,[]
5754,15,[]
5774,13,[]
5789,92,[]
5908,4,[]
5914,7,[]
5925,7,[]
5936,8,[]
5948,8,[]
5960,9,[]
5973,7,[]
5984,9,[]
5997,9,[]
6010,9,[]
6023,11,[]
6039,11,[]
6055,11,[]
6070,13,[]
6086,12,[]
6101,13,[]
6115,15,[]
6132,15,[]
6149,12,[]
6162,16,[2, 3]
6180,14,[]
6195,16,[]
6213,15,[]
6231,16,[]
6249,13,[]
6263,16,[]
6281,13,[]
6295,14,[]
6311,15,[]
0,58,[]
76,1,[]
78,6,[]
87,8,[]
99,10,[]
114,11,[]
130,10,[]
145,14,[]
166,13,[]
185,15,[]
207,11,[]
223,18,[]
250,19,[]
278,15,[]
300,17,[]
325,13,[]
344,13,[]
359,7,[]
368,14,[]
385,17,[]
405,18,[]
426,7,[]
435,15,[]
453,16,[]
472,16,[]
491,13,[]
506,14,[]
523,22,[15, 16]
549,18,[]
570,14,[]
587,172,[]
811,7,[]
822,12,[]
840,13,[]
859,1,[]
861,10,[]
876,10,[]
891,13,[]
910,22,[]
942,10,[]
957,19,[]
985,15,[]
1007,16,[]
1027,9,[]
1039,21,[]
1065,8,[]
1075,14,[]
1091,11,[]
1103,13,[]
1117,11,[]
1129,17,[]
1148,12,[]
1161,14,[]
1177,13,[]
1191,14,[]
1207,12,[]
1220,11,[]
1232,15,[]
1249,15,[]
1266,13,[]
1280,162,[]
1467,6,[]
1475,2,[]
1478,12,[]
1493,13,[]
1509,10,[]
1522,11,[]
1536,13,[]
1552,16,[]
1572,14,[]
1590,18,[]
1613,12,[]
1628,16,[]
1648,11,[]
1662,11,[]
1676,10,[]
1689,26,[15, 16, 17, 18, 19, 20]
1717,15,[]
1734,16,[]
1752,20,[]
1774,17,[]
1793,16,[]
1811,15,[]
1828,12,[1]
1841,16,[]
1859,16,[]
1877,15,[]
1894,11,[]
1906,16,[]
1924,13,[]
1938,157,[]
2119,7,[]
2129,6,[]
2138,11,[]
2154,13,[]
2173,13,[]
2192,10,[]
2206,17,[]
2230,19,[]
2257,14,[]
2277,9,[]
2290,15,[]
2311,13,[]
2330,15,[]
2351,16,[]
2374,17,[]
2398,17,[]
2418,10,[]
2430,18,[]
2451,11,[]
2464,21,[]
2488,14,[]
2504,17,[]
2524,21,[]
2548,21,[]
2572,21,[]
2596,12,[]
2610,20,[]
2633,20,[]
2656,13,[6]
2671,138,[]
2845,3,[]
2850,5,[]
2857,7,[]
2867,11,[]
2883,10,[]
2897,11,[]
2913,10,[]
2927,13,[]
2946,12,[]
2963,13,[]
2982,9,[]
2995,15,[]
3016,12,[]
3033,10,[]
3047,15,[]
3068,16,[6]
3087,10,[]
3099,9,[]
3110,11,[]
3123,15,[]
3140,11,[]
3153,17,[]
3173,16,[]
3192,13,[]
3207,9,[7, 8]
3218,12,[]
3232,10,[]
3244,11,[]
3257,14,[]
3273,133,[]
3441,5,[]
3448,5,[]
3455,5,[]
3462,8,[]
3474,7,[]
3484,9,[]
3497,6,[]
3506,7,[]
3516,11,[]
3532,14,[]
3552,10,[]
3566,17,[]
3590,15,[]
3611,17,[]
3635,12,[]
3652,11,[]
3665,10,[]
3677,11,[]
3690,13,[]
3705,16,[]
3724,14,[]
3740,12,[]
3754,17,[]
3774,10,[]
3786,12,[]
3800,11,[]
3813,10,[]
3825,14,[]
3841,15,[]
3858,146,[]
4042,1,[]
4044,3,[]
4049,6,[]
4058,9,[]
4071,10,[]
4085,8,[]
4097,10,[]
4111,24,[]
4145,10,[]
4159,7,[]
4169,18,[]
4193,16,[]
4215,14,[]
4234,15,[]
4254,12,[]
4270,15,[]
4287,9,[]
4297,17,[]
4316,16,[]
4334,16,[]
4352,10,[]
4364,15,[]
4381,17,[]
4400,13,[]
4415,14,[]
4431,12,[]
4445,20,[]
4468,18,[]
4488,18,[6]
4508,142,[]
4680,3,[]
4684,6,[]
4692,7,[]
4702,10,[]
4716,6,[]
4724,9,[]
4736,10,[]
4750,15,[]
4770,7,[]
4780,17,[]
4803,12,[]
4819,13,[]
4837,12,[]
4853,13,[]
4871,21,[]
4899,7,[]
4907,15,[]
4924,13,[]
4939,13,[]
4954,15,[]
4971,12,[]
4985,12,[]
4999,14,[]
5015,18,[]
5035,4,[]
5040,14,[]
5056,13,[]
5071,16,[]
5089,10,[]
5101,131,[]
5260,4,[]
5266,5,[]
5274,6,[]
5283,9,[]
5297,6,[]
5306,9,[]
5320,10,[]
5335,11,[]
5352,12,[]
5370,11,[]
5387,8,[]
5399,12,[]
5417,12,[]
5435,11,[]
5452,11,[]
5469,14,[]
5486,7,[]
5495,14,[]
5512,12,[]
5526,10,[]
5538,16,[]
5557,14,[]
5574,16,[]
5593,13,[]
5609,12,[]
5623,15,[]
5641,9,[]
5652,15,[]
5670,12,[]
5684,134,[]
5860,1,[]
5862,5,[]
5870,6,[]
5879,9,[]
5893,7,[]
5904,10,[]
5919,8,[]
5931,13,[]
5951,10,[]
5966,14,[]
5987,15,[]
6009,7,[]
6020,12,[]
6038,17,[]
6063,9,[]
6077,14,[]
6094,13,[]
6110,13,[]
6126,8,[]
6136,13,[]
6152,15,[]
6170,16,[]
6189,14,[]
6206,16,[]
6225,8,[]
6235,13,[]
6251,10,[]
6263,12,[]
6277,10,[]
0,22,[]
29,2,[]
32,8,[]
44,13,[]
63,10,[]
78,9,[]
92,8,[]
104,9,[]
118,13,[]
137,5,[]
145,6,[]
154,6,[]
163,7,[]
174,7,[]
185,13,[]
204,14,[]
225,19,[]
247,16,[]
266,16,[]
285,19,[]
307,15,[]
325,15,[]
343,6,[]
350,6,[]
357,9,[]
368,13,[]
383,10,[]
395,12,[3]
409,15,[]
427,17,[]
447,124,[]
609,19,[]
637,14,[]
658,8,[]
670,5,[]
678,10,[]
693,12,[]
711,10,[]
726,11,[]
742,12,[]
760,11,[]
776,13,[]
795,9,[]
809,9,[]
823,13,[]
842,8,[]
854,12,[]
868,15,[]
886,9,[]
897,11,[]
910,11,[]
923,9,[]
934,8,[]
944,8,[]
954,10,[]
966,8,[]
976,9,[]
987,11,[]
1000,14,[]
1017,8,[]
1026,120,[]
1173,6,[]
1181,9,[]
1193,10,[]
1207,9,[]
1219,10,[]
1233,9,[]
1245,12,[]
1261,11,[]
1276,14,[]
1295,11,[]
1310,11,[]
1325,12,[]
1341,11,[]
1356,15,[]
1376,16,[]
1398,19,[]
1420,19,[]
1442,20,[]
1465,18,[]
1485,19,[]
1507,19,[]
1529,20,[]
1552,18,[15]
1572,23,[]
1598,23,[]
1624,23,[7, 8, 9, 10, 11]
1650,20,[]
1673,20,[]
1696,18,[]
1716,98,[]
1836,15,[]
1856,20,[]
1883,18,[]
1907,20,[]
1934,19,[]
1960,20,[]
1987,20,[]
2014,22,[]
2044,24,[]
2076,22,[]
2106,21,[]
2134,20,[]
2161,24,[]
2193,23,[]
2224,25,[]
2258,22,[]
2283,23,[]
2309,24,[]
2336,22,[3, 4, 5, 6, 7, 8, 9]
2361,27,[]
2391,31,[]
2426,23,[]
2452,23,[]
2478,23,[]
2504,19,[]
2526,22,[]
2551,19,[]
2573,24,[]
2600,20,[]
2623,91,[]
2735,10,[]
2749,13,[]
2767,14,[]
2786,20,[]
2813,18,[]
2837,19,[]
2863,18,[]
2887,20,[]
2914,18,[]
2938,19,[]
2964,18,[]
2988,15,[]
3008,16,[]
3030,14,[]
3049,18,[]
3075,15,[]
3093,18,[]
3114,15,[]
3132,18,[]
3153,15,[]
3171,16,[]
3190,16,[12, 13, 14, 15]
3209,16,[]
3228,16,[]
3247,17,[]
3267,16,[]
3286,16,[]
3305,16,[]
3324,15,[]
3342,72,[]
3437,8,[]
3449,10,[]
3464,11,[]
3481,12,[]
3499,12,[]
3517,13,[]
3537,11,[]
3554,13,[]
3574,14,[]
3595,12,[]
3613,13,[]
3633,14,[]
3654,10,[]
3669,12,[]
3687,14,[]
3708,14,[]
3725,14,[]
3742,16,[]
3761,15,[]
3779,14,[]
3796,14,[]
3813,15,[]
3831,15,[]
3849,18,[]
3870,17,[]
3890,16,[]
3909,17,[]
3929,17,[]
3949,15,[]
3967,66,[]
4054,6,[]
4063,10,[]
4078,10,[]
4093,13,[]
4113,12,[]
4131,13,[]
4151,11,[]
4168,13,[]
4188,12,[]
4206,13,[]
4226,14,[]
4247,14,[]
4268,12,[]
4286,13,[]
4306,15,[]
4328,14,[]
4345,15,[]
4363,14,[]
4380,16,[]
4399,14,[]
4416,15,[]
4434,13,[]
4450,16,[]
4469,15,[]
4487,16,[]
4506,14,[]
4523,17,[]
4543,13,[]
4559,15,[5, 6, 7, 8, 9]
4577,64,[]
4661,8,[]
4673,9,[]
4687,15,[]
4709,10,[]
4724,10,[]
4739,11,[]
4756,11,[]
4773,12,[]
4791,14,[]
4812,12,[]
4830,11,[]
4847,12,[]
4865,12,[]
4883,14,[]
4904,11,[]
4921,14,[]
4938,13,[]
4954,16,[]
4973,13,[]
4989,14,[]
5006,14,[8, 9, 10]
5023,14,[]
5040,14,[]
5057,15,[]
5075,14,[]
5091,15,[]
5108,13,[]
5123,16,[]
5141,14,[]
5157,64,[]
5236,8,[]
5247,12,[]
5263,12,[]
5279,12,[]
5295,12,[]
5311,11,[]
5326,11,[]
5341,12,[]
5357,13,[]
5375,13,[]
5393,13,[]
5411,15,[]
5431,12,[]
5447,11,[]
5462,14,[]
5481,13,[]
5496,12,[]
5510,13,[]
5525,13,[]
5540,16,[]
5558,13,[]
5573,14,[]
5589,13,[]
5604,14,[]
5620,13,[4]
5635,14,[]
5651,11,[]
5664,12,[]
5678,11,[]
5691,72,[]
5779,6,[]
5787,7,[]
5797,7,[]
5807,8,[]
5818,9,[]
5830,11,[]
5845,11,[]
5860,12,[]
5876,11,[]
5891,16,[]
5913,14,[]
5932,15,[]
5952,14,[]
5971,15,[]
5991,14,[]
6010,16,[15]
6028,12,[]
6042,15,[]
6059,15,[]
6076,16,[]
6094,15,[]
6110,15,[]
6126,17,[]
6145,15,[]
6161,16,[]
6179,17,[]
6198,15,[]
6214,14,[]
6229,14,[]
0,17,[]
23,1,[]
25,6,[]
34,10,[]
49,7,[]
60,7,[]
71,8,[]
83,7,[]
94,8,[]
106,8,[]
118,6,[]
127,5,[]
135,14,[]
156,14,[]
177,19,[]
205,18,[]
232,11,[]
245,11,[]
258,17,[]
278,15,[]
296,13,[5, 6, 7]
311,13,[]
326,19,[]
348,16,[]
367,15,[]
385,14,[]
402,15,[]
420,15,[]
438,15,[]
456,14,[]
473,140,[]
655,12,[]
673,8,[]
685,5,[]
693,2,[]
696,9,[]
710,11,[]
726,11,[]
742,12,[]
760,9,[]
774,13,[]
793,8,[]
805,11,[]
821,11,[]
837,12,[]
855,14,[]
876,10,[]
888,10,[]
900,12,[]
914,12,[]
928,13,[]
943,13,[]
958,12,[]
972,12,[]
986,11,[]
999,14,[]
1016,15,[]
1033,12,[]
1046,15,[]
1063,11,[]
1075,119,[]
1211,6,[]
1219,14,[]
1236,14,[]
1253,12,[]
1268,14,[]
1285,11,[]
1299,16,[]
1319,15,[]
1338,14,[]
1355,16,[]
1375,17,[]
1396,11,[]
1410,19,[]
1433,19,[]
1456,16,[]
1476,21,[]
1499,20,[]
1521,13,[]
1535,18,[]
1555,15,[]
1572,18,[]
1592,18,[]
1612,20,[]
1634,11,[6]
1646,19,[]
1667,22,[]
1691,16,[]
1709,18,[]
1729,18,[10, 11]
1749,122,[]
1889,9,[]
1900,12,[]
1915,13,[]
1931,15,[]
1950,15,[]
1969,14,[]
1986,17,[7, 8, 9, 10, 11, 12, 13]
2007,20,[]
2032,19,[]
2058,15,[]
2080,11,[]
2096,12,[]
2114,15,[]
2136,16,[]
2159,16,[]
2182,16,[]
2201,16,[]
2220,10,[]
2232,18,[]
2253,23,[]
2280,17,[]
2300,16,[]
2319,18,[]
2340,15,[]
2358,17,[]
2378,14,[]
2395,15,[]
2413,17,[]
2433,12,[]
2447,122,[]
2605,7,[]
2616,10,[]
2631,12,[]
2649,13,[]
2668,11,[]
2684,13,[]
2703,13,[]
2722,16,[]
2745,16,[]
2768,15,[]
2790,15,[]
2812,12,[]
2830,15,[]
2852,17,[]
2877,16,[]
2900,17,[6]
2920,16,[]
2939,9,[]
2950,17,[]
2970,14,[]
2987,16,[]
3006,12,[]
3020,13,[]
3035,13,[]
3050,16,[]
3068,14,[10]
3083,14,[]
3098,15,[]
3114,9,[]
3124,127,[]
3264,6,[]
3271,9,[]
3282,11,[]
3295,11,[]
3308,10,[]
3320,9,[]
3331,14,[]
3348,14,[]
3365,14,[]
3382,14,[]
3399,14,[]
3416,12,[]
3430,16,[]
3449,17,[]
3469,15,[]
3487,9,[]
3497,14,[]
3512,13,[]
3526,14,[]
3541,16,[]
3558,15,[]
3574,14,[]
3589,14,[]
3604,17,[]
3622,12,[]
3635,15,[]
3651,12,[]
3664,15,[]
3680,13,[]
3694,125,[]
3832,7,[]
3841,15,[]
3859,15,[]
3877,14,[]
3894,12,[]
3908,10,[]
3920,8,[]
3930,14,[]
3947,14,[]
3964,16,[]
3983,16,[]
4002,14,[]
4019,17,[]
4039,18,[]
4063,18,[]
4088,20,[]
4111,15,[]
4129,12,[]
4143,14,[]
4160,15,[]
4178,12,[]
4192,15,[]
4210,18,[]
4231,12,[]
4245,19,[]
4267,15,[]
4285,14,[]
4302,17,[]
4322,14,[9, 10]
4339,120,[]
4494,6,[]
4503,10,[]
4518,11,[]
4534,12,[]
4552,12,[]
4570,9,[]
4583,13,[]
4602,16,[]
4625,14,[]
4646,15,[]
4668,14,[]
4689,17,[]
4714,10,[]
4729,14,[]
4750,16,[]
4773,16,[]
4792,12,[]
4806,9,[]
4817,11,[]
4830,13,[]
4845,15,[]
4863,12,[]
4877,13,[]
4892,15,[]
4910,9,[]
4921,13,[]
4936,12,[]
4950,15,[]
4968,13,[]
4983,110,[]
5125,4,[]
5131,5,[]
5139,9,[]
5152,8,[]
5164,10,[]
5179,10,[]
5194,9,[]
5207,12,[]
5225,10,[]
5240,11,[]
5256,12,[]
5274,7,[]
5285,12,[]
5303,13,[]
5322,11,[]
5338,14,[]
5355,14,[]
5372,9,[]
5383,34,[]
5422,20,[]
5445,14,[]
5462,16,[]
5481,16,[3, 4, 5, 6, 7, 8, 9, 10]
5500,8,[]
5510,15,[]
5528,18,[]
5549,14,[]
5566,13,[]
5581,12,[]
5595,97,[]
5721,6,[]
5730,7,[]
5741,8,[]
5753,9,[]
5766,8,[]
5778,6,[]
5787,10,[]
5802,12,[]
5820,10,[]
5835,28,[]
5876,19,[]
5904,10,[]
5919,12,[]
5937,11,[]
5953,11,[]
5969,12,[]
5983,11,[]
5996,11,[]
6009,11,[]
6022,14,[]
6039,12,[]
6053,13,[]
6068,11,[]
6081,17,[]
6101,21,[]
6126,16,[7]
6145,17,[]
6165,20,[]
6189,14,[]
0,34,[]
45,5,[]
53,11,[]
69,6,[]
78,8,[]
90,12,[]
108,14,[]
129,9,[]
143,15,[]
165,14,[]
186,14,[]
207,15,[]
229,15,[]
251,12,[]
269,17,[]
294,14,[]
315,15,[]
333,6,[]
340,16,[]
359,14,[]
376,13,[4, 5, 6, 7, 8, 9, 10, 11]
391,11,[]
404,15,[]
422,18,[]
443,18,[]
464,16,[]
483,21,[]
508,17,[]
528,12,[]
542,14,[]
559,129,[]
727,17,[]
752,2,[]
755,11,[]
771,6,[]
780,12,[]
798,16,[]
822,16,[]
846,11,[]
862,16,[]
886,16,[]
910,14,[]
931,8,[]
943,15,[]
965,13,[]
984,14,[]
1005,12,[]
1020,15,[]
1038,17,[]
1059,17,[]
1080,15,[]
1098,16,[]
1121,10,[]
1133,19,[]
1160,20,[]
1188,23,[]
1220,30,[]
1262,5,[]
1268,25,[]
1303,23,[]
1335,80,[]
1446,17,[]
1473,18,[]
1502,6,[]
1512,19,[]
1542,20,[]
1574,17,[]
1601,9,[]
1616,20,[]
1648,22,[]
1683,23,[]
1720,21,[]
1753,21,[]
1786,12,[]
1805,42,[]
1871,22,[]
1906,19,[]
1933,9,[]
1944,30,[]
1986,19,[]
2009,18,[6, 7, 8, 9, 10, 11, 12]
2033,22,[]
2058,7,[]
2066,23,[]
2094,19,[]
2115,20,[]
2137,19,[]
2160,21,[]
2185,10,[]
2196,19,[]
2219,80,[]
2315,13,[]
2332,5,[]
2339,17,[]
2361,17,[]
2383,16,[]
2404,16,[]
2425,19,[]
2450,9,[]
2462,19,[]
2487,25,[]
2520,9,[]
2532,21,[]
2559,4,[]
2565,20,[]
2591,5,[]
2598,20,[]
2622,10,[]
2633,18,[]
2655,7,[]
2663,18,[]
2685,7,[]
2693,17,[]
2714,7,[]
2722,18,[]
2744,8,[]
2753,17,[]
2774,7,[]
2782,30,[]
2818,7,[]
2826,77,[]
2918,1,[]
2920,10,[]
2933,6,[]
2941,15,[]
2961,7,[]
2970,16,[6, 7, 8, 9, 10, 11, 12]
2991,9,[]
3003,18,[]
3027,10,[]
3041,17,[]
3066,9,[]
3079,16,[]
3102,9,[]
3115,16,[]
3138,7,[]
3149,14,[]
3166,10,[]
3178,15,[]
3196,8,[]
3206,14,[]
3223,8,[]
3233,18,[]
3257,4,[]
3262,16,[]
3283,9,[]
3294,19,[]
3319,10,[]
3331,20,[]
3357,9,[]
3368,92,[]
3487,1,[]
3489,12,[]
3507,4,[]
3513,16,[]
3536,6,[]
3545,15,[]
3567,6,[]
3576,16,[]
3599,7,[]
3610,16,[]
3633,7,[]
3644,18,[]
3670,8,[]
3682,20,[]
3711,8,[]
3723,21,[]
3751,10,[]
3763,20,[]
3789,8,[]
3799,18,[]
3823,7,[]
3832,18,[]
3856,7,[]
3865,18,[]
3889,9,[]
3900,19,[]
3925,7,[]
3934,35,[]
3980,6,[]
3987,87,[]
4100,1,[]
4102,16,[]
4123,7,[]
4132,17,[]
4154,6,[]
4162,19,[]
4187,7,[]
4196,19,[]
4221,8,[]
4232,21,[]
4259,8,[]
4270,23,[]
4300,9,[]
4312,24,[]
4343,8,[]
4354,24,[]
4383,8,[]
4392,23,[]
4420,8,[]
4429,22,[]
4456,8,[]
4465,20,[]
4489,8,[]
4498,21,[]
4523,10,[1]
4534,20,[]
4558,6,[]
4565,20,[]
4589,9,[]
4599,88,[]
4704,1,[]
4706,17,[]
4728,5,[]
4735,23,[]
4765,5,[]
4772,20,[]
4798,8,[]
4809,19,[]
4834,8,[]
4845,22,[]
4874,8,[]
4885,19,[]
4910,7,[]
4919,21,[]
4946,8,[]
4957,23,[]
4985,9,[]
4995,21,[]
5020,6,[]
5027,22,[]
5054,6,[]
5061,21,[]
5086,9,[]
5096,22,[]
5123,6,[]
5130,20,[]
5152,7,[]
5160,32,[]
5199,7,[]
5207,85,[]
5309,1,[]
5311,14,[]
5329,8,[]
5340,17,[]
5362,5,[]
5369,19,[]
5394,7,[]
5403,19,[]
5428,8,[]
5439,21,[]
5466,9,[]
5478,21,[]
5505,8,[]
5516,20,[]
5542,7,[]
5551,25,[]
5581,7,[]
5589,22,[]
5616,6,[]
5623,21,[]
5648,9,[]
5658,21,[]
5683,6,[]
5690,24,[]
5719,6,[]
5726,24,[]
5755,6,[]
5762,25,[]
5792,9,[]
5802,75,[]
5892,1,[]
5894,20,[]
5920,7,[]
5929,20,[]
5955,6,[]
5963,21,[]
5990,6,[]
5998,19,[]
6023,7,[]
6032,17,[]
6054,9,[]
6066,18,[]
6090,6,[]
6098,17,[]
6120,6,[]
6128,17,[]
6149,8,[]
6158,17,[]
6179,7,[1]
6187,19,[]
6210,8,[]
6219,20,[]
6243,8,[]
6252,18,[]
6274,8,[]
6283,17,[]
6304,8,[]
6313,29,[]
6348,8,[]
0,46,[]
60,14,[]
81,12,[]
99,4,[]
105,14,[]
126,15,[]
148,16,[]
172,12,[]
190,17,[]
215,15,[]
237,14,[]
258,14,[]
279,17,[]
304,14,[]
325,11,[]
341,11,[]
357,13,[]
374,14,[]
393,12,[]
407,11,[]
420,14,[]
437,18,[]
461,14,[]
480,15,[]
500,15,[]
520,18,[]
544,18,[]
568,18,[]
592,20,[]
618,19,[]
643,72,[]
737,15,[]
759,19,[]
787,18,[]
814,11,[]
830,11,[]
846,14,[]
867,17,[]
892,17,[]
917,18,[]
944,18,[]
971,21,[]
1002,17,[]
1027,20,[]
1057,17,[]
1082,13,[]
1102,15,[]
1122,13,[]
1140,14,[]
1159,17,[]
1182,14,[]
1201,15,[]
1221,21,[]
1249,15,[]
1269,17,[]
1292,14,[]
1311,16,[]
1332,14,[]
1351,16,[]
1372,13,[]
1390,78,[]
1493,6,[]
1502,8,[]
1514,11,[]
1531,16,[]
1555,11,[]
1572,12,[]
1590,10,[]
1605,13,[]
1625,11,[]
1642,19,[]
1670,13,[]
1690,12,[]
1708,11,[]
1725,16,[]
1749,14,[]
1770,13,[]
1786,12,[]
1800,14,[]
1817,12,[]
1831,17,[]
1851,11,[]
1864,15,[]
1882,13,[]
1898,15,[]
1916,19,[]
1941,11,[]
1954,12,[]
1968,11,[]
1981,14,[]
1998,89,[]
2115,6,[]
2123,10,[]
2136,10,[]
2149,12,[]
2165,10,[]
2178,10,[]
2191,12,[]
2207,12,[]
2223,14,[]
2241,14,[]
2259,12,[]
2275,22,[]
2303,12,[]
2319,12,[]
2335,15,[]
2355,16,[]
2373,14,[]
2389,14,[]
2405,12,[]
2419,14,[]
2435,13,[]
2450,14,[]
2466,14,[]
2482,14,[5, 6, 7]
2498,13,[]
2513,14,[]
2529,18,[2, 3]
2549,17,[]
2568,10,[]
2579,85,[]
2680,4,[]
2686,12,[]
2702,10,[]
2715,12,[]
2731,15,[]
2751,15,[]
2771,12,[]
2787,14,[]
2805,11,[]
2819,15,[]
2839,13,[]
2856,15,[]
2876,11,[]
2890,13,[]
2907,13,[]
2924,15,[]
2941,11,[]
2953,14,[10]
2969,13,[]
2984,17,[]
3005,14,[]
3022,16,[]
3041,15,[]
3059,15,[]
3077,15,[]
3095,18,[]
3117,16,[]
3136,20,[]
3160,17,[]
3181,71,[]
3265,10,[]
3278,11,[]
3292,15,[]
3312,17,[]
3334,14,[]
3352,16,[]
3373,16,[]
3394,17,[]
3416,16,[]
3437,17,[]
3459,17,[]
3481,20,[]
3507,19,[]
3532,16,[]
3553,16,[]
3574,15,[]
3592,16,[]
3611,16,[]
3630,13,[6]
3645,26,[]
3676,13,[]
3692,13,[]
3708,14,[]
3725,19,[]
3748,16,[]
3767,16,[]
3786,16,[]
3805,14,[]
3822,13,[]
3837,78,[]
3930,8,[]
3941,10,[]
3954,12,[6, 7, 8, 9, 10]
3970,21,[]
3997,12,[]
4013,9,[]
4025,15,[]
4045,18,[]
4068,15,[]
4088,16,[]
4109,14,[]
4127,14,[]
4145,13,[]
4162,14,[]
4180,20,[]
4206,17,[]
4225,11,[]
4237,12,[]
4251,10,[]
4262,18,[]
4282,14,[]
4298,15,[]
4315,19,[]
4338,12,[]
4352,11,[]
4364,12,[]
4378,16,[]
4396,16,[]
4414,12,[]
4428,84,[]
4528,6,[]
4536,12,[]
4552,10,[]
4565,15,[]
4585,12,[]
4601,14,[]
4619,13,[]
4636,18,[]
4659,10,[]
4672,14,[]
4690,11,[]
4704,13,[]
4721,13,[]
4738,15,[]
4758,12,[]
4774,16,[]
4792,10,[]
4803,15,[]
4820,11,[]
4832,14,[]
4848,13,[]
4863,14,[]
4879,13,[]
4894,13,[]
4909,13,[]
4924,14,[]
4940,13,[]
4955,18,[]
4975,10,[]
4986,85,[]
5087,5,[]
5094,11,[]
5108,14,[]
5126,17,[]
5148,11,[]
5164,12,[]
5182,10,[]
5197,13,[3, 4, 5, 6, 7, 8, 9, 10]
5217,14,[]
5238,13,[]
5258,13,[]
5278,14,[]
5299,16,[]
5323,10,[]
5338,11,[]
5355,20,[]
5379,11,[]
5392,12,[]
5406,10,[]
5418,11,[]
5431,17,[]
5451,15,[]
5469,14,[]
5486,20,[]
5510,13,[]
5526,14,[]
5543,13,[]
5559,14,[]
5576,15,[]
5596,84,[]
5707,6,[]
5716,12,[]
5734,11,[]
5751,13,[]
5771,11,[]
5788,12,[]
5806,13,[]
5826,17,[]
5851,12,[]
5869,15,[]
5891,15,[]
5913,20,[]
5943,19,[]
5971,22,[]
6004,22,[]
6037,20,[]
6064,20,[]
6091,19,[]
6116,18,[]
6140,19,[]
6165,19,[]
6190,18,[]
6214,19,[]
6239,20,[]
6266,16,[]
6287,17,[]
6310,17,[]
6333,16,[]
6354,15,[]
0,21,[]
28,5,[]
36,8,[]
48,15,[]
70,14,[]
91,11,[]
107,13,[]
126,12,[]
144,15,[]
166,12,[]
184,14,[]
205,12,[]
223,14,[]
244,11,[]
260,12,[]
278,14,[]
299,19,[]
321,20,[]
344,20,[]
367,22,[]
393,22,[]
419,14,[]
436,16,[]
455,15,[]
473,18,[]
494,14,[]
511,17,[]
531,19,[]
553,23,[]
580,16,[]
599,94,[]
722,29,[]
765,10,[]
780,8,[]
792,8,[]
804,11,[]
820,15,[]
842,12,[]
860,14,[]
881,11,[]
897,12,[]
915,12,[]
933,15,[]
955,15,[]
977,14,[]
998,14,[]
1019,15,[]
1036,11,[]
1048,16,[]
1066,13,[]
1081,15,[]
1098,12,[]
1112,14,[5, 6]
1128,14,[]
1144,13,[]
1159,14,[]
1175,15,[]
1192,12,[]
1206,15,[]
1223,13,[]
1238,82,[]
1335,9,[]
1347,12,[]
1363,11,[]
1377,12,[]
1393,12,[]
1409,12,[]
1425,12,[]
1441,16,[]
1462,15,[]
1482,16,[]
1503,15,[]
1523,16,[]
1544,14,[]
1562,16,[]
1583,14,[]
1601,16,[]
1619,15,[]
1636,15,[]
1653,15,[]
1670,15,[]
1687,16,[]
1705,14,[]
1721,13,[]
1736,16,[]
1754,16,[]
1772,17,[]
1791,14,[]
1807,19,[8]
1828,14,[]
1844,78,[]
1937,9,[]
1949,13,[]
1966,13,[]
1983,16,[]
2004,13,[]
2021,14,[]
2040,16,[]
2062,16,[]
2084,14,[]
2103,15,[]
2123,13,[]
2141,15,[]
2161,14,[]
2180,15,[]
2200,13,[]
2218,15,[]
2235,12,[]
2249,15,[]
2266,14,[]
2282,16,[]
2300,13,[]
2315,13,[]
2330,13,[]
2345,16,[]
2363,13,[]
2378,14,[]
2394,13,[]
2409,14,[13]
2425,15,[]
2442,79,[]
2539,7,[]
2549,11,[]
2564,13,[]
2582,15,[]
2602,15,[]
2622,16,[]
2644,13,[]
2662,17,[]
2685,15,[]
2705,16,[]
2727,14,[]
2746,15,[]
2766,13,[]
2784,22,[]
2814,14,[]
2833,19,[]
2855,15,[]
2872,17,[]
2891,15,[]
2908,17,[]
2927,13,[]
2942,15,[]
2959,14,[]
2975,15,[]
2992,13,[7, 8]
3007,13,[]
3022,13,[]
3037,17,[]
3056,15,[]
3072,81,[]
3164,10,[]
3176,13,[]
3192,13,[]
3208,15,[]
3226,15,[]
3244,16,[]
3264,15,[]
3282,8,[]
3292,19,[]
3315,15,[]
3333,15,[]
3351,16,[]
3371,13,[]
3387,15,[]
3405,14,[]
3422,15,[]
3438,15,[]
3454,14,[]
3469,13,[]
3483,14,[]
3498,13,[]
3512,15,[]
3528,14,[]
3543,15,[]
3559,14,[]
3574,16,[]
3592,15,[10]
3608,19,[14]
3629,15,[]
3645,80,[]
3736,11,[]
3750,13,[]
3766,15,[]
3784,14,[]
3801,13,[]
3817,14,[]
3834,13,[]
3850,13,[]
3866,13,[]
3882,15,[]
3900,14,[]
3917,17,[]
3938,18,[]
3960,16,[]
3980,16,[]
4000,16,[]
4018,15,[5, 6, 7]
4034,16,[]
4052,17,[]
4071,16,[]
4089,16,[]
4107,17,[]
4126,13,[]
4140,14,[]
4155,14,[]
4170,13,[]
4184,12,[]
4197,13,[]
4211,17,[]
4230,83,[]
4324,8,[]
4334,13,[]
4350,11,[]
4364,15,[]
4382,15,[]
4400,10,[]
4412,16,[]
4432,17,[]
4453,13,[]
4469,15,[]
4487,16,[]
4507,19,[]
4530,17,[]
4551,17,[]
4572,17,[]
4593,19,[]
4614,15,[9]
4630,17,[]
4649,15,[7]
4665,17,[]
4684,15,[]
4700,17,[11, 12, 13]
4719,14,[]
4734,17,[]
4753,15,[]
4769,16,[]
4787,14,[]
4802,21,[]
4825,15,[]
4841,79,[]
4931,7,[]
4940,11,[]
4954,12,[]
4969,12,[]
4984,12,[]
4999,14,[]
5016,12,[]
5031,13,[]
5047,14,[]
5064,17,[]
5085,14,[]
5102,14,[]
5119,12,[]
5134,13,[]
5150,12,[]
5165,15,[]
5181,12,[]
5194,12,[]
5207,15,[10]
5223,13,[]
5237,14,[]
5252,16,[]
5270,15,[]
5286,16,[]
5304,12,[]
5317,15,[]
5333,15,[]
5349,13,[1, 2]
5363,12,[]
5376,80,[]
5467,8,[]
5477,11,[]
5491,6,[]
5499,17,[]
5520,16,[]
5540,18,[]
5562,13,[5, 6, 7, 8, 9]
5578,16,[]
5598,14,[]
5615,16,[]
5635,16,[]
5655,17,[]
5676,16,[]
5696,16,[]
5716,13,[]
5732,18,[]
5752,15,[]
5768,15,[]
5784,15,[]
5800,17,[]
5819,17,[]
5838,17,[]
5857,15,[12, 13, 14]
5873,16,[2, 3]
5891,16,[]
5909,16,[]
5927,14,[]
5942,16,[]
5960,13,[]
0,17,[]
23,1,[]
25,9,[]
39,12,[]
57,11,[]
73,9,[]
87,10,[]
102,8,[]
114,9,[]
128,6,[]
137,8,[]
149,8,[]
161,10,[]
176,7,[]
187,9,[]
201,11,[]
217,14,[]
234,8,[]
244,12,[]
258,12,[]
272,19,[]
294,15,[]
312,16,[]
331,15,[]
349,12,[]
363,26,[]
393,9,[]
404,13,[]
419,17,[]
439,14,[]
456,100,[]
586,6,[]
595,5,[]
603,6,[]
612,8,[]
624,12,[]
642,17,[]
667,15,[]
689,15,[]
711,12,[]
729,13,[]
748,16,[]
772,14,[]
793,16,[]
817,13,[]
836,11,[]
852,13,[]
867,13,[]
882,14,[]
899,13,[11, 12]
914,14,[]
931,11,[]
944,12,[]
958,13,[]
973,15,[]
991,25,[4]
1020,16,[]
1038,11,[]
1050,15,[]
1067,10,[]
1078,104,[]
1197,7,[]
1206,5,[]
1213,12,[]
1228,11,[]
1242,12,[]
1257,12,[]
1272,10,[]
1285,13,[]
1301,12,[]
1316,12,[]
1331,10,[]
1344,11,[]
1358,11,[]
1372,14,[]
1389,10,[]
1402,11,[]
1414,10,[]
1425,11,[]
1437,13,[]
1451,15,[]
1468,12,[]
1481,11,[]
1493,11,[]
1505,14,[]
1520,13,[]
1534,23,[]
1559,16,[]
1577,15,[]
1594,11,[]
1606,103,[]
1724,7,[]
1733,11,[]
1747,12,[]
1762,13,[]
1778,13,[]
1794,16,[]
1814,12,[]
1829,9,[]
1840,13,[]
1856,14,[]
1873,13,[]
1889,17,[]
1910,13,[]
1926,14,[]
1943,14,[]
1960,18,[]
1980,16,[]
1998,17,[]
2017,15,[]
2034,18,[]
2055,16,[]
2074,16,[]
2093,16,[]
2112,18,[]
2133,15,[]
2151,15,[]
2169,26,[]
2200,13,[]
2216,13,[]
2232,104,[]
2371,7,[]
2382,9,[]
2396,11,[]
2413,15,[]
2436,12,[]
2454,12,[]
2472,13,[]
2492,16,[]
2516,15,[]
2539,15,[]
2562,15,[]
2585,15,[]
2608,14,[]
2629,8,[]
2641,15,[]
2664,15,[]
2682,14,[]
2699,14,[]
2716,14,[]
2733,17,[]
2753,16,[]
2772,15,[]
2790,14,[]
2807,17,[]
2827,9,[]
2838,13,[]
2854,15,[]
2872,14,[]
2889,9,[]
2900,114,[]
3052,7,[]
3062,10,[]
3075,12,[]
3090,11,[]
3104,11,[]
3118,10,[]
3131,10,[]
3144,11,[]
3158,11,[]
3172,10,[]
3185,10,[]
3198,12,[]
3213,11,[]
3227,12,[]
3242,12,[]
3257,14,[]
3272,12,[]
3285,12,[3, 4]
3298,12,[]
3311,15,[]
3328,11,[]
3340,14,[]
3355,12,[]
3368,14,[]
3383,13,[]
3397,11,[]
3409,12,[]
3422,13,[]
3436,15,[]
3453,114,[]
3583,6,[]
3591,9,[]
3602,12,[]
3617,13,[]
3633,14,[]
3650,16,[]
3670,15,[]
3689,8,[]
3699,16,[]
3719,13,[]
3735,13,[]
3751,15,[]
3770,12,[]
3785,12,[]
3800,13,[]
3816,15,[]
3833,11,[]
3845,16,[]
3863,11,[]
3875,12,[]
3888,11,[]
3900,14,[]
3915,13,[]
3929,15,[]
3946,14,[]
3961,13,[]
3975,13,[]
3989,16,[]
4007,11,[]
4019,111,[]
4146,17,[]
4168,11,[]
4183,17,[]
4205,18,[]
4229,16,[]
4250,14,[]
4268,16,[]
4289,20,[]
4315,19,[]
4340,19,[]
4365,18,[]
4389,24,[]
4420,22,[]
4449,19,[]
4474,23,[]
4504,24,[12, 13, 14]
4531,24,[]
4558,25,[]
4586,21,[]
4609,22,[]
4634,19,[]
4655,19,[]
4676,13,[]
4691,21,[]
4714,15,[]
4731,15,[]
4748,12,[]
4762,15,[]
4779,15,[]
4796,108,[]
4925,7,[]
4934,12,[]
4950,22,[]
4979,10,[]
4992,14,[]
5010,16,[]
5031,17,[]
5053,19,[]
5078,17,[]
5100,17,[]
5122,9,[]
5134,16,[]
5155,15,[]
5177,14,[]
5198,16,[]
5222,19,[]
5245,35,[]
5286,8,[]
5296,17,[]
5316,17,[]
5336,13,[]
5352,11,[]
5365,15,[]
5383,26,[]
5414,28,[]
5447,20,[]
5471,20,[]
5495,12,[]
5509,10,[]
5521,106,[]
5662,6,[]
5671,11,[]
5688,13,[]
5708,12,[]
5726,9,[]
5740,9,[]
5754,10,[]
5769,11,[]
5786,23,[]
5821,14,[]
5842,10,[]
5857,13,[]
5877,12,[]
5895,13,[]
5915,15,[]
5938,16,[]
5957,7,[]
5966,16,[]
5985,8,[4]
5995,17,[3]
6015,14,[]
6032,13,[]
6048,12,[]
6062,13,[]
6078,12,[]
6092,11,[]
6105,13,[5]
6121,13,[]
6137,14,[]
0,51,[]
67,1,[]
69,1,[]
71,1,[]
73,5,[]
81,21,[]
112,7,[]
123,31,[]
168,3,[]
173,14,[]
194,6,[]
203,20,[]
232,8,[]
244,32,[]
291,10,[]
306,21,[]
337,22,[3, 4, 5, 6, 7]
363,10,[]
375,7,[]
384,25,[]
413,27,[]
449,7,[]
458,23,[]
485,8,[]
495,9,[]
506,25,[]
535,24,[]
563,9,[]
574,3,[]
578,8,[]
588,140,[]
770,1,[]
772,17,[]
797,5,[]
805,16,[]
829,5,[]
837,24,[]
872,8,[]
884,23,[]
918,6,[]
927,28,[]
968,8,[]
980,22,[]
1012,4,[]
1018,25,[]
1056,4,[]
1062,25,[13, 14, 15, 16, 17, 18, 19, 20]
1092,23,[]
1119,7,[]
1128,23,[]
1155,8,[]
1165,12,[]
1179,13,[]
1195,53,[]
1266,4,[]
1271,18,[]
1295,9,[]
1306,25,[]
1336,9,[]
1347,22,[]
1373,112,[]
1522,19,[]
1551,5,[]
1559,20,[]
1589,9,[]
1603,19,[]
1632,3,[]
1637,7,[]
1648,38,[]
1705,9,[]
1719,4,[]
1725,19,[]
1754,22,[]
1787,9,[]
1801,36,[]
1855,9,[]
1869,16,[]
1888,9,[]
1899,26,[]
1934,5,[]
1940,22,[]
1966,7,[]
1975,23,[]
2002,7,[]
2011,10,[]
2023,52,[]
2093,5,[]
2099,9,[]
2110,19,[]
2133,2,[]
2136,105,[]
2276,1,[]
2278,17,[]
2304,23,[]
2339,8,[]
2351,21,[]
2383,7,[]
2394,36,[]
2448,6,[]
2457,17,[]
2483,6,[]
2492,24,[]
2528,6,[]
2537,22,[]
2570,7,[]
2581,22,[]
2614,26,[]
2649,9,[]
2660,7,[]
2669,23,[]
2700,6,[]
2707,8,[]
2717,45,[]
2777,4,[]
2782,7,[]
2791,18,[]
2815,7,[]
2824,19,[]
2847,10,[]
2859,20,[]
2883,95,[]
3010,10,[]
3025,12,[]
3043,5,[]
3051,24,[]
3086,3,[]
3091,13,[]
3110,5,[]
3118,19,[]
3146,8,[]
3158,17,[]
3183,8,[]
3195,16,[]
3218,15,[]
3240,6,[]
3249,7,[]
3260,23,[]
3287,4,[]
3292,6,[]
3299,51,[]
3365,4,[]
3370,8,[]
3380,17,[]
3402,4,[]
3407,21,[3, 4]
3432,16,[]
3451,7,[]
3460,23,[]
3490,9,[]
3501,6,[]
3508,88,[]
3622,1,[]
3624,1,[]
3626,16,[]
3649,6,[]
3658,15,[]
3680,6,[]
3689,16,[]
3712,7,[]
3723,19,[]
3751,7,[]
3762,27,[]
3801,8,[]
3813,17,[]
3838,7,[]
3849,19,[]
3877,6,[]
3884,18,[]
3905,8,[]
3915,7,[]
3924,22,[]
3950,6,[]
3957,40,[]
4009,5,[]
4015,16,[]
4036,7,[]
4044,20,[]
4066,8,[]
4075,31,[]
4111,4,[]
4116,89,[]
4218,8,[]
4228,8,[]
4238,6,[]
4246,15,[]
4265,5,[]
4272,12,[]
4287,4,[]
4292,16,[]
4312,15,[]
4331,8,[]
4341,22,[]
4368,9,[]
4379,26,[]
4411,9,[]
4422,16,[]
4442,7,[]
4450,8,[]
4459,68,[]
4537,4,[]
4542,5,[]
4548,5,[]
4554,23,[]
4581,6,[]
4588,6,[]
4595,34,[]
4634,5,[]
4640,7,[]
4648,32,[]
4685,6,[3]
4692,96,[]
4802,19,[]
4825,4,[]
4830,13,[]
4846,12,[]
4861,4,[]
4866,32,[]
4905,5,[]
4912,15,[]
4931,6,[]
4939,16,[]
4959,7,[]
4968,16,[]
4988,5,[]
4995,21,[]
5021,6,[]
5029,19,[]
5050,7,[]
5058,11,[]
5071,32,[]
5114,9,[]
5125,8,[]
5135,17,[]
5155,9,[]
5166,16,[]
5185,6,[]
5192,18,[]
5213,8,[4, 5, 6, 7]
5223,19,[]
5246,18,[]
5267,93,[]
5391,9,[]
5405,7,[]
5416,8,[]
5428,6,[]
5437,26,[]
5476,7,[]
5487,17,[]
5513,8,[]
5525,17,[]
5551,31,[]
5598,9,[]
5612,7,[]
5623,22,[]
5656,7,[]
5667,20,[]
5697,5,[]
5703,7,[]
5712,32,[]
5755,6,[]
5762,6,[]
5769,19,[]
5792,18,[]
5813,9,[]
5824,17,[]
5844,8,[]
5854,16,[]
5873,8,[]
5883,16,[]
5902,7,[]
5911,90,[]
6031,1,[]
6033,17,[]
6059,3,[]
6064,5,[]
6072,13,[]
6092,8,[]
6104,7,[]
6115,15,[]
6138,6,[]
6147,15,[]
6170,6,[]
6179,14,[]
6200,7,[]
6211,31,[]
6258,10,[]
6273,13,[]
6291,9,[]
6302,14,[]
6319,12,[]
6333,7,[]
6342,16,[]
6361,6,[]
6368,17,[]
6388,7,[]
6397,16,[]
6416,5,[]
6422,15,[]
6440,6,[]
6447,29,[]
0,30,[]
39,1,[]
41,15,[]
63,5,[]
71,20,[]
100,6,[]
109,22,[]
141,10,[]
156,23,[]
190,9,[]
204,18,[]
231,17,[]
256,11,[]
272,10,[]
287,22,[]
319,8,[]
331,21,[]
359,9,[]
370,17,[]
390,6,[]
397,17,[]
417,6,[]
424,28,[]
457,18,[]
478,7,[]
487,29,[]
525,7,[]
534,9,[]
545,20,[]
568,6,[]
575,75,[]
673,1,[]
675,11,[]
691,9,[]
705,6,[]
714,15,[]
736,11,[]
752,23,[]
786,8,[]
798,22,[]
830,6,[]
839,12,[]
857,18,[]
884,12,[]
902,20,[]
931,6,[]
940,21,[]
965,18,[]
986,12,[]
1000,22,[]
1026,8,[]
1036,23,[]
1063,6,[]
1070,24,[]
1098,14,[]
1115,16,[]
1134,21,[]
1159,11,[]
1172,21,[16]
1197,16,[]
1216,83,[]
1327,13,[]
1347,6,[]
1356,16,[]
1380,12,[]
1398,20,[]
1428,9,[]
1442,20,[]
1472,10,[]
1487,11,[]
1504,22,[]
1537,16,[]
1561,13,[]
1581,18,[]
1608,12,[]
1626,21,[]
1658,8,[]
1668,22,[]
1698,6,[]
1705,20,[]
1732,8,[]
1742,22,[]
1772,12,[]
1786,20,[]
1813,8,[]
1823,17,[]
1846,13,[]
1862,20,[]
1889,8,[]
1899,19,[]
1922,85,[]
2036,9,[]
2050,6,[]
2059,17,[]
2085,7,[]
2096,21,[]
2128,7,[]
2139,17,[]
2165,10,[]
2180,16,[]
2204,12,[]
2222,19,[]
2251,8,[]
2263,21,[]
2295,6,[]
2304,20,[]
2334,8,[]
2344,20,[]
2368,12,[]
2382,20,[]
2406,8,[]
2416,21,[10, 11]
2441,11,[]
2454,22,[]
2480,7,[]
2489,17,[]
2509,12,[]
2523,19,[]
2546,8,[]
2556,16,[]
2575,82,[]
2685,13,[]
2705,5,[]
2713,19,[]
2742,7,[]
2753,20,[]
2783,11,[]
2800,18,[]
2827,13,[]
2847,31,[]
2894,22,[]
2927,30,[]
2972,22,[]
3005,19,[]
3034,21,[]
3066,22,[]
3098,21,[]
3123,21,[]
3148,27,[]
3183,6,[]
3190,17,[]
3210,10,[]
3222,29,[]
3256,12,[]
3270,22,[]
3296,9,[]
3307,21,[]
3332,14,[]
3349,21,[]
3374,7,[]
3383,73,[]
3478,1,[]
3480,14,[]
3501,10,[]
3516,15,[]
3538,12,[]
3556,19,[]
3584,12,[]
3602,17,[]
3627,10,[]
3642,19,[]
3670,11,[]
3686,20,[]
3715,6,[]
3724,19,[]
3752,6,[]
3761,21,[]
3786,15,[]
3804,8,[]
3814,10,[]
3826,21,[12, 13, 14, 15]
3851,7,[]
3860,17,[]
3880,6,[]
3887,15,[]
3905,12,[]
3919,14,[]
3936,12,[]
3950,15,[]
3968,14,[]
3985,86,[]
4096,9,[]
4109,6,[]
4118,8,[]
4130,16,[]
4153,8,[]
4165,12,[]
4183,11,[]
4199,15,[]
4221,9,[]
4234,13,[]
4253,14,[]
4274,8,[]
4286,15,[]
4308,9,[]
4321,14,[]
4342,11,[]
4355,11,[]
4368,19,[]
4390,8,[]
4400,19,[]
4422,7,[]
4431,17,[]
4451,12,[]
4465,14,[]
4482,14,[]
4499,8,[]
4509,18,[]
4530,9,[]
4541,17,[]
4561,89,[]
4676,1,[]
4678,11,[]
4694,9,[]
4707,13,[]
4726,14,[]
4747,8,[]
4759,19,[]
4787,8,[]
4799,19,[]
4827,6,[]
4836,19,[]
4864,8,[]
4876,19,[]
4904,12,[]
4922,21,[]
4953,6,[]
4960,17,[]
4980,12,[]
4994,19,[]
5016,6,[]
5023,18,[]
5044,12,[]
5058,20,[]
5081,6,[]
5088,18,[]
5109,11,[]
5122,20,[]
5144,12,[]
5157,18,[]
5177,87,[]
5277,8,[]
5287,12,[]
5302,11,[]
5316,13,[]
5332,16,[]
5352,9,[]
5363,17,[]
5384,8,[]
5394,19,[]
5417,7,[]
5426,17,[]
5447,9,[]
5458,18,[]
5480,11,[]
5494,18,[]
5516,11,[]
5528,17,[]
5547,11,[]
5559,17,[]
5578,11,[]
5590,18,[]
5610,11,[]
5622,17,[]
5641,11,[]
5653,18,[]
5673,11,[4]
5685,17,[]
5704,10,[]
5715,17,[]
5734,99,[]
5847,10,[]
5860,8,[]
5870,13,[]
5886,7,[]
5895,20,[]
5920,5,[]
5927,19,[]
5950,8,[]
5960,21,[]
5986,11,[]
6000,20,[]
6025,8,[]
6035,21,[]
6061,8,[]
6071,20,[]
6096,10,[]
6107,20,[]
6129,12,[]
6142,20,[]
6164,11,[]
6176,20,[]
6198,10,[]
6209,22,[]
6233,12,[]
6246,20,[]
6268,10,[7]
6279,22,[]
6303,11,[]
6315,15,[]
0,52,[]
68,6,[]
77,7,[]
88,12,[]
106,12,[]
124,11,[]
140,11,[]
156,12,[]
174,11,[]
190,8,[]
202,10,[]
217,10,[]
232,13,[]
251,11,[]
267,11,[]
283,10,[]
298,12,[]
312,10,[]
324,12,[]
338,12,[]
352,13,[]
367,12,[]
381,14,[]
398,18,[]
419,18,[]
440,18,[17]
461,19,[]
483,18,[]
504,16,[]
523,28,[]
560,125,[]
723,10,[]
738,12,[]
756,19,[]
784,7,[]
795,9,[]
809,26,[]
847,14,[]
868,16,[]
892,14,[]
913,16,[]
937,14,[]
958,15,[]
980,17,[]
1005,12,[]
1020,17,[]
1041,16,[]
1059,12,[]
1072,18,[]
1092,12,[]
1105,15,[]
1122,15,[]
1139,17,[]
1158,14,[]
1174,22,[]
1198,11,[]
1210,13,[5]
1224,18,[]
1244,17,[]
1263,30,[]
1296,120,[]
1434,5,[]
1441,7,[]
1450,9,[]
1462,13,[]
1478,11,[]
1492,14,[]
1510,12,[]
1525,13,[]
1541,12,[1, 2, 3, 4, 5, 6]
1556,12,[]
1571,11,[]
1585,13,[]
1601,9,[]
1613,14,[]
1631,14,[]
1649,15,[]
1666,11,[]
1678,12,[]
1691,11,[]
1703,12,[]
1716,11,[]
1728,13,[]
1742,11,[]
1754,14,[]
1770,10,[]
1781,12,[]
1794,12,[]
1807,13,[]
1821,19,[]
1842,113,[]
1972,5,[]
1979,10,[]
1992,10,[]
2005,11,[]
2019,10,[]
2033,11,[]
2049,12,[]
2066,13,[]
2085,12,[]
2102,13,[]
2121,13,[]
2140,14,[]
2160,12,[]
2177,14,[]
2197,12,[]
2214,15,[]
2231,12,[]
2245,14,[]
2261,10,[]
2273,14,[]
2289,11,[]
2302,15,[]
2319,14,[]
2335,15,[]
2352,11,[]
2365,13,[]
2380,11,[]
2393,12,[]
2407,24,[9, 10]
2435,118,[]
2584,7,[]
2594,10,[]
2608,11,[]
2624,13,[]
2643,10,[]
2657,13,[]
2676,12,[]
2693,15,[]
2714,12,[]
2731,13,[]
2750,12,[]
2767,14,[]
2787,16,[]
2810,16,[]
2833,14,[]
2853,18,[7]
2874,12,[]
2888,14,[]
2904,13,[]
2919,15,[]
2936,13,[]
2951,13,[]
2966,13,[]
2981,17,[]
3001,11,[]
3014,13,[]
3029,12,[]
3042,14,[]
3057,24,[]
3083,125,[]
3221,6,[]
3228,12,[]
3242,11,[]
3255,11,[]
3268,12,[]
3282,11,[]
3295,12,[]
3309,15,[]
3327,13,[]
3342,14,[]
3359,14,[]
3376,15,[]
3394,14,[]
3411,16,[]
3430,13,[]
3445,18,[]
3464,12,[]
3477,13,[]
3491,12,[]
3504,15,[]
3520,16,[]
3537,17,[]
3555,14,[]
3570,23,[]
3595,12,[]
3608,13,[]
3622,10,[]
3633,11,[]
3645,27,[2, 3, 4, 5, 6, 7]
3674,129,[]
3816,4,[]
3821,11,[]
3834,10,[]
3846,12,[]
3860,10,[]
3872,11,[]
3885,13,[]
3900,14,[]
3917,12,[]
3931,13,[]
3946,15,[]
3964,16,[]
3983,15,[]
4001,18,[]
4022,12,[]
4036,16,[]
4055,12,[]
4069,14,[]
4086,12,[]
4101,18,[]
4123,13,[]
4139,16,[]
4158,11,[]
4171,14,[]
4188,11,[]
4201,13,[]
4217,12,[]
4232,15,[]
4250,28,[]
4284,136,[]
4469,3,[]
4474,8,[]
4487,9,[]
4501,11,[]
4518,8,[]
4531,9,[]
4545,11,[]
4562,13,[]
4583,13,[]
4604,15,[]
4628,13,[]
4649,13,[]
4670,10,[]
4686,10,[]
4702,11,[]
4719,11,[]
4732,11,[]
4745,10,[]
4757,11,[]
4770,13,[3]
4786,14,[]
4803,15,[]
4821,16,[]
4840,18,[]
4862,11,[]
4875,13,[]
4891,10,[]
4903,14,[]
4920,30,[]
4956,137,[]
5143,4,[]
5149,5,[]
5156,8,[]
5166,9,[]
5178,8,[]
5188,9,[]
5200,11,[]
5214,13,[]
5230,10,[]
5243,13,[]
5259,12,[]
5274,11,[]
5288,13,[]
5304,12,[]
5319,13,[]
5335,13,[]
5349,17,[]
5368,14,[]
5384,16,[]
5402,11,[]
5414,14,[]
5430,12,[]
5443,13,[]
5457,14,[]
5473,19,[]
5494,13,[]
5508,14,[]
5524,12,[7, 8, 9, 10, 11]
5537,34,[]
5577,129,[]
5726,4,[]
5731,5,[]
5738,7,[]
5747,11,[]
5761,9,[]
5773,9,[]
5785,9,[]
5797,11,[]
5811,12,[]
5826,11,[]
5840,8,[]
5850,11,[]
5864,11,[]
5878,12,[]
5893,11,[]
5907,13,[]
5921,15,[]
5938,12,[]
5951,12,[]
5964,16,[]
5982,9,[]
5992,10,[]
6003,12,[]
6016,13,[]
6030,10,[7]
6041,11,[]
6053,11,[]
6065,14,[13]
6081,3,[]
0,48,[]
63,7,[]
74,7,[]
85,9,[]
99,12,[]
117,19,[]
145,8,[]
157,7,[]
168,7,[]
179,7,[]
190,13,[]
209,11,[]
225,11,[]
241,11,[]
257,9,[]
271,10,[]
286,13,[]
303,9,[]
314,11,[]
327,10,[]
339,12,[]
353,12,[]
367,12,[]
381,16,[]
400,10,[]
412,14,[]
431,14,[]
450,15,[]
470,15,[]
490,14,[]
509,137,[]
688,5,[]
696,10,[]
711,10,[]
726,7,[]
737,4,[]
743,9,[]
757,11,[]
773,8,[]
785,8,[]
797,9,[]
811,10,[]
826,11,[]
842,10,[]
857,8,[]
869,11,[]
885,9,[8]
896,13,[]
911,12,[]
925,12,[]
939,9,[]
950,9,[]
961,11,[]
974,12,[]
988,10,[]
1000,11,[]
1013,14,[]
1029,15,[]
1046,8,[]
1056,9,[2]
1067,135,[]
1238,3,[]
1243,8,[]
1255,7,[]
1265,8,[]
1277,9,[]
1290,10,[]
1304,11,[]
1320,10,[]
1334,12,[]
1351,11,[]
1367,13,[]
1386,9,[]
1399,10,[]
1413,16,[]
1436,14,[]
1456,10,[]
1468,11,[]
1481,11,[]
1494,13,[]
1509,11,[]
1522,19,[]
1546,17,[]
1568,15,[]
1585,18,[]
1608,19,[]
1632,18,[]
1655,18,[]
1678,18,[]
1701,25,[]
1733,88,[]
1844,11,[]
1860,11,[]
1876,13,[]
1895,14,[]
1915,11,[]
1931,12,[]
1948,16,[]
1971,24,[]
2005,14,[]
2025,20,[]
2052,18,[]
2075,19,[]
2099,22,[]
2126,17,[]
2147,14,[]
2165,14,[]
2182,23,[]
2209,14,[]
2226,16,[]
2245,19,[]
2267,22,[]
2293,16,[7, 8, 9, 10]
2312,18,[]
2333,19,[]
2355,19,[]
2377,17,[]
2397,19,[]
2419,18,[]
2440,15,[]
2458,80,[]
2550,11,[]
2564,18,[]
2587,12,[]
2602,13,[]
2618,11,[]
2632,14,[]
2650,16,[]
2670,18,[]
2693,17,[]
2714,16,[]
2734,14,[]
2752,14,[]
2770,14,[]
2788,15,[]
2807,15,[]
2826,18,[]
2847,13,[]
2861,16,[]
2880,14,[]
2897,15,[]
2915,12,[]
2929,15,[]
2947,15,[]
2965,13,[]
2979,14,[]
2995,15,[]
3012,17,[]
3031,14,[]
3047,16,[]
3065,95,[]
3180,10,[]
3194,16,[]
3216,14,[]
3235,16,[]
3257,17,[]
3280,19,[]
3305,20,[]
3332,17,[]
3355,17,[]
3378,18,[]
3402,19,[]
3427,21,[]
3455,19,[]
3480,18,[]
3504,18,[]
3528,19,[]
3551,19,[]
3574,22,[]
3601,20,[]
3626,19,[]
3649,19,[]
3672,18,[]
3694,16,[]
3714,24,[]
3744,20,[]
3769,17,[]
3790,18,[]
3812,19,[]
3835,20,[]
3860,74,[]
3950,8,[]
3961,9,[]
3973,12,[]
3989,12,[]
4005,14,[]
4024,13,[]
4042,11,[]
4057,14,[]
4076,16,[]
4098,14,[]
4117,16,[]
4139,16,[]
4161,16,[]
4183,12,[]
4199,12,[]
4215,10,[]
4228,10,[]
4241,17,[]
4262,19,[]
4285,17,[]
4306,9,[]
4316,13,[]
4332,12,[]
4347,12,[]
4361,13,[]
4376,12,[]
4390,14,[]
4406,11,[]
4419,16,[]
4437,73,[]
4526,6,[]
4534,6,[]
4542,8,[]
4553,11,[]
4568,7,[]
4578,9,[]
4590,11,[]
4605,11,[]
4620,12,[]
4636,9,[]
4648,15,[]
4668,14,[]
4687,12,[]
4703,9,[]
4715,14,[]
4734,14,[]
4750,14,[]
4766,11,[]
4779,13,[]
4794,14,[]
4810,15,[]
4827,11,[]
4840,11,[]
4853,14,[]
4869,14,[]
4885,11,[]
4898,9,[]
4908,16,[]
4926,15,[]
4943,85,[]
5046,2,[]
5049,9,[]
5061,11,[]
5076,10,[]
5090,7,[]
5100,12,[]
5116,12,[]
5132,14,[]
5151,11,[]
5166,13,[]
5184,10,[]
5198,12,[]
5214,8,[]
5225,12,[]
5241,14,[]
5260,12,[]
5274,7,[]
5282,10,[]
5294,13,[]
5309,10,[]
5321,8,[]
5330,10,[]
5342,15,[]
5359,13,[]
5374,9,[]
5384,11,[]
5397,9,[4]
5407,11,[]
5420,10,[]
5432,100,[]
5553,2,[]
5556,6,[]
5564,8,[]
5575,11,[]
5590,7,[]
5600,10,[]
5614,9,[]
5626,12,[]
5642,11,[]
5657,8,[]
5668,11,[]
5683,13,[]
5701,13,[]
5719,11,[]
5734,11,[]
5749,13,[]
5764,8,[]
5773,12,[]
5787,12,[]
5801,13,[]
5816,13,[]
5831,12,[]
5845,14,[]
5861,15,[]
5878,10,[]
5890,13,[]
5905,11,[]
5918,11,[2]
5931,4,[]
0,27,[]
36,7,[]
47,10,[]
62,14,[]
83,12,[]
101,12,[]
119,13,[]
138,12,[]
156,14,[]
177,11,[]
193,17,[]
218,12,[]
236,13,[]
255,10,[]
270,12,[]
288,12,[]
306,12,[]
320,11,[]
333,14,[]
350,11,[]
363,14,[]
380,12,[]
394,14,[]
411,13,[]
426,16,[]
445,17,[]
465,16,[]
486,15,[]
506,18,[]
530,16,[]
551,61,[]
631,12,[]
649,16,[]
673,15,[]
695,9,[]
709,16,[]
733,15,[]
755,17,[]
780,16,[]
804,15,[]
826,21,[]
857,18,[]
884,17,[]
909,14,[]
930,17,[]
955,17,[]
980,16,[]
999,17,[]
1022,16,[]
1040,17,[]
1059,17,[]
1078,18,[]
1098,16,[]
1116,19,[]
1138,17,[8]
1157,19,[]
1178,18,[]
1198,19,[7, 8, 9, 10]
1219,15,[]
1236,17,[]
1255,68,[]
1333,12,[]
1348,13,[]
1364,16,[]
1384,15,[]
1403,15,[]
1422,14,[]
1439,13,[]
1455,14,[]
1472,15,[]
1491,19,[]
1514,14,[]
1531,15,[]
1550,15,[]
1569,15,[]
1588,15,[]
1607,15,[]
1624,15,[]
1641,15,[]
1658,15,[]
1675,14,[]
1690,16,[]
1708,14,[]
1723,12,[]
1736,15,[]
1753,15,[]
1770,11,[]
1782,14,[11]
1797,12,[]
1810,14,[]
1825,66,[]
1901,10,[]
1914,13,[]
1930,12,[]
1945,13,[]
1961,13,[]
1977,14,[]
1994,14,[]
2011,17,[]
2032,12,[]
2047,19,[]
2070,13,[]
2086,10,[]
2099,13,[]
2115,12,[]
2130,13,[]
2146,15,[]
2163,14,[]
2178,14,[]
2193,12,[]
2206,16,[]
2224,15,[]
2241,14,[]
2256,13,[]
2270,12,[]
2283,14,[]
2298,15,[]
2315,17,[15]
2334,14,[]
2349,14,[]
2364,67,[]
2441,7,[]
2450,12,[]
2465,13,[]
2481,11,[]
2495,11,[]
2509,13,[]
2525,9,[]
2536,14,[]
2553,14,[]
2570,15,[]
2589,14,[]
2606,16,[]
2626,12,[]
2641,13,[]
2657,15,[]
2676,13,[]
2690,13,[]
2704,15,[]
2721,14,[]
2736,13,[]
2750,15,[8, 12]
2767,14,[]
2782,12,[]
2795,17,[]
2814,16,[]
2832,17,[2]
2851,10,[]
2862,13,[]
2876,13,[]
2890,70,[]
2970,7,[]
2979,10,[]
2992,11,[]
3006,12,[]
3021,10,[]
3034,9,[]
3045,10,[]
3057,13,[]
3072,9,[]
3083,17,[]
3103,10,[]
3115,12,[]
3129,13,[]
3144,14,[]
3161,13,[]
3176,13,[]
3190,12,[]
3203,12,[]
3216,13,[]
3230,16,[]
3247,14,[]
3262,12,[]
3275,12,[]
3288,14,[]
3303,11,[]
3315,13,[]
3329,15,[]
3345,15,[]
3361,11,[]
3373,84,[]
3466,3,[]
3470,5,[]
3476,5,[]
3482,11,[]
3495,9,[]
3506,12,[]
3520,12,[]
3534,14,[]
3551,12,[]
3565,18,[]
3586,8,[]
3596,10,[]
3608,8,[]
3618,10,[]
3630,8,[]
3640,11,[]
3652,11,[]
3664,14,[]
3679,11,[]
3691,11,[]
3703,13,[]
3717,10,[]
3728,10,[]
3739,15,[1, 2, 3]
3755,10,[]
3766,9,[1, 2, 3, 4, 5]
3776,10,[]
3787,14,[]
3802,11,[]
3814,106,[]
3931,5,[]
3937,7,[]
3946,9,[]
3957,10,[]
3969,9,[]
3980,11,[]
3993,8,[]
4003,9,[]
4014,10,[]
4026,14,[]
4043,10,[]
4056,12,[]
4073,9,[]
4086,14,[]
4107,12,[]
4125,11,[]
4138,10,[]
4150,11,[]
4163,13,[]
4178,14,[]
4195,11,[]
4208,11,[]
4221,15,[]
4239,14,[]
4256,10,[]
4268,12,[]
4282,13,[]
4297,14,[]
4314,12,[]
4328,106,[]
4465,5,[]
4473,7,[]
4484,7,[]
4495,12,[]
4513,10,[]
4528,12,[]
4546,12,[]
4564,16,[]
4587,13,[]
4606,18,[]
4632,13,[]
4651,13,[]
4670,9,[]
4683,16,[]
4706,10,[]
4721,12,[]
4735,10,[]
4747,11,[]
4760,10,[]
4772,11,[]
4785,10,[]
4797,12,[]
4811,13,[]
4826,13,[]
4841,13,[]
4856,14,[]
4873,13,[]
4888,16,[]
4907,18,[]
4928,100,[]
5057,12,[]
5075,17,[]
5100,16,[]
5123,18,[]
5149,19,[]
5177,21,[]
5208,20,[]
5237,21,[]
5268,20,[]
5297,24,[]
5332,20,[]
5361,20,[]
5390,17,[]
5415,18,[]
5441,19,[]
5469,18,[]
5490,15,[]
5508,17,[]
5528,17,[]
5548,19,[]
5570,17,[]
5590,18,[]
5611,15,[]
5629,18,[]
5650,17,[]
5670,18,[]
5691,17,[]
5711,20,[]
5734,9,[]
