0,17,[]
21,8,[0, 1, 2, 3]
32,13,[]
50,14,[]
69,5,[]
76,16,[]
98,16,[]
120,15,[]
140,13,[]
158,6,[]
166,16,[]
188,13,[]
206,15,[]
226,14,[]
245,14,[]
264,15,[]
284,3,[]
288,13,[]
303,15,[]
320,16,[]
338,13,[]
353,6,[]
360,15,[]
377,17,[]
396,18,[]
416,14,[]
432,14,[13]
448,14,[]
464,7,[]
472,14,[]
488,37,[]
533,14,[]
552,12,[]
568,6,[]
576,14,[]
595,16,[]
617,17,[]
640,16,[]
662,20,[]
689,16,[]
711,7,[]
721,17,[]
744,16,[]
766,18,[]
790,5,[]
797,16,[]
819,16,[]
837,15,[4]
854,16,[8, 9, 10, 11]
872,15,[4, 5, 13, 14]
889,17,[]
908,8,[]
917,16,[]
935,17,[]
954,17,[]
973,17,[]
992,5,[]
998,15,[]
1015,17,[3, 4, 5, 6, 7, 8]
1035,16,[]
1054,41,[]
1111,13,[]
1132,17,[]
1159,2,[]
1163,17,[]
1190,17,[]
1217,17,[]
1244,18,[]
1273,5,[]
1281,18,[]
1310,17,[]
1337,18,[]
1366,18,[]
1395,17,[]
1422,17,[]
1449,8,[]
1462,16,[]
1482,17,[]
1503,17,[]
1524,17,[]
1545,7,[]
1554,18,[]
1576,18,[4, 5, 6, 7, 8]
1598,16,[]
1618,17,[]
1639,16,[]
1659,16,[]
1679,8,[]
1689,16,[]
1709,18,[]
1731,42,[]
1789,13,[]
1810,4,[]
1817,17,[]
1844,16,[]
1870,14,[]
1892,21,[]
1925,15,[]
1949,17,[]
1976,10,[]
1992,17,[]
2019,17,[]
2046,16,[]
2072,16,[]
2098,7,[]
2109,17,[]
2136,19,[5, 6, 7, 8]
2159,15,[]
2177,15,[]
2195,15,[]
2213,8,[]
2223,15,[]
2241,16,[]
2261,18,[]
2283,16,[11, 14, 15]
2303,7,[]
2312,16,[]
2332,19,[]
2355,16,[]
2375,16,[]
2395,48,[]
2462,13,[]
2483,4,[]
2490,17,[]
2517,17,[]
2544,18,[]
2573,18,[]
2602,7,[]
2613,19,[]
2643,16,[]
2669,16,[]
2695,17,[]
2722,22,[]
2757,17,[]
2784,7,[]
2795,18,[]
2824,16,[]
2844,17,[]
2865,17,[]
2886,7,[]
2895,20,[]
2919,20,[]
2943,21,[20]
2968,20,[8, 9, 10, 11, 12]
2992,19,[]
3015,21,[]
3040,9,[]
3051,23,[]
3083,22,[]
3114,22,[]
3141,46,[]
3205,3,[0, 1, 2]
3210,21,[]
3243,22,[]
3278,23,[]
3315,23,[]
3352,19,[]
3382,19,[]
3412,6,[]
3422,19,[]
3452,20,[]
3484,20,[]
3516,18,[]
3545,6,[]
3555,19,[]
3585,19,[]
3615,21,[]
3640,17,[]
3661,22,[]
3692,19,[]
3715,6,[]
3723,20,[]
3747,20,[]
3771,17,[]
3792,18,[]
3814,5,[]
3820,21,[]
3845,18,[]
3867,20,[]
3891,20,[]
3915,43,[]
3975,3,[]
3980,19,[]
4010,19,[]
4040,18,[]
4069,18,[]
4099,6,[]
4110,19,[]
4143,18,[]
4174,18,[]
4205,18,[]
4236,16,[]
4264,17,[]
4293,6,[]
4304,17,[]
4333,20,[]
4367,16,[]
4387,20,[]
4412,3,[]
4416,16,[]
4436,18,[]
4459,18,[]
4482,19,[]
4506,18,[]
4529,23,[]
4558,6,[]
4566,20,[]
4591,18,[]
4614,17,[]
4635,19,[]
4659,46,[]
4727,15,[]
4753,16,[]
4781,18,[]
4812,18,[]
4843,16,[]
4871,17,[]
4900,6,[]
4911,16,[]
4939,18,[]
4970,20,[]
5004,17,[]
5033,7,[]
5045,17,[]
5074,20,[]
5104,16,[]
5127,16,[3]
5145,16,[14]
5163,16,[]
5181,7,[]
5189,18,[5]
5210,19,[]
5232,17,[]
5252,17,[]
5272,6,[]
5279,19,[]
5301,17,[]
5321,18,[9, 10, 11]
5342,6,[1]
5349,17,[]
5369,46,[]
5427,18,[]
5452,14,[]
5472,14,[]
5492,16,[]
5514,7,[]
5524,19,[]
5551,16,[]
5573,16,[]
5595,16,[]
5617,9,[]
5630,18,[]
5655,18,[]
5680,15,[]
5701,16,[]
5723,16,[]
5745,15,[]
5762,7,[]
5770,17,[]
5790,17,[]
5810,17,[]
5830,17,[]
5850,3,[]
5854,17,[]
5874,19,[18]
5896,16,[]
5914,16,[]
5932,17,[3, 4, 5, 6, 7, 8, 9, 10]
5952,17,[]
5972,6,[]
5979,45,[]
6036,14,[]
6056,18,[]
6081,18,[]
6107,5,[]
6115,18,[]
6142,16,[]
6166,22,[]
6199,15,[]
6222,16,[]
6246,14,[]
6267,6,[]
6276,15,[]
6299,16,[]
6323,17,[]
6349,15,[]
6372,8,[]
6382,15,[]
6400,17,[]
6420,17,[]
6440,18,[]
6461,16,[]
6480,17,[]
6500,6,[]
6507,18,[]
6528,18,[]
6549,18,[]
6570,17,[]
6590,3,[]
6594,10,[]
0,60,[]
82,1,[]
84,13,[]
105,13,[]
126,15,[]
150,13,[]
171,14,[]
193,14,[]
215,15,[]
239,13,[]
260,14,[]
282,16,[]
307,17,[]
334,15,[]
358,17,[]
385,14,[]
407,16,[]
426,16,[14]
445,19,[10]
468,18,[]
490,17,[4, 5, 6, 7, 8, 9, 10]
511,11,[]
524,16,[]
543,17,[]
564,19,[]
587,17,[]
608,17,[]
629,18,[]
651,23,[]
679,19,[]
702,163,[]
924,16,[]
949,6,[]
959,11,[]
976,6,[]
986,9,[]
1000,9,[3, 4, 5, 6, 7, 8]
1014,9,[]
1028,12,[]
1047,11,[]
1064,13,[]
1085,8,[]
1098,10,[]
1114,12,[]
1133,10,[]
1149,9,[]
1163,11,[]
1176,8,[]
1186,9,[]
1197,15,[]
1215,10,[2, 3]
1227,7,[]
1236,11,[]
1249,7,[]
1258,13,[]
1274,11,[10]
1287,11,[2]
1300,15,[]
1318,11,[]
1331,9,[]
1342,141,[]
1534,5,[]
1542,4,[]
1549,9,[]
1563,10,[]
1579,9,[]
1593,13,[]
1614,11,[]
1631,13,[]
1652,15,[]
1676,10,[]
1692,12,[]
1711,15,[]
1735,11,[]
1752,11,[]
1769,10,[]
1785,11,[]
1798,11,[]
1811,14,[]
1828,13,[]
1844,14,[]
1861,14,[8, 9, 10, 11, 12, 13]
1878,13,[]
1894,14,[]
1911,15,[]
1929,12,[]
1944,13,[]
1960,14,[]
1977,16,[]
1996,11,[]
2009,134,[]
2192,12,[]
2212,10,[]
2229,10,[]
2246,11,[]
2265,8,[]
2279,11,[]
2298,14,[]
2322,13,[]
2344,13,[]
2366,17,[]
2395,13,[]
2417,18,[]
2448,12,[]
2469,16,[]
2497,14,[]
2521,16,[]
2541,11,[]
2555,12,[]
2570,13,[]
2586,16,[]
2606,17,[]
2627,13,[]
2643,12,[]
2658,16,[]
2678,13,[]
2694,14,[]
2712,13,[]
2728,16,[4]
2748,9,[]
2760,149,[]
2978,12,[]
2999,8,[]
3013,9,[]
3029,12,[]
3050,14,[]
3074,16,[]
3102,13,[]
3124,17,[]
3153,12,[]
3174,12,[]
3195,17,[]
3222,18,[]
3249,12,[]
3267,12,[]
3285,10,[]
3300,14,[]
3317,11,[]
3330,11,[]
3343,11,[]
3356,12,[]
3370,10,[]
3382,13,[]
3398,13,[]
3414,14,[]
3431,9,[]
3442,10,[]
3454,13,[]
3470,15,[]
3488,10,[]
3500,161,[]
3711,10,[]
3726,7,[]
3737,7,[]
3748,9,[]
3762,9,[]
3776,9,[]
3790,14,[]
3811,13,[]
3831,16,[]
3855,16,[]
3879,13,[]
3899,17,[]
3924,16,[]
3948,15,[]
3970,17,[]
3995,17,[]
4018,16,[]
4037,16,[3, 4]
4056,16,[]
4075,17,[]
4095,13,[]
4111,16,[12, 13, 14]
4130,17,[]
4150,17,[]
4170,15,[]
4188,15,[]
4206,14,[]
4224,16,[]
4245,13,[10, 11, 12]
4262,141,[]
4482,7,[]
4495,6,[]
4507,10,[]
4526,12,[]
4549,10,[]
4568,11,[]
4589,11,[]
4610,13,[]
4634,15,[]
4662,13,[]
4686,13,[]
4710,13,[]
4734,12,[]
4757,13,[]
4781,12,[]
4804,13,[]
4821,12,[]
4837,13,[]
4854,13,[4, 5, 6, 7, 8, 9, 10, 11, 12]
4871,13,[]
4888,11,[]
4903,12,[]
4919,13,[]
4936,15,[]
4956,13,[]
4973,13,[]
4990,13,[]
5007,15,[]
5027,11,[]
5042,143,[]
5266,6,[]
5277,5,[]
5286,8,[]
5301,10,[]
5319,9,[]
5335,11,[]
5355,13,[]
5378,16,[]
5407,14,[]
5432,14,[]
5457,13,[]
5480,12,[]
5502,14,[]
5527,13,[]
5550,13,[]
5573,12,[]
5589,12,[6, 7, 8, 9, 10, 11]
5605,11,[]
5619,13,[]
5636,13,[]
5653,11,[]
5667,11,[]
5681,10,[]
5694,12,[]
5710,10,[]
5723,11,[]
5737,10,[]
5750,13,[]
5767,11,[]
5781,119,[]
5961,3,[]
5967,10,[]
5985,6,[]
5996,7,[]
6009,8,[]
6024,8,[]
6039,8,[]
6054,8,[]
6069,11,[]
6089,9,[]
6105,8,[]
6120,11,[]
6140,9,[]
6156,11,[]
6176,12,[]
6198,11,[]
6212,11,[]
6226,10,[]
6239,9,[]
6251,12,[]
6267,15,[]
6286,12,[]
6301,11,[]
6315,13,[]
6331,15,[]
6350,15,[]
6369,14,[]
6386,17,[7, 8, 9]
6407,16,[]
6427,135,[]
6618,9,[]
6633,8,[]
6646,11,[]
6664,11,[]
6682,11,[]
6700,12,[]
6720,12,[]
6740,14,[]
6763,15,[]
6788,15,[]
6813,15,[3, 4, 5, 6, 7, 8, 9, 10, 11, 12, 13]
6838,16,[]
6864,16,[]
6890,18,[]
6920,15,[]
6945,15,[]
6964,13,[]
6980,15,[]
6999,13,[]
7015,16,[]
7035,14,[]
7052,15,[]
7071,14,[]
7088,13,[]
7104,18,[]
7126,18,[]
7148,12,[]
7163,13,[]
7179,14,[6]
0,28,[]
40,3,[]
45,8,[]
58,12,[]
78,15,[]
103,14,[]
126,11,[]
144,11,[]
162,12,[]
182,11,[]
200,13,[]
221,13,[]
242,15,[]
267,12,[]
287,13,[]
308,11,[]
326,15,[]
344,12,[]
359,12,[]
374,13,[]
390,14,[]
407,11,[]
421,13,[6, 7]
437,11,[]
451,13,[]
467,12,[]
482,12,[]
497,12,[]
512,18,[]
534,14,[]
551,74,[]
655,18,[]
684,16,[]
710,15,[]
735,11,[]
753,16,[]
779,21,[]
813,24,[]
852,21,[]
886,21,[]
920,23,[]
957,22,[]
993,22,[]
1029,24,[]
1066,20,[]
1097,24,[]
1134,24,[]
1167,23,[]
1199,19,[]
1225,21,[]
1254,23,[]
1286,20,[]
1314,25,[]
1348,21,[]
1377,21,[]
1406,22,[]
1436,22,[]
1466,18,[]
1488,20,[]
1516,22,[]
1546,42,[]
1604,19,[]
1634,19,[]
1664,18,[]
1692,20,[]
1723,18,[]
1751,18,[]
1779,19,[]
1809,19,[]
1839,16,[]
1864,19,[]
1894,16,[]
1919,16,[]
1944,18,[]
1972,18,[]
2000,15,[]
2024,16,[]
2046,16,[]
2070,18,[]
2097,15,[]
2120,16,[]
2140,15,[]
2163,17,[]
2189,17,[]
2215,16,[]
2239,15,[]
2262,15,[]
2285,16,[]
2309,16,[]
2333,17,[]
2359,46,[]
2428,12,[]
2449,14,[]
2474,13,[]
2497,17,[]
2527,13,[]
2550,13,[]
2573,15,[]
2600,16,[]
2628,16,[]
2656,16,[]
2684,14,[]
2709,13,[]
2732,14,[]
2757,14,[]
2782,15,[]
2809,16,[]
2833,12,[]
2851,14,[]
2872,13,[]
2892,16,[]
2916,15,[]
2939,13,[]
2959,15,[]
2982,15,[]
3005,16,[]
3029,18,[]
3056,14,[]
3074,15,[4, 5, 6, 7, 8, 9, 10, 11, 12]
3097,13,[]
3117,34,[]
3168,12,[]
3189,13,[]
3212,15,[]
3239,16,[]
3267,19,[]
3300,18,[]
3332,15,[]
3359,15,[]
3386,15,[]
3413,14,[]
3438,14,[]
3463,13,[]
3486,14,[]
3511,14,[]
3536,13,[]
3559,13,[]
3576,15,[]
3599,13,[]
3619,16,[]
3643,15,[]
3666,15,[]
3689,14,[]
3710,15,[]
3733,15,[]
3756,15,[]
3779,13,[]
3799,13,[]
3819,15,[]
3842,13,[]
3862,42,[]
3925,9,[]
3941,12,[]
3962,12,[]
3983,15,[]
4010,12,[]
4031,11,[]
4051,15,[]
4078,14,[]
4103,10,[]
4121,11,[]
4141,11,[]
4161,14,[]
4186,12,[]
4207,12,[]
4228,10,[]
4246,12,[]
4261,10,[]
4274,11,[]
4288,10,[5]
4301,10,[]
4314,10,[]
4327,12,[]
4342,12,[]
4357,13,[]
4374,11,[4, 5, 8, 9, 10]
4388,11,[]
4402,13,[]
4419,15,[]
4438,14,[]
4459,57,[]
4544,10,[]
4562,12,[]
4583,14,[]
4608,15,[]
4635,16,[]
4663,16,[]
4691,16,[]
4719,17,[]
4749,14,[]
4774,14,[]
4799,14,[]
4824,13,[]
4847,14,[]
4872,14,[]
4897,11,[]
4917,18,[]
4940,15,[]
4959,14,[]
4977,15,[]
4996,15,[13]
5015,12,[]
5030,14,[]
5048,14,[]
5066,14,[]
5084,13,[]
5100,13,[5, 6, 7, 8, 9, 10, 11]
5116,12,[]
5131,15,[]
5149,12,[]
5164,64,[]
5254,5,[]
5263,9,[]
5278,9,[]
5293,11,[]
5311,12,[]
5331,12,[]
5351,13,[]
5372,14,[]
5395,13,[]
5416,15,[]
5441,16,[]
5467,13,[]
5488,14,[]
5511,14,[]
5534,10,[]
5551,12,[]
5566,11,[]
5580,12,[]
5595,14,[9, 10]
5612,16,[]
5632,13,[]
5648,14,[]
5665,14,[]
5682,13,[]
5698,12,[]
5713,12,[]
5728,11,[5, 6, 7]
5742,14,[]
5759,13,[]
5775,72,[]
5876,7,[]
5888,9,[]
5903,10,[]
5920,12,[]
5940,12,[]
5960,10,[]
5977,13,[]
5998,13,[]
6019,12,[]
6039,16,[]
6065,14,[]
6088,14,[]
6111,11,[]
6129,14,[]
6152,8,[]
6165,12,[]
6180,11,[]
6194,9,[]
6205,10,[]
6217,13,[]
6233,13,[9, 10, 11, 12]
6249,16,[]
6269,15,[]
6287,16,[]
6307,14,[]
6324,15,[]
6342,15,[3]
6360,17,[]
6381,15,[]
6399,71,[]
6499,9,[]
6514,12,[]
6534,12,[]
6554,14,[]
6577,15,[]
6602,11,[]
6620,12,[]
6640,14,[]
6663,11,[]
6681,12,[]
6701,10,[]
6718,12,[]
6738,12,[]
6758,13,[]
6779,11,[]
6797,15,[]
6815,17,[]
6836,15,[9, 10, 11]
6854,14,[]
6871,16,[]
6891,14,[12]
6908,15,[]
6926,15,[]
6944,15,[]
6962,14,[]
6979,16,[]
6999,14,[]
7016,18,[11]
7038,15,[7, 11]
0,70,[]
89,7,[]
99,2,[]
102,9,[]
115,10,[]
129,10,[]
143,14,[]
163,3,[]
168,13,[]
187,17,[]
211,17,[]
235,18,[]
261,4,[]
267,20,[]
295,23,[]
327,23,[]
359,26,[]
392,3,[]
396,31,[]
436,31,[]
476,30,[]
514,28,[]
550,8,[]
560,29,[]
597,26,[]
630,26,[]
663,35,[]
708,4,[]
713,21,[]
740,21,[]
767,123,[]
922,13,[]
941,6,[]
950,15,[]
971,11,[]
987,7,[]
997,14,[]
1017,8,[]
1029,19,[]
1057,21,[]
1088,23,[]
1122,25,[]
1159,3,[]
1164,28,[]
1206,23,[]
1240,23,[]
1274,42,[]
1330,2,[]
1333,19,[]
1358,17,[]
1381,17,[]
1404,19,[]
1429,4,[]
1434,17,[]
1457,17,[]
1480,15,[]
1500,19,[]
1525,3,[]
1529,17,[]
1552,15,[12]
1570,106,[]
1709,5,[]
1717,4,[]
1723,9,[]
1737,12,[]
1755,11,[]
1772,14,[]
1793,4,[]
1799,10,[]
1814,13,[]
1834,17,[]
1859,14,[]
1880,5,[]
1888,16,[]
1912,18,[]
1939,13,[]
1959,13,[]
1975,6,[]
1982,17,[]
2005,14,[]
2022,14,[]
2039,15,[]
2061,5,[]
2068,12,[]
2084,13,[]
2101,11,[]
2115,14,[]
2133,6,[]
2141,16,[]
2162,11,[3, 4, 5, 6]
2176,105,[]
2335,5,[]
2344,4,[]
2352,11,[]
2372,11,[]
2392,9,[]
2408,14,[]
2433,4,[]
2441,15,[]
2468,12,[]
2490,10,[]
2508,15,[]
2535,5,[]
2544,10,[]
2562,12,[]
2584,13,[]
2607,16,[13]
2628,6,[]
2636,15,[14]
2655,14,[]
2673,11,[]
2687,14,[]
2705,8,[]
2716,17,[]
2738,11,[]
2752,9,[]
2764,17,[]
2786,7,[]
2795,11,[]
2809,11,[]
2823,112,[]
2993,4,[]
3001,1,[]
3003,10,[]
3021,9,[]
3037,8,[]
3052,12,[]
3074,5,[]
3083,12,[]
3105,14,[]
3130,10,[]
3148,12,[]
3170,7,[]
3183,14,[]
3208,10,[]
3226,9,[]
3242,14,[4]
3260,6,[]
3268,17,[]
3290,11,[]
3304,12,[]
3320,37,[]
3376,5,[]
3383,22,[]
3411,15,[7, 8]
3430,12,[11]
3446,14,[]
3464,6,[]
3472,17,[]
3494,16,[]
3515,122,[]
3700,3,[]
3706,3,[]
3712,10,[]
3730,10,[]
3748,7,[]
3761,10,[]
3779,5,[]
3788,7,[]
3801,8,[]
3816,9,[]
3832,12,[]
3854,3,[]
3860,12,[]
3882,11,[]
3902,14,[]
3927,17,[]
3949,6,[]
3957,12,[]
3973,18,[]
4001,14,[]
4019,15,[]
4038,7,[]
4047,20,[]
4076,18,[]
4102,16,[]
4125,18,[]
4151,5,[3, 4]
4158,18,[4]
4180,17,[]
4204,126,[]
4382,8,[]
4395,4,[]
4402,17,[]
4430,14,[]
4453,13,[]
4474,14,[]
4497,7,[]
4509,19,[]
4540,12,[]
4560,11,[]
4578,12,[]
4598,7,[1, 2, 3, 4, 5, 6]
4610,14,[]
4633,13,[]
4654,17,[]
4682,18,[]
4708,4,[]
4713,22,[]
4745,17,[]
4769,17,[]
4793,15,[]
4812,6,[]
4820,17,[]
4841,20,[]
4870,14,[]
4887,15,[]
4906,5,[]
4913,18,[]
4939,16,[]
4959,123,[]
5133,11,[]
5152,5,[]
5161,12,[]
5182,13,[]
5204,16,[]
5232,13,[]
5254,6,[]
5265,17,[]
5294,12,[]
5315,12,[]
5336,16,[]
5364,5,[]
5373,15,[]
5399,21,[]
5435,14,[]
5459,14,[]
5477,8,[]
5487,16,[]
5507,13,[]
5523,12,[]
5538,10,[]
5551,6,[]
5559,13,[]
5575,12,[]
5590,14,[]
5608,18,[]
5631,6,[]
5639,12,[]
5654,12,[]
5669,133,[]
5864,3,[]
5870,1,[]
5872,7,[]
5884,12,[]
5905,8,[]
5919,14,[]
5943,6,[]
5954,15,[]
5980,12,[]
6001,11,[]
6020,8,[]
6034,9,[]
6050,13,[]
6072,13,[]
6094,13,[]
6116,14,[]
6134,10,[]
6147,14,[]
6165,15,[]
6184,11,[]
6198,10,[]
6211,11,[]
6225,12,[]
6241,16,[]
6262,10,[]
6275,11,[]
6289,9,[]
6301,15,[]
6320,11,[]
6334,143,[]
6550,8,[]
6565,5,[]
6574,8,[]
6589,12,[]
6611,10,[]
6629,8,[]
6644,3,[]
6650,14,[]
6675,15,[]
6702,19,[]
6736,20,[]
6772,4,[]
6780,20,[]
6816,21,[]
6854,18,[]
6886,16,[]
6911,5,[]
6918,22,[]
6952,15,[]
6975,16,[]
7000,16,[]
7021,6,[]
7029,21,[]
7061,14,[]
7079,15,[]
7098,17,[]
7120,9,[]
7132,14,[]
7150,16,[]
0,48,[]
66,1,[]
68,3,[]
73,4,[]
80,7,[]
91,5,[]
99,5,[]
107,6,[]
117,10,[]
133,7,[]
144,8,[]
157,13,[]
178,9,[]
192,9,[]
206,9,[]
220,9,[]
234,11,[]
247,17,[]
268,19,[17, 18]
291,11,[]
304,14,[]
321,21,[]
346,17,[]
367,17,[]
388,17,[4, 5]
409,14,[]
426,14,[]
443,14,[]
460,15,[]
478,15,[]
496,153,[]
705,13,[]
726,15,[]
750,12,[]
769,5,[]
777,8,[]
790,12,[]
809,17,[]
836,21,[]
869,16,[]
894,19,[]
924,16,[]
949,13,[]
970,14,[]
992,15,[]
1016,16,[]
1042,18,[]
1064,14,[]
1081,10,[]
1094,14,[]
1111,12,[]
1126,16,[]
1146,16,[]
1166,14,[]
1183,12,[10, 11]
1198,13,[]
1214,10,[]
1227,12,[]
1242,14,[]
1259,11,[]
1273,129,[]
1455,4,[]
1462,8,[]
1475,10,[]
1492,8,[]
1505,12,[]
1525,12,[]
1545,15,[]
1570,12,[]
1590,11,[]
1608,10,[]
1625,11,[]
1643,12,[]
1663,16,[]
1689,12,[]
1709,11,[]
1727,10,[]
1740,12,[]
1755,11,[]
1769,13,[8]
1785,11,[]
1799,11,[]
1813,12,[6, 7, 8, 9, 10]
1828,12,[]
1843,13,[]
1859,11,[]
1873,13,[]
1889,16,[]
1909,13,[]
1925,11,[]
1939,129,[]
2121,7,[]
2133,11,[]
2152,14,[]
2176,11,[]
2195,14,[]
2219,14,[]
2243,17,[]
2272,16,[]
2300,16,[]
2328,15,[]
2354,15,[]
2380,16,[]
2408,15,[]
2434,15,[]
2460,15,[]
2486,15,[]
2505,16,[]
2525,15,[]
2544,16,[]
2564,15,[]
2583,17,[]
2604,17,[]
2625,16,[]
2645,14,[]
2663,13,[]
2679,13,[]
2695,16,[]
2715,15,[]
2734,12,[7]
2749,120,[]
2925,12,[]
2946,14,[]
2970,15,[]
2996,13,[]
3018,13,[]
3040,14,[]
3064,15,[]
3090,17,[]
3119,17,[]
3148,17,[]
3179,15,[]
3207,15,[]
3235,14,[]
3261,14,[]
3287,14,[]
3313,20,[15, 16, 17, 18, 19]
3339,15,[]
3359,15,[]
3379,14,[]
3397,15,[]
3417,15,[]
3437,17,[]
3459,14,[]
3477,15,[]
3497,14,[]
3515,17,[14]
3537,14,[]
3555,13,[]
3572,15,[]
3592,109,[]
3763,6,[]
3775,10,[]
3794,11,[]
3815,14,[]
3841,13,[]
3865,15,[]
3893,15,[]
3921,14,[]
3947,14,[]
3973,14,[]
3999,15,[]
4027,14,[]
4053,14,[]
4079,14,[]
4105,15,[]
4133,15,[]
4153,13,[]
4170,13,[]
4187,13,[]
4204,14,[]
4222,14,[]
4240,14,[]
4258,14,[4, 5, 6, 7, 8, 9]
4276,16,[]
4297,16,[]
4318,14,[]
4336,15,[]
4356,16,[]
4377,14,[]
4395,120,[]
4583,8,[]
4598,11,[]
4619,11,[]
4640,14,[]
4666,13,[]
4690,17,[]
4722,15,[]
4750,15,[]
4778,15,[]
4806,15,[]
4834,15,[]
4862,14,[]
4888,13,[]
4912,12,[]
4935,17,[]
4967,15,[]
4987,15,[]
5007,14,[]
5025,14,[]
5043,17,[]
5065,16,[]
5086,15,[]
5106,14,[]
5124,14,[]
5142,13,[]
5159,16,[]
5180,13,[]
5197,13,[]
5214,13,[]
5231,112,[]
5406,4,[]
5414,7,[]
5427,8,[]
5442,8,[]
5457,10,[]
5476,9,[]
5493,9,[]
5510,9,[]
5527,13,[]
5551,11,[]
5572,11,[]
5593,11,[]
5614,10,[]
5633,12,[]
5656,13,[]
5680,19,[14]
5705,13,[]
5722,11,[]
5737,10,[9]
5750,11,[4, 5, 6, 7]
5765,10,[]
5778,19,[]
5803,14,[]
5821,13,[]
5838,12,[]
5854,12,[]
5870,11,[]
5885,20,[]
5911,9,[]
5923,129,[]
6125,3,[]
6131,7,[]
6144,7,[]
6157,12,[]
6180,13,[]
6204,12,[]
6227,11,[]
6248,11,[]
6269,11,[]
6290,13,[]
6314,11,[]
6335,15,[]
6363,14,[]
6389,12,[]
6412,11,[]
6433,9,[]
6445,11,[]
6460,11,[]
6475,15,[]
6495,16,[]
6516,14,[]
6534,11,[4, 5, 6, 7, 8, 9, 10]
6549,9,[]
6561,10,[]
6574,15,[]
6594,17,[]
6616,14,[]
6634,10,[]
6647,13,[]
6664,122,[]
6855,5,[]
6865,7,[]
6878,9,[]
6895,11,[]
6916,10,[]
6935,11,[]
6956,12,[]
6979,15,[]
7007,12,[]
7030,12,[]
7053,12,[]
7076,15,[]
7104,12,[]
7127,16,[]
7157,16,[]
7187,13,[]
7204,12,[]
7220,11,[]
7234,11,[4]
7248,17,[]
7270,17,[]
7292,14,[]
7310,13,[]
7327,12,[4]
7343,12,[]
7359,12,[]
7375,14,[]
7393,14,[]
7411,8,[]
0,18,[]
24,6,[]
33,12,[]
51,15,[]
74,13,[]
94,14,[]
115,14,[]
136,15,[]
159,14,[]
180,14,[]
201,14,[]
222,15,[]
245,15,[]
268,15,[]
291,13,[]
311,14,[]
332,14,[]
349,14,[]
366,14,[]
383,14,[]
400,15,[]
418,15,[]
436,15,[]
454,16,[]
473,15,[]
491,18,[0, 1, 2, 3, 4, 5, 6]
512,17,[]
532,13,[]
548,14,[]
565,18,[]
586,54,[]
658,10,[]
673,13,[]
693,12,[]
711,11,[]
728,16,[]
752,19,[]
781,17,[]
807,18,[]
834,17,[]
860,18,[]
887,18,[]
914,19,[]
943,18,[]
970,18,[]
997,18,[]
1024,20,[]
1048,18,[]
1070,19,[]
1093,18,[4, 5, 6]
1115,21,[]
1140,20,[]
1164,22,[]
1191,19,[]
1214,20,[]
1238,19,[]
1261,19,[18]
1284,19,[]
1307,20,[]
1331,19,[]
1354,54,[]
1429,16,[]
1455,18,[]
1484,19,[]
1514,19,[]
1544,17,[]
1571,21,[]
1604,20,[]
1636,21,[]
1669,20,[]
1701,20,[]
1733,20,[]
1765,21,[]
1798,20,[]
1830,20,[]
1862,20,[]
1894,18,[]
1916,17,[]
1937,19,[]
1960,18,[]
1982,19,[8]
2005,19,[]
2028,19,[]
2051,18,[]
2072,20,[]
2096,19,[]
2119,20,[]
2143,19,[7, 8, 9, 10]
2166,21,[]
2191,19,[]
2214,50,[]
2281,15,[]
2304,17,[]
2330,16,[]
2354,17,[]
2380,16,[]
2404,17,[]
2430,19,[]
2459,17,[]
2485,19,[]
2514,19,[]
2543,18,[]
2570,20,[]
2600,16,[]
2624,16,[]
2648,19,[]
2677,16,[]
2696,15,[]
2714,16,[10]
2733,19,[]
2756,16,[]
2775,15,[13, 14]
2793,15,[]
2811,19,[]
2834,17,[]
2854,17,[12]
2874,18,[]
2895,17,[14]
2915,18,[]
2936,17,[9]
2956,46,[]
3018,14,[]
3039,14,[]
3061,17,[]
3088,17,[]
3115,16,[]
3141,17,[]
3168,17,[]
3195,17,[]
3222,17,[]
3249,17,[]
3276,15,[]
3300,16,[]
3326,17,[]
3353,18,[]
3382,17,[]
3409,14,[]
3426,14,[]
3443,14,[]
3460,14,[]
3477,14,[]
3494,18,[]
3516,17,[]
3537,16,[]
3557,17,[]
3578,17,[]
3599,17,[]
3620,17,[]
3641,14,[]
3658,14,[8]
3675,46,[]
3739,13,[]
3760,13,[]
3781,13,[]
3802,15,[]
3826,15,[]
3850,15,[]
3874,15,[]
3898,13,[]
3919,13,[]
3940,13,[]
3961,13,[]
3982,13,[3, 4, 5, 6, 7, 8, 9, 10, 11, 12]
4003,12,[]
4022,12,[]
4041,11,[]
4059,11,[]
4073,11,[]
4087,12,[]
4102,11,[]
4116,12,[]
4131,11,[]
4145,11,[]
4159,11,[]
4173,12,[]
4188,11,[]
4202,11,[]
4216,11,[]
4230,12,[]
4245,11,[]
4259,34,[]
4309,10,[]
4326,10,[]
4343,11,[]
4362,11,[]
4381,12,[]
4402,13,[]
4424,13,[]
4446,13,[]
4468,13,[]
4490,13,[]
4512,12,[]
4533,12,[]
4554,12,[]
4575,12,[]
4596,12,[]
4617,16,[]
4637,14,[]
4655,14,[]
4673,14,[]
4691,15,[]
4710,15,[]
4729,15,[]
4748,14,[]
4766,14,[11, 12]
4784,14,[]
4802,14,[]
4820,14,[]
4838,14,[]
4856,14,[]
4874,34,[]
4924,11,[]
4943,12,[]
4964,14,[]
4988,14,[]
5012,4,[]
5019,16,[]
5047,16,[]
5075,16,[]
5103,16,[]
5131,16,[]
5159,15,[]
5185,16,[]
5213,15,[]
5239,15,[]
5265,15,[]
5291,16,[]
5311,15,[]
5330,15,[]
5349,16,[]
5369,16,[]
5389,15,[]
5408,16,[]
5428,15,[]
5447,16,[]
5467,15,[]
5486,16,[15]
5506,16,[]
5526,15,[]
5545,14,[]
5563,39,[]
5620,11,[]
5639,11,[]
5658,14,[]
5682,14,[]
5706,14,[]
5730,14,[]
5754,13,[]
5776,14,[]
5800,14,[]
5824,14,[]
5848,14,[]
5872,14,[]
5896,13,[]
5918,14,[]
5942,13,[]
5964,14,[]
5982,13,[]
5998,13,[3]
6014,13,[]
6030,14,[13]
6048,13,[]
6064,13,[]
6080,16,[]
6099,13,[]
6115,15,[]
6133,15,[]
6151,14,[]
6168,15,[]
6186,14,[]
6203,40,[]
6257,9,[]
6271,10,[]
6286,12,[]
6304,12,[]
6322,12,[]
6340,13,[]
6360,13,[]
6380,14,[]
6401,13,[]
6421,13,[]
6441,13,[]
6461,14,[]
6482,13,[]
6502,14,[]
6523,14,[]
6544,14,[]
6561,14,[]
6578,15,[]
6596,14,[]
6613,15,[]
6631,14,[]
6648,15,[]
6666,14,[]
6683,14,[13]
6700,13,[]
6716,13,[]
6732,13,[]
6748,14,[6, 7]
6765,8,[]
0,51,[]
75,2,[]
79,7,[]
91,9,[]
107,7,[]
119,8,[]
133,6,[]
144,5,[]
153,7,[]
165,6,[]
176,7,[]
188,8,[]
202,9,[]
218,5,[]
227,7,[]
239,8,[]
253,14,[]
271,9,[]
283,16,[]
303,14,[]
321,17,[]
342,14,[]
360,19,[]
384,18,[7, 8]
407,18,[]
430,18,[]
453,18,[]
476,19,[5, 6, 7]
500,15,[]
519,17,[]
540,234,[]
882,16,[]
910,7,[]
922,4,[]
929,4,[]
936,3,[]
942,8,[]
956,12,[]
977,10,[]
994,10,[]
1011,11,[]
1030,9,[]
1046,12,[]
1067,11,[]
1086,12,[]
1107,13,[]
1129,17,[]
1150,12,[]
1165,12,[]
1180,12,[]
1195,14,[4, 5, 6]
1213,12,[]
1228,17,[]
1249,17,[]
1270,14,[]
1288,13,[]
1304,12,[]
1319,12,[]
1334,15,[]
1353,7,[]
1362,156,[]
1590,1,[]
1592,6,[]
1603,6,[]
1614,8,[]
1628,8,[]
1642,8,[]
1656,10,[]
1673,7,[]
1685,7,[]
1697,8,[]
1711,11,[]
1730,11,[]
1749,13,[]
1771,15,[]
1797,16,[]
1825,14,[]
1843,11,[]
1857,11,[]
1871,14,[5, 6]
1889,12,[]
1904,15,[]
1923,14,[]
1941,18,[5]
1964,14,[11, 12, 13]
1982,15,[]
2001,17,[]
2022,15,[]
2040,20,[]
2064,15,[]
2082,149,[]
2278,12,[]
2296,9,[]
2310,12,[]
2328,10,[]
2343,12,[]
2361,8,[]
2373,12,[]
2391,16,[]
2415,12,[]
2433,15,[]
2455,10,[]
2470,15,[]
2492,14,[]
2513,14,[]
2534,15,[]
2556,18,[]
2577,18,[]
2598,19,[]
2620,17,[]
2640,18,[]
2661,17,[]
2681,16,[]
2700,17,[16]
2720,18,[]
2741,16,[3, 4, 5, 6, 7, 8, 9, 10, 11, 12, 13]
2760,14,[]
2777,13,[]
2793,14,[]
2810,14,[]
2827,152,[]
3027,7,[]
3039,9,[]
3055,11,[]
3075,10,[]
3093,11,[]
3113,11,[]
3133,13,[]
3156,18,[]
3188,16,[]
3217,15,[]
3244,13,[]
3267,18,[]
3299,14,[]
3324,15,[]
3351,15,[]
3378,15,[]
3397,15,[9, 11]
3416,16,[]
3437,14,[5]
3455,17,[12]
3477,13,[]
3494,16,[]
3515,19,[]
3539,18,[]
3562,15,[]
3581,14,[]
3599,15,[8, 9]
3618,13,[]
3635,14,[7]
3653,141,[]
3866,4,[]
3874,5,[]
3883,7,[]
3896,8,[]
3911,8,[]
3926,10,[]
3944,12,[]
3966,13,[]
3989,15,[]
4016,14,[]
4041,15,[]
4068,13,[]
4091,13,[]
4114,13,[]
4137,11,[]
4157,17,[]
4179,11,[]
4193,12,[]
4209,10,[]
4222,14,[4, 5, 6, 7, 8]
4240,13,[]
4257,13,[]
4274,10,[]
4287,12,[]
4303,12,[]
4319,13,[]
4336,13,[]
4353,13,[]
4370,10,[]
4383,130,[]
4580,4,[]
4588,9,[]
4604,9,[]
4620,9,[]
4636,9,[]
4652,10,[]
4670,12,[]
4692,13,[]
4715,16,[]
4744,12,[]
4766,19,[]
4800,17,[]
4831,16,[]
4860,17,[]
4891,13,[]
4914,17,[]
4936,12,[]
4952,14,[]
4970,11,[]
4984,12,[]
5000,14,[4, 5, 6, 7, 8]
5018,13,[]
5035,16,[]
5056,13,[]
5073,17,[]
5095,13,[]
5112,11,[]
5127,16,[]
5148,17,[]
5170,109,[]
5341,3,[]
5347,10,[]
5366,8,[]
5381,9,[]
5398,10,[]
5417,12,[]
5440,13,[]
5464,15,[]
5492,16,[]
5522,10,[]
5541,10,[]
5560,10,[]
5579,12,[]
5602,12,[]
5625,14,[]
5651,12,[]
5667,11,[]
5682,11,[]
5697,10,[4, 5, 6]
5710,11,[]
5725,10,[]
5738,11,[]
5753,12,[]
5769,14,[]
5787,16,[]
5808,16,[]
5829,11,[]
5844,14,[8, 9]
5862,18,[]
5886,115,[]
6066,4,[]
6073,7,[]
6084,7,[]
6094,8,[]
6106,7,[]
6116,7,[]
6126,11,[]
6142,10,[]
6156,13,[]
6175,11,[]
6191,10,[]
6205,10,[]
6219,12,[]
6236,11,[]
6252,12,[]
6269,13,[]
6284,14,[]
6300,15,[2, 3]
6317,15,[]
6334,13,[]
6349,14,[]
6365,15,[]
6382,15,[]
6399,16,[]
6418,19,[]
6440,15,[11, 12, 13, 14]
6457,13,[]
6472,13,[]
6487,15,[]
6504,119,[]
6654,5,[]
6661,10,[]
6675,8,[]
6687,14,[]
6707,7,[]
6717,11,[]
6733,10,[]
6747,12,[]
6764,12,[]
6781,11,[]
6797,13,[]
6816,12,[]
6833,14,[]
6853,13,[]
6872,14,[]
6892,16,[]
6911,11,[]
6924,14,[2, 3, 4, 5, 6, 7]
6940,11,[]
6953,16,[]
6972,10,[]
6984,10,[]
6996,13,[]
7011,12,[]
7025,13,[]
7040,14,[]
7056,12,[]
7070,12,[]
7084,11,[]
0,20,[]
29,1,[]
31,11,[]
50,9,[]
65,11,[]
84,11,[]
103,7,[]
115,6,[]
125,10,[]
142,10,[]
159,8,[]
173,7,[]
185,10,[]
202,10,[]
219,13,[]
241,14,[]
265,22,[]
292,8,[]
302,22,[]
329,13,[]
345,23,[]
373,14,[]
391,27,[]
424,18,[]
446,7,[]
455,18,[]
477,11,[]
491,21,[]
517,9,[]
528,19,[]
552,110,[]
710,1,[]
712,8,[]
726,10,[]
743,1,[]
745,14,[]
769,12,[]
789,18,[]
819,7,[]
831,7,[]
843,20,[]
876,20,[]
909,11,[]
928,19,[]
960,11,[]
979,17,[]
1007,21,[]
1034,19,[8]
1058,10,[]
1071,21,[]
1098,5,[]
1105,9,[]
1117,17,[]
1139,11,[]
1153,18,[10, 11]
1176,12,[]
1191,14,[]
1209,10,[]
1222,14,[]
1240,26,[]
1273,104,[]
1427,9,[]
1443,6,[]
1454,13,[]
1477,8,[]
1491,17,[]
1521,9,[]
1537,10,[]
1555,19,[]
1588,17,[]
1618,11,[]
1637,17,[]
1667,11,[]
1686,18,[]
1717,5,[]
1726,11,[]
1745,19,[]
1769,17,[10, 11, 12]
1791,11,[]
1805,11,[]
1819,17,[]
1841,18,[]
1864,11,[]
1878,18,[]
1901,7,[]
1910,17,[]
1932,6,[]
1940,19,[]
1964,7,[]
1973,16,[]
1993,110,[]
2156,1,[]
2158,13,[]
2180,4,[]
2187,14,[]
2211,16,[]
2238,4,[]
2245,18,[]
2275,7,[]
2287,19,[]
2319,6,[]
2329,18,[]
2359,7,[]
2371,19,[]
2403,10,[]
2420,12,[]
2440,22,[]
2467,7,[]
2476,17,[]
2497,6,[]
2505,20,[]
2530,6,[]
2538,19,[]
2562,17,[]
2583,13,[]
2599,19,[]
2623,11,[]
2637,13,[12]
2653,20,[5, 6, 7]
2678,24,[]
2708,106,[]
2860,9,[]
2875,6,[]
2885,15,[]
2910,6,[]
2920,7,[]
2932,14,[]
2956,12,[]
2976,16,[]
3003,11,[]
3022,16,[]
3049,18,[]
3079,6,[]
3089,10,[]
3106,19,[]
3138,19,[]
3170,8,[]
3180,20,[]
3206,5,[]
3213,12,[]
3229,20,[]
3255,6,[]
3263,17,[]
3285,13,[]
3302,15,[]
3321,7,[]
3330,18,[]
3353,11,[]
3367,21,[]
3394,17,[]
3416,110,[]
3584,1,[]
3586,13,[]
3610,16,[]
3639,8,[]
3654,7,[]
3667,19,[]
3701,17,[]
3732,7,[]
3745,11,[]
3765,19,[]
3799,7,[]
3812,18,[]
3845,12,[]
3867,23,[]
3908,6,[]
3919,27,[]
3954,21,[]
3981,12,[]
3997,21,[]
4024,7,[]
4033,18,[]
4056,10,[]
4069,20,[]
4095,12,[4]
4111,21,[]
4138,6,[4]
4146,13,[]
4163,25,[23]
4195,5,[]
4202,115,[]
4373,1,[]
4375,17,[]
4405,6,[]
4416,22,[]
4454,19,[]
4487,9,[]
4503,22,[]
4541,13,[]
4564,21,[]
4601,5,[]
4610,12,[]
4631,20,[]
4666,19,[]
4699,9,[]
4715,11,[]
4734,22,[]
4762,14,[]
4780,26,[]
4813,26,[9, 10]
4846,12,[]
4861,13,[]
4878,18,[]
4901,22,[]
4929,6,[]
4937,11,[]
4951,19,[]
4975,13,[]
4992,20,[]
5017,21,[]
5044,104,[]
5198,13,[]
5222,7,[]
5235,24,[]
5278,5,[]
5287,17,[]
5318,10,[]
5336,12,[]
5358,21,[]
5396,11,[]
5416,19,[]
5450,21,[]
5488,7,[]
5501,20,[]
5537,6,[]
5548,24,[]
5591,7,[]
5600,23,[7, 8]
5629,6,[]
5637,14,[]
5655,26,[]
5688,23,[]
5717,12,[10]
5733,21,[7, 8, 9]
5760,13,[]
5777,21,[]
5804,7,[]
5813,12,[]
5829,25,[19, 20, 21, 22, 23, 24]
5861,5,[]
5868,104,[]
6027,12,[]
6049,7,[]
6062,15,[]
6089,8,[]
6104,17,[]
6135,10,[]
6153,11,[]
6173,18,[]
6206,5,[]
6215,18,[]
6248,5,[]
6257,19,[]
6291,7,[]
6304,18,[]
6337,6,[]
6348,20,[]
6374,17,[]
6396,7,[]
6405,11,[]
6419,19,[16, 17, 18]
6443,8,[]
6454,17,[]
6476,21,[]
6503,8,[]
6514,20,[]
6540,6,[]
6548,16,[]
6569,8,[]
6580,16,[]
6601,110,[]
6769,7,[]
6782,8,[]
6797,6,[]
6808,14,[]
6833,17,[]
6864,5,[]
6873,21,[]
6911,5,[]
6920,18,[]
6953,8,[]
6968,19,[]
7002,6,[]
7013,9,[]
7030,20,[]
7066,15,[]
7093,10,[]
7106,18,[]
7129,9,[]
7141,19,[]
7165,8,[]
7176,5,[]
7183,17,[]
7205,17,[]
7227,12,[]
7242,4,[]
7247,19,[]
7271,13,[]
7287,12,[]
7302,24,[]
0,15,[]
20,6,[]
29,10,[]
44,12,[]
61,12,[]
78,13,[]
97,11,[]
113,12,[]
130,4,[]
136,11,[]
152,10,[]
167,12,[]
184,12,[]
201,8,[]
213,11,[]
229,9,[]
242,11,[]
255,11,[4]
268,13,[]
283,14,[]
299,13,[]
314,14,[12, 13]
330,18,[]
351,14,[2, 3]
367,15,[]
385,14,[]
401,15,[]
419,10,[3, 4, 5, 6, 7]
431,14,[]
447,18,[]
468,48,[]
529,10,[]
544,9,[]
557,11,[]
573,11,[]
589,13,[3, 4, 5, 6, 7, 8, 9, 10, 11, 12]
608,14,[]
628,14,[]
648,14,[]
668,14,[]
688,16,[]
711,15,[]
733,17,[]
757,16,[]
780,17,[]
804,18,[]
830,17,[]
850,18,[]
871,15,[]
889,14,[]
905,17,[]
925,15,[]
943,16,[]
962,15,[]
980,15,[]
998,14,[]
1014,16,[8]
1034,16,[]
1054,17,[]
1076,15,[]
1095,47,[]
1166,12,[]
1187,15,[]
1214,14,[]
1239,22,[]
1278,23,[]
1318,25,[]
1362,24,[]
1404,25,[]
1448,23,[]
1488,17,[]
1518,18,[]
1550,22,[]
1589,19,[]
1622,20,[]
1657,21,[]
1694,17,[]
1720,18,[]
1747,18,[]
1774,17,[]
1800,17,[]
1822,16,[]
1846,19,[]
1875,20,[]
1905,22,[]
1938,20,[]
1968,20,[]
1998,22,[]
2031,20,[]
2059,18,[]
2083,51,[]
2148,14,[]
2168,15,[]
2190,14,[]
2210,17,[]
2234,17,[]
2258,15,[]
2280,17,[]
2304,17,[]
2328,17,[]
2352,14,[]
2372,16,[]
2395,15,[]
2417,15,[]
2439,15,[]
2461,16,[]
2484,15,[]
2502,18,[3, 4, 5, 6]
2523,17,[]
2543,19,[]
2565,16,[]
2584,19,[]
2606,17,[]
2626,18,[]
2647,17,[]
2667,17,[]
2689,16,[]
2708,17,[]
2730,15,[]
2750,15,[]
2770,44,[]
2826,11,[]
2842,13,[]
2861,13,[]
2880,13,[]
2899,14,[]
2919,12,[]
2936,13,[]
2955,16,[]
2978,15,[]
3000,14,[]
3020,21,[]
3050,19,[]
3078,19,[]
3106,18,[]
3133,19,[]
3161,13,[5, 6, 7, 8, 9]
3177,14,[]
3194,14,[]
3211,15,[]
3229,16,[]
3248,18,[]
3269,18,[]
3290,17,[]
3310,17,[]
3330,17,[]
3353,14,[]
3370,18,[]
3394,14,[6, 7, 8]
3411,16,[]
3430,43,[]
3487,11,[]
3504,14,[]
3525,7,[]
3536,15,[]
3558,14,[]
3579,14,[]
3600,13,[]
3620,13,[]
3640,13,[]
3660,15,[]
3682,19,[]
3710,20,[]
3740,19,[]
3768,19,[]
3796,15,[]
3818,15,[]
3836,14,[]
3853,17,[]
3873,14,[]
3890,17,[8, 9, 10, 11]
3910,16,[]
3929,23,[12, 13, 14, 15, 16, 17, 18, 19, 20, 21]
3956,14,[]
3973,17,[]
3993,17,[]
4013,17,[]
4033,21,[]
4058,13,[]
4074,17,[]
4095,57,[]
4175,9,[]
4190,11,[]
4208,11,[]
4226,12,[]
4246,13,[]
4267,14,[]
4290,14,[]
4313,13,[]
4334,15,[]
4359,13,[]
4380,14,[]
4403,12,[]
4423,15,[]
4448,13,[]
4469,13,[]
4490,12,[]
4505,14,[]
4522,12,[]
4537,13,[]
4553,12,[]
4568,15,[]
4586,14,[]
4603,12,[]
4618,12,[]
4633,12,[]
4648,10,[]
4660,16,[]
4680,10,[7]
4692,13,[]
4708,66,[]
4801,7,[]
4813,11,[]
4831,9,[]
4846,13,[]
4867,10,[]
4884,11,[]
4902,12,[]
4922,13,[]
4943,12,[]
4963,11,[]
4981,11,[]
4999,11,[]
5017,11,[]
5035,12,[]
5055,12,[]
5075,14,[]
5093,14,[]
5111,14,[]
5129,14,[5, 6]
5147,14,[]
5165,13,[]
5181,12,[]
5196,12,[]
5211,19,[]
5235,13,[]
5251,14,[]
5269,12,[]
5284,13,[]
5300,16,[]
5320,71,[]
5423,7,[]
5435,10,[]
5452,11,[]
5471,12,[]
5491,14,[]
5515,14,[]
5539,13,[]
5561,14,[]
5585,13,[]
5607,13,[]
5629,11,[]
5648,13,[]
5670,11,[]
5689,12,[]
5709,15,[]
5734,13,[]
5750,13,[]
5766,16,[4]
5786,15,[]
5805,18,[]
5827,17,[]
5848,15,[]
5867,15,[]
5886,16,[]
5906,16,[]
5926,16,[]
5946,15,[]
5965,17,[]
5986,15,[]
6008,52,[]
6083,13,[]
6106,13,[]
6129,15,[]
6156,7,[]
6169,16,[]
6197,16,[]
6225,15,[]
6252,20,[]
6287,20,[]
6322,19,[]
6355,20,[]
6390,15,[]
6417,13,[]
6440,18,[]
6472,15,[]
6499,17,[]
6521,16,[]
6541,17,[]
6563,17,[]
6585,16,[]
6605,17,[]
6627,15,[]
6646,16,[]
6666,13,[]
6683,16,[]
6703,16,[]
6723,14,[]
6741,13,[]
6761,7,[4, 5, 6]
0,53,[]
69,4,[]
75,18,[]
101,8,[]
113,19,[]
141,19,[]
169,6,[]
178,21,[]
209,17,[]
234,7,[]
245,18,[]
271,6,[]
280,21,[]
311,19,[]
339,19,[]
367,7,[]
378,18,[]
399,18,[]
420,8,[]
430,16,[]
451,19,[]
473,7,[]
482,19,[]
504,6,[]
511,24,[]
542,20,[]
568,20,[]
594,3,[]
598,21,[]
626,22,[]
655,104,[]
790,22,[]
822,24,[]
857,7,[]
868,14,[]
889,6,[]
898,22,[]
930,20,[]
959,25,[]
995,5,[]
1003,27,[]
1046,20,[]
1079,5,[]
1088,23,[]
1128,18,[]
1159,7,[]
1172,25,[]
1209,7,[]
1218,23,[]
1253,22,[]
1286,17,[]
1312,9,[]
1324,25,[]
1361,20,[]
1391,6,[]
1399,18,[]
1426,18,[]
1453,6,[]
1461,20,[]
1491,10,[]
1504,90,[]
1638,9,[]
1654,11,[]
1673,6,[]
1684,17,[]
1714,15,[]
1740,8,[]
1754,17,[]
1784,18,[]
1815,5,[]
1824,18,[]
1855,6,[]
1866,20,[]
1901,15,[]
1927,13,[]
1950,6,[]
1961,16,[]
1985,15,[]
2008,8,[]
2018,16,[]
2042,18,[]
2065,6,[]
2073,19,[]
2102,6,[]
2110,18,[]
2137,19,[5, 6, 7, 8, 9, 10, 11, 12, 13, 14]
2161,15,[]
2184,9,[]
2196,18,[]
2219,15,[]
2238,78,[]
2354,10,[]
2372,12,[]
2393,7,[]
2406,17,[]
2436,6,[]
2447,12,[]
2468,15,[]
2494,17,[]
2524,6,[]
2535,17,[]
2565,18,[]
2596,6,[]
2607,13,[]
2630,16,[]
2658,6,[]
2669,19,[]
2698,6,[]
2706,16,[]
2730,14,[]
2748,15,[]
2771,8,[]
2781,15,[]
2800,18,[]
2823,6,[]
2831,15,[]
2854,16,[]
2874,7,[]
2883,18,[]
2910,8,[]
2920,79,[]
3037,9,[]
3053,13,[]
3076,8,[]
3090,15,[]
3116,16,[]
3144,5,[]
3153,19,[]
3186,14,[]
3211,7,[]
3224,16,[]
3252,7,[]
3265,17,[]
3295,13,[]
3318,16,[]
3346,7,[]
3359,16,[]
3379,15,[]
3402,9,[]
3414,15,[]
3437,13,[]
3454,6,[]
3462,16,[]
3486,10,[]
3499,19,[]
3523,16,[]
3547,20,[]
3577,5,[]
3584,17,[]
3610,19,[]
3639,74,[]
3749,12,[]
3770,14,[]
3795,7,[]
3808,21,[]
3845,5,[]
3854,17,[]
3884,17,[]
3914,20,[]
3949,6,[]
3960,17,[]
3990,20,[]
4025,6,[]
4036,22,[]
4074,17,[]
4104,7,[]
4117,20,[]
4147,6,[]
4155,17,[]
4181,16,[]
4201,19,[]
4225,7,[]
4234,17,[16]
4256,17,[]
4278,9,[7, 8]
4290,14,[7]
4308,16,[]
4328,11,[]
4342,21,[]
4369,11,[]
4383,83,[]
4506,12,[]
4527,14,[]
4552,9,[]
4568,16,[]
4596,15,[]
4622,9,[]
4638,16,[]
4666,20,[]
4701,5,[]
4710,20,[]
4745,9,[]
4761,17,[]
4791,16,[]
4819,15,[]
4845,7,[]
4858,16,[]
4878,22,[]
4906,6,[]
4914,15,[]
4933,20,[]
4958,5,[]
4965,18,[]
4988,7,[]
4997,17,[10, 11, 12, 14, 15, 16]
5019,17,[]
5041,14,[]
5059,6,[]
5067,17,[5, 6, 7, 8]
5089,17,[]
5111,84,[]
5236,6,[]
5247,15,[]
5273,8,[]
5287,16,[]
5315,8,[]
5329,17,[]
5359,19,[]
5392,13,[]
5415,8,[]
5429,17,[]
5459,20,[]
5494,7,[]
5507,15,[]
5533,17,[]
5563,9,[]
5579,19,[]
5603,6,[]
5611,16,[]
5631,14,[]
5649,13,[]
5666,9,[]
5678,14,[]
5696,15,[]
5715,8,[]
5725,16,[]
5745,15,[]
5764,6,[]
5772,16,[]
5792,6,[]
5800,85,[]
5926,10,[]
5944,10,[]
5962,7,[]
5975,15,[]
6001,10,[]
6019,8,[]
6033,16,[]
6061,15,[]
6087,10,[]
6105,16,[]
6132,7,[]
6144,17,[]
6172,15,[]
6197,16,[]
6224,5,[]
6233,20,[]
6258,17,[]
6279,5,[]
6286,16,[]
6306,20,[]
6331,6,[2, 3, 4, 5]
6339,17,[]
6360,7,[]
6369,17,[]
6390,17,[]
6411,18,[]
6433,6,[]
6441,17,[]
6462,17,[]
6483,90,[]
6612,9,[]
6627,11,[]
6646,6,[]
6656,16,[]
6683,6,[]
6693,16,[]
6720,16,[]
6747,17,[]
6775,10,[]
6792,19,[]
6824,19,[]
6856,6,[]
6866,20,[]
6899,20,[]
6932,6,[]
6942,22,[]
6974,6,[]
6982,20,[]
7011,17,[]
7036,16,[]
7059,9,[]
7070,16,[]
7093,17,[]
7118,7,[]
7127,17,[]
7152,18,[16, 17]
7174,6,[]
7182,21,[]
7208,7,[]
0,23,[]
33,4,[]
40,10,[]
57,14,[]
80,13,[]
101,10,[]
118,16,[]
144,13,[]
165,12,[]
185,10,[]
202,12,[]
222,11,[]
240,14,[]
263,12,[]
283,14,[]
306,13,[]
327,15,[]
345,13,[]
361,14,[]
378,12,[]
393,15,[]
411,13,[6]
427,16,[]
447,17,[15, 16]
468,12,[]
483,13,[]
499,14,[]
516,19,[]
539,16,[]
559,14,[]
576,80,[]
688,12,[]
708,9,[]
723,10,[]
740,8,[]
753,15,[]
778,17,[]
806,16,[]
832,15,[]
857,17,[]
885,15,[]
910,16,[]
936,16,[]
962,15,[]
987,17,[]
1015,15,[]
1040,16,[7, 8, 9, 10, 11, 12, 13, 14, 15]
1060,14,[]
1077,16,[]
1097,15,[]
1115,16,[]
1135,15,[]
1153,18,[]
1175,17,[]
1196,15,[]
1214,13,[]
1230,18,[]
1252,17,[]
1273,13,[]
1289,15,[]
1307,82,[]
1422,7,[]
1434,11,[]
1452,12,[]
1472,14,[]
1495,13,[]
1516,14,[]
1539,13,[]
1560,13,[]
1581,14,[]
1604,15,[]
1629,14,[]
1652,15,[]
1677,12,[]
1697,13,[]
1718,9,[]
1733,14,[]
1750,14,[]
1767,17,[]
1788,13,[]
1804,17,[]
1825,13,[]
1841,14,[]
1858,10,[]
1870,14,[]
1887,14,[13]
1904,15,[]
1922,14,[]
1939,17,[]
1960,14,[]
1977,82,[]
2092,8,[]
2105,10,[]
2120,10,[4, 5, 6, 7, 8, 9]
2135,16,[]
2159,14,[]
2180,14,[]
2201,15,[]
2223,15,[]
2245,14,[]
2266,15,[]
2288,14,[]
2309,18,[]
2336,17,[]
2361,18,[]
2388,15,[]
2410,19,[]
2432,14,[]
2449,22,[]
2475,16,[]
2494,16,[]
2513,20,[]
2537,18,[]
2558,17,[]
2578,17,[]
2598,16,[]
2617,17,[]
2637,14,[]
2654,18,[]
2675,18,[15, 16, 17]
2696,83,[]
2805,6,[]
2814,11,[]
2831,11,[]
2848,11,[]
2865,13,[]
2885,13,[]
2905,15,[]
2927,17,[]
2952,16,[]
2976,18,[]
3003,15,[]
3025,19,[]
3053,16,[]
3077,18,[]
3104,14,[]
3126,18,[]
3148,17,[13, 14, 15, 16]
3169,17,[]
3190,15,[]
3208,18,[]
3230,15,[]
3248,18,[]
3270,15,[]
3288,14,[10]
3305,15,[]
3323,16,[]
3342,14,[12]
3359,15,[10, 11, 12]
3377,14,[]
3394,85,[]
3510,7,[]
3521,11,[]
3538,13,[]
3559,14,[]
3581,16,[]
3606,17,[]
3633,16,[]
3658,15,[]
3682,14,[]
3704,14,[]
3726,15,[]
3750,16,[]
3775,16,[]
3800,15,[]
3824,14,[]
3846,15,[]
3864,15,[]
3882,17,[]
3903,16,[6, 7, 8, 9]
3922,17,[9, 10, 11, 12, 13, 14, 15, 16]
3943,16,[]
3962,17,[]
3983,15,[]
4001,16,[]
4020,15,[]
4038,16,[]
4057,16,[]
4076,15,[]
4094,16,[]
4113,87,[]
4239,6,[]
4250,10,[]
4268,11,[]
4288,17,[]
4318,14,[]
4343,16,[]
4371,14,[]
4396,14,[]
4421,15,[]
4448,15,[]
4475,14,[]
4500,16,[]
4528,13,[]
4551,15,[]
4578,16,[]
4606,16,[]
4626,14,[]
4644,14,[]
4662,16,[]
4682,16,[]
4702,16,[]
4722,13,[]
4739,17,[]
4761,16,[]
4781,16,[]
4801,15,[]
4820,15,[]
4839,17,[]
4861,15,[]
4880,86,[]
5009,7,[]
5022,12,[]
5043,12,[]
5064,13,[]
5087,11,[]
5107,15,[]
5134,13,[]
5156,14,[]
5179,15,[]
5204,15,[]
5229,16,[]
5255,18,[]
5284,17,[]
5312,17,[]
5340,17,[]
5368,19,[]
5391,16,[]
5411,15,[]
5429,14,[]
5446,15,[]
5464,15,[]
5482,16,[]
5502,14,[]
5519,16,[]
5539,16,[]
5559,17,[]
5580,17,[]
5601,17,[]
5622,15,[]
5640,88,[]
5764,6,[]
5774,10,[]
5791,11,[]
5809,15,[]
5834,14,[]
5857,13,[]
5878,12,[]
5898,15,[]
5923,12,[]
5943,16,[]
5969,13,[]
5990,16,[]
6016,14,[]
6039,15,[]
6064,16,[]
6090,18,[]
6112,15,[]
6130,14,[]
6147,12,[]
6162,13,[]
6178,14,[5, 6, 7, 8]
6195,13,[]
6211,12,[]
6226,14,[]
6243,13,[]
6259,14,[]
6276,13,[]
6292,14,[]
6309,13,[]
6325,92,[]
6454,7,[]
6466,11,[]
6484,12,[]
6504,14,[]
6527,12,[]
6547,15,[]
6572,13,[]
6593,16,[]
6619,13,[]
6640,15,[]
6665,14,[]
6688,17,[]
6716,13,[]
6737,15,[]
6762,14,[]
6785,17,[8, 9, 10]
6806,15,[]
6824,16,[]
6844,15,[]
6862,17,[12, 13]
6883,14,[]
6900,15,[]
6918,14,[]
6935,17,[]
6956,14,[]
6973,15,[]
6991,12,[]
7006,16,[]
7026,13,[]
0,27,[]
37,5,[]
45,8,[]
58,9,[]
72,7,[]
83,15,[]
107,13,[]
128,13,[]
149,13,[]
170,6,[1, 2, 3, 4, 5]
180,15,[]
204,12,[]
223,14,[]
245,11,[]
262,12,[]
281,10,[]
297,11,[4, 5, 6, 7, 8]
310,12,[]
325,12,[]
340,15,[]
358,15,[]
376,6,[]
384,12,[]
399,15,[]
417,15,[]
435,13,[6, 7]
451,13,[]
467,12,[]
482,10,[]
494,19,[]
517,95,[]
647,16,[]
672,14,[]
694,1,[]
696,6,[]
706,11,[]
723,15,[]
747,12,[]
766,18,[]
794,13,[]
815,8,[]
828,16,[]
853,14,[]
875,17,[]
902,16,[]
927,5,[]
935,16,[]
954,15,[]
972,16,[]
991,15,[]
1009,16,[12, 13, 14, 15]
1028,15,[3, 4]
1046,15,[]
1064,12,[]
1079,12,[]
1094,13,[]
1110,14,[]
1127,11,[]
1140,10,[]
1152,16,[]
1171,89,[]
1293,9,[]
1307,11,[]
1324,11,[]
1341,12,[]
1360,7,[]
1371,14,[]
1393,12,[]
1412,19,[]
1442,14,[]
1464,9,[]
1478,13,[]
1499,17,[]
1526,13,[]
1547,14,[]
1569,17,[]
1596,19,[]
1619,12,[]
1634,17,[]
1655,17,[4, 5, 6, 7, 8, 9]
1676,21,[]
1701,18,[]
1723,5,[]
1729,17,[]
1750,20,[]
1774,18,[]
1796,19,[]
1819,17,[]
1840,19,[]
1863,5,[]
1869,84,[]
1984,10,[]
2000,15,[]
2024,20,[]
2055,7,[]
2066,21,[]
2099,18,[]
2127,16,[]
2152,16,[]
2177,16,[]
2202,14,[]
2224,16,[]
2249,9,[]
2263,17,[]
2290,17,[]
2317,17,[]
2344,19,[]
2370,18,[]
2395,19,[16]
2418,10,[]
2430,17,[4, 5, 6, 7, 8, 9, 10, 11]
2451,21,[]
2480,18,[]
2505,19,[]
2531,8,[]
2541,20,[]
2569,15,[]
2590,24,[]
2623,15,[]
2644,14,[]
2664,55,[]
2739,2,[]
2743,12,[]
2762,13,[]
2783,13,[]
2804,15,[]
2828,8,[]
2841,14,[]
2863,16,[]
2888,16,[]
2913,14,[]
2935,15,[]
2959,15,[]
2983,9,[]
2997,16,[]
3022,17,[]
3049,17,[]
3073,21,[]
3103,6,[]
3111,18,[]
3133,20,[]
3161,21,[]
3191,20,[]
3219,15,[]
3240,17,[]
3264,11,[]
3278,17,[]
3302,15,[]
3323,16,[]
3346,18,[]
3372,58,[]
3454,2,[]
3458,13,[]
3479,15,[]
3504,17,[]
3532,15,[]
3557,16,[]
3583,17,[]
3611,9,[]
3626,18,[]
3655,17,[]
3683,15,[]
3708,16,[]
3734,11,[]
3752,19,[]
3783,16,[]
3809,17,[]
3833,20,[]
3861,18,[]
3887,20,[]
3915,10,[]
3927,19,[]
3954,18,[]
3980,25,[]
4015,23,[]
4048,8,[]
4058,29,[]
4099,23,[]
4132,21,[]
4162,24,[]
4196,57,[]
4276,22,[]
4312,6,[]
4322,24,[]
4361,22,[]
4397,20,[]
4430,19,[]
4461,8,[]
4474,21,[]
4508,20,[]
4541,33,[]
4594,25,[]
4635,24,[]
4674,30,[]
4723,9,[]
4738,29,[]
4785,26,[]
4822,18,[]
4848,17,[]
4872,18,[]
4894,14,[]
4911,16,[]
4931,16,[]
4951,18,[]
4973,16,[5, 6, 7, 8]
4993,19,[]
5020,22,[]
5051,8,[]
5061,28,[]
5102,22,[]
5134,37,[]
5188,13,[]
5210,7,[]
5222,20,[]
5256,15,[]
5281,14,[]
5305,17,[]
5334,11,[]
5353,13,[]
5375,14,[]
5399,13,[]
5421,6,[]
5431,16,[]
5458,18,[]
5488,17,[]
5517,22,[]
5554,6,[]
5562,18,[]
5588,16,[]
5612,15,[]
5634,15,[]
5656,14,[]
5677,18,[]
5703,7,[]
5712,16,[]
5736,18,[]
5762,16,[]
5782,14,[]
5800,16,[]
5820,15,[]
5839,43,[]
5901,13,[]
5923,16,[]
5950,18,[]
5980,10,[]
5997,17,[]
6026,15,[]
6051,14,[]
6075,15,[]
6102,13,[]
6125,8,[]
6139,19,[]
6172,12,[]
6193,16,[]
6221,17,[]
6251,18,[]
6283,16,[]
6307,16,[]
6331,7,[]
6340,15,[]
6363,18,[]
6390,16,[]
6414,16,[]
6438,12,[]
6456,11,[]
6470,11,[]
6484,12,[11]
6499,14,[]
6517,18,[]
6540,6,[]
6548,48,[]
6620,8,[]
6634,11,[]
6654,13,[]
6677,5,[]
6686,14,[]
6711,23,[]
6751,11,[]
6771,14,[]
6796,13,[]
6819,15,[]
6846,8,[]
6860,13,[]
6883,13,[]
6906,14,[]
6931,20,[]
6966,9,[]
6978,12,[]
6993,16,[]
7013,14,[]
7031,17,[]
7053,12,[]
7068,15,[]
7087,7,[]
7096,14,[]
7114,13,[]
7131,12,[]
7146,12,[]
7161,15,[]
7180,7,[]
0,24,[]
32,2,[]
35,6,[]
44,12,[]
62,10,[]
77,15,[]
99,10,[]
114,11,[]
131,12,[]
149,12,[]
167,11,[]
184,9,[]
198,13,[]
218,8,[]
230,10,[]
245,14,[]
266,13,[]
282,9,[]
293,12,[]
307,6,[]
314,10,[]
326,14,[3, 4, 5, 6, 7, 8, 9, 10, 11, 12, 13]
343,16,[]
362,8,[]
372,8,[]
382,8,[]
392,14,[]
409,18,[]
430,13,[]
446,17,[]
466,110,[]
611,14,[]
632,15,[]
654,5,[]
662,5,[]
670,11,[]
687,14,[]
708,22,[]
741,23,[]
775,23,[]
809,23,[]
843,24,[]
879,23,[]
913,23,[]
947,23,[]
981,24,[]
1017,24,[]
1046,24,[]
1076,26,[23]
1109,28,[]
1144,28,[]
1179,29,[8, 9]
1216,27,[]
1250,24,[]
1280,27,[]
1314,26,[]
1347,26,[]
1380,26,[]
1413,26,[]
1446,25,[]
1478,59,[]
1566,19,[]
1599,23,[]
1639,22,[]
1678,24,[]
1720,22,[]
1759,24,[]
1801,24,[]
1843,20,[]
1878,23,[]
1918,21,[]
1955,18,[]
1987,20,[]
2022,16,[]
2048,15,[]
2072,15,[]
2096,14,[]
2113,14,[]
2130,15,[]
2148,15,[]
2166,14,[]
2183,18,[]
2205,12,[]
2220,12,[]
2235,13,[]
2251,11,[7]
2264,13,[]
2280,10,[5]
2292,12,[]
2307,9,[4, 5, 6, 7, 8]
2318,67,[]
2410,5,[]
2418,7,[]
2429,8,[]
2442,9,[]
2456,8,[]
2469,9,[]
2483,11,[]
2500,9,[]
2514,10,[]
2530,9,[]
2544,9,[]
2558,8,[]
2571,11,[]
2588,9,[]
2602,10,[]
2618,8,[]
2628,7,[]
2637,12,[5, 6]
2652,8,[]
2662,10,[]
2674,8,[]
2684,10,[]
2696,12,[]
2711,10,[3]
2723,9,[]
2734,9,[]
2745,10,[]
2757,10,[]
2769,11,[2, 10]
2782,73,[]
2882,4,[]
2889,8,[]
2902,6,[]
2912,9,[]
2926,9,[]
2940,8,[]
2953,10,[]
2969,11,[]
2986,9,[]
3000,9,[]
3014,9,[]
3028,12,[]
3046,9,[]
3059,9,[]
3072,8,[]
3084,10,[]
3096,8,[]
3106,9,[]
3117,8,[]
3127,13,[]
3142,9,[8]
3153,8,[]
3163,12,[]
3177,11,[6, 7, 8]
3190,11,[]
3203,9,[]
3214,28,[22, 23, 24]
3246,23,[]
3273,7,[]
3281,73,[]
3374,4,[]
3380,7,[]
3390,11,[]
3406,11,[]
3422,11,[]
3438,13,[]
3457,14,[]
3477,17,[]
3501,17,[]
3525,19,[]
3552,20,[]
3581,22,[]
3612,22,[]
3643,22,[]
3674,20,[]
3703,24,[]
3731,23,[]
3758,23,[6, 7]
3785,21,[]
3809,22,[]
3834,21,[]
3858,20,[]
3881,22,[3, 4, 5]
3906,24,[19, 20, 21]
3934,22,[]
3959,21,[]
3983,22,[16]
4008,21,[]
4032,18,[7]
4052,50,[]
4113,16,[9, 10, 11, 12, 13, 14, 15]
4135,15,[]
4155,14,[]
4174,16,[]
4196,14,[]
4215,15,[]
4235,13,[]
4253,14,[]
4272,19,[]
4298,11,[]
4313,13,[]
4331,15,[]
4351,16,[]
4373,16,[]
4395,16,[]
4417,16,[6]
4435,17,[16]
4454,15,[2, 3]
4471,17,[]
4490,14,[]
4506,17,[]
4525,9,[]
4535,12,[]
4549,13,[]
4564,12,[]
4578,12,[]
4592,16,[]
4610,16,[]
4628,13,[]
4643,63,[]
4720,9,[]
4732,10,[]
4746,9,[]
4758,14,[]
4777,9,[]
4789,12,[]
4805,10,[]
4819,12,[]
4835,10,[]
4849,12,[]
4865,10,[]
4879,10,[]
4893,10,[]
4907,10,[]
4921,13,[]
4939,10,[]
4951,8,[]
4960,9,[]
4970,8,[]
4979,9,[]
4989,9,[]
4999,9,[]
5009,15,[]
5026,11,[9]
5039,12,[]
5053,12,[]
5068,9,[8]
5079,10,[]
5091,8,[]
5101,84,[]
5219,3,[]
5224,4,[]
5231,7,[]
5243,6,[]
5253,10,[]
5270,8,[]
5283,7,[]
5295,9,[]
5310,9,[]
5325,11,[]
5343,9,[]
5358,10,[]
5375,9,[]
5390,7,[]
5402,8,[]
5415,9,[]
5426,8,[]
5436,9,[]
5447,9,[]
5458,9,[]
5469,14,[]
5486,9,[]
5497,11,[10]
5511,11,[]
5525,13,[]
5541,9,[2, 3, 4, 5, 6, 7, 8]
5552,9,[]
5563,11,[]
5577,9,[]
5588,104,[]
5734,6,[]
5744,10,[]
5761,13,[]
5782,15,[]
5807,14,[]
5830,13,[]
5851,17,[]
5879,19,[]
5910,19,[]
5941,21,[]
5975,20,[]
6008,22,[]
6044,21,[]
6079,21,[]
6114,23,[]
6153,22,[]
6180,21,[]
6206,22,[]
6233,22,[]
6260,24,[9, 14]
6290,25,[22, 23, 24]
6321,26,[]
6353,23,[]
6382,26,[]
6414,24,[]
6444,25,[]
6475,24,[15]
6505,24,[]
6535,9,[]
0,82,[]
95,10,[]
108,16,[]
128,20,[]
153,7,[]
162,16,[]
182,15,[]
201,20,[]
226,24,[]
256,4,[]
261,18,[]
284,22,[]
311,20,[]
336,7,[]
345,22,[]
372,20,[]
397,22,[]
423,25,[]
452,6,[]
459,23,[]
486,22,[]
512,27,[]
544,20,[]
567,22,[]
593,9,[]
603,29,[]
637,21,[]
662,25,[]
691,7,[]
699,21,[]
724,201,[]
956,17,[]
977,21,[]
1003,5,[]
1010,15,[]
1031,13,[]
1050,16,[]
1073,14,[]
1093,6,[]
1102,22,[0, 1, 2, 3, 4, 5, 6, 7, 8, 9, 10]
1133,19,[]
1160,15,[]
1181,18,[]
1207,14,[]
1227,5,[]
1234,17,[]
1258,13,[]
1275,19,[]
1299,15,[]
1318,6,[]
1325,16,[]
1346,14,[]
1364,15,[]
1383,9,[]
1394,15,[]
1413,12,[]
1429,14,[]
1447,13,[]
1464,15,[]
1483,6,[]
1490,132,[]
1657,3,[]
1662,6,[]
1671,6,[]
1680,7,[]
1690,7,[]
1700,7,[]
1710,10,[]
1724,7,[]
1734,11,[]
1750,11,[]
1766,11,[]
1782,7,[]
1792,13,[]
1811,16,[]
1834,11,[]
1850,7,[]
1858,12,[]
1874,12,[]
1890,13,[]
1907,10,[2, 3]
1919,14,[]
1937,10,[]
1950,13,[]
1967,10,[]
1979,18,[]
2002,13,[8, 9, 10, 11, 12]
2019,16,[]
2042,9,[]
2054,16,[]
2079,110,[]
2251,4,[]
2259,9,[]
2276,7,[]
2289,14,[]
2315,10,[]
2334,10,[]
2353,6,[]
2365,12,[]
2388,12,[]
2411,14,[]
2437,6,[]
2449,15,[]
2477,12,[]
2500,12,[]
2523,13,[]
2547,9,[]
2559,16,[]
2584,14,[]
2606,14,[]
2628,16,[]
2653,11,[]
2668,13,[]
2689,14,[]
2711,14,[]
2733,15,[]
2757,9,[8]
2769,18,[]
2798,15,[]
2822,14,[]
2844,124,[]
3038,4,[]
3046,7,[]
3059,9,[]
3076,9,[]
3093,14,[]
3119,13,[]
3143,13,[]
3167,17,[]
3199,6,[]
3211,17,[]
3243,14,[]
3269,14,[]
3295,9,[]
3312,17,[]
3344,15,[]
3372,16,[]
3397,10,[]
3410,16,[]
3435,12,[1, 2, 3, 4, 5, 6, 7, 8, 9]
3454,18,[]
3483,7,[]
3492,18,[]
3521,15,[]
3541,18,[]
3565,10,[]
3578,21,[]
3611,15,[]
3631,17,[]
3653,8,[3, 4, 5, 6, 7]
3664,144,[]
3889,3,[]
3895,5,[]
3905,9,[]
3922,10,[]
3941,11,[]
3962,9,[]
3979,11,[]
4000,8,[]
4015,11,[]
4036,11,[]
4057,8,[]
4072,13,[]
4094,12,[]
4115,12,[]
4136,16,[]
4164,9,[]
4176,14,[]
4194,12,[]
4209,20,[]
4239,7,[]
4248,14,[]
4266,15,[]
4285,9,[]
4297,18,[]
4320,12,[7, 8, 9, 10]
4335,16,[]
4355,9,[]
4367,11,[]
4381,17,[]
4402,156,[]
4630,2,[]
4634,1,[]
4636,3,[]
4642,4,[]
4649,7,[]
4661,7,[]
4673,11,[]
4692,8,[]
4706,13,[]
4728,7,[]
4740,13,[]
4762,12,[]
4783,12,[]
4804,9,[]
4820,16,[]
4848,12,[]
4866,13,[]
4885,10,[]
4900,10,[]
4913,10,[]
4928,10,[]
4943,9,[]
4957,12,[]
4975,13,[]
4994,7,[]
5003,12,[]
5021,16,[]
5045,12,[]
5063,19,[]
5091,115,[]
5259,3,[]
5265,4,[]
5272,6,[]
5283,10,[]
5300,10,[]
5317,10,[]
5334,2,[]
5338,8,[]
5352,9,[]
5368,9,[]
5384,13,[]
5406,7,[]
5418,13,[]
5440,15,[]
5466,13,[]
5488,16,[]
5512,14,[]
5533,14,[]
5554,8,[]
5564,16,[]
5588,14,[]
5609,15,[]
5631,12,[]
5646,17,[]
5671,16,[3, 4, 5, 6, 7, 8, 9, 10, 11, 12, 13]
5695,17,[]
5720,8,[]
5730,17,[]
5755,17,[]
5780,141,[]
5986,3,[]
5992,7,[]
6004,9,[]
6020,9,[]
6036,11,[]
6055,12,[]
6076,6,[]
6087,12,[]
6109,10,[]
6127,13,[]
6150,13,[]
6173,8,[]
6188,11,[]
6208,13,[]
6231,17,[]
6262,8,[]
6273,17,[]
6295,18,[]
6318,11,[]
6332,18,[]
6355,14,[]
6373,13,[]
6390,15,[]
6409,22,[]
6437,9,[]
6449,11,[]
6463,15,[]
6482,13,[]
6499,19,[]
6523,165,[]
6773,1,[]
6775,2,[]
6779,6,[]
6790,7,[]
6803,10,[]
6821,10,[]
6839,4,[]
6847,13,[]
6870,8,[]
6885,10,[]
6903,4,[]
6911,11,[]
6931,9,[]
6947,10,[]
6965,13,[]
6988,10,[]
7001,12,[4]
7017,11,[]
7031,8,[3, 4, 5, 6]
7042,9,[]
7054,15,[]
7073,12,[]
7089,8,[]
7099,10,[]
7112,15,[]
7131,15,[]
7150,13,[]
7166,11,[]
7180,11,[]
0,26,[]
31,2,[]
34,8,[]
45,10,[]
58,8,[]
69,14,[]
87,13,[]
104,8,[]
115,9,[]
127,7,[]
136,9,[]
148,10,[]
161,8,[]
172,11,[]
186,11,[]
200,9,[]
212,9,[]
222,14,[]
238,17,[]
257,9,[]
267,13,[]
282,22,[]
306,20,[]
328,23,[21, 22]
353,17,[2, 3, 4, 5]
372,14,[]
388,14,[]
404,13,[]
419,16,[]
437,28,[]
468,112,[]
600,8,[]
611,6,[]
619,6,[]
627,4,[]
633,7,[]
642,14,[]
660,10,[]
673,11,[]
687,12,[]
703,11,[]
717,9,[]
729,13,[]
746,12,[3, 4, 5, 6, 7, 8, 9, 10, 11]
762,12,[]
778,12,[]
794,13,[]
809,12,[]
823,14,[]
839,16,[]
857,12,[]
871,14,[]
887,14,[]
903,13,[]
918,12,[]
932,13,[]
947,14,[]
963,12,[]
977,14,[]
993,11,[]
1005,92,[]
1133,8,[]
1147,8,[]
1162,10,[]
1181,9,[]
1198,11,[]
1219,10,[]
1238,12,[]
1261,12,[]
1284,9,[]
1301,12,[]
1324,11,[]
1345,10,[]
1364,13,[]
1388,14,[]
1414,13,[]
1438,15,[]
1458,14,[]
1476,13,[]
1493,12,[]
1509,14,[]
1527,14,[]
1545,16,[]
1566,17,[7, 8, 9]
1588,14,[]
1606,13,[]
1623,15,[]
1643,14,[]
1661,12,[]
1677,13,[]
1694,110,[]
1866,4,[]
1874,8,[]
1889,9,[]
1906,10,[]
1925,12,[]
1948,11,[]
1969,10,[]
1988,15,[]
2016,9,[]
2031,9,[]
2046,13,[]
2066,12,[]
2084,9,[]
2098,14,[]
2119,13,[]
2139,12,[]
2153,13,[]
2169,13,[]
2185,9,[]
2196,13,[]
2212,15,[]
2230,15,[]
2248,12,[]
2262,14,[]
2279,11,[5, 6]
2292,14,[7, 8]
2309,14,[3, 4, 5, 6, 7]
2326,15,[]
2344,10,[]
2356,121,[]
2517,6,[]
2526,9,[]
2540,13,[]
2560,15,[]
2583,10,[]
2598,12,[]
2616,11,[]
2633,11,[]
2650,15,[]
2673,15,[]
2696,20,[]
2726,12,[]
2744,14,[]
2765,10,[]
2780,17,[]
2806,18,[]
2827,16,[]
2846,15,[]
2864,14,[]
2881,12,[]
2895,13,[]
2911,17,[]
2931,10,[]
2943,15,[11, 12, 13, 14]
2961,14,[3, 4]
2978,13,[]
2994,14,[]
3011,15,[]
3029,9,[]
3041,123,[]
3233,8,[]
3249,9,[]
3267,10,[]
3287,11,[]
3309,14,[]
3336,13,[]
3361,11,[]
3383,12,[]
3406,11,[]
3428,10,[]
3448,11,[]
3470,11,[]
3492,10,[]
3512,16,[]
3543,9,[]
3561,11,[]
3576,12,[]
3592,10,[]
3606,10,[]
3620,14,[]
3639,9,[]
3651,10,[]
3665,11,[]
3680,10,[]
3694,11,[]
3709,11,[]
3724,10,[]
3738,12,[]
3754,16,[]
3775,143,[]
4006,7,[]
4020,8,[]
4036,8,[]
4051,9,[]
4067,9,[]
4083,9,[]
4099,10,[]
4117,10,[]
4135,12,[]
4156,11,[]
4176,10,[]
4194,12,[]
4215,14,[]
4240,13,[]
4263,8,[]
4277,9,[]
4289,14,[]
4307,10,[]
4320,9,[]
4332,10,[]
4345,11,[]
4359,10,[]
4372,9,[]
4384,10,[]
4397,9,[]
4409,9,[]
4421,8,[]
4431,9,[]
4443,7,[]
4452,171,[]
4709,4,[]
4716,5,[]
4725,5,[]
4734,7,[]
4747,5,[]
4756,9,[]
4772,9,[]
4788,10,[]
4806,9,[]
4822,9,[]
4838,7,[]
4851,9,[]
4867,9,[]
4883,11,[]
4903,12,[]
4924,12,[]
4939,10,[4]
4952,11,[]
4966,10,[]
4979,9,[]
4991,10,[]
5004,10,[]
5017,11,[3, 4]
5031,17,[]
5053,11,[]
5067,9,[]
5079,10,[]
5092,10,[]
5105,9,[]
5117,164,[]
5363,6,[]
5374,7,[]
5387,10,[]
5405,12,[]
5426,13,[]
5449,14,[]
5474,15,[]
5501,14,[]
5526,16,[]
5554,18,[]
5586,18,[]
5618,15,[]
5645,11,[]
5665,10,[]
5683,8,[]
5697,10,[]
5710,14,[]
5728,17,[9]
5750,18,[]
5773,13,[]
5790,12,[]
5805,10,[8, 9]
5818,10,[]
5831,11,[]
5845,13,[10, 11]
5862,10,[]
5875,12,[]
5890,10,[]
5903,12,[4]
5918,165,[]
6166,6,[]
6178,9,[]
6195,8,[]
6210,10,[]
6229,13,[]
6253,13,[]
6277,10,[]
6296,15,[]
6324,12,[]
6347,10,[]
6366,12,[]
6389,15,[]
6417,10,[]
6436,10,[]
6455,14,[]
6481,13,[]
6498,7,[]
6507,10,[]
6520,13,[6]
6537,9,[]
6549,11,[5, 6, 7]
6564,13,[]
6581,7,[]
6590,10,[]
6603,11,[]
6618,7,[]
6627,9,[]
6639,12,[]
6655,14,[]
0,51,[]
70,13,[]
91,14,[]
113,15,[]
137,14,[]
159,12,[]
178,15,[]
202,13,[]
223,15,[]
247,13,[]
268,12,[]
287,17,[]
314,15,[]
338,12,[]
357,10,[]
373,10,[]
389,12,[]
404,17,[]
425,17,[]
446,16,[]
465,17,[]
486,14,[3, 4]
503,13,[]
521,16,[]
543,17,[]
567,19,[]
593,19,[]
619,19,[]
645,18,[]
670,16,[]
692,76,[]
796,14,[]
818,20,[]
849,19,[]
879,13,[]
900,13,[]
921,15,[]
945,15,[]
969,22,[]
1003,16,[]
1028,15,[]
1052,17,[]
1079,18,[]
1107,13,[]
1128,13,[]
1149,17,[]
1176,14,[]
1196,16,[]
1218,14,[]
1238,13,[]
1256,16,[]
1278,16,[]
1300,18,[]
1325,17,[]
1349,18,[]
1374,15,[]
1395,22,[]
1425,14,[]
1445,18,[]
1470,22,[]
1500,68,[]
1593,6,[]
1603,10,[]
1619,13,[]
1640,13,[]
1661,12,[]
1680,12,[]
1699,12,[]
1718,13,[]
1739,11,[]
1756,13,[]
1777,12,[]
1796,13,[]
1817,11,[]
1834,12,[]
1853,12,[]
1872,13,[]
1890,11,[]
1905,12,[]
1922,12,[]
1939,14,[]
1959,12,[]
1976,12,[]
1993,12,[]
2010,12,[]
2026,11,[]
2040,15,[]
2059,13,[]
2075,13,[]
2090,11,[]
2103,73,[]
2193,4,[]
2199,6,[]
2207,9,[]
2219,10,[]
2233,9,[]
2245,10,[]
2259,10,[]
2273,12,[]
2289,14,[]
2308,15,[]
2328,17,[]
2351,15,[0, 1, 2, 3, 4, 5, 6]
2371,14,[]
2390,15,[]
2410,15,[]
2430,16,[]
2450,17,[]
2471,16,[]
2491,16,[]
2511,20,[]
2536,16,[]
2556,16,[]
2576,22,[]
2603,20,[]
2628,20,[]
2653,24,[]
2683,14,[]
2701,16,[]
2721,20,[]
2746,82,[]
2847,7,[]
2857,11,[]
2872,13,[]
2890,12,[]
2906,9,[]
2918,10,[]
2932,13,[]
2950,13,[]
2968,14,[]
2987,13,[]
3005,12,[]
3021,15,[]
3045,13,[]
3067,12,[]
3088,13,[]
3111,15,[]
3130,13,[]
3150,13,[]
3170,17,[]
3196,18,[]
3223,15,[]
3246,15,[]
3269,16,[]
3293,19,[]
3322,16,[]
3346,16,[]
3370,15,[]
3393,18,[]
3420,16,[]
3444,68,[]
3546,9,[]
3562,11,[]
3582,14,[]
3607,14,[]
3632,11,[]
3652,14,[]
3677,16,[]
3705,17,[]
3735,14,[]
3760,13,[]
3783,13,[]
3806,16,[]
3834,16,[]
3862,13,[]
3885,16,[]
3913,18,[]
3940,14,[]
3961,15,[]
3984,17,[]
4010,18,[]
4037,14,[]
4058,18,[]
4085,16,[]
4109,16,[]
4133,13,[]
4153,19,[]
4182,14,[]
4203,15,[]
4226,16,[]
4250,71,[]
4356,7,[]
4369,12,[]
4390,11,[]
4410,14,[]
4435,14,[]
4460,11,[]
4480,13,[]
4503,17,[]
4533,16,[]
4561,14,[]
4586,12,[]
4607,15,[]
4634,16,[]
4662,16,[]
4690,12,[]
4711,15,[]
4734,13,[]
4754,17,[]
4780,17,[]
4806,18,[]
4833,18,[]
4860,12,[]
4875,16,[]
4895,13,[]
4912,16,[]
4936,17,[]
4962,15,[]
4985,17,[]
5011,15,[]
5034,71,[]
5140,8,[]
5154,11,[]
5174,13,[]
5197,17,[]
5227,16,[]
5255,18,[]
5287,14,[]
5312,15,[]
5339,14,[]
5364,17,[]
5394,15,[]
5421,13,[]
5444,15,[]
5471,16,[]
5499,13,[]
5522,14,[]
5543,16,[]
5567,14,[]
5588,12,[]
5606,13,[]
5626,12,[]
5644,15,[]
5667,14,[]
5688,13,[]
5708,13,[]
5728,17,[]
5754,15,[]
5777,15,[]
5800,17,[]
5826,75,[]
5938,6,[]
5949,11,[]
5969,15,[]
5996,10,[]
6014,13,[]
6037,15,[]
6064,15,[]
6091,15,[]
6118,14,[]
6143,16,[]
6169,14,[]
6191,15,[]
6215,12,[]
6234,15,[]
6258,15,[]
6282,16,[]
6304,12,[]
6321,14,[]
6341,14,[]
6361,17,[]
6385,14,[0, 1, 2, 3, 4, 5, 6, 7]
6405,14,[]
6425,14,[]
6445,16,[]
6467,13,[]
6485,14,[]
6505,13,[]
6523,16,[]
6545,14,[]
6565,81,[]
6676,6,[]
6686,11,[]
6703,12,[]
6722,13,[]
6743,11,[]
6760,13,[]
6781,12,[]
6800,15,[]
6824,15,[]
6848,16,[]
6873,16,[]
6898,19,[]
6928,14,[]
6950,15,[]
6974,16,[]
6999,16,[]
7021,12,[]
7038,14,[]
7058,14,[]
7078,18,[]
7103,12,[]
7120,14,[]
7137,12,[]
7152,16,[]
7175,14,[]
7196,13,[]
7215,13,[]
7234,15,[]
7256,3,[]
0,45,[]
65,13,[]
87,12,[]
107,2,[]
111,14,[]
135,17,[]
163,17,[]
191,18,[]
221,17,[]
249,10,[]
266,17,[]
294,17,[]
322,16,[]
349,15,[]
374,17,[]
402,10,[0, 1, 2, 3, 4, 5, 6, 7]
419,19,[]
443,18,[]
465,18,[]
487,19,[]
511,16,[]
531,6,[]
539,18,[]
561,18,[]
583,23,[]
616,11,[]
630,12,[]
645,9,[]
656,13,[]
672,12,[]
687,113,[]
849,10,[]
866,12,[]
886,6,[]
896,10,[]
913,9,[]
928,11,[]
947,14,[]
971,15,[]
996,6,[]
1006,12,[]
1027,13,[]
1050,14,[]
1075,13,[]
1098,14,[]
1123,3,[]
1129,16,[11, 12]
1149,14,[]
1167,14,[9]
1185,12,[]
1200,13,[]
1217,9,[]
1229,13,[]
1246,13,[]
1263,15,[11, 12, 13, 14]
1282,14,[]
1300,15,[]
1319,9,[]
1331,15,[]
1350,13,[]
1367,103,[]
1520,8,[]
1534,10,[]
1552,3,[]
1558,13,[]
1581,11,[]
1600,11,[]
1619,13,[]
1642,13,[]
1665,4,[]
1672,15,[]
1698,13,[]
1721,12,[]
1742,9,[]
1758,14,[]
1783,9,[]
1799,11,[]
1813,11,[]
1827,12,[]
1842,15,[]
1861,15,[]
1880,9,[]
1892,16,[]
1912,15,[]
1931,15,[10]
1950,14,[6, 7, 8, 9, 10, 11, 12, 13]
1968,15,[]
1987,9,[]
1999,15,[]
2018,14,[]
2036,107,[]
2199,8,[]
2214,10,[]
2232,4,[]
2240,12,[]
2262,12,[]
2284,22,[]
2324,13,[]
2348,17,[]
2379,9,[]
2396,16,[]
2425,15,[]
2452,15,[]
2479,14,[]
2504,15,[]
2531,11,[]
2551,19,[]
2575,14,[]
2593,15,[]
2612,14,[]
2630,15,[]
2649,9,[]
2661,17,[]
2683,17,[]
2705,15,[]
2724,13,[]
2741,14,[]
2759,11,[]
2773,15,[6]
2792,14,[]
2810,107,[]
2973,8,[]
2988,11,[]
3008,4,[]
3016,12,[]
3038,15,[]
3064,13,[]
3086,15,[]
3111,15,[]
3136,8,[]
3150,16,[]
3177,14,[]
3201,23,[]
3239,19,[]
3271,15,[0, 3, 4, 5, 6, 7, 8, 9, 10, 11, 12]
3296,8,[]
3310,18,[]
3332,16,[]
3352,16,[]
3372,15,[]
3391,16,[]
3411,12,[]
3426,18,[]
3448,15,[]
3467,16,[]
3487,15,[]
3506,17,[]
3527,12,[]
3542,16,[]
3562,17,[]
3583,103,[]
3731,9,[]
3746,12,[]
3766,4,[]
3773,14,[]
3797,15,[]
3822,16,[]
3849,14,[]
3873,15,[]
3898,10,[]
3915,15,[]
3940,14,[]
3964,16,[]
3991,14,[]
4015,14,[]
4039,9,[]
4055,16,[]
4075,15,[]
4094,25,[6, 7]
4125,16,[]
4145,20,[]
4170,9,[]
4182,15,[]
4201,15,[]
4220,17,[]
4242,15,[]
4261,16,[7, 8, 9]
4281,11,[]
4295,15,[]
4314,15,[]
4333,102,[]
4484,8,[]
4498,11,[]
4517,8,[]
4531,12,[]
4552,13,[]
4575,13,[]
4598,12,[]
4619,14,[]
4644,8,[]
4658,15,[]
4684,14,[]
4709,13,[]
4732,11,[]
4751,14,[]
4776,12,[]
4797,15,[9, 10, 11, 12, 13, 14]
4816,12,[]
4831,13,[]
4848,11,[]
4862,13,[]
4879,12,[]
4894,13,[]
4911,13,[]
4928,19,[]
4952,12,[]
4967,15,[]
4986,13,[]
5003,16,[]
5023,13,[]
5040,118,[]
5209,6,[]
5219,9,[]
5234,4,[]
5241,12,[]
5261,11,[]
5280,12,[]
5300,14,[]
5324,12,[]
5344,9,[]
5359,13,[]
5381,11,[]
5400,13,[]
5422,12,[]
5442,12,[]
5462,8,[]
5476,13,[]
5492,13,[]
5508,13,[]
5524,14,[]
5542,12,[3]
5557,12,[10, 11]
5572,14,[]
5590,13,[]
5606,14,[8]
5624,13,[]
5640,14,[]
5658,7,[]
5667,17,[]
5688,12,[]
5703,118,[]
5872,7,[]
5884,10,[]
5901,3,[]
5906,12,[]
5926,11,[]
5945,13,[]
5967,12,[]
5987,13,[]
6009,9,[0, 1, 2, 3, 4, 5, 6, 7]
6024,12,[]
6044,14,[]
6069,14,[]
6094,14,[]
6119,13,[]
6142,8,[]
6156,14,[]
6174,15,[]
6193,14,[]
6211,13,[]
6228,14,[]
6246,6,[]
6254,14,[12, 13]
6272,15,[]
6291,15,[]
6310,18,[]
6333,15,[]
6352,8,[]
6362,15,[5, 6, 7]
6381,15,[]
6400,113,[]
6568,8,[]
6582,13,[]
6605,6,[]
6616,15,[]
6642,15,[]
6668,24,[]
6710,12,[]
6731,13,[]
6754,7,[]
6767,15,[]
6793,18,[]
6824,21,[]
6861,17,[]
6891,17,[]
6921,6,[]
6932,20,[]
6962,15,[]
6985,17,[]
7011,16,[]
7035,18,[]
7062,5,[]
7068,18,[]
7092,17,[]
7112,16,[]
7131,12,[]
7145,14,[3]
7162,8,[]
7172,16,[]
7191,17,[11, 12, 13, 14, 15, 16]
0,28,[]
39,5,[]
47,11,[]
65,14,[]
87,8,[]
100,16,[]
126,8,[]
139,9,[]
154,14,[]
176,10,[]
192,9,[]
207,9,[]
222,11,[]
240,11,[]
258,8,[]
271,9,[]
286,10,[]
298,14,[]
315,17,[]
336,20,[]
360,15,[]
378,16,[]
398,23,[5, 6, 7]
426,21,[]
451,20,[]
475,22,[]
502,15,[]
520,18,[]
542,13,[]
558,22,[]
585,133,[]
769,19,[]
799,15,[]
823,6,[]
833,4,[]
840,9,[]
855,11,[]
873,8,[]
886,14,[]
908,10,[]
924,14,[]
946,9,[]
961,13,[]
982,14,[]
1004,14,[]
1028,14,[]
1053,20,[]
1078,14,[]
1096,18,[]
1119,18,[]
1142,19,[]
1166,15,[]
1185,18,[]
1208,16,[7]
1228,15,[]
1247,17,[]
1269,14,[]
1287,17,[5]
1309,13,[]
1326,14,[6, 7]
1344,104,[]
1498,7,[]
1511,10,[]
1529,12,[]
1550,12,[]
1571,14,[]
1596,17,[]
1626,15,[]
1652,15,[]
1678,17,[]
1708,18,[]
1739,15,[]
1765,14,[]
1790,13,[]
1813,15,[]
1839,15,[]
1865,14,[]
1883,19,[]
1907,16,[]
1927,2,[]
1930,3,[]
1934,10,[]
1947,13,[]
1964,4,[]
1969,3,[]
1973,2,[]
1976,2,[]
1979,2,[]
1982,5,[]
1989,2,[]
1992,134,[]
2191,1,[]
2193,1,[]
2195,1,[]
2197,1,[]
2199,12,[]
2221,32,[]
2278,15,[]
2305,22,[]
2345,7,[]
2358,22,[]
2398,22,[]
2438,20,[]
2474,19,[]
2508,23,[]
2549,19,[]
2583,22,[]
2617,8,[]
2628,13,[]
2645,10,[]
2658,14,[]
2676,16,[]
2697,16,[]
2718,23,[]
2753,21,[]
2785,16,[]
2806,17,[]
2828,14,[]
2846,15,[]
2865,13,[]
2882,91,[]
3021,7,[]
3034,11,[]
3054,12,[]
3076,11,[]
3096,11,[]
3116,9,[]
3133,9,[]
3150,11,[]
3170,15,[]
3197,15,[]
3224,15,[]
3251,10,[]
3269,11,[]
3289,11,[]
3309,11,[]
3329,13,[]
3346,10,[]
3359,12,[]
3375,12,[]
3391,7,[]
3400,10,[]
3413,12,[]
3429,13,[]
3446,17,[]
3468,14,[]
3486,7,[]
3495,12,[]
3511,15,[]
3530,20,[]
3556,108,[]
3721,6,[]
3732,10,[]
3750,13,[]
3774,16,[]
3803,14,[]
3828,8,[]
3843,20,[]
3879,16,[]
3908,19,[]
3942,11,[]
3962,19,[]
3996,18,[]
4029,12,[]
4051,21,[]
4089,23,[]
4130,20,[]
4161,18,[]
4189,12,[]
4205,19,[]
4234,21,[]
4266,17,[]
4292,19,[]
4321,20,[]
4352,18,[]
4380,18,[]
4408,17,[]
4434,20,[]
4460,21,[]
4487,21,[10, 11, 12, 13, 14, 15, 16, 17, 18, 19]
4514,85,[]
4644,14,[]
4669,19,[]
4703,18,[]
4736,20,[]
4772,17,[]
4803,19,[]
4837,20,[]
4873,23,[]
4914,18,[]
4947,21,[]
4985,22,[]
5025,22,[]
5065,19,[]
5099,12,[]
5121,26,[]
5168,22,[]
5196,12,[]
5212,50,[]
5286,25,[]
5317,30,[]
5355,16,[]
5375,18,[]
5398,22,[]
5426,22,[]
5454,15,[]
5473,16,[]
5493,18,[15, 16]
5516,17,[]
5538,15,[]
5557,79,[]
5674,6,[]
5685,7,[]
5698,10,[]
5716,13,[]
5739,12,[]
5760,11,[]
5779,13,[]
5802,11,[]
5821,12,[]
5842,13,[]
5865,12,[]
5886,13,[]
5909,11,[]
5928,12,[]
5949,14,[]
5974,14,[]
5992,12,[]
6007,12,[]
6022,12,[]
6037,13,[6, 7]
6054,12,[]
6069,6,[]
6077,10,[]
6090,8,[]
6100,9,[]
6112,7,[]
6121,10,[]
6134,11,[]
6148,26,[]
6187,99,[]
6334,2,[]
6338,3,[]
6344,4,[]
6351,8,[]
6365,14,[]
6390,8,[]
6404,10,[]
6422,15,[]
6448,10,[]
6466,9,[]
6482,10,[]
6500,15,[]
6526,13,[]
6549,15,[]
6575,12,[]
6596,15,[10]
6615,15,[]
6634,19,[]
6658,16,[9, 10]
6678,16,[]
6698,16,[]
6718,11,[]
6732,18,[]
6755,22,[]
6788,16,[]
6808,18,[]
6835,8,[4, 5, 6, 7]
6845,10,[3]
6858,13,[]
6875,78,[]
6991,2,[]
6995,3,[]
7001,2,[]
7005,5,[]
7014,8,[]
7028,5,[]
7037,6,[]
7048,4,[]
7055,4,[]
7062,3,[]
7068,4,[]
7075,9,[]
7091,5,[]
7100,2,[]
7104,27,[]
7151,4,[]
7156,8,[]
7166,7,[]
7175,1,[]
7177,12,[3]
7192,58,[]
7278,3,[]
7282,3,[]
7286,37,[]
7341,24,[]
7377,8,[2, 3, 4]
7387,19,[]
7411,5,[]
7418,11,[]
0,71,[]
94,4,[]
100,6,[]
109,17,[]
134,13,[]
154,11,[]
171,10,[]
186,6,[]
195,9,[]
209,15,[]
231,10,[]
246,8,[]
258,10,[]
273,15,[]
295,10,[]
310,12,[]
328,9,[]
339,12,[]
353,9,[]
364,15,[7, 8, 9, 10, 11, 12, 13]
382,10,[]
394,10,[]
406,11,[]
419,10,[]
431,15,[]
449,13,[]
465,12,[]
479,10,[]
491,14,[]
510,14,[]
529,209,[]
803,13,[]
823,12,[]
841,11,[]
858,8,[]
870,8,[]
882,11,[]
899,10,[2, 3, 4, 5, 6, 7, 8, 9]
914,15,[]
936,12,[]
954,15,[]
976,15,[]
998,14,[]
1019,16,[]
1047,12,[]
1069,15,[]
1097,15,[]
1117,15,[]
1141,13,[]
1158,15,[]
1178,14,[]
1196,16,[]
1217,14,[]
1235,14,[]
1253,15,[]
1273,14,[]
1291,17,[11]
1313,13,[]
1330,17,[]
1352,13,[]
1369,149,[]
1602,6,[]
1614,9,[]
1631,11,[]
1652,10,[]
1671,13,[]
1695,4,[]
1703,14,[]
1729,10,[]
1748,9,[]
1765,10,[]
1784,9,[]
1801,9,[]
1818,10,[]
1837,6,[]
1849,15,[]
1877,15,[]
1897,13,[]
1914,11,[]
1929,13,[]
1946,15,[]
1966,10,[6]
1979,11,[]
1994,10,[]
2007,15,[]
2027,14,[]
2045,13,[4, 5]
2062,14,[]
2080,17,[]
2102,14,[]
2120,130,[]
2323,7,[]
2336,11,[]
2357,14,[]
2383,14,[]
2409,12,[]
2432,14,[]
2458,16,[]
2488,16,[]
2518,14,[]
2544,16,[]
2574,13,[]
2598,18,[]
2632,14,[]
2658,18,[]
2692,16,[]
2722,15,[]
2742,13,[]
2759,19,[]
2784,15,[]
2804,17,[]
2826,17,[]
2848,17,[]
2870,14,[]
2888,16,[]
2909,14,[]
2927,12,[]
2943,12,[4, 5, 6]
2959,16,[]
2980,14,[]
2998,125,[]
3193,5,[]
3202,6,[]
3212,10,[]
3229,10,[]
3246,11,[]
3264,9,[]
3279,8,[]
3292,11,[]
3310,14,[]
3333,13,[]
3354,10,[]
3371,13,[]
3392,11,[]
3410,11,[]
3428,10,[]
3445,10,[]
3458,5,[]
3465,10,[]
3478,15,[]
3497,13,[]
3513,12,[]
3528,16,[]
3548,14,[]
3565,16,[]
3585,14,[]
3602,4,[]
3607,19,[]
3630,17,[]
3654,15,[]
3673,132,[]
3860,8,[]
3873,10,[]
3890,11,[]
3908,12,[]
3928,4,[]
3935,12,[]
3955,17,[]
3983,14,[]
4006,13,[]
4027,13,[]
4048,12,[]
4068,14,[]
4091,14,[]
4114,3,[]
4119,13,[]
4140,18,[]
4162,12,[3, 4, 5, 6, 7]
4177,12,[]
4192,15,[]
4211,12,[]
4226,13,[]
4242,13,[]
4258,11,[]
4272,13,[]
4288,15,[]
4307,13,[6, 7]
4323,15,[]
4342,14,[]
4359,12,[]
4374,133,[]
4562,3,[]
4567,7,[]
4579,8,[]
4592,9,[]
4607,8,[]
4620,8,[]
4633,10,[]
4650,11,[]
4668,14,[]
4691,12,[]
4711,11,[]
4729,12,[]
4749,17,[]
4777,12,[]
4797,12,[]
4817,14,[3, 4, 5, 6, 7, 8]
4834,12,[]
4849,15,[]
4868,10,[]
4881,12,[]
4896,13,[]
4912,11,[]
4926,12,[]
4941,12,[]
4956,19,[]
4983,12,[]
4998,10,[]
5011,14,[6, 7]
5028,2,[]
5031,136,[]
5223,8,[]
5237,4,[]
5245,8,[]
5260,10,[]
5278,8,[]
5293,10,[]
5311,10,[]
5329,3,[]
5335,10,[]
5353,12,[]
5375,9,[]
5391,14,[]
5416,12,[]
5438,10,[]
5456,13,[]
5479,13,[]
5496,6,[]
5504,12,[]
5520,16,[]
5541,14,[]
5559,16,[]
5580,18,[]
5603,11,[]
5617,13,[]
5634,15,[]
5653,4,[]
5659,14,[]
5677,20,[6]
5703,13,[]
5720,143,[]
5936,5,[]
5945,8,[]
5960,9,[]
5976,14,[]
6001,11,[]
6021,10,[]
6039,15,[]
6066,15,[]
6093,13,[]
6116,14,[]
6141,16,[]
6170,14,[]
6195,13,[]
6218,13,[]
6241,12,[]
6262,17,[]
6283,13,[]
6299,13,[]
6315,16,[10, 11, 12, 13, 14, 15]
6335,20,[]
6360,15,[]
6379,14,[]
6397,15,[]
6416,15,[]
6435,17,[]
6456,15,[]
6475,13,[]
6491,14,[]
6509,15,[]
6528,135,[]
6726,4,[]
6733,4,[]
6740,6,[]
6751,10,[]
6768,8,[]
6782,11,[]
6801,11,[]
6820,14,[]
6844,10,[]
6861,11,[]
6880,5,[]
6889,16,[]
6917,15,[]
6943,13,[]
6965,13,[]
6987,13,[]
7006,14,[]
7027,11,[]
7044,15,[]
7066,3,[]
7070,14,[]
7091,17,[]
7116,14,[]
7137,13,[]
7156,16,[]
7180,15,[]
7199,15,[8]
7218,12,[]
7233,8,[6, 7]
0,29,[]
37,14,[]
57,10,[]
72,19,[]
99,26,[]
136,17,[]
160,24,[]
194,8,[]
206,16,[]
229,14,[]
249,13,[]
268,13,[]
287,9,[]
300,14,[]
320,16,[]
343,14,[]
363,15,[]
381,9,[7, 8]
392,14,[]
408,14,[]
424,16,[]
443,15,[]
461,4,[]
466,17,[]
486,14,[11]
502,16,[]
521,14,[]
537,9,[]
548,15,[]
566,15,[]
584,66,[]
668,10,[]
683,4,[]
689,15,[]
711,9,[]
724,14,[]
744,14,[]
764,7,[]
774,12,[]
791,20,[]
820,10,[]
835,13,[]
854,9,[]
867,23,[]
900,13,[]
919,15,[]
941,16,[]
960,10,[]
972,13,[]
987,13,[]
1002,12,[]
1016,17,[]
1036,8,[]
1046,18,[]
1067,16,[]
1086,16,[]
1105,18,[]
1126,7,[]
1135,18,[]
1156,16,[]
1175,75,[]
1274,10,[]
1289,4,[]
1295,15,[]
1317,13,[]
1337,17,[]
1362,13,[]
1382,8,[]
1394,20,[]
1424,24,[]
1460,16,[]
1484,14,[]
1505,12,[]
1523,15,[]
1545,15,[]
1567,16,[]
1591,14,[]
1608,6,[]
1615,15,[]
1633,16,[]
1652,13,[]
1668,16,[]
1687,6,[]
1694,13,[]
1710,13,[]
1726,14,[4, 5, 6, 7, 8, 9, 10]
1743,14,[]
1760,13,[]
1776,14,[]
1793,14,[]
1810,82,[]
1918,6,[]
1927,4,[]
1933,11,[]
1950,11,[]
1967,12,[3, 4, 5, 6, 7, 8, 9, 10, 11]
1985,14,[]
2006,7,[]
2017,17,[]
2045,12,[]
2065,15,[]
2090,13,[]
2111,11,[]
2129,13,[]
2150,13,[]
2171,13,[]
2192,14,[]
2209,11,[]
2223,23,[]
2256,20,[]
2284,16,[]
2304,18,[]
2326,10,[]
2338,18,[]
2360,17,[]
2381,13,[]
2397,17,[]
2418,6,[]
2426,16,[]
2446,15,[]
2464,86,[]
2585,6,[]
2595,4,[]
2602,12,[]
2622,15,[]
2647,16,[]
2673,15,[]
2698,12,[]
2718,17,[]
2746,14,[]
2769,15,[]
2794,14,[]
2817,14,[]
2840,15,[]
2865,15,[]
2890,15,[]
2915,18,[]
2937,5,[]
2943,17,[]
2964,16,[]
2984,18,[]
3006,16,[]
3026,13,[]
3042,17,[]
3064,16,[]
3084,18,[]
3107,15,[12, 13, 14]
3126,8,[]
3136,19,[]
3160,15,[]
3179,86,[]
3308,9,[]
3324,5,[]
3333,14,[]
3358,14,[]
3383,14,[]
3408,19,[]
3441,9,[]
3457,18,[]
3489,15,[]
3516,17,[]
3546,16,[]
3574,6,[]
3585,17,[]
3615,18,[]
3647,18,[]
3679,17,[]
3701,5,[]
3708,16,[]
3728,16,[]
3748,18,[]
3771,14,[]
3789,9,[]
3801,16,[]
3821,15,[]
3840,16,[]
3860,17,[14, 15]
3882,8,[]
3892,19,[5, 6, 9]
3916,16,[]
3936,84,[]
4062,8,[]
4075,5,[]
4083,14,[]
4104,14,[]
4125,14,[]
4146,15,[]
4168,7,[]
4179,22,[]
4212,16,[]
4236,15,[]
4258,25,[]
4295,12,[]
4313,15,[]
4335,18,[]
4362,16,[]
4386,19,[]
4411,9,[]
4422,17,[]
4442,16,[]
4461,16,[]
4480,27,[]
4512,10,[]
4524,14,[9, 10]
4541,17,[]
4561,13,[12]
4577,16,[]
4596,12,[]
4610,13,[]
4626,16,[]
4645,78,[]
4748,9,[]
4762,6,[]
4771,14,[]
4792,16,[]
4816,14,[]
4837,18,[]
4864,5,[]
4872,17,[]
4897,16,[]
4921,18,[]
4948,16,[]
4972,4,[]
4978,21,[]
5009,15,[]
5031,15,[]
5053,20,[]
5080,9,[]
5091,18,[]
5115,19,[]
5140,17,[9, 10, 11, 12, 13, 14, 15, 16]
5163,16,[]
5184,9,[]
5195,18,[]
5219,21,[]
5247,15,[]
5267,19,[]
5292,9,[]
5303,17,[]
5326,17,[]
5349,73,[]
5445,10,[]
5460,4,[]
5466,17,[1, 2, 3, 4, 5, 6, 7, 8, 9, 10, 11]
5491,17,[]
5516,26,[]
5555,15,[]
5577,10,[]
5592,17,[]
5617,30,[]
5661,16,[]
5685,17,[]
5710,7,[]
5721,19,[]
5749,22,[]
5782,16,[]
5806,17,[]
5826,9,[]
5837,17,[]
5857,16,[15]
5876,16,[]
5895,14,[]
5912,10,[2, 3, 4, 5, 6, 7, 8]
5924,23,[]
5951,22,[]
5977,17,[]
5997,19,[]
6019,10,[]
6031,19,[]
6053,21,[]
6078,82,[]
6186,9,[]
6201,5,[]
6210,14,[]
6235,16,[]
6263,16,[]
6291,15,[]
6318,11,[]
6338,16,[]
6366,22,[]
6405,16,[]
6433,18,[]
6465,8,[]
6479,19,[]
6512,14,[]
6537,17,[]
6567,16,[]
6587,5,[]
6594,15,[]
6613,19,[]
6637,16,[]
6657,18,[]
6680,5,[]
6687,17,[]
6709,16,[]
6729,17,[12, 13, 14]
6751,15,[]
6770,8,[]
6780,18,[]
6807,19,[]
0,19,[]
26,4,[]
33,9,[]
47,12,[]
66,11,[]
83,12,[]
102,10,[]
118,17,[]
145,9,[]
159,9,[]
173,12,[]
192,10,[]
208,9,[]
222,10,[]
238,9,[]
252,10,[]
268,10,[]
282,10,[]
294,9,[]
305,13,[]
321,17,[]
342,20,[]
366,19,[]
389,19,[]
412,13,[]
428,12,[]
443,15,[]
461,20,[]
485,23,[6, 7, 8, 9, 10, 11]
513,20,[]
537,83,[]
650,14,[]
672,5,[]
680,4,[]
687,5,[]
695,11,[]
712,13,[]
733,13,[]
754,16,[]
779,14,[]
801,17,[]
828,12,[]
847,12,[]
866,16,[]
891,12,[]
910,16,[]
935,11,[]
948,11,[]
961,12,[]
976,12,[3, 4, 5]
991,15,[]
1009,11,[]
1022,16,[]
1041,15,[]
1059,19,[]
1081,14,[]
1098,18,[]
1119,11,[]
1132,16,[]
1151,12,[]
1165,87,[]
1279,6,[]
1288,12,[]
1306,11,[0, 1, 2, 3, 4, 5, 6, 7, 8, 9, 10]
1323,16,[]
1347,16,[]
1371,16,[]
1395,14,[]
1416,17,[]
1441,14,[]
1462,16,[]
1486,15,[]
1508,15,[]
1530,11,[]
1547,15,[]
1569,9,[]
1583,15,[]
1601,8,[]
1611,9,[]
1622,15,[]
1640,10,[]
1652,8,[]
1662,9,[]
1673,12,[]
1687,12,[]
1701,11,[]
1714,12,[]
1728,13,[]
1744,12,[]
1758,9,[]
1769,102,[]
1903,7,[]
1914,10,[]
1929,13,[]
1949,15,[]
1971,13,[]
1991,15,[]
2013,14,[]
2036,10,[]
2053,11,[]
2072,11,[]
2091,13,[]
2113,15,[]
2138,15,[]
2163,16,[]
2190,11,[]
2209,14,[]
2227,11,[]
2241,10,[]
2254,17,[]
2275,11,[]
2289,11,[]
2303,15,[]
2322,15,[]
2341,15,[]
2360,13,[]
2376,16,[]
2396,16,[]
2416,20,[]
2441,5,[]
2448,94,[]
2584,9,[]
2599,15,[]
2624,15,[]
2649,17,[]
2678,17,[]
2707,17,[]
2736,14,[]
2760,18,[]
2790,16,[]
2817,18,[]
2847,17,[]
2876,18,[]
2906,16,[]
2933,17,[]
2962,16,[]
2989,19,[]
3013,17,[]
3034,18,[]
3056,17,[]
3077,20,[]
3101,20,[]
3125,17,[]
3146,17,[]
3167,21,[]
3196,18,[]
3221,19,[]
3247,17,[]
3271,19,[]
3297,16,[]
3319,65,[]
3408,10,[]
3424,14,[]
3446,13,[]
3467,15,[]
3491,16,[]
3516,20,[]
3547,18,[]
3575,22,[]
3609,22,[]
3643,22,[]
3677,20,[]
3708,20,[]
3739,22,[]
3773,19,[]
3803,21,[]
3836,19,[]
3862,23,[]
3894,22,[]
3924,21,[]
3953,23,[]
3985,25,[]
4019,23,[]
4051,26,[]
4087,21,[]
4116,25,[]
4150,22,[]
4180,24,[]
4213,25,[]
4247,25,[]
4281,85,[]
4397,15,[]
4421,20,[]
4452,18,[2, 3, 4, 5, 6, 7, 8, 9, 10, 11, 12, 13]
4480,21,[]
4513,18,[]
4541,24,[]
4578,18,[]
4606,21,[]
4639,18,[]
4667,20,[]
4698,17,[]
4725,19,[]
4755,16,[]
4780,15,[]
4804,17,[]
4831,16,[]
4853,15,[]
4874,16,[]
4896,19,[]
4922,18,[]
4944,17,[]
4965,16,[]
4984,17,[]
5008,16,[]
5030,16,[]
5052,14,[]
5073,13,[]
5093,13,[]
5113,13,[]
5133,48,[]
5205,6,[]
5216,13,[]
5239,8,[]
5253,11,[]
5273,11,[]
5293,17,[]
5323,12,[]
5344,15,[]
5371,14,[]
5396,13,[]
5419,12,[]
5440,17,[]
5470,14,[]
5495,12,[]
5516,13,[]
5539,15,[]
5562,17,[]
5588,13,[]
5608,13,[]
5628,18,[]
5655,15,[]
5674,11,[]
5688,11,[]
5702,15,[]
5721,16,[]
5745,14,[]
5766,13,[]
5786,14,[]
5807,16,[]
5831,52,[]
5909,11,[]
5929,9,[]
5945,11,[]
5965,12,[]
5986,10,[]
6004,12,[]
6025,16,[]
6053,15,[]
6080,13,[]
6103,16,[]
6131,12,[]
6152,15,[]
6179,13,[]
6202,14,[]
6227,18,[]
6259,18,[]
6282,12,[]
6297,13,[4, 12]
6314,15,[]
6333,13,[]
6350,14,[]
6368,14,[]
6386,13,[]
6403,13,[]
6420,12,[]
6435,10,[]
6448,10,[]
6461,11,[]
6475,12,[]
6490,68,[]
6592,8,[]
6606,11,[]
6626,13,[]
6649,15,[]
6676,17,[]
6706,18,[]
6738,19,[]
6771,21,[]
6808,18,[]
6840,17,[]
6870,19,[]
6903,17,[]
6933,20,[]
6968,19,[]
7001,20,[]
7036,16,[]
7056,16,[]
7079,17,[]
7100,17,[]
7121,17,[]
7142,16,[]
7161,19,[]
7187,13,[]
7203,15,[]
7221,17,[]
7242,16,[]
7261,16,[]
7280,16,[9, 10]
7299,18,[]
0,25,[]
34,3,[]
39,13,[]
60,16,[]
85,15,[]
109,14,[]
131,12,[]
150,12,[]
169,13,[]
190,11,[]
207,12,[]
226,12,[]
245,12,[]
264,11,[]
281,12,[]
300,12,[]
319,11,[]
332,10,[]
344,11,[]
357,11,[]
370,10,[4]
382,11,[]
395,13,[]
411,12,[]
426,12,[]
441,10,[]
453,11,[]
466,10,[]
478,10,[]
490,12,[]
505,54,[]
579,9,[]
593,11,[]
610,10,[]
626,10,[]
642,11,[]
659,10,[]
675,11,[]
692,13,[]
713,12,[]
732,12,[]
751,12,[]
770,12,[]
789,11,[]
806,12,[]
825,12,[]
844,12,[]
859,13,[]
875,13,[]
891,11,[]
904,11,[]
917,12,[]
932,12,[]
947,13,[]
963,14,[]
980,14,[]
997,14,[]
1014,13,[2, 3, 4]
1030,14,[]
1047,11,[]
1060,55,[]
1133,10,[]
1148,12,[]
1166,14,[]
1187,12,[]
1205,9,[]
1219,11,[]
1236,13,[]
1256,14,[]
1277,15,[]
1299,16,[]
1323,12,[]
1341,13,[]
1361,13,[]
1381,12,[]
1399,14,[]
1420,15,[]
1438,16,[]
1457,17,[]
1477,16,[]
1496,16,[]
1515,15,[]
1533,14,[]
1550,12,[]
1564,12,[5, 6, 7]
1578,15,[]
1596,14,[]
1613,13,[]
1629,13,[]
1645,13,[]
1661,45,[]
1720,8,[]
1732,11,[]
1749,11,[]
1766,12,[]
1784,12,[]
1802,13,[]
1822,13,[]
1842,13,[]
1862,12,[]
1880,12,[]
1898,12,[]
1916,12,[]
1934,12,[]
1952,14,[]
1973,13,[]
1993,12,[]
2007,14,[]
2024,14,[]
2041,13,[]
2057,15,[]
2075,12,[]
2090,12,[]
2105,12,[]
2120,12,[]
2135,12,[]
2150,11,[]
2163,11,[]
2176,14,[]
2193,14,[]
2210,53,[]
2283,10,[]
2299,11,[]
2316,9,[]
2330,11,[]
2347,11,[]
2364,12,[]
2383,11,[]
2400,11,[]
2417,13,[]
2438,11,[]
2455,12,[]
2474,12,[]
2493,10,[]
2509,12,[]
2528,12,[]
2547,12,[]
2562,12,[]
2577,14,[]
2594,13,[]
2610,13,[]
2626,13,[]
2642,14,[]
2659,14,[13]
2676,14,[]
2693,14,[]
2710,13,[]
2726,12,[]
2741,13,[]
2757,14,[]
2774,53,[]
2847,14,[]
2869,16,[]
2894,16,[]
2919,20,[]
2950,19,[]
2980,18,[]
3008,17,[]
3035,17,[]
3064,17,[]
3095,15,[]
3123,14,[]
3149,14,[]
3175,13,[]
3199,12,[]
3222,13,[]
3246,15,[]
3266,13,[]
3283,13,[]
3300,14,[]
3318,14,[]
3336,15,[]
3356,13,[]
3373,13,[4, 5]
3390,16,[]
3411,14,[]
3429,14,[]
3447,13,[]
3464,13,[]
3481,13,[4, 5]
3498,57,[]
3587,9,[]
3604,11,[]
3625,12,[]
3648,12,[]
3671,13,[]
3695,13,[]
3719,12,[]
3742,13,[]
3766,16,[]
3796,14,[]
3822,12,[]
3845,12,[]
3868,13,[]
3892,14,[]
3918,16,[]
3948,18,[]
3972,18,[]
3996,20,[]
4022,21,[12, 13]
4049,17,[]
4070,14,[]
4087,14,[]
4103,14,[]
4119,14,[7]
4135,15,[2, 3, 4, 5]
4152,14,[]
4168,15,[]
4185,13,[]
4200,13,[]
4215,45,[]
4272,10,[]
4286,11,[]
4302,11,[]
4318,12,[]
4335,12,[]
4352,12,[]
4369,12,[]
4386,12,[]
4403,12,[]
4420,11,[]
4436,13,[]
4455,13,[]
4474,11,[]
4490,12,[]
4507,12,[]
4524,13,[]
4539,14,[]
4555,12,[]
4569,11,[]
4582,11,[]
4595,12,[]
4609,11,[]
4622,12,[]
4636,12,[]
4650,13,[]
4665,12,[]
4679,13,[]
4694,12,[]
4708,10,[]
4720,54,[]
4789,10,[]
4803,8,[]
4815,12,[]
4832,10,[]
4846,9,[]
4859,10,[]
4873,9,[]
4886,11,[]
4902,13,[]
4921,13,[]
4940,11,[]
4956,10,[]
4970,7,[]
4980,10,[]
4994,14,[]
5014,18,[]
5035,15,[]
5052,16,[]
5071,13,[]
5087,13,[]
5103,12,[]
5117,12,[]
5131,14,[]
5148,14,[]
5165,13,[]
5181,11,[]
5194,11,[]
5207,10,[]
5219,10,[]
5231,46,[]
5292,9,[]
5306,10,[]
5321,10,[]
5336,11,[]
5353,10,[]
5368,10,[]
5383,11,[]
5400,11,[]
5417,12,[]
5435,11,[]
5452,12,[]
5470,11,[]
5487,12,[]
5505,11,[]
5522,12,[]
5540,13,[]
5556,13,[]
5572,17,[]
5592,12,[]
5606,13,[]
5622,12,[]
5636,13,[]
5652,11,[]
5665,12,[]
5679,12,[4]
5693,12,[6]
5707,10,[]
5719,14,[]
5736,11,[]
0,14,[]
20,2,[]
24,5,[]
32,11,[]
50,8,[]
63,7,[]
74,4,[]
81,7,[]
92,7,[]
103,5,[]
111,12,[]
130,16,[]
156,20,[]
188,18,[]
217,13,[]
238,15,[]
262,6,[]
270,14,[]
287,14,[]
304,15,[]
322,13,[]
338,5,[]
344,14,[]
361,19,[]
384,14,[]
401,10,[]
413,17,[]
434,16,[]
454,14,[]
471,15,[]
489,87,[]
610,1,[]
612,7,[]
623,8,[]
636,10,[]
652,10,[]
668,19,[]
698,18,[]
727,18,[]
756,18,[]
785,20,[]
817,13,[]
838,23,[]
875,22,[]
910,18,[]
939,22,[]
974,5,[]
980,20,[]
1004,17,[]
1025,19,[]
1048,24,[]
1077,19,[]
1100,13,[]
1116,18,[]
1138,17,[]
1159,22,[]
1186,15,[]
1204,22,[]
1231,18,[]
1253,22,[20, 21]
1280,90,[]
1405,12,[]
1424,5,[]
1432,18,[]
1461,20,[]
1493,19,[]
1523,10,[]
1539,21,[]
1572,23,[]
1609,23,[]
1646,23,[]
1683,6,[]
1693,22,[]
1728,23,[]
1765,21,[]
1798,21,[]
1831,22,[]
1858,11,[]
1872,19,[]
1895,21,[]
1920,23,[]
1948,6,[]
1956,20,[]
1980,19,[]
2003,21,[]
2028,19,[]
2051,24,[]
2080,7,[]
2089,38,[]
2142,16,[9]
2162,86,[]
2281,1,[]
2283,15,[]
2307,17,[]
2334,20,[]
2366,10,[]
2382,20,[]
2414,23,[]
2451,22,[]
2486,19,[]
2516,27,[]
2559,14,[]
2581,29,[]
2627,28,[]
2671,24,[]
2709,23,[]
2746,11,[]
2760,26,[]
2796,12,[]
2811,23,[]
2843,10,[]
2855,25,[]
2890,8,[5, 6, 7]
2900,21,[]
2925,10,[]
2937,24,[]
2971,8,[]
2981,24,[]
3015,8,[]
3025,24,[]
3059,67,[]
3152,16,[]
3178,8,[]
3191,19,[]
3221,6,[]
3231,16,[]
3257,8,[]
3270,19,[]
3300,12,[]
3319,20,[]
3351,10,[]
3367,21,[]
3400,11,[]
3418,20,[]
3450,9,[]
3465,19,[]
3495,7,[]
3504,19,[]
3527,11,[7, 8, 9, 10]
3541,19,[]
3564,7,[]
3573,18,[]
3595,11,[]
3609,20,[]
3633,8,[]
3643,22,[]
3674,11,[]
3688,21,[]
3717,9,[]
3728,22,[]
3759,61,[]
3844,16,[]
3870,8,[]
3883,18,[]
3912,6,[]
3922,19,[]
3952,10,[]
3968,26,[]
4009,9,[]
4024,22,[]
4059,6,[]
4069,19,[]
4098,7,[]
4109,18,[]
4136,6,[]
4145,23,[]
4180,5,[]
4186,22,[]
4216,7,[]
4225,21,[]
4253,9,[]
4264,22,[]
4294,5,[]
4300,23,[]
4331,9,[]
4342,15,[]
4360,7,[]
4369,16,[]
4388,9,[]
4399,15,[]
4417,50,[]
4484,10,[]
4499,8,[]
4511,17,[]
4537,6,[]
4546,14,[]
4567,7,[]
4578,26,[]
4617,17,[]
4643,9,[]
4657,17,[]
4683,6,[]
4692,23,[]
4727,4,[]
4733,20,[]
4763,9,[]
4777,20,[]
4804,9,[]
4815,24,[]
4847,10,[]
4859,17,[]
4882,9,[]
4893,22,[]
4923,9,[]
4934,16,[]
4953,6,[]
4960,20,[]
4987,7,[]
4996,17,[12, 13]
5016,5,[]
5022,46,[]
5084,4,[]
5090,19,[]
5119,21,[]
5151,6,[]
5160,12,[]
5178,6,[]
5187,13,[]
5207,10,[]
5222,19,[]
5251,22,[]
5284,12,[]
5302,14,[]
5323,17,[]
5349,21,[]
5381,7,[]
5392,6,[]
5399,23,[]
5430,11,[]
5443,25,[]
5477,13,[]
5493,15,[]
5511,25,[]
5545,14,[]
5562,25,[]
5592,22,[]
5622,16,[14]
5641,17,[]
5664,16,[]
5686,17,[]
5706,41,[]
5761,2,[]
5764,4,[]
5770,17,[]
5796,9,[]
5810,20,[]
5840,7,[]
5851,17,[]
5877,17,[]
5903,7,[]
5914,19,[]
5943,10,[]
5958,22,[]
5991,10,[]
6006,21,[]
6038,9,[]
6052,9,[]
6063,25,[]
6097,9,[2, 3, 4]
6108,24,[]
6140,20,[]
6164,6,[]
6171,22,[]
6197,6,[]
6204,25,[]
6238,8,[]
6248,27,[]
6284,4,[]
6289,9,[]
6300,26,[]
6331,31,[]
6373,12,[]
6391,23,[]
6426,4,[]
6432,19,[]
6461,6,[]
6470,23,[]
6505,14,[]
6526,24,[]
6562,22,[]
6595,19,[]
6624,12,[]
6642,13,[]
6662,22,[]
6695,12,[]
6713,23,[]
6748,13,[]
6764,4,[]
6769,18,[]
6793,18,[]
6817,18,[]
6841,17,[7, 8, 9]
6861,6,[]
6868,11,[]
6881,12,[]
6895,7,[]
6904,13,[]
6920,17,[]
6940,8,[]
6950,17,[]
0,28,[]
35,3,[]
40,16,[]
62,22,[]
92,10,[]
106,17,[]
130,18,[]
155,13,[]
173,18,[]
198,4,[]
204,20,[]
232,21,[]
261,14,[]
281,13,[]
299,11,[]
314,15,[]
335,20,[11]
358,16,[14, 15]
376,9,[2, 3]
387,3,[]
391,17,[]
411,15,[]
428,14,[]
444,17,[]
464,9,[]
475,14,[]
491,14,[]
507,13,[]
522,15,[]
539,7,[]
547,118,[]
694,8,[]
705,8,[]
716,11,[]
731,1,[]
733,13,[]
751,12,[]
768,11,[]
783,12,[]
800,12,[]
817,14,[]
837,12,[]
854,13,[]
872,10,[]
886,17,[]
910,14,[]
930,13,[]
945,10,[]
957,18,[]
978,9,[]
989,14,[]
1005,13,[]
1020,17,[]
1040,8,[2, 3]
1050,17,[]
1070,14,[]
1087,13,[]
1103,14,[7, 8]
1120,12,[]
1134,16,[]
1153,120,[]
1313,9,[0, 1, 2, 3, 4, 5]
1327,8,[]
1339,8,[]
1351,15,[]
1374,13,[]
1394,12,[]
1412,18,[]
1439,8,[]
1451,17,[]
1477,13,[]
1497,13,[]
1517,12,[]
1535,8,[]
1547,17,[]
1573,14,[]
1594,24,[]
1622,16,[]
1641,17,[]
1661,14,[]
1678,18,[]
1699,16,[]
1721,18,[]
1742,17,[]
1762,13,[]
1778,18,[9]
1799,15,[]
1817,15,[]
1835,18,[]
1856,16,[3, 4, 5, 6]
1875,124,[]
2040,11,[]
2057,9,[]
2071,10,[]
2086,17,[]
2112,11,[]
2129,13,[]
2149,15,[]
2172,15,[]
2195,17,[]
2221,17,[]
2247,10,[]
2262,17,[]
2288,7,[]
2299,14,[]
2320,15,[]
2343,16,[]
2362,16,[6]
2381,9,[]
2392,20,[]
2419,19,[10, 11, 12, 13, 14, 15, 16, 17, 18]
2442,12,[]
2456,14,[]
2473,9,[]
2484,19,[]
2507,16,[]
2526,17,[]
2546,13,[]
2562,9,[]
2573,18,[]
2594,131,[]
2769,5,[]
2777,4,[]
2783,12,[]
2801,14,[]
2822,14,[]
2843,13,[]
2863,12,[]
2881,9,[]
2895,15,[]
2918,17,[]
2944,15,[]
2967,12,[]
2985,16,[]
3009,17,[]
3035,14,[]
3056,13,[]
3072,7,[]
3081,17,[]
3103,13,[]
3120,18,[]
3147,16,[]
3171,13,[8, 9, 10, 11, 12]
3188,17,[]
3210,17,[]
3232,14,[]
3250,16,[]
3270,8,[]
3280,18,[]
3307,19,[]
3331,131,[]
3525,7,[]
3538,4,[]
3545,14,[]
3570,14,[]
3595,13,[]
3618,11,[]
3637,10,[]
3655,13,[]
3678,18,[]
3709,11,[]
3728,17,[]
3758,9,[]
3774,16,[]
3802,16,[]
3830,16,[]
3858,14,[]
3876,7,[]
3885,22,[]
3913,14,[]
3931,16,[]
3955,14,[]
3973,9,[]
3985,19,[]
4014,18,[]
4037,16,[]
4057,18,[]
4080,11,[]
4094,19,[]
4118,11,[]
4132,129,[]
4329,7,[]
4342,5,[]
4351,12,[]
4373,16,[]
4402,12,[]
4424,13,[]
4448,8,[]
4463,17,[]
4494,13,[]
4518,14,[]
4543,17,[]
4574,8,[]
4589,13,[]
4613,16,[]
4642,17,[]
4673,18,[]
4701,7,[]
4710,15,[]
4729,15,[]
4752,17,[]
4774,7,[3, 4, 5]
4783,20,[]
4809,17,[]
4831,15,[]
4850,13,[]
4867,14,[]
4885,8,[]
4896,13,[]
4913,19,[]
4937,127,[]
5131,1,[]
5133,6,[]
5144,9,[]
5160,10,[]
5178,11,[]
5197,7,[]
5210,12,[]
5231,11,[]
5250,11,[]
5269,15,[]
5295,7,[]
5308,19,[]
5341,14,[]
5366,12,[]
5387,14,[]
5412,5,[]
5419,14,[]
5437,16,[]
5457,15,[]
5476,17,[11, 12]
5498,9,[]
5510,17,[]
5532,14,[10]
5550,16,[]
5570,13,[9]
5587,8,[2]
5597,17,[]
5619,15,[]
5638,15,[]
5657,119,[]
5834,1,[]
5836,5,[]
5845,7,[]
5858,11,[]
5877,9,[]
5893,6,[]
5904,9,[]
5920,10,[]
5938,8,[]
5952,7,[]
5965,16,[]
5993,12,[]
6014,13,[]
6037,12,[]
6058,14,[]
6083,10,[]
6096,14,[]
6114,12,[]
6129,17,[]
6151,14,[]
6168,7,[]
6177,21,[]
6205,17,[]
6225,13,[8]
6240,20,[]
6266,9,[]
6277,19,[]
6299,18,[]
6320,15,[]
6338,121,[]
6495,1,[]
6497,6,[]
6506,5,[]
6514,11,[]
6530,7,[]
6541,11,[]
6557,11,[]
6573,11,[]
6589,11,[]
6605,6,[]
6614,13,[]
6633,14,[]
6654,12,[]
6672,18,[]
6698,8,[]
6710,18,[]
6734,13,[]
6749,15,[]
6767,8,[]
6777,21,[]
6802,17,[]
6822,14,[]
6839,12,[11]
6853,14,[]
6870,7,[]
6879,15,[9, 10, 11, 12, 13, 14]
6897,15,[]
6915,17,[]
6935,12,[]
0,18,[]
23,6,[]
32,12,[]
49,14,[]
69,13,[]
88,11,[]
104,11,[]
120,12,[]
137,12,[]
154,12,[]
171,17,[]
195,13,[]
214,12,[]
231,14,[]
251,15,[]
273,11,[]
289,13,[]
306,13,[]
323,14,[]
341,14,[]
357,18,[]
378,13,[]
393,14,[13]
409,15,[]
429,14,[]
447,12,[]
463,16,[]
484,14,[]
502,18,[]
525,12,[]
541,45,[]
599,7,[]
609,12,[]
626,12,[]
643,8,[]
655,13,[]
674,18,[]
700,15,[]
722,21,[]
752,18,[]
778,18,[]
804,16,[]
827,18,[]
853,16,[]
876,17,[]
900,14,[]
920,16,[]
941,21,[]
968,18,[]
991,18,[]
1014,14,[]
1032,16,[]
1051,22,[]
1077,15,[]
1095,14,[]
1112,15,[]
1130,18,[]
1152,14,[]
1169,16,[]
1188,19,[]
1211,44,[]
1263,11,[]
1277,21,[]
1304,16,[]
1325,17,[]
1347,16,[]
1368,16,[]
1389,16,[]
1410,18,[]
1433,17,[]
1455,19,[]
1480,18,[]
1503,23,[]
1533,18,[]
1556,16,[]
1577,21,[]
1604,16,[]
1623,16,[]
1642,22,[]
1668,17,[]
1689,16,[]
1707,15,[]
1724,16,[12]
1742,18,[17]
1762,15,[]
1779,15,[]
1796,16,[]
1814,15,[]
1831,23,[3, 4]
1857,19,[]
1878,54,[]
1942,11,[]
1956,14,[]
1974,16,[]
1995,16,[]
2016,18,[]
2043,19,[]
2074,18,[]
2104,19,[]
2136,16,[]
2163,15,[]
2188,23,[]
2227,22,[]
2264,15,[]
2289,15,[]
2314,14,[]
2338,13,[]
2354,14,[]
2375,15,[]
2397,23,[]
2431,15,[]
2453,15,[]
2475,13,[]
2494,17,[]
2519,13,[]
2538,13,[]
2557,15,[]
2579,16,[]
2603,12,[]
2618,15,[]
2637,42,[]
2698,8,[]
2712,11,[]
2731,12,[]
2751,12,[]
2771,11,[]
2790,11,[]
2809,13,[]
2831,12,[]
2851,10,[]
2868,13,[]
2890,12,[]
2910,11,[]
2929,11,[]
2948,11,[]
2967,14,[]
2991,13,[]
3007,11,[]
3021,12,[5]
3036,14,[]
3053,11,[8]
3067,13,[]
3083,13,[]
3102,14,[]
3122,13,[]
3141,13,[]
3160,11,[]
3176,13,[]
3195,12,[]
3212,14,[]
3232,43,[]
3293,9,[]
3308,13,[]
3329,13,[]
3350,14,[]
3373,12,[]
3393,17,[]
3421,17,[]
3449,15,[]
3474,15,[]
3499,13,[]
3520,14,[]
3543,15,[]
3568,20,[]
3601,18,[]
3630,14,[]
3653,13,[]
3669,14,[]
3686,18,[]
3708,15,[7]
3726,14,[]
3743,13,[]
3762,16,[]
3785,18,[]
3811,14,[]
3831,15,[]
3852,14,[]
3872,12,[]
3889,13,[]
3908,12,[]
3925,42,[]
3984,10,[]
4001,13,[]
4022,12,[]
4041,14,[]
4062,14,[]
4083,12,[]
4101,14,[]
4122,15,[]
4144,14,[]
4165,20,[]
4195,14,[]
4216,14,[]
4237,13,[]
4257,16,[]
4281,15,[]
4303,16,[7, 8, 9, 10, 11, 12, 13]
4322,21,[]
4347,16,[]
4366,13,[]
4382,17,[]
4402,17,[]
4422,18,[]
4443,16,[]
4462,16,[]
4481,11,[]
4494,14,[]
4511,11,[3, 4]
4524,14,[]
4541,16,[]
4560,58,[]
4636,8,[]
4648,11,[]
4665,11,[]
4682,13,[]
4702,11,[]
4719,11,[]
4736,14,[]
4757,16,[6, 7, 8, 9, 10, 11, 12, 13, 14, 15]
4781,13,[]
4801,13,[]
4821,11,[]
4838,13,[]
4858,13,[]
4878,13,[]
4898,13,[]
4918,15,[]
4936,15,[]
4954,15,[]
4972,13,[]
4988,15,[]
5006,13,[]
5022,13,[]
5038,14,[]
5055,14,[]
5073,13,[]
5090,13,[]
5107,13,[]
5124,17,[]
5146,14,[]
5164,53,[]
5243,10,[]
5261,12,[]
5282,15,[]
5309,16,[]
5337,14,[]
5362,18,[]
5394,16,[]
5422,21,[]
5459,14,[]
5484,14,[]
5509,16,[]
5537,19,[]
5570,15,[]
5597,17,[]
5627,13,[]
5650,14,[]
5668,21,[]
5695,17,[]
5717,18,[]
5740,16,[]
5764,21,[]
5796,17,[]
5822,14,[]
5843,17,[]
5869,13,[]
5889,19,[]
5918,12,[]
5936,13,[]
5956,12,[]
5974,46,[]
6043,11,[]
6061,12,[]
6080,14,[]
6101,20,[]
6131,15,[]
6153,6,[]
6162,19,[]
6190,23,[]
6224,16,[]
6248,7,[]
6259,19,[]
6287,16,[]
6311,17,[]
6336,10,[]
6351,21,[]
6382,9,[]
6393,15,[]
6413,15,[]
6433,17,[]
6456,15,[0, 1, 2, 3, 4, 5]
6476,14,[]
6495,8,[]
6505,20,[]
6532,4,[]
6537,20,[]
6564,10,[]
6576,27,[]
6612,4,[]
6617,19,[]
0,43,[]
62,12,[]
82,13,[]
104,17,[]
133,14,[]
157,15,[]
182,14,[]
206,14,[]
230,16,[]
257,15,[]
282,15,[]
307,12,[]
327,14,[]
351,14,[]
375,17,[]
404,19,[]
436,18,[]
462,16,[]
486,14,[]
504,15,[]
523,15,[]
542,19,[]
566,22,[5]
593,21,[]
619,22,[]
651,26,[]
689,23,[]
723,20,[]
752,23,[]
786,21,[]
817,75,[]
925,18,[]
955,20,[]
989,20,[]
1023,10,[]
1041,14,[]
1066,19,[]
1099,17,[]
1129,18,[]
1161,14,[]
1186,18,[]
1218,17,[]
1248,17,[]
1278,17,[]
1308,16,[]
1336,18,[]
1368,16,[]
1392,16,[14]
1412,12,[]
1427,15,[]
1446,17,[]
1472,14,[]
1490,14,[]
1508,16,[]
1528,18,[]
1555,18,[]
1582,16,[]
1602,13,[4, 5, 6, 7, 8]
1619,17,[]
1645,13,[]
1665,65,[]
1762,9,[]
1778,14,[]
1803,12,[]
1824,12,[]
1845,13,[]
1868,11,[]
1888,12,[]
1909,14,[]
1934,11,[]
1954,12,[]
1975,15,[]
2002,13,[]
2025,10,[]
2042,14,[]
2066,12,[]
2086,13,[]
2102,13,[]
2118,15,[1, 2, 3, 4, 5, 6, 7, 8, 9, 10]
2140,14,[]
2161,13,[]
2177,12,[]
2192,13,[]
2208,13,[]
2224,13,[]
2240,15,[]
2262,15,[]
2284,12,[]
2299,13,[]
2315,15,[]
2334,59,[]
2419,9,[]
2434,9,[]
2449,15,[]
2474,13,[]
2496,15,[]
2521,13,[]
2543,13,[]
2565,12,[]
2585,12,[]
2605,15,[]
2630,13,[]
2652,15,[]
2677,14,[]
2701,14,[]
2725,12,[]
2745,17,[14, 15, 16]
2766,17,[]
2791,15,[]
2810,13,[]
2826,14,[]
2847,14,[]
2868,14,[]
2886,13,[]
2902,16,[]
2922,16,[]
2942,15,[]
2961,13,[]
2977,15,[]
2996,16,[]
3020,63,[]
3111,8,[]
3125,10,[]
3142,13,[]
3164,13,[]
3186,12,[]
3206,12,[]
3226,13,[]
3248,15,[]
3273,14,[]
3297,14,[]
3321,17,[]
3350,16,[]
3377,17,[]
3406,13,[]
3428,15,[]
3453,15,[]
3472,14,[]
3493,16,[]
3517,13,[]
3533,16,[]
3553,14,[]
3571,16,[]
3591,14,[]
3609,14,[]
3627,16,[]
3647,19,[]
3675,17,[]
3700,14,[]
3718,13,[]
3734,64,[]
3827,7,[]
3839,12,[]
3859,12,[]
3879,13,[]
3901,12,[]
3921,14,[]
3945,13,[]
3967,12,[]
3987,12,[]
4007,13,[]
4029,14,[]
4053,14,[]
4077,12,[]
4097,14,[]
4121,14,[]
4144,13,[]
4162,14,[]
4182,14,[]
4202,13,[]
4220,14,[]
4240,13,[]
4256,12,[]
4271,13,[]
4287,12,[]
4302,18,[]
4324,14,[]
4341,13,[]
4357,14,[]
4374,10,[]
4386,76,[]
4490,4,[]
4497,7,[]
4508,9,[]
4522,11,[]
4539,11,[]
4556,11,[]
4573,12,[]
4592,12,[]
4611,13,[]
4632,12,[]
4651,11,[]
4668,11,[]
4685,21,[]
4718,20,[]
4749,16,[]
4774,17,[]
4798,14,[]
4818,13,[]
4836,16,[]
4858,18,[8, 9, 10, 11, 12, 13, 14, 15]
4883,20,[]
4911,17,[]
4935,16,[]
4957,14,[]
4977,16,[]
4999,21,[]
5028,14,[]
5045,19,[]
5071,18,[]
5096,50,[]
5164,11,[]
5181,11,[]
5198,14,[]
5220,15,[]
5244,12,[]
5263,13,[]
5284,15,[]
5308,15,[]
5332,13,[]
5353,12,[]
5372,13,[]
5393,15,[]
5417,15,[]
5441,9,[]
5455,14,[]
5477,17,[]
5498,11,[]
5511,9,[]
5522,12,[]
5537,13,[]
5553,13,[]
5569,13,[]
5585,13,[]
5601,10,[]
5613,11,[]
5626,11,[]
5639,13,[]
5655,9,[]
5666,9,[]
5677,77,[]
5782,4,[]
5789,8,[]
5802,10,[]
5818,13,[]
5839,13,[]
5860,13,[]
5881,10,[]
5897,11,[]
5914,11,[]
5931,13,[]
5952,14,[]
5974,14,[]
5996,11,[2, 3, 4, 5, 6, 7, 8, 9, 10]
6013,14,[]
6035,16,[]
6060,15,[]
6078,15,[]
6096,14,[]
6113,14,[]
6130,16,[]
6149,17,[]
6173,15,[]
6195,15,[]
6218,16,[]
6238,15,[]
6257,13,[]
6274,16,[]
6294,16,[]
6314,15,[]
6333,69,[]
6436,9,[]
6452,16,[]
6480,15,[]
6507,15,[]
6534,15,[]
6561,18,[]
6593,17,[]
6623,15,[]
6650,13,[]
6673,16,[]
6701,15,[]
6728,13,[]
6751,18,[]
6783,16,[]
6811,16,[]
6839,14,[]
6857,16,[]
6877,16,[]
6897,15,[]
6916,18,[14, 15, 16, 17]
6939,15,[]
6962,13,[]
6979,11,[]
6993,14,[]
7011,17,[]
7033,14,[]
7051,12,[]
7066,16,[]
7086,16,[]
0,28,[]
36,6,[]
45,8,[]
57,9,[]
70,10,[]
85,9,[]
98,13,[]
117,15,[0, 1, 2, 3, 4, 5, 6, 7, 8, 9, 10]
139,19,[]
166,12,[]
183,11,[]
199,11,[]
215,14,[]
235,12,[]
252,11,[]
268,11,[]
284,11,[]
297,11,[]
310,9,[]
321,12,[]
335,11,[]
348,11,[]
361,10,[]
373,9,[]
384,8,[]
394,10,[]
406,10,[]
418,17,[]
438,18,[]
459,13,[]
474,62,[]
553,8,[]
565,10,[]
580,11,[]
596,8,[]
608,10,[]
623,14,[]
643,12,[]
660,16,[]
683,13,[]
702,15,[]
724,13,[]
743,12,[]
760,13,[]
779,12,[]
796,12,[]
813,14,[]
829,13,[]
844,12,[]
858,13,[]
873,12,[]
887,14,[]
903,14,[]
919,15,[]
937,16,[]
956,12,[]
970,14,[]
986,14,[]
1002,14,[9, 10, 11]
1019,15,[]
1037,64,[]
1130,11,[]
1149,13,[]
1171,12,[]
1191,15,[]
1216,12,[]
1236,14,[]
1260,13,[]
1282,15,[]
1307,13,[]
1329,15,[]
1354,14,[]
1378,13,[]
1400,16,[]
1427,14,[]
1451,14,[]
1475,17,[]
1500,14,[]
1521,15,[]
1543,14,[]
1564,14,[]
1585,14,[]
1606,15,[]
1628,19,[]
1656,16,[]
1680,17,[]
1705,17,[]
1730,16,[]
1754,17,[]
1779,18,[]
1805,56,[]
1886,13,[]
1908,14,[]
1932,15,[]
1957,17,[]
1986,14,[]
2010,16,[]
2036,14,[]
2058,18,[]
2086,16,[]
2111,14,[]
2133,17,[]
2160,15,[]
2184,14,[]
2206,14,[]
2228,14,[]
2250,13,[]
2268,14,[]
2288,15,[]
2309,13,[]
2327,24,[]
2360,16,[]
2382,14,[]
2402,14,[]
2422,14,[]
2442,18,[]
2467,17,[]
2491,14,[]
2511,18,[]
2536,14,[]
2556,52,[]
2627,13,[]
2648,10,[]
2664,14,[]
2686,16,[]
2711,17,[]
2738,15,[]
2762,12,[]
2781,15,[]
2805,13,[]
2826,16,[]
2851,12,[]
2870,16,[]
2895,18,[]
2923,15,[]
2947,13,[]
2968,17,[]
2989,15,[]
3007,15,[]
3025,13,[]
3041,17,[]
3062,14,[]
3079,14,[12, 13]
3096,14,[]
3113,14,[]
3130,14,[]
3150,14,[]
3170,15,[]
3191,15,[]
3212,14,[]
3232,58,[]
3311,11,[]
3328,11,[]
3345,12,[]
3364,12,[]
3383,13,[]
3404,15,[]
3428,14,[]
3450,14,[]
3472,14,[]
3494,14,[]
3516,14,[]
3538,14,[]
3560,14,[]
3582,14,[]
3604,14,[]
3626,14,[]
3643,14,[8, 9, 10, 11, 12, 13]
3660,14,[]
3677,14,[]
3694,13,[]
3710,13,[]
3726,12,[]
3741,14,[]
3758,17,[]
3779,13,[]
3795,16,[]
3814,14,[]
3831,14,[]
3848,17,[]
3869,64,[]
3957,11,[]
3974,14,[]
3996,13,[]
4017,14,[]
4039,12,[]
4057,15,[]
4079,14,[0, 1, 2, 3, 4, 5, 6, 7, 8, 9]
4100,12,[]
4118,12,[]
4136,16,[]
4160,13,[]
4180,13,[]
4200,15,[]
4222,14,[]
4243,14,[]
4264,14,[]
4281,14,[]
4298,15,[]
4316,15,[]
4334,15,[]
4352,15,[]
4370,15,[]
4388,13,[]
4404,15,[]
4422,13,[]
4438,14,[]
4455,16,[]
4474,15,[12]
4492,14,[]
4509,72,[]
4604,8,[]
4616,22,[]
4649,19,[]
4677,15,[]
4699,15,[]
4721,18,[]
4748,17,[]
4773,15,[]
4795,17,[]
4820,17,[]
4845,17,[]
4870,14,[]
4891,15,[]
4913,18,[]
4940,17,[]
4965,14,[]
4982,18,[]
5003,16,[]
5022,16,[]
5041,17,[]
5062,17,[]
5083,16,[]
5103,18,[]
5126,15,[]
5145,18,[]
5168,15,[]
5187,16,[]
5207,18,[12, 13, 14, 15, 16, 17]
5230,14,[]
5248,63,[]
5342,12,[]
5363,11,[]
5383,14,[]
5408,14,[]
5433,13,[]
5456,15,[]
5483,16,[]
5511,15,[]
5538,15,[]
5565,15,[]
5592,15,[]
5619,16,[]
5647,12,[]
5668,17,[]
5698,16,[]
5726,14,[]
5744,16,[]
5764,16,[]
5784,15,[]
5803,14,[]
5821,16,[]
5841,16,[]
5861,14,[]
5879,16,[]
5899,12,[10, 11]
5914,14,[]
5932,17,[]
5954,14,[]
5972,16,[5]
5992,71,[]
6098,10,[]
6116,12,[]
6137,13,[]
6160,12,[]
6181,16,[]
6209,11,[]
6229,17,[]
6259,12,[]
6280,13,[]
6303,12,[]
6324,14,[]
6349,17,[]
6379,15,[]
6406,13,[]
6429,15,[]
6456,13,[]
6473,15,[]
6492,13,[]
6509,13,[]
6526,15,[]
6545,13,[4, 5, 6, 7]
6562,15,[]
6581,13,[]
6598,15,[]
6617,13,[]
6634,13,[]
6654,15,[]
6677,12,[]
6695,13,[]
0,29,[]
42,3,[]
47,9,[]
62,14,[]
86,15,[]
111,14,[]
135,15,[]
160,9,[]
175,14,[]
199,13,[]
221,15,[]
246,11,[]
265,13,[]
287,12,[]
307,17,[]
336,15,[]
361,17,[]
382,13,[]
398,25,[20, 21]
429,21,[]
455,25,[]
486,21,[]
512,23,[]
541,16,[]
561,15,[]
580,16,[]
600,18,[]
622,16,[]
642,19,[]
670,18,[]
696,86,[]
820,13,[]
842,15,[]
867,18,[]
897,13,[]
919,24,[]
959,22,[]
996,21,[]
1031,21,[]
1066,22,[]
1103,19,[]
1135,21,[]
1170,20,[]
1204,17,[]
1233,23,[]
1272,19,[]
1304,22,[]
1336,18,[]
1362,19,[]
1390,20,[]
1419,21,[]
1450,19,[]
1478,18,[]
1504,19,[]
1532,20,[]
1561,19,[]
1589,18,[]
1611,18,[]
1637,19,[]
1661,17,[]
1682,82,[]
1801,9,[]
1816,10,[]
1833,15,[]
1858,16,[]
1885,25,[]
1927,18,[]
1957,19,[]
1989,17,[]
2018,18,[]
2048,16,[]
2073,18,[]
2100,17,[]
2124,15,[]
2146,20,[]
2175,15,[]
2197,14,[]
2213,15,[11, 12]
2231,15,[]
2249,14,[]
2265,15,[6, 7, 8, 9]
2283,12,[2]
2297,17,[]
2317,17,[]
2337,16,[]
2356,13,[]
2371,13,[8, 9]
2386,12,[]
2400,17,[]
2420,14,[]
2436,71,[]
2527,7,[]
2537,9,[]
2550,10,[]
2565,13,[]
2584,13,[]
2603,15,[]
2625,13,[]
2644,15,[]
2666,12,[]
2683,15,[]
2705,11,[]
2721,13,[]
2740,13,[]
2759,14,[]
2779,13,[]
2798,13,[2, 3, 4]
2813,12,[]
2827,13,[]
2842,12,[]
2856,14,[]
2872,11,[]
2885,13,[]
2900,13,[]
2915,15,[10, 11]
2933,13,[]
2948,14,[]
2966,12,[5]
2980,14,[]
2996,11,[]
3009,71,[]
3100,7,[]
3112,10,[]
3129,10,[]
3147,11,[]
3167,18,[]
3199,12,[]
3220,14,[]
3245,16,[]
3273,13,[]
3296,14,[]
3321,13,[]
3344,14,[]
3369,13,[]
3392,14,[]
3417,13,[]
3440,13,[]
3457,13,[]
3474,12,[]
3489,13,[]
3506,13,[]
3523,12,[]
3538,15,[8, 9, 10, 11, 12, 13, 14]
3557,12,[]
3572,14,[]
3590,13,[]
3607,15,[]
3626,14,[]
3644,17,[]
3666,14,[]
3684,81,[]
3805,8,[]
3819,10,[]
3837,10,[]
3855,14,[]
3880,15,[]
3907,16,[]
3935,14,[]
3960,17,[]
3990,15,[]
4017,15,[]
4044,15,[]
4071,16,[]
4099,15,[]
4126,17,[]
4154,15,[]
4178,16,[]
4197,15,[]
4215,17,[]
4236,16,[]
4255,15,[13, 14]
4273,15,[]
4291,16,[]
4310,14,[]
4327,14,[]
4344,12,[]
4359,17,[10, 11]
4380,14,[]
4397,16,[]
4416,13,[]
4432,81,[]
4543,9,[]
4557,12,[]
4576,14,[]
4598,15,[]
4622,20,[]
4653,18,[]
4681,17,[]
4708,19,[]
4738,16,[]
4763,17,[]
4790,17,[]
4817,17,[]
4844,15,[]
4868,17,[]
4895,18,[]
4923,18,[]
4948,16,[]
4970,17,[]
4994,15,[]
5015,15,[]
5033,16,[]
5055,15,[0, 1, 2, 3, 4, 5, 6]
5076,16,[]
5098,17,[]
5122,17,[]
5146,15,[]
5168,14,[]
5186,13,[]
5203,15,[]
5222,73,[]
5331,6,[]
5342,9,[]
5358,9,[]
5374,13,[]
5397,14,[]
5422,14,[]
5447,12,[]
5468,15,[]
5495,10,[]
5513,13,[]
5536,12,[]
5557,14,[]
5582,12,[]
5603,13,[]
5626,13,[]
5649,15,[]
5668,14,[]
5686,14,[]
5704,12,[]
5719,15,[]
5738,13,[]
5755,18,[]
5778,16,[]
5798,14,[]
5816,16,[]
5836,14,[]
5854,15,[]
5873,15,[]
5892,13,[]
5909,74,[]
6020,5,[]
6029,7,[]
6042,8,[]
6056,12,[]
6077,15,[]
6104,14,[]
6129,12,[]
6150,12,[]
6171,14,[]
6196,13,[]
6219,11,[]
6239,13,[]
6262,13,[]
6285,16,[]
6313,13,[]
6336,15,[]
6355,13,[]
6372,15,[]
6391,13,[9, 10, 11, 12]
6408,15,[]
6427,14,[]
6445,13,[]
6462,16,[]
6482,15,[]
6501,13,[]
6518,17,[15, 16]
6540,16,[]
6560,18,[]
6583,15,[]
6602,84,[]
6728,5,[]
6737,8,[]
6751,10,[]
6769,13,[]
6792,16,[]
6820,9,[]
6836,12,[]
6857,11,[]
6877,12,[]
6898,14,[]
6923,14,[]
6948,14,[]
6973,13,[]
6996,13,[]
7019,14,[]
7044,17,[]
7066,14,[]
7084,16,[]
7104,14,[4, 5]
7122,15,[]
7141,13,[]
7158,13,[]
7174,13,[]
7190,16,[]
7210,14,[]
7227,14,[]
7244,12,[]
7259,15,[]
7280,13,[]
0,33,[]
42,3,[]
47,6,[]
56,11,[]
72,11,[]
88,14,[]
108,13,[]
127,12,[]
144,11,[]
160,14,[]
180,16,[]
203,9,[]
216,9,[]
229,9,[]
242,10,[]
257,16,[]
280,18,[]
301,17,[]
321,18,[]
342,17,[]
362,14,[2, 3, 4, 5, 6, 7, 8]
378,16,[]
397,16,[]
416,18,[]
437,20,[]
460,21,[]
484,15,[]
502,15,[]
520,17,[]
542,17,[]
564,77,[]
662,15,[]
684,11,[]
700,15,[]
722,9,[]
735,15,[]
757,17,[]
781,16,[]
804,16,[]
827,14,[]
847,16,[]
870,17,[]
894,18,[]
920,18,[]
946,18,[]
972,18,[]
998,19,[]
1023,19,[]
1050,19,[]
1078,18,[]
1105,16,[]
1129,19,[]
1158,14,[]
1179,17,[]
1205,15,[]
1228,17,[]
1254,16,[]
1278,15,[]
1297,18,[5, 6]
1320,15,[]
1339,75,[]
1451,7,[]
1464,12,[]
1485,12,[]
1506,17,[]
1536,15,[]
1563,13,[]
1586,12,[]
1607,13,[]
1630,12,[]
1651,14,[]
1676,15,[]
1703,16,[]
1731,13,[]
1754,12,[]
1775,12,[]
1796,11,[]
1810,10,[]
1823,13,[]
1840,10,[]
1853,14,[]
1871,13,[]
1888,11,[]
1902,11,[8, 9]
1916,12,[]
1931,14,[]
1949,15,[]
1968,16,[]
1988,17,[]
2010,13,[]
2027,91,[]
2151,4,[]
2157,7,[]
2167,11,[]
2183,14,[]
2203,14,[]
2223,18,[]
2249,17,[]
2273,18,[]
2299,17,[]
2323,16,[]
2346,15,[]
2368,15,[]
2390,15,[]
2412,15,[]
2434,15,[]
2456,15,[]
2476,18,[]
2499,16,[]
2520,16,[]
2541,15,[]
2561,16,[]
2582,17,[]
2604,19,[]
2629,18,[]
2652,19,[]
2677,17,[]
2699,15,[]
2719,16,[]
2740,17,[3, 4, 5, 6, 7]
2760,59,[]
2835,6,[]
2844,10,[]
2859,13,[]
2878,16,[]
2901,14,[]
2921,15,[]
2943,14,[]
2963,16,[]
2986,12,[]
3003,15,[]
3025,16,[]
3048,16,[]
3072,17,[]
3097,15,[]
3119,16,[]
3143,16,[]
3164,14,[]
3183,16,[]
3204,16,[]
3225,18,[]
3249,16,[]
3270,17,[]
3293,17,[]
3316,18,[]
3340,17,[]
3363,14,[]
3382,13,[]
3398,18,[]
3419,14,[]
3436,57,[]
3511,9,[]
3525,12,[]
3543,12,[]
3561,13,[]
3581,15,[]
3603,15,[]
3625,15,[]
3647,16,[0, 1, 2, 3, 4, 5, 6, 7, 8]
3671,14,[]
3692,15,[]
3714,13,[]
3734,16,[]
3758,14,[]
3779,15,[]
3801,13,[]
3821,15,[]
3839,17,[]
3859,17,[]
3879,14,[]
3896,17,[]
3919,15,[]
3939,17,[]
3962,18,[]
3986,17,[]
4009,19,[]
4034,16,[]
4055,14,[]
4075,14,[]
4095,15,[]
4116,40,[]
4172,14,[]
4195,12,[]
4215,14,[]
4238,14,[]
4261,15,[]
4286,15,[]
4311,13,[]
4332,13,[]
4353,15,[]
4378,13,[]
4399,13,[]
4420,17,[]
4448,17,[]
4476,14,[]
4499,13,[]
4520,19,[]
4547,15,[]
4568,15,[7, 8, 9, 10, 11, 12, 13, 14]
4589,14,[]
4609,18,[]
4635,13,[]
4654,14,[]
4674,17,[]
4698,15,[]
4719,13,[]
4738,15,[]
4759,14,[]
4779,14,[]
4799,14,[]
4819,64,[]
4909,8,[]
4922,11,[]
4940,9,[]
4955,11,[]
4973,9,[]
4988,12,[]
5008,11,[]
5026,10,[]
5043,12,[]
5063,14,[]
5087,12,[]
5107,13,[]
5129,13,[]
5151,14,[]
5175,12,[]
5195,15,[]
5214,11,[]
5228,13,[]
5247,13,[]
5266,15,[]
5288,14,[]
5309,18,[]
5335,16,[]
5359,17,[]
5384,16,[]
5408,15,[]
5430,15,[]
5452,17,[]
5477,13,[]
5496,73,[]
5602,8,[]
5616,12,[]
5636,12,[]
5656,15,[]
5681,15,[]
5706,15,[]
5731,11,[]
5750,15,[]
5775,14,[]
5799,15,[]
5824,15,[]
5849,13,[]
5871,14,[]
5895,14,[]
5919,14,[]
5943,18,[]
5965,15,[]
5984,14,[]
6002,15,[]
6021,18,[7, 8, 9, 10, 11, 12, 13, 14, 15, 16, 17]
6043,16,[]
6067,13,[]
6086,14,[]
6107,15,[]
6129,14,[]
6150,14,[]
6171,15,[]
6193,14,[]
6214,14,[]
6235,64,[]
6328,10,[]
6345,12,[]
6365,14,[]
6389,15,[]
6414,13,[]
6436,13,[]
6458,14,[]
6482,16,[]
6509,15,[]
6534,15,[]
6559,15,[]
6584,16,[]
6611,14,[]
6635,16,[]
6662,16,[]
6689,17,[]
6714,14,[]
6735,13,[]
6754,14,[]
6775,15,[]
6797,17,[]
6822,17,[]
6847,16,[]
6871,17,[]
6896,17,[]
6921,17,[]
6946,17,[]
6971,18,[]
6997,17,[]
0,44,[]
60,8,[]
73,14,[]
95,14,[]
117,8,[]
130,17,[]
157,16,[]
182,15,[]
206,17,[]
233,16,[]
258,7,[]
269,15,[]
293,18,[]
321,16,[]
346,7,[]
357,15,[]
381,17,[]
402,15,[]
420,17,[14]
441,12,[]
456,20,[]
480,18,[]
502,20,[]
526,9,[2]
537,23,[13, 14, 15, 16, 17, 18, 19, 20, 21]
565,9,[]
576,17,[]
597,17,[]
618,19,[]
641,10,[]
653,122,[]
819,16,[]
844,18,[]
872,18,[]
900,9,[]
914,9,[]
928,16,[]
953,16,[]
978,17,[]
1005,9,[]
1019,17,[]
1046,19,[]
1076,19,[]
1106,19,[]
1136,11,[]
1153,22,[]
1187,19,[]
1213,17,[]
1237,17,[6, 7, 8, 9, 10, 11, 12]
1258,16,[]
1277,12,[]
1292,16,[]
1311,21,[]
1336,22,[]
1366,5,[]
1372,16,[]
1391,18,[]
1413,18,[]
1435,19,[]
1458,15,[]
1476,83,[]
1589,10,[2, 3, 4, 5, 6, 7, 8, 9]
1605,14,[]
1627,15,[]
1651,9,[]
1665,17,[]
1692,16,[]
1717,16,[]
1742,14,[]
1764,15,[]
1788,12,[]
1807,13,[]
1828,14,[]
1850,16,[]
1875,11,[]
1892,14,[]
1914,16,[]
1933,13,[]
1949,15,[4, 5, 6, 7, 8, 9]
1967,11,[]
1980,16,[]
1999,14,[]
2016,16,[]
2036,12,[]
2051,16,[]
2071,13,[]
2087,14,[]
2105,14,[]
2123,15,[]
2142,11,[]
2156,91,[]
2288,8,[]
2302,11,[]
2321,9,[]
2336,11,[]
2355,14,[]
2379,13,[]
2401,14,[]
2425,14,[]
2449,12,[]
2469,14,[]
2493,15,[]
2518,15,[]
2543,13,[]
2565,10,[]
2582,14,[]
2606,14,[]
2624,14,[]
2642,13,[]
2658,16,[]
2678,9,[]
2689,15,[]
2708,13,[]
2724,17,[]
2745,9,[]
2756,15,[]
2775,15,[]
2794,13,[]
2810,14,[]
2828,13,[]
2844,105,[]
2996,6,[]
3006,10,[]
3023,13,[]
3046,6,[]
3057,12,[]
3078,16,[]
3106,11,[]
3126,17,[]
3156,14,[]
3181,13,[]
3204,13,[]
3227,29,[]
3278,22,[]
3317,8,[]
3331,19,[]
3364,18,[]
3387,16,[]
3407,20,[]
3432,6,[]
3440,17,[]
3462,19,[]
3491,18,[]
3518,18,[]
3545,18,[]
3572,9,[3]
3584,19,[]
3613,19,[]
3642,17,[]
3668,9,[]
3680,68,[]
3782,14,[]
3807,15,[]
3834,16,[]
3862,16,[]
3890,10,[]
3908,16,[]
3936,17,[]
3966,18,[]
3998,11,[]
4018,19,[]
4051,17,[]
4080,20,[]
4113,16,[]
4139,8,[]
4152,18,[]
4181,21,[]
4207,17,[]
4228,18,[]
4250,18,[9]
4272,9,[]
4283,17,[15, 16]
4304,16,[]
4324,18,[]
4346,7,[]
4355,19,[18]
4378,15,[]
4396,17,[]
4417,15,[6, 7, 8, 9, 10, 11, 12]
4435,19,[]
4458,81,[]
4572,5,[]
4581,9,[]
4596,11,[]
4614,9,[]
4629,13,[]
4650,14,[]
4673,11,[]
4691,14,[]
4714,14,[]
4737,8,[]
4750,15,[]
4775,15,[]
4800,14,[]
4823,7,[]
4835,15,[]
4860,14,[]
4877,12,[]
4892,15,[]
4910,12,[]
4925,18,[]
4947,13,[]
4963,14,[]
4980,13,[]
4996,16,[]
5016,12,[]
5031,14,[]
5048,16,[]
5068,18,[]
5090,7,[]
5099,85,[]
5222,8,[]
5236,11,[]
5255,11,[]
5274,13,[]
5296,10,[]
5313,13,[]
5335,14,[]
5359,16,[]
5386,11,[]
5405,13,[]
5427,15,[]
5452,15,[]
5477,13,[]
5499,17,[]
5528,7,[]
5540,17,[]
5561,17,[]
5582,13,[]
5598,20,[]
5623,8,[]
5633,17,[]
5654,11,[]
5668,16,[]
5688,9,[]
5699,14,[]
5717,13,[]
5733,16,[]
5753,12,[]
5768,17,[11]
5789,95,[]
5926,5,[]
5935,9,[]
5950,11,[]
5969,10,[]
5986,12,[]
6006,16,[]
6033,12,[]
6053,17,[]
6082,16,[]
6109,7,[]
6121,12,[]
6141,16,[]
6168,13,[]
6190,10,[]
6207,11,[]
6226,16,[]
6246,13,[]
6262,18,[12, 13, 14, 15, 16, 17]
6284,6,[]
6292,19,[]
6316,13,[]
6332,19,[]
6356,15,[]
6375,17,[]
6396,8,[]
6406,18,[]
6428,12,[]
6443,14,[]
6461,9,[]
6472,98,[]
6614,6,[]
6624,10,[]
6641,11,[]
6660,10,[]
6677,12,[]
6697,14,[]
6721,14,[]
6745,17,[]
6774,7,[]
6786,17,[]
6815,14,[]
6839,17,[]
6868,13,[]
6890,15,[]
6915,9,[]
6930,18,[7]
6952,17,[]
6973,20,[]
6998,16,[5]
7018,8,[]
7028,20,[]
7053,17,[]
7074,20,[]
7103,8,[]
7113,18,[15]
7136,19,[]
7160,14,[]
7181,16,[]
7201,10,[]
0,33,[]
42,7,[]
52,13,[]
71,15,[]
93,17,[]
117,16,[]
140,24,[]
174,17,[]
198,15,[]
220,11,[]
236,16,[]
259,16,[]
282,17,[]
306,12,[]
323,13,[]
342,14,[]
362,16,[]
381,14,[]
397,14,[8]
413,12,[]
427,13,[]
442,12,[6, 7, 8, 9, 10, 11]
456,19,[3]
478,16,[]
497,18,[]
518,18,[]
539,13,[]
554,13,[]
569,17,[]
589,15,[]
607,82,[]
712,15,[]
734,11,[]
750,6,[]
759,8,[]
771,8,[]
783,15,[]
805,10,[]
820,15,[]
842,14,[]
862,16,[]
885,14,[]
905,16,[]
928,17,[]
952,17,[]
976,7,[]
986,18,[17]
1007,21,[]
1037,18,[]
1059,18,[]
1086,18,[]
1113,19,[]
1142,20,[]
1172,18,[]
1199,20,[]
1229,18,[]
1256,17,[]
1282,11,[]
1296,23,[]
1331,12,[]
1346,67,[]
1446,11,[]
1466,16,[]
1494,14,[]
1519,15,[]
1546,15,[]
1573,18,[]
1605,18,[]
1637,20,[]
1672,12,[]
1693,22,[]
1732,15,[]
1759,15,[]
1786,17,[]
1816,17,[]
1846,14,[]
1871,15,[]
1890,16,[]
1910,17,[]
1932,16,[]
1952,17,[]
1974,12,[]
1989,17,[]
2011,16,[]
2031,17,[]
2053,14,[]
2071,17,[]
2093,16,[7]
2113,18,[]
2136,13,[9]
2153,68,[]
2255,8,[]
2269,14,[]
2294,6,[]
2305,15,[]
2332,15,[]
2359,17,[]
2389,14,[]
2414,18,[]
2446,15,[]
2473,14,[]
2498,14,[]
2523,15,[]
2550,15,[]
2577,16,[]
2605,11,[]
2625,21,[]
2657,17,[]
2679,23,[]
2708,15,[7]
2727,16,[11, 12, 13, 14]
2747,13,[]
2764,14,[]
2782,15,[]
2801,16,[]
2821,13,[]
2838,16,[]
2858,12,[]
2873,17,[11, 12, 13, 14, 15, 16]
2895,18,[]
2918,69,[]
3021,9,[]
3036,14,[]
3058,14,[]
3080,17,[]
3107,15,[]
3131,15,[]
3155,17,[]
3182,18,[]
3210,11,[]
3227,19,[]
3257,9,[]
3271,23,[]
3307,15,[]
3331,16,[]
3356,15,[]
3380,17,[10, 11]
3401,16,[]
3420,17,[]
3441,17,[]
3465,19,[]
3491,12,[]
3506,21,[]
3535,19,[]
3561,19,[]
3587,19,[]
3613,20,[]
3641,18,[]
3666,18,[]
3691,18,[]
3716,63,[]
3802,10,[]
3818,13,[]
3839,6,[]
3849,17,[]
3876,14,[]
3898,16,[]
3923,17,[]
3950,16,[]
3975,14,[]
3997,15,[]
4021,15,[]
4045,16,[]
4069,15,[]
4091,15,[]
4113,13,[]
4132,18,[10, 11, 12, 13, 14, 15, 16, 17]
4153,17,[]
4173,13,[]
4188,17,[]
4208,14,[]
4224,14,[]
4240,14,[]
4256,13,[]
4271,13,[]
4286,12,[]
4300,12,[]
4314,15,[]
4332,14,[]
4348,12,[]
4362,72,[]
4454,8,[]
4466,13,[]
4485,13,[]
4504,15,[]
4526,14,[]
4546,14,[]
4566,14,[]
4586,14,[]
4606,12,[]
4623,15,[]
4645,17,[]
4669,14,[]
4689,14,[]
4709,17,[]
4733,14,[]
4753,14,[]
4769,13,[]
4784,17,[]
4804,14,[9, 10, 11, 12, 13]
4820,15,[]
4838,8,[]
4848,16,[]
4867,17,[]
4887,14,[]
4903,13,[]
4918,13,[]
4933,14,[]
4949,14,[]
4965,14,[]
4981,63,[]
5062,8,[]
5074,12,[]
5092,6,[]
5101,15,[]
5123,13,[]
5143,14,[]
5164,14,[]
5185,14,[]
5206,14,[]
5227,15,[]
5249,15,[]
5271,15,[]
5293,15,[]
5315,15,[]
5337,12,[]
5355,20,[]
5379,15,[3]
5397,15,[]
5415,13,[]
5431,13,[]
5447,14,[]
5464,14,[]
5481,13,[]
5497,13,[]
5513,14,[]
5530,14,[]
5547,14,[]
5564,15,[]
5582,17,[6, 7]
5602,72,[]
5697,9,[]
5711,13,[]
5731,14,[]
5752,14,[]
5773,13,[]
5793,14,[]
5814,12,[]
5832,15,[]
5854,10,[]
5869,20,[]
5899,16,[]
5923,18,[]
5950,16,[]
5974,16,[]
5998,16,[]
6022,14,[11]
6039,14,[]
6056,18,[]
6077,17,[12, 13, 14, 15, 16]
6097,17,[]
6117,12,[]
6131,19,[]
6153,20,[]
6180,10,[]
6192,20,[]
6219,16,[]
6238,15,[]
6256,16,[]
6275,16,[]
6294,62,[]
6376,9,[]
6390,12,[]
6408,6,[]
6417,17,[]
6442,18,[]
6469,14,[]
6490,15,[]
6512,15,[]
6534,13,[]
6554,13,[]
6574,14,[]
6595,16,[]
6619,15,[]
6641,14,[]
6662,12,[]
6680,20,[]
6704,5,[1, 2, 3, 4]
6710,17,[]
6733,16,[]
6752,15,[]
6770,15,[]
6788,15,[]
6806,14,[]
6823,16,[]
6842,13,[]
6858,15,[]
6876,13,[]
6892,15,[]
6910,15,[]
0,41,[]
61,1,[]
63,10,[]
81,10,[]
99,14,[]
124,13,[]
147,10,[]
165,14,[]
190,10,[]
208,16,[]
236,14,[]
261,16,[]
289,20,[]
324,13,[]
347,10,[]
365,13,[]
388,11,[]
402,16,[]
422,12,[]
437,12,[]
452,13,[]
469,10,[]
482,14,[]
500,13,[10, 11, 12]
517,14,[]
535,15,[]
554,10,[]
567,10,[]
580,13,[]
597,15,[]
616,120,[]
794,11,[]
813,7,[]
826,12,[]
847,2,[]
851,7,[]
864,10,[]
882,15,[]
908,15,[]
934,12,[]
955,14,[]
980,9,[]
996,17,[]
1026,8,[]
1040,15,[]
1066,13,[]
1089,12,[]
1104,11,[]
1118,17,[]
1140,11,[]
1154,20,[]
1179,11,[]
1193,13,[]
1210,16,[]
1230,14,[]
1248,17,[]
1270,16,[]
1290,12,[]
1305,20,[]
1330,11,[]
1344,120,[]
1522,5,[]
1531,12,[]
1552,15,[]
1578,10,[]
1596,13,[]
1619,12,[]
1640,15,[]
1666,9,[]
1682,9,[]
1698,17,[]
1728,15,[]
1754,11,[]
1773,15,[]
1799,14,[]
1824,17,[]
1854,14,[]
1872,13,[]
1889,15,[4]
1908,15,[]
1927,13,[]
1944,15,[]
1963,14,[]
1981,21,[]
2008,10,[]
2021,15,[]
2040,16,[]
2060,18,[]
2082,14,[9, 10, 11]
2099,18,[]
2121,121,[]
2288,3,[]
2293,17,[]
2320,11,[]
2338,17,[]
2365,14,[]
2387,11,[]
2405,16,[]
2431,14,[]
2453,18,[]
2482,16,[]
2508,16,[]
2534,17,[]
2561,14,[]
2583,13,[]
2604,17,[]
2631,15,[]
2649,16,[]
2669,14,[]
2686,17,[]
2707,14,[]
2724,19,[]
2747,20,[]
2771,16,[]
2791,13,[7]
2807,19,[]
2830,17,[]
2851,19,[]
2874,15,[12, 13, 14]
2892,16,[4, 5]
2912,120,[]
3078,4,[]
3085,12,[]
3107,12,[]
3129,16,[]
3158,16,[]
3187,13,[]
3211,15,[]
3238,16,[]
3267,13,[]
3291,14,[]
3316,14,[]
3341,18,[]
3374,15,[]
3401,15,[]
3428,16,[]
3457,13,[]
3474,16,[]
3495,25,[]
3527,14,[]
3545,12,[]
3561,13,[]
3578,12,[]
3594,14,[]
3612,20,[6, 7]
3638,17,[]
3660,19,[]
3684,13,[]
3701,14,[]
3719,15,[]
3738,118,[]
3918,5,[]
3927,13,[]
3951,13,[]
3975,14,[]
4000,13,[]
4024,18,[]
4057,15,[]
4084,17,[]
4112,14,[]
4134,14,[]
4156,13,[]
4177,12,[]
4196,15,[]
4220,14,[]
4242,19,[]
4272,11,[]
4286,17,[]
4307,15,[]
4325,17,[]
4346,14,[9, 10, 11, 12, 13]
4363,17,[]
4384,15,[]
4402,18,[]
4424,14,[]
4441,15,[]
4459,14,[]
4476,15,[]
4494,14,[]
4511,16,[]
4531,106,[]
4678,3,[]
4683,9,[]
4698,8,[]
4711,9,[]
4726,8,[]
4739,8,[]
4752,9,[]
4767,11,[]
4785,14,[]
4807,11,[]
4825,13,[]
4846,12,[]
4865,19,[]
4895,12,[]
4914,15,[]
4938,13,[]
4954,12,[3, 4, 5, 6, 7, 8, 9, 10, 11]
4969,15,[]
4987,12,[]
5002,14,[]
5022,17,[]
5046,14,[]
5066,14,[]
5086,14,[]
5107,12,[]
5122,17,[]
5143,14,[]
5161,13,[]
5177,12,[]
5192,108,[]
5347,2,[]
5351,6,[]
5361,9,[]
5376,9,[]
5391,11,[]
5410,11,[]
5429,11,[]
5448,19,[]
5480,13,[]
5502,12,[]
5522,14,[]
5546,16,[]
5573,12,[]
5593,16,[]
5620,14,[]
5644,14,[]
5662,12,[]
5677,15,[]
5696,16,[]
5716,18,[]
5738,16,[]
5758,14,[]
5776,13,[]
5792,15,[]
5811,16,[]
5831,17,[]
5852,17,[]
5873,20,[9, 10, 11, 14, 15, 16, 17]
5898,12,[]
5913,113,[]
6075,4,[]
6082,14,[]
6106,11,[]
6124,7,[]
6135,10,[]
6150,10,[]
6165,8,[]
6177,12,[]
6195,15,[]
6218,14,[]
6239,14,[]
6260,16,[]
6284,13,[]
6304,14,[]
6325,12,[]
6343,15,[11, 12]
6361,13,[]
6377,16,[3, 4, 5, 6, 7, 8]
6396,15,[]
6414,17,[]
6434,12,[]
6448,14,[]
6465,15,[]
6483,17,[]
6503,15,[]
6521,16,[]
6540,13,[]
6556,16,[]
6575,16,[7]
6594,110,[]
6741,2,[]
6744,10,[]
6759,8,[]
6771,11,[]
6788,9,[]
6802,10,[]
6817,14,[]
6838,13,[]
6858,9,[]
6872,11,[]
6889,9,[]
6903,15,[]
6926,14,[]
6947,10,[]
6962,13,[]
6982,13,[]
6998,14,[6, 7, 8]
7015,12,[]
7029,10,[]
7041,13,[]
7057,13,[]
7073,12,[]
7087,11,[]
7100,13,[3]
7116,13,[]
7132,15,[]
7150,12,[3, 4, 5, 6, 7]
7164,11,[]
7177,13,[]
0,60,[]
74,15,[]
94,16,[]
116,3,[]
120,13,[]
138,18,[]
162,19,[]
188,16,[]
210,20,[]
237,17,[0, 1, 2, 3, 4, 5, 6]
260,15,[]
280,18,[]
304,19,[]
330,17,[]
353,19,[]
379,25,[]
413,15,[]
432,15,[]
451,15,[]
470,15,[]
489,17,[]
510,16,[]
530,17,[]
551,18,[]
573,16,[]
593,19,[]
617,16,[]
637,18,[]
659,17,[]
680,21,[]
706,96,[]
824,17,[]
847,18,[]
871,21,[]
899,16,[]
921,14,[0, 1, 2, 3, 4, 5]
940,17,[]
963,16,[]
985,17,[]
1008,15,[]
1030,15,[]
1054,16,[]
1079,12,[]
1098,13,[]
1119,15,[]
1143,16,[]
1168,16,[]
1190,17,[]
1214,16,[]
1236,16,[]
1258,16,[]
1280,13,[]
1298,15,[]
1319,16,[]
1341,19,[]
1367,20,[]
1395,18,[]
1420,18,[]
1445,20,[]
1473,18,[]
1498,66,[]
1588,13,[]
1609,14,[]
1631,16,[]
1656,16,[]
1681,15,[]
1705,15,[]
1729,19,[]
1759,15,[]
1783,12,[]
1802,14,[5, 6, 7, 8, 9, 10, 11, 12, 13]
1824,15,[]
1848,17,[]
1875,16,[]
1900,14,[]
1922,19,[]
1952,15,[]
1973,14,[]
1993,19,[]
2019,15,[]
2040,15,[]
2061,17,[]
2085,18,[]
2111,19,[]
2138,19,[]
2165,20,[]
2193,17,[]
2217,16,[]
2240,16,[]
2263,14,[]
2283,44,[]
2345,11,[]
2363,13,[]
2384,16,[]
2410,14,[]
2433,16,[]
2459,16,[]
2485,16,[]
2511,15,[]
2536,14,[]
2559,13,[]
2580,11,[]
2598,14,[]
2621,11,[]
2639,13,[]
2660,17,[]
2688,14,[]
2708,15,[]
2729,18,[]
2755,12,[]
2772,13,[]
2791,13,[]
2810,15,[]
2831,16,[]
2854,15,[]
2875,14,[]
2895,16,[]
2918,14,[]
2938,20,[]
2966,16,[]
2989,46,[]
3054,15,[]
3079,19,[]
3112,21,[]
3149,17,[]
3179,17,[]
3209,14,[]
3234,17,[]
3264,15,[]
3291,17,[]
3321,17,[]
3351,16,[]
3379,18,[]
3411,15,[]
3438,16,[]
3466,15,[]
3493,16,[]
3517,15,[]
3540,13,[]
3560,15,[]
3583,17,[]
3609,16,[]
3633,21,[]
3665,14,[]
3686,15,[]
3709,15,[]
3732,16,[]
3756,14,[]
3777,15,[]
3800,15,[]
3823,60,[]
3913,9,[]
3929,12,[]
3950,11,[]
3970,14,[]
3995,15,[]
4022,16,[]
4050,20,[]
4085,16,[]
4110,15,[]
4132,15,[]
4154,13,[]
4173,14,[]
4193,12,[]
4210,14,[]
4230,12,[]
4247,15,[]
4267,14,[]
4285,15,[]
4305,12,[]
4321,14,[]
4339,17,[]
4361,16,[]
4382,14,[]
4400,14,[]
4418,14,[]
4436,16,[]
4457,17,[]
4479,19,[]
4504,18,[]
4527,63,[]
4608,9,[]
4621,11,[]
4637,8,[]
4649,9,[]
4662,9,[]
4675,9,[]
4688,11,[]
4704,10,[]
4719,14,[]
4739,13,[]
4758,12,[]
4775,12,[]
4792,13,[]
4811,11,[]
4827,14,[]
4847,12,[]
4863,15,[]
4883,16,[]
4904,16,[]
4925,13,[]
4942,15,[]
4962,14,[]
4980,16,[]
5001,18,[]
5024,16,[]
5045,16,[]
5066,16,[]
5087,16,[]
5109,16,[]
5132,62,[]
5219,8,[]
5232,10,[]
5249,11,[]
5267,14,[]
5290,11,[]
5308,10,[]
5325,13,[]
5346,12,[]
5366,12,[]
5386,20,[]
5419,14,[]
5442,12,[]
5462,15,[]
5487,14,[]
5510,16,[]
5536,18,[]
5562,17,[]
5586,18,[]
5612,15,[]
5633,15,[]
5654,16,[]
5677,17,[]
5701,16,[0, 6, 7, 8, 9, 10, 11, 12, 13]
5724,15,[]
5745,16,[]
5768,17,[]
5792,17,[]
5816,18,[]
5842,17,[]
5866,46,[]
5931,14,[]
5954,3,[]
5959,15,[]
5984,14,[]
6007,12,[]
6027,11,[]
6045,12,[]
6065,15,[]
6090,14,[]
6113,14,[]
6136,13,[]
6157,12,[]
6177,13,[]
6198,13,[]
6219,16,[]
6245,13,[]
6264,13,[]
6283,13,[]
6302,13,[]
6321,13,[]
6340,14,[]
6360,16,[]
6383,13,[]
6402,15,[]
6423,15,[]
6444,16,[]
6467,14,[]
6487,15,[]
6508,19,[]
6535,46,[]
6600,7,[]
6612,9,[]
6627,11,[]
6645,10,[]
6662,13,[]
6683,11,[]
6701,11,[]
6719,12,[]
6739,11,[]
6757,10,[]
6774,11,[]
6792,10,[]
6809,12,[]
6829,10,[]
6846,13,[]
6867,11,[]
6883,11,[0, 1, 2, 3, 4, 5, 6]
6899,12,[]
6916,14,[]
6936,13,[]
6955,15,[]
6976,14,[]
6996,15,[]
7017,16,[]
7040,15,[]
7061,15,[]
7082,12,[]
7099,13,[]
7118,14,[]
0,72,[]
108,1,[]
110,2,[]
114,2,[]
118,1,[]
120,19,[]
154,5,[]
163,6,[]
174,2,[]
178,3,[]
184,4,[]
191,19,[]
225,16,[]
253,9,[]
269,13,[]
292,4,[]
299,5,[]
306,4,[]
311,13,[8, 9, 10]
328,4,[]
333,5,[]
340,11,[]
354,21,[]
381,8,[]
391,16,[4, 5, 6, 7, 8, 9, 10, 11]
411,34,[]
454,4,[]
459,13,[]
476,13,[]
493,36,[]
538,272,[]
946,4,[]
953,16,[]
981,2,[]
985,11,[]
1005,4,[]
1013,3,[]
1019,8,[]
1034,16,[]
1064,13,[]
1088,12,[]
1111,24,[]
1156,11,[]
1177,21,[]
1216,8,[]
1231,30,[]
1287,9,[]
1299,14,[]
1317,16,[]
1338,29,[]
1384,7,[]
1393,23,[]
1429,8,[]
1440,8,[]
1451,9,[]
1463,16,[]
1484,17,[6, 7]
1506,19,[13]
1531,48,[]
1606,19,[]
1636,150,[]
1871,1,[]
1873,1,[]
1875,1,[]
1877,1,[]
1879,14,[]
1905,8,[]
1920,6,[]
1932,18,[]
1966,5,[]
1976,22,[]
2017,4,[]
2024,43,[]
2086,7,[]
2096,33,[]
2140,6,[]
2148,6,[]
2155,22,[]
2180,6,[]
2187,8,[2, 3]
2196,11,[]
2209,15,[]
2226,18,[]
2246,29,[]
2282,7,[1]
2290,5,[]
2296,21,[14, 15, 16, 17, 18, 19, 20]
2322,7,[]
2330,13,[]
2345,16,[]
2363,175,[]
2577,1,[]
2579,5,[]
2586,4,[]
2592,4,[]
2598,11,[]
2613,4,[]
2619,5,[]
2626,2,[]
2629,15,[]
2649,6,[]
2657,7,[]
2667,10,[]
2681,9,[]
2693,22,[]
2723,8,[]
2734,19,[]
2756,11,[]
2769,29,[]
2802,8,[]
2811,19,[]
2833,12,[]
2847,12,[]
2861,16,[]
2879,14,[]
2895,18,[]
2915,14,[]
2931,22,[]
2956,4,[]
2961,16,[]
2979,183,[]
3203,1,[]
3205,8,[]
3220,6,[]
3232,4,[]
3240,8,[]
3256,13,[]
3281,6,[]
3293,8,[]
3309,7,[]
3323,9,[]
3341,13,[]
3366,6,[]
3378,16,[]
3409,9,[]
3427,7,[]
3441,10,[]
3455,20,[]
3482,9,[]
3494,9,[]
3506,26,[]
3548,9,[]
3560,12,[]
3576,14,[]
3595,11,[]
3610,16,[8, 9]
3631,20,[]
3658,3,[]
3662,6,[]
3670,18,[15, 16, 17]
3694,178,[]
3981,5,[]
3991,3,[]
3997,5,[]
4007,5,[]
4017,3,[]
4023,5,[]
4033,16,[]
4064,15,[]
4093,7,[]
4107,7,[]
4121,9,[]
4139,9,[]
4157,9,[]
4175,24,[]
4221,8,[]
4236,22,[]
4265,16,[]
4286,3,[]
4290,15,[]
4310,9,[]
4322,8,[]
4333,11,[]
4348,12,[]
4364,13,[]
4381,18,[]
4405,36,[]
4462,7,[]
4471,21,[11, 12, 13, 14, 15, 16, 17, 18, 19]
4498,7,[]
4507,144,[]
4732,1,[]
4734,8,[]
4749,2,[]
4753,4,[]
4761,14,[]
4787,6,[]
4799,8,[]
4814,9,[]
4831,18,[]
4865,6,[]
4877,7,[]
4890,9,[]
4907,19,[]
4942,17,[]
4974,6,[]
4986,7,[]
4995,12,[]
5011,12,[]
5027,13,[]
5044,24,[]
5075,4,[]
5081,8,[]
5092,22,[]
5121,9,[]
5133,28,[]
5169,2,[]
5172,10,[]
5185,12,[]
5201,8,[]
5212,163,[]
5467,16,[]
5495,6,[]
5506,6,[]
5517,9,[]
5533,8,[]
5547,12,[]
5568,6,[]
5579,16,[]
5607,6,[]
5618,8,[]
5632,17,[]
5662,2,[]
5666,18,[]
5698,7,[]
5711,6,[]
5722,9,[]
5734,20,[]
5759,4,[]
5764,10,[]
5777,24,[11, 12, 13, 14, 15, 16, 17, 18, 19, 20]
5807,7,[]
5816,4,[]
5821,10,[]
5834,19,[]
5858,7,[]
5867,7,[]
5876,5,[]
5883,8,[]
5893,22,[]
5921,163,[]
6166,1,[]
6168,1,[]
6170,9,[]
6186,5,[]
6195,5,[]
6204,6,[]
6215,16,[]
6243,15,[]
6270,9,[]
6286,5,[]
6295,7,[]
6308,17,[]
6338,9,[]
6354,5,[]
6363,8,[]
6377,7,[]
6386,20,[]
6411,8,[]
6421,9,[]
6433,10,[]
6446,9,[]
6458,10,[]
6471,25,[]
6504,2,[]
6507,21,[8]
6534,8,[]
6545,8,[]
6556,7,[]
6565,10,[]
6578,178,[]
6856,1,[]
6858,9,[]
6875,5,[]
6885,15,[]
6913,3,[]
6919,4,[]
6927,6,[]
6939,7,[]
6952,9,[]
6969,7,[]
6982,10,[]
7001,8,[]
7016,70,[]
7145,15,[]
7173,6,[]
7185,19,[16, 17, 18]
7210,8,[]
7221,10,[]
7234,9,[]
7246,19,[]
7271,8,[]
7282,22,[16, 17, 18, 19]
7311,9,[]
7323,10,[]
7336,9,[]
7348,9,[]
7360,11,[]
7375,9,[]
7387,9,[]
0,25,[]
34,6,[]
43,13,[]
63,22,[]
96,14,[]
117,17,[]
143,16,[]
167,16,[]
191,16,[]
215,15,[]
238,14,[]
259,15,[]
282,14,[]
303,16,[]
327,14,[]
348,15,[]
371,17,[]
391,16,[]
410,15,[5]
428,16,[]
447,15,[]
465,15,[3, 4]
483,13,[]
499,17,[]
519,14,[]
536,13,[]
552,15,[]
570,16,[]
589,11,[]
602,12,[]
616,59,[]
695,6,[]
704,10,[]
719,19,[]
748,8,[0, 1, 2, 3, 4, 5, 6, 7]
760,16,[]
784,15,[]
807,9,[]
821,11,[]
838,11,[]
855,12,[]
873,11,[]
890,16,[]
914,10,[]
929,15,[]
952,11,[]
969,9,[]
980,11,[]
993,11,[]
1006,10,[]
1018,12,[]
1033,12,[]
1048,13,[]
1064,13,[12]
1080,19,[]
1103,15,[]
1121,16,[]
1141,18,[7, 8, 9]
1163,17,[]
1184,17,[]
1205,67,[]
1298,9,[]
1313,13,[]
1334,19,[]
1364,15,[]
1388,13,[]
1409,16,[]
1435,13,[]
1456,17,[]
1483,15,[]
1507,15,[]
1531,14,[]
1553,13,[]
1574,14,[]
1596,13,[]
1617,14,[]
1639,14,[]
1656,15,[]
1674,14,[]
1691,17,[]
1712,15,[10, 11, 12]
1730,17,[]
1751,14,[]
1768,15,[]
1786,15,[]
1804,16,[]
1824,14,[]
1844,17,[]
1868,14,[]
1888,15,[]
1909,51,[]
1980,9,[]
1995,11,[]
2013,21,[]
2045,13,[]
2064,15,[]
2086,15,[]
2108,13,[]
2127,15,[]
2149,15,[]
2171,16,[]
2194,15,[]
2216,15,[]
2238,12,[]
2256,14,[]
2277,14,[]
2298,18,[]
2322,14,[]
2341,16,[]
2362,18,[]
2386,20,[]
2412,17,[]
2434,16,[]
2455,20,[]
2481,21,[]
2509,19,[]
2534,17,[]
2556,16,[]
2577,16,[]
2598,13,[]
2615,42,[]
2670,11,[]
2686,16,[]
2709,19,[]
2737,13,[]
2756,12,[]
2774,14,[]
2795,15,[]
2817,16,[]
2840,15,[]
2862,15,[]
2884,14,[]
2905,16,[]
2928,15,[]
2950,14,[]
2971,16,[]
2994,15,[]
3014,16,[]
3037,15,[]
3059,20,[]
3088,19,[]
3115,22,[]
3147,19,[]
3174,23,[]
3207,18,[]
3233,20,[]
3262,16,[]
3285,20,[]
3314,16,[]
3337,16,[]
3360,56,[]
3440,9,[]
3455,11,[]
3473,20,[]
3506,14,[]
3529,14,[]
3552,12,[]
3572,14,[]
3595,15,[]
3620,14,[]
3643,14,[]
3666,13,[]
3688,14,[]
3711,15,[]
3736,14,[]
3759,17,[]
3787,14,[]
3804,20,[]
3829,16,[]
3849,18,[]
3875,16,[]
3898,18,[]
3924,15,[]
3946,16,[]
3969,14,[]
3989,16,[]
4012,15,[5, 6, 7, 8, 9, 10, 11, 12, 13, 14]
4034,18,[]
4061,19,[]
4089,21,[]
4120,56,[]
4202,11,[]
4221,13,[]
4243,22,[]
4281,13,[]
4303,16,[]
4331,16,[]
4359,18,[]
4390,17,[]
4419,17,[]
4448,16,[]
4476,18,[]
4507,15,[]
4533,18,[]
4564,15,[]
4590,17,[]
4619,14,[]
4640,16,[]
4664,18,[]
4691,19,[]
4719,15,[]
4741,17,[]
4762,16,[]
4782,18,[]
4805,15,[]
4827,16,[]
4851,16,[]
4875,20,[]
4905,15,[]
4927,17,[]
4952,57,[]
5036,10,[]
5051,13,[]
5069,18,[]
5093,18,[]
5117,15,[]
5137,18,[]
5161,17,[]
5184,16,[]
5206,16,[]
5228,16,[]
5250,13,[]
5268,15,[]
5288,13,[]
5306,14,[]
5325,15,[]
5345,15,[]
5362,13,[]
5377,14,[]
5393,14,[]
5409,16,[]
5427,15,[3]
5444,14,[]
5460,15,[]
5477,16,[]
5495,14,[]
5511,14,[]
5527,13,[5]
5542,15,[]
5559,15,[]
5576,60,[]
5649,9,[]
5661,14,[]
5680,20,[]
5707,16,[]
5729,17,[]
5752,16,[]
5774,15,[]
5794,17,[]
5817,14,[]
5836,16,[]
5858,12,[]
5874,18,[]
5898,15,[]
5918,14,[]
5937,15,[]
5957,16,[]
5975,14,[]
5991,14,[]
6007,14,[]
6023,17,[]
6042,16,[]
6060,18,[]
6081,15,[]
6098,17,[8, 9]
6118,18,[13, 14, 15, 16, 17]
6139,19,[]
6161,17,[]
6181,19,[]
6203,17,[]
6223,77,[]
6320,12,[]
6337,16,[]
6359,21,[]
6388,16,[]
6410,14,[]
6430,17,[]
6454,16,[]
6476,13,[]
6494,13,[]
6512,12,[]
6529,13,[]
6547,13,[]
6565,12,[]
6582,12,[]
6599,13,[]
6617,13,[]
6632,13,[]
6647,14,[]
6663,14,[]
6679,14,[]
6695,15,[]
6712,17,[]
6732,18,[]
6753,16,[]
6771,15,[11, 12, 13, 14]
6788,15,[]
6805,18,[]
6828,14,[]
6846,17,[]
0,18,[]
24,1,[]
26,9,[]
40,12,[]
58,10,[]
73,7,[]
84,9,[]
98,9,[]
112,11,[]
129,10,[]
144,10,[]
159,9,[]
173,10,[]
188,12,[]
206,18,[]
233,19,[]
262,19,[]
285,17,[]
305,17,[4, 5]
325,16,[]
344,21,[11, 12, 13]
369,14,[]
386,18,[]
407,7,[]
416,11,[]
429,14,[13]
446,18,[]
467,19,[]
490,23,[]
517,13,[]
533,82,[]
643,9,[]
657,10,[]
672,7,[]
683,7,[]
694,13,[]
714,18,[]
741,13,[]
761,16,[]
785,15,[]
808,15,[5, 6, 7, 8, 9, 10, 11, 12, 13]
831,15,[]
854,15,[]
877,15,[]
900,14,[]
921,18,[]
948,16,[]
970,17,[]
990,14,[]
1007,17,[]
1027,14,[]
1044,13,[]
1060,17,[]
1080,16,[]
1099,16,[]
1118,17,[]
1138,15,[]
1156,16,[]
1175,17,[]
1195,17,[]
1215,63,[]
1299,10,[]
1314,21,[]
1346,14,[]
1367,16,[]
1391,16,[]
1415,20,[]
1445,19,[]
1474,20,[]
1504,18,[]
1531,19,[]
1560,22,[]
1593,16,[]
1617,17,[]
1643,16,[]
1667,20,[]
1697,11,[]
1710,16,[]
1729,20,[]
1753,23,[]
1780,21,[]
1805,20,[8, 9]
1829,20,[10, 11, 12]
1853,19,[]
1876,24,[]
1904,23,[]
1931,24,[5]
1959,22,[]
1985,21,[]
2010,20,[]
2034,60,[]
2117,18,[]
2146,25,[]
2186,15,[]
2210,15,[]
2234,19,[]
2264,24,[]
2302,18,[]
2331,20,[]
2363,20,[]
2395,18,[]
2424,17,[]
2451,17,[]
2478,21,[]
2511,18,[]
2540,20,[]
2572,16,[]
2592,18,[7, 8, 9, 10, 11, 12, 13]
2614,18,[]
2636,19,[]
2659,15,[]
2677,19,[]
2700,19,[]
2723,16,[]
2743,18,[]
2765,16,[]
2785,16,[]
2805,18,[]
2827,15,[6, 7, 8]
2845,17,[]
2866,54,[]
2941,8,[]
2954,15,[]
2978,11,[0, 1, 2, 3, 4, 5, 6, 7]
2996,16,[]
3022,12,[]
3040,12,[]
3058,11,[]
3075,13,[]
3095,14,[]
3116,9,[]
3130,12,[]
3148,10,[]
3163,10,[]
3178,10,[]
3193,10,[]
3208,12,[]
3222,6,[]
3229,8,[]
3239,9,[]
3250,10,[]
3262,9,[]
3273,9,[]
3284,10,[]
3296,13,[9, 10]
3312,13,[]
3328,15,[]
3346,14,[]
3363,15,[]
3381,14,[]
3398,62,[]
3481,11,[]
3498,12,[]
3516,20,[]
3546,14,[]
3567,17,[]
3593,15,[]
3616,14,[]
3637,17,[]
3663,16,[]
3687,16,[]
3711,15,[]
3734,16,[]
3758,18,[]
3785,18,[]
3812,18,[]
3839,18,[]
3860,23,[]
3887,15,[]
3905,16,[]
3924,18,[]
3945,17,[]
3965,19,[]
3988,20,[]
4012,18,[4]
4033,16,[]
4052,16,[]
4071,17,[13]
4091,18,[]
4112,19,[]
4135,65,[]
4222,11,[]
4239,15,[]
4262,24,[]
4298,16,[]
4322,18,[]
4349,17,[]
4375,17,[]
4401,17,[]
4427,19,[]
4456,16,[]
4480,17,[]
4506,18,[]
4533,18,[]
4560,17,[]
4586,17,[]
4612,13,[]
4628,13,[]
4644,18,[]
4665,15,[]
4683,15,[]
4701,16,[]
4720,13,[]
4736,14,[]
4753,16,[]
4772,16,[]
4791,15,[14]
4809,17,[16]
4829,17,[]
4849,15,[]
4867,49,[]
4933,11,[]
4950,13,[]
4970,22,[]
5003,13,[]
5023,16,[]
5047,17,[]
5072,18,[]
5097,20,[]
5125,19,[]
5152,20,[]
5180,20,[]
5208,20,[]
5236,19,[]
5263,17,[]
5287,17,[]
5311,17,[]
5331,16,[]
5349,14,[]
5365,13,[]
5380,18,[]
5401,15,[10, 11]
5418,15,[]
5435,16,[]
5453,15,[13, 14]
5470,15,[]
5487,13,[]
5502,16,[]
5520,14,[]
5536,18,[]
5559,47,[]
5618,12,[]
5635,13,[]
5653,20,[]
5681,12,[]
5698,16,[]
5720,14,[]
5740,14,[]
5760,14,[]
5780,13,[]
5798,15,[]
5819,14,[]
5839,15,[]
5860,15,[]
5881,15,[]
5902,13,[]
5920,13,[]
5935,15,[]
5952,13,[]
5967,16,[2]
5985,14,[]
6001,11,[]
6014,14,[4]
6030,11,[]
6043,11,[]
6056,12,[]
6070,12,[6, 7, 8, 9]
6084,12,[]
6098,15,[]
6115,14,[]
6131,44,[]
6186,9,[]
6199,12,[]
6216,15,[]
6237,11,[]
6253,11,[]
6269,11,[]
6285,12,[]
6302,9,[]
6315,11,[]
6331,11,[]
6347,13,[]
6365,10,[]
6379,9,[]
6392,11,[]
6408,13,[]
6426,12,[]
6440,14,[]
6456,14,[]
6472,14,[]
6488,14,[11]
6504,14,[]
6520,14,[]
6536,14,[]
6552,12,[9]
6566,13,[]
6581,12,[3, 4]
6595,14,[]
6611,13,[]
6626,14,[13]
0,17,[]
25,2,[]
29,8,[]
43,8,[]
57,9,[]
72,7,[]
84,6,[]
94,6,[]
104,7,[]
116,7,[]
128,6,[]
138,6,[]
148,7,[]
160,8,[]
174,15,[]
199,14,[]
223,20,[]
248,14,[]
266,11,[]
280,8,[]
290,16,[]
310,15,[]
329,15,[4, 5, 6, 7, 8]
348,18,[]
370,25,[]
401,10,[]
414,13,[]
430,17,[]
451,11,[]
465,10,[]
478,105,[]
629,7,[]
641,1,[]
643,3,[]
648,4,[]
655,8,[]
669,7,[]
681,9,[]
696,11,[]
715,7,[]
727,14,[]
751,17,[]
779,20,[]
812,19,[]
844,10,[]
861,23,[]
899,24,[]
929,22,[]
956,21,[16, 17]
982,18,[]
1004,18,[]
1026,9,[]
1037,18,[]
1059,18,[]
1081,17,[4]
1102,15,[]
1120,12,[]
1135,15,[]
1153,16,[]
1173,15,[9, 10, 11]
1191,83,[]
1306,9,[]
1321,14,[]
1343,6,[]
1353,15,[]
1377,14,[]
1399,14,[]
1421,13,[]
1442,12,[]
1461,14,[]
1483,15,[]
1507,13,[]
1528,17,[]
1555,18,[]
1584,19,[]
1614,10,[]
1630,20,[]
1654,15,[]
1672,14,[]
1689,18,[]
1711,7,[]
1720,16,[]
1740,17,[4, 5]
1761,16,[]
1781,17,[]
1802,16,[]
1822,17,[]
1843,11,[]
1857,14,[]
1874,17,[]
1895,81,[]
2007,12,[]
2025,4,[]
2031,18,[10, 11, 12, 13, 14, 15, 16, 17]
2056,19,[]
2082,16,[]
2104,27,[]
2141,17,[]
2165,21,[]
2194,8,[]
2205,20,[]
2233,23,[]
2265,26,[]
2301,11,[]
2316,26,[]
2352,23,[]
2384,24,[]
2411,19,[]
2433,24,[3]
2460,24,[]
2487,12,[]
2501,24,[]
2528,22,[]
2553,22,[5, 6, 7, 8, 9]
2578,18,[]
2599,11,[]
2612,19,[]
2634,22,[12, 13, 14, 15, 16, 17, 18, 19]
2659,18,[]
2680,19,[]
2702,95,[]
2820,15,[]
2841,17,[]
2865,8,[]
2876,21,[]
2905,21,[]
2934,23,[]
2966,26,[]
3002,8,[]
3013,25,[]
3049,24,[]
3085,23,[]
3120,29,[]
3164,22,[]
3197,23,[]
3232,6,[]
3241,25,[]
3271,23,[7, 8, 9, 10, 11, 12, 13, 14]
3298,25,[]
3328,5,[]
3334,22,[]
3360,24,[]
3388,27,[]
3420,22,[]
3446,20,[]
3470,22,[]
3496,10,[]
3508,24,[]
3536,20,[13, 14]
3560,20,[]
3584,88,[]
3702,1,[]
3704,12,[]
3722,13,[]
3742,14,[]
3763,15,[]
3786,15,[]
3809,15,[]
3832,15,[]
3855,9,[]
3869,15,[]
3892,16,[]
3916,18,[]
3943,8,[]
3955,18,[]
3982,16,[]
4006,16,[]
4025,15,[]
4043,21,[]
4068,14,[]
4085,8,[]
4095,15,[]
4113,15,[]
4131,12,[5, 6]
4145,13,[]
4161,12,[]
4175,7,[]
4184,12,[9, 10, 11]
4198,13,[3, 4]
4214,13,[]
4230,74,[]
4329,9,[]
4343,11,[]
4360,5,[]
4368,14,[]
4389,12,[]
4407,13,[]
4427,15,[]
4450,7,[]
4461,16,[]
4485,14,[]
4506,15,[]
4529,15,[]
4552,14,[]
4573,15,[]
4596,10,[]
4611,16,[]
4630,15,[14]
4648,13,[]
4664,14,[]
4681,9,[]
4692,13,[]
4708,13,[]
4724,15,[]
4742,17,[]
4762,14,[]
4779,14,[]
4796,10,[]
4808,13,[]
4824,13,[5, 6, 7, 8, 9, 10, 11, 12]
4840,54,[]
4912,6,[]
4921,6,[]
4930,10,[]
4945,11,[]
4962,10,[]
4977,13,[]
4997,12,[]
5015,12,[]
5033,9,[]
5048,13,[]
5071,11,[]
5091,13,[]
5115,12,[]
5137,8,[]
5152,12,[]
5174,13,[]
5191,12,[]
5207,12,[]
5223,10,[8, 9]
5236,12,[]
5252,10,[]
5265,13,[]
5282,13,[]
5299,13,[]
5316,12,[9, 10, 11]
5332,7,[]
5341,12,[]
5357,13,[]
5374,12,[]
5390,61,[]
5483,7,[]
5496,8,[]
5511,7,[]
5524,9,[]
5541,10,[]
5559,11,[]
5579,13,[]
5603,7,[]
5616,13,[]
5640,13,[]
5664,13,[]
5688,12,[]
5710,11,[]
5730,12,[]
5752,9,[]
5769,11,[]
5783,11,[]
5797,14,[]
5815,12,[]
5831,4,[]
5837,11,[]
5851,12,[]
5867,11,[]
5881,11,[]
5895,10,[]
5908,11,[]
5922,5,[]
5929,12,[4, 5, 6, 7, 8, 9, 10]
5945,12,[]
5961,75,[]
6075,8,[]
6090,4,[]
6098,11,[]
6118,13,[]
6142,12,[]
6164,20,[]
6200,14,[]
6225,15,[]
6252,4,[]
6260,14,[]
6285,13,[]
6309,15,[]
6336,14,[]
6361,9,[]
6378,14,[]
6403,15,[]
6422,12,[]
6438,13,[]
6455,13,[]
6472,15,[]
6491,10,[]
6504,13,[]
6521,15,[]
6540,15,[]
6559,17,[]
6581,5,[]
6588,17,[]
6610,19,[]
6634,9,[]
0,19,[]
26,7,[]
37,12,[]
55,13,[]
75,14,[]
96,13,[]
116,19,[]
145,10,[]
160,14,[]
181,11,[]
198,13,[]
218,12,[]
236,13,[]
256,11,[]
273,11,[]
290,12,[]
308,15,[]
326,13,[]
342,21,[]
367,23,[]
394,23,[]
421,17,[]
441,21,[9]
466,14,[]
483,15,[]
501,18,[]
522,15,[]
540,12,[]
554,14,[12, 13]
571,17,[]
591,75,[]
691,17,[]
717,10,[]
732,11,[]
749,10,[]
764,13,[]
784,17,[]
810,14,[]
831,16,[]
855,13,[]
875,13,[]
895,12,[]
913,15,[]
936,12,[]
954,13,[]
974,12,[]
992,14,[]
1009,16,[]
1029,15,[]
1048,12,[]
1063,16,[]
1083,13,[]
1099,15,[]
1118,14,[4, 5]
1136,14,[]
1154,12,[6, 7, 8]
1169,13,[]
1185,16,[]
1205,14,[]
1223,13,[]
1239,72,[]
1345,7,[]
1357,11,[]
1376,13,[]
1398,13,[]
1420,12,[]
1441,15,[]
1467,13,[]
1489,14,[]
1513,13,[]
1535,12,[]
1556,13,[]
1578,15,[]
1604,13,[]
1626,13,[]
1648,14,[]
1672,16,[]
1692,14,[]
1710,14,[]
1728,14,[]
1746,17,[4, 5, 6, 7]
1767,13,[]
1783,16,[]
1803,14,[]
1821,16,[]
1841,14,[]
1859,15,[]
1878,13,[]
1894,15,[]
1913,11,[]
1927,72,[]
2033,7,[]
2044,11,[]
2061,10,[]
2076,15,[]
2099,13,[]
2119,15,[]
2142,15,[]
2165,19,[]
2194,17,[]
2220,19,[]
2249,18,[]
2276,20,[]
2306,18,[]
2333,20,[]
2363,17,[]
2389,21,[]
2414,18,[]
2435,24,[]
2463,14,[]
2480,18,[]
2501,19,[]
2524,17,[]
2544,19,[]
2567,18,[]
2588,16,[]
2607,18,[]
2628,17,[12, 13, 14]
2648,18,[]
2669,17,[]
2689,60,[]
2769,13,[]
2789,16,[]
2813,15,[]
2836,18,[]
2863,18,[]
2890,19,[]
2919,18,[]
2946,20,[]
2976,15,[]
2999,19,[]
3028,16,[]
3052,18,[]
3082,15,[]
3108,16,[]
3136,16,[]
3164,19,[]
3188,16,[]
3208,18,[]
3231,17,[]
3252,20,[]
3277,18,[]
3300,16,[]
3320,15,[]
3339,18,[]
3362,16,[]
3382,17,[]
3403,17,[]
3424,19,[]
3448,18,[]
3471,53,[]
3549,15,[]
3575,20,[]
3609,20,[]
3643,22,[]
3681,19,[]
3714,21,[]
3750,22,[]
3788,20,[]
3822,19,[]
3855,24,[]
3896,21,[]
3932,20,[]
3966,22,[]
4004,19,[]
4037,21,[]
4073,22,[]
4104,19,[]
4130,20,[7, 8, 9, 10, 11, 12, 13]
4154,18,[]
4175,21,[]
4200,17,[]
4220,20,[]
4244,19,[]
4267,20,[]
4291,20,[]
4315,20,[]
4339,17,[15]
4359,19,[]
4382,18,[0, 1, 2, 3, 4, 5, 6, 7, 8]
4403,60,[]
4483,10,[]
4498,15,[]
4521,14,[]
4542,17,[]
4568,15,[]
4591,16,[]
4615,16,[]
4639,17,[]
4665,15,[]
4688,16,[]
4712,15,[]
4735,13,[]
4755,14,[]
4776,16,[]
4800,15,[]
4823,15,[]
4841,16,[]
4860,16,[]
4879,15,[]
4897,17,[]
4917,16,[]
4939,15,[]
4957,14,[]
4974,16,[]
4993,14,[]
5010,14,[]
5029,15,[]
5049,18,[]
5070,15,[]
5088,38,[]
5142,9,[]
5158,12,[]
5179,12,[]
5200,13,[]
5222,14,[]
5246,14,[]
5270,14,[]
5294,15,[]
5320,13,[]
5342,14,[]
5366,13,[]
5388,14,[]
5412,13,[]
5434,13,[]
5456,13,[]
5478,14,[]
5499,13,[]
5518,13,[]
5537,13,[]
5556,14,[]
5577,14,[]
5598,14,[]
5619,13,[]
5638,16,[]
5662,14,[5, 6, 7, 8, 9, 10]
5680,15,[]
5699,13,[]
5715,15,[]
5734,13,[]
5750,39,[]
5807,10,[]
5824,11,[]
5843,12,[]
5864,13,[]
5886,13,[]
5908,13,[]
5930,15,[]
5956,14,[]
5980,14,[]
6004,16,[]
6032,13,[]
6054,16,[]
6082,15,[]
6108,15,[]
6133,13,[]
6155,15,[]
6174,14,[]
6191,15,[]
6210,14,[]
6227,16,[]
6247,13,[]
6263,15,[]
6282,16,[]
6302,17,[]
6323,15,[]
6342,17,[]
6363,15,[]
6382,16,[14]
6402,14,[3, 4, 5]
6419,49,[]
6489,9,[]
6504,12,[]
6524,12,[]
6544,15,[]
6569,14,[]
6592,14,[]
6615,12,[]
6635,16,[]
6662,12,[]
6682,15,[]
6707,14,[]
6730,14,[]
6753,16,[]
6780,16,[]
6807,14,[]
6830,17,[]
6851,16,[]
6871,16,[]
6891,14,[]
6908,16,[]
6928,15,[]
6947,15,[]
6966,14,[]
6983,17,[]
7004,15,[]
7023,16,[]
7043,14,[]
7060,18,[]
7082,16,[4, 5, 6]
0,21,[]
29,3,[]
34,8,[]
47,12,[]
66,12,[]
85,11,[]
102,10,[]
118,8,[]
131,10,[]
147,8,[]
160,9,[]
174,9,[]
188,10,[]
204,8,[]
217,10,[]
233,9,[3, 4, 5, 6, 7, 8]
247,9,[]
258,12,[]
273,17,[]
294,16,[]
313,18,[]
335,15,[]
353,15,[]
371,13,[]
387,12,[]
402,22,[]
428,13,[]
444,14,[]
461,15,[]
479,12,[]
494,83,[]
607,10,[]
623,6,[]
633,7,[]
644,7,[]
655,9,[]
669,11,[]
686,12,[]
705,14,[]
727,14,[]
749,14,[]
771,15,[]
795,13,[]
816,10,[]
832,12,[]
851,13,[]
872,13,[]
888,17,[]
909,17,[]
930,19,[]
953,21,[]
978,19,[]
1001,19,[]
1028,18,[]
1054,21,[]
1085,23,[]
1119,22,[]
1151,21,[6, 7, 8, 9, 10, 11, 12, 13, 14, 15, 16, 17]
1182,24,[]
1217,26,[]
1255,79,[]
1369,23,[]
1408,25,[]
1450,25,[]
1492,24,[]
1532,21,[]
1567,19,[]
1599,18,[]
1629,20,[]
1663,18,[]
1693,21,[]
1728,26,[]
1772,24,[]
1812,21,[]
1847,23,[]
1886,25,[]
1928,23,[]
1962,21,[]
1993,18,[]
2019,21,[]
2051,20,[16]
2076,23,[]
2105,19,[]
2129,20,[]
2159,23,[]
2194,22,[]
2227,23,[]
2262,21,[]
2294,22,[]
2327,19,[]
2356,58,[]
2443,16,[]
2471,17,[]
2501,18,[]
2533,21,[]
2570,19,[]
2603,19,[]
2636,19,[]
2669,19,[]
2702,22,[]
2741,18,[]
2773,21,[]
2810,19,[]
2843,19,[]
2876,18,[]
2908,16,[]
2936,17,[]
2962,15,[]
2981,15,[]
3000,16,[]
3020,17,[]
3041,13,[]
3057,13,[]
3073,13,[]
3089,14,[]
3106,15,[]
3124,15,[7, 8, 9]
3142,14,[]
3159,16,[]
3178,14,[10, 11, 12, 13]
3195,60,[]
3277,9,[]
3291,10,[]
3307,9,[]
3321,10,[]
3337,10,[]
3353,10,[]
3369,18,[]
3397,10,[]
3413,7,[]
3424,8,[]
3437,9,[]
3451,11,[]
3468,11,[]
3485,10,[]
3501,11,[]
3518,13,[]
3534,12,[]
3549,12,[]
3564,11,[6]
3577,12,[]
3592,11,[]
3605,13,[]
3621,13,[]
3637,14,[]
3654,14,[3, 4, 5]
3671,15,[]
3689,14,[]
3706,13,[]
3722,15,[]
3740,56,[]
3817,9,[]
3831,11,[]
3848,12,[]
3867,13,[]
3888,14,[]
3910,14,[]
3932,11,[]
3949,13,[]
3970,14,[]
3992,15,[]
4016,14,[]
4038,13,[]
4059,15,[]
4083,15,[]
4107,14,[]
4129,14,[]
4149,15,[]
4170,14,[]
4190,16,[]
4212,15,[]
4233,14,[3, 4, 5, 6, 7, 8, 9]
4253,14,[]
4273,14,[]
4293,13,[]
4311,13,[]
4329,14,[]
4349,13,[]
4367,12,[]
4384,15,[]
4405,48,[]
4471,10,[]
4487,12,[]
4506,11,[]
4523,12,[]
4542,12,[]
4561,12,[]
4580,13,[]
4601,12,[]
4620,12,[]
4639,13,[]
4660,12,[]
4679,14,[]
4701,13,[]
4722,13,[]
4743,13,[]
4764,15,[]
4785,13,[]
4803,12,[]
4818,10,[]
4832,13,[]
4850,12,[]
4867,12,[]
4884,14,[]
4904,12,[]
4921,13,[]
4939,14,[]
4959,14,[]
4979,14,[]
4999,12,[]
5016,47,[]
5080,7,[]
5091,9,[]
5105,11,[]
5122,12,[]
5140,11,[]
5157,12,[]
5175,13,[]
5195,12,[]
5213,12,[]
5231,12,[]
5249,11,[]
5266,12,[]
5284,11,[]
5301,13,[]
5321,13,[3, 4, 5, 6, 7, 8, 9, 10]
5341,14,[]
5358,12,[]
5372,12,[]
5386,18,[]
5410,10,[]
5422,11,[]
5435,10,[]
5449,10,[]
5461,11,[]
5474,12,[]
5490,13,[]
5508,14,[]
5527,12,[]
5543,14,[]
5562,43,[]
5619,11,[]
5636,12,[]
5654,13,[]
5674,14,[]
5695,15,[]
5717,14,[]
5738,14,[]
5759,15,[]
5781,16,[]
5805,18,[]
5832,18,[]
5859,16,[]
5883,16,[]
5907,16,[]
5931,17,[]
5956,18,[]
5980,21,[]
6008,19,[5, 6, 7, 8, 9, 10, 11, 12, 13, 14, 15]
6033,19,[]
6058,19,[]
6083,20,[]
6111,19,[]
6135,16,[]
6155,17,[]
6176,16,[]
6196,15,[]
6215,15,[]
6234,17,[]
6255,15,[]
6274,55,[]
6354,9,[]
6369,9,[]
6384,10,[]
6401,13,[]
6423,12,[]
6443,13,[]
6465,13,[]
6487,15,[]
6512,17,[]
6541,17,[]
6570,17,[]
6599,15,[]
6624,17,[]
6653,20,[]
6687,19,[]
6719,19,[]
6747,17,[]
6772,18,[]
6798,19,[]
6826,17,[]
6851,18,[]
6877,17,[]
6902,18,[]
6928,18,[]
6954,17,[]
6979,17,[]
7000,17,[]
7025,16,[]
7049,7,[]
0,27,[]
34,7,[]
44,8,[]
55,8,[]
66,8,[]
77,8,[]
88,13,[]
106,9,[]
119,10,[]
133,11,[]
149,9,[]
162,8,[]
173,8,[]
184,8,[]
195,7,[]
205,9,[]
218,17,[13, 14, 15]
238,14,[]
254,15,[]
271,13,[]
286,9,[]
297,14,[10, 11, 12]
313,16,[]
331,20,[]
354,16,[]
372,12,[]
386,15,[]
403,17,[]
423,20,[13, 14, 15, 16, 17, 18, 19]
446,17,[]
466,84,[]
571,14,[]
591,11,[]
607,10,[]
621,8,[]
632,11,[]
648,11,[]
664,12,[]
681,16,[5, 6, 7, 8, 9, 10, 11, 12, 13, 14, 15]
703,14,[]
723,14,[]
743,13,[]
761,15,[]
782,14,[]
802,15,[]
823,14,[]
843,16,[]
861,15,[]
878,14,[]
894,14,[]
910,16,[]
928,14,[]
944,15,[]
961,14,[]
977,15,[]
994,13,[]
1009,14,[]
1026,12,[]
1041,15,[10]
1060,12,[]
1075,58,[]
1158,9,[]
1173,11,[]
1191,12,[]
1211,15,[]
1236,13,[]
1258,15,[]
1283,13,[]
1305,16,[]
1332,14,[]
1355,15,[]
1380,15,[]
1405,17,[]
1433,16,[]
1460,16,[]
1487,14,[]
1510,19,[]
1537,13,[]
1553,18,[]
1579,12,[]
1594,16,[]
1614,15,[]
1633,17,[]
1658,19,[]
1685,21,[]
1715,22,[]
1747,23,[]
1780,23,[]
1813,20,[]
1842,20,[]
1871,68,[]
1968,18,[]
1998,19,[]
2029,18,[]
2059,19,[]
2090,19,[]
2121,17,[]
2149,20,[]
2182,23,[]
2220,20,[]
2253,21,[]
2288,20,[]
2321,20,[]
2354,21,[]
2389,19,[]
2420,22,[]
2456,20,[]
2485,19,[]
2512,26,[]
2549,18,[]
2575,22,[]
2607,21,[]
2637,24,[5, 6, 7, 8, 9, 10, 11, 12, 13, 14, 15, 16]
2672,22,[]
2704,25,[]
2740,26,[]
2777,25,[]
2813,24,[]
2848,24,[]
2883,21,[]
2913,69,[]
3011,13,[]
3033,13,[]
3055,13,[]
3077,16,[]
3105,14,[]
3129,16,[]
3157,15,[]
3183,15,[]
3209,18,[]
3240,18,[]
3271,19,[]
3304,17,[]
3333,18,[]
3364,18,[]
3395,17,[]
3424,14,[]
3445,13,[]
3464,13,[]
3483,13,[]
3502,14,[]
3523,13,[]
3542,13,[]
3561,15,[]
3583,14,[]
3604,14,[]
3625,12,[]
3640,12,[]
3655,12,[]
3673,11,[]
3690,66,[]
3787,10,[]
3804,13,[]
3826,11,[]
3845,14,[]
3869,14,[]
3893,16,[]
3921,15,[]
3947,18,[]
3978,18,[]
4009,19,[]
4042,18,[]
4069,16,[]
4092,15,[]
4113,16,[]
4135,15,[]
4156,15,[]
4173,13,[]
4188,14,[]
4206,12,[]
4221,14,[]
4239,15,[]
4258,17,[]
4280,20,[]
4305,18,[]
4328,18,[]
4351,17,[]
4373,18,[]
4396,17,[]
4418,17,[]
4440,40,[]
4490,14,[]
4510,14,[]
4530,14,[3, 4, 5, 6, 7, 8, 9, 10]
4550,14,[]
4570,12,[]
4587,13,[]
4605,12,[]
4622,12,[]
4639,11,[]
4655,11,[]
4671,9,[]
4684,10,[]
4698,21,[]
4727,27,[]
4765,25,[]
4800,10,[]
4813,14,[]
4831,17,[]
4853,18,[]
4876,22,[]
4904,17,[]
4926,17,[]
4948,19,[]
4972,17,[]
4994,18,[]
5017,17,[]
5039,17,[]
5061,16,[]
5082,15,[]
5102,34,[]
5146,9,[]
5159,10,[]
5174,10,[3, 4, 5, 6, 7, 8, 9]
5189,11,[]
5205,11,[]
5221,20,[]
5250,21,[]
5281,20,[]
5310,9,[]
5323,12,[]
5341,25,[]
5377,9,[]
5390,8,[]
5402,23,[]
5436,9,[]
5449,13,[]
5464,26,[]
5498,8,[6, 7]
5508,10,[]
5520,11,[]
5533,9,[]
5544,14,[]
5561,11,[]
5574,12,[]
5588,11,[]
5601,12,[]
5615,11,[4]
5628,11,[]
5641,10,[]
5653,42,[]
5708,7,[]
5719,9,[]
5732,11,[]
5748,10,[]
5763,12,[]
5781,10,[]
5796,14,[]
5817,11,[]
5833,13,[]
5852,13,[]
5871,14,[]
5892,15,[]
5914,14,[]
5935,13,[]
5954,15,[]
5976,12,[]
5990,14,[]
6007,11,[]
6020,14,[]
6037,13,[]
6052,16,[]
6073,5,[]
6079,17,[]
6104,17,[]
6129,20,[]
6159,17,[]
6184,21,[]
6215,21,[]
6246,18,[]
6273,57,[]
6357,13,[]
6379,14,[]
6403,14,[]
6427,15,[]
6453,12,[]
6474,16,[]
6502,13,[]
6524,14,[]
6548,16,[]
6576,16,[]
6604,21,[]
6640,16,[]
6668,17,[]
6697,15,[]
6723,16,[]
6751,16,[]
6775,15,[]
6797,14,[]
6818,15,[]
6840,14,[]
6861,15,[]
6883,15,[]
6905,14,[]
6926,14,[]
6947,14,[]
6968,15,[]
6990,14,[]
7011,15,[]
7033,15,[]
0,29,[]
38,8,[]
50,14,[]
71,16,[]
95,16,[]
119,16,[]
143,17,[]
168,16,[]
192,17,[]
217,16,[]
241,17,[]
266,16,[]
290,19,[]
318,15,[]
340,17,[]
365,15,[]
387,18,[]
408,16,[]
427,18,[]
448,16,[]
467,18,[]
488,17,[15, 16]
508,18,[]
529,16,[]
548,17,[]
568,22,[]
597,17,[]
617,18,[]
638,17,[12, 13, 14, 15, 16]
658,16,[]
677,54,[]
748,14,[]
769,16,[]
793,15,[]
815,11,[]
832,14,[]
853,15,[]
875,17,[]
900,15,[]
922,16,[]
946,16,[]
970,16,[]
994,17,[]
1019,15,[]
1044,14,[]
1068,17,[]
1098,14,[]
1116,16,[]
1136,16,[]
1156,14,[]
1174,16,[]
1194,14,[]
1212,16,[]
1232,15,[]
1251,15,[]
1270,16,[]
1290,14,[]
1308,16,[]
1328,16,[]
1348,14,[]
1366,59,[]
1454,9,[]
1470,13,[]
1493,14,[]
1518,16,[]
1546,15,[]
1573,16,[]
1601,15,[]
1628,17,[]
1658,15,[]
1685,16,[]
1713,15,[]
1740,17,[]
1770,15,[]
1797,16,[]
1825,15,[]
1852,16,[]
1876,14,[]
1897,16,[]
1917,14,[]
1935,15,[]
1954,16,[]
1974,13,[12]
1991,14,[]
2009,14,[]
2027,15,[]
2046,15,[]
2064,14,[11, 12, 13]
2081,16,[4, 5]
2101,14,[]
2118,49,[]
2187,10,[]
2204,12,[]
2224,12,[]
2244,15,[]
2269,12,[]
2289,13,[]
2310,13,[]
2331,13,[]
2352,12,[]
2372,15,[]
2397,12,[]
2417,12,[]
2437,10,[]
2454,11,[]
2472,10,[]
2489,12,[]
2504,11,[3]
2518,14,[]
2535,14,[]
2552,13,[]
2568,14,[]
2585,15,[]
2603,14,[]
2620,15,[]
2638,14,[]
2655,15,[]
2673,15,[13, 14]
2691,17,[]
2712,14,[3, 4, 5, 6, 7, 8, 9, 10]
2729,56,[]
2808,10,[]
2825,14,[]
2848,14,[]
2871,15,[]
2896,13,[]
2917,14,[]
2940,21,[]
2974,13,[]
2995,15,[]
3020,14,[]
3043,13,[]
3065,15,[]
3092,13,[]
3115,14,[]
3140,13,[]
3163,15,[]
3182,14,[]
3200,16,[]
3220,13,[]
3237,13,[]
3254,11,[]
3268,17,[]
3290,15,[]
3309,18,[]
3332,18,[]
3355,17,[]
3377,18,[]
3400,14,[]
3418,17,[7, 8, 9, 10, 11, 12, 13]
3440,58,[]
3527,11,[]
3547,14,[]
3572,12,[]
3593,16,[]
3621,14,[]
3646,15,[]
3673,15,[]
3700,17,[]
3730,17,[]
3760,18,[]
3792,16,[]
3820,17,[]
3850,15,[]
3877,16,[]
3905,15,[]
3932,16,[]
3952,16,[]
3972,16,[]
3992,15,[]
4011,15,[4, 5, 6, 7, 8, 9, 10, 11]
4030,13,[]
4047,14,[]
4065,14,[]
4083,16,[]
4103,14,[]
4121,14,[]
4139,12,[]
4154,14,[]
4172,15,[]
4191,51,[]
4267,10,[]
4285,13,[]
4308,12,[]
4329,14,[]
4354,15,[]
4381,14,[]
4406,13,[]
4429,14,[]
4454,12,[]
4475,13,[]
4498,14,[]
4523,15,[]
4550,14,[]
4575,12,[]
4596,12,[]
4617,14,[]
4635,13,[]
4652,15,[]
4671,16,[]
4691,16,[]
4711,15,[]
4734,16,[]
4758,14,[]
4779,15,[]
4802,14,[]
4823,15,[]
4846,13,[]
4863,14,[7]
4881,13,[]
4898,46,[]
4967,10,[]
4985,13,[]
5008,12,[]
5029,14,[]
5054,13,[]
5077,14,[]
5102,15,[]
5129,15,[]
5156,14,[]
5181,13,[]
5204,13,[]
5227,12,[]
5248,14,[]
5273,12,[]
5294,13,[]
5317,12,[]
5335,14,[]
5356,12,[]
5374,17,[]
5400,15,[]
5423,15,[]
5446,15,[]
5465,16,[]
5485,15,[]
5504,16,[]
5524,15,[]
5543,16,[4, 5, 6, 7, 8, 9, 10, 11]
5563,15,[]
5586,14,[]
5607,39,[]
5666,9,[]
5682,10,[]
5700,12,[]
5721,12,[]
5742,12,[]
5763,12,[]
5784,14,[]
5809,12,[]
5830,13,[]
5853,12,[]
5874,13,[]
5897,15,[]
5924,14,[]
5949,14,[]
5974,15,[]
6001,15,[]
6020,16,[]
6040,16,[]
6060,16,[]
6080,14,[]
6098,15,[]
6117,13,[]
6134,15,[]
6153,13,[]
6170,14,[]
6188,13,[]
6205,15,[]
6224,15,[]
6243,14,[]
6264,42,[]
6327,12,[]
6348,14,[]
6373,13,[]
6396,16,[]
6424,15,[]
6451,16,[]
6479,15,[]
6506,16,[]
6534,16,[]
6562,17,[]
6592,16,[]
6620,17,[]
6650,16,[]
6678,16,[]
6706,15,[]
6733,17,[]
6755,16,[]
6775,17,[]
6797,16,[]
6817,17,[]
6839,16,[]
6859,16,[]
6879,16,[]
6899,15,[]
6918,13,[]
6935,14,[]
6953,14,[]
6971,16,[]
6991,7,[]
0,45,[]
63,28,[]
107,23,[]
144,20,[]
176,21,[]
209,24,[]
247,21,[]
280,19,[]
310,23,[]
347,22,[]
382,23,[]
419,20,[]
451,22,[]
486,20,[]
518,21,[]
551,21,[]
584,21,[]
613,18,[]
638,19,[]
665,19,[]
692,21,[]
721,5,[]
727,22,[]
758,22,[]
789,23,[]
821,27,[]
859,27,[]
897,29,[]
938,31,[]
981,28,[]
1020,75,[]
1131,26,[]
1178,26,[]
1225,22,[]
1265,13,[]
1289,12,[]
1311,14,[]
1336,14,[]
1361,13,[]
1385,10,[]
1403,11,[]
1423,11,[]
1443,12,[]
1465,13,[]
1489,11,[]
1509,11,[]
1529,12,[]
1548,10,[]
1564,11,[]
1581,12,[]
1600,11,[]
1617,12,[]
1636,12,[]
1655,10,[]
1671,12,[]
1690,12,[]
1709,12,[]
1728,11,[]
1745,10,[]
1761,10,[]
1777,41,[]
1840,8,[]
1855,8,[]
1870,8,[]
1885,11,[]
1905,9,[]
1922,9,[]
1939,8,[]
1954,9,[]
1971,9,[]
1988,10,[]
2006,12,[]
2028,11,[]
2046,10,[]
2061,10,[]
2076,11,[]
2092,11,[]
2107,13,[]
2124,11,[]
2139,10,[]
2152,12,[]
2168,12,[]
2184,14,[]
2203,13,[]
2220,11,[]
2235,14,[]
2254,13,[]
2271,14,[]
2290,15,[]
2310,14,[]
2329,36,[]
2376,12,[]
2394,13,[]
2413,13,[]
2432,15,[]
2454,15,[]
2476,12,[]
2494,13,[]
2513,14,[]
2534,14,[]
2555,14,[]
2576,11,[]
2592,15,[7, 8, 9, 10, 11, 12, 13, 14]
2614,12,[]
2632,12,[]
2650,15,[]
2672,11,[]
2687,14,[]
2706,13,[0, 1, 2, 3, 4, 5, 6, 7]
2723,13,[]
2740,13,[]
2757,12,[]
2773,12,[]
2789,12,[]
2805,14,[]
2824,13,[]
2841,14,[]
2860,13,[]
2877,16,[]
2898,15,[]
2918,40,[]
2970,8,[]
2982,14,[]
3003,11,[]
3019,12,[]
3037,14,[]
3059,14,[]
3083,16,[]
3111,15,[]
3137,12,[]
3158,14,[]
3183,13,[]
3206,14,[]
3231,13,[]
3254,13,[]
3277,14,[]
3302,14,[]
3323,15,[]
3346,13,[]
3366,14,[]
3387,14,[4, 5, 6]
3405,15,[]
3424,15,[]
3443,12,[]
3461,11,[]
3478,13,[]
3498,11,[]
3515,12,[]
3533,12,[]
3551,13,[]
3568,51,[]
3644,6,[]
3655,10,[]
3673,11,[]
3692,13,[]
3715,10,[]
3733,11,[]
3752,12,[]
3773,13,[]
3796,16,[]
3824,16,[]
3852,16,[]
3880,15,[]
3906,16,[]
3934,14,[]
3959,15,[]
3985,17,[]
4011,14,[]
4032,15,[]
4055,14,[]
4077,14,[]
4099,13,[]
4119,15,[]
4142,14,[]
4164,13,[]
4184,17,[]
4210,15,[]
4233,11,[]
4250,13,[]
4270,11,[]
4287,57,[]
4374,8,[]
4389,9,[]
4406,12,[]
4428,13,[]
4452,9,[]
4469,11,[]
4489,11,[]
4509,14,[]
4534,11,[]
4554,12,[]
4576,12,[]
4598,13,[]
4622,11,[]
4642,10,[]
4660,15,[]
4687,14,[]
4705,12,[]
4721,12,[]
4737,12,[]
4753,11,[]
4767,12,[]
4783,14,[]
4805,14,[]
4827,12,[]
4846,14,[]
4864,13,[]
4881,9,[]
4893,12,[]
4909,16,[]
4930,63,[]
5026,5,[]
5035,8,[]
5050,10,[]
5068,9,[]
5084,12,[]
5105,8,[]
5119,13,[]
5142,11,[]
5161,9,[]
5177,14,[]
5202,12,[]
5223,12,[]
5244,9,[]
5260,11,[]
5279,11,[]
5298,14,[]
5316,12,[]
5331,13,[]
5348,10,[]
5361,14,[]
5379,12,[]
5394,13,[]
5411,10,[]
5424,12,[]
5439,12,[]
5454,14,[]
5472,17,[]
5494,15,[7, 8]
5513,14,[]
5531,75,[]
5642,5,[]
5651,12,[]
5672,11,[]
5691,12,[]
5712,14,[]
5737,11,[]
5756,11,[]
5775,15,[]
5801,13,[]
5824,12,[]
5845,14,[]
5870,12,[]
5891,13,[]
5914,16,[]
5942,13,[]
5965,17,[]
5991,15,[]
6014,17,[]
6040,14,[]
6061,17,[]
6087,13,[]
6106,14,[]
6123,14,[]
6143,15,[]
6164,13,[]
6182,14,[]
6202,12,[]
6219,13,[]
6237,12,[]
6254,57,[]
6333,7,[]
6344,11,[]
6362,12,[]
6381,15,[]
6405,14,[]
6427,14,[]
6449,15,[]
6473,15,[]
6497,17,[]
6524,20,[]
6556,19,[]
6586,19,[]
6616,18,[]
6645,14,[]
6667,15,[]
6691,18,[]
6716,15,[3, 4, 5, 6, 7, 8, 9, 10]
6737,17,[]
6761,17,[]
6785,21,[]
6814,19,[]
6841,21,[]
6870,19,[]
6897,21,[]
6926,15,[]
6947,17,[]
6971,15,[]
6992,17,[]
7016,16,[]
0,31,[]
41,4,[]
47,6,[1, 2, 3, 4, 5]
56,12,[]
74,13,[]
94,12,[]
112,12,[]
130,11,[]
147,12,[]
165,14,[]
186,15,[]
208,13,[]
228,14,[]
249,11,[]
266,12,[]
284,12,[]
302,14,[]
319,16,[]
338,15,[]
356,14,[]
373,17,[]
393,14,[]
410,15,[]
428,18,[]
452,7,[]
461,19,[]
486,20,[]
513,17,[]
536,15,[]
556,14,[]
575,43,[]
632,13,[]
652,18,[]
679,19,[]
707,13,[]
727,18,[]
754,21,[]
785,21,[]
816,21,[]
847,20,[]
877,23,[]
911,22,[]
944,21,[]
975,22,[]
1008,23,[]
1045,21,[]
1080,21,[]
1111,18,[]
1137,21,[]
1168,18,[]
1194,17,[]
1215,17,[]
1240,19,[]
1268,17,[]
1293,17,[]
1314,22,[]
1346,16,[]
1370,15,[]
1392,17,[]
1413,19,[]
1441,73,[]
1547,7,[]
1559,15,[]
1584,13,[]
1606,15,[]
1631,15,[]
1656,14,[]
1680,14,[]
1704,17,[]
1733,16,[]
1760,17,[]
1789,16,[]
1816,14,[]
1840,14,[]
1864,16,[]
1891,14,[]
1915,15,[]
1934,13,[]
1953,14,[]
1971,13,[]
1990,16,[]
2014,13,[]
2030,13,[]
2046,13,[]
2062,17,[]
2083,14,[]
2101,14,[]
2119,12,[7]
2134,16,[]
2154,11,[]
2168,75,[]
2276,6,[]
2286,10,[]
2303,10,[]
2320,13,[]
2342,11,[]
2361,15,[]
2386,10,[]
2403,12,[]
2423,15,[]
2448,16,[]
2475,12,[]
2495,14,[]
2519,12,[]
2539,15,[]
2564,11,[]
2583,13,[11, 12]
2599,10,[]
2612,15,[]
2631,14,[]
2649,16,[]
2669,12,[]
2684,11,[]
2698,14,[]
2716,12,[]
2731,12,[]
2746,16,[]
2766,12,[11]
2781,10,[]
2794,12,[]
2809,87,[]
2935,9,[]
2950,11,[]
2969,9,[]
2984,13,[]
3006,10,[]
3023,12,[]
3044,13,[]
3067,14,[]
3092,13,[]
3115,14,[]
3140,15,[]
3167,14,[]
3192,11,[]
3212,15,[]
3239,17,[]
3269,14,[11, 12, 13]
3287,14,[]
3308,13,[]
3325,13,[]
3345,15,[]
3368,13,[]
3388,15,[]
3411,16,[]
3435,18,[]
3462,15,[]
3485,17,[]
3511,18,[]
3538,19,[]
3567,19,[]
3596,56,[]
3680,16,[]
3708,15,[]
3735,18,[]
3767,14,[]
3792,17,[]
3822,17,[]
3852,19,[]
3885,20,[]
3920,19,[]
3953,17,[]
3983,14,[]
4008,15,[]
4035,15,[]
4062,16,[]
4090,17,[]
4120,18,[]
4147,19,[]
4176,18,[]
4203,17,[]
4229,13,[]
4249,13,[]
4269,14,[]
4290,15,[]
4313,16,[]
4337,16,[]
4361,16,[]
4385,17,[]
4411,12,[]
4426,16,[]
4446,44,[]
4512,7,[]
4525,16,[]
4553,9,[]
4569,15,[]
4596,11,[]
4616,11,[]
4636,10,[]
4654,11,[]
4674,10,[]
4692,11,[]
4712,14,[]
4737,11,[]
4757,10,[]
4775,11,[]
4795,13,[]
4818,14,[]
4836,10,[]
4849,14,[]
4867,10,[]
4880,12,[]
4895,10,[]
4908,11,[]
4922,12,[]
4937,14,[]
4955,15,[]
4978,13,[]
4998,13,[]
5018,13,[]
5038,11,[]
5055,49,[]
5129,7,[]
5142,11,[]
5162,10,[]
5180,11,[]
5200,12,[]
5221,10,[]
5239,10,[]
5257,12,[]
5278,10,[]
5296,11,[]
5316,13,[]
5339,13,[]
5362,13,[]
5385,13,[]
5408,10,[]
5426,13,[]
5443,11,[]
5457,12,[]
5472,10,[]
5485,14,[]
5503,11,[]
5517,13,[]
5534,11,[]
5548,14,[]
5566,10,[]
5579,12,[]
5594,10,[]
5607,14,[]
5625,12,[8, 9]
5640,63,[]
5734,8,[]
5748,10,[]
5766,12,[]
5787,13,[]
5810,12,[]
5831,12,[]
5852,6,[]
5863,11,[]
5883,13,[]
5906,14,[]
5931,12,[]
5952,12,[]
5973,11,[]
5993,13,[]
6016,11,[]
6036,14,[]
6054,12,[]
6069,14,[]
6086,13,[]
6102,14,[11]
6119,11,[]
6132,12,[]
6147,12,[]
6162,15,[]
6183,14,[]
6203,15,[]
6221,13,[]
6237,17,[]
6258,15,[]
6276,57,[]
6354,11,[]
6371,14,[]
6393,14,[]
6415,15,[]
6439,13,[]
6460,17,[]
6487,16,[]
6512,15,[]
6536,17,[]
6563,19,[]
6593,19,[]
6623,16,[]
6648,18,[]
6676,17,[]
6703,18,[]
6731,17,[]
6752,16,[]
6771,17,[]
6792,18,[]
6817,15,[]
6838,14,[]
6858,14,[]
6878,15,[]
6899,16,[]
6921,17,[]
6945,20,[]
6973,20,[]
7001,19,[]
7027,13,[]
0,50,[]
70,6,[]
80,12,[]
100,13,[]
121,16,[]
147,11,[]
165,15,[]
190,14,[]
213,14,[]
236,25,[]
277,14,[]
300,13,[]
321,14,[]
344,14,[]
367,14,[]
390,11,[]
408,16,[]
428,16,[]
448,15,[]
466,16,[]
486,17,[]
507,15,[]
525,15,[4, 5, 6, 7, 8, 9, 10, 11, 12, 13]
543,15,[]
561,14,[]
578,13,[]
594,14,[]
611,14,[]
628,17,[]
649,16,[]
669,127,[]
847,4,[]
854,9,[]
869,12,[]
889,4,[]
896,6,[]
906,10,[]
923,13,[]
944,13,[]
965,11,[]
983,12,[]
1003,12,[]
1023,14,[]
1046,12,[]
1066,12,[]
1086,16,[]
1112,13,[]
1128,15,[]
1146,19,[]
1169,19,[]
1192,16,[]
1212,16,[]
1232,13,[]
1248,16,[5, 6]
1268,13,[]
1284,15,[]
1302,12,[]
1317,17,[10]
1338,15,[]
1359,18,[]
1385,96,[]
1520,5,[]
1529,9,[]
1544,15,[]
1569,11,[]
1587,15,[]
1612,12,[]
1632,16,[]
1658,14,[]
1681,15,[]
1706,11,[]
1724,17,[]
1752,15,[]
1777,16,[]
1803,15,[]
1828,20,[]
1861,13,[]
1877,17,[]
1898,16,[]
1918,20,[]
1942,19,[]
1965,18,[]
1987,15,[]
2005,21,[]
2031,14,[]
2049,17,[]
2071,14,[]
2089,20,[]
2119,17,[]
2145,19,[]
2174,95,[]
2316,7,[]
2329,10,[]
2347,15,[]
2374,12,[]
2395,16,[]
2423,16,[]
2451,14,[]
2476,13,[]
2499,15,[]
2526,13,[]
2549,14,[]
2574,13,[]
2597,13,[]
2620,8,[]
2634,16,[]
2662,16,[]
2686,14,[]
2707,15,[]
2730,20,[]
2760,17,[9, 10, 11, 12, 13, 14, 15]
2782,13,[]
2799,12,[]
2817,25,[]
2855,13,[]
2875,14,[]
2896,14,[]
2917,14,[]
2938,10,[]
2953,16,[]
2977,66,[]
3076,6,[]
3086,9,[3, 4, 5, 6, 7, 8]
3100,13,[]
3120,9,[]
3134,11,[]
3151,12,[]
3169,12,[]
3187,12,[]
3205,13,[]
3225,12,[]
3243,13,[]
3263,18,[]
3290,15,[]
3312,15,[]
3334,16,[]
3358,13,[]
3374,18,[8, 9, 10, 11, 12, 13, 14, 15]
3398,18,[]
3422,18,[]
3446,16,[]
3467,15,[]
3487,15,[]
3507,13,[]
3525,12,[]
3541,12,[]
3557,12,[]
3573,14,[]
3592,11,[]
3607,15,[]
3627,59,[]
3705,10,[]
3720,11,[]
3737,11,[]
3754,10,[]
3769,13,[]
3789,11,[]
3806,13,[]
3826,15,[]
3848,16,[]
3872,15,[]
3894,12,[]
3912,17,[]
3937,15,[]
3959,16,[]
3983,15,[]
4005,16,[]
4026,15,[]
4046,20,[]
4073,12,[]
4089,12,[]
4105,10,[]
4119,12,[]
4135,18,[]
4159,11,[]
4174,15,[]
4194,18,[]
4218,14,[]
4237,16,[]
4258,14,[]
4277,69,[]
4368,9,[]
4382,11,[]
4399,14,[]
4420,17,[]
4445,21,[]
4476,23,[]
4510,19,[]
4538,21,[]
4569,18,[]
4596,17,[]
4621,15,[]
4643,18,[]
4670,15,[]
4692,19,[]
4720,18,[]
4747,18,[8, 9, 10, 11, 12, 13, 14, 15, 16, 17]
4771,19,[]
4796,21,[]
4824,21,[]
4852,22,[]
4881,25,[]
4914,22,[]
4943,20,[]
4970,22,[]
4999,22,[]
5028,22,[]
5057,21,[]
5085,20,[]
5112,19,[]
5140,68,[]
5242,13,[]
5266,16,[]
5295,19,[]
5330,18,[]
5363,24,[]
5407,20,[]
5443,14,[]
5469,13,[]
5493,12,[]
5515,11,[]
5535,14,[]
5561,12,[]
5583,12,[]
5605,15,[]
5632,15,[]
5659,14,[]
5681,15,[]
5704,15,[]
5727,22,[]
5761,16,[]
5786,18,[]
5814,16,[]
5839,16,[]
5864,17,[]
5891,17,[]
5918,16,[]
5943,13,[]
5963,14,[]
5985,14,[]
6007,47,[]
6079,11,[]
6099,16,[]
6128,15,[]
6153,14,[]
6176,15,[]
6201,15,[]
6226,15,[]
6251,14,[]
6274,11,[]
6292,11,[]
6310,15,[]
6335,11,[]
6353,10,[]
6370,13,[]
6391,11,[]
6409,15,[]
6430,12,[]
6445,10,[]
6457,16,[]
6477,15,[]
6498,11,[]
6514,12,[]
6531,16,[2, 3, 4, 5, 6, 7, 8, 9]
6554,13,[]
6573,15,[]
6594,12,[]
6611,13,[]
6630,12,[]
6647,12,[]
6664,53,[]
6739,9,[]
6754,11,[]
6772,13,[]
6793,14,[]
6816,15,[]
6841,16,[]
6867,16,[]
6893,17,[3, 4, 5, 6, 7, 8, 9, 10, 11, 12, 13, 14]
6921,15,[]
6946,15,[]
6971,19,[]
7002,16,[]
7028,15,[]
7053,15,[]
7078,14,[]
7101,22,[]
7132,11,[]
7148,14,[]
7169,15,[]
7192,16,[]
7216,15,[]
7239,14,[]
7260,15,[]
7283,14,[]
7304,12,[]
7322,10,[]
7337,10,[]
7352,13,[]
7372,11,[]
0,47,[]
60,11,[]
76,13,[]
95,7,[3, 4, 5, 6]
105,15,[]
127,17,[]
151,14,[]
171,15,[]
193,6,[]
202,15,[]
224,12,[]
241,14,[]
261,26,[]
298,12,[]
315,13,[]
334,9,[]
347,12,[]
361,12,[]
375,16,[]
394,18,[]
415,10,[]
427,17,[7, 8, 9, 10, 11, 12, 13, 14, 15, 16]
447,17,[]
467,26,[]
501,14,[]
517,11,[]
530,11,[]
543,10,[]
555,14,[]
571,28,[]
603,103,[]
734,9,[]
747,5,[]
755,6,[]
764,4,[]
770,6,[]
779,7,[]
789,20,[]
818,23,[]
851,5,[]
859,14,[]
879,13,[]
898,15,[]
920,12,[]
937,7,[]
947,13,[]
966,19,[13, 14, 15, 16, 17, 18]
988,19,[]
1010,18,[]
1032,13,[]
1048,15,[]
1066,7,[]
1075,16,[]
1095,19,[16, 17, 18]
1118,15,[]
1136,16,[]
1156,4,[]
1161,18,[]
1183,17,[]
1204,29,[]
1245,83,[]
1362,8,[]
1375,10,[]
1392,5,[]
1401,12,[]
1421,11,[]
1439,14,[]
1462,15,[]
1487,9,[]
1502,16,[]
1528,14,[]
1551,16,[]
1577,19,[]
1608,16,[]
1634,18,[]
1663,4,[]
1670,18,[]
1692,22,[]
1719,19,[]
1742,25,[14]
1772,8,[]
1782,21,[5, 6, 7, 8]
1808,13,[]
1824,18,[]
1846,12,[]
1861,20,[]
1885,14,[]
1902,9,[]
1913,25,[]
1943,18,[]
1965,82,[]
2080,6,[]
2089,3,[0, 1, 2]
2094,9,[]
2107,14,[]
2127,26,[]
2164,25,[]
2200,24,[]
2234,14,[]
2254,23,[]
2287,6,[]
2296,14,[]
2316,12,[]
2333,14,[]
2353,18,[]
2379,11,[]
2395,21,[]
2419,19,[3, 4]
2441,29,[13, 14, 15, 16, 17, 18, 19]
2474,14,[]
2490,12,[]
2504,9,[]
2515,11,[]
2528,8,[]
2538,10,[]
2550,26,[]
2580,29,[]
2613,8,[]
2623,40,[]
2674,29,[]
2711,67,[]
2797,1,[]
2799,6,[]
2808,5,[]
2816,2,[]
2819,11,[]
2835,7,[]
2845,8,[]
2857,8,[]
2869,13,[]
2888,20,[]
2917,16,[]
2940,34,[]
2988,14,[]
3008,18,[]
3034,11,[]
3050,17,[]
3070,14,[]
3086,14,[]
3102,15,[]
3120,9,[]
3131,21,[]
3155,20,[13]
3178,21,[]
3202,17,[]
3222,12,[]
3236,11,[]
3249,9,[]
3260,15,[14]
3278,12,[]
3292,88,[]
3404,12,[]
3421,4,[]
3427,18,[]
3453,18,[]
3479,8,[]
3491,12,[]
3508,11,[]
3524,12,[]
3541,9,[]
3554,14,[]
3574,14,[]
3594,22,[]
3625,32,[]
3670,7,[]
3680,15,[]
3702,16,[]
3721,9,[]
3732,34,[]
3776,14,[]
3792,24,[]
3820,6,[]
3827,25,[]
3856,23,[12, 13]
3883,23,[]
3910,22,[]
3935,7,[]
3943,13,[3, 4, 5, 6, 7, 8, 9, 10]
3958,14,[]
3974,18,[]
3995,68,[]
4082,17,[]
4106,28,[]
4148,6,[]
4157,19,[]
4185,26,[]
4224,14,[]
4245,20,[]
4275,8,[]
4287,22,[]
4320,16,[]
4344,23,[]
4378,18,[]
4405,12,[]
4423,25,[]
4460,8,[]
4472,15,[]
4490,13,[]
4506,18,[]
4527,20,[]
4551,7,[]
4560,11,[]
4573,20,[]
4597,10,[]
4609,26,[]
4644,17,[]
4664,10,[7]
4676,7,[]
4685,23,[]
4712,11,[3]
4725,67,[]
4813,4,[]
4819,4,[]
4825,11,[]
4842,15,[]
4864,15,[]
4886,16,[]
4910,12,[]
4928,17,[]
4953,7,[]
4964,36,[]
5017,19,[]
5045,11,[]
5062,8,[]
5074,8,[]
5086,11,[]
5103,10,[]
5115,23,[]
5143,13,[]
5159,24,[]
5189,10,[]
5202,10,[]
5215,6,[]
5223,15,[]
5242,14,[]
5260,23,[]
5289,19,[]
5313,10,[]
5326,15,[]
5345,13,[]
5362,59,[]
5450,5,[]
5459,11,[]
5479,15,[]
5506,10,[]
5524,14,[]
5549,13,[]
5572,14,[]
5597,13,[]
5620,8,[]
5634,15,[]
5661,14,[]
5686,15,[]
5713,19,[]
5746,16,[]
5774,15,[]
5801,9,[]
5813,16,[]
5833,12,[]
5848,13,[]
5865,13,[]
5882,11,[]
5896,14,[]
5914,17,[]
5936,16,[]
5956,15,[4, 5, 6]
5975,12,[]
5990,20,[]
6015,8,[]
6025,21,[]
6052,80,[]
6172,4,[]
6179,8,[]
6192,5,[]
6200,12,[]
6219,14,[]
6241,21,[]
6274,19,[]
6304,21,[]
6337,33,[]
6388,7,[]
6399,13,[]
6420,14,[]
6442,17,[]
6469,19,[]
6499,6,[]
6509,17,[]
6533,11,[]
6546,13,[]
6562,13,[]
6578,13,[]
6594,18,[6]
6616,6,[]
6624,22,[]
6650,10,[]
6662,11,[8]
6675,12,[]
6690,10,[]
6702,12,[]
6717,9,[]
0,15,[]
18,1,[]
20,7,[]
29,9,[]
40,8,[]
50,4,[]
55,7,[]
64,4,[]
69,9,[]
80,7,[]
89,5,[]
96,18,[]
118,14,[]
135,22,[]
162,13,[]
178,19,[]
201,14,[]
216,23,[]
241,15,[]
258,6,[]
265,13,[11]
279,14,[]
294,18,[7, 8, 9, 10, 11]
314,14,[]
329,31,[]
363,8,[]
372,20,[]
394,12,[]
407,21,[]
430,18,[]
450,124,[]
592,12,[]
607,1,[]
609,4,[]
614,2,[]
617,11,[]
631,6,[]
639,12,[]
654,9,[]
665,12,[]
680,14,[]
697,13,[]
713,18,[]
735,9,[]
746,20,[]
771,8,[]
781,17,[]
800,16,[]
818,9,[]
828,14,[]
843,9,[]
853,16,[]
871,8,[]
880,19,[]
901,13,[]
915,18,[]
935,10,[]
946,18,[]
966,16,[]
984,12,[9, 10, 11]
997,120,[]
1134,1,[]
1136,8,[]
1148,3,[]
1153,11,[]
1170,13,[]
1190,7,[0, 1, 2, 3, 4, 5, 6]
1201,19,[]
1230,10,[]
1245,18,[]
1272,8,[]
1284,23,[]
1319,10,[]
1334,20,[]
1364,9,[]
1378,18,[]
1405,18,[]
1426,14,[]
1443,29,[]
1477,9,[6, 7]
1488,21,[]
1513,12,[]
1527,23,[12, 13, 14]
1554,11,[]
1567,22,[]
1593,11,[]
1606,19,[]
1629,22,[10, 11, 12, 13, 14, 15, 16, 17, 18, 19]
1655,12,[]
1669,20,[]
1693,122,[]
1856,12,[]
1874,3,[]
1879,18,[]
1906,17,[]
1932,12,[]
1950,19,[]
1979,13,[5, 6, 7, 8, 9, 10, 11, 12]
1999,23,[]
2034,11,[]
2051,17,[]
2077,9,[]
2091,19,[]
2120,19,[]
2149,9,[]
2164,19,[]
2197,9,[]
2209,21,[]
2236,9,[]
2248,22,[]
2276,11,[]
2290,25,[]
2322,21,[]
2349,9,[]
2361,24,[]
2392,13,[]
2409,22,[]
2437,15,[]
2456,21,[6]
2483,9,[]
2495,126,[]
2687,1,[]
2689,12,[]
2711,7,[]
2724,15,[]
2751,17,[]
2782,7,[]
2795,19,[]
2829,12,[]
2851,20,[]
2887,7,[]
2900,21,[]
2938,12,[]
2960,29,[]
3012,18,[]
3045,14,[]
3070,19,[]
3094,9,[]
3106,23,[16]
3135,14,[]
3153,24,[]
3183,12,[]
3198,20,[9, 10, 11]
3222,19,[]
3245,10,[]
3257,21,[]
3282,13,[]
3298,23,[14, 15, 16, 17, 18]
3326,7,[]
3335,18,[]
3357,121,[]
3524,1,[]
3526,12,[]
3545,8,[]
3558,15,[]
3582,10,[]
3598,19,[]
3628,8,[]
3641,19,[]
3671,9,[]
3686,16,[]
3712,20,[]
3744,12,[]
3763,18,[]
3792,9,[]
3807,17,[]
3834,10,[]
3846,21,[]
3871,9,[]
3882,17,[]
3903,11,[10]
3917,18,[]
3939,17,[]
3960,13,[]
3976,21,[]
4001,11,[]
4015,17,[]
4036,9,[]
4047,21,[5, 6]
4072,16,[10]
4092,123,[]
4262,6,[]
4271,4,[]
4277,11,[]
4292,5,[]
4299,14,[]
4319,8,[]
4330,23,[]
4362,10,[]
4376,17,[]
4400,15,[]
4421,11,[]
4436,19,[]
4462,10,[]
4476,14,[6, 7, 8, 9, 10, 11, 12]
4496,8,[]
4507,19,[]
4529,14,[]
4545,8,[]
4554,15,[]
4571,9,[]
4582,18,[]
4603,10,[]
4615,18,[]
4636,13,[]
4651,19,[]
4673,11,[]
4686,18,[]
4707,11,[2, 3, 4]
4720,20,[]
4743,123,[]
4896,1,[]
4898,9,[]
4911,8,[]
4922,11,[]
4937,8,[]
4948,11,[]
4963,6,[]
4972,12,[]
4989,11,[]
5004,10,[]
5018,16,[]
5040,9,[0, 1, 2, 3, 4, 5, 6]
5053,14,[]
5073,9,[]
5086,16,[]
5108,16,[]
5126,8,[]
5135,16,[]
5153,8,[]
5162,14,[]
5178,8,[]
5187,19,[]
5209,8,[]
5218,18,[]
5239,9,[]
5250,18,[]
5271,17,[]
5292,11,[]
5306,15,[]
5325,110,[]
5488,13,[]
5511,6,[]
5522,12,[]
5543,7,[]
5556,14,[]
5581,13,[]
5604,10,[]
5622,13,[]
5645,8,[]
5659,13,[]
5682,8,[]
5696,16,[]
5724,10,[]
5742,14,[]
5767,6,[]
5778,13,[]
5795,14,[]
5813,11,[]
5827,15,[]
5846,10,[]
5859,16,[15]
5879,10,[]
5892,17,[]
5914,17,[]
5936,8,[]
5946,16,[4, 5, 6, 7, 8, 9, 10]
5966,8,[]
5976,17,[]
5998,11,[]
6012,114,[]
6181,1,[]
6183,8,[]
6197,12,[]
6218,8,[]
6232,15,[]
6258,6,[]
6269,15,[]
6295,10,[]
6312,15,[]
6336,8,[]
6349,14,[]
6371,9,[]
6386,15,[]
6410,15,[]
6434,8,[]
6447,15,[5]
6465,9,[]
6476,17,[15, 16]
6497,10,[]
6509,19,[]
6532,9,[2, 3, 4, 5, 6, 7, 8]
6543,19,[]
6566,19,[]
6589,11,[]
6603,22,[]
6630,9,[]
6641,19,[]
6664,11,[]
6678,10,[]
0,21,[]
30,8,[]
43,10,[]
60,15,[]
85,9,[]
100,15,[]
125,16,[]
151,7,[]
163,14,[]
186,13,[]
207,4,[]
214,12,[]
234,7,[]
246,13,[]
267,13,[]
288,18,[]
317,8,[]
327,11,[]
341,13,[]
357,12,[11]
372,23,[5, 6]
400,17,[]
421,5,[]
427,14,[]
444,16,[]
464,17,[]
485,30,[]
527,14,[]
544,7,[]
553,15,[]
571,97,[]
707,8,[]
720,12,[]
740,7,[]
752,2,[]
756,11,[]
774,7,[]
786,13,[]
807,14,[]
830,14,[]
853,4,[]
860,17,[]
888,20,[]
921,8,[]
934,20,[]
967,23,[]
1004,8,[]
1014,24,[]
1050,23,[]
1085,7,[]
1094,24,[]
1130,21,[]
1162,7,[]
1171,22,[]
1204,20,[]
1234,13,[]
1251,20,[]
1281,19,[]
1310,6,[]
1318,18,[]
1345,82,[]
1468,2,[]
1472,14,[]
1497,16,[]
1525,9,[]
1541,18,[]
1573,20,[]
1608,11,[]
1628,20,[]
1663,10,[]
1681,25,[]
1725,21,[]
1762,22,[]
1801,11,[]
1821,24,[]
1863,25,[]
1907,12,[]
1922,23,[]
1957,20,[]
1987,8,[]
1997,9,[]
2009,27,[]
2048,9,[]
2059,21,[]
2090,5,[]
2097,19,[]
2121,18,[15]
2143,18,[]
2165,7,[]
2174,19,[6, 7, 8, 9, 10, 11, 12, 13, 14, 15, 16, 17]
2198,79,[]
2312,2,[]
2316,9,[]
2331,6,[]
2341,14,[]
2365,10,[]
2382,8,[]
2396,15,[]
2421,18,[]
2451,7,[]
2463,11,[]
2482,18,[]
2512,17,[]
2541,6,[]
2551,15,[]
2576,14,[]
2600,16,[]
2620,15,[]
2639,16,[]
2659,7,[]
2668,15,[]
2687,15,[4, 5]
2706,7,[]
2715,18,[]
2737,12,[]
2752,16,[]
2772,15,[]
2791,13,[]
2807,16,[]
2827,13,[]
2843,94,[]
2979,1,[]
2981,9,[]
2996,15,[]
3021,5,[]
3030,17,[]
3060,4,[]
3067,17,[]
3097,18,[]
3129,11,[]
3149,20,[]
3184,16,[]
3212,19,[]
3245,12,[]
3266,21,[]
3303,16,[]
3331,11,[]
3345,21,[]
3377,9,[]
3389,22,[]
3422,19,[]
3451,9,[]
3463,18,[]
3490,17,[]
3516,20,[]
3546,9,[]
3558,21,[]
3590,16,[]
3610,10,[]
3623,21,[]
3650,75,[]
3762,11,[]
3782,15,[]
3809,10,[]
3827,17,[]
3857,16,[]
3885,18,[]
3917,10,[]
3935,19,[]
3968,7,[]
3981,12,[]
4002,21,[]
4039,13,[]
4062,21,[]
4099,16,[]
4127,13,[]
4150,18,[]
4173,17,[]
4195,14,[]
4213,17,[]
4235,15,[]
4254,17,[]
4276,15,[]
4295,17,[]
4317,9,[]
4329,16,[]
4349,24,[]
4379,12,[]
4394,15,[]
4413,22,[]
4446,93,[]
4585,8,[]
4599,13,[]
4622,8,[]
4636,16,[]
4664,18,[]
4696,10,[]
4714,18,[]
4746,18,[]
4778,10,[]
4796,20,[]
4831,16,[]
4859,17,[]
4889,14,[]
4914,19,[]
4947,6,[]
4958,18,[]
4985,19,[]
5009,7,[]
5018,16,[]
5038,16,[]
5058,9,[]
5070,17,[]
5092,16,[]
5112,13,[]
5129,16,[9]
5149,17,[]
5171,9,[]
5183,18,[]
5206,20,[]
5236,76,[]
5350,11,[]
5370,14,[]
5395,7,[]
5408,17,[]
5438,16,[]
5466,18,[]
5498,10,[]
5516,19,[]
5549,7,[]
5562,16,[]
5590,18,[]
5622,8,[]
5636,18,[]
5668,20,[]
5703,7,[]
5716,18,[]
5739,19,[5, 6, 7, 8, 9, 10, 11, 12, 13, 14, 15]
5763,18,[]
5786,7,[]
5795,19,[]
5819,13,[]
5836,16,[]
5856,19,[]
5885,7,[]
5894,17,[]
5916,18,[]
5939,8,[]
5949,19,[]
5973,16,[]
5993,81,[]
6114,7,[]
6127,12,[]
6148,8,[]
6162,17,[]
6192,6,[]
6203,12,[]
6224,18,[]
6256,18,[]
6288,6,[]
6299,18,[]
6331,18,[]
6363,17,[]
6393,11,[]
6413,19,[]
6446,7,[]
6459,20,[]
6484,18,[]
6507,7,[5]
6516,18,[]
6539,20,[5, 6, 7]
6564,7,[]
6573,19,[]
6597,21,[]
6624,8,[]
6634,18,[]
6657,17,[]
6679,8,[]
6689,17,[]
6711,13,[]
6728,84,[]
6854,7,[]
6867,9,[]
6883,10,[]
6901,14,[]
6926,12,[]
6947,9,[]
6963,15,[]
6990,16,[]
7018,7,[]
7031,21,[]
7068,19,[]
7101,7,[]
7114,17,[]
7144,16,[]
7171,7,[]
7183,18,[12]
7205,15,[]
7223,14,[3, 4]
7240,19,[]
7263,16,[14, 15]
7283,13,[]
7299,19,[]
7322,18,[]
7344,13,[]
7360,19,[]
7383,8,[]
7393,22,[]
7420,8,[]
7430,11,[]
0,30,[10, 11, 12, 13, 14, 15, 16, 17, 18, 19, 20]
37,6,[]
45,13,[]
63,16,[]
85,15,[]
105,16,[]
127,14,[]
146,16,[]
168,15,[]
188,10,[]
202,21,[]
230,20,[]
257,20,[]
284,21,[]
312,21,[]
340,21,[]
368,20,[]
393,20,[]
418,20,[]
443,19,[]
467,19,[]
491,19,[]
515,17,[]
536,17,[]
557,16,[]
577,25,[6, 7, 8, 9, 10, 11, 12, 13, 14, 15, 16]
608,13,[]
624,16,[]
644,18,[]
666,15,[]
685,60,[]
759,9,[]
771,12,[]
787,13,[]
805,8,[]
816,15,[]
836,13,[]
854,16,[]
876,15,[]
896,16,[]
918,19,[]
944,18,[]
968,18,[]
992,18,[]
1016,16,[]
1041,16,[]
1067,17,[]
1092,19,[]
1120,16,[]
1144,17,[]
1165,15,[]
1184,15,[]
1203,14,[]
1221,14,[]
1239,14,[]
1257,25,[]
1288,17,[]
1309,17,[5, 6, 7]
1330,15,[]
1349,15,[]
1368,77,[]
1479,5,[]
1488,9,[]
1503,10,[]
1520,12,[]
1540,13,[]
1562,11,[]
1581,13,[]
1603,11,[]
1622,16,[]
1649,19,[]
1681,16,[]
1708,19,[]
1740,16,[]
1767,17,[]
1796,15,[]
1821,18,[]
1843,18,[]
1865,19,[]
1889,17,[]
1910,18,[]
1932,15,[]
1951,17,[]
1972,16,[]
1992,19,[]
2016,27,[]
2049,13,[]
2065,17,[14, 15]
2086,15,[]
2104,13,[]
2120,86,[]
2241,8,[]
2254,15,[]
2279,13,[]
2300,18,[]
2329,13,[]
2350,14,[]
2373,13,[]
2394,16,[]
2420,15,[]
2445,17,[]
2473,15,[]
2498,16,[]
2524,14,[]
2547,13,[]
2568,16,[]
2594,15,[]
2615,16,[]
2638,16,[]
2661,14,[]
2681,14,[]
2701,13,[]
2720,13,[]
2739,15,[]
2760,23,[]
2793,12,[]
2810,15,[]
2831,16,[]
2854,14,[]
2874,13,[]
2893,61,[]
2979,8,[]
2992,10,[]
3009,13,[]
3030,12,[]
3050,12,[]
3069,13,[]
3089,12,[]
3107,12,[]
3125,13,[]
3145,13,[]
3165,12,[]
3183,12,[]
3201,13,[]
3221,12,[]
3239,17,[]
3264,14,[]
3283,15,[]
3303,16,[]
3324,17,[]
3347,18,[]
3371,16,[]
3392,17,[]
3415,26,[]
3450,15,[]
3470,17,[10, 11, 12, 13, 14, 15, 16]
3493,17,[]
3516,15,[]
3536,24,[]
3568,15,[]
3588,72,[]
3683,9,[]
3697,13,[]
3717,20,[]
3747,18,[]
3774,13,[]
3794,13,[]
3814,17,[]
3839,18,[]
3866,17,[]
3891,16,[]
3915,16,[]
3939,14,[]
3960,16,[]
3984,18,[]
4011,18,[]
4038,18,[]
4062,19,[]
4088,17,[]
4112,19,[]
4138,16,[]
4160,17,[]
4184,17,[]
4208,31,[]
4251,15,[]
4272,15,[]
4293,17,[]
4317,17,[]
4341,16,[]
4363,16,[]
4385,75,[]
4487,8,[]
4500,12,[]
4519,12,[]
4538,14,[]
4560,14,[]
4582,13,[]
4603,16,[]
4628,15,[]
4652,15,[]
4676,13,[]
4697,17,[]
4724,17,[]
4751,12,[]
4770,13,[]
4791,21,[]
4824,16,[]
4846,17,[]
4870,12,[]
4887,12,[4]
4902,13,[7]
4918,14,[]
4935,23,[]
4967,11,[]
4980,13,[]
4996,16,[]
5015,13,[]
5031,15,[7, 8, 9, 10, 11, 12, 13, 14]
5049,13,[]
5065,14,[]
5082,79,[]
5190,5,[]
5198,7,[]
5209,8,[]
5222,11,[]
5239,9,[]
5253,10,[]
5269,12,[]
5288,15,[]
5312,13,[]
5333,12,[]
5352,14,[]
5374,16,[]
5399,14,[]
5421,13,[]
5442,11,[]
5459,11,[9, 10]
5472,12,[]
5487,11,[]
5500,11,[]
5513,15,[]
5531,14,[]
5548,28,[]
5582,15,[]
5600,17,[]
5621,14,[]
5638,13,[]
5654,13,[]
5670,15,[]
5688,17,[16]
5709,88,[]
5829,6,[]
5839,10,[]
5855,12,[]
5874,13,[]
5895,14,[]
5917,14,[]
5939,14,[]
5961,15,[]
5985,15,[]
6009,15,[]
6033,14,[]
6055,15,[]
6079,14,[]
6103,13,[]
6126,18,[]
6158,13,[]
6178,13,[]
6198,12,[]
6216,13,[]
6236,15,[]
6259,22,[]
6292,12,[]
6310,13,[]
6330,12,[]
6348,12,[]
6366,12,[]
6381,13,[]
6398,13,[]
6415,12,[]
6430,61,[]
6521,6,[]
6532,9,[]
6548,10,[]
6566,11,[]
6586,9,[]
6602,12,[]
6623,12,[]
6644,12,[]
6665,13,[]
6688,13,[]
6711,14,[]
6736,15,[]
6763,14,[]
6788,15,[]
6815,15,[]
6842,16,[]
6866,16,[]
6890,16,[]
6914,14,[]
6935,16,[]
6959,23,[]
6994,15,[4, 5, 6, 7]
7013,14,[]
7031,16,[]
7051,16,[]
7071,17,[]
7093,15,[]
7112,14,[]
7130,12,[]
0,20,[]
25,7,[1, 2, 3, 4, 5, 6]
35,3,[0, 1]
39,11,[]
54,11,[]
69,14,[]
88,10,[]
102,13,[]
120,13,[]
138,12,[]
154,12,[]
170,11,[]
185,6,[]
193,12,[]
209,12,[]
225,12,[]
241,12,[]
255,8,[]
264,11,[]
277,13,[]
292,15,[]
309,14,[]
325,18,[]
345,18,[]
365,17,[]
384,12,[]
398,13,[10, 11, 12]
413,13,[]
428,13,[]
443,17,[]
462,74,[]
553,16,[]
575,13,[]
593,3,[]
597,12,[]
613,14,[]
632,16,[]
654,10,[]
668,17,[]
691,16,[]
713,17,[]
736,8,[]
747,17,[]
770,18,[]
794,17,[]
817,15,[]
837,18,[]
857,6,[]
864,17,[9, 10, 11, 12, 13, 14, 15]
883,16,[]
901,17,[]
920,20,[]
943,8,[]
952,18,[]
972,20,[]
995,17,[10]
1014,18,[]
1036,10,[]
1048,20,[]
1073,16,[4]
1093,70,[]
1194,12,[]
1214,4,[]
1221,16,[]
1248,17,[]
1277,17,[]
1306,17,[]
1335,10,[]
1352,18,[]
1382,17,[]
1411,18,[]
1441,18,[]
1471,11,[]
1490,19,[]
1522,19,[]
1554,18,[]
1584,17,[]
1605,20,[]
1630,10,[]
1643,21,[]
1669,17,[13]
1690,18,[12, 13, 14]
1712,10,[]
1725,26,[]
1757,20,[]
1782,21,[]
1808,20,[9, 10, 11]
1833,20,[]
1858,6,[]
1866,17,[]
1887,73,[]
1993,2,[]
1997,14,[]
2021,15,[]
2046,16,[]
2073,16,[]
2100,15,[]
2125,10,[]
2142,19,[]
2174,19,[]
2206,16,[]
2233,9,[]
2248,19,[]
2280,19,[]
2312,15,[]
2337,16,[]
2364,18,[]
2386,10,[3, 4]
2399,20,[]
2424,18,[]
2446,19,[]
2470,19,[]
2494,6,[]
2502,17,[4]
2523,19,[13]
2547,19,[]
2571,18,[]
2593,18,[]
2615,9,[]
2626,16,[4, 5]
2646,62,[]
2736,12,[]
2756,4,[]
2763,15,[]
2788,15,[]
2813,13,[]
2835,16,[]
2862,15,[]
2887,8,[]
2901,17,[]
2930,9,[]
2945,18,[]
2975,17,[]
3004,17,[]
3033,17,[]
3061,16,[]
3086,10,[]
3098,16,[]
3117,17,[6, 7, 8]
3138,16,[]
3157,14,[]
3174,15,[]
3192,10,[]
3204,18,[]
3226,16,[]
3245,15,[]
3263,15,[]
3281,15,[]
3299,7,[]
3308,16,[]
3327,71,[]
3424,2,[]
3428,13,[]
3449,14,[]
3471,16,[]
3496,16,[]
3521,16,[]
3546,10,[]
3562,15,[]
3586,17,[]
3613,17,[]
3640,13,[]
3661,9,[]
3675,15,[]
3699,18,[]
3727,16,[]
3752,16,[]
3771,9,[]
3782,17,[]
3803,17,[]
3824,16,[]
3843,15,[3, 4, 5]
3861,17,[]
3882,6,[]
3890,15,[]
3908,15,[]
3926,16,[]
3945,16,[]
3964,7,[]
3973,16,[11]
3992,68,[]
4085,12,[]
4104,5,[]
4112,15,[]
4136,18,[]
4164,12,[]
4183,7,[]
4194,16,[]
4219,18,[]
4247,17,[]
4274,18,[]
4302,7,[]
4313,19,[]
4343,20,[]
4374,19,[]
4404,19,[]
4434,9,[]
4445,19,[4]
4468,19,[]
4494,22,[]
4524,17,[]
4548,23,[]
4580,6,[]
4588,23,[]
4620,21,[]
4649,22,[]
4679,16,[]
4698,7,[]
4707,16,[]
4726,22,[]
4756,61,[]
4839,16,[]
4864,5,[]
4872,19,[]
4902,20,[]
4933,16,[]
4958,17,[]
4985,7,[]
4996,21,[]
5029,18,[]
5057,17,[]
5084,19,[]
5114,6,[]
5124,16,[]
5152,19,[]
5185,18,[]
5217,17,[]
5243,9,[]
5255,17,[7]
5277,17,[6, 7, 8, 9, 10, 11, 12, 13, 14, 15, 16]
5303,19,[]
5332,18,[]
5359,5,[]
5366,17,[]
5392,15,[]
5411,18,[]
5434,16,[]
5454,15,[]
5473,7,[]
5482,17,[]
5504,65,[]
5601,1,[]
5603,13,[]
5626,17,[]
5656,17,[]
5686,17,[]
5716,8,[]
5730,17,[]
5760,20,[]
5795,16,[]
5823,8,[]
5837,17,[]
5867,20,[]
5902,16,[]
5930,17,[]
5960,18,[]
5992,4,[]
5997,16,[]
6021,19,[]
6050,17,[]
6072,14,[]
6090,7,[]
6099,16,[]
6119,17,[]
6141,17,[]
6163,17,[]
6185,16,[]
6205,7,[]
6214,18,[]
6237,19,[8]
6261,64,[]
6357,11,[]
6377,5,[]
6386,15,[]
6413,17,[]
6443,10,[]
6461,10,[]
6479,8,[]
6493,16,[]
6521,16,[]
6549,19,[]
6582,7,[]
6595,17,[]
6625,17,[]
6655,17,[]
6685,17,[]
6715,17,[]
6737,7,[]
6746,16,[]
6766,17,[]
6788,18,[6, 7, 8, 9]
6811,13,[]
6828,6,[]
6836,17,[]
6858,14,[8, 9]
6876,18,[]
6899,13,[]
6916,12,[]
6931,9,[]
6943,14,[10]
0,26,[]
39,1,[]
41,8,[]
55,8,[]
69,11,[]
88,10,[]
106,15,[]
132,10,[]
150,11,[]
169,11,[]
188,11,[]
207,16,[]
235,13,[]
258,12,[]
279,12,[]
300,12,[]
321,11,[]
335,14,[]
353,12,[]
368,9,[]
380,9,[]
392,10,[]
405,14,[4]
423,15,[]
442,16,[]
462,15,[]
481,18,[]
504,20,[]
529,19,[]
553,19,[]
577,84,[]
702,17,[]
732,14,[]
757,11,[]
776,8,[]
790,9,[]
806,15,[]
832,14,[]
857,16,[]
885,15,[]
911,13,[]
934,16,[]
962,15,[]
988,15,[]
1014,15,[]
1041,15,[]
1068,14,[8]
1086,15,[]
1105,13,[4, 5, 6, 7, 8, 9, 10, 11, 12]
1122,16,[]
1143,14,[]
1161,16,[]
1182,14,[]
1200,18,[]
1223,13,[]
1240,13,[]
1257,15,[]
1276,17,[]
1298,15,[]
1317,17,[]
1339,76,[]
1455,7,[]
1468,13,[]
1492,13,[]
1516,15,[]
1543,14,[]
1568,20,[]
1604,17,[]
1635,16,[]
1664,11,[]
1684,14,[]
1709,13,[]
1733,16,[]
1762,18,[]
1795,18,[]
1828,19,[]
1862,19,[]
1891,19,[]
1920,19,[]
1949,19,[]
1978,20,[]
2009,22,[]
2043,22,[]
2077,21,[]
2109,16,[]
2134,16,[]
2155,18,[]
2178,20,[]
2204,17,[]
2226,16,[]
2247,72,[]
2357,7,[]
2370,14,[]
2395,14,[]
2420,16,[]
2449,15,[]
2476,21,[]
2514,12,[]
2536,12,[]
2558,16,[]
2587,17,[]
2618,15,[]
2645,15,[]
2672,12,[]
2694,14,[]
2719,14,[]
2744,18,[]
2767,12,[]
2783,14,[]
2801,12,[]
2817,14,[]
2835,10,[5, 6]
2848,12,[]
2864,12,[]
2880,11,[]
2894,13,[]
2911,14,[]
2929,13,[]
2946,11,[]
2960,9,[]
2972,77,[]
3090,5,[]
3099,10,[]
3115,10,[]
3130,11,[]
3147,9,[]
3161,17,[]
3187,8,[]
3199,10,[]
3214,11,[]
3231,12,[]
3249,10,[]
3264,11,[]
3281,13,[]
3301,15,[]
3324,10,[]
3339,10,[]
3351,14,[]
3368,15,[]
3386,14,[]
3403,13,[]
3419,14,[]
3436,13,[]
3452,13,[]
3468,16,[]
3487,15,[14]
3505,6,[]
3512,19,[]
3535,17,[9]
3555,17,[]
3575,72,[]
3671,10,[]
3686,14,[]
3707,14,[]
3728,17,[]
3754,15,[]
3777,14,[]
3798,20,[]
3828,14,[]
3849,12,[]
3867,14,[]
3888,15,[]
3911,15,[]
3934,20,[]
3964,18,[]
3991,13,[]
4011,13,[]
4027,12,[8]
4041,14,[]
4058,18,[]
4079,18,[]
4100,13,[]
4116,13,[]
4132,16,[]
4151,15,[7, 8, 9, 10, 11]
4169,16,[]
4188,18,[]
4209,15,[]
4227,15,[]
4245,22,[]
4275,65,[]
4362,8,[]
4374,8,[]
4386,9,[]
4400,11,[]
4417,11,[]
4434,13,[]
4454,21,[]
4486,11,[]
4503,10,[]
4518,11,[]
4535,11,[]
4552,11,[]
4569,12,[1, 2, 3, 4, 5, 6, 7, 8]
4587,13,[]
4607,12,[]
4625,10,[]
4637,11,[]
4650,11,[]
4663,14,[]
4680,23,[]
4707,13,[]
4723,10,[]
4735,10,[]
4747,12,[]
4761,13,[]
4777,16,[]
4796,17,[]
4816,17,[]
4836,15,[9]
4854,73,[]
4952,7,[]
4963,9,[]
4977,10,[]
4992,15,[]
5015,12,[]
5033,11,[]
5050,15,[]
5073,9,[]
5087,9,[]
5101,9,[]
5115,11,[]
5132,12,[]
5150,10,[]
5165,13,[]
5185,13,[]
5205,12,[]
5219,11,[]
5232,10,[]
5244,12,[3, 4, 5, 6, 7, 8, 9, 10, 11]
5258,12,[]
5272,10,[]
5284,13,[]
5300,12,[]
5314,10,[]
5326,10,[]
5338,12,[]
5352,10,[]
5364,10,[]
5376,10,[]
5388,82,[]
5498,7,[]
5509,10,[]
5524,9,[]
5538,11,[]
5555,14,[]
5576,11,[]
5593,15,[]
5616,11,[]
5633,10,[]
5648,9,[]
5662,8,[]
5674,10,[]
5689,10,[]
5704,10,[]
5719,13,[]
5739,12,[3]
5753,10,[]
5765,11,[]
5778,14,[]
5795,17,[]
5815,15,[3, 4, 5, 6]
5833,16,[]
5852,16,[]
5871,15,[]
5889,14,[]
5906,14,[]
5923,15,[]
5943,18,[]
5967,17,[]
5990,72,[]
6086,10,[]
6101,13,[]
6121,15,[]
6146,14,[]
6171,16,[]
6200,15,[]
6227,23,[]
6268,16,[]
6297,18,[]
6330,15,[]
6357,15,[]
6384,15,[]
6411,16,[]
6440,17,[]
6471,17,[]
6502,15,[]
6525,16,[]
6550,16,[]
6575,20,[]
6606,17,[]
6632,15,[]
6655,16,[]
6680,15,[]
6699,17,[]
6721,16,[]
6742,17,[]
6764,15,[]
6783,13,[]
6800,8,[]
0,21,[]
27,3,[]
32,9,[]
45,14,[]
65,9,[]
78,9,[]
91,9,[]
104,8,[]
116,10,[0, 1, 2, 3, 4, 5, 6, 7]
131,9,[]
144,10,[]
159,8,[]
171,10,[]
186,9,[]
199,10,[]
214,10,[]
229,14,[]
245,16,[]
264,12,[]
278,14,[]
294,13,[]
309,15,[]
327,12,[]
341,14,[]
357,11,[4]
370,11,[]
383,12,[]
397,15,[]
415,15,[12, 13, 14]
433,15,[]
451,134,[]
622,15,[]
644,7,[]
654,4,[]
660,3,[]
665,6,[]
674,10,[]
689,4,[]
695,17,[]
719,11,[]
735,10,[]
750,10,[]
765,9,[]
778,13,[]
797,14,[]
817,11,[]
833,17,[]
853,16,[]
872,17,[10]
892,16,[5, 6, 7]
911,17,[16]
931,17,[]
951,15,[]
969,15,[]
987,16,[]
1006,14,[]
1023,13,[]
1039,12,[]
1053,14,[]
1070,13,[]
1086,104,[]
1223,6,[]
1232,9,[]
1246,14,[]
1267,8,[]
1279,16,[]
1303,17,[]
1328,17,[]
1353,14,[]
1374,14,[]
1395,16,[]
1419,16,[]
1443,18,[]
1470,15,[]
1492,20,[]
1522,20,[]
1552,18,[]
1573,11,[2, 3, 4]
1586,18,[]
1607,18,[]
1628,21,[]
1653,21,[]
1678,23,[]
1705,20,[]
1729,22,[]
1755,22,[]
1781,16,[]
1800,20,[]
1824,18,[]
1845,16,[]
1864,102,[]
1998,9,[]
2012,11,[]
2029,12,[]
2049,14,[]
2072,15,[]
2097,15,[]
2122,16,[]
2148,16,[]
2174,9,[]
2189,16,[]
2215,20,[]
2248,18,[]
2277,18,[]
2306,18,[]
2335,19,[]
2366,20,[]
2390,18,[]
2412,22,[21]
2439,17,[]
2460,14,[]
2477,21,[]
2503,19,[]
2526,16,[]
2546,21,[]
2572,15,[]
2590,17,[]
2611,16,[]
2631,18,[]
2653,11,[]
2667,104,[]
2813,6,[]
2823,11,[]
2841,12,[]
2861,15,[]
2886,13,[]
2907,13,[]
2928,14,[]
2951,14,[]
2974,13,[]
2995,18,[]
3024,14,[]
3047,16,[]
3073,16,[]
3099,10,[]
3116,16,[]
3142,16,[]
3162,11,[]
3176,13,[]
3192,12,[]
3207,11,[7, 8, 9]
3221,9,[]
3232,10,[]
3244,13,[]
3260,12,[]
3275,14,[]
3292,13,[11]
3308,12,[]
3323,20,[9, 10, 11]
3347,8,[]
3357,104,[]
3503,8,[]
3516,7,[]
3528,10,[]
3545,13,[]
3566,10,[]
3583,10,[]
3600,9,[]
3615,13,[]
3636,10,[]
3653,13,[]
3674,12,[]
3694,10,[]
3711,13,[]
3732,13,[]
3753,14,[]
3776,7,[]
3785,11,[]
3799,14,[]
3816,13,[]
3832,12,[]
3847,11,[]
3861,12,[]
3876,9,[]
3887,9,[]
3898,11,[9, 10]
3912,12,[]
3927,13,[]
3943,14,[]
3960,3,[]
3964,104,[]
4110,8,[]
4123,12,[]
4142,13,[]
4163,16,[]
4188,18,[]
4216,16,[]
4241,19,[]
4271,19,[]
4301,18,[]
4329,8,[]
4342,21,[]
4375,20,[]
4406,18,[]
4434,21,[]
4467,18,[]
4495,20,[]
4519,16,[]
4538,17,[]
4559,18,[]
4581,22,[]
4611,21,[]
4640,21,[]
4669,23,[10, 11, 12, 13, 14, 15, 16, 17, 18, 19, 20, 21]
4701,23,[]
4733,22,[]
4763,21,[]
4792,22,[]
4822,20,[]
4850,7,[]
4859,75,[]
4961,12,[]
4980,17,[]
5007,17,[]
5034,16,[]
5059,18,[]
5087,18,[]
5115,18,[]
5145,19,[]
5178,15,[]
5205,17,[]
5235,19,[]
5268,19,[]
5301,7,[]
5314,18,[]
5346,18,[]
5378,17,[]
5404,15,[]
5427,16,[]
5451,16,[]
5475,17,[]
5501,15,[]
5520,20,[]
5550,16,[]
5574,16,[]
5598,8,[]
5608,17,[]
5634,14,[]
5655,17,[]
5681,17,[]
5707,57,[]
5792,9,[]
5808,13,[]
5831,15,[]
5858,16,[]
5886,13,[]
5909,5,[]
5918,16,[]
5946,14,[]
5971,13,[]
5994,13,[]
6017,13,[]
6040,13,[]
6063,13,[]
6086,13,[]
6109,12,[]
6130,13,[]
6146,7,[]
6155,13,[]
6171,18,[]
6197,14,[]
6215,14,[]
6236,13,[]
6255,11,[3, 4, 5]
6269,11,[]
6283,14,[5]
6301,5,[]
6308,14,[]
6326,11,[10]
6340,17,[]
6361,46,[]
6428,12,[]
6448,15,[]
6473,14,[]
6497,17,[]
6526,14,[]
6550,13,[]
6572,16,[]
6599,15,[]
6624,14,[]
6648,16,[]
6675,5,[]
6684,18,[]
6714,15,[]
6739,17,[]
6768,16,[]
6795,17,[]
6820,13,[]
6839,15,[]
6861,15,[]
6883,5,[]
6890,17,[]
6915,16,[]
6939,16,[]
6963,15,[]
6982,14,[]
7003,14,[]
7024,8,[]
7034,17,[]
7055,21,[]
0,51,[]
75,15,[]
101,6,[]
112,19,[]
145,6,[]
156,20,[]
190,8,[]
204,17,[]
233,2,[]
237,19,[]
270,8,[]
284,19,[]
317,4,[]
324,21,[]
360,3,[]
366,16,[]
394,4,[]
399,18,[]
426,6,[]
434,17,[]
455,3,[]
459,20,[]
484,7,[2, 3, 4]
493,21,[]
524,3,[]
528,20,[]
558,6,[]
566,18,[]
593,10,[]
606,20,[]
636,133,[]
831,12,[]
852,5,[]
861,17,[]
890,1,[]
892,8,[]
906,8,[]
920,15,[]
946,6,[]
957,13,[]
979,8,[]
993,18,[]
1024,10,[]
1041,15,[]
1066,8,[]
1079,20,[]
1112,9,[]
1123,15,[]
1145,7,[]
1154,20,[]
1183,7,[6]
1192,19,[]
1219,7,[]
1228,22,[]
1260,9,[]
1271,19,[]
1298,8,[]
1308,36,[]
1359,4,[]
1364,20,[]
1393,98,[]
1532,15,[]
1557,4,[]
1564,21,[]
1598,8,[]
1611,18,[]
1641,7,[]
1653,18,[]
1683,7,[]
1695,16,[]
1721,12,[]
1741,18,[]
1771,8,[]
1784,17,[]
1812,8,[]
1825,21,[]
1859,8,[]
1869,19,[]
1896,6,[]
1904,21,[]
1934,7,[]
1943,22,[]
1975,5,[]
1982,25,[]
2018,7,[]
2027,23,[]
2061,6,[]
2069,24,[]
2106,8,[]
2117,20,[]
2148,87,[]
2280,14,[]
2305,6,[]
2316,17,[]
2347,4,[]
2355,17,[]
2386,6,[]
2397,17,[]
2428,9,[]
2444,18,[]
2476,6,[]
2487,16,[]
2516,7,[]
2529,18,[]
2561,7,[]
2574,16,[]
2603,9,[3]
2615,17,[]
2637,7,[]
2646,13,[]
2663,10,[]
2676,17,[]
2698,5,[]
2705,17,[]
2727,10,[]
2740,17,[15, 16]
2762,8,[]
2773,20,[]
2804,7,[]
2813,13,[]
2830,109,[]
2995,7,[]
3008,3,[]
3014,16,[]
3043,5,[]
3052,16,[]
3077,5,[]
3085,21,[]
3118,5,[]
3126,27,[]
3168,7,[]
3179,24,[]
3216,9,[]
3230,23,[]
3266,6,[]
3276,24,[]
3313,6,[]
3321,18,[]
3346,4,[]
3351,21,[]
3380,5,[]
3386,19,[]
3412,3,[]
3416,20,[]
3444,6,[]
3452,19,[]
3478,8,[2]
3488,15,[]
3506,3,[]
3510,16,[]
3532,106,[]
3677,12,[]
3696,3,[]
3701,17,[]
3728,6,[]
3738,19,[]
3768,4,[]
3775,24,[]
3812,6,[]
3822,26,[]
3863,7,[]
3874,26,[]
3915,8,[]
3928,24,[]
3965,8,[]
3978,22,[]
4012,6,[]
4020,21,[]
4049,6,[]
4057,19,[]
4083,9,[]
4094,14,[]
4114,4,[]
4119,16,[]
4141,8,[]
4151,15,[]
4172,21,[]
4201,4,[]
4206,8,[]
4216,17,[]
4240,98,[]
4374,7,[]
4385,5,[]
4393,14,[]
4415,6,[]
4425,16,[]
4450,9,[]
4464,17,[]
4491,19,[]
4521,6,[]
4531,21,[]
4564,5,[]
4572,8,[]
4585,28,[]
4629,8,[]
4642,31,[]
4690,5,[]
4696,27,[]
4733,8,[]
4743,26,[]
4779,19,[]
4805,7,[]
4814,17,[]
4838,4,[]
4843,8,[]
4853,25,[]
4887,5,[]
4893,30,[]
4934,5,[]
4940,28,[]
4979,87,[]
5098,19,[]
5131,15,[]
5158,8,[]
5173,17,[]
5205,6,[]
5217,21,[]
5256,7,[]
5269,8,[]
5284,20,[]
5321,4,[]
5329,18,[]
5363,4,[]
5371,19,[]
5406,20,[]
5443,6,[]
5455,20,[]
5487,5,[]
5494,19,[]
5524,6,[]
5532,19,[]
5562,5,[]
5569,10,[]
5582,21,[]
5615,5,[]
5622,21,[]
5655,28,[]
5699,6,[]
5707,20,[]
5739,8,[]
5750,77,[]
5871,1,[]
5873,21,[]
5912,5,[]
5922,5,[]
5932,24,[]
5977,7,[]
5990,21,[]
6029,19,[]
6064,5,[]
6074,15,[]
6102,6,[]
6113,16,[]
6139,5,[]
6148,18,[]
6178,3,[]
6183,21,[]
6213,3,[]
6217,7,[6]
6226,29,[]
6267,23,[]
6300,4,[]
6305,20,[]
6334,6,[]
6342,19,[]
6369,11,[]
6383,18,[]
6409,6,[]
6417,22,[]
6449,4,[]
6454,87,[]
6577,1,[]
6579,19,[]
6610,4,[]
6617,19,[]
6648,6,[]
6658,19,[]
6689,4,[]
6696,18,[]
6726,4,[]
6733,17,[]
6761,8,[]
6774,18,[]
6804,6,[]
6814,18,[]
6844,6,[]
6854,18,[]
6880,5,[]
6887,17,[]
6911,6,[]
6919,19,[]
6946,7,[]
6955,18,[]
6981,7,[]
6990,22,[]
7022,4,[1]
7027,28,[]
7067,6,[]
7075,19,[]
7102,13,[]
0,33,[]
49,3,[]
55,10,[]
73,13,[]
96,13,[]
119,16,[]
147,12,[]
168,12,[]
189,9,[]
205,8,[]
219,9,[]
235,7,[]
248,14,[]
273,12,[]
294,16,[]
322,11,[]
341,13,[11, 12]
358,16,[]
378,19,[]
402,20,[5, 6, 7, 8, 9, 10]
427,22,[]
455,20,[]
480,21,[]
507,17,[]
529,19,[]
553,15,[]
572,19,[]
596,13,[]
613,18,[]
636,18,[]
659,119,[]
836,9,[]
852,8,[]
866,10,[]
884,4,[]
891,12,[]
912,15,[]
938,13,[]
961,15,[]
987,13,[]
1010,15,[]
1037,13,[]
1061,15,[]
1088,18,[]
1121,18,[]
1154,16,[]
1183,19,[]
1212,17,[]
1238,18,[]
1266,16,[]
1291,19,[]
1320,16,[]
1345,17,[]
1371,15,[]
1394,19,[]
1423,16,[]
1448,17,[]
1474,16,[]
1499,16,[]
1524,20,[]
1555,83,[]
1682,13,[]
1706,16,[]
1735,15,[]
1762,14,[]
1787,18,[]
1820,16,[]
1849,17,[]
1880,15,[]
1907,17,[]
1938,16,[]
1967,16,[]
1996,14,[]
2021,14,[]
2046,14,[]
2071,23,[]
2112,13,[]
2129,21,[]
2156,16,[]
2177,15,[]
2196,14,[]
2214,19,[]
2238,15,[]
2257,17,[]
2279,15,[]
2298,15,[9]
2317,14,[]
2335,14,[]
2353,13,[]
2370,13,[]
2387,78,[]
2506,5,[]
2515,12,[]
2537,11,[]
2557,13,[]
2581,14,[]
2606,14,[]
2631,13,[]
2655,14,[]
2680,12,[]
2702,14,[]
2727,12,[]
2749,14,[]
2774,13,[]
2798,14,[]
2823,13,[]
2847,16,[]
2872,18,[]
2900,17,[]
2926,14,[]
2948,16,[]
2973,13,[]
2993,14,[]
3015,13,[]
3032,15,[]
3050,13,[]
3066,15,[]
3084,13,[]
3099,14,[]
3116,11,[]
3129,74,[]
3225,5,[]
3233,8,[]
3245,9,[]
3258,11,[]
3274,10,[]
3289,11,[]
3305,11,[]
3321,15,[]
3343,15,[]
3365,15,[]
3387,13,[]
3406,14,[]
3427,14,[]
3448,15,[]
3470,13,[]
3489,16,[]
3508,13,[]
3523,14,[10]
3540,13,[]
3555,14,[]
3572,13,[]
3589,13,[]
3604,12,[]
3618,13,[8, 10, 11, 12]
3633,14,[2, 3, 4, 5]
3650,16,[]
3669,12,[]
3683,13,[]
3698,14,[]
3715,69,[]
3805,5,[]
3813,8,[]
3825,8,[]
3837,11,[]
3853,10,[]
3868,13,[]
3887,13,[]
3906,12,[]
3924,10,[]
3939,12,[]
3957,13,[]
3976,14,[]
3997,15,[]
4019,15,[]
4041,12,[]
4061,13,[]
4078,14,[]
4096,14,[]
4114,13,[]
4131,16,[8]
4152,15,[14]
4171,13,[]
4188,13,[]
4205,15,[]
4224,15,[]
4243,15,[]
4262,14,[]
4280,16,[14, 15]
4301,15,[]
4320,68,[]
4424,10,[]
4442,15,[]
4469,16,[]
4498,15,[]
4525,16,[]
4554,16,[]
4583,18,[]
4616,16,[]
4645,16,[]
4674,15,[]
4701,16,[]
4730,17,[]
4761,14,[]
4786,16,[]
4815,14,[]
4840,14,[6, 7]
4858,12,[]
4874,12,[]
4890,17,[]
4912,14,[]
4930,14,[]
4948,15,[]
4967,14,[]
4985,15,[]
5004,14,[]
5022,15,[]
5041,15,[]
5060,15,[]
5079,15,[4, 5, 6, 7]
5098,84,[]
5223,4,[]
5230,8,[]
5244,8,[]
5258,11,[]
5277,9,[]
5293,13,[]
5316,11,[]
5335,10,[]
5353,10,[]
5371,10,[]
5389,9,[]
5405,8,[]
5419,9,[]
5435,9,[]
5451,9,[]
5467,13,[]
5484,12,[]
5499,10,[]
5512,11,[]
5526,13,[]
5543,12,[]
5558,13,[]
5575,13,[]
5592,14,[]
5610,13,[]
5627,14,[]
5645,14,[7, 8]
5663,12,[]
5678,15,[4, 5, 6, 7, 8, 9, 10]
5697,97,[]
5841,5,[]
5850,10,[]
5868,12,[]
5889,14,[]
5914,11,[]
5933,15,[]
5959,16,[]
5987,13,[]
6010,14,[]
6035,17,[]
6065,14,[]
6090,14,[]
6115,15,[]
6141,14,[]
6166,13,[]
6189,21,[]
6221,14,[]
6242,16,[]
6266,14,[]
6287,31,[]
6333,13,[]
6353,23,[]
6388,13,[]
6408,26,[]
6447,13,[]
6467,24,[]
6503,12,[]
6521,27,[]
6561,13,[]
6581,62,[]
6673,6,[]
6684,8,[]
6698,10,[]
6716,14,[]
6741,12,[]
6762,9,[]
6778,13,[]
6801,15,[]
6827,13,[]
6850,14,[]
6875,13,[]
6898,15,[]
6924,12,[]
6945,13,[]
6968,13,[]
6991,13,[]
7008,13,[]
7025,13,[]
7042,13,[]
7059,14,[]
7077,13,[]
7093,13,[]
7109,12,[]
7123,13,[]
7138,14,[3, 4, 5, 6, 7, 8, 9]
7155,13,[]
7170,12,[]
7184,13,[]
7199,9,[]
0,21,[]
30,1,[]
32,8,[]
45,13,[]
66,14,[]
89,13,[]
110,12,[]
130,12,[]
150,11,[]
168,13,[]
189,13,[]
210,12,[]
230,10,[]
247,10,[]
264,10,[]
281,10,[]
298,9,[]
309,9,[]
320,13,[]
336,18,[]
358,16,[]
378,13,[]
394,12,[8]
409,18,[]
431,11,[]
445,8,[]
455,10,[]
467,16,[10, 11, 12]
487,19,[]
510,24,[]
539,85,[]
658,25,[]
699,13,[]
720,11,[]
738,8,[]
751,10,[]
768,17,[]
796,16,[]
822,14,[]
845,14,[]
868,12,[]
888,16,[]
914,12,[]
934,15,[]
959,10,[]
976,10,[]
993,18,[]
1015,12,[]
1030,11,[]
1044,12,[]
1059,17,[]
1080,11,[10]
1094,11,[]
1108,14,[]
1125,14,[]
1142,16,[4]
1162,16,[]
1182,15,[]
1200,16,[12, 13, 14, 15]
1220,17,[]
1241,67,[]
1335,16,[]
1361,11,[]
1379,16,[]
1405,14,[]
1428,13,[]
1449,16,[]
1475,13,[]
1496,13,[]
1517,14,[]
1540,17,[]
1568,16,[]
1594,14,[]
1617,12,[]
1637,11,[]
1655,16,[]
1681,11,[]
1695,14,[]
1712,12,[]
1727,11,[]
1741,13,[]
1757,7,[5]
1766,7,[]
1775,8,[]
1785,9,[]
1796,9,[]
1807,10,[]
1819,8,[]
1829,13,[]
1845,3,[]
1849,98,[]
1987,9,[]
2002,7,[]
2014,9,[]
2029,10,[]
2045,8,[]
2057,10,[]
2072,14,[]
2093,14,[]
2114,16,[]
2138,15,[]
2160,14,[]
2181,16,[]
2205,14,[]
2226,15,[]
2248,17,[]
2273,16,[]
2292,14,[]
2309,14,[6, 7, 8, 9]
2326,16,[]
2345,13,[]
2361,14,[]
2378,9,[]
2389,12,[]
2403,12,[]
2417,12,[]
2431,14,[]
2448,12,[]
2462,13,[3, 4, 5, 6, 7]
2478,14,[]
2495,74,[]
2592,16,[]
2616,12,[]
2634,12,[]
2652,14,[]
2673,13,[]
2693,14,[]
2714,15,[]
2736,16,[]
2760,16,[]
2784,14,[]
2805,15,[]
2827,15,[]
2849,19,[]
2877,14,[]
2898,13,[]
2918,16,[]
2937,11,[]
2950,16,[]
2969,15,[]
2987,13,[]
3003,13,[]
3019,12,[]
3033,13,[]
3049,13,[]
3065,16,[14, 15]
3084,18,[3, 4, 5]
3105,19,[]
3127,18,[]
3148,19,[]
3173,75,[]
3272,18,[]
3299,17,[]
3324,18,[]
3351,21,[]
3382,21,[]
3413,23,[]
3447,21,[]
3478,21,[]
3509,20,[]
3539,19,[]
3567,15,[]
3589,13,[]
3609,14,[]
3630,18,[]
3657,18,[]
3684,20,[]
3708,20,[]
3732,15,[]
3750,15,[]
3768,19,[]
3790,17,[]
3810,15,[]
3828,20,[]
3852,15,[]
3870,21,[18]
3895,19,[]
3917,23,[22]
3944,20,[]
3971,22,[]
4000,67,[]
4088,22,[]
4124,14,[]
4148,14,[]
4172,15,[]
4197,17,[]
4226,15,[]
4251,17,[]
4280,15,[]
4305,16,[]
4332,15,[]
4357,11,[]
4376,17,[]
4405,15,[]
4430,14,[]
4454,18,[]
4484,15,[]
4503,18,[]
4525,13,[]
4541,14,[]
4559,17,[15, 16]
4580,14,[]
4598,13,[]
4614,15,[]
4633,16,[]
4653,17,[14, 15, 16]
4674,14,[]
4692,18,[]
4714,16,[]
4734,14,[]
4752,71,[]
4855,6,[]
4865,14,[]
4889,13,[]
4911,13,[]
4933,16,[]
4960,11,[]
4979,11,[]
4998,13,[]
5020,13,[]
5042,17,[]
5071,14,[]
5095,11,[]
5113,12,[]
5132,15,[]
5156,15,[]
5180,12,[]
5195,12,[3, 4, 5, 6]
5210,14,[]
5227,16,[]
5246,15,[]
5264,12,[]
5279,11,[]
5292,15,[]
5310,15,[]
5328,12,[]
5343,12,[]
5358,12,[11]
5373,14,[3, 4, 5, 6]
5390,12,[]
5405,81,[]
5516,5,[]
5524,16,[]
5549,13,[]
5570,12,[]
5589,9,[]
5603,13,[]
5624,11,[]
5641,12,[]
5660,10,[]
5676,14,[]
5698,16,[]
5723,14,[]
5745,14,[]
5767,17,[]
5794,15,[]
5818,16,[]
5837,14,[]
5854,16,[]
5873,16,[]
5892,19,[]
5915,17,[]
5936,18,[]
5958,19,[]
5981,18,[4]
6003,17,[]
6024,18,[]
6046,18,[11]
6068,18,[6]
6090,15,[]
6108,76,[]
6215,8,[]
6229,24,[]
6269,13,[]
6291,12,[]
6311,10,[]
6328,14,[]
6352,13,[]
6374,11,[]
6393,10,[]
6410,13,[]
6432,10,[]
6449,14,[]
6473,15,[]
6498,18,[]
6528,13,[]
6550,14,[]
6568,14,[]
6586,14,[]
6604,14,[]
6622,15,[]
6641,16,[]
6661,16,[]
6681,13,[]
6697,15,[]
6716,15,[]
6735,17,[]
6756,15,[]
6775,18,[4, 5]
6797,18,[]
0,19,[]
25,1,[]
27,7,[]
38,9,[]
51,10,[]
66,9,[]
79,6,[0, 1, 2, 3, 4, 5]
88,11,[]
104,8,[]
116,9,[]
129,10,[]
144,13,[]
163,15,[]
185,14,[]
206,17,[]
231,15,[]
253,23,[]
280,14,[]
297,16,[]
316,18,[]
337,26,[]
367,17,[]
387,23,[]
414,22,[6, 7]
440,14,[]
457,22,[]
483,13,[]
498,25,[15, 16]
527,11,[]
540,23,[]
567,152,[]
764,2,[]
767,19,[]
795,2,[]
798,7,[]
809,10,[]
824,18,[]
850,18,[]
876,6,[]
885,10,[]
900,14,[]
921,20,[]
950,6,[]
959,20,[]
988,19,[]
1016,24,[]
1054,7,[]
1063,17,[]
1084,19,[]
1108,11,[]
1122,19,[]
1146,6,[]
1154,12,[]
1169,19,[]
1193,22,[]
1220,8,[]
1230,17,[]
1251,15,[]
1270,8,[]
1280,13,[]
1296,99,[]
1438,8,[]
1452,4,[]
1459,6,[]
1469,2,[]
1473,16,[]
1500,19,[]
1532,13,[]
1554,17,[]
1582,7,[]
1594,13,[]
1616,12,[]
1636,15,[]
1661,8,[]
1675,15,[]
1700,6,[]
1710,16,[5, 6, 7, 8, 9, 10, 11, 12, 13, 14, 15]
1730,14,[]
1748,8,[]
1758,14,[]
1776,6,[]
1784,18,[]
1806,4,[]
1811,19,[]
1835,4,[]
1840,17,[]
1861,14,[]
1879,6,[]
1887,20,[]
1912,5,[]
1919,99,[]
2061,23,[]
2101,6,[]
2112,17,[]
2143,7,[]
2156,15,[]
2183,11,[]
2203,16,[]
2232,5,[]
2241,15,[]
2268,8,[]
2283,21,[]
2321,15,[]
2348,7,[]
2361,15,[]
2388,14,[]
2413,18,[]
2436,10,[]
2449,16,[]
2470,9,[]
2482,19,[]
2506,10,[]
2519,20,[]
2545,16,[]
2566,15,[]
2585,19,[]
2609,10,[]
2622,19,[7, 8, 9]
2646,11,[]
2660,18,[]
2683,103,[]
2840,1,[]
2842,1,[]
2844,2,[]
2848,15,[]
2875,8,[]
2890,13,[]
2914,7,[]
2927,16,[]
2956,18,[]
2989,7,[]
3002,19,[]
3036,8,[]
3051,16,[]
3080,11,[]
3099,15,[]
3125,10,[]
3138,18,[]
3161,9,[]
3173,19,[]
3197,20,[]
3222,11,[]
3236,8,[]
3246,15,[]
3265,23,[]
3294,18,[]
3317,9,[]
3329,18,[5]
3352,11,[10]
3366,15,[4]
3385,106,[]
3542,18,[]
3573,6,[]
3584,20,[]
3619,8,[]
3633,12,[]
3654,15,[]
3680,8,[]
3694,20,[]
3729,19,[]
3762,19,[]
3795,10,[]
3813,7,[]
3826,18,[]
3857,9,[]
3873,23,[]
3913,9,[]
3925,26,[]
3958,10,[]
3971,24,[]
4001,8,[]
4011,23,[]
4040,13,[]
4057,20,[]
4082,12,[]
4097,18,[]
4120,24,[]
4150,17,[]
4172,26,[]
4205,7,[]
4214,108,[]
4374,2,[]
4378,14,[]
4403,15,[]
4429,13,[]
4452,17,[]
4482,6,[]
4493,11,[]
4512,13,[]
4535,21,[]
4572,20,[]
4607,10,[]
4625,20,[]
4660,10,[]
4678,22,[]
4716,28,[]
4765,9,[]
4777,14,[]
4795,21,[10, 11, 19]
4822,8,[]
4832,22,[15, 16]
4860,21,[]
4887,9,[]
4899,24,[14, 15, 16, 17, 18, 19, 20, 21, 22, 23]
4929,10,[]
4942,19,[]
4966,10,[]
4979,25,[]
5010,9,[]
5022,26,[]
5055,104,[]
5209,19,[]
5242,6,[]
5253,10,[]
5271,24,[]
5313,17,[]
5343,10,[]
5361,19,[]
5394,9,[]
5410,21,[]
5447,5,[]
5456,18,[]
5487,13,[]
5510,20,[]
5545,5,[]
5554,25,[]
5597,6,[]
5605,12,[]
5620,17,[]
5642,11,[]
5656,17,[]
5678,11,[]
5692,17,[6]
5714,9,[]
5726,18,[]
5749,18,[8, 9, 10, 11]
5772,11,[]
5786,19,[]
5810,8,[]
5820,17,[]
5842,106,[]
5999,10,[]
6017,10,[]
6035,16,[]
6063,4,[]
6070,13,[]
6093,6,[]
6104,18,[]
6135,19,[]
6168,5,[]
6177,17,[]
6207,5,[]
6216,11,[]
6234,6,[]
6243,14,[]
6264,16,[]
6288,6,[]
6295,15,[]
6313,9,[]
6324,17,[]
6344,7,[]
6353,18,[]
6374,7,[3, 4, 5, 6]
6383,20,[]
6407,17,[]
6427,7,[]
6436,15,[]
6454,8,[]
6464,26,[]
6495,6,[]
6502,98,[]
6633,1,[]
6635,21,[]
6667,15,[]
6690,8,[]
6702,9,[]
6716,9,[]
6730,18,[]
6757,9,[]
6771,17,[]
6797,16,[]
6821,13,[]
6841,18,[]
6868,8,[]
6880,17,[]
6906,9,[]
6920,10,[]
6932,9,[2]
6943,23,[]
6970,17,[]
6990,7,[]
6999,19,[10, 12, 13, 14, 15, 16]
7022,8,[]
7032,19,[]
7055,6,[]
7062,15,[]
7080,13,[]
7096,9,[]
7107,9,[]
7118,7,[]
0,45,[]
56,7,[]
66,15,[]
87,17,[]
111,18,[]
136,17,[]
160,16,[]
182,17,[]
206,16,[]
228,14,[]
248,15,[]
269,13,[]
287,16,[]
309,16,[]
331,19,[]
357,16,[2, 3, 4, 5, 6, 7, 8, 9, 10, 11, 12, 13]
379,18,[]
402,18,[]
425,18,[]
448,21,[]
475,19,[]
499,18,[]
522,22,[]
550,19,[]
574,20,[]
599,20,[]
624,20,[]
649,15,[]
668,19,[]
692,18,[]
715,107,[]
848,8,[]
859,14,[]
879,10,[]
893,6,[]
902,10,[]
916,12,[1, 2, 3, 4, 5, 6, 7, 8, 9, 10, 11]
933,16,[]
955,13,[]
973,11,[]
988,13,[]
1006,15,[]
1030,12,[]
1051,13,[]
1075,13,[]
1099,13,[]
1123,12,[]
1142,14,[]
1164,14,[]
1186,13,[]
1206,15,[]
1229,12,[]
1248,13,[]
1268,12,[]
1287,19,[]
1316,15,[]
1339,11,[]
1356,15,[]
1375,12,[]
1391,13,[]
1408,100,[]
1560,4,[]
1568,7,[]
1581,8,[]
1596,9,[]
1613,14,[]
1638,9,[]
1655,11,[]
1675,11,[]
1695,12,[]
1717,11,[]
1737,13,[]
1761,12,[]
1783,12,[]
1805,15,[]
1832,14,[]
1857,12,[]
1873,13,[]
1890,11,[]
1904,13,[]
1924,10,[]
1940,10,[]
1953,10,[3]
1966,12,[5]
1982,10,[]
1995,11,[4]
2009,10,[]
2022,11,[]
2036,13,[]
2052,13,[9, 10, 11, 12]
2068,110,[]
2220,3,[]
2225,6,[]
2235,8,[]
2248,9,[]
2263,9,[]
2278,10,[]
2294,8,[]
2307,10,[]
2323,9,[]
2338,14,[]
2360,13,[]
2381,12,[]
2400,15,[]
2424,13,[]
2445,12,[]
2464,14,[13]
2481,12,[3]
2496,9,[]
2507,13,[]
2523,12,[]
2538,10,[]
2550,11,[]
2564,10,[3, 4, 5]
2576,11,[]
2590,10,[]
2602,11,[]
2616,13,[]
2632,14,[]
2649,11,[3]
2663,123,[]
2833,3,[]
2838,4,[]
2845,6,[]
2855,9,[]
2870,9,[]
2885,10,[]
2901,11,[]
2919,11,[]
2937,11,[]
2955,12,[]
2974,12,[]
2993,10,[]
3009,12,[]
3028,13,[]
3050,15,[]
3076,10,[]
3089,12,[]
3104,13,[]
3121,14,[]
3139,10,[]
3152,20,[]
3177,16,[]
3197,16,[12, 13, 14, 15]
3217,11,[]
3231,13,[]
3248,14,[]
3266,16,[]
3286,13,[]
3303,14,[]
3321,149,[]
3542,5,[]
3551,7,[]
3564,10,[]
3582,11,[]
3601,11,[]
3620,8,[]
3634,11,[]
3653,11,[]
3672,10,[]
3690,13,[]
3713,15,[]
3739,16,[]
3767,15,[]
3793,15,[]
3819,11,[]
3838,14,[]
3856,13,[]
3873,11,[]
3887,13,[]
3904,13,[]
3921,15,[]
3940,14,[]
3958,14,[]
3976,11,[5]
3990,15,[]
4009,12,[]
4024,10,[]
4037,15,[]
4056,11,[]
4070,154,[]
4283,4,[]
4290,5,[]
4298,6,[]
4308,10,[]
4324,11,[]
4342,8,[]
4355,10,[]
4371,10,[]
4387,12,[]
4406,15,[]
4430,11,[]
4448,12,[]
4467,14,[]
4489,15,[]
4513,12,[]
4532,15,[]
4550,14,[]
4567,15,[]
4585,12,[]
4600,15,[11, 12, 13]
4618,16,[]
4638,14,[]
4655,13,[]
4671,15,[]
4689,17,[]
4713,16,[]
4736,16,[]
4759,16,[]
4782,18,[]
4807,126,[]
4981,9,[]
4996,13,[]
5017,14,[0, 1, 2, 3, 4, 5, 6, 7, 8, 9]
5039,16,[]
5067,16,[]
5096,15,[]
5123,18,[]
5156,15,[]
5183,17,[]
5214,17,[]
5245,17,[]
5276,16,[]
5305,18,[]
5338,17,[]
5369,18,[]
5402,18,[]
5430,17,[]
5456,16,[]
5481,19,[]
5510,18,[]
5538,18,[]
5566,18,[]
5594,17,[]
5620,17,[]
5646,19,[]
5675,18,[]
5703,18,[]
5731,18,[]
5759,20,[]
5790,101,[]
5944,10,[]
5962,12,[]
5984,15,[]
6011,16,[]
6040,16,[]
6067,17,[]
6094,15,[]
6117,16,[]
6141,16,[]
6165,18,[]
6192,16,[]
6216,17,[]
6242,15,[]
6265,18,[]
6292,17,[]
6318,14,[]
6337,15,[]
6357,18,[]
6381,17,[]
6404,18,[]
6428,17,[]
6451,16,[]
6473,17,[]
6496,16,[]
6518,15,[]
6538,15,[]
6558,14,[]
6575,15,[]
6595,13,[]
6611,92,[]
6734,4,[]
6740,7,[]
6751,7,[]
6762,8,[]
6774,8,[]
6786,9,[]
6800,7,[]
6811,9,[]
6825,9,[]
6839,9,[]
6853,11,[]
6870,11,[]
6887,11,[]
6904,13,[]
6924,12,[]
6942,13,[]
6958,15,[]
6976,15,[]
6994,12,[4, 5]
7008,16,[]
7027,14,[10]
7044,16,[]
7063,15,[3, 4, 5, 6, 7, 8, 9, 10, 11, 12, 13, 14]
7083,16,[]
7102,13,[]
7118,16,[]
7137,13,[]
7153,14,[]
7172,15,[]
0,58,[]
85,1,[]
87,6,[]
98,8,[]
112,10,[]
129,11,[]
148,10,[]
165,14,[]
189,13,[]
211,15,[]
237,11,[]
256,18,[]
287,19,[]
320,15,[]
346,17,[]
375,13,[]
397,13,[]
413,7,[]
422,14,[]
440,17,[]
461,18,[]
484,7,[]
493,15,[]
512,16,[]
532,16,[]
552,13,[]
568,14,[]
586,22,[]
614,18,[]
637,14,[]
655,172,[]
907,7,[]
919,12,[]
940,13,[]
962,1,[]
964,10,[]
981,10,[]
998,13,[]
1020,22,[]
1058,10,[]
1075,19,[]
1108,15,[]
1134,16,[]
1162,9,[]
1178,21,[]
1214,8,[]
1228,14,[]
1246,11,[8]
1260,13,[]
1276,11,[]
1290,17,[]
1311,12,[]
1326,14,[]
1344,13,[]
1360,14,[10]
1378,12,[]
1393,11,[]
1407,15,[]
1426,15,[]
1445,13,[3]
1461,162,[]
1698,6,[]
1709,2,[]
1713,12,[]
1734,13,[]
1756,10,[]
1773,11,[]
1792,13,[]
1814,16,[]
1842,14,[]
1866,18,[]
1897,12,[]
1918,16,[]
1946,11,[]
1965,11,[]
1984,10,[]
2001,26,[]
2033,15,[]
2052,16,[]
2072,20,[]
2097,17,[]
2118,16,[]
2138,15,[]
2157,12,[]
2172,16,[12, 13, 14, 15]
2192,16,[]
2212,15,[4, 5]
2231,11,[]
2245,16,[]
2265,13,[]
2281,157,[]
2503,7,[]
2515,6,[]
2525,11,[]
2543,13,[]
2564,13,[]
2585,10,[]
2602,17,[]
2630,19,[]
2661,14,[]
2684,9,[]
2699,15,[]
2724,13,[]
2745,15,[]
2770,16,[]
2796,17,[]
2824,17,[]
2845,10,[]
2858,18,[]
2880,11,[7]
2894,21,[]
2920,14,[]
2937,17,[]
2958,21,[]
2984,21,[]
3010,21,[5]
3036,12,[]
3051,20,[]
3076,20,[]
3101,13,[]
3117,138,[]
3312,3,[]
3317,5,[]
3326,7,[]
3338,11,[]
3356,10,[]
3373,11,[]
3391,10,[]
3408,13,[]
3429,12,[]
3449,13,[]
3470,9,[]
3485,15,[]
3510,12,[]
3530,10,[]
3547,15,[]
3572,16,[]
3592,10,[]
3605,9,[]
3616,11,[]
3630,15,[]
3649,11,[]
3663,17,[]
3684,16,[]
3704,13,[]
3720,9,[]
3731,12,[]
3746,10,[3]
3759,11,[3, 4, 5, 6, 7, 8]
3773,14,[]
3790,133,[]
3978,5,[]
3987,5,[]
3996,5,[]
4005,8,[]
4018,7,[]
4030,9,[]
4045,6,[]
4055,7,[]
4067,11,[]
4085,14,[]
4108,10,[]
4125,17,[]
4153,15,[]
4178,17,[]
4206,12,[]
4226,11,[]
4240,10,[]
4253,11,[]
4267,13,[]
4283,16,[]
4303,14,[]
4320,12,[]
4335,17,[]
4356,10,[]
4369,12,[]
4384,11,[]
4398,10,[]
4411,14,[]
4428,15,[]
4447,146,[]
4653,1,[]
4655,3,[]
4660,6,[]
4670,9,[]
4685,10,[]
4702,8,[]
4715,10,[]
4732,24,[]
4771,10,[]
4788,7,[]
4800,18,[]
4830,16,[]
4856,14,[]
4879,15,[]
4904,12,[]
4924,15,[]
4943,9,[7, 8]
4954,17,[]
4975,16,[]
4995,16,[]
5015,10,[]
5028,15,[]
5047,17,[]
5068,13,[]
5084,14,[]
5101,12,[]
5116,20,[]
5140,18,[]
5162,18,[]
5184,142,[]
5378,3,[]
5383,6,[]
5393,7,[]
5404,10,[]
5420,6,[]
5430,9,[]
5444,10,[]
5460,15,[]
5484,7,[]
5495,17,[]
5522,12,[]
5541,13,[]
5562,12,[]
5581,13,[]
5602,21,[]
5635,7,[]
5644,15,[]
5662,13,[3, 4, 5, 6, 7, 8]
5678,13,[]
5694,15,[]
5712,12,[]
5727,12,[]
5742,14,[]
5759,18,[]
5781,4,[]
5786,14,[]
5803,13,[9, 10, 11, 12]
5819,16,[3, 4]
5838,10,[]
5850,131,[]
6029,4,[]
6036,5,[]
6044,6,[]
6054,9,[]
6070,6,[]
6081,9,[]
6098,10,[]
6117,11,[]
6138,12,[]
6161,11,[]
6182,8,[]
6197,12,[]
6220,12,[]
6243,11,[]
6264,11,[]
6285,14,[]
6303,7,[]
6312,14,[9]
6330,12,[11]
6346,10,[]
6359,16,[5]
6380,14,[]
6398,16,[]
6419,13,[]
6436,12,[8, 9]
6452,15,[]
6472,9,[]
6484,15,[]
6504,12,[]
6520,134,[]
6730,1,[]
6732,5,[]
6742,6,[]
6754,9,[]
6771,7,[]
6784,10,[]
6803,8,[]
6818,13,[]
6842,10,[]
6861,14,[]
6887,15,[]
6915,7,[]
6928,12,[]
6951,17,[]
6983,9,[]
7000,14,[13]
7018,13,[]
7035,13,[]
7052,8,[]
7063,13,[]
7080,15,[]
7099,16,[]
7119,14,[]
7137,16,[]
7157,8,[]
7167,13,[]
7183,10,[]
7196,12,[]
7211,10,[]
0,22,[]
30,2,[]
34,8,[]
47,13,[]
68,10,[]
84,9,[]
98,8,[]
111,9,[]
125,13,[]
146,5,[]
154,6,[]
164,6,[]
174,7,[]
185,7,[]
196,13,[]
217,14,[]
239,19,[4, 5, 6]
262,16,[]
281,16,[]
300,19,[]
323,15,[]
341,15,[]
359,6,[]
367,6,[]
375,9,[]
386,13,[]
402,10,[]
414,12,[]
429,15,[]
447,17,[]
468,124,[]
637,19,[]
667,14,[]
689,8,[]
702,5,[]
710,10,[]
726,12,[]
745,10,[]
761,11,[]
778,12,[]
797,11,[]
814,13,[]
835,9,[]
849,9,[]
863,13,[]
884,8,[]
897,12,[]
912,15,[]
930,9,[]
941,11,[]
954,11,[]
967,9,[]
978,8,[]
988,8,[]
998,10,[]
1010,8,[]
1020,9,[4]
1032,11,[]
1047,14,[]
1066,8,[]
1077,120,[]
1267,6,[]
1279,9,[]
1296,10,[]
1315,9,[]
1332,10,[]
1351,9,[]
1368,12,[]
1391,11,[]
1412,14,[]
1439,11,[]
1460,11,[]
1481,12,[]
1504,11,[]
1525,15,[]
1554,16,[]
1584,19,[]
1609,19,[]
1634,20,[]
1660,18,[]
1684,19,[]
1709,19,[]
1734,20,[]
1760,18,[]
1784,23,[]
1814,23,[]
1844,23,[]
1874,20,[]
1900,20,[]
1926,18,[]
1950,98,[]
2105,15,[]
2132,20,[]
2166,18,[]
2195,20,[]
2228,19,[]
2259,20,[]
2292,20,[]
2325,22,[]
2361,24,[]
2400,22,[]
2436,21,[]
2470,20,[]
2503,24,[]
2542,23,[]
2579,25,[]
2620,22,[]
2647,23,[]
2675,24,[]
2704,22,[]
2731,27,[6, 7, 8, 9, 10]
2764,31,[]
2802,23,[]
2830,23,[]
2858,23,[]
2886,19,[]
2909,22,[]
2936,19,[]
2959,24,[15, 16, 17, 18, 19, 20, 21]
2988,20,[]
3012,91,[]
3140,10,[]
3156,13,[]
3176,14,[]
3197,20,[]
3227,18,[]
3254,19,[]
3282,18,[]
3309,20,[]
3339,18,[]
3366,19,[]
3394,18,[]
3421,15,[]
3443,16,[]
3467,14,[]
3488,18,[]
3515,15,[]
3533,18,[]
3554,15,[]
3572,18,[]
3593,15,[]
3611,16,[]
3630,16,[]
3649,16,[]
3668,16,[]
3687,17,[]
3707,16,[]
3726,16,[]
3745,16,[]
3764,15,[]
3782,72,[]
3877,8,[]
3889,10,[]
3904,11,[]
3921,12,[]
3939,12,[]
3957,13,[0, 1, 2, 3, 4, 5, 6, 7, 8, 9]
3977,11,[]
3994,13,[]
4014,14,[]
4035,12,[]
4053,13,[]
4073,14,[]
4094,10,[]
4109,12,[]
4127,14,[]
4148,14,[]
4165,14,[]
4183,16,[]
4203,15,[]
4222,14,[]
4240,14,[]
4258,15,[9]
4277,15,[]
4296,18,[10, 11, 12, 13, 14, 15, 16, 17]
4319,17,[]
4341,16,[]
4361,17,[]
4383,17,[]
4405,15,[]
4424,66,[]
4523,6,[]
4534,10,[]
4552,10,[]
4570,13,[]
4593,12,[]
4614,13,[]
4637,11,[]
4657,13,[]
4680,12,[]
4701,13,[]
4724,14,[]
4749,14,[]
4774,12,[]
4795,13,[]
4818,15,[]
4845,14,[]
4863,15,[]
4882,14,[]
4900,16,[]
4920,14,[]
4938,15,[]
4957,13,[]
4974,16,[]
4994,15,[]
5013,16,[]
5033,14,[]
5051,17,[]
5073,13,[4]
5090,15,[12, 13, 14]
5109,64,[]
5205,8,[]
5219,9,[]
5235,15,[]
5262,10,[]
5280,10,[]
5298,11,[]
5318,11,[]
5338,12,[]
5359,14,[]
5384,12,[]
5405,11,[]
5425,12,[]
5446,12,[]
5467,14,[]
5492,11,[]
5512,14,[]
5530,13,[]
5547,16,[]
5567,13,[]
5584,14,[]
5602,14,[]
5620,14,[]
5638,14,[]
5656,15,[]
5675,14,[4, 5, 6, 7, 8, 9, 10, 11]
5693,15,[]
5712,13,[]
5729,16,[]
5749,14,[]
5767,64,[]
5863,8,[]
5877,12,[]
5898,12,[]
5919,12,[]
5940,12,[]
5961,11,[]
5981,11,[]
6001,12,[]
6022,13,[]
6045,13,[]
6068,13,[]
6091,15,[]
6118,12,[]
6139,11,[]
6159,14,[]
6184,13,[]
6201,12,[]
6216,13,[]
6232,13,[]
6248,16,[14]
6268,13,[]
6284,14,[6, 7]
6301,13,[]
6317,14,[]
6334,13,[11, 12]
6350,14,[]
6367,11,[]
6381,12,[]
6396,11,[]
6410,72,[]
6511,6,[]
6521,7,[]
6533,7,[]
6545,8,[]
6558,9,[]
6573,11,[]
6591,11,[]
6609,12,[]
6629,11,[]
6647,16,[]
6673,14,[]
6696,15,[]
6721,14,[]
6744,15,[]
6769,14,[]
6792,16,[]
6812,12,[]
6827,15,[]
6845,15,[9]
6863,16,[]
6883,15,[9]
6901,15,[3]
6919,17,[]
6940,15,[]
6958,16,[]
6978,17,[]
6999,15,[]
7017,14,[]
7034,14,[]
0,17,[]
23,1,[]
25,6,[]
34,10,[]
49,7,[]
60,7,[]
71,8,[]
83,7,[]
94,8,[]
106,8,[]
118,6,[]
127,5,[]
135,14,[]
156,14,[]
177,19,[]
206,18,[]
233,11,[7, 8, 9, 10]
246,11,[2, 3, 4, 5]
259,17,[]
279,15,[]
297,13,[]
313,13,[]
329,19,[]
352,16,[]
371,15,[]
389,14,[]
406,15,[]
424,15,[]
442,15,[]
460,14,[]
477,140,[]
664,12,[]
682,8,[]
694,5,[]
702,2,[]
705,9,[]
719,11,[]
736,11,[]
753,12,[]
771,9,[]
785,13,[]
805,8,[]
817,11,[]
834,11,[]
851,12,[]
869,14,[]
890,10,[]
902,10,[5, 6, 7]
914,12,[]
928,12,[]
942,13,[]
958,13,[]
974,12,[0, 1, 2, 3, 4, 5, 6, 7, 8, 9, 10, 11]
988,12,[]
1002,11,[]
1016,14,[]
1034,15,[]
1053,12,[]
1069,15,[]
1088,11,[]
1102,119,[]
1283,6,[]
1294,14,[]
1319,14,[]
1344,12,[]
1366,14,[]
1391,11,[]
1411,16,[]
1440,15,[]
1467,14,[]
1492,16,[]
1521,17,[]
1552,11,[]
1572,19,[]
1606,19,[]
1640,16,[]
1669,21,[10]
1696,20,[]
1722,13,[]
1739,18,[14, 15]
1762,15,[7, 8, 9, 10, 11, 12, 13, 14]
1781,18,[]
1804,18,[]
1827,20,[]
1853,11,[]
1867,19,[]
1891,22,[]
1919,16,[]
1940,18,[]
1963,18,[]
1986,122,[]
2172,9,[]
2188,12,[]
2209,13,[]
2232,15,[]
2258,15,[]
2284,14,[]
2309,17,[]
2339,20,[]
2374,19,[]
2407,15,[]
2433,11,[]
2452,12,[]
2473,15,[]
2499,16,[]
2527,16,[]
2555,16,[]
2575,16,[]
2595,10,[]
2608,18,[]
2631,23,[17, 18, 19, 20]
2660,17,[]
2682,16,[]
2702,18,[]
2725,15,[]
2744,17,[]
2766,14,[6, 7, 8]
2784,15,[]
2803,17,[]
2825,12,[]
2840,122,[]
3021,7,[]
3034,10,[]
3052,12,[]
3073,13,[]
3096,11,[]
3115,13,[]
3138,13,[]
3161,16,[]
3189,16,[]
3217,15,[]
3243,15,[]
3269,12,[]
3290,15,[]
3316,17,[]
3346,16,[]
3374,17,[]
3396,16,[]
3416,9,[]
3428,17,[]
3450,14,[]
3468,16,[]
3488,12,[]
3503,13,[]
3520,13,[]
3537,16,[]
3557,14,[]
3575,14,[]
3593,15,[]
3612,9,[]
3624,127,[]
3812,6,[]
3823,9,[]
3839,11,[]
3858,11,[]
3877,10,[]
3895,9,[]
3911,14,[]
3936,14,[]
3961,14,[]
3986,14,[]
4011,14,[]
4036,12,[]
4057,16,[]
4085,17,[]
4115,15,[]
4141,9,[]
4153,14,[]
4171,13,[]
4188,14,[]
4206,16,[]
4226,15,[]
4245,14,[]
4263,14,[]
4281,17,[]
4302,12,[]
4317,15,[]
4336,12,[]
4351,15,[]
4370,13,[]
4386,125,[]
4565,7,[]
4577,15,[]
4602,15,[]
4627,14,[]
4651,12,[]
4671,10,[]
4688,8,[]
4702,14,[]
4726,14,[]
4750,16,[]
4777,16,[]
4804,14,[]
4828,17,[]
4856,18,[]
4886,18,[]
4916,20,[]
4941,15,[]
4960,12,[]
4975,14,[]
4993,15,[8, 9]
5012,12,[]
5027,15,[]
5046,18,[]
5068,12,[]
5083,19,[4, 5, 6]
5107,15,[]
5126,14,[]
5144,17,[]
5165,14,[11]
5183,120,[]
5355,6,[]
5365,10,[]
5380,11,[]
5397,12,[]
5415,12,[]
5433,9,[]
5447,13,[]
5467,16,[]
5491,14,[]
5512,15,[]
5535,14,[]
5556,17,[]
5582,10,[]
5597,14,[]
5618,16,[]
5642,16,[]
5661,12,[]
5675,9,[]
5686,11,[]
5699,13,[]
5715,15,[]
5733,12,[]
5747,13,[]
5763,15,[13]
5781,9,[]
5792,13,[8]
5808,12,[]
5822,15,[]
5840,13,[]
5856,110,[]
6003,4,[]
6009,5,[]
6017,9,[]
6031,8,[]
6043,10,[]
6058,10,[]
6073,9,[]
6087,12,[]
6105,10,[]
6120,11,[]
6137,12,[]
6155,7,[]
6166,12,[]
6184,13,[]
6204,11,[]
6221,14,[]
6238,14,[]
6255,9,[]
6266,34,[]
6306,20,[]
6330,14,[]
6347,16,[]
6366,16,[]
6386,8,[]
6396,15,[4]
6414,18,[]
6436,14,[]
6453,13,[]
6469,12,[]
6484,97,[]
6618,6,[]
6628,7,[]
6639,8,[]
6652,9,[]
6667,8,[]
6680,6,[]
6690,10,[]
6706,12,[]
6725,10,[]
6741,28,[]
6785,19,[]
6815,10,[]
6831,12,[]
6850,11,[]
6868,11,[]
6886,12,[]
6901,11,[]
6915,11,[]
6929,11,[5, 6, 7, 8, 9]
6943,14,[]
6960,12,[]
6975,13,[]
6991,11,[]
7005,17,[]
7026,21,[]
7051,16,[]
7071,17,[14, 15]
7092,20,[]
7116,14,[]
0,34,[]
44,5,[]
52,11,[5, 6, 7, 8, 9, 10]
68,6,[]
77,8,[]
89,12,[]
107,14,[]
128,9,[]
141,15,[]
163,14,[]
184,14,[]
205,15,[]
227,15,[]
249,12,[]
267,17,[]
292,14,[]
313,15,[]
331,6,[]
338,16,[8]
357,14,[]
374,13,[]
389,11,[9, 10]
402,15,[]
420,18,[16, 17]
441,18,[]
462,16,[]
481,21,[]
506,17,[]
526,12,[]
540,14,[8, 9]
557,129,[]
724,17,[]
749,2,[]
752,11,[]
768,6,[]
777,12,[]
795,16,[]
818,16,[]
841,11,[]
857,16,[]
880,16,[]
903,14,[]
924,8,[]
936,15,[]
958,13,[]
977,14,[]
998,12,[]
1012,15,[]
1030,17,[]
1051,17,[7, 8, 9, 10, 11]
1072,15,[]
1090,16,[]
1113,10,[]
1125,19,[]
1152,20,[]
1180,23,[]
1212,30,[]
1254,5,[]
1260,25,[]
1295,23,[]
1327,80,[]
1438,17,[]
1465,18,[]
1494,6,[]
1504,19,[]
1534,20,[]
1566,17,[]
1593,9,[]
1608,20,[]
1640,22,[]
1675,23,[]
1712,21,[]
1745,21,[]
1778,12,[]
1797,42,[]
1863,22,[]
1898,19,[]
1925,9,[]
1936,30,[]
1978,19,[17]
2001,18,[]
2026,22,[]
2052,7,[]
2061,23,[]
2092,19,[]
2115,20,[]
2139,19,[]
2165,21,[]
2193,10,[]
2205,19,[]
2231,80,[]
2338,13,[]
2358,5,[]
2366,17,[]
2392,17,[]
2418,16,[]
2442,16,[]
2466,19,[]
2495,9,[]
2509,19,[]
2538,25,[]
2576,9,[]
2590,21,[]
2622,4,[]
2628,20,[]
2658,5,[]
2666,20,[]
2693,10,[]
2705,18,[]
2729,7,[]
2738,18,[]
2762,7,[]
2771,17,[]
2794,7,[]
2803,18,[]
2827,8,[]
2837,17,[]
2860,7,[]
2869,30,[]
2909,7,[]
2918,77,[]
3021,1,[]
3023,10,[]
3038,6,[]
3048,15,[]
3074,7,[]
3087,16,[]
3116,9,[]
3133,18,[]
3166,10,[]
3184,17,[]
3215,9,[]
3232,16,[]
3261,9,[]
3278,16,[]
3307,7,[]
3320,14,[]
3338,10,[]
3351,15,[]
3370,8,[]
3381,14,[]
3399,8,[]
3410,18,[]
3438,4,[]
3444,16,[]
3469,9,[]
3481,19,[]
3510,10,[]
3523,20,[]
3554,9,[]
3566,92,[]
3706,1,[]
3708,12,[]
3730,4,[]
3738,16,[]
3767,6,[]
3778,15,[]
3805,6,[]
3816,16,[]
3845,7,[]
3858,16,[]
3887,7,[]
3900,18,[]
3933,8,[]
3948,20,[]
3984,8,[]
3999,21,[]
4031,10,[]
4044,20,[]
4074,8,[]
4084,18,[]
4110,7,[]
4119,18,[]
4145,7,[]
4154,18,[]
4180,9,[]
4191,19,[]
4219,7,[]
4228,35,[]
4279,6,[]
4287,87,[]
4412,1,[]
4414,16,[]
4441,7,[]
4453,17,[]
4481,6,[]
4491,19,[]
4523,7,[]
4535,19,[]
4567,8,[]
4581,21,[]
4616,8,[]
4630,23,[]
4668,9,[]
4683,24,[]
4723,8,[]
4737,24,[]
4772,8,[]
4782,23,[]
4815,8,[]
4825,22,[]
4857,8,[]
4867,20,[]
4896,8,[]
4906,21,[]
4937,10,[]
4950,20,[]
4979,6,[]
4987,20,[]
5016,9,[]
5027,88,[]
5153,1,[]
5155,17,[]
5182,5,[]
5190,23,[]
5227,5,[]
5235,20,[]
5267,8,[]
5280,19,[]
5310,8,[]
5323,22,[]
5358,8,[]
5371,19,[]
5401,7,[]
5412,21,[]
5445,8,[]
5458,23,[]
5490,9,[]
5501,21,[]
5530,6,[]
5538,22,[]
5569,6,[]
5577,21,[]
5606,9,[8]
5617,22,[]
5648,6,[]
5656,20,[]
5680,7,[]
5689,32,[]
5734,7,[]
5743,85,[]
5861,1,[]
5863,14,[]
5885,8,[]
5898,17,[]
5925,5,[]
5933,19,[]
5963,7,[]
5974,19,[]
6004,8,[]
6017,21,[]
6050,9,[]
6065,21,[]
6098,8,[]
6111,20,[]
6143,7,[]
6154,25,[]
6188,7,[]
6197,22,[]
6227,6,[4, 5]
6234,21,[]
6262,9,[]
6273,21,[]
6301,6,[]
6308,24,[]
6340,6,[]
6347,24,[]
6379,6,[]
6386,25,[]
6420,9,[]
6431,75,[]
6531,1,[]
6533,20,[]
6563,7,[]
6574,20,[]
6604,6,[]
6613,21,[]
6645,6,[]
6654,19,[]
6683,7,[]
6694,17,[]
6720,9,[]
6734,18,[]
6761,6,[]
6770,17,[]
6796,6,[]
6805,17,[]
6828,8,[]
6838,17,[]
6861,7,[]
6870,19,[]
6896,8,[]
6906,20,[]
6933,8,[]
6943,18,[]
6967,8,[]
6977,17,[]
7000,8,[]
7010,29,[]
7049,8,[]
0,46,[]
57,14,[]
76,12,[]
92,4,[]
98,14,[]
117,15,[]
137,16,[]
159,12,[]
175,17,[]
198,15,[]
218,14,[]
237,14,[]
256,17,[]
279,14,[]
298,11,[]
313,11,[]
328,13,[]
344,14,[]
362,12,[]
376,11,[10]
389,14,[2, 3, 4, 5, 6, 7, 8]
405,18,[]
427,14,[]
445,15,[]
464,15,[]
483,18,[]
505,18,[]
527,18,[]
549,20,[]
574,19,[]
598,72,[]
686,15,[]
706,19,[]
732,18,[]
756,11,[]
771,11,[]
786,14,[1, 2, 3, 4, 5, 6, 7]
805,17,[]
828,17,[]
851,18,[]
875,18,[]
899,21,[]
927,17,[]
950,20,[]
977,17,[]
1000,13,[]
1018,15,[]
1039,13,[]
1058,14,[]
1079,17,[]
1105,14,[]
1126,15,[]
1149,21,[]
1181,15,[]
1204,17,[]
1230,14,[]
1251,16,[]
1275,14,[]
1296,16,[]
1320,13,[]
1340,78,[]
1457,6,[]
1468,8,[]
1482,11,[]
1502,16,[]
1530,11,[]
1550,12,[]
1571,10,[]
1589,13,[]
1612,11,[]
1632,19,[]
1665,13,[]
1688,12,[]
1709,11,[]
1729,16,[]
1757,14,[]
1782,13,[]
1799,12,[3]
1814,14,[]
1832,12,[]
1847,17,[]
1869,11,[3, 4, 5, 6, 7, 8, 9]
1883,15,[]
1902,13,[]
1919,15,[]
1938,19,[]
1967,11,[]
1981,12,[]
1996,11,[]
2010,14,[]
2028,89,[]
2157,6,[]
2167,10,[]
2184,10,[]
2201,12,[]
2221,10,[]
2238,10,[]
2255,12,[]
2275,12,[]
2295,14,[]
2319,14,[]
2343,12,[]
2363,22,[]
2400,12,[]
2420,12,[]
2440,15,[]
2465,16,[]
2485,14,[]
2503,14,[]
2521,12,[]
2536,14,[]
2554,13,[]
2570,14,[]
2588,14,[6, 7]
2606,14,[]
2624,13,[]
2640,14,[10, 11]
2658,18,[]
2680,17,[]
2701,10,[]
2714,85,[]
2837,4,[]
2844,12,[]
2864,10,[]
2881,12,[]
2901,15,[]
2926,15,[]
2951,12,[]
2971,14,[]
2995,11,[]
3014,15,[]
3039,13,[]
3060,15,[]
3082,11,[]
3098,13,[]
3117,13,[]
3136,15,[]
3154,11,[]
3167,14,[]
3183,13,[]
3198,17,[]
3220,14,[]
3238,16,[]
3259,15,[]
3279,15,[]
3299,15,[]
3319,18,[]
3342,16,[]
3363,20,[]
3389,17,[]
3411,71,[]
3502,10,[]
3517,11,[]
3533,15,[]
3555,17,[]
3579,14,[]
3599,16,[]
3622,16,[]
3645,17,[]
3669,16,[]
3692,17,[]
3716,17,[]
3740,20,[]
3769,19,[]
3796,16,[]
3819,16,[]
3842,15,[]
3862,16,[]
3883,16,[]
3904,13,[]
3919,26,[]
3953,13,[]
3970,13,[]
3987,14,[]
4005,19,[]
4030,16,[]
4051,16,[]
4073,16,[]
4096,14,[]
4116,13,[]
4132,78,[]
4242,8,[]
4255,10,[]
4272,12,[]
4292,21,[]
4326,12,[]
4346,9,[0, 1, 2, 3, 4, 5, 6, 7]
4361,15,[]
4386,18,[]
4415,15,[]
4440,16,[]
4466,14,[]
4489,14,[]
4512,13,[]
4533,14,[]
4556,20,[]
4589,17,[]
4610,11,[3]
4624,12,[]
4639,10,[]
4651,18,[]
4673,14,[]
4690,15,[]
4708,19,[]
4735,12,[]
4750,11,[]
4764,12,[]
4779,16,[]
4799,16,[]
4819,12,[]
4834,84,[]
4952,6,[]
4962,12,[]
4982,10,[]
4999,15,[]
5024,12,[]
5044,14,[]
5067,13,[]
5088,18,[]
5116,10,[]
5132,14,[]
5154,11,[]
5171,13,[]
5192,13,[]
5213,15,[]
5237,12,[]
5256,16,[9, 11, 12]
5275,10,[]
5287,15,[]
5305,11,[]
5318,14,[]
5335,13,[8, 9, 10, 11, 12]
5351,14,[]
5368,13,[]
5384,13,[]
5400,13,[]
5416,14,[]
5433,13,[]
5449,18,[]
5471,10,[]
5483,85,[]
5599,5,[]
5607,11,[]
5624,14,[]
5646,17,[]
5673,11,[]
5690,12,[]
5709,10,[]
5725,13,[]
5746,14,[]
5768,13,[]
5789,13,[]
5810,14,[]
5832,16,[]
5857,10,[]
5873,11,[]
5890,20,[7, 8, 9, 10, 11, 12, 13, 14, 15, 16, 17]
5914,11,[]
5927,12,[]
5942,10,[]
5954,11,[]
5967,17,[]
5988,15,[]
6006,14,[]
6023,20,[]
6047,13,[]
6063,14,[]
6080,13,[]
6096,14,[]
6114,15,[]
6136,84,[]
6257,6,[]
6267,12,[]
6287,11,[]
6306,13,[]
6328,11,[]
6347,12,[]
6367,13,[]
6389,17,[]
6418,12,[]
6438,15,[]
6463,15,[]
6488,20,[]
6522,19,[]
6554,22,[]
6591,22,[]
6628,20,[]
6657,20,[]
6686,19,[]
6714,18,[]
6740,19,[]
6768,19,[]
6796,18,[]
6822,19,[]
6850,20,[]
6879,16,[]
6903,17,[]
6928,17,[]
6953,16,[]
6977,15,[]
0,21,[]
26,5,[]
33,8,[]
44,15,[]
64,14,[]
83,11,[]
98,13,[]
116,12,[]
132,15,[]
152,12,[]
168,14,[]
187,12,[]
203,14,[]
222,11,[]
237,12,[]
253,14,[]
272,19,[16, 17]
294,20,[]
317,20,[]
340,22,[17]
365,22,[]
390,14,[]
406,16,[]
424,15,[]
441,18,[9, 10, 11]
461,14,[]
477,17,[8, 9, 10, 11]
496,19,[]
518,23,[]
544,16,[]
562,94,[]
677,29,[]
716,10,[]
730,8,[]
741,8,[]
752,11,[]
767,15,[]
787,12,[]
803,14,[]
822,11,[]
837,12,[]
853,12,[]
869,15,[]
889,15,[]
909,14,[]
928,14,[]
947,15,[]
964,11,[4, 5, 6, 7, 8, 9, 10]
977,16,[2]
995,13,[]
1010,15,[]
1028,12,[]
1043,14,[]
1061,14,[]
1079,13,[]
1096,14,[]
1114,15,[]
1133,12,[]
1148,15,[]
1167,13,[]
1184,82,[]
1307,9,[]
1323,12,[]
1344,11,[]
1364,12,[]
1385,12,[]
1406,12,[]
1427,12,[]
1448,16,[]
1476,15,[]
1503,16,[]
1531,15,[]
1558,16,[]
1586,14,[]
1611,16,[]
1639,14,[]
1664,16,[]
1684,15,[]
1703,15,[]
1722,15,[]
1741,15,[]
1760,16,[]
1780,14,[]
1798,13,[6]
1815,16,[]
1835,16,[4]
1855,17,[]
1877,14,[]
1895,19,[]
1919,14,[]
1937,78,[]
2054,9,[]
2069,13,[2, 3, 4, 5, 6, 7, 8, 9, 10, 11, 12]
2090,13,[]
2111,16,[]
2137,13,[]
2158,14,[]
2181,16,[]
2207,16,[]
2233,14,[]
2256,15,[]
2281,13,[]
2302,15,[]
2327,14,[]
2350,15,[]
2375,13,[]
2396,15,[]
2414,12,[]
2429,15,[]
2447,14,[]
2464,16,[]
2484,13,[3, 4, 5, 6, 7]
2500,13,[]
2516,13,[]
2532,16,[]
2552,13,[]
2568,14,[]
2585,13,[]
2601,14,[]
2618,15,[]
2636,79,[]
2747,7,[]
2759,11,[]
2777,13,[]
2798,15,[]
2823,15,[]
2848,16,[]
2874,13,[]
2895,17,[]
2923,15,[]
2948,16,[]
2974,14,[]
2997,15,[]
3022,13,[]
3043,22,[]
3079,14,[]
3100,19,[]
3122,15,[]
3140,17,[11, 12]
3160,15,[]
3178,17,[]
3198,13,[]
3213,15,[]
3231,14,[]
3247,15,[3, 4, 5, 6, 7, 8, 9, 10, 11]
3265,13,[]
3280,13,[]
3295,13,[]
3310,17,[]
3330,15,[]
3348,81,[]
3451,10,[]
3466,13,[]
3485,13,[]
3504,15,[]
3526,15,[]
3548,16,[]
3571,15,[]
3593,8,[]
3605,19,[]
3632,15,[]
3654,15,[]
3676,16,[]
3699,13,[]
3718,15,[]
3740,14,[]
3760,15,[]
3778,15,[]
3796,14,[]
3812,13,[]
3827,14,[]
3843,13,[]
3858,15,[]
3876,14,[]
3892,15,[]
3910,14,[11, 12, 13]
3926,16,[]
3945,15,[]
3963,19,[]
3985,15,[]
4003,80,[]
4105,11,[]
4122,13,[]
4143,15,[]
4167,14,[]
4189,13,[]
4210,14,[]
4232,13,[]
4253,13,[]
4274,13,[]
4295,15,[]
4319,14,[]
4341,17,[]
4368,18,[]
4396,16,[]
4421,16,[]
4446,16,[]
4465,15,[]
4483,16,[]
4502,17,[]
4523,16,[]
4542,16,[]
4561,17,[]
4582,13,[]
4598,14,[6, 8]
4615,14,[]
4632,13,[]
4648,12,[]
4663,13,[]
4679,17,[]
4700,83,[]
4813,8,[]
4826,13,[]
4847,11,[]
4864,15,[]
4888,15,[]
4912,10,[]
4928,16,[]
4953,17,[]
4980,13,[]
5001,15,[]
5025,16,[]
5050,19,[]
5080,17,[]
5107,17,[]
5135,17,[]
5164,19,[16]
5188,15,[]
5207,17,[10]
5228,15,[]
5247,17,[11]
5268,15,[]
5287,17,[4, 5]
5308,14,[]
5326,17,[15, 16]
5347,15,[]
5366,16,[]
5386,14,[]
5404,21,[]
5430,15,[]
5449,79,[]
5563,7,[]
5575,11,[]
5594,12,[]
5614,12,[]
5634,12,[]
5654,14,[]
5678,12,[]
5698,13,[]
5720,14,[]
5744,17,[]
5773,14,[]
5797,14,[]
5821,12,[]
5841,13,[]
5863,12,[]
5883,15,[]
5902,12,[]
5917,12,[]
5932,15,[]
5951,13,[]
5967,14,[]
5985,16,[]
6005,15,[]
6024,16,[]
6044,12,[]
6059,15,[]
6078,15,[]
6097,13,[9, 10, 11, 12]
6113,12,[]
6128,80,[]
6244,8,[]
6258,11,[]
6277,6,[]
6287,17,[]
6316,16,[]
6343,18,[]
6373,13,[]
6395,16,[]
6422,14,[]
6446,16,[]
6473,16,[]
6500,17,[]
6529,16,[]
6556,16,[]
6583,13,[]
6605,18,[]
6627,15,[]
6646,15,[]
6665,15,[]
6684,17,[]
6705,17,[]
6726,17,[]
6747,15,[]
6766,16,[]
6786,16,[]
6806,16,[]
6826,14,[]
6844,16,[]
6864,13,[]
0,17,[]
21,1,[]
23,9,[]
35,12,[]
51,11,[]
66,9,[3, 4, 5, 6, 7, 8]
78,10,[]
91,8,[]
102,9,[]
114,6,[]
122,8,[]
133,8,[]
144,10,[]
157,7,[]
166,9,[]
178,11,[]
193,14,[]
209,8,[]
218,12,[]
232,12,[]
246,19,[]
267,15,[]
284,16,[]
302,15,[]
319,12,[]
333,26,[5]
362,9,[]
372,13,[11, 12]
387,17,[]
406,14,[]
422,100,[]
541,6,[]
549,5,[]
556,6,[]
564,8,[]
575,12,[]
591,17,[]
613,15,[]
633,15,[]
653,12,[0, 1, 2, 3, 4, 5]
669,13,[]
686,16,[]
707,14,[]
725,16,[]
746,13,[]
763,11,[]
778,13,[]
793,13,[]
808,14,[]
824,13,[12]
839,14,[]
855,11,[]
868,12,[]
882,13,[]
897,15,[]
914,25,[5, 6]
942,16,[]
960,11,[6]
973,15,[]
990,10,[]
1001,104,[]
1136,7,[]
1147,5,[]
1155,12,[]
1173,11,[]
1190,12,[]
1208,12,[]
1226,10,[]
1241,13,[]
1261,12,[]
1279,12,[]
1297,10,[]
1312,11,[]
1329,11,[]
1346,14,[]
1367,10,[]
1382,11,[]
1395,10,[]
1407,11,[]
1420,13,[]
1436,15,[]
1454,12,[]
1468,11,[8, 9, 10]
1481,11,[]
1494,14,[]
1511,13,[]
1527,23,[]
1554,16,[]
1573,15,[]
1591,11,[]
1604,103,[]
1741,7,[]
1752,11,[]
1769,12,[]
1787,13,[]
1807,13,[]
1827,16,[]
1851,12,[]
1869,9,[]
1883,13,[]
1903,14,[]
1924,13,[]
1944,17,[]
1970,13,[]
1990,14,[]
2011,14,[]
2032,18,[]
2053,16,[]
2072,17,[]
2092,15,[]
2110,18,[9]
2131,16,[13, 14]
2150,16,[]
2169,16,[]
2188,18,[]
2209,15,[]
2227,15,[4, 5, 6, 7, 8, 9]
2245,26,[]
2276,13,[]
2292,13,[]
2308,104,[]
2447,7,[]
2458,9,[]
2472,11,[]
2489,15,[]
2512,12,[]
2530,12,[]
2548,13,[]
2568,16,[]
2592,15,[]
2615,15,[]
2638,15,[]
2661,15,[]
2684,14,[]
2705,8,[]
2717,15,[]
2740,15,[]
2758,14,[11, 12, 13]
2775,14,[]
2792,14,[]
2809,17,[]
2829,16,[]
2848,15,[]
2866,14,[6]
2883,17,[]
2903,9,[]
2914,13,[]
2930,15,[]
2948,14,[]
2965,9,[]
2976,114,[]
3128,7,[]
3140,10,[]
3158,12,[]
3180,11,[]
3200,11,[]
3220,10,[]
3238,10,[]
3256,11,[]
3276,11,[]
3296,10,[]
3314,10,[]
3332,12,[]
3354,11,[]
3374,12,[]
3396,12,[]
3418,14,[]
3436,12,[]
3452,12,[]
3468,12,[]
3484,15,[]
3503,11,[]
3517,14,[]
3535,12,[]
3551,14,[4, 5, 6, 7, 8, 9]
3569,13,[]
3586,11,[]
3600,12,[]
3616,13,[]
3633,15,[]
3652,114,[]
3826,6,[]
3837,9,[]
3854,12,[]
3876,13,[]
3900,14,[]
3925,16,[]
3954,15,[]
3981,8,[]
3996,16,[]
4025,13,[]
4049,13,[]
4073,15,[]
4100,12,[]
4122,12,[]
4144,13,[]
4168,15,[]
4187,11,[]
4201,16,[]
4222,11,[]
4236,12,[]
4252,11,[]
4266,14,[10]
4284,13,[]
4301,15,[]
4320,14,[]
4338,13,[]
4355,13,[4, 5, 6, 7, 8]
4372,16,[]
4393,11,[]
4407,111,[]
4576,17,[]
4607,11,[]
4627,17,[]
4658,18,[]
4691,16,[]
4720,14,[]
4745,16,[]
4774,20,[]
4810,19,[]
4844,19,[]
4878,18,[]
4911,24,[]
4954,22,[]
4994,19,[]
5028,23,[]
5069,24,[]
5100,24,[]
5131,25,[]
5163,21,[]
5190,22,[6, 7, 8, 9]
5218,19,[]
5242,19,[]
5266,13,[]
5283,21,[]
5310,15,[]
5329,15,[]
5348,12,[]
5363,15,[]
5382,15,[]
5401,108,[]
5561,7,[]
5574,12,[]
5595,22,[]
5633,10,[]
5651,14,[]
5676,16,[]
5704,17,[]
5734,19,[]
5767,17,[]
5797,17,[]
5827,9,[]
5843,16,[]
5871,15,[]
5897,14,[]
5922,16,[]
5950,19,[]
5974,35,[]
6018,8,[]
6028,17,[]
6050,17,[]
6072,13,[]
6089,11,[9, 10]
6103,15,[4, 5]
6122,26,[]
6155,28,[]
6190,20,[]
6215,20,[]
6240,12,[]
6255,10,[]
6268,106,[]
6425,6,[]
6436,11,[]
6455,13,[]
6478,12,[]
6499,9,[]
6515,9,[]
6531,10,[]
6549,11,[]
6568,23,[]
6608,14,[]
6633,10,[]
6651,13,[]
6674,12,[]
6695,13,[]
6718,15,[]
6744,16,[13]
6764,7,[]
6773,16,[15]
6793,8,[]
6803,17,[]
6825,14,[]
6843,13,[]
6860,12,[]
6875,13,[]
6892,12,[7]
6907,11,[9]
6921,13,[]
6938,13,[7, 8, 9, 10, 11]
6955,14,[]
0,51,[]
68,1,[]
70,1,[]
72,1,[]
74,5,[]
82,21,[]
114,7,[]
125,31,[]
172,3,[]
177,14,[]
198,6,[]
207,20,[]
237,8,[]
249,32,[]
297,10,[]
312,21,[]
344,22,[]
370,10,[]
382,7,[]
391,25,[]
421,27,[]
457,7,[]
466,23,[]
493,8,[]
503,9,[]
514,25,[]
544,24,[]
572,9,[]
583,3,[2]
587,8,[]
597,140,[]
784,1,[]
786,17,[]
812,5,[]
820,16,[]
844,5,[]
852,24,[]
888,8,[]
900,23,[]
935,6,[]
944,28,[]
986,8,[]
998,22,[]
1031,4,[]
1038,25,[]
1081,4,[]
1088,25,[]
1119,23,[]
1148,7,[]
1157,23,[]
1186,8,[]
1196,12,[]
1211,13,[]
1228,53,[]
1307,4,[1]
1312,18,[]
1339,9,[]
1351,25,[17, 18, 19, 20, 21, 22, 23, 24]
1382,9,[]
1394,22,[]
1422,112,[]
1588,19,[]
1621,5,[]
1630,20,[]
1665,9,[]
1681,19,[]
1714,3,[]
1720,7,[]
1733,38,[]
1799,9,[]
1815,4,[]
1822,19,[]
1855,22,[]
1893,9,[]
1909,36,[]
1971,9,[]
1987,16,[]
2007,9,[]
2019,26,[]
2058,5,[]
2065,22,[]
2093,7,[]
2102,23,[]
2131,7,[]
2140,10,[7]
2153,52,[]
2230,5,[]
2237,9,[4, 5, 6, 7]
2249,19,[]
2273,2,[]
2276,105,[]
2432,1,[]
2434,17,[]
2464,23,[]
2504,8,[]
2518,21,[]
2555,7,[]
2568,36,[]
2630,6,[]
2641,17,[]
2671,6,[]
2682,24,[]
2724,6,[]
2735,22,[]
2773,7,[]
2786,22,[]
2824,26,[]
2863,9,[3, 4]
2875,7,[]
2884,23,[]
2919,6,[]
2927,8,[]
2937,45,[]
3004,4,[]
3009,7,[]
3018,18,[]
3045,7,[]
3054,19,[]
3078,10,[]
3090,20,[]
3113,95,[]
3231,10,[]
3245,12,[]
3262,5,[]
3269,24,[]
3302,3,[]
3307,13,[]
3325,5,[]
3332,19,[]
3358,8,[]
3369,17,[]
3393,8,[]
3404,16,[]
3426,15,[]
3447,6,[]
3456,7,[]
3466,23,[]
3492,4,[]
3497,6,[]
3504,51,[]
3568,4,[2, 3]
3573,8,[]
3582,17,[]
3604,4,[]
3609,21,[12, 13, 14, 15, 16, 17, 18, 19, 20]
3633,16,[]
3651,7,[]
3659,23,[]
3688,9,[]
3699,6,[]
3706,88,[]
3816,1,[]
3818,1,[]
3820,16,[]
3842,6,[]
3851,15,[]
3872,6,[]
3881,16,[]
3903,7,[]
3913,19,[]
3939,7,[]
3949,27,[]
3986,8,[]
3997,17,[]
4021,7,[]
4031,19,[]
4057,6,[]
4064,18,[5, 6]
4085,8,[]
4095,7,[6]
4104,22,[]
4132,6,[]
4140,40,[]
4200,5,[]
4207,16,[]
4231,7,[]
4240,20,[]
4265,8,[]
4275,31,[]
4321,4,[1, 2]
4326,89,[]
4458,8,[]
4472,8,[]
4486,6,[]
4497,15,[]
4523,5,[]
4532,12,[]
4553,4,[]
4560,16,[]
4588,15,[]
4614,8,[]
4628,22,[]
4666,9,[]
4682,26,[]
4727,9,[]
4743,16,[]
4771,7,[]
4780,8,[]
4790,68,[]
4891,4,[]
4896,5,[]
4903,5,[]
4910,23,[]
4945,6,[]
4953,6,[]
4961,34,[]
5012,5,[]
5019,7,[]
5028,32,[]
5076,6,[]
5084,96,[]
5227,19,[]
5260,4,[]
5267,13,[]
5290,12,[]
5311,4,[]
5318,32,[]
5374,5,[]
5383,15,[]
5409,6,[]
5420,16,[]
5448,7,[]
5461,16,[]
5489,5,[]
5498,21,[]
5535,6,[]
5546,19,[]
5570,7,[]
5579,11,[]
5593,32,[]
5641,9,[8]
5653,8,[]
5663,17,[6]
5685,9,[]
5697,16,[]
5717,6,[]
5725,18,[]
5748,8,[]
5758,19,[]
5782,18,[]
5805,93,[]
5943,9,[]
5959,7,[]
5972,8,[]
5986,6,[]
5997,26,[]
6042,7,[]
6055,17,[]
6085,8,[]
6099,17,[]
6129,31,[]
6183,9,[]
6199,7,[]
6212,22,[]
6250,7,[]
6261,20,[]
6290,5,[]
6296,7,[]
6304,32,[]
6344,6,[]
6351,6,[]
6358,19,[]
6380,18,[]
6401,9,[]
6412,17,[]
6432,8,[]
6441,16,[]
6459,8,[]
6468,16,[]
6486,7,[]
6494,90,[]
6606,1,[]
6608,17,[5, 6, 7, 8, 9, 10, 11, 12, 13, 14, 15, 16]
6632,3,[]
6637,5,[]
6644,13,[]
6662,8,[]
6673,7,[]
6683,15,[]
6704,6,[]
6713,15,[]
6734,6,[]
6743,14,[]
6763,7,[]
6773,31,[]
6816,10,[]
6830,13,[]
6847,9,[]
6858,14,[]
6874,12,[]
6888,7,[]
6896,16,[]
6914,6,[]
6921,17,[]
6941,7,[]
6949,16,[]
6967,5,[]
6973,15,[]
6990,6,[]
6997,29,[]
0,30,[]
42,1,[]
44,15,[]
68,5,[]
76,20,[]
108,6,[]
118,22,[]
153,10,[]
169,23,[]
206,9,[]
221,18,[]
250,17,[]
277,11,[]
295,10,[]
311,22,[]
346,8,[]
359,21,[]
388,9,[]
399,17,[11]
420,6,[4, 5]
428,17,[13]
449,6,[]
457,28,[19]
491,18,[]
513,7,[3, 4, 5, 6]
522,29,[]
563,7,[]
572,9,[]
583,20,[]
607,6,[]
615,75,[]
719,1,[]
721,11,[]
739,9,[]
754,6,[]
764,15,[]
788,11,[]
806,23,[]
843,8,[]
856,22,[]
891,6,[]
901,12,[]
920,18,[]
949,12,[]
968,20,[]
1000,6,[]
1010,21,[]
1036,18,[]
1059,12,[]
1074,22,[]
1102,8,[]
1112,23,[]
1141,6,[]
1149,24,[]
1179,14,[]
1197,16,[]
1217,21,[19]
1244,11,[]
1258,21,[]
1285,16,[6]
1305,83,[]
1428,13,[]
1451,6,[]
1462,16,[]
1490,12,[]
1511,20,[]
1546,9,[]
1562,20,[]
1597,10,[]
1615,11,[]
1634,22,[]
1672,16,[]
1700,13,[]
1723,18,[]
1754,12,[]
1775,21,[]
1812,8,[]
1822,22,[]
1855,6,[]
1863,20,[]
1893,8,[]
1903,22,[]
1936,12,[5, 6]
1951,20,[]
1981,8,[]
1991,17,[]
2017,13,[]
2033,20,[]
2060,8,[]
2070,19,[]
2092,85,[]
2202,9,[]
2215,6,[]
2224,17,[]
2249,7,[]
2260,21,[]
2291,7,[]
2302,17,[]
2327,10,[]
2342,16,[]
2365,12,[]
2383,19,[]
2411,8,[]
2423,21,[]
2454,6,[]
2463,20,[]
2492,8,[]
2502,20,[]
2525,12,[]
2539,20,[]
2562,8,[5, 6]
2572,21,[]
2597,11,[]
2610,22,[]
2636,7,[]
2645,17,[10]
2665,12,[]
2679,19,[3]
2701,8,[]
2711,16,[]
2730,82,[]
2836,13,[]
2855,5,[]
2863,19,[]
2891,7,[]
2902,20,[]
2931,11,[]
2947,18,[]
2973,13,[]
2992,31,[]
3037,22,[]
3070,30,[]
3118,22,[]
3153,19,[]
3183,21,[]
3216,22,[]
3251,21,[]
3276,21,[8]
3301,27,[]
3339,6,[]
3347,17,[]
3368,10,[]
3380,29,[]
3415,12,[]
3430,22,[]
3457,9,[]
3468,21,[]
3493,14,[]
3510,21,[]
3535,7,[]
3544,73,[]
3645,1,[]
3647,14,[]
3669,10,[]
3685,15,[]
3709,12,[]
3728,19,[]
3758,12,[]
3777,17,[]
3804,10,[]
3820,19,[]
3850,11,[]
3868,20,[]
3900,6,[]
3910,19,[]
3940,6,[]
3950,21,[]
3975,15,[]
3993,8,[]
4003,10,[]
4015,21,[12, 13, 14, 15, 16, 17, 18, 19, 20]
4040,7,[]
4049,17,[]
4071,6,[]
4079,15,[]
4098,12,[]
4113,14,[]
4131,12,[]
4146,15,[]
4165,14,[]
4183,86,[]
4311,9,[]
4327,6,[]
4338,8,[]
4352,16,[]
4380,8,[]
4394,12,[]
4415,11,[]
4434,15,[]
4460,9,[]
4476,13,[]
4499,14,[]
4524,8,[]
4538,15,[]
4564,9,[]
4580,14,[]
4605,11,[]
4619,11,[]
4633,19,[14]
4657,8,[]
4667,19,[]
4691,7,[]
4700,17,[5]
4722,12,[]
4737,14,[]
4755,14,[]
4773,8,[]
4783,18,[]
4806,9,[3]
4818,17,[]
4840,89,[]
4972,1,[]
4974,11,[]
4993,9,[]
5009,13,[]
5032,14,[]
5057,8,[]
5069,19,[]
5095,8,[]
5106,19,[]
5131,6,[2, 3, 4]
5139,19,[]
5164,8,[]
5175,19,[]
5200,12,[]
5216,21,[]
5243,6,[]
5250,17,[]
5269,12,[]
5283,19,[]
5304,6,[1]
5311,18,[12, 13]
5331,12,[]
5345,20,[]
5367,6,[]
5374,18,[13]
5394,11,[5, 6]
5407,20,[]
5429,12,[5, 6]
5443,18,[]
5463,87,[]
5567,8,[]
5578,12,[]
5594,11,[]
5609,13,[]
5626,16,[]
5647,9,[]
5659,17,[]
5681,8,[]
5692,19,[]
5717,7,[]
5726,17,[]
5748,9,[]
5760,18,[]
5784,11,[]
5799,18,[]
5823,11,[]
5836,17,[]
5855,11,[]
5868,17,[]
5887,11,[]
5900,18,[]
5920,11,[]
5933,17,[]
5952,11,[]
5965,18,[]
5985,11,[]
5998,17,[]
6017,10,[]
6028,17,[]
6047,99,[]
6165,10,[]
6180,8,[]
6194,13,[]
6217,7,[]
6230,20,[]
6265,5,[]
6274,19,[]
6307,8,[]
6321,21,[]
6358,11,[]
6377,20,[]
6412,8,[]
6426,21,[]
6463,8,[]
6477,20,[]
6512,10,[]
6525,20,[]
6550,12,[]
6565,20,[]
6590,11,[]
6604,20,[]
6629,10,[]
6642,22,[]
6670,12,[]
6685,20,[]
6710,10,[]
6723,22,[]
6751,11,[]
6765,15,[]
0,52,[]
79,6,[]
90,7,[]
103,12,[]
125,12,[]
147,11,[]
167,11,[]
187,12,[]
209,11,[]
229,8,[]
244,10,[]
262,10,[]
280,13,[]
303,11,[]
323,11,[]
343,10,[]
361,12,[]
377,10,[]
390,12,[]
406,12,[]
422,13,[]
439,12,[]
455,14,[]
473,18,[]
496,18,[]
519,18,[]
542,19,[]
566,18,[]
589,16,[]
610,28,[]
653,125,[]
842,10,[]
860,12,[]
882,19,[]
916,7,[]
929,9,[]
945,26,[]
991,14,[]
1016,16,[]
1044,14,[]
1068,16,[]
1096,14,[]
1120,15,[]
1146,17,[]
1175,12,[]
1196,17,[]
1225,16,[]
1245,12,[3, 4, 5, 6, 7, 8]
1260,18,[]
1283,12,[]
1298,15,[]
1317,15,[]
1336,17,[]
1357,14,[]
1375,22,[]
1403,11,[]
1417,13,[]
1433,18,[]
1456,17,[]
1477,30,[]
1514,120,[]
1690,5,[]
1699,7,[]
1711,9,[]
1727,13,[]
1749,11,[]
1768,14,[]
1792,12,[]
1813,13,[]
1835,12,[]
1856,12,[]
1877,11,[]
1896,13,[]
1918,9,[]
1934,14,[]
1958,14,[]
1982,15,[8, 9, 10, 11, 12, 13, 14]
2001,11,[]
2015,12,[]
2030,11,[]
2044,12,[]
2059,11,[]
2073,13,[]
2089,11,[]
2103,14,[]
2121,10,[]
2134,12,[]
2149,12,[]
2164,13,[]
2180,19,[]
2204,113,[]
2369,5,[]
2378,10,[]
2395,10,[]
2412,11,[]
2431,10,[]
2448,11,[]
2467,12,[]
2488,13,[]
2510,12,[]
2531,13,[]
2553,13,[]
2575,14,[]
2599,12,[]
2620,14,[]
2644,12,[]
2665,15,[]
2684,12,[]
2699,14,[]
2717,10,[]
2730,14,[]
2748,11,[3, 4, 5, 6, 7]
2762,15,[]
2781,14,[]
2799,15,[]
2818,11,[]
2832,13,[]
2848,11,[]
2862,12,[]
2877,24,[]
2907,118,[]
3080,7,[]
3092,10,[]
3109,11,[]
3128,13,[]
3150,10,[]
3167,13,[]
3189,12,[]
3210,15,[]
3236,12,[]
3257,13,[]
3279,12,[]
3300,14,[]
3324,16,[]
3352,16,[]
3380,14,[]
3404,18,[]
3427,12,[]
3442,14,[]
3460,13,[]
3476,15,[]
3495,13,[]
3511,13,[]
3527,13,[]
3543,17,[]
3564,11,[]
3578,13,[]
3594,12,[]
3609,14,[]
3627,24,[]
3657,125,[]
3840,6,[]
3851,12,[]
3872,11,[]
3891,11,[]
3910,12,[]
3931,11,[]
3950,12,[]
3971,15,[]
3997,13,[]
4019,14,[]
4043,14,[]
4067,15,[]
4093,14,[]
4116,16,[]
4142,13,[]
4163,18,[6]
4185,12,[]
4200,13,[]
4216,12,[]
4231,15,[]
4250,16,[]
4270,17,[]
4291,14,[9, 10, 11, 12, 13]
4308,23,[]
4336,12,[]
4351,13,[]
4367,10,[]
4380,11,[]
4394,27,[13, 14, 15, 16, 17, 18, 19, 20, 21, 22, 23]
4427,129,[]
4609,4,[]
4616,11,[]
4634,10,[]
4651,12,[]
4671,10,[]
4688,11,[]
4706,13,[]
4727,14,[]
4750,12,[]
4770,13,[]
4791,15,[]
4816,16,[]
4842,15,[]
4867,18,[]
4897,12,[]
4917,16,[10]
4937,12,[]
4952,14,[]
4969,12,[]
4984,18,[]
5006,13,[6, 7, 8, 9]
5022,16,[]
5042,11,[]
5056,14,[]
5073,11,[]
5087,13,[]
5103,12,[]
5118,15,[]
5137,28,[]
5173,136,[]
5379,3,[]
5385,8,[]
5400,9,[]
5416,11,[]
5436,8,[]
5451,9,[]
5467,11,[]
5487,13,[]
5510,13,[]
5533,15,[]
5560,13,[]
5583,13,[]
5606,10,[]
5624,10,[]
5642,11,[]
5662,11,[]
5676,11,[]
5690,10,[]
5703,11,[]
5717,13,[]
5734,14,[]
5752,15,[]
5771,16,[]
5792,18,[8, 9]
5815,11,[]
5829,13,[]
5846,10,[]
5859,14,[]
5877,30,[23, 24, 25, 26, 27, 28]
5915,137,[]
6122,4,[]
6130,5,[]
6139,8,[]
6154,9,[]
6170,8,[]
6185,9,[]
6201,11,[]
6221,13,[]
6244,10,[]
6262,13,[]
6285,12,[]
6307,11,[]
6327,13,[]
6350,12,[]
6372,13,[]
6395,13,[]
6412,17,[]
6434,14,[]
6452,16,[]
6473,11,[]
6487,14,[]
6505,12,[]
6521,13,[8]
6538,14,[]
6556,19,[8, 9, 10, 11]
6580,13,[]
6597,14,[]
6615,12,[4, 5, 6, 7, 8]
6631,34,[]
6683,129,[]
6878,4,[]
6886,5,[0, 1, 2, 3, 4]
6895,7,[]
6908,11,[]
6928,9,[]
6944,9,[]
6960,9,[]
6976,11,[]
6996,12,[]
7018,11,[]
7038,8,[]
7053,11,[]
7073,11,[]
7093,12,[]
7115,11,[]
7135,13,[]
7152,15,[]
7171,12,[]
7187,12,[]
7203,16,[]
7224,9,[]
7236,10,[]
7249,12,[]
7265,13,[]
7282,10,[]
7295,11,[]
7309,11,[]
7323,14,[]
7341,3,[]
0,48,[]
63,7,[]
74,7,[]
85,9,[]
99,12,[]
117,19,[]
145,8,[]
157,7,[]
168,7,[]
179,7,[]
190,13,[]
210,11,[]
227,11,[]
244,11,[]
261,9,[]
275,10,[]
290,13,[]
308,9,[]
319,11,[]
332,10,[]
344,12,[]
358,12,[]
372,12,[]
386,16,[14, 15]
405,10,[]
417,14,[]
436,14,[]
455,15,[]
475,15,[]
495,14,[]
514,137,[]
694,5,[]
702,10,[]
717,10,[]
732,7,[]
743,4,[]
749,9,[]
763,11,[]
780,8,[]
792,8,[]
804,9,[]
818,10,[]
833,11,[]
850,10,[]
865,8,[]
877,11,[]
894,9,[5]
905,13,[]
921,12,[]
935,12,[2, 3, 4, 5]
949,9,[]
960,9,[]
971,11,[]
984,12,[]
998,10,[]
1010,11,[]
1023,14,[]
1040,15,[]
1058,8,[]
1068,9,[]
1079,135,[]
1263,3,[]
1268,8,[]
1281,7,[]
1292,8,[]
1305,9,[]
1319,10,[]
1335,11,[]
1352,10,[]
1368,12,[]
1387,11,[3, 4, 5, 6, 7, 8, 9]
1404,13,[]
1425,9,[]
1439,10,[]
1455,16,[]
1480,14,[]
1502,10,[]
1514,11,[]
1527,11,[]
1540,13,[]
1556,11,[]
1569,19,[]
1595,17,[]
1619,15,[]
1637,18,[]
1662,19,[]
1688,18,[]
1713,18,[]
1738,18,[]
1763,25,[]
1797,88,[]
1917,11,[]
1934,11,[]
1951,13,[]
1972,14,[]
1994,11,[]
2011,12,[]
2032,16,[]
2061,24,[]
2104,14,[]
2129,20,[]
2165,18,[]
2197,19,[]
2231,22,[]
2270,17,[]
2301,14,[]
2326,14,[]
2348,23,[]
2383,14,[]
2405,16,[]
2430,19,[]
2459,22,[]
2493,16,[]
2518,18,[]
2546,19,[]
2575,19,[]
2604,17,[]
2630,19,[]
2659,18,[]
2687,15,[]
2710,80,[]
2831,11,[]
2851,18,[]
2883,12,[]
2905,13,[]
2928,11,[]
2948,14,[]
2973,16,[]
3002,18,[]
3034,17,[]
3063,16,[]
3089,14,[]
3112,14,[]
3135,14,[]
3158,15,[1, 2, 3, 4, 5, 6, 7, 8, 9, 10, 11]
3183,15,[]
3208,18,[]
3234,13,[]
3250,16,[]
3273,14,[]
3293,15,[]
3315,12,[]
3332,15,[]
3354,15,[]
3376,13,[]
3392,14,[]
3409,15,[]
3428,17,[]
3449,14,[]
3466,16,[]
3486,95,[]
3620,10,[]
3637,16,[]
3663,14,[]
3686,16,[]
3712,17,[]
3740,19,[]
3771,20,[]
3804,17,[]
3832,17,[]
3860,18,[]
3890,19,[]
3921,21,[]
3955,19,[]
3986,18,[]
4016,18,[]
4046,19,[]
4074,19,[]
4103,22,[]
4137,20,[]
4168,19,[]
4197,19,[]
4226,18,[]
4254,16,[]
4279,24,[]
4316,20,[]
4347,17,[]
4373,18,[]
4401,19,[]
4430,20,[]
4461,74,[]
4573,8,[]
4588,9,[]
4604,12,[]
4626,12,[]
4648,14,[]
4673,13,[]
4696,11,[]
4716,14,[]
4741,16,[]
4770,14,[]
4795,16,[]
4824,16,[]
4853,16,[]
4882,12,[]
4904,12,[]
4926,10,[]
4942,10,[]
4958,17,[]
4984,19,[]
5013,17,[]
5039,9,[]
5051,13,[]
5070,12,[]
5087,12,[4, 5]
5102,13,[]
5118,12,[]
5133,14,[]
5150,11,[]
5163,16,[]
5182,73,[]
5282,6,[]
5292,6,[]
5302,8,[]
5315,11,[]
5332,7,[]
5343,9,[]
5357,11,[]
5374,11,[]
5391,12,[]
5410,9,[]
5424,15,[]
5448,14,[]
5470,12,[]
5489,9,[]
5503,14,[]
5525,14,[]
5542,14,[]
5559,11,[]
5572,13,[]
5588,14,[]
5605,15,[]
5623,11,[]
5636,11,[]
5649,14,[]
5666,14,[]
5683,11,[]
5696,9,[]
5707,16,[15]
5726,15,[]
5744,85,[]
5860,2,[]
5864,9,[]
5878,11,[]
5895,10,[]
5911,7,[]
5922,12,[]
5941,12,[]
5960,14,[]
5982,11,[]
5999,13,[]
6020,10,[]
6036,12,[]
6055,8,[]
6069,12,[]
6091,14,[]
6117,12,[]
6133,7,[]
6142,10,[]
6155,13,[]
6172,10,[]
6185,8,[]
6196,10,[]
6209,15,[]
6229,13,[]
6246,9,[]
6258,11,[]
6273,9,[]
6285,11,[]
6300,10,[3]
6313,100,[]
6470,2,[]
6474,6,[]
6486,8,[]
6501,11,[]
6522,7,[]
6535,10,[]
6554,9,[]
6571,12,[]
6594,11,[]
6615,8,[]
6630,11,[]
6651,13,[]
6675,13,[]
6699,11,[]
6720,11,[]
6741,13,[]
6758,8,[5]
6769,12,[4, 5, 6, 7, 8, 9, 10]
6785,12,[]
6801,13,[]
6818,13,[]
6835,12,[]
6851,14,[]
6869,15,[]
6889,10,[]
6902,13,[]
6919,11,[]
6934,11,[]
6949,4,[]
0,27,[]
36,7,[]
47,10,[]
62,14,[]
83,12,[]
101,12,[]
119,13,[]
139,12,[]
157,14,[0, 1, 2, 3, 4, 5, 6, 7]
178,11,[]
195,17,[]
221,12,[]
239,13,[]
259,10,[]
274,12,[]
292,12,[]
310,12,[5, 6]
324,11,[]
337,14,[]
354,11,[]
367,14,[]
384,12,[]
398,14,[]
415,13,[]
431,16,[6]
450,17,[]
470,16,[]
492,15,[]
512,18,[]
536,16,[8, 9, 10, 11, 12, 13, 14, 15]
558,61,[]
640,12,[]
658,16,[]
682,15,[]
705,9,[]
719,16,[]
743,15,[]
766,17,[]
792,16,[]
816,15,[]
839,21,[]
871,18,[]
898,17,[]
924,14,[]
945,17,[]
971,17,[]
997,16,[3, 4, 5, 6, 7, 8, 9, 10]
1016,17,[]
1041,16,[]
1061,17,[]
1083,17,[]
1105,18,[]
1128,16,[]
1148,19,[]
1177,17,[]
1199,19,[]
1223,18,[]
1246,19,[]
1270,15,[]
1289,17,[]
1311,68,[]
1412,12,[]
1433,13,[]
1456,16,[]
1484,15,[]
1510,15,[]
1536,14,[]
1561,13,[]
1584,14,[]
1609,15,[]
1635,19,[]
1668,14,[]
1693,15,[]
1719,15,[]
1745,15,[]
1771,15,[0, 1, 2, 3, 4, 5, 6, 7, 8, 9, 10, 11]
1797,15,[]
1816,15,[]
1835,15,[]
1854,15,[]
1873,14,[]
1891,16,[]
1911,14,[]
1929,12,[]
1944,15,[]
1963,15,[]
1982,11,[]
1996,14,[]
2014,12,[]
2029,14,[]
2047,66,[]
2148,10,[]
2166,13,[]
2190,12,[]
2212,13,[]
2236,13,[]
2260,14,[]
2285,14,[]
2310,17,[]
2341,12,[]
2363,19,[]
2397,13,[]
2421,10,[]
2439,13,[]
2463,12,[]
2485,13,[]
2509,15,[]
2528,14,[4, 5, 6, 7, 8, 9, 10, 11, 12, 13]
2546,14,[]
2564,12,[]
2580,16,[]
2601,15,[]
2620,14,[]
2638,13,[]
2655,12,[]
2671,14,[]
2689,15,[]
2708,17,[]
2730,14,[]
2748,14,[]
2766,67,[]
2868,7,[]
2881,12,[]
2903,13,[]
2927,11,[]
2947,11,[]
2967,13,[]
2991,9,[]
3008,14,[]
3033,14,[]
3058,15,[]
3085,14,[]
3110,16,[]
3139,12,[]
3161,13,[]
3185,15,[]
3212,13,[7, 8, 9, 10, 11]
3229,13,[]
3246,15,[]
3265,14,[]
3283,13,[]
3300,15,[]
3319,14,[]
3337,12,[]
3353,17,[]
3375,16,[]
3396,17,[]
3418,10,[]
3431,13,[]
3448,13,[]
3465,70,[]
3572,7,[]
3585,10,[]
3603,11,[]
3623,12,[]
3645,10,[0, 1, 2, 3, 4, 5, 6, 7, 8, 9]
3663,9,[]
3680,10,[]
3698,13,[]
3722,9,[]
3739,17,[]
3770,10,[]
3788,12,[]
3810,13,[]
3834,14,[]
3859,13,[]
3883,13,[]
3900,12,[]
3916,12,[]
3932,13,[]
3949,16,[]
3970,14,[]
3988,12,[]
4004,12,[]
4020,14,[]
4038,11,[]
4052,13,[]
4069,15,[10]
4088,15,[]
4107,11,[]
4121,84,[]
4249,3,[]
4255,5,[]
4264,5,[]
4273,11,[]
4293,9,[]
4310,12,[]
4332,12,[]
4354,14,[]
4379,12,[]
4401,18,[]
4434,8,[]
4449,10,[]
4467,8,[]
4482,10,[]
4500,8,[]
4515,11,[]
4529,11,[]
4543,14,[]
4561,11,[]
4575,11,[]
4589,13,[]
4606,10,[]
4619,10,[7, 8, 9]
4632,15,[]
4651,10,[]
4664,9,[]
4676,10,[]
4689,14,[]
4707,11,[]
4721,106,[]
4883,5,[]
4892,7,[]
4905,9,[]
4922,10,[]
4940,9,[]
4957,11,[]
4977,8,[]
4992,9,[]
5009,10,[]
5027,14,[]
5052,10,[]
5069,12,[]
5088,9,[]
5103,14,[]
5125,12,[]
5144,11,[]
5158,10,[]
5170,11,[6, 7, 8, 9]
5184,13,[]
5200,14,[]
5217,11,[]
5231,11,[]
5245,15,[]
5263,14,[]
5280,10,[]
5292,12,[]
5307,13,[5, 6, 7, 8, 9, 10, 11]
5323,14,[]
5340,12,[]
5355,106,[]
5502,5,[0, 1, 2, 3, 4]
5510,7,[]
5521,7,[]
5532,12,[]
5551,10,[]
5567,12,[]
5586,12,[]
5605,16,[]
5631,13,[]
5652,18,[]
5681,13,[]
5702,13,[]
5723,9,[]
5738,16,[]
5764,10,[]
5780,12,[]
5795,10,[]
5807,11,[]
5821,10,[]
5833,11,[]
5847,10,[]
5859,12,[]
5874,13,[9, 10]
5890,13,[]
5906,13,[]
5922,14,[]
5939,13,[11, 12]
5955,16,[]
5975,18,[]
5997,100,[]
6135,12,[]
6154,17,[]
6181,16,[]
6207,18,[]
6236,19,[]
6266,21,[]
6299,20,[]
6331,21,[]
6364,20,[]
6396,24,[]
6434,20,[]
6466,20,[]
6498,17,[]
6525,18,[]
6554,19,[]
6584,18,[5, 6, 7, 8, 9]
6606,15,[]
6624,17,[]
6645,17,[]
6666,19,[]
6689,17,[]
6710,18,[6, 7, 8, 9, 10, 11, 12, 13, 14, 15, 16, 17]
6732,15,[]
6750,18,[]
6772,17,[]
6793,18,[]
6815,17,[]
6836,20,[]
6860,9,[]
