[93.19796954314721, 96.6497461928934, 98.2741116751269, 98.4771573604061, 98.68020304568529, 98.88324873096448, 99.08629441624367, 100.00000000000001]
[93.19796954314721, 96.6497461928934, 98.2741116751269, 98.4771573604061, 98.68020304568529, 98.88324873096448, 99.08629441624367, 100.00000000000001]
[93.19796954314721, 96.6497461928934, 98.2741116751269, 98.4771573604061, 98.68020304568529, 98.88324873096448, 99.08629441624367, 100.00000000000001]
[93.19796954314721, 96.6497461928934, 98.2741116751269, 98.4771573604061, 98.68020304568529, 98.88324873096448, 99.08629441624367, 100.00000000000001]
[93.19796954314721, 96.6497461928934, 98.2741116751269, 98.4771573604061, 98.68020304568529, 98.88324873096448, 99.08629441624367, 100.00000000000001]
[93.19796954314721, 96.6497461928934, 98.2741116751269, 98.4771573604061, 98.68020304568529, 98.88324873096448, 99.08629441624367, 100.00000000000001]
[93.19796954314721, 96.6497461928934, 98.2741116751269, 98.4771573604061, 98.68020304568529, 98.88324873096448, 99.08629441624367, 100.00000000000001]
[93.19796954314721, 96.6497461928934, 98.2741116751269, 98.4771573604061, 98.68020304568529, 98.88324873096448, 99.08629441624367, 100.00000000000001]
[93.19796954314721, 96.6497461928934, 98.2741116751269, 98.4771573604061, 98.68020304568529, 98.88324873096448, 99.08629441624367, 100.00000000000001]
[93.19796954314721, 96.6497461928934, 98.2741116751269, 98.4771573604061, 98.68020304568529, 98.88324873096448, 99.08629441624367, 100.00000000000001]
[93.19796954314721, 96.6497461928934, 98.2741116751269, 98.4771573604061, 98.68020304568529, 98.88324873096448, 99.08629441624367, 100.00000000000001]
[93.19796954314721, 96.6497461928934, 98.2741116751269, 98.4771573604061, 98.68020304568529, 98.88324873096448, 99.08629441624367, 100.00000000000001]
[93.19796954314721, 96.6497461928934, 98.2741116751269, 98.4771573604061, 98.68020304568529, 98.88324873096448, 99.08629441624367, 100.00000000000001]
[93.19796954314721, 96.6497461928934, 98.2741116751269, 98.4771573604061, 98.68020304568529, 98.88324873096448, 99.08629441624367, 100.00000000000001]
[93.19796954314721, 96.6497461928934, 98.2741116751269, 98.4771573604061, 98.68020304568529, 98.88324873096448, 99.08629441624367, 100.00000000000001]
[93.19796954314721, 96.6497461928934, 98.2741116751269, 98.4771573604061, 98.68020304568529, 98.88324873096448, 99.08629441624367, 100.00000000000001]
[93.19796954314721, 96.6497461928934, 98.2741116751269, 98.4771573604061, 98.68020304568529, 98.88324873096448, 99.08629441624367, 100.00000000000001]
[93.19796954314721, 96.6497461928934, 98.2741116751269, 98.4771573604061, 98.68020304568529, 98.88324873096448, 99.08629441624367, 100.00000000000001]
[93.19796954314721, 96.6497461928934, 98.2741116751269, 98.4771573604061, 98.68020304568529, 98.88324873096448, 99.08629441624367, 100.00000000000001]
[93.19796954314721, 96.6497461928934, 98.2741116751269, 98.4771573604061, 98.68020304568529, 98.88324873096448, 99.08629441624367, 100.00000000000001]
[93.19796954314721, 96.6497461928934, 98.2741116751269, 98.4771573604061, 98.68020304568529, 98.88324873096448, 99.08629441624367, 100.00000000000001]
[93.19796954314721, 96.6497461928934, 98.2741116751269, 98.4771573604061, 98.68020304568529, 98.88324873096448, 99.08629441624367, 100.00000000000001]
[93.19796954314721, 96.6497461928934, 98.2741116751269, 98.4771573604061, 98.68020304568529, 98.88324873096448, 99.08629441624367, 100.00000000000001]
[93.19796954314721, 96.6497461928934, 98.2741116751269, 98.4771573604061, 98.68020304568529, 98.88324873096448, 99.08629441624367, 100.00000000000001]
[93.19796954314721, 96.6497461928934, 98.2741116751269, 98.4771573604061, 98.68020304568529, 98.88324873096448, 99.08629441624367, 100.00000000000001]
[93.19796954314721, 96.6497461928934, 98.2741116751269, 98.4771573604061, 98.68020304568529, 98.88324873096448, 99.08629441624367, 100.00000000000001]
[93.19796954314721, 96.6497461928934, 98.2741116751269, 98.4771573604061, 98.68020304568529, 98.88324873096448, 99.08629441624367, 100.00000000000001]
[93.19796954314721, 96.6497461928934, 98.2741116751269, 98.4771573604061, 98.68020304568529, 98.88324873096448, 99.08629441624367, 100.00000000000001]
[93.19796954314721, 96.6497461928934, 98.2741116751269, 98.4771573604061, 98.68020304568529, 98.88324873096448, 99.08629441624367, 100.00000000000001]
[93.19796954314721, 96.6497461928934, 98.2741116751269, 98.4771573604061, 98.68020304568529, 98.88324873096448, 99.08629441624367, 100.00000000000001]
[93.19796954314721, 96.6497461928934, 98.2741116751269, 98.4771573604061, 98.68020304568529, 98.88324873096448, 99.08629441624367, 100.00000000000001]
[93.19796954314721, 96.6497461928934, 98.2741116751269, 98.4771573604061, 98.68020304568529, 98.88324873096448, 99.08629441624367, 100.00000000000001]
[93.19796954314721, 96.6497461928934, 98.2741116751269, 98.4771573604061, 98.68020304568529, 98.88324873096448, 99.08629441624367, 100.00000000000001]
[93.19796954314721, 96.6497461928934, 98.2741116751269, 98.4771573604061, 98.68020304568529, 98.88324873096448, 99.08629441624367, 100.00000000000001]
[93.19796954314721, 96.6497461928934, 98.2741116751269, 98.4771573604061, 98.68020304568529, 98.88324873096448, 99.08629441624367, 100.00000000000001]
[93.19796954314721, 96.6497461928934, 98.2741116751269, 98.4771573604061, 98.68020304568529, 98.88324873096448, 99.08629441624367, 100.00000000000001]
[93.19796954314721, 96.6497461928934, 98.2741116751269, 98.4771573604061, 98.68020304568529, 98.88324873096448, 99.08629441624367, 100.00000000000001]
[93.19796954314721, 96.6497461928934, 98.2741116751269, 98.4771573604061, 98.68020304568529, 98.88324873096448, 99.08629441624367, 100.00000000000001]
[93.19796954314721, 96.6497461928934, 98.2741116751269, 98.4771573604061, 98.68020304568529, 98.88324873096448, 99.08629441624367, 100.00000000000001]
[93.19796954314721, 96.6497461928934, 98.2741116751269, 98.4771573604061, 98.68020304568529, 98.88324873096448, 99.08629441624367, 100.00000000000001]
[93.19796954314721, 96.6497461928934, 98.2741116751269, 98.4771573604061, 98.68020304568529, 98.88324873096448, 99.08629441624367, 100.00000000000001]
[93.19796954314721, 96.6497461928934, 98.2741116751269, 98.4771573604061, 98.68020304568529, 98.88324873096448, 99.08629441624367, 100.00000000000001]
[93.19796954314721, 96.6497461928934, 98.2741116751269, 98.4771573604061, 98.68020304568529, 98.88324873096448, 99.08629441624367, 100.00000000000001]
[93.19796954314721, 96.6497461928934, 98.2741116751269, 98.4771573604061, 98.68020304568529, 98.88324873096448, 99.08629441624367, 100.00000000000001]
[93.19796954314721, 96.6497461928934, 98.2741116751269, 98.4771573604061, 98.68020304568529, 98.88324873096448, 99.08629441624367, 100.00000000000001]
[93.19796954314721, 96.6497461928934, 98.2741116751269, 98.4771573604061, 98.68020304568529, 98.88324873096448, 99.08629441624367, 100.00000000000001]
[93.19796954314721, 96.6497461928934, 98.2741116751269, 98.4771573604061, 98.68020304568529, 98.88324873096448, 99.08629441624367, 100.00000000000001]
[93.19796954314721, 96.6497461928934, 98.2741116751269, 98.4771573604061, 98.68020304568529, 98.88324873096448, 99.08629441624367, 100.00000000000001]
[86.80203045685279, 93.50253807106598, 96.24365482233502, 96.64974619289339, 97.05583756345176, 97.46192893401013, 98.0710659898477, 99.18781725888323, 99.99999999999999]
[86.80203045685279, 93.50253807106598, 96.24365482233502, 96.64974619289339, 97.05583756345176, 97.46192893401013, 98.0710659898477, 99.18781725888323, 99.99999999999999]
[86.80203045685279, 93.50253807106598, 96.24365482233502, 96.64974619289339, 97.05583756345176, 97.46192893401013, 98.0710659898477, 99.18781725888323, 99.99999999999999]
[86.80203045685279, 93.50253807106598, 96.24365482233502, 96.64974619289339, 97.05583756345176, 97.46192893401013, 98.0710659898477, 99.18781725888323, 99.99999999999999]
[86.80203045685279, 93.50253807106598, 96.24365482233502, 96.64974619289339, 97.05583756345176, 97.46192893401013, 98.0710659898477, 99.18781725888323, 99.99999999999999]
[86.80203045685279, 93.50253807106598, 96.24365482233502, 96.64974619289339, 97.05583756345176, 97.46192893401013, 98.0710659898477, 99.18781725888323, 99.99999999999999]
[86.80203045685279, 93.50253807106598, 96.24365482233502, 96.64974619289339, 97.05583756345176, 97.46192893401013, 98.0710659898477, 99.18781725888323, 99.99999999999999]
[86.80203045685279, 93.50253807106598, 96.24365482233502, 96.64974619289339, 97.05583756345176, 97.46192893401013, 98.0710659898477, 99.18781725888323, 99.99999999999999]
[86.80203045685279, 93.50253807106598, 96.24365482233502, 96.64974619289339, 97.05583756345176, 97.46192893401013, 98.0710659898477, 99.18781725888323, 99.99999999999999]
[86.80203045685279, 93.50253807106598, 96.24365482233502, 96.64974619289339, 97.05583756345176, 97.46192893401013, 98.0710659898477, 99.18781725888323, 99.99999999999999]
[86.80203045685279, 93.50253807106598, 96.24365482233502, 96.64974619289339, 97.05583756345176, 97.46192893401013, 98.0710659898477, 99.18781725888323, 99.99999999999999]
[86.80203045685279, 93.50253807106598, 96.24365482233502, 96.64974619289339, 97.05583756345176, 97.46192893401013, 98.0710659898477, 99.18781725888323, 99.99999999999999]
[86.80203045685279, 93.50253807106598, 96.24365482233502, 96.64974619289339, 97.05583756345176, 97.46192893401013, 98.0710659898477, 99.18781725888323, 99.99999999999999]
[86.80203045685279, 93.50253807106598, 96.24365482233502, 96.64974619289339, 97.05583756345176, 97.46192893401013, 98.0710659898477, 99.18781725888323, 99.99999999999999]
[86.80203045685279, 93.50253807106598, 96.24365482233502, 96.64974619289339, 97.05583756345176, 97.46192893401013, 98.0710659898477, 99.18781725888323, 99.99999999999999]
[86.80203045685279, 93.50253807106598, 96.24365482233502, 96.64974619289339, 97.05583756345176, 97.46192893401013, 98.0710659898477, 99.18781725888323, 99.99999999999999]
[86.80203045685279, 93.50253807106598, 96.24365482233502, 96.64974619289339, 97.05583756345176, 97.46192893401013, 98.0710659898477, 99.18781725888323, 99.99999999999999]
[86.80203045685279, 93.50253807106598, 96.24365482233502, 96.64974619289339, 97.05583756345176, 97.46192893401013, 98.0710659898477, 99.18781725888323, 99.99999999999999]
[86.80203045685279, 93.50253807106598, 96.24365482233502, 96.64974619289339, 97.05583756345176, 97.46192893401013, 98.0710659898477, 99.18781725888323, 99.99999999999999]
[86.80203045685279, 93.50253807106598, 96.24365482233502, 96.64974619289339, 97.05583756345176, 97.46192893401013, 98.0710659898477, 99.18781725888323, 99.99999999999999]
[86.80203045685279, 93.50253807106598, 96.24365482233502, 96.64974619289339, 97.05583756345176, 97.46192893401013, 98.0710659898477, 99.18781725888323, 99.99999999999999]
[86.80203045685279, 93.50253807106598, 96.24365482233502, 96.64974619289339, 97.05583756345176, 97.46192893401013, 98.0710659898477, 99.18781725888323, 99.99999999999999]
[86.80203045685279, 93.50253807106598, 96.24365482233502, 96.64974619289339, 97.05583756345176, 97.46192893401013, 98.0710659898477, 99.18781725888323, 99.99999999999999]
[86.80203045685279, 93.50253807106598, 96.24365482233502, 96.64974619289339, 97.05583756345176, 97.46192893401013, 98.0710659898477, 99.18781725888323, 99.99999999999999]
[86.80203045685279, 93.50253807106598, 96.24365482233502, 96.64974619289339, 97.05583756345176, 97.46192893401013, 98.0710659898477, 99.18781725888323, 99.99999999999999]
[86.80203045685279, 93.50253807106598, 96.24365482233502, 96.64974619289339, 97.05583756345176, 97.46192893401013, 98.0710659898477, 99.18781725888323, 99.99999999999999]
[86.80203045685279, 93.50253807106598, 96.24365482233502, 96.64974619289339, 97.05583756345176, 97.46192893401013, 98.0710659898477, 99.18781725888323, 99.99999999999999]
[86.80203045685279, 93.50253807106598, 96.24365482233502, 96.64974619289339, 97.05583756345176, 97.46192893401013, 98.0710659898477, 99.18781725888323, 99.99999999999999]
[86.80203045685279, 93.50253807106598, 96.24365482233502, 96.64974619289339, 97.05583756345176, 97.46192893401013, 98.0710659898477, 99.18781725888323, 99.99999999999999]
[86.80203045685279, 93.50253807106598, 96.24365482233502, 96.64974619289339, 97.05583756345176, 97.46192893401013, 98.0710659898477, 99.18781725888323, 99.99999999999999]
[86.80203045685279, 93.50253807106598, 96.24365482233502, 96.64974619289339, 97.05583756345176, 97.46192893401013, 98.0710659898477, 99.18781725888323, 99.99999999999999]
[89.54314720812184, 94.72081218274113, 96.54822335025382, 96.95431472081219, 97.36040609137056, 98.68020304568529, 98.88324873096448, 99.08629441624367, 99.28934010152287, 100.00000000000003]
[89.54314720812184, 94.72081218274113, 96.54822335025382, 96.95431472081219, 97.36040609137056, 98.68020304568529, 98.88324873096448, 99.08629441624367, 99.28934010152287, 100.00000000000003]
[89.54314720812184, 94.72081218274113, 96.54822335025382, 96.95431472081219, 97.36040609137056, 98.68020304568529, 98.88324873096448, 99.08629441624367, 99.28934010152287, 100.00000000000003]
[89.54314720812184, 94.72081218274113, 96.54822335025382, 96.95431472081219, 97.36040609137056, 98.68020304568529, 98.88324873096448, 99.08629441624367, 99.28934010152287, 100.00000000000003]
[89.54314720812184, 94.72081218274113, 96.54822335025382, 96.95431472081219, 97.36040609137056, 98.68020304568529, 98.88324873096448, 99.08629441624367, 99.28934010152287, 100.00000000000003]
[89.54314720812184, 94.72081218274113, 96.54822335025382, 96.95431472081219, 97.36040609137056, 98.68020304568529, 98.88324873096448, 99.08629441624367, 99.28934010152287, 100.00000000000003]
[89.54314720812184, 94.72081218274113, 96.54822335025382, 96.95431472081219, 97.36040609137056, 98.68020304568529, 98.88324873096448, 99.08629441624367, 99.28934010152287, 100.00000000000003]
[89.54314720812184, 94.72081218274113, 96.54822335025382, 96.95431472081219, 97.36040609137056, 98.68020304568529, 98.88324873096448, 99.08629441624367, 99.28934010152287, 100.00000000000003]
[89.54314720812184, 94.72081218274113, 96.54822335025382, 96.95431472081219, 97.36040609137056, 98.68020304568529, 98.88324873096448, 99.08629441624367, 99.28934010152287, 100.00000000000003]
[89.54314720812184, 94.72081218274113, 96.54822335025382, 96.95431472081219, 97.36040609137056, 98.68020304568529, 98.88324873096448, 99.08629441624367, 99.28934010152287, 100.00000000000003]
[89.54314720812184, 94.72081218274113, 96.54822335025382, 96.95431472081219, 97.36040609137056, 98.68020304568529, 98.88324873096448, 99.08629441624367, 99.28934010152287, 100.00000000000003]
[89.54314720812184, 94.72081218274113, 96.54822335025382, 96.95431472081219, 97.36040609137056, 98.68020304568529, 98.88324873096448, 99.08629441624367, 99.28934010152287, 100.00000000000003]
[89.54314720812184, 94.72081218274113, 96.54822335025382, 96.95431472081219, 97.36040609137056, 98.68020304568529, 98.88324873096448, 99.08629441624367, 99.28934010152287, 100.00000000000003]
[89.54314720812184, 94.72081218274113, 96.54822335025382, 96.95431472081219, 97.36040609137056, 98.68020304568529, 98.88324873096448, 99.08629441624367, 99.28934010152287, 100.00000000000003]
[89.54314720812184, 94.72081218274113, 96.54822335025382, 96.95431472081219, 97.36040609137056, 98.68020304568529, 98.88324873096448, 99.08629441624367, 99.28934010152287, 100.00000000000003]
[89.54314720812184, 94.72081218274113, 96.54822335025382, 96.95431472081219, 97.36040609137056, 98.68020304568529, 98.88324873096448, 99.08629441624367, 99.28934010152287, 100.00000000000003]
[89.54314720812184, 94.72081218274113, 96.54822335025382, 96.95431472081219, 97.36040609137056, 98.68020304568529, 98.88324873096448, 99.08629441624367, 99.28934010152287, 100.00000000000003]
[89.54314720812184, 94.72081218274113, 96.54822335025382, 96.95431472081219, 97.36040609137056, 98.68020304568529, 98.88324873096448, 99.08629441624367, 99.28934010152287, 100.00000000000003]
[89.54314720812184, 94.72081218274113, 96.54822335025382, 96.95431472081219, 97.36040609137056, 98.68020304568529, 98.88324873096448, 99.08629441624367, 99.28934010152287, 100.00000000000003]
[89.54314720812184, 94.72081218274113, 96.54822335025382, 96.95431472081219, 97.36040609137056, 98.68020304568529, 98.88324873096448, 99.08629441624367, 99.28934010152287, 100.00000000000003]
[89.54314720812184, 94.72081218274113, 96.54822335025382, 96.95431472081219, 97.36040609137056, 98.68020304568529, 98.88324873096448, 99.08629441624367, 99.28934010152287, 100.00000000000003]
[89.54314720812184, 94.72081218274113, 96.54822335025382, 96.95431472081219, 97.36040609137056, 98.68020304568529, 98.88324873096448, 99.08629441624367, 99.28934010152287, 100.00000000000003]
[89.54314720812184, 94.72081218274113, 96.54822335025382, 96.95431472081219, 97.36040609137056, 98.68020304568529, 98.88324873096448, 99.08629441624367, 99.28934010152287, 100.00000000000003]
[89.54314720812184, 94.72081218274113, 96.54822335025382, 96.95431472081219, 97.36040609137056, 98.68020304568529, 98.88324873096448, 99.08629441624367, 99.28934010152287, 100.00000000000003]
[89.54314720812184, 94.72081218274113, 96.54822335025382, 96.95431472081219, 97.36040609137056, 98.68020304568529, 98.88324873096448, 99.08629441624367, 99.28934010152287, 100.00000000000003]
[89.54314720812184, 94.72081218274113, 96.54822335025382, 96.95431472081219, 97.36040609137056, 98.68020304568529, 98.88324873096448, 99.08629441624367, 99.28934010152287, 100.00000000000003]
[89.54314720812184, 94.72081218274113, 96.54822335025382, 96.95431472081219, 97.36040609137056, 98.68020304568529, 98.88324873096448, 99.08629441624367, 99.28934010152287, 100.00000000000003]
[89.54314720812184, 94.72081218274113, 96.54822335025382, 96.95431472081219, 97.36040609137056, 98.68020304568529, 98.88324873096448, 99.08629441624367, 99.28934010152287, 100.00000000000003]
[89.54314720812184, 94.72081218274113, 96.54822335025382, 96.95431472081219, 97.36040609137056, 98.68020304568529, 98.88324873096448, 99.08629441624367, 99.28934010152287, 100.00000000000003]
[89.54314720812184, 94.72081218274113, 96.54822335025382, 96.95431472081219, 97.36040609137056, 98.68020304568529, 98.88324873096448, 99.08629441624367, 99.28934010152287, 100.00000000000003]
[89.54314720812184, 94.72081218274113, 96.54822335025382, 96.95431472081219, 97.36040609137056, 98.68020304568529, 98.88324873096448, 99.08629441624367, 99.28934010152287, 100.00000000000003]
[89.54314720812184, 94.72081218274113, 96.54822335025382, 96.95431472081219, 97.36040609137056, 98.68020304568529, 98.88324873096448, 99.08629441624367, 99.28934010152287, 100.00000000000003]
[92.38578680203045, 94.51776649746192, 96.34517766497461, 96.75126903553299, 97.15736040609136, 97.56345177664973, 97.9695431472081, 98.37563451776647, 99.99999999999997]
[92.38578680203045, 94.51776649746192, 96.34517766497461, 96.75126903553299, 97.15736040609136, 97.56345177664973, 97.9695431472081, 98.37563451776647, 99.99999999999997]
[92.38578680203045, 94.51776649746192, 96.34517766497461, 96.75126903553299, 97.15736040609136, 97.56345177664973, 97.9695431472081, 98.37563451776647, 99.99999999999997]
[92.38578680203045, 94.51776649746192, 96.34517766497461, 96.75126903553299, 97.15736040609136, 97.56345177664973, 97.9695431472081, 98.37563451776647, 99.99999999999997]
[92.38578680203045, 94.51776649746192, 96.34517766497461, 96.75126903553299, 97.15736040609136, 97.56345177664973, 97.9695431472081, 98.37563451776647, 99.99999999999997]
[92.38578680203045, 94.51776649746192, 96.34517766497461, 96.75126903553299, 97.15736040609136, 97.56345177664973, 97.9695431472081, 98.37563451776647, 99.99999999999997]
[92.38578680203045, 94.51776649746192, 96.34517766497461, 96.75126903553299, 97.15736040609136, 97.56345177664973, 97.9695431472081, 98.37563451776647, 99.99999999999997]
[92.38578680203045, 94.51776649746192, 96.34517766497461, 96.75126903553299, 97.15736040609136, 97.56345177664973, 97.9695431472081, 98.37563451776647, 99.99999999999997]
[92.38578680203045, 94.51776649746192, 96.34517766497461, 96.75126903553299, 97.15736040609136, 97.56345177664973, 97.9695431472081, 98.37563451776647, 99.99999999999997]
[92.38578680203045, 94.51776649746192, 96.34517766497461, 96.75126903553299, 97.15736040609136, 97.56345177664973, 97.9695431472081, 98.37563451776647, 99.99999999999997]
[92.38578680203045, 94.51776649746192, 96.34517766497461, 96.75126903553299, 97.15736040609136, 97.56345177664973, 97.9695431472081, 98.37563451776647, 99.99999999999997]
[92.38578680203045, 94.51776649746192, 96.34517766497461, 96.75126903553299, 97.15736040609136, 97.56345177664973, 97.9695431472081, 98.37563451776647, 99.99999999999997]
[92.38578680203045, 94.51776649746192, 96.34517766497461, 96.75126903553299, 97.15736040609136, 97.56345177664973, 97.9695431472081, 98.37563451776647, 99.99999999999997]
[92.38578680203045, 94.51776649746192, 96.34517766497461, 96.75126903553299, 97.15736040609136, 97.56345177664973, 97.9695431472081, 98.37563451776647, 99.99999999999997]
[92.38578680203045, 94.51776649746192, 96.34517766497461, 96.75126903553299, 97.15736040609136, 97.56345177664973, 97.9695431472081, 98.37563451776647, 99.99999999999997]
[92.38578680203045, 94.51776649746192, 96.34517766497461, 96.75126903553299, 97.15736040609136, 97.56345177664973, 97.9695431472081, 98.37563451776647, 99.99999999999997]
[92.38578680203045, 94.51776649746192, 96.34517766497461, 96.75126903553299, 97.15736040609136, 97.56345177664973, 97.9695431472081, 98.37563451776647, 99.99999999999997]
[92.38578680203045, 94.51776649746192, 96.34517766497461, 96.75126903553299, 97.15736040609136, 97.56345177664973, 97.9695431472081, 98.37563451776647, 99.99999999999997]
[92.38578680203045, 94.51776649746192, 96.34517766497461, 96.75126903553299, 97.15736040609136, 97.56345177664973, 97.9695431472081, 98.37563451776647, 99.99999999999997]
[92.38578680203045, 94.51776649746192, 96.34517766497461, 96.75126903553299, 97.15736040609136, 97.56345177664973, 97.9695431472081, 98.37563451776647, 99.99999999999997]
[92.38578680203045, 94.51776649746192, 96.34517766497461, 96.75126903553299, 97.15736040609136, 97.56345177664973, 97.9695431472081, 98.37563451776647, 99.99999999999997]
[92.38578680203045, 94.51776649746192, 96.34517766497461, 96.75126903553299, 97.15736040609136, 97.56345177664973, 97.9695431472081, 98.37563451776647, 99.99999999999997]
[92.38578680203045, 94.51776649746192, 96.34517766497461, 96.75126903553299, 97.15736040609136, 97.56345177664973, 97.9695431472081, 98.37563451776647, 99.99999999999997]
[92.38578680203045, 94.51776649746192, 96.34517766497461, 96.75126903553299, 97.15736040609136, 97.56345177664973, 97.9695431472081, 98.37563451776647, 99.99999999999997]
[92.38578680203045, 94.51776649746192, 96.34517766497461, 96.75126903553299, 97.15736040609136, 97.56345177664973, 97.9695431472081, 98.37563451776647, 99.99999999999997]
[92.38578680203045, 94.51776649746192, 96.34517766497461, 96.75126903553299, 97.15736040609136, 97.56345177664973, 97.9695431472081, 98.37563451776647, 99.99999999999997]
[92.38578680203045, 94.51776649746192, 96.34517766497461, 96.75126903553299, 97.15736040609136, 97.56345177664973, 97.9695431472081, 98.37563451776647, 99.99999999999997]
[92.38578680203045, 94.51776649746192, 96.34517766497461, 96.75126903553299, 97.15736040609136, 97.56345177664973, 97.9695431472081, 98.37563451776647, 99.99999999999997]
[92.38578680203045, 94.51776649746192, 96.34517766497461, 96.75126903553299, 97.15736040609136, 97.56345177664973, 97.9695431472081, 98.37563451776647, 99.99999999999997]
[92.38578680203045, 94.51776649746192, 96.34517766497461, 96.75126903553299, 97.15736040609136, 97.56345177664973, 97.9695431472081, 98.37563451776647, 99.99999999999997]
[92.38578680203045, 94.51776649746192, 96.34517766497461, 96.75126903553299, 97.15736040609136, 97.56345177664973, 97.9695431472081, 98.37563451776647, 99.99999999999997]
[92.38578680203045, 94.51776649746192, 96.34517766497461, 96.75126903553299, 97.15736040609136, 97.56345177664973, 97.9695431472081, 98.37563451776647, 99.99999999999997]
[92.38578680203045, 94.51776649746192, 96.34517766497461, 96.75126903553299, 97.15736040609136, 97.56345177664973, 97.9695431472081, 98.37563451776647, 99.99999999999997]
[92.38578680203045, 94.51776649746192, 96.34517766497461, 96.75126903553299, 97.15736040609136, 97.56345177664973, 97.9695431472081, 98.37563451776647, 99.99999999999997]
[92.38578680203045, 94.51776649746192, 96.34517766497461, 96.75126903553299, 97.15736040609136, 97.56345177664973, 97.9695431472081, 98.37563451776647, 99.99999999999997]
[92.38578680203045, 94.51776649746192, 96.34517766497461, 96.75126903553299, 97.15736040609136, 97.56345177664973, 97.9695431472081, 98.37563451776647, 99.99999999999997]
[92.38578680203045, 94.51776649746192, 96.34517766497461, 96.75126903553299, 97.15736040609136, 97.56345177664973, 97.9695431472081, 98.37563451776647, 99.99999999999997]
[92.38578680203045, 94.51776649746192, 96.34517766497461, 96.75126903553299, 97.15736040609136, 97.56345177664973, 97.9695431472081, 98.37563451776647, 99.99999999999997]
[92.38578680203045, 94.51776649746192, 96.34517766497461, 96.75126903553299, 97.15736040609136, 97.56345177664973, 97.9695431472081, 98.37563451776647, 99.99999999999997]
[92.38578680203045, 94.51776649746192, 96.34517766497461, 96.75126903553299, 97.15736040609136, 97.56345177664973, 97.9695431472081, 98.37563451776647, 99.99999999999997]
[90.35532994923858, 94.11167512690355, 96.04060913705584, 96.5482233502538, 98.68020304568527, 98.88324873096447, 99.08629441624366, 100.0]
[90.35532994923858, 94.11167512690355, 96.04060913705584, 96.5482233502538, 98.68020304568527, 98.88324873096447, 99.08629441624366, 100.0]
[90.35532994923858, 94.11167512690355, 96.04060913705584, 96.5482233502538, 98.68020304568527, 98.88324873096447, 99.08629441624366, 100.0]
[90.35532994923858, 94.11167512690355, 96.04060913705584, 96.5482233502538, 98.68020304568527, 98.88324873096447, 99.08629441624366, 100.0]
[90.35532994923858, 94.11167512690355, 96.04060913705584, 96.5482233502538, 98.68020304568527, 98.88324873096447, 99.08629441624366, 100.0]
[90.35532994923858, 94.11167512690355, 96.04060913705584, 96.5482233502538, 98.68020304568527, 98.88324873096447, 99.08629441624366, 100.0]
[90.35532994923858, 94.11167512690355, 96.04060913705584, 96.5482233502538, 98.68020304568527, 98.88324873096447, 99.08629441624366, 100.0]
[90.35532994923858, 94.11167512690355, 96.04060913705584, 96.5482233502538, 98.68020304568527, 98.88324873096447, 99.08629441624366, 100.0]
[90.35532994923858, 94.11167512690355, 96.04060913705584, 96.5482233502538, 98.68020304568527, 98.88324873096447, 99.08629441624366, 100.0]
[90.35532994923858, 94.11167512690355, 96.04060913705584, 96.5482233502538, 98.68020304568527, 98.88324873096447, 99.08629441624366, 100.0]
[90.35532994923858, 94.11167512690355, 96.04060913705584, 96.5482233502538, 98.68020304568527, 98.88324873096447, 99.08629441624366, 100.0]
[90.35532994923858, 94.11167512690355, 96.04060913705584, 96.5482233502538, 98.68020304568527, 98.88324873096447, 99.08629441624366, 100.0]
[90.35532994923858, 94.11167512690355, 96.04060913705584, 96.5482233502538, 98.68020304568527, 98.88324873096447, 99.08629441624366, 100.0]
[90.35532994923858, 94.11167512690355, 96.04060913705584, 96.5482233502538, 98.68020304568527, 98.88324873096447, 99.08629441624366, 100.0]
[90.35532994923858, 94.11167512690355, 96.04060913705584, 96.5482233502538, 98.68020304568527, 98.88324873096447, 99.08629441624366, 100.0]
[90.35532994923858, 94.11167512690355, 96.04060913705584, 96.5482233502538, 98.68020304568527, 98.88324873096447, 99.08629441624366, 100.0]
[90.35532994923858, 94.11167512690355, 96.04060913705584, 96.5482233502538, 98.68020304568527, 98.88324873096447, 99.08629441624366, 100.0]
[90.35532994923858, 94.11167512690355, 96.04060913705584, 96.5482233502538, 98.68020304568527, 98.88324873096447, 99.08629441624366, 100.0]
[90.35532994923858, 94.11167512690355, 96.04060913705584, 96.5482233502538, 98.68020304568527, 98.88324873096447, 99.08629441624366, 100.0]
[90.35532994923858, 94.11167512690355, 96.04060913705584, 96.5482233502538, 98.68020304568527, 98.88324873096447, 99.08629441624366, 100.0]
[90.35532994923858, 94.11167512690355, 96.04060913705584, 96.5482233502538, 98.68020304568527, 98.88324873096447, 99.08629441624366, 100.0]
[90.35532994923858, 94.11167512690355, 96.04060913705584, 96.5482233502538, 98.68020304568527, 98.88324873096447, 99.08629441624366, 100.0]
[90.35532994923858, 94.11167512690355, 96.04060913705584, 96.5482233502538, 98.68020304568527, 98.88324873096447, 99.08629441624366, 100.0]
[90.35532994923858, 94.11167512690355, 96.04060913705584, 96.5482233502538, 98.68020304568527, 98.88324873096447, 99.08629441624366, 100.0]
[90.35532994923858, 94.11167512690355, 96.04060913705584, 96.5482233502538, 98.68020304568527, 98.88324873096447, 99.08629441624366, 100.0]
[90.35532994923858, 94.11167512690355, 96.04060913705584, 96.5482233502538, 98.68020304568527, 98.88324873096447, 99.08629441624366, 100.0]
[90.35532994923858, 94.11167512690355, 96.04060913705584, 96.5482233502538, 98.68020304568527, 98.88324873096447, 99.08629441624366, 100.0]
[90.35532994923858, 94.11167512690355, 96.04060913705584, 96.5482233502538, 98.68020304568527, 98.88324873096447, 99.08629441624366, 100.0]
[90.35532994923858, 94.11167512690355, 96.04060913705584, 96.5482233502538, 98.68020304568527, 98.88324873096447, 99.08629441624366, 100.0]
[90.35532994923858, 94.11167512690355, 96.04060913705584, 96.5482233502538, 98.68020304568527, 98.88324873096447, 99.08629441624366, 100.0]
[90.35532994923858, 94.11167512690355, 96.04060913705584, 96.5482233502538, 98.68020304568527, 98.88324873096447, 99.08629441624366, 100.0]
[90.35532994923858, 94.11167512690355, 96.04060913705584, 96.5482233502538, 98.68020304568527, 98.88324873096447, 99.08629441624366, 100.0]
[90.35532994923858, 94.11167512690355, 96.04060913705584, 96.5482233502538, 98.68020304568527, 98.88324873096447, 99.08629441624366, 100.0]
[90.35532994923858, 94.11167512690355, 96.04060913705584, 96.5482233502538, 98.68020304568527, 98.88324873096447, 99.08629441624366, 100.0]
[90.35532994923858, 94.11167512690355, 96.04060913705584, 96.5482233502538, 98.68020304568527, 98.88324873096447, 99.08629441624366, 100.0]
[90.35532994923858, 94.11167512690355, 96.04060913705584, 96.5482233502538, 98.68020304568527, 98.88324873096447, 99.08629441624366, 100.0]
[90.35532994923858, 94.11167512690355, 96.04060913705584, 96.5482233502538, 98.68020304568527, 98.88324873096447, 99.08629441624366, 100.0]
[90.35532994923858, 94.11167512690355, 96.04060913705584, 96.5482233502538, 98.68020304568527, 98.88324873096447, 99.08629441624366, 100.0]
[90.35532994923858, 94.11167512690355, 96.04060913705584, 96.5482233502538, 98.68020304568527, 98.88324873096447, 99.08629441624366, 100.0]
[90.35532994923858, 94.11167512690355, 96.04060913705584, 96.5482233502538, 98.68020304568527, 98.88324873096447, 99.08629441624366, 100.0]
[88.93401015228426, 94.11167512690355, 94.72081218274111, 95.32994923857868, 95.93908629441624, 96.5482233502538, 97.96954314720813, 98.3756345177665, 100.0]
[88.93401015228426, 94.11167512690355, 94.72081218274111, 95.32994923857868, 95.93908629441624, 96.5482233502538, 97.96954314720813, 98.3756345177665, 100.0]
[88.93401015228426, 94.11167512690355, 94.72081218274111, 95.32994923857868, 95.93908629441624, 96.5482233502538, 97.96954314720813, 98.3756345177665, 100.0]
[88.93401015228426, 94.11167512690355, 94.72081218274111, 95.32994923857868, 95.93908629441624, 96.5482233502538, 97.96954314720813, 98.3756345177665, 100.0]
[88.93401015228426, 94.11167512690355, 94.72081218274111, 95.32994923857868, 95.93908629441624, 96.5482233502538, 97.96954314720813, 98.3756345177665, 100.0]
[88.93401015228426, 94.11167512690355, 94.72081218274111, 95.32994923857868, 95.93908629441624, 96.5482233502538, 97.96954314720813, 98.3756345177665, 100.0]
[88.93401015228426, 94.11167512690355, 94.72081218274111, 95.32994923857868, 95.93908629441624, 96.5482233502538, 97.96954314720813, 98.3756345177665, 100.0]
[88.93401015228426, 94.11167512690355, 94.72081218274111, 95.32994923857868, 95.93908629441624, 96.5482233502538, 97.96954314720813, 98.3756345177665, 100.0]
[88.93401015228426, 94.11167512690355, 94.72081218274111, 95.32994923857868, 95.93908629441624, 96.5482233502538, 97.96954314720813, 98.3756345177665, 100.0]
[88.93401015228426, 94.11167512690355, 94.72081218274111, 95.32994923857868, 95.93908629441624, 96.5482233502538, 97.96954314720813, 98.3756345177665, 100.0]
[88.93401015228426, 94.11167512690355, 94.72081218274111, 95.32994923857868, 95.93908629441624, 96.5482233502538, 97.96954314720813, 98.3756345177665, 100.0]
[88.93401015228426, 94.11167512690355, 94.72081218274111, 95.32994923857868, 95.93908629441624, 96.5482233502538, 97.96954314720813, 98.3756345177665, 100.0]
[88.93401015228426, 94.11167512690355, 94.72081218274111, 95.32994923857868, 95.93908629441624, 96.5482233502538, 97.96954314720813, 98.3756345177665, 100.0]
[88.93401015228426, 94.11167512690355, 94.72081218274111, 95.32994923857868, 95.93908629441624, 96.5482233502538, 97.96954314720813, 98.3756345177665, 100.0]
[88.93401015228426, 94.11167512690355, 94.72081218274111, 95.32994923857868, 95.93908629441624, 96.5482233502538, 97.96954314720813, 98.3756345177665, 100.0]
[88.93401015228426, 94.11167512690355, 94.72081218274111, 95.32994923857868, 95.93908629441624, 96.5482233502538, 97.96954314720813, 98.3756345177665, 100.0]
[88.93401015228426, 94.11167512690355, 94.72081218274111, 95.32994923857868, 95.93908629441624, 96.5482233502538, 97.96954314720813, 98.3756345177665, 100.0]
[88.93401015228426, 94.11167512690355, 94.72081218274111, 95.32994923857868, 95.93908629441624, 96.5482233502538, 97.96954314720813, 98.3756345177665, 100.0]
[88.93401015228426, 94.11167512690355, 94.72081218274111, 95.32994923857868, 95.93908629441624, 96.5482233502538, 97.96954314720813, 98.3756345177665, 100.0]
[88.93401015228426, 94.11167512690355, 94.72081218274111, 95.32994923857868, 95.93908629441624, 96.5482233502538, 97.96954314720813, 98.3756345177665, 100.0]
[88.93401015228426, 94.11167512690355, 94.72081218274111, 95.32994923857868, 95.93908629441624, 96.5482233502538, 97.96954314720813, 98.3756345177665, 100.0]
[88.93401015228426, 94.11167512690355, 94.72081218274111, 95.32994923857868, 95.93908629441624, 96.5482233502538, 97.96954314720813, 98.3756345177665, 100.0]
[88.93401015228426, 94.11167512690355, 94.72081218274111, 95.32994923857868, 95.93908629441624, 96.5482233502538, 97.96954314720813, 98.3756345177665, 100.0]
[88.93401015228426, 94.11167512690355, 94.72081218274111, 95.32994923857868, 95.93908629441624, 96.5482233502538, 97.96954314720813, 98.3756345177665, 100.0]
[88.93401015228426, 94.11167512690355, 94.72081218274111, 95.32994923857868, 95.93908629441624, 96.5482233502538, 97.96954314720813, 98.3756345177665, 100.0]
[88.93401015228426, 94.11167512690355, 94.72081218274111, 95.32994923857868, 95.93908629441624, 96.5482233502538, 97.96954314720813, 98.3756345177665, 100.0]
[88.93401015228426, 94.11167512690355, 94.72081218274111, 95.32994923857868, 95.93908629441624, 96.5482233502538, 97.96954314720813, 98.3756345177665, 100.0]
[88.93401015228426, 94.11167512690355, 94.72081218274111, 95.32994923857868, 95.93908629441624, 96.5482233502538, 97.96954314720813, 98.3756345177665, 100.0]
[88.93401015228426, 94.11167512690355, 94.72081218274111, 95.32994923857868, 95.93908629441624, 96.5482233502538, 97.96954314720813, 98.3756345177665, 100.0]
[88.93401015228426, 94.11167512690355, 94.72081218274111, 95.32994923857868, 95.93908629441624, 96.5482233502538, 97.96954314720813, 98.3756345177665, 100.0]
[88.93401015228426, 94.11167512690355, 94.72081218274111, 95.32994923857868, 95.93908629441624, 96.5482233502538, 97.96954314720813, 98.3756345177665, 100.0]
[88.93401015228426, 94.11167512690355, 94.72081218274111, 95.32994923857868, 95.93908629441624, 96.5482233502538, 97.96954314720813, 98.3756345177665, 100.0]
[88.93401015228426, 94.11167512690355, 94.72081218274111, 95.32994923857868, 95.93908629441624, 96.5482233502538, 97.96954314720813, 98.3756345177665, 100.0]
[88.93401015228426, 94.11167512690355, 94.72081218274111, 95.32994923857868, 95.93908629441624, 96.5482233502538, 97.96954314720813, 98.3756345177665, 100.0]
[88.93401015228426, 94.11167512690355, 94.72081218274111, 95.32994923857868, 95.93908629441624, 96.5482233502538, 97.96954314720813, 98.3756345177665, 100.0]
[88.93401015228426, 94.11167512690355, 94.72081218274111, 95.32994923857868, 95.93908629441624, 96.5482233502538, 97.96954314720813, 98.3756345177665, 100.0]
[88.93401015228426, 94.11167512690355, 94.72081218274111, 95.32994923857868, 95.93908629441624, 96.5482233502538, 97.96954314720813, 98.3756345177665, 100.0]
[88.93401015228426, 94.11167512690355, 94.72081218274111, 95.32994923857868, 95.93908629441624, 96.5482233502538, 97.96954314720813, 98.3756345177665, 100.0]
[88.93401015228426, 94.11167512690355, 94.72081218274111, 95.32994923857868, 95.93908629441624, 96.5482233502538, 97.96954314720813, 98.3756345177665, 100.0]
[88.93401015228426, 94.11167512690355, 94.72081218274111, 95.32994923857868, 95.93908629441624, 96.5482233502538, 97.96954314720813, 98.3756345177665, 100.0]
[88.93401015228426, 94.11167512690355, 94.72081218274111, 95.32994923857868, 95.93908629441624, 96.5482233502538, 97.96954314720813, 98.3756345177665, 100.0]
[88.93401015228426, 94.11167512690355, 94.72081218274111, 95.32994923857868, 95.93908629441624, 96.5482233502538, 97.96954314720813, 98.3756345177665, 100.0]
[88.93401015228426, 94.11167512690355, 94.72081218274111, 95.32994923857868, 95.93908629441624, 96.5482233502538, 97.96954314720813, 98.3756345177665, 100.0]
[90.96446700507614, 93.2994923857868, 95.32994923857868, 97.05583756345177, 97.46192893401015, 98.78172588832487, 98.98477157360406, 99.18781725888326, 100.00000000000001]
[90.96446700507614, 93.2994923857868, 95.32994923857868, 97.05583756345177, 97.46192893401015, 98.78172588832487, 98.98477157360406, 99.18781725888326, 100.00000000000001]
[90.96446700507614, 93.2994923857868, 95.32994923857868, 97.05583756345177, 97.46192893401015, 98.78172588832487, 98.98477157360406, 99.18781725888326, 100.00000000000001]
[90.96446700507614, 93.2994923857868, 95.32994923857868, 97.05583756345177, 97.46192893401015, 98.78172588832487, 98.98477157360406, 99.18781725888326, 100.00000000000001]
[90.96446700507614, 93.2994923857868, 95.32994923857868, 97.05583756345177, 97.46192893401015, 98.78172588832487, 98.98477157360406, 99.18781725888326, 100.00000000000001]
[90.96446700507614, 93.2994923857868, 95.32994923857868, 97.05583756345177, 97.46192893401015, 98.78172588832487, 98.98477157360406, 99.18781725888326, 100.00000000000001]
[90.96446700507614, 93.2994923857868, 95.32994923857868, 97.05583756345177, 97.46192893401015, 98.78172588832487, 98.98477157360406, 99.18781725888326, 100.00000000000001]
[90.96446700507614, 93.2994923857868, 95.32994923857868, 97.05583756345177, 97.46192893401015, 98.78172588832487, 98.98477157360406, 99.18781725888326, 100.00000000000001]
[90.96446700507614, 93.2994923857868, 95.32994923857868, 97.05583756345177, 97.46192893401015, 98.78172588832487, 98.98477157360406, 99.18781725888326, 100.00000000000001]
[90.96446700507614, 93.2994923857868, 95.32994923857868, 97.05583756345177, 97.46192893401015, 98.78172588832487, 98.98477157360406, 99.18781725888326, 100.00000000000001]
[90.96446700507614, 93.2994923857868, 95.32994923857868, 97.05583756345177, 97.46192893401015, 98.78172588832487, 98.98477157360406, 99.18781725888326, 100.00000000000001]
[90.96446700507614, 93.2994923857868, 95.32994923857868, 97.05583756345177, 97.46192893401015, 98.78172588832487, 98.98477157360406, 99.18781725888326, 100.00000000000001]
[90.96446700507614, 93.2994923857868, 95.32994923857868, 97.05583756345177, 97.46192893401015, 98.78172588832487, 98.98477157360406, 99.18781725888326, 100.00000000000001]
[90.96446700507614, 93.2994923857868, 95.32994923857868, 97.05583756345177, 97.46192893401015, 98.78172588832487, 98.98477157360406, 99.18781725888326, 100.00000000000001]
[90.96446700507614, 93.2994923857868, 95.32994923857868, 97.05583756345177, 97.46192893401015, 98.78172588832487, 98.98477157360406, 99.18781725888326, 100.00000000000001]
[90.96446700507614, 93.2994923857868, 95.32994923857868, 97.05583756345177, 97.46192893401015, 98.78172588832487, 98.98477157360406, 99.18781725888326, 100.00000000000001]
[90.96446700507614, 93.2994923857868, 95.32994923857868, 97.05583756345177, 97.46192893401015, 98.78172588832487, 98.98477157360406, 99.18781725888326, 100.00000000000001]
[90.96446700507614, 93.2994923857868, 95.32994923857868, 97.05583756345177, 97.46192893401015, 98.78172588832487, 98.98477157360406, 99.18781725888326, 100.00000000000001]
[90.96446700507614, 93.2994923857868, 95.32994923857868, 97.05583756345177, 97.46192893401015, 98.78172588832487, 98.98477157360406, 99.18781725888326, 100.00000000000001]
[90.96446700507614, 93.2994923857868, 95.32994923857868, 97.05583756345177, 97.46192893401015, 98.78172588832487, 98.98477157360406, 99.18781725888326, 100.00000000000001]
[90.96446700507614, 93.2994923857868, 95.32994923857868, 97.05583756345177, 97.46192893401015, 98.78172588832487, 98.98477157360406, 99.18781725888326, 100.00000000000001]
[90.96446700507614, 93.2994923857868, 95.32994923857868, 97.05583756345177, 97.46192893401015, 98.78172588832487, 98.98477157360406, 99.18781725888326, 100.00000000000001]
[90.96446700507614, 93.2994923857868, 95.32994923857868, 97.05583756345177, 97.46192893401015, 98.78172588832487, 98.98477157360406, 99.18781725888326, 100.00000000000001]
[90.96446700507614, 93.2994923857868, 95.32994923857868, 97.05583756345177, 97.46192893401015, 98.78172588832487, 98.98477157360406, 99.18781725888326, 100.00000000000001]
[90.96446700507614, 93.2994923857868, 95.32994923857868, 97.05583756345177, 97.46192893401015, 98.78172588832487, 98.98477157360406, 99.18781725888326, 100.00000000000001]
[90.96446700507614, 93.2994923857868, 95.32994923857868, 97.05583756345177, 97.46192893401015, 98.78172588832487, 98.98477157360406, 99.18781725888326, 100.00000000000001]
[90.96446700507614, 93.2994923857868, 95.32994923857868, 97.05583756345177, 97.46192893401015, 98.78172588832487, 98.98477157360406, 99.18781725888326, 100.00000000000001]
[90.96446700507614, 93.2994923857868, 95.32994923857868, 97.05583756345177, 97.46192893401015, 98.78172588832487, 98.98477157360406, 99.18781725888326, 100.00000000000001]
[90.96446700507614, 93.2994923857868, 95.32994923857868, 97.05583756345177, 97.46192893401015, 98.78172588832487, 98.98477157360406, 99.18781725888326, 100.00000000000001]
[90.96446700507614, 93.2994923857868, 95.32994923857868, 97.05583756345177, 97.46192893401015, 98.78172588832487, 98.98477157360406, 99.18781725888326, 100.00000000000001]
[90.96446700507614, 93.2994923857868, 95.32994923857868, 97.05583756345177, 97.46192893401015, 98.78172588832487, 98.98477157360406, 99.18781725888326, 100.00000000000001]
[90.96446700507614, 93.2994923857868, 95.32994923857868, 97.05583756345177, 97.46192893401015, 98.78172588832487, 98.98477157360406, 99.18781725888326, 100.00000000000001]
[90.96446700507614, 93.2994923857868, 95.32994923857868, 97.05583756345177, 97.46192893401015, 98.78172588832487, 98.98477157360406, 99.18781725888326, 100.00000000000001]
[90.96446700507614, 93.2994923857868, 95.32994923857868, 97.05583756345177, 97.46192893401015, 98.78172588832487, 98.98477157360406, 99.18781725888326, 100.00000000000001]
[90.96446700507614, 93.2994923857868, 95.32994923857868, 97.05583756345177, 97.46192893401015, 98.78172588832487, 98.98477157360406, 99.18781725888326, 100.00000000000001]
[90.96446700507614, 93.2994923857868, 95.32994923857868, 97.05583756345177, 97.46192893401015, 98.78172588832487, 98.98477157360406, 99.18781725888326, 100.00000000000001]
[90.96446700507614, 93.2994923857868, 95.32994923857868, 97.05583756345177, 97.46192893401015, 98.78172588832487, 98.98477157360406, 99.18781725888326, 100.00000000000001]
[90.96446700507614, 93.2994923857868, 95.32994923857868, 97.05583756345177, 97.46192893401015, 98.78172588832487, 98.98477157360406, 99.18781725888326, 100.00000000000001]
[90.96446700507614, 93.2994923857868, 95.32994923857868, 97.05583756345177, 97.46192893401015, 98.78172588832487, 98.98477157360406, 99.18781725888326, 100.00000000000001]
[90.96446700507614, 93.2994923857868, 95.32994923857868, 97.05583756345177, 97.46192893401015, 98.78172588832487, 98.98477157360406, 99.18781725888326, 100.00000000000001]
[90.96446700507614, 93.2994923857868, 95.32994923857868, 97.05583756345177, 97.46192893401015, 98.78172588832487, 98.98477157360406, 99.18781725888326, 100.00000000000001]
[90.96446700507614, 93.2994923857868, 95.32994923857868, 97.05583756345177, 97.46192893401015, 98.78172588832487, 98.98477157360406, 99.18781725888326, 100.00000000000001]
[88.52791878172589, 91.06598984771574, 94.51776649746193, 97.86802030456853, 98.2741116751269, 98.68020304568527, 99.08629441624365, 99.99999999999999]
[88.52791878172589, 91.06598984771574, 94.51776649746193, 97.86802030456853, 98.2741116751269, 98.68020304568527, 99.08629441624365, 99.99999999999999]
[88.52791878172589, 91.06598984771574, 94.51776649746193, 97.86802030456853, 98.2741116751269, 98.68020304568527, 99.08629441624365, 99.99999999999999]
[88.52791878172589, 91.06598984771574, 94.51776649746193, 97.86802030456853, 98.2741116751269, 98.68020304568527, 99.08629441624365, 99.99999999999999]
[88.52791878172589, 91.06598984771574, 94.51776649746193, 97.86802030456853, 98.2741116751269, 98.68020304568527, 99.08629441624365, 99.99999999999999]
[88.52791878172589, 91.06598984771574, 94.51776649746193, 97.86802030456853, 98.2741116751269, 98.68020304568527, 99.08629441624365, 99.99999999999999]
[88.52791878172589, 91.06598984771574, 94.51776649746193, 97.86802030456853, 98.2741116751269, 98.68020304568527, 99.08629441624365, 99.99999999999999]
[88.52791878172589, 91.06598984771574, 94.51776649746193, 97.86802030456853, 98.2741116751269, 98.68020304568527, 99.08629441624365, 99.99999999999999]
[88.52791878172589, 91.06598984771574, 94.51776649746193, 97.86802030456853, 98.2741116751269, 98.68020304568527, 99.08629441624365, 99.99999999999999]
[88.52791878172589, 91.06598984771574, 94.51776649746193, 97.86802030456853, 98.2741116751269, 98.68020304568527, 99.08629441624365, 99.99999999999999]
[88.52791878172589, 91.06598984771574, 94.51776649746193, 97.86802030456853, 98.2741116751269, 98.68020304568527, 99.08629441624365, 99.99999999999999]
[88.52791878172589, 91.06598984771574, 94.51776649746193, 97.86802030456853, 98.2741116751269, 98.68020304568527, 99.08629441624365, 99.99999999999999]
[88.52791878172589, 91.06598984771574, 94.51776649746193, 97.86802030456853, 98.2741116751269, 98.68020304568527, 99.08629441624365, 99.99999999999999]
[88.52791878172589, 91.06598984771574, 94.51776649746193, 97.86802030456853, 98.2741116751269, 98.68020304568527, 99.08629441624365, 99.99999999999999]
[88.52791878172589, 91.06598984771574, 94.51776649746193, 97.86802030456853, 98.2741116751269, 98.68020304568527, 99.08629441624365, 99.99999999999999]
[88.52791878172589, 91.06598984771574, 94.51776649746193, 97.86802030456853, 98.2741116751269, 98.68020304568527, 99.08629441624365, 99.99999999999999]
[88.52791878172589, 91.06598984771574, 94.51776649746193, 97.86802030456853, 98.2741116751269, 98.68020304568527, 99.08629441624365, 99.99999999999999]
[88.52791878172589, 91.06598984771574, 94.51776649746193, 97.86802030456853, 98.2741116751269, 98.68020304568527, 99.08629441624365, 99.99999999999999]
[88.52791878172589, 91.06598984771574, 94.51776649746193, 97.86802030456853, 98.2741116751269, 98.68020304568527, 99.08629441624365, 99.99999999999999]
[88.52791878172589, 91.06598984771574, 94.51776649746193, 97.86802030456853, 98.2741116751269, 98.68020304568527, 99.08629441624365, 99.99999999999999]
[88.52791878172589, 91.06598984771574, 94.51776649746193, 97.86802030456853, 98.2741116751269, 98.68020304568527, 99.08629441624365, 99.99999999999999]
[88.52791878172589, 91.06598984771574, 94.51776649746193, 97.86802030456853, 98.2741116751269, 98.68020304568527, 99.08629441624365, 99.99999999999999]
[88.52791878172589, 91.06598984771574, 94.51776649746193, 97.86802030456853, 98.2741116751269, 98.68020304568527, 99.08629441624365, 99.99999999999999]
[88.52791878172589, 91.06598984771574, 94.51776649746193, 97.86802030456853, 98.2741116751269, 98.68020304568527, 99.08629441624365, 99.99999999999999]
[88.52791878172589, 91.06598984771574, 94.51776649746193, 97.86802030456853, 98.2741116751269, 98.68020304568527, 99.08629441624365, 99.99999999999999]
[88.52791878172589, 91.06598984771574, 94.51776649746193, 97.86802030456853, 98.2741116751269, 98.68020304568527, 99.08629441624365, 99.99999999999999]
[88.52791878172589, 91.06598984771574, 94.51776649746193, 97.86802030456853, 98.2741116751269, 98.68020304568527, 99.08629441624365, 99.99999999999999]
[88.52791878172589, 91.06598984771574, 94.51776649746193, 97.86802030456853, 98.2741116751269, 98.68020304568527, 99.08629441624365, 99.99999999999999]
[88.52791878172589, 91.06598984771574, 94.51776649746193, 97.86802030456853, 98.2741116751269, 98.68020304568527, 99.08629441624365, 99.99999999999999]
[88.52791878172589, 91.06598984771574, 94.51776649746193, 97.86802030456853, 98.2741116751269, 98.68020304568527, 99.08629441624365, 99.99999999999999]
[88.52791878172589, 91.06598984771574, 94.51776649746193, 97.86802030456853, 98.2741116751269, 98.68020304568527, 99.08629441624365, 99.99999999999999]
[88.52791878172589, 91.06598984771574, 94.51776649746193, 97.86802030456853, 98.2741116751269, 98.68020304568527, 99.08629441624365, 99.99999999999999]
[88.52791878172589, 91.06598984771574, 94.51776649746193, 97.86802030456853, 98.2741116751269, 98.68020304568527, 99.08629441624365, 99.99999999999999]
[88.52791878172589, 91.06598984771574, 94.51776649746193, 97.86802030456853, 98.2741116751269, 98.68020304568527, 99.08629441624365, 99.99999999999999]
[88.52791878172589, 91.06598984771574, 94.51776649746193, 97.86802030456853, 98.2741116751269, 98.68020304568527, 99.08629441624365, 99.99999999999999]
[88.52791878172589, 91.06598984771574, 94.51776649746193, 97.86802030456853, 98.2741116751269, 98.68020304568527, 99.08629441624365, 99.99999999999999]
[88.52791878172589, 91.06598984771574, 94.51776649746193, 97.86802030456853, 98.2741116751269, 98.68020304568527, 99.08629441624365, 99.99999999999999]
[88.52791878172589, 91.06598984771574, 94.51776649746193, 97.86802030456853, 98.2741116751269, 98.68020304568527, 99.08629441624365, 99.99999999999999]
[88.52791878172589, 91.06598984771574, 94.51776649746193, 97.86802030456853, 98.2741116751269, 98.68020304568527, 99.08629441624365, 99.99999999999999]
[88.52791878172589, 91.06598984771574, 94.51776649746193, 97.86802030456853, 98.2741116751269, 98.68020304568527, 99.08629441624365, 99.99999999999999]
[88.52791878172589, 91.06598984771574, 94.51776649746193, 97.86802030456853, 98.2741116751269, 98.68020304568527, 99.08629441624365, 99.99999999999999]
[88.52791878172589, 91.06598984771574, 94.51776649746193, 97.86802030456853, 98.2741116751269, 98.68020304568527, 99.08629441624365, 99.99999999999999]
[88.52791878172589, 91.06598984771574, 94.51776649746193, 97.86802030456853, 98.2741116751269, 98.68020304568527, 99.08629441624365, 99.99999999999999]
[88.52791878172589, 91.06598984771574, 94.51776649746193, 97.86802030456853, 98.2741116751269, 98.68020304568527, 99.08629441624365, 99.99999999999999]
[88.52791878172589, 91.06598984771574, 94.51776649746193, 97.86802030456853, 98.2741116751269, 98.68020304568527, 99.08629441624365, 99.99999999999999]
[88.52791878172589, 91.06598984771574, 94.51776649746193, 97.86802030456853, 98.2741116751269, 98.68020304568527, 99.08629441624365, 99.99999999999999]
[88.52791878172589, 91.06598984771574, 94.51776649746193, 97.86802030456853, 98.2741116751269, 98.68020304568527, 99.08629441624365, 99.99999999999999]
[88.52791878172589, 91.06598984771574, 94.51776649746193, 97.86802030456853, 98.2741116751269, 98.68020304568527, 99.08629441624365, 99.99999999999999]
[93.29949238578679, 95.43147208121826, 98.47715736040608, 98.68020304568527, 98.88324873096447, 100.0]
[93.29949238578679, 95.43147208121826, 98.47715736040608, 98.68020304568527, 98.88324873096447, 100.0]
[93.29949238578679, 95.43147208121826, 98.47715736040608, 98.68020304568527, 98.88324873096447, 100.0]
[93.29949238578679, 95.43147208121826, 98.47715736040608, 98.68020304568527, 98.88324873096447, 100.0]
[93.29949238578679, 95.43147208121826, 98.47715736040608, 98.68020304568527, 98.88324873096447, 100.0]
[93.29949238578679, 95.43147208121826, 98.47715736040608, 98.68020304568527, 98.88324873096447, 100.0]
[93.29949238578679, 95.43147208121826, 98.47715736040608, 98.68020304568527, 98.88324873096447, 100.0]
[93.29949238578679, 95.43147208121826, 98.47715736040608, 98.68020304568527, 98.88324873096447, 100.0]
[93.29949238578679, 95.43147208121826, 98.47715736040608, 98.68020304568527, 98.88324873096447, 100.0]
[93.29949238578679, 95.43147208121826, 98.47715736040608, 98.68020304568527, 98.88324873096447, 100.0]
[93.29949238578679, 95.43147208121826, 98.47715736040608, 98.68020304568527, 98.88324873096447, 100.0]
[93.29949238578679, 95.43147208121826, 98.47715736040608, 98.68020304568527, 98.88324873096447, 100.0]
[93.29949238578679, 95.43147208121826, 98.47715736040608, 98.68020304568527, 98.88324873096447, 100.0]
[93.29949238578679, 95.43147208121826, 98.47715736040608, 98.68020304568527, 98.88324873096447, 100.0]
[93.29949238578679, 95.43147208121826, 98.47715736040608, 98.68020304568527, 98.88324873096447, 100.0]
[93.29949238578679, 95.43147208121826, 98.47715736040608, 98.68020304568527, 98.88324873096447, 100.0]
[93.29949238578679, 95.43147208121826, 98.47715736040608, 98.68020304568527, 98.88324873096447, 100.0]
[93.29949238578679, 95.43147208121826, 98.47715736040608, 98.68020304568527, 98.88324873096447, 100.0]
[93.29949238578679, 95.43147208121826, 98.47715736040608, 98.68020304568527, 98.88324873096447, 100.0]
[93.29949238578679, 95.43147208121826, 98.47715736040608, 98.68020304568527, 98.88324873096447, 100.0]
[93.29949238578679, 95.43147208121826, 98.47715736040608, 98.68020304568527, 98.88324873096447, 100.0]
[93.29949238578679, 95.43147208121826, 98.47715736040608, 98.68020304568527, 98.88324873096447, 100.0]
[93.29949238578679, 95.43147208121826, 98.47715736040608, 98.68020304568527, 98.88324873096447, 100.0]
[93.29949238578679, 95.43147208121826, 98.47715736040608, 98.68020304568527, 98.88324873096447, 100.0]
[93.29949238578679, 95.43147208121826, 98.47715736040608, 98.68020304568527, 98.88324873096447, 100.0]
[93.29949238578679, 95.43147208121826, 98.47715736040608, 98.68020304568527, 98.88324873096447, 100.0]
[93.29949238578679, 95.43147208121826, 98.47715736040608, 98.68020304568527, 98.88324873096447, 100.0]
[93.29949238578679, 95.43147208121826, 98.47715736040608, 98.68020304568527, 98.88324873096447, 100.0]
[93.29949238578679, 95.43147208121826, 98.47715736040608, 98.68020304568527, 98.88324873096447, 100.0]
[93.29949238578679, 95.43147208121826, 98.47715736040608, 98.68020304568527, 98.88324873096447, 100.0]
[93.29949238578679, 95.43147208121826, 98.47715736040608, 98.68020304568527, 98.88324873096447, 100.0]
[93.29949238578679, 95.43147208121826, 98.47715736040608, 98.68020304568527, 98.88324873096447, 100.0]
[93.29949238578679, 95.43147208121826, 98.47715736040608, 98.68020304568527, 98.88324873096447, 100.0]
[93.29949238578679, 95.43147208121826, 98.47715736040608, 98.68020304568527, 98.88324873096447, 100.0]
[93.29949238578679, 95.43147208121826, 98.47715736040608, 98.68020304568527, 98.88324873096447, 100.0]
[93.29949238578679, 95.43147208121826, 98.47715736040608, 98.68020304568527, 98.88324873096447, 100.0]
[93.29949238578679, 95.43147208121826, 98.47715736040608, 98.68020304568527, 98.88324873096447, 100.0]
[93.29949238578679, 95.43147208121826, 98.47715736040608, 98.68020304568527, 98.88324873096447, 100.0]
[93.29949238578679, 95.43147208121826, 98.47715736040608, 98.68020304568527, 98.88324873096447, 100.0]
[93.29949238578679, 95.43147208121826, 98.47715736040608, 98.68020304568527, 98.88324873096447, 100.0]
[93.29949238578679, 95.43147208121826, 98.47715736040608, 98.68020304568527, 98.88324873096447, 100.0]
[93.29949238578679, 95.43147208121826, 98.47715736040608, 98.68020304568527, 98.88324873096447, 100.0]
[93.29949238578679, 95.43147208121826, 98.47715736040608, 98.68020304568527, 98.88324873096447, 100.0]
[93.29949238578679, 95.43147208121826, 98.47715736040608, 98.68020304568527, 98.88324873096447, 100.0]
[93.29949238578679, 95.43147208121826, 98.47715736040608, 98.68020304568527, 98.88324873096447, 100.0]
[93.29949238578679, 95.43147208121826, 98.47715736040608, 98.68020304568527, 98.88324873096447, 100.0]
[93.29949238578679, 95.43147208121826, 98.47715736040608, 98.68020304568527, 98.88324873096447, 100.0]
[93.29949238578679, 95.43147208121826, 98.47715736040608, 98.68020304568527, 98.88324873096447, 100.0]
[93.29949238578679, 95.43147208121826, 98.47715736040608, 98.68020304568527, 98.88324873096447, 100.0]
[93.29949238578679, 95.43147208121826, 98.47715736040608, 98.68020304568527, 98.88324873096447, 100.0]
[93.29949238578679, 95.43147208121826, 98.47715736040608, 98.68020304568527, 98.88324873096447, 100.0]
[89.44162436548223, 91.67512690355329, 95.12690355329948, 96.85279187817258, 97.25888324873095, 97.66497461928932, 98.0710659898477, 99.18781725888323, 99.99999999999999]
[89.44162436548223, 91.67512690355329, 95.12690355329948, 96.85279187817258, 97.25888324873095, 97.66497461928932, 98.0710659898477, 99.18781725888323, 99.99999999999999]
[89.44162436548223, 91.67512690355329, 95.12690355329948, 96.85279187817258, 97.25888324873095, 97.66497461928932, 98.0710659898477, 99.18781725888323, 99.99999999999999]
[89.44162436548223, 91.67512690355329, 95.12690355329948, 96.85279187817258, 97.25888324873095, 97.66497461928932, 98.0710659898477, 99.18781725888323, 99.99999999999999]
[89.44162436548223, 91.67512690355329, 95.12690355329948, 96.85279187817258, 97.25888324873095, 97.66497461928932, 98.0710659898477, 99.18781725888323, 99.99999999999999]
[89.44162436548223, 91.67512690355329, 95.12690355329948, 96.85279187817258, 97.25888324873095, 97.66497461928932, 98.0710659898477, 99.18781725888323, 99.99999999999999]
[89.44162436548223, 91.67512690355329, 95.12690355329948, 96.85279187817258, 97.25888324873095, 97.66497461928932, 98.0710659898477, 99.18781725888323, 99.99999999999999]
[89.44162436548223, 91.67512690355329, 95.12690355329948, 96.85279187817258, 97.25888324873095, 97.66497461928932, 98.0710659898477, 99.18781725888323, 99.99999999999999]
[89.44162436548223, 91.67512690355329, 95.12690355329948, 96.85279187817258, 97.25888324873095, 97.66497461928932, 98.0710659898477, 99.18781725888323, 99.99999999999999]
[89.44162436548223, 91.67512690355329, 95.12690355329948, 96.85279187817258, 97.25888324873095, 97.66497461928932, 98.0710659898477, 99.18781725888323, 99.99999999999999]
[89.44162436548223, 91.67512690355329, 95.12690355329948, 96.85279187817258, 97.25888324873095, 97.66497461928932, 98.0710659898477, 99.18781725888323, 99.99999999999999]
[89.44162436548223, 91.67512690355329, 95.12690355329948, 96.85279187817258, 97.25888324873095, 97.66497461928932, 98.0710659898477, 99.18781725888323, 99.99999999999999]
[89.44162436548223, 91.67512690355329, 95.12690355329948, 96.85279187817258, 97.25888324873095, 97.66497461928932, 98.0710659898477, 99.18781725888323, 99.99999999999999]
[89.44162436548223, 91.67512690355329, 95.12690355329948, 96.85279187817258, 97.25888324873095, 97.66497461928932, 98.0710659898477, 99.18781725888323, 99.99999999999999]
[89.44162436548223, 91.67512690355329, 95.12690355329948, 96.85279187817258, 97.25888324873095, 97.66497461928932, 98.0710659898477, 99.18781725888323, 99.99999999999999]
[89.44162436548223, 91.67512690355329, 95.12690355329948, 96.85279187817258, 97.25888324873095, 97.66497461928932, 98.0710659898477, 99.18781725888323, 99.99999999999999]
[89.44162436548223, 91.67512690355329, 95.12690355329948, 96.85279187817258, 97.25888324873095, 97.66497461928932, 98.0710659898477, 99.18781725888323, 99.99999999999999]
[89.44162436548223, 91.67512690355329, 95.12690355329948, 96.85279187817258, 97.25888324873095, 97.66497461928932, 98.0710659898477, 99.18781725888323, 99.99999999999999]
[89.44162436548223, 91.67512690355329, 95.12690355329948, 96.85279187817258, 97.25888324873095, 97.66497461928932, 98.0710659898477, 99.18781725888323, 99.99999999999999]
[89.44162436548223, 91.67512690355329, 95.12690355329948, 96.85279187817258, 97.25888324873095, 97.66497461928932, 98.0710659898477, 99.18781725888323, 99.99999999999999]
[89.44162436548223, 91.67512690355329, 95.12690355329948, 96.85279187817258, 97.25888324873095, 97.66497461928932, 98.0710659898477, 99.18781725888323, 99.99999999999999]
[89.44162436548223, 91.67512690355329, 95.12690355329948, 96.85279187817258, 97.25888324873095, 97.66497461928932, 98.0710659898477, 99.18781725888323, 99.99999999999999]
[89.44162436548223, 91.67512690355329, 95.12690355329948, 96.85279187817258, 97.25888324873095, 97.66497461928932, 98.0710659898477, 99.18781725888323, 99.99999999999999]
[89.44162436548223, 91.67512690355329, 95.12690355329948, 96.85279187817258, 97.25888324873095, 97.66497461928932, 98.0710659898477, 99.18781725888323, 99.99999999999999]
[89.44162436548223, 91.67512690355329, 95.12690355329948, 96.85279187817258, 97.25888324873095, 97.66497461928932, 98.0710659898477, 99.18781725888323, 99.99999999999999]
[89.44162436548223, 91.67512690355329, 95.12690355329948, 96.85279187817258, 97.25888324873095, 97.66497461928932, 98.0710659898477, 99.18781725888323, 99.99999999999999]
[89.44162436548223, 91.67512690355329, 95.12690355329948, 96.85279187817258, 97.25888324873095, 97.66497461928932, 98.0710659898477, 99.18781725888323, 99.99999999999999]
[89.44162436548223, 91.67512690355329, 95.12690355329948, 96.85279187817258, 97.25888324873095, 97.66497461928932, 98.0710659898477, 99.18781725888323, 99.99999999999999]
[89.44162436548223, 91.67512690355329, 95.12690355329948, 96.85279187817258, 97.25888324873095, 97.66497461928932, 98.0710659898477, 99.18781725888323, 99.99999999999999]
[89.44162436548223, 91.67512690355329, 95.12690355329948, 96.85279187817258, 97.25888324873095, 97.66497461928932, 98.0710659898477, 99.18781725888323, 99.99999999999999]
[89.44162436548223, 91.67512690355329, 95.12690355329948, 96.85279187817258, 97.25888324873095, 97.66497461928932, 98.0710659898477, 99.18781725888323, 99.99999999999999]
[89.44162436548223, 91.67512690355329, 95.12690355329948, 96.85279187817258, 97.25888324873095, 97.66497461928932, 98.0710659898477, 99.18781725888323, 99.99999999999999]
[89.44162436548223, 91.67512690355329, 95.12690355329948, 96.85279187817258, 97.25888324873095, 97.66497461928932, 98.0710659898477, 99.18781725888323, 99.99999999999999]
[89.44162436548223, 91.67512690355329, 95.12690355329948, 96.85279187817258, 97.25888324873095, 97.66497461928932, 98.0710659898477, 99.18781725888323, 99.99999999999999]
[89.44162436548223, 91.67512690355329, 95.12690355329948, 96.85279187817258, 97.25888324873095, 97.66497461928932, 98.0710659898477, 99.18781725888323, 99.99999999999999]
[89.34010152284264, 93.60406091370558, 94.31472081218274, 96.14213197969544, 97.66497461928934, 97.96954314720811, 98.27411167512689, 99.08629441624365, 99.49238578680202, 99.99999999999999]
[89.34010152284264, 93.60406091370558, 94.31472081218274, 96.14213197969544, 97.66497461928934, 97.96954314720811, 98.27411167512689, 99.08629441624365, 99.49238578680202, 99.99999999999999]
[89.34010152284264, 93.60406091370558, 94.31472081218274, 96.14213197969544, 97.66497461928934, 97.96954314720811, 98.27411167512689, 99.08629441624365, 99.49238578680202, 99.99999999999999]
[89.34010152284264, 93.60406091370558, 94.31472081218274, 96.14213197969544, 97.66497461928934, 97.96954314720811, 98.27411167512689, 99.08629441624365, 99.49238578680202, 99.99999999999999]
[89.34010152284264, 93.60406091370558, 94.31472081218274, 96.14213197969544, 97.66497461928934, 97.96954314720811, 98.27411167512689, 99.08629441624365, 99.49238578680202, 99.99999999999999]
[89.34010152284264, 93.60406091370558, 94.31472081218274, 96.14213197969544, 97.66497461928934, 97.96954314720811, 98.27411167512689, 99.08629441624365, 99.49238578680202, 99.99999999999999]
[89.34010152284264, 93.60406091370558, 94.31472081218274, 96.14213197969544, 97.66497461928934, 97.96954314720811, 98.27411167512689, 99.08629441624365, 99.49238578680202, 99.99999999999999]
[89.34010152284264, 93.60406091370558, 94.31472081218274, 96.14213197969544, 97.66497461928934, 97.96954314720811, 98.27411167512689, 99.08629441624365, 99.49238578680202, 99.99999999999999]
[89.34010152284264, 93.60406091370558, 94.31472081218274, 96.14213197969544, 97.66497461928934, 97.96954314720811, 98.27411167512689, 99.08629441624365, 99.49238578680202, 99.99999999999999]
[89.34010152284264, 93.60406091370558, 94.31472081218274, 96.14213197969544, 97.66497461928934, 97.96954314720811, 98.27411167512689, 99.08629441624365, 99.49238578680202, 99.99999999999999]
[89.34010152284264, 93.60406091370558, 94.31472081218274, 96.14213197969544, 97.66497461928934, 97.96954314720811, 98.27411167512689, 99.08629441624365, 99.49238578680202, 99.99999999999999]
[89.34010152284264, 93.60406091370558, 94.31472081218274, 96.14213197969544, 97.66497461928934, 97.96954314720811, 98.27411167512689, 99.08629441624365, 99.49238578680202, 99.99999999999999]
[89.34010152284264, 93.60406091370558, 94.31472081218274, 96.14213197969544, 97.66497461928934, 97.96954314720811, 98.27411167512689, 99.08629441624365, 99.49238578680202, 99.99999999999999]
[89.34010152284264, 93.60406091370558, 94.31472081218274, 96.14213197969544, 97.66497461928934, 97.96954314720811, 98.27411167512689, 99.08629441624365, 99.49238578680202, 99.99999999999999]
[89.34010152284264, 93.60406091370558, 94.31472081218274, 96.14213197969544, 97.66497461928934, 97.96954314720811, 98.27411167512689, 99.08629441624365, 99.49238578680202, 99.99999999999999]
[89.34010152284264, 93.60406091370558, 94.31472081218274, 96.14213197969544, 97.66497461928934, 97.96954314720811, 98.27411167512689, 99.08629441624365, 99.49238578680202, 99.99999999999999]
[89.34010152284264, 93.60406091370558, 94.31472081218274, 96.14213197969544, 97.66497461928934, 97.96954314720811, 98.27411167512689, 99.08629441624365, 99.49238578680202, 99.99999999999999]
[89.34010152284264, 93.60406091370558, 94.31472081218274, 96.14213197969544, 97.66497461928934, 97.96954314720811, 98.27411167512689, 99.08629441624365, 99.49238578680202, 99.99999999999999]
[89.34010152284264, 93.60406091370558, 94.31472081218274, 96.14213197969544, 97.66497461928934, 97.96954314720811, 98.27411167512689, 99.08629441624365, 99.49238578680202, 99.99999999999999]
[89.34010152284264, 93.60406091370558, 94.31472081218274, 96.14213197969544, 97.66497461928934, 97.96954314720811, 98.27411167512689, 99.08629441624365, 99.49238578680202, 99.99999999999999]
[89.34010152284264, 93.60406091370558, 94.31472081218274, 96.14213197969544, 97.66497461928934, 97.96954314720811, 98.27411167512689, 99.08629441624365, 99.49238578680202, 99.99999999999999]
[89.34010152284264, 93.60406091370558, 94.31472081218274, 96.14213197969544, 97.66497461928934, 97.96954314720811, 98.27411167512689, 99.08629441624365, 99.49238578680202, 99.99999999999999]
[89.34010152284264, 93.60406091370558, 94.31472081218274, 96.14213197969544, 97.66497461928934, 97.96954314720811, 98.27411167512689, 99.08629441624365, 99.49238578680202, 99.99999999999999]
[89.34010152284264, 93.60406091370558, 94.31472081218274, 96.14213197969544, 97.66497461928934, 97.96954314720811, 98.27411167512689, 99.08629441624365, 99.49238578680202, 99.99999999999999]
[89.34010152284264, 93.60406091370558, 94.31472081218274, 96.14213197969544, 97.66497461928934, 97.96954314720811, 98.27411167512689, 99.08629441624365, 99.49238578680202, 99.99999999999999]
[89.34010152284264, 93.60406091370558, 94.31472081218274, 96.14213197969544, 97.66497461928934, 97.96954314720811, 98.27411167512689, 99.08629441624365, 99.49238578680202, 99.99999999999999]
[89.34010152284264, 93.60406091370558, 94.31472081218274, 96.14213197969544, 97.66497461928934, 97.96954314720811, 98.27411167512689, 99.08629441624365, 99.49238578680202, 99.99999999999999]
[89.34010152284264, 93.60406091370558, 94.31472081218274, 96.14213197969544, 97.66497461928934, 97.96954314720811, 98.27411167512689, 99.08629441624365, 99.49238578680202, 99.99999999999999]
[89.34010152284264, 93.60406091370558, 94.31472081218274, 96.14213197969544, 97.66497461928934, 97.96954314720811, 98.27411167512689, 99.08629441624365, 99.49238578680202, 99.99999999999999]
[89.34010152284264, 93.60406091370558, 94.31472081218274, 96.14213197969544, 97.66497461928934, 97.96954314720811, 98.27411167512689, 99.08629441624365, 99.49238578680202, 99.99999999999999]
[89.34010152284264, 93.60406091370558, 94.31472081218274, 96.14213197969544, 97.66497461928934, 97.96954314720811, 98.27411167512689, 99.08629441624365, 99.49238578680202, 99.99999999999999]
[89.34010152284264, 93.60406091370558, 94.31472081218274, 96.14213197969544, 97.66497461928934, 97.96954314720811, 98.27411167512689, 99.08629441624365, 99.49238578680202, 99.99999999999999]
[89.34010152284264, 93.60406091370558, 94.31472081218274, 96.14213197969544, 97.66497461928934, 97.96954314720811, 98.27411167512689, 99.08629441624365, 99.49238578680202, 99.99999999999999]
[89.34010152284264, 93.60406091370558, 94.31472081218274, 96.14213197969544, 97.66497461928934, 97.96954314720811, 98.27411167512689, 99.08629441624365, 99.49238578680202, 99.99999999999999]
[89.34010152284264, 93.60406091370558, 94.31472081218274, 96.14213197969544, 97.66497461928934, 97.96954314720811, 98.27411167512689, 99.08629441624365, 99.49238578680202, 99.99999999999999]
[93.19796954314721, 94.11167512690355, 97.15736040609137, 98.4771573604061, 98.68020304568529, 98.88324873096448, 99.08629441624367, 100.00000000000001]
[93.19796954314721, 94.11167512690355, 97.15736040609137, 98.4771573604061, 98.68020304568529, 98.88324873096448, 99.08629441624367, 100.00000000000001]
[93.19796954314721, 94.11167512690355, 97.15736040609137, 98.4771573604061, 98.68020304568529, 98.88324873096448, 99.08629441624367, 100.00000000000001]
[93.19796954314721, 94.11167512690355, 97.15736040609137, 98.4771573604061, 98.68020304568529, 98.88324873096448, 99.08629441624367, 100.00000000000001]
[93.19796954314721, 94.11167512690355, 97.15736040609137, 98.4771573604061, 98.68020304568529, 98.88324873096448, 99.08629441624367, 100.00000000000001]
[93.19796954314721, 94.11167512690355, 97.15736040609137, 98.4771573604061, 98.68020304568529, 98.88324873096448, 99.08629441624367, 100.00000000000001]
[93.19796954314721, 94.11167512690355, 97.15736040609137, 98.4771573604061, 98.68020304568529, 98.88324873096448, 99.08629441624367, 100.00000000000001]
[93.19796954314721, 94.11167512690355, 97.15736040609137, 98.4771573604061, 98.68020304568529, 98.88324873096448, 99.08629441624367, 100.00000000000001]
[93.19796954314721, 94.11167512690355, 97.15736040609137, 98.4771573604061, 98.68020304568529, 98.88324873096448, 99.08629441624367, 100.00000000000001]
[93.19796954314721, 94.11167512690355, 97.15736040609137, 98.4771573604061, 98.68020304568529, 98.88324873096448, 99.08629441624367, 100.00000000000001]
[93.19796954314721, 94.11167512690355, 97.15736040609137, 98.4771573604061, 98.68020304568529, 98.88324873096448, 99.08629441624367, 100.00000000000001]
[93.19796954314721, 94.11167512690355, 97.15736040609137, 98.4771573604061, 98.68020304568529, 98.88324873096448, 99.08629441624367, 100.00000000000001]
[93.19796954314721, 94.11167512690355, 97.15736040609137, 98.4771573604061, 98.68020304568529, 98.88324873096448, 99.08629441624367, 100.00000000000001]
[93.19796954314721, 94.11167512690355, 97.15736040609137, 98.4771573604061, 98.68020304568529, 98.88324873096448, 99.08629441624367, 100.00000000000001]
[93.19796954314721, 94.11167512690355, 97.15736040609137, 98.4771573604061, 98.68020304568529, 98.88324873096448, 99.08629441624367, 100.00000000000001]
[93.19796954314721, 94.11167512690355, 97.15736040609137, 98.4771573604061, 98.68020304568529, 98.88324873096448, 99.08629441624367, 100.00000000000001]
[93.19796954314721, 94.11167512690355, 97.15736040609137, 98.4771573604061, 98.68020304568529, 98.88324873096448, 99.08629441624367, 100.00000000000001]
[93.19796954314721, 94.11167512690355, 97.15736040609137, 98.4771573604061, 98.68020304568529, 98.88324873096448, 99.08629441624367, 100.00000000000001]
[93.19796954314721, 94.11167512690355, 97.15736040609137, 98.4771573604061, 98.68020304568529, 98.88324873096448, 99.08629441624367, 100.00000000000001]
[93.19796954314721, 94.11167512690355, 97.15736040609137, 98.4771573604061, 98.68020304568529, 98.88324873096448, 99.08629441624367, 100.00000000000001]
[93.19796954314721, 94.11167512690355, 97.15736040609137, 98.4771573604061, 98.68020304568529, 98.88324873096448, 99.08629441624367, 100.00000000000001]
[93.19796954314721, 94.11167512690355, 97.15736040609137, 98.4771573604061, 98.68020304568529, 98.88324873096448, 99.08629441624367, 100.00000000000001]
[93.19796954314721, 94.11167512690355, 97.15736040609137, 98.4771573604061, 98.68020304568529, 98.88324873096448, 99.08629441624367, 100.00000000000001]
[93.19796954314721, 94.11167512690355, 97.15736040609137, 98.4771573604061, 98.68020304568529, 98.88324873096448, 99.08629441624367, 100.00000000000001]
[93.19796954314721, 94.11167512690355, 97.15736040609137, 98.4771573604061, 98.68020304568529, 98.88324873096448, 99.08629441624367, 100.00000000000001]
[93.19796954314721, 94.11167512690355, 97.15736040609137, 98.4771573604061, 98.68020304568529, 98.88324873096448, 99.08629441624367, 100.00000000000001]
[93.19796954314721, 94.11167512690355, 97.15736040609137, 98.4771573604061, 98.68020304568529, 98.88324873096448, 99.08629441624367, 100.00000000000001]
[93.19796954314721, 94.11167512690355, 97.15736040609137, 98.4771573604061, 98.68020304568529, 98.88324873096448, 99.08629441624367, 100.00000000000001]
[93.19796954314721, 94.11167512690355, 97.15736040609137, 98.4771573604061, 98.68020304568529, 98.88324873096448, 99.08629441624367, 100.00000000000001]
[93.19796954314721, 94.11167512690355, 97.15736040609137, 98.4771573604061, 98.68020304568529, 98.88324873096448, 99.08629441624367, 100.00000000000001]
[93.19796954314721, 94.11167512690355, 97.15736040609137, 98.4771573604061, 98.68020304568529, 98.88324873096448, 99.08629441624367, 100.00000000000001]
[93.19796954314721, 94.11167512690355, 97.15736040609137, 98.4771573604061, 98.68020304568529, 98.88324873096448, 99.08629441624367, 100.00000000000001]
[93.19796954314721, 94.11167512690355, 97.15736040609137, 98.4771573604061, 98.68020304568529, 98.88324873096448, 99.08629441624367, 100.00000000000001]
[93.19796954314721, 94.11167512690355, 97.15736040609137, 98.4771573604061, 98.68020304568529, 98.88324873096448, 99.08629441624367, 100.00000000000001]
[87.20812182741116, 96.14213197969542, 98.07106598984771, 98.2741116751269, 98.4771573604061, 98.68020304568529, 98.88324873096448, 99.08629441624367, 99.28934010152287, 100.00000000000003]
[87.20812182741116, 96.14213197969542, 98.07106598984771, 98.2741116751269, 98.4771573604061, 98.68020304568529, 98.88324873096448, 99.08629441624367, 99.28934010152287, 100.00000000000003]
[87.20812182741116, 96.14213197969542, 98.07106598984771, 98.2741116751269, 98.4771573604061, 98.68020304568529, 98.88324873096448, 99.08629441624367, 99.28934010152287, 100.00000000000003]
[87.20812182741116, 96.14213197969542, 98.07106598984771, 98.2741116751269, 98.4771573604061, 98.68020304568529, 98.88324873096448, 99.08629441624367, 99.28934010152287, 100.00000000000003]
[87.20812182741116, 96.14213197969542, 98.07106598984771, 98.2741116751269, 98.4771573604061, 98.68020304568529, 98.88324873096448, 99.08629441624367, 99.28934010152287, 100.00000000000003]
[87.20812182741116, 96.14213197969542, 98.07106598984771, 98.2741116751269, 98.4771573604061, 98.68020304568529, 98.88324873096448, 99.08629441624367, 99.28934010152287, 100.00000000000003]
[87.20812182741116, 96.14213197969542, 98.07106598984771, 98.2741116751269, 98.4771573604061, 98.68020304568529, 98.88324873096448, 99.08629441624367, 99.28934010152287, 100.00000000000003]
[87.20812182741116, 96.14213197969542, 98.07106598984771, 98.2741116751269, 98.4771573604061, 98.68020304568529, 98.88324873096448, 99.08629441624367, 99.28934010152287, 100.00000000000003]
[87.20812182741116, 96.14213197969542, 98.07106598984771, 98.2741116751269, 98.4771573604061, 98.68020304568529, 98.88324873096448, 99.08629441624367, 99.28934010152287, 100.00000000000003]
[87.20812182741116, 96.14213197969542, 98.07106598984771, 98.2741116751269, 98.4771573604061, 98.68020304568529, 98.88324873096448, 99.08629441624367, 99.28934010152287, 100.00000000000003]
[87.20812182741116, 96.14213197969542, 98.07106598984771, 98.2741116751269, 98.4771573604061, 98.68020304568529, 98.88324873096448, 99.08629441624367, 99.28934010152287, 100.00000000000003]
[87.20812182741116, 96.14213197969542, 98.07106598984771, 98.2741116751269, 98.4771573604061, 98.68020304568529, 98.88324873096448, 99.08629441624367, 99.28934010152287, 100.00000000000003]
[87.20812182741116, 96.14213197969542, 98.07106598984771, 98.2741116751269, 98.4771573604061, 98.68020304568529, 98.88324873096448, 99.08629441624367, 99.28934010152287, 100.00000000000003]
[87.20812182741116, 96.14213197969542, 98.07106598984771, 98.2741116751269, 98.4771573604061, 98.68020304568529, 98.88324873096448, 99.08629441624367, 99.28934010152287, 100.00000000000003]
[87.20812182741116, 96.14213197969542, 98.07106598984771, 98.2741116751269, 98.4771573604061, 98.68020304568529, 98.88324873096448, 99.08629441624367, 99.28934010152287, 100.00000000000003]
[87.20812182741116, 96.14213197969542, 98.07106598984771, 98.2741116751269, 98.4771573604061, 98.68020304568529, 98.88324873096448, 99.08629441624367, 99.28934010152287, 100.00000000000003]
[87.20812182741116, 96.14213197969542, 98.07106598984771, 98.2741116751269, 98.4771573604061, 98.68020304568529, 98.88324873096448, 99.08629441624367, 99.28934010152287, 100.00000000000003]
[87.20812182741116, 96.14213197969542, 98.07106598984771, 98.2741116751269, 98.4771573604061, 98.68020304568529, 98.88324873096448, 99.08629441624367, 99.28934010152287, 100.00000000000003]
[87.20812182741116, 96.14213197969542, 98.07106598984771, 98.2741116751269, 98.4771573604061, 98.68020304568529, 98.88324873096448, 99.08629441624367, 99.28934010152287, 100.00000000000003]
[87.20812182741116, 96.14213197969542, 98.07106598984771, 98.2741116751269, 98.4771573604061, 98.68020304568529, 98.88324873096448, 99.08629441624367, 99.28934010152287, 100.00000000000003]
[87.20812182741116, 96.14213197969542, 98.07106598984771, 98.2741116751269, 98.4771573604061, 98.68020304568529, 98.88324873096448, 99.08629441624367, 99.28934010152287, 100.00000000000003]
[87.20812182741116, 96.14213197969542, 98.07106598984771, 98.2741116751269, 98.4771573604061, 98.68020304568529, 98.88324873096448, 99.08629441624367, 99.28934010152287, 100.00000000000003]
[87.20812182741116, 96.14213197969542, 98.07106598984771, 98.2741116751269, 98.4771573604061, 98.68020304568529, 98.88324873096448, 99.08629441624367, 99.28934010152287, 100.00000000000003]
[87.20812182741116, 96.14213197969542, 98.07106598984771, 98.2741116751269, 98.4771573604061, 98.68020304568529, 98.88324873096448, 99.08629441624367, 99.28934010152287, 100.00000000000003]
[87.20812182741116, 96.14213197969542, 98.07106598984771, 98.2741116751269, 98.4771573604061, 98.68020304568529, 98.88324873096448, 99.08629441624367, 99.28934010152287, 100.00000000000003]
[87.20812182741116, 96.14213197969542, 98.07106598984771, 98.2741116751269, 98.4771573604061, 98.68020304568529, 98.88324873096448, 99.08629441624367, 99.28934010152287, 100.00000000000003]
[87.20812182741116, 96.14213197969542, 98.07106598984771, 98.2741116751269, 98.4771573604061, 98.68020304568529, 98.88324873096448, 99.08629441624367, 99.28934010152287, 100.00000000000003]
[87.20812182741116, 96.14213197969542, 98.07106598984771, 98.2741116751269, 98.4771573604061, 98.68020304568529, 98.88324873096448, 99.08629441624367, 99.28934010152287, 100.00000000000003]
[87.20812182741116, 96.14213197969542, 98.07106598984771, 98.2741116751269, 98.4771573604061, 98.68020304568529, 98.88324873096448, 99.08629441624367, 99.28934010152287, 100.00000000000003]
[87.20812182741116, 96.14213197969542, 98.07106598984771, 98.2741116751269, 98.4771573604061, 98.68020304568529, 98.88324873096448, 99.08629441624367, 99.28934010152287, 100.00000000000003]
[87.20812182741116, 96.14213197969542, 98.07106598984771, 98.2741116751269, 98.4771573604061, 98.68020304568529, 98.88324873096448, 99.08629441624367, 99.28934010152287, 100.00000000000003]
[87.20812182741116, 96.14213197969542, 98.07106598984771, 98.2741116751269, 98.4771573604061, 98.68020304568529, 98.88324873096448, 99.08629441624367, 99.28934010152287, 100.00000000000003]
[87.20812182741116, 96.14213197969542, 98.07106598984771, 98.2741116751269, 98.4771573604061, 98.68020304568529, 98.88324873096448, 99.08629441624367, 99.28934010152287, 100.00000000000003]
[87.20812182741116, 96.14213197969542, 98.07106598984771, 98.2741116751269, 98.4771573604061, 98.68020304568529, 98.88324873096448, 99.08629441624367, 99.28934010152287, 100.00000000000003]
[87.20812182741116, 96.14213197969542, 98.07106598984771, 98.2741116751269, 98.4771573604061, 98.68020304568529, 98.88324873096448, 99.08629441624367, 99.28934010152287, 100.00000000000003]
[87.20812182741116, 96.14213197969542, 98.07106598984771, 98.2741116751269, 98.4771573604061, 98.68020304568529, 98.88324873096448, 99.08629441624367, 99.28934010152287, 100.00000000000003]
[87.20812182741116, 96.14213197969542, 98.07106598984771, 98.2741116751269, 98.4771573604061, 98.68020304568529, 98.88324873096448, 99.08629441624367, 99.28934010152287, 100.00000000000003]
[87.20812182741116, 96.14213197969542, 98.07106598984771, 98.2741116751269, 98.4771573604061, 98.68020304568529, 98.88324873096448, 99.08629441624367, 99.28934010152287, 100.00000000000003]
[83.65482233502539, 93.6040609137056, 96.8527918781726, 98.3756345177665, 98.57868020304569, 98.78172588832489, 98.98477157360408, 99.18781725888327, 100.00000000000003]
[83.65482233502539, 93.6040609137056, 96.8527918781726, 98.3756345177665, 98.57868020304569, 98.78172588832489, 98.98477157360408, 99.18781725888327, 100.00000000000003]
[83.65482233502539, 93.6040609137056, 96.8527918781726, 98.3756345177665, 98.57868020304569, 98.78172588832489, 98.98477157360408, 99.18781725888327, 100.00000000000003]
[83.65482233502539, 93.6040609137056, 96.8527918781726, 98.3756345177665, 98.57868020304569, 98.78172588832489, 98.98477157360408, 99.18781725888327, 100.00000000000003]
[83.65482233502539, 93.6040609137056, 96.8527918781726, 98.3756345177665, 98.57868020304569, 98.78172588832489, 98.98477157360408, 99.18781725888327, 100.00000000000003]
[83.65482233502539, 93.6040609137056, 96.8527918781726, 98.3756345177665, 98.57868020304569, 98.78172588832489, 98.98477157360408, 99.18781725888327, 100.00000000000003]
[83.65482233502539, 93.6040609137056, 96.8527918781726, 98.3756345177665, 98.57868020304569, 98.78172588832489, 98.98477157360408, 99.18781725888327, 100.00000000000003]
[83.65482233502539, 93.6040609137056, 96.8527918781726, 98.3756345177665, 98.57868020304569, 98.78172588832489, 98.98477157360408, 99.18781725888327, 100.00000000000003]
[83.65482233502539, 93.6040609137056, 96.8527918781726, 98.3756345177665, 98.57868020304569, 98.78172588832489, 98.98477157360408, 99.18781725888327, 100.00000000000003]
[83.65482233502539, 93.6040609137056, 96.8527918781726, 98.3756345177665, 98.57868020304569, 98.78172588832489, 98.98477157360408, 99.18781725888327, 100.00000000000003]
[83.65482233502539, 93.6040609137056, 96.8527918781726, 98.3756345177665, 98.57868020304569, 98.78172588832489, 98.98477157360408, 99.18781725888327, 100.00000000000003]
[83.65482233502539, 93.6040609137056, 96.8527918781726, 98.3756345177665, 98.57868020304569, 98.78172588832489, 98.98477157360408, 99.18781725888327, 100.00000000000003]
[83.65482233502539, 93.6040609137056, 96.8527918781726, 98.3756345177665, 98.57868020304569, 98.78172588832489, 98.98477157360408, 99.18781725888327, 100.00000000000003]
[83.65482233502539, 93.6040609137056, 96.8527918781726, 98.3756345177665, 98.57868020304569, 98.78172588832489, 98.98477157360408, 99.18781725888327, 100.00000000000003]
[83.65482233502539, 93.6040609137056, 96.8527918781726, 98.3756345177665, 98.57868020304569, 98.78172588832489, 98.98477157360408, 99.18781725888327, 100.00000000000003]
[83.65482233502539, 93.6040609137056, 96.8527918781726, 98.3756345177665, 98.57868020304569, 98.78172588832489, 98.98477157360408, 99.18781725888327, 100.00000000000003]
[83.65482233502539, 93.6040609137056, 96.8527918781726, 98.3756345177665, 98.57868020304569, 98.78172588832489, 98.98477157360408, 99.18781725888327, 100.00000000000003]
[83.65482233502539, 93.6040609137056, 96.8527918781726, 98.3756345177665, 98.57868020304569, 98.78172588832489, 98.98477157360408, 99.18781725888327, 100.00000000000003]
[83.65482233502539, 93.6040609137056, 96.8527918781726, 98.3756345177665, 98.57868020304569, 98.78172588832489, 98.98477157360408, 99.18781725888327, 100.00000000000003]
[83.65482233502539, 93.6040609137056, 96.8527918781726, 98.3756345177665, 98.57868020304569, 98.78172588832489, 98.98477157360408, 99.18781725888327, 100.00000000000003]
[83.65482233502539, 93.6040609137056, 96.8527918781726, 98.3756345177665, 98.57868020304569, 98.78172588832489, 98.98477157360408, 99.18781725888327, 100.00000000000003]
[83.65482233502539, 93.6040609137056, 96.8527918781726, 98.3756345177665, 98.57868020304569, 98.78172588832489, 98.98477157360408, 99.18781725888327, 100.00000000000003]
[83.65482233502539, 93.6040609137056, 96.8527918781726, 98.3756345177665, 98.57868020304569, 98.78172588832489, 98.98477157360408, 99.18781725888327, 100.00000000000003]
[83.65482233502539, 93.6040609137056, 96.8527918781726, 98.3756345177665, 98.57868020304569, 98.78172588832489, 98.98477157360408, 99.18781725888327, 100.00000000000003]
[83.65482233502539, 93.6040609137056, 96.8527918781726, 98.3756345177665, 98.57868020304569, 98.78172588832489, 98.98477157360408, 99.18781725888327, 100.00000000000003]
[83.65482233502539, 93.6040609137056, 96.8527918781726, 98.3756345177665, 98.57868020304569, 98.78172588832489, 98.98477157360408, 99.18781725888327, 100.00000000000003]
[83.65482233502539, 93.6040609137056, 96.8527918781726, 98.3756345177665, 98.57868020304569, 98.78172588832489, 98.98477157360408, 99.18781725888327, 100.00000000000003]
[83.65482233502539, 93.6040609137056, 96.8527918781726, 98.3756345177665, 98.57868020304569, 98.78172588832489, 98.98477157360408, 99.18781725888327, 100.00000000000003]
[83.65482233502539, 93.6040609137056, 96.8527918781726, 98.3756345177665, 98.57868020304569, 98.78172588832489, 98.98477157360408, 99.18781725888327, 100.00000000000003]
[83.65482233502539, 93.6040609137056, 96.8527918781726, 98.3756345177665, 98.57868020304569, 98.78172588832489, 98.98477157360408, 99.18781725888327, 100.00000000000003]
[83.65482233502539, 93.6040609137056, 96.8527918781726, 98.3756345177665, 98.57868020304569, 98.78172588832489, 98.98477157360408, 99.18781725888327, 100.00000000000003]
[83.65482233502539, 93.6040609137056, 96.8527918781726, 98.3756345177665, 98.57868020304569, 98.78172588832489, 98.98477157360408, 99.18781725888327, 100.00000000000003]
[83.65482233502539, 93.6040609137056, 96.8527918781726, 98.3756345177665, 98.57868020304569, 98.78172588832489, 98.98477157360408, 99.18781725888327, 100.00000000000003]
[83.65482233502539, 93.6040609137056, 96.8527918781726, 98.3756345177665, 98.57868020304569, 98.78172588832489, 98.98477157360408, 99.18781725888327, 100.00000000000003]
[83.65482233502539, 93.6040609137056, 96.8527918781726, 98.3756345177665, 98.57868020304569, 98.78172588832489, 98.98477157360408, 99.18781725888327, 100.00000000000003]
[83.65482233502539, 93.6040609137056, 96.8527918781726, 98.3756345177665, 98.57868020304569, 98.78172588832489, 98.98477157360408, 99.18781725888327, 100.00000000000003]
[83.65482233502539, 93.6040609137056, 96.8527918781726, 98.3756345177665, 98.57868020304569, 98.78172588832489, 98.98477157360408, 99.18781725888327, 100.00000000000003]
[83.65482233502539, 93.6040609137056, 96.8527918781726, 98.3756345177665, 98.57868020304569, 98.78172588832489, 98.98477157360408, 99.18781725888327, 100.00000000000003]
[83.65482233502539, 93.6040609137056, 96.8527918781726, 98.3756345177665, 98.57868020304569, 98.78172588832489, 98.98477157360408, 99.18781725888327, 100.00000000000003]
[83.65482233502539, 93.6040609137056, 96.8527918781726, 98.3756345177665, 98.57868020304569, 98.78172588832489, 98.98477157360408, 99.18781725888327, 100.00000000000003]
[83.65482233502539, 93.6040609137056, 96.8527918781726, 98.3756345177665, 98.57868020304569, 98.78172588832489, 98.98477157360408, 99.18781725888327, 100.00000000000003]
[82.43654822335026, 95.2284263959391, 98.27411167512692, 98.47715736040611, 98.6802030456853, 98.8832487309645, 99.08629441624369, 100.00000000000003]
[82.43654822335026, 95.2284263959391, 98.27411167512692, 98.47715736040611, 98.6802030456853, 98.8832487309645, 99.08629441624369, 100.00000000000003]
[82.43654822335026, 95.2284263959391, 98.27411167512692, 98.47715736040611, 98.6802030456853, 98.8832487309645, 99.08629441624369, 100.00000000000003]
[82.43654822335026, 95.2284263959391, 98.27411167512692, 98.47715736040611, 98.6802030456853, 98.8832487309645, 99.08629441624369, 100.00000000000003]
[82.43654822335026, 95.2284263959391, 98.27411167512692, 98.47715736040611, 98.6802030456853, 98.8832487309645, 99.08629441624369, 100.00000000000003]
[82.43654822335026, 95.2284263959391, 98.27411167512692, 98.47715736040611, 98.6802030456853, 98.8832487309645, 99.08629441624369, 100.00000000000003]
[82.43654822335026, 95.2284263959391, 98.27411167512692, 98.47715736040611, 98.6802030456853, 98.8832487309645, 99.08629441624369, 100.00000000000003]
[82.43654822335026, 95.2284263959391, 98.27411167512692, 98.47715736040611, 98.6802030456853, 98.8832487309645, 99.08629441624369, 100.00000000000003]
[82.43654822335026, 95.2284263959391, 98.27411167512692, 98.47715736040611, 98.6802030456853, 98.8832487309645, 99.08629441624369, 100.00000000000003]
[82.43654822335026, 95.2284263959391, 98.27411167512692, 98.47715736040611, 98.6802030456853, 98.8832487309645, 99.08629441624369, 100.00000000000003]
[82.43654822335026, 95.2284263959391, 98.27411167512692, 98.47715736040611, 98.6802030456853, 98.8832487309645, 99.08629441624369, 100.00000000000003]
[82.43654822335026, 95.2284263959391, 98.27411167512692, 98.47715736040611, 98.6802030456853, 98.8832487309645, 99.08629441624369, 100.00000000000003]
[82.43654822335026, 95.2284263959391, 98.27411167512692, 98.47715736040611, 98.6802030456853, 98.8832487309645, 99.08629441624369, 100.00000000000003]
[82.43654822335026, 95.2284263959391, 98.27411167512692, 98.47715736040611, 98.6802030456853, 98.8832487309645, 99.08629441624369, 100.00000000000003]
[82.43654822335026, 95.2284263959391, 98.27411167512692, 98.47715736040611, 98.6802030456853, 98.8832487309645, 99.08629441624369, 100.00000000000003]
[82.43654822335026, 95.2284263959391, 98.27411167512692, 98.47715736040611, 98.6802030456853, 98.8832487309645, 99.08629441624369, 100.00000000000003]
[82.43654822335026, 95.2284263959391, 98.27411167512692, 98.47715736040611, 98.6802030456853, 98.8832487309645, 99.08629441624369, 100.00000000000003]
[82.43654822335026, 95.2284263959391, 98.27411167512692, 98.47715736040611, 98.6802030456853, 98.8832487309645, 99.08629441624369, 100.00000000000003]
[82.43654822335026, 95.2284263959391, 98.27411167512692, 98.47715736040611, 98.6802030456853, 98.8832487309645, 99.08629441624369, 100.00000000000003]
[82.43654822335026, 95.2284263959391, 98.27411167512692, 98.47715736040611, 98.6802030456853, 98.8832487309645, 99.08629441624369, 100.00000000000003]
[82.43654822335026, 95.2284263959391, 98.27411167512692, 98.47715736040611, 98.6802030456853, 98.8832487309645, 99.08629441624369, 100.00000000000003]
[82.43654822335026, 95.2284263959391, 98.27411167512692, 98.47715736040611, 98.6802030456853, 98.8832487309645, 99.08629441624369, 100.00000000000003]
[82.43654822335026, 95.2284263959391, 98.27411167512692, 98.47715736040611, 98.6802030456853, 98.8832487309645, 99.08629441624369, 100.00000000000003]
[82.43654822335026, 95.2284263959391, 98.27411167512692, 98.47715736040611, 98.6802030456853, 98.8832487309645, 99.08629441624369, 100.00000000000003]
[82.43654822335026, 95.2284263959391, 98.27411167512692, 98.47715736040611, 98.6802030456853, 98.8832487309645, 99.08629441624369, 100.00000000000003]
[82.43654822335026, 95.2284263959391, 98.27411167512692, 98.47715736040611, 98.6802030456853, 98.8832487309645, 99.08629441624369, 100.00000000000003]
[82.43654822335026, 95.2284263959391, 98.27411167512692, 98.47715736040611, 98.6802030456853, 98.8832487309645, 99.08629441624369, 100.00000000000003]
[82.43654822335026, 95.2284263959391, 98.27411167512692, 98.47715736040611, 98.6802030456853, 98.8832487309645, 99.08629441624369, 100.00000000000003]
[82.43654822335026, 95.2284263959391, 98.27411167512692, 98.47715736040611, 98.6802030456853, 98.8832487309645, 99.08629441624369, 100.00000000000003]
[82.43654822335026, 95.2284263959391, 98.27411167512692, 98.47715736040611, 98.6802030456853, 98.8832487309645, 99.08629441624369, 100.00000000000003]
[82.43654822335026, 95.2284263959391, 98.27411167512692, 98.47715736040611, 98.6802030456853, 98.8832487309645, 99.08629441624369, 100.00000000000003]
[82.43654822335026, 95.2284263959391, 98.27411167512692, 98.47715736040611, 98.6802030456853, 98.8832487309645, 99.08629441624369, 100.00000000000003]
[82.43654822335026, 95.2284263959391, 98.27411167512692, 98.47715736040611, 98.6802030456853, 98.8832487309645, 99.08629441624369, 100.00000000000003]
[82.43654822335026, 95.2284263959391, 98.27411167512692, 98.47715736040611, 98.6802030456853, 98.8832487309645, 99.08629441624369, 100.00000000000003]
[82.43654822335026, 95.2284263959391, 98.27411167512692, 98.47715736040611, 98.6802030456853, 98.8832487309645, 99.08629441624369, 100.00000000000003]
[82.43654822335026, 95.2284263959391, 98.27411167512692, 98.47715736040611, 98.6802030456853, 98.8832487309645, 99.08629441624369, 100.00000000000003]
[82.43654822335026, 95.2284263959391, 98.27411167512692, 98.47715736040611, 98.6802030456853, 98.8832487309645, 99.08629441624369, 100.00000000000003]
[82.43654822335026, 95.2284263959391, 98.27411167512692, 98.47715736040611, 98.6802030456853, 98.8832487309645, 99.08629441624369, 100.00000000000003]
[82.43654822335026, 95.2284263959391, 98.27411167512692, 98.47715736040611, 98.6802030456853, 98.8832487309645, 99.08629441624369, 100.00000000000003]
[82.43654822335026, 95.2284263959391, 98.27411167512692, 98.47715736040611, 98.6802030456853, 98.8832487309645, 99.08629441624369, 100.00000000000003]
[82.43654822335026, 95.2284263959391, 98.27411167512692, 98.47715736040611, 98.6802030456853, 98.8832487309645, 99.08629441624369, 100.00000000000003]
[82.43654822335026, 95.2284263959391, 98.27411167512692, 98.47715736040611, 98.6802030456853, 98.8832487309645, 99.08629441624369, 100.00000000000003]
[90.76142131979695, 94.41624365482234, 95.0253807106599, 95.63451776649747, 96.24365482233503, 96.8527918781726, 99.08629441624366, 100.0]
[90.76142131979695, 94.41624365482234, 95.0253807106599, 95.63451776649747, 96.24365482233503, 96.8527918781726, 99.08629441624366, 100.0]
[90.76142131979695, 94.41624365482234, 95.0253807106599, 95.63451776649747, 96.24365482233503, 96.8527918781726, 99.08629441624366, 100.0]
[90.76142131979695, 94.41624365482234, 95.0253807106599, 95.63451776649747, 96.24365482233503, 96.8527918781726, 99.08629441624366, 100.0]
[90.76142131979695, 94.41624365482234, 95.0253807106599, 95.63451776649747, 96.24365482233503, 96.8527918781726, 99.08629441624366, 100.0]
[90.76142131979695, 94.41624365482234, 95.0253807106599, 95.63451776649747, 96.24365482233503, 96.8527918781726, 99.08629441624366, 100.0]
[90.76142131979695, 94.41624365482234, 95.0253807106599, 95.63451776649747, 96.24365482233503, 96.8527918781726, 99.08629441624366, 100.0]
[90.76142131979695, 94.41624365482234, 95.0253807106599, 95.63451776649747, 96.24365482233503, 96.8527918781726, 99.08629441624366, 100.0]
[90.76142131979695, 94.41624365482234, 95.0253807106599, 95.63451776649747, 96.24365482233503, 96.8527918781726, 99.08629441624366, 100.0]
[90.76142131979695, 94.41624365482234, 95.0253807106599, 95.63451776649747, 96.24365482233503, 96.8527918781726, 99.08629441624366, 100.0]
[90.76142131979695, 94.41624365482234, 95.0253807106599, 95.63451776649747, 96.24365482233503, 96.8527918781726, 99.08629441624366, 100.0]
[90.76142131979695, 94.41624365482234, 95.0253807106599, 95.63451776649747, 96.24365482233503, 96.8527918781726, 99.08629441624366, 100.0]
[90.76142131979695, 94.41624365482234, 95.0253807106599, 95.63451776649747, 96.24365482233503, 96.8527918781726, 99.08629441624366, 100.0]
[90.76142131979695, 94.41624365482234, 95.0253807106599, 95.63451776649747, 96.24365482233503, 96.8527918781726, 99.08629441624366, 100.0]
[90.76142131979695, 94.41624365482234, 95.0253807106599, 95.63451776649747, 96.24365482233503, 96.8527918781726, 99.08629441624366, 100.0]
[90.76142131979695, 94.41624365482234, 95.0253807106599, 95.63451776649747, 96.24365482233503, 96.8527918781726, 99.08629441624366, 100.0]
[90.76142131979695, 94.41624365482234, 95.0253807106599, 95.63451776649747, 96.24365482233503, 96.8527918781726, 99.08629441624366, 100.0]
[90.76142131979695, 94.41624365482234, 95.0253807106599, 95.63451776649747, 96.24365482233503, 96.8527918781726, 99.08629441624366, 100.0]
[90.76142131979695, 94.41624365482234, 95.0253807106599, 95.63451776649747, 96.24365482233503, 96.8527918781726, 99.08629441624366, 100.0]
[90.76142131979695, 94.41624365482234, 95.0253807106599, 95.63451776649747, 96.24365482233503, 96.8527918781726, 99.08629441624366, 100.0]
[90.76142131979695, 94.41624365482234, 95.0253807106599, 95.63451776649747, 96.24365482233503, 96.8527918781726, 99.08629441624366, 100.0]
[90.76142131979695, 94.41624365482234, 95.0253807106599, 95.63451776649747, 96.24365482233503, 96.8527918781726, 99.08629441624366, 100.0]
[90.76142131979695, 94.41624365482234, 95.0253807106599, 95.63451776649747, 96.24365482233503, 96.8527918781726, 99.08629441624366, 100.0]
[90.76142131979695, 94.41624365482234, 95.0253807106599, 95.63451776649747, 96.24365482233503, 96.8527918781726, 99.08629441624366, 100.0]
[90.76142131979695, 94.41624365482234, 95.0253807106599, 95.63451776649747, 96.24365482233503, 96.8527918781726, 99.08629441624366, 100.0]
[90.76142131979695, 94.41624365482234, 95.0253807106599, 95.63451776649747, 96.24365482233503, 96.8527918781726, 99.08629441624366, 100.0]
[90.76142131979695, 94.41624365482234, 95.0253807106599, 95.63451776649747, 96.24365482233503, 96.8527918781726, 99.08629441624366, 100.0]
[90.76142131979695, 94.41624365482234, 95.0253807106599, 95.63451776649747, 96.24365482233503, 96.8527918781726, 99.08629441624366, 100.0]
[90.76142131979695, 94.41624365482234, 95.0253807106599, 95.63451776649747, 96.24365482233503, 96.8527918781726, 99.08629441624366, 100.0]
[90.76142131979695, 94.41624365482234, 95.0253807106599, 95.63451776649747, 96.24365482233503, 96.8527918781726, 99.08629441624366, 100.0]
[90.76142131979695, 94.41624365482234, 95.0253807106599, 95.63451776649747, 96.24365482233503, 96.8527918781726, 99.08629441624366, 100.0]
[90.76142131979695, 94.41624365482234, 95.0253807106599, 95.63451776649747, 96.24365482233503, 96.8527918781726, 99.08629441624366, 100.0]
[90.76142131979695, 94.41624365482234, 95.0253807106599, 95.63451776649747, 96.24365482233503, 96.8527918781726, 99.08629441624366, 100.0]
[90.76142131979695, 94.41624365482234, 95.0253807106599, 95.63451776649747, 96.24365482233503, 96.8527918781726, 99.08629441624366, 100.0]
[90.76142131979695, 94.41624365482234, 95.0253807106599, 95.63451776649747, 96.24365482233503, 96.8527918781726, 99.08629441624366, 100.0]
[90.76142131979695, 94.41624365482234, 95.0253807106599, 95.63451776649747, 96.24365482233503, 96.8527918781726, 99.08629441624366, 100.0]
[90.76142131979695, 94.41624365482234, 95.0253807106599, 95.63451776649747, 96.24365482233503, 96.8527918781726, 99.08629441624366, 100.0]
[90.76142131979695, 94.41624365482234, 95.0253807106599, 95.63451776649747, 96.24365482233503, 96.8527918781726, 99.08629441624366, 100.0]
[90.76142131979695, 94.41624365482234, 95.0253807106599, 95.63451776649747, 96.24365482233503, 96.8527918781726, 99.08629441624366, 100.0]
[90.76142131979695, 94.41624365482234, 95.0253807106599, 95.63451776649747, 96.24365482233503, 96.8527918781726, 99.08629441624366, 100.0]
[90.76142131979695, 94.41624365482234, 95.0253807106599, 95.63451776649747, 96.24365482233503, 96.8527918781726, 99.08629441624366, 100.0]
[90.76142131979695, 94.41624365482234, 95.0253807106599, 95.63451776649747, 96.24365482233503, 96.8527918781726, 99.08629441624366, 100.0]
[90.76142131979695, 94.41624365482234, 95.0253807106599, 95.63451776649747, 96.24365482233503, 96.8527918781726, 99.08629441624366, 100.0]
[90.76142131979695, 94.41624365482234, 95.0253807106599, 95.63451776649747, 96.24365482233503, 96.8527918781726, 99.08629441624366, 100.0]
[90.76142131979695, 94.41624365482234, 95.0253807106599, 95.63451776649747, 96.24365482233503, 96.8527918781726, 99.08629441624366, 100.0]
[90.76142131979695, 94.41624365482234, 95.0253807106599, 95.63451776649747, 96.24365482233503, 96.8527918781726, 99.08629441624366, 100.0]
[90.76142131979695, 94.41624365482234, 95.0253807106599, 95.63451776649747, 96.24365482233503, 96.8527918781726, 99.08629441624366, 100.0]
[90.76142131979695, 94.41624365482234, 95.0253807106599, 95.63451776649747, 96.24365482233503, 96.8527918781726, 99.08629441624366, 100.0]
[93.50253807106598, 96.95431472081218, 97.36040609137055, 99.99999999999999]
[93.50253807106598, 96.95431472081218, 97.36040609137055, 99.99999999999999]
[93.50253807106598, 96.95431472081218, 97.36040609137055, 99.99999999999999]
[93.50253807106598, 96.95431472081218, 97.36040609137055, 99.99999999999999]
[93.50253807106598, 96.95431472081218, 97.36040609137055, 99.99999999999999]
[93.50253807106598, 96.95431472081218, 97.36040609137055, 99.99999999999999]
[93.50253807106598, 96.95431472081218, 97.36040609137055, 99.99999999999999]
[93.50253807106598, 96.95431472081218, 97.36040609137055, 99.99999999999999]
[93.50253807106598, 96.95431472081218, 97.36040609137055, 99.99999999999999]
[93.50253807106598, 96.95431472081218, 97.36040609137055, 99.99999999999999]
[93.50253807106598, 96.95431472081218, 97.36040609137055, 99.99999999999999]
[93.50253807106598, 96.95431472081218, 97.36040609137055, 99.99999999999999]
[93.50253807106598, 96.95431472081218, 97.36040609137055, 99.99999999999999]
[93.50253807106598, 96.95431472081218, 97.36040609137055, 99.99999999999999]
[93.50253807106598, 96.95431472081218, 97.36040609137055, 99.99999999999999]
[93.50253807106598, 96.95431472081218, 97.36040609137055, 99.99999999999999]
[93.50253807106598, 96.95431472081218, 97.36040609137055, 99.99999999999999]
[93.50253807106598, 96.95431472081218, 97.36040609137055, 99.99999999999999]
[93.50253807106598, 96.95431472081218, 97.36040609137055, 99.99999999999999]
[93.50253807106598, 96.95431472081218, 97.36040609137055, 99.99999999999999]
[93.50253807106598, 96.95431472081218, 97.36040609137055, 99.99999999999999]
[93.50253807106598, 96.95431472081218, 97.36040609137055, 99.99999999999999]
[93.50253807106598, 96.95431472081218, 97.36040609137055, 99.99999999999999]
[93.50253807106598, 96.95431472081218, 97.36040609137055, 99.99999999999999]
[93.50253807106598, 96.95431472081218, 97.36040609137055, 99.99999999999999]
[93.50253807106598, 96.95431472081218, 97.36040609137055, 99.99999999999999]
[93.50253807106598, 96.95431472081218, 97.36040609137055, 99.99999999999999]
[93.50253807106598, 96.95431472081218, 97.36040609137055, 99.99999999999999]
[93.50253807106598, 96.95431472081218, 97.36040609137055, 99.99999999999999]
[93.50253807106598, 96.95431472081218, 97.36040609137055, 99.99999999999999]
[93.50253807106598, 96.95431472081218, 97.36040609137055, 99.99999999999999]
[93.50253807106598, 96.95431472081218, 97.36040609137055, 99.99999999999999]
[93.50253807106598, 96.95431472081218, 97.36040609137055, 99.99999999999999]
[93.50253807106598, 96.95431472081218, 97.36040609137055, 99.99999999999999]
[93.50253807106598, 96.95431472081218, 97.36040609137055, 99.99999999999999]
[93.50253807106598, 96.95431472081218, 97.36040609137055, 99.99999999999999]
[93.50253807106598, 96.95431472081218, 97.36040609137055, 99.99999999999999]
[93.50253807106598, 96.95431472081218, 97.36040609137055, 99.99999999999999]
[93.50253807106598, 96.95431472081218, 97.36040609137055, 99.99999999999999]
[93.50253807106598, 96.95431472081218, 97.36040609137055, 99.99999999999999]
[93.50253807106598, 96.95431472081218, 97.36040609137055, 99.99999999999999]
[93.50253807106598, 96.95431472081218, 97.36040609137055, 99.99999999999999]
[93.50253807106598, 96.95431472081218, 97.36040609137055, 99.99999999999999]
[93.50253807106598, 96.95431472081218, 97.36040609137055, 99.99999999999999]
[93.50253807106598, 96.95431472081218, 97.36040609137055, 99.99999999999999]
[93.50253807106598, 96.95431472081218, 97.36040609137055, 99.99999999999999]
[93.50253807106598, 96.95431472081218, 97.36040609137055, 99.99999999999999]
[93.50253807106598, 96.95431472081218, 97.36040609137055, 99.99999999999999]
[93.50253807106598, 96.95431472081218, 97.36040609137055, 99.99999999999999]
[93.50253807106598, 96.95431472081218, 97.36040609137055, 99.99999999999999]
[93.50253807106598, 96.95431472081218, 97.36040609137055, 99.99999999999999]
[90.55837563451776, 94.41624365482232, 96.34517766497461, 97.96954314720811, 98.27411167512689, 98.57868020304566, 98.88324873096444, 99.89847715736038, 99.99999999999997]
[90.55837563451776, 94.41624365482232, 96.34517766497461, 97.96954314720811, 98.27411167512689, 98.57868020304566, 98.88324873096444, 99.89847715736038, 99.99999999999997]
[90.55837563451776, 94.41624365482232, 96.34517766497461, 97.96954314720811, 98.27411167512689, 98.57868020304566, 98.88324873096444, 99.89847715736038, 99.99999999999997]
[90.55837563451776, 94.41624365482232, 96.34517766497461, 97.96954314720811, 98.27411167512689, 98.57868020304566, 98.88324873096444, 99.89847715736038, 99.99999999999997]
[90.55837563451776, 94.41624365482232, 96.34517766497461, 97.96954314720811, 98.27411167512689, 98.57868020304566, 98.88324873096444, 99.89847715736038, 99.99999999999997]
[90.55837563451776, 94.41624365482232, 96.34517766497461, 97.96954314720811, 98.27411167512689, 98.57868020304566, 98.88324873096444, 99.89847715736038, 99.99999999999997]
[90.55837563451776, 94.41624365482232, 96.34517766497461, 97.96954314720811, 98.27411167512689, 98.57868020304566, 98.88324873096444, 99.89847715736038, 99.99999999999997]
[90.55837563451776, 94.41624365482232, 96.34517766497461, 97.96954314720811, 98.27411167512689, 98.57868020304566, 98.88324873096444, 99.89847715736038, 99.99999999999997]
[90.55837563451776, 94.41624365482232, 96.34517766497461, 97.96954314720811, 98.27411167512689, 98.57868020304566, 98.88324873096444, 99.89847715736038, 99.99999999999997]
[90.55837563451776, 94.41624365482232, 96.34517766497461, 97.96954314720811, 98.27411167512689, 98.57868020304566, 98.88324873096444, 99.89847715736038, 99.99999999999997]
[90.55837563451776, 94.41624365482232, 96.34517766497461, 97.96954314720811, 98.27411167512689, 98.57868020304566, 98.88324873096444, 99.89847715736038, 99.99999999999997]
[90.55837563451776, 94.41624365482232, 96.34517766497461, 97.96954314720811, 98.27411167512689, 98.57868020304566, 98.88324873096444, 99.89847715736038, 99.99999999999997]
[90.55837563451776, 94.41624365482232, 96.34517766497461, 97.96954314720811, 98.27411167512689, 98.57868020304566, 98.88324873096444, 99.89847715736038, 99.99999999999997]
[90.55837563451776, 94.41624365482232, 96.34517766497461, 97.96954314720811, 98.27411167512689, 98.57868020304566, 98.88324873096444, 99.89847715736038, 99.99999999999997]
[90.55837563451776, 94.41624365482232, 96.34517766497461, 97.96954314720811, 98.27411167512689, 98.57868020304566, 98.88324873096444, 99.89847715736038, 99.99999999999997]
[90.55837563451776, 94.41624365482232, 96.34517766497461, 97.96954314720811, 98.27411167512689, 98.57868020304566, 98.88324873096444, 99.89847715736038, 99.99999999999997]
[90.55837563451776, 94.41624365482232, 96.34517766497461, 97.96954314720811, 98.27411167512689, 98.57868020304566, 98.88324873096444, 99.89847715736038, 99.99999999999997]
[90.55837563451776, 94.41624365482232, 96.34517766497461, 97.96954314720811, 98.27411167512689, 98.57868020304566, 98.88324873096444, 99.89847715736038, 99.99999999999997]
[90.55837563451776, 94.41624365482232, 96.34517766497461, 97.96954314720811, 98.27411167512689, 98.57868020304566, 98.88324873096444, 99.89847715736038, 99.99999999999997]
[90.55837563451776, 94.41624365482232, 96.34517766497461, 97.96954314720811, 98.27411167512689, 98.57868020304566, 98.88324873096444, 99.89847715736038, 99.99999999999997]
[90.55837563451776, 94.41624365482232, 96.34517766497461, 97.96954314720811, 98.27411167512689, 98.57868020304566, 98.88324873096444, 99.89847715736038, 99.99999999999997]
[90.55837563451776, 94.41624365482232, 96.34517766497461, 97.96954314720811, 98.27411167512689, 98.57868020304566, 98.88324873096444, 99.89847715736038, 99.99999999999997]
[90.55837563451776, 94.41624365482232, 96.34517766497461, 97.96954314720811, 98.27411167512689, 98.57868020304566, 98.88324873096444, 99.89847715736038, 99.99999999999997]
[90.55837563451776, 94.41624365482232, 96.34517766497461, 97.96954314720811, 98.27411167512689, 98.57868020304566, 98.88324873096444, 99.89847715736038, 99.99999999999997]
[90.55837563451776, 94.41624365482232, 96.34517766497461, 97.96954314720811, 98.27411167512689, 98.57868020304566, 98.88324873096444, 99.89847715736038, 99.99999999999997]
[90.55837563451776, 94.41624365482232, 96.34517766497461, 97.96954314720811, 98.27411167512689, 98.57868020304566, 98.88324873096444, 99.89847715736038, 99.99999999999997]
[90.55837563451776, 94.41624365482232, 96.34517766497461, 97.96954314720811, 98.27411167512689, 98.57868020304566, 98.88324873096444, 99.89847715736038, 99.99999999999997]
[90.55837563451776, 94.41624365482232, 96.34517766497461, 97.96954314720811, 98.27411167512689, 98.57868020304566, 98.88324873096444, 99.89847715736038, 99.99999999999997]
[90.55837563451776, 94.41624365482232, 96.34517766497461, 97.96954314720811, 98.27411167512689, 98.57868020304566, 98.88324873096444, 99.89847715736038, 99.99999999999997]
[90.55837563451776, 94.41624365482232, 96.34517766497461, 97.96954314720811, 98.27411167512689, 98.57868020304566, 98.88324873096444, 99.89847715736038, 99.99999999999997]
[90.55837563451776, 94.41624365482232, 96.34517766497461, 97.96954314720811, 98.27411167512689, 98.57868020304566, 98.88324873096444, 99.89847715736038, 99.99999999999997]
[90.55837563451776, 94.41624365482232, 96.34517766497461, 97.96954314720811, 98.27411167512689, 98.57868020304566, 98.88324873096444, 99.89847715736038, 99.99999999999997]
[90.55837563451776, 94.41624365482232, 96.34517766497461, 97.96954314720811, 98.27411167512689, 98.57868020304566, 98.88324873096444, 99.89847715736038, 99.99999999999997]
[90.55837563451776, 94.41624365482232, 96.34517766497461, 97.96954314720811, 98.27411167512689, 98.57868020304566, 98.88324873096444, 99.89847715736038, 99.99999999999997]
[90.55837563451776, 94.41624365482232, 96.34517766497461, 97.96954314720811, 98.27411167512689, 98.57868020304566, 98.88324873096444, 99.89847715736038, 99.99999999999997]
[87.91878172588832, 94.51776649746193, 95.63451776649747, 96.14213197969544, 97.25888324873097, 97.66497461928934, 98.68020304568527, 99.79695431472081, 100.0]
[87.91878172588832, 94.51776649746193, 95.63451776649747, 96.14213197969544, 97.25888324873097, 97.66497461928934, 98.68020304568527, 99.79695431472081, 100.0]
[87.91878172588832, 94.51776649746193, 95.63451776649747, 96.14213197969544, 97.25888324873097, 97.66497461928934, 98.68020304568527, 99.79695431472081, 100.0]
[87.91878172588832, 94.51776649746193, 95.63451776649747, 96.14213197969544, 97.25888324873097, 97.66497461928934, 98.68020304568527, 99.79695431472081, 100.0]
[87.91878172588832, 94.51776649746193, 95.63451776649747, 96.14213197969544, 97.25888324873097, 97.66497461928934, 98.68020304568527, 99.79695431472081, 100.0]
[87.91878172588832, 94.51776649746193, 95.63451776649747, 96.14213197969544, 97.25888324873097, 97.66497461928934, 98.68020304568527, 99.79695431472081, 100.0]
[87.91878172588832, 94.51776649746193, 95.63451776649747, 96.14213197969544, 97.25888324873097, 97.66497461928934, 98.68020304568527, 99.79695431472081, 100.0]
[87.91878172588832, 94.51776649746193, 95.63451776649747, 96.14213197969544, 97.25888324873097, 97.66497461928934, 98.68020304568527, 99.79695431472081, 100.0]
[87.91878172588832, 94.51776649746193, 95.63451776649747, 96.14213197969544, 97.25888324873097, 97.66497461928934, 98.68020304568527, 99.79695431472081, 100.0]
[87.91878172588832, 94.51776649746193, 95.63451776649747, 96.14213197969544, 97.25888324873097, 97.66497461928934, 98.68020304568527, 99.79695431472081, 100.0]
[87.91878172588832, 94.51776649746193, 95.63451776649747, 96.14213197969544, 97.25888324873097, 97.66497461928934, 98.68020304568527, 99.79695431472081, 100.0]
[87.91878172588832, 94.51776649746193, 95.63451776649747, 96.14213197969544, 97.25888324873097, 97.66497461928934, 98.68020304568527, 99.79695431472081, 100.0]
[87.91878172588832, 94.51776649746193, 95.63451776649747, 96.14213197969544, 97.25888324873097, 97.66497461928934, 98.68020304568527, 99.79695431472081, 100.0]
[87.91878172588832, 94.51776649746193, 95.63451776649747, 96.14213197969544, 97.25888324873097, 97.66497461928934, 98.68020304568527, 99.79695431472081, 100.0]
[87.91878172588832, 94.51776649746193, 95.63451776649747, 96.14213197969544, 97.25888324873097, 97.66497461928934, 98.68020304568527, 99.79695431472081, 100.0]
[87.91878172588832, 94.51776649746193, 95.63451776649747, 96.14213197969544, 97.25888324873097, 97.66497461928934, 98.68020304568527, 99.79695431472081, 100.0]
[87.91878172588832, 94.51776649746193, 95.63451776649747, 96.14213197969544, 97.25888324873097, 97.66497461928934, 98.68020304568527, 99.79695431472081, 100.0]
[87.91878172588832, 94.51776649746193, 95.63451776649747, 96.14213197969544, 97.25888324873097, 97.66497461928934, 98.68020304568527, 99.79695431472081, 100.0]
[87.91878172588832, 94.51776649746193, 95.63451776649747, 96.14213197969544, 97.25888324873097, 97.66497461928934, 98.68020304568527, 99.79695431472081, 100.0]
[87.91878172588832, 94.51776649746193, 95.63451776649747, 96.14213197969544, 97.25888324873097, 97.66497461928934, 98.68020304568527, 99.79695431472081, 100.0]
[87.91878172588832, 94.51776649746193, 95.63451776649747, 96.14213197969544, 97.25888324873097, 97.66497461928934, 98.68020304568527, 99.79695431472081, 100.0]
[87.91878172588832, 94.51776649746193, 95.63451776649747, 96.14213197969544, 97.25888324873097, 97.66497461928934, 98.68020304568527, 99.79695431472081, 100.0]
[87.91878172588832, 94.51776649746193, 95.63451776649747, 96.14213197969544, 97.25888324873097, 97.66497461928934, 98.68020304568527, 99.79695431472081, 100.0]
[87.91878172588832, 94.51776649746193, 95.63451776649747, 96.14213197969544, 97.25888324873097, 97.66497461928934, 98.68020304568527, 99.79695431472081, 100.0]
[87.91878172588832, 94.51776649746193, 95.63451776649747, 96.14213197969544, 97.25888324873097, 97.66497461928934, 98.68020304568527, 99.79695431472081, 100.0]
[87.91878172588832, 94.51776649746193, 95.63451776649747, 96.14213197969544, 97.25888324873097, 97.66497461928934, 98.68020304568527, 99.79695431472081, 100.0]
[87.91878172588832, 94.51776649746193, 95.63451776649747, 96.14213197969544, 97.25888324873097, 97.66497461928934, 98.68020304568527, 99.79695431472081, 100.0]
[87.91878172588832, 94.51776649746193, 95.63451776649747, 96.14213197969544, 97.25888324873097, 97.66497461928934, 98.68020304568527, 99.79695431472081, 100.0]
[87.91878172588832, 94.51776649746193, 95.63451776649747, 96.14213197969544, 97.25888324873097, 97.66497461928934, 98.68020304568527, 99.79695431472081, 100.0]
[87.91878172588832, 94.51776649746193, 95.63451776649747, 96.14213197969544, 97.25888324873097, 97.66497461928934, 98.68020304568527, 99.79695431472081, 100.0]
[87.91878172588832, 94.51776649746193, 95.63451776649747, 96.14213197969544, 97.25888324873097, 97.66497461928934, 98.68020304568527, 99.79695431472081, 100.0]
[87.91878172588832, 94.51776649746193, 95.63451776649747, 96.14213197969544, 97.25888324873097, 97.66497461928934, 98.68020304568527, 99.79695431472081, 100.0]
[87.91878172588832, 94.51776649746193, 95.63451776649747, 96.14213197969544, 97.25888324873097, 97.66497461928934, 98.68020304568527, 99.79695431472081, 100.0]
[87.91878172588832, 94.51776649746193, 95.63451776649747, 96.14213197969544, 97.25888324873097, 97.66497461928934, 98.68020304568527, 99.79695431472081, 100.0]
[87.91878172588832, 94.51776649746193, 95.63451776649747, 96.14213197969544, 97.25888324873097, 97.66497461928934, 98.68020304568527, 99.79695431472081, 100.0]
[87.91878172588832, 94.51776649746193, 95.63451776649747, 96.14213197969544, 97.25888324873097, 97.66497461928934, 98.68020304568527, 99.79695431472081, 100.0]
[87.91878172588832, 94.51776649746193, 95.63451776649747, 96.14213197969544, 97.25888324873097, 97.66497461928934, 98.68020304568527, 99.79695431472081, 100.0]
[91.16751269035534, 94.82233502538072, 95.43147208121829, 97.15736040609139, 97.56345177664976, 98.88324873096448, 99.08629441624367, 100.00000000000001]
[91.16751269035534, 94.82233502538072, 95.43147208121829, 97.15736040609139, 97.56345177664976, 98.88324873096448, 99.08629441624367, 100.00000000000001]
[91.16751269035534, 94.82233502538072, 95.43147208121829, 97.15736040609139, 97.56345177664976, 98.88324873096448, 99.08629441624367, 100.00000000000001]
[91.16751269035534, 94.82233502538072, 95.43147208121829, 97.15736040609139, 97.56345177664976, 98.88324873096448, 99.08629441624367, 100.00000000000001]
[91.16751269035534, 94.82233502538072, 95.43147208121829, 97.15736040609139, 97.56345177664976, 98.88324873096448, 99.08629441624367, 100.00000000000001]
[91.16751269035534, 94.82233502538072, 95.43147208121829, 97.15736040609139, 97.56345177664976, 98.88324873096448, 99.08629441624367, 100.00000000000001]
[91.16751269035534, 94.82233502538072, 95.43147208121829, 97.15736040609139, 97.56345177664976, 98.88324873096448, 99.08629441624367, 100.00000000000001]
[91.16751269035534, 94.82233502538072, 95.43147208121829, 97.15736040609139, 97.56345177664976, 98.88324873096448, 99.08629441624367, 100.00000000000001]
[91.16751269035534, 94.82233502538072, 95.43147208121829, 97.15736040609139, 97.56345177664976, 98.88324873096448, 99.08629441624367, 100.00000000000001]
[91.16751269035534, 94.82233502538072, 95.43147208121829, 97.15736040609139, 97.56345177664976, 98.88324873096448, 99.08629441624367, 100.00000000000001]
[91.16751269035534, 94.82233502538072, 95.43147208121829, 97.15736040609139, 97.56345177664976, 98.88324873096448, 99.08629441624367, 100.00000000000001]
[91.16751269035534, 94.82233502538072, 95.43147208121829, 97.15736040609139, 97.56345177664976, 98.88324873096448, 99.08629441624367, 100.00000000000001]
[91.16751269035534, 94.82233502538072, 95.43147208121829, 97.15736040609139, 97.56345177664976, 98.88324873096448, 99.08629441624367, 100.00000000000001]
[91.16751269035534, 94.82233502538072, 95.43147208121829, 97.15736040609139, 97.56345177664976, 98.88324873096448, 99.08629441624367, 100.00000000000001]
[91.16751269035534, 94.82233502538072, 95.43147208121829, 97.15736040609139, 97.56345177664976, 98.88324873096448, 99.08629441624367, 100.00000000000001]
[91.16751269035534, 94.82233502538072, 95.43147208121829, 97.15736040609139, 97.56345177664976, 98.88324873096448, 99.08629441624367, 100.00000000000001]
[91.16751269035534, 94.82233502538072, 95.43147208121829, 97.15736040609139, 97.56345177664976, 98.88324873096448, 99.08629441624367, 100.00000000000001]
[91.16751269035534, 94.82233502538072, 95.43147208121829, 97.15736040609139, 97.56345177664976, 98.88324873096448, 99.08629441624367, 100.00000000000001]
[91.16751269035534, 94.82233502538072, 95.43147208121829, 97.15736040609139, 97.56345177664976, 98.88324873096448, 99.08629441624367, 100.00000000000001]
[91.16751269035534, 94.82233502538072, 95.43147208121829, 97.15736040609139, 97.56345177664976, 98.88324873096448, 99.08629441624367, 100.00000000000001]
[91.16751269035534, 94.82233502538072, 95.43147208121829, 97.15736040609139, 97.56345177664976, 98.88324873096448, 99.08629441624367, 100.00000000000001]
[91.16751269035534, 94.82233502538072, 95.43147208121829, 97.15736040609139, 97.56345177664976, 98.88324873096448, 99.08629441624367, 100.00000000000001]
[91.16751269035534, 94.82233502538072, 95.43147208121829, 97.15736040609139, 97.56345177664976, 98.88324873096448, 99.08629441624367, 100.00000000000001]
[91.16751269035534, 94.82233502538072, 95.43147208121829, 97.15736040609139, 97.56345177664976, 98.88324873096448, 99.08629441624367, 100.00000000000001]
[91.16751269035534, 94.82233502538072, 95.43147208121829, 97.15736040609139, 97.56345177664976, 98.88324873096448, 99.08629441624367, 100.00000000000001]
[91.16751269035534, 94.82233502538072, 95.43147208121829, 97.15736040609139, 97.56345177664976, 98.88324873096448, 99.08629441624367, 100.00000000000001]
[91.16751269035534, 94.82233502538072, 95.43147208121829, 97.15736040609139, 97.56345177664976, 98.88324873096448, 99.08629441624367, 100.00000000000001]
[91.16751269035534, 94.82233502538072, 95.43147208121829, 97.15736040609139, 97.56345177664976, 98.88324873096448, 99.08629441624367, 100.00000000000001]
[91.16751269035534, 94.82233502538072, 95.43147208121829, 97.15736040609139, 97.56345177664976, 98.88324873096448, 99.08629441624367, 100.00000000000001]
[91.16751269035534, 94.82233502538072, 95.43147208121829, 97.15736040609139, 97.56345177664976, 98.88324873096448, 99.08629441624367, 100.00000000000001]
[91.16751269035534, 94.82233502538072, 95.43147208121829, 97.15736040609139, 97.56345177664976, 98.88324873096448, 99.08629441624367, 100.00000000000001]
[91.16751269035534, 94.82233502538072, 95.43147208121829, 97.15736040609139, 97.56345177664976, 98.88324873096448, 99.08629441624367, 100.00000000000001]
[91.16751269035534, 94.82233502538072, 95.43147208121829, 97.15736040609139, 97.56345177664976, 98.88324873096448, 99.08629441624367, 100.00000000000001]
[87.51269035532995, 92.89340101522843, 93.70558375634519, 95.63451776649748, 97.25888324873098, 97.66497461928935, 98.88324873096448, 99.08629441624367, 99.28934010152287, 100.00000000000003]
[87.51269035532995, 92.89340101522843, 93.70558375634519, 95.63451776649748, 97.25888324873098, 97.66497461928935, 98.88324873096448, 99.08629441624367, 99.28934010152287, 100.00000000000003]
[87.51269035532995, 92.89340101522843, 93.70558375634519, 95.63451776649748, 97.25888324873098, 97.66497461928935, 98.88324873096448, 99.08629441624367, 99.28934010152287, 100.00000000000003]
[87.51269035532995, 92.89340101522843, 93.70558375634519, 95.63451776649748, 97.25888324873098, 97.66497461928935, 98.88324873096448, 99.08629441624367, 99.28934010152287, 100.00000000000003]
[87.51269035532995, 92.89340101522843, 93.70558375634519, 95.63451776649748, 97.25888324873098, 97.66497461928935, 98.88324873096448, 99.08629441624367, 99.28934010152287, 100.00000000000003]
[87.51269035532995, 92.89340101522843, 93.70558375634519, 95.63451776649748, 97.25888324873098, 97.66497461928935, 98.88324873096448, 99.08629441624367, 99.28934010152287, 100.00000000000003]
[87.51269035532995, 92.89340101522843, 93.70558375634519, 95.63451776649748, 97.25888324873098, 97.66497461928935, 98.88324873096448, 99.08629441624367, 99.28934010152287, 100.00000000000003]
[87.51269035532995, 92.89340101522843, 93.70558375634519, 95.63451776649748, 97.25888324873098, 97.66497461928935, 98.88324873096448, 99.08629441624367, 99.28934010152287, 100.00000000000003]
[87.51269035532995, 92.89340101522843, 93.70558375634519, 95.63451776649748, 97.25888324873098, 97.66497461928935, 98.88324873096448, 99.08629441624367, 99.28934010152287, 100.00000000000003]
[87.51269035532995, 92.89340101522843, 93.70558375634519, 95.63451776649748, 97.25888324873098, 97.66497461928935, 98.88324873096448, 99.08629441624367, 99.28934010152287, 100.00000000000003]
[87.51269035532995, 92.89340101522843, 93.70558375634519, 95.63451776649748, 97.25888324873098, 97.66497461928935, 98.88324873096448, 99.08629441624367, 99.28934010152287, 100.00000000000003]
[87.51269035532995, 92.89340101522843, 93.70558375634519, 95.63451776649748, 97.25888324873098, 97.66497461928935, 98.88324873096448, 99.08629441624367, 99.28934010152287, 100.00000000000003]
[87.51269035532995, 92.89340101522843, 93.70558375634519, 95.63451776649748, 97.25888324873098, 97.66497461928935, 98.88324873096448, 99.08629441624367, 99.28934010152287, 100.00000000000003]
[87.51269035532995, 92.89340101522843, 93.70558375634519, 95.63451776649748, 97.25888324873098, 97.66497461928935, 98.88324873096448, 99.08629441624367, 99.28934010152287, 100.00000000000003]
[87.51269035532995, 92.89340101522843, 93.70558375634519, 95.63451776649748, 97.25888324873098, 97.66497461928935, 98.88324873096448, 99.08629441624367, 99.28934010152287, 100.00000000000003]
[87.51269035532995, 92.89340101522843, 93.70558375634519, 95.63451776649748, 97.25888324873098, 97.66497461928935, 98.88324873096448, 99.08629441624367, 99.28934010152287, 100.00000000000003]
[87.51269035532995, 92.89340101522843, 93.70558375634519, 95.63451776649748, 97.25888324873098, 97.66497461928935, 98.88324873096448, 99.08629441624367, 99.28934010152287, 100.00000000000003]
[87.51269035532995, 92.89340101522843, 93.70558375634519, 95.63451776649748, 97.25888324873098, 97.66497461928935, 98.88324873096448, 99.08629441624367, 99.28934010152287, 100.00000000000003]
[87.51269035532995, 92.89340101522843, 93.70558375634519, 95.63451776649748, 97.25888324873098, 97.66497461928935, 98.88324873096448, 99.08629441624367, 99.28934010152287, 100.00000000000003]
[87.51269035532995, 92.89340101522843, 93.70558375634519, 95.63451776649748, 97.25888324873098, 97.66497461928935, 98.88324873096448, 99.08629441624367, 99.28934010152287, 100.00000000000003]
[87.51269035532995, 92.89340101522843, 93.70558375634519, 95.63451776649748, 97.25888324873098, 97.66497461928935, 98.88324873096448, 99.08629441624367, 99.28934010152287, 100.00000000000003]
[87.51269035532995, 92.89340101522843, 93.70558375634519, 95.63451776649748, 97.25888324873098, 97.66497461928935, 98.88324873096448, 99.08629441624367, 99.28934010152287, 100.00000000000003]
[87.51269035532995, 92.89340101522843, 93.70558375634519, 95.63451776649748, 97.25888324873098, 97.66497461928935, 98.88324873096448, 99.08629441624367, 99.28934010152287, 100.00000000000003]
[87.51269035532995, 92.89340101522843, 93.70558375634519, 95.63451776649748, 97.25888324873098, 97.66497461928935, 98.88324873096448, 99.08629441624367, 99.28934010152287, 100.00000000000003]
[87.51269035532995, 92.89340101522843, 93.70558375634519, 95.63451776649748, 97.25888324873098, 97.66497461928935, 98.88324873096448, 99.08629441624367, 99.28934010152287, 100.00000000000003]
[87.51269035532995, 92.89340101522843, 93.70558375634519, 95.63451776649748, 97.25888324873098, 97.66497461928935, 98.88324873096448, 99.08629441624367, 99.28934010152287, 100.00000000000003]
[87.51269035532995, 92.89340101522843, 93.70558375634519, 95.63451776649748, 97.25888324873098, 97.66497461928935, 98.88324873096448, 99.08629441624367, 99.28934010152287, 100.00000000000003]
[87.51269035532995, 92.89340101522843, 93.70558375634519, 95.63451776649748, 97.25888324873098, 97.66497461928935, 98.88324873096448, 99.08629441624367, 99.28934010152287, 100.00000000000003]
[87.51269035532995, 92.89340101522843, 93.70558375634519, 95.63451776649748, 97.25888324873098, 97.66497461928935, 98.88324873096448, 99.08629441624367, 99.28934010152287, 100.00000000000003]
[87.51269035532995, 92.89340101522843, 93.70558375634519, 95.63451776649748, 97.25888324873098, 97.66497461928935, 98.88324873096448, 99.08629441624367, 99.28934010152287, 100.00000000000003]
[87.51269035532995, 92.89340101522843, 93.70558375634519, 95.63451776649748, 97.25888324873098, 97.66497461928935, 98.88324873096448, 99.08629441624367, 99.28934010152287, 100.00000000000003]
[87.51269035532995, 92.89340101522843, 93.70558375634519, 95.63451776649748, 97.25888324873098, 97.66497461928935, 98.88324873096448, 99.08629441624367, 99.28934010152287, 100.00000000000003]
[87.51269035532995, 92.89340101522843, 93.70558375634519, 95.63451776649748, 97.25888324873098, 97.66497461928935, 98.88324873096448, 99.08629441624367, 99.28934010152287, 100.00000000000003]
[87.51269035532995, 92.89340101522843, 93.70558375634519, 95.63451776649748, 97.25888324873098, 97.66497461928935, 98.88324873096448, 99.08629441624367, 99.28934010152287, 100.00000000000003]
[87.51269035532995, 92.89340101522843, 93.70558375634519, 95.63451776649748, 97.25888324873098, 97.66497461928935, 98.88324873096448, 99.08629441624367, 99.28934010152287, 100.00000000000003]
[87.51269035532995, 92.89340101522843, 93.70558375634519, 95.63451776649748, 97.25888324873098, 97.66497461928935, 98.88324873096448, 99.08629441624367, 99.28934010152287, 100.00000000000003]
[87.51269035532995, 92.89340101522843, 93.70558375634519, 95.63451776649748, 97.25888324873098, 97.66497461928935, 98.88324873096448, 99.08629441624367, 99.28934010152287, 100.00000000000003]
[87.51269035532995, 92.89340101522843, 93.70558375634519, 95.63451776649748, 97.25888324873098, 97.66497461928935, 98.88324873096448, 99.08629441624367, 99.28934010152287, 100.00000000000003]
[89.54314720812184, 94.72081218274113, 96.54822335025382, 96.95431472081219, 97.36040609137056, 97.76649746192894, 98.98477157360406, 99.18781725888326, 100.00000000000001]
[89.54314720812184, 94.72081218274113, 96.54822335025382, 96.95431472081219, 97.36040609137056, 97.76649746192894, 98.98477157360406, 99.18781725888326, 100.00000000000001]
[89.54314720812184, 94.72081218274113, 96.54822335025382, 96.95431472081219, 97.36040609137056, 97.76649746192894, 98.98477157360406, 99.18781725888326, 100.00000000000001]
[89.54314720812184, 94.72081218274113, 96.54822335025382, 96.95431472081219, 97.36040609137056, 97.76649746192894, 98.98477157360406, 99.18781725888326, 100.00000000000001]
[89.54314720812184, 94.72081218274113, 96.54822335025382, 96.95431472081219, 97.36040609137056, 97.76649746192894, 98.98477157360406, 99.18781725888326, 100.00000000000001]
[89.54314720812184, 94.72081218274113, 96.54822335025382, 96.95431472081219, 97.36040609137056, 97.76649746192894, 98.98477157360406, 99.18781725888326, 100.00000000000001]
[89.54314720812184, 94.72081218274113, 96.54822335025382, 96.95431472081219, 97.36040609137056, 97.76649746192894, 98.98477157360406, 99.18781725888326, 100.00000000000001]
[89.54314720812184, 94.72081218274113, 96.54822335025382, 96.95431472081219, 97.36040609137056, 97.76649746192894, 98.98477157360406, 99.18781725888326, 100.00000000000001]
[89.54314720812184, 94.72081218274113, 96.54822335025382, 96.95431472081219, 97.36040609137056, 97.76649746192894, 98.98477157360406, 99.18781725888326, 100.00000000000001]
[89.54314720812184, 94.72081218274113, 96.54822335025382, 96.95431472081219, 97.36040609137056, 97.76649746192894, 98.98477157360406, 99.18781725888326, 100.00000000000001]
[89.54314720812184, 94.72081218274113, 96.54822335025382, 96.95431472081219, 97.36040609137056, 97.76649746192894, 98.98477157360406, 99.18781725888326, 100.00000000000001]
[89.54314720812184, 94.72081218274113, 96.54822335025382, 96.95431472081219, 97.36040609137056, 97.76649746192894, 98.98477157360406, 99.18781725888326, 100.00000000000001]
[89.54314720812184, 94.72081218274113, 96.54822335025382, 96.95431472081219, 97.36040609137056, 97.76649746192894, 98.98477157360406, 99.18781725888326, 100.00000000000001]
[89.54314720812184, 94.72081218274113, 96.54822335025382, 96.95431472081219, 97.36040609137056, 97.76649746192894, 98.98477157360406, 99.18781725888326, 100.00000000000001]
[89.54314720812184, 94.72081218274113, 96.54822335025382, 96.95431472081219, 97.36040609137056, 97.76649746192894, 98.98477157360406, 99.18781725888326, 100.00000000000001]
[89.54314720812184, 94.72081218274113, 96.54822335025382, 96.95431472081219, 97.36040609137056, 97.76649746192894, 98.98477157360406, 99.18781725888326, 100.00000000000001]
[89.54314720812184, 94.72081218274113, 96.54822335025382, 96.95431472081219, 97.36040609137056, 97.76649746192894, 98.98477157360406, 99.18781725888326, 100.00000000000001]
[89.54314720812184, 94.72081218274113, 96.54822335025382, 96.95431472081219, 97.36040609137056, 97.76649746192894, 98.98477157360406, 99.18781725888326, 100.00000000000001]
[89.54314720812184, 94.72081218274113, 96.54822335025382, 96.95431472081219, 97.36040609137056, 97.76649746192894, 98.98477157360406, 99.18781725888326, 100.00000000000001]
[89.54314720812184, 94.72081218274113, 96.54822335025382, 96.95431472081219, 97.36040609137056, 97.76649746192894, 98.98477157360406, 99.18781725888326, 100.00000000000001]
[89.54314720812184, 94.72081218274113, 96.54822335025382, 96.95431472081219, 97.36040609137056, 97.76649746192894, 98.98477157360406, 99.18781725888326, 100.00000000000001]
[89.54314720812184, 94.72081218274113, 96.54822335025382, 96.95431472081219, 97.36040609137056, 97.76649746192894, 98.98477157360406, 99.18781725888326, 100.00000000000001]
[89.54314720812184, 94.72081218274113, 96.54822335025382, 96.95431472081219, 97.36040609137056, 97.76649746192894, 98.98477157360406, 99.18781725888326, 100.00000000000001]
[89.54314720812184, 94.72081218274113, 96.54822335025382, 96.95431472081219, 97.36040609137056, 97.76649746192894, 98.98477157360406, 99.18781725888326, 100.00000000000001]
[89.54314720812184, 94.72081218274113, 96.54822335025382, 96.95431472081219, 97.36040609137056, 97.76649746192894, 98.98477157360406, 99.18781725888326, 100.00000000000001]
[89.54314720812184, 94.72081218274113, 96.54822335025382, 96.95431472081219, 97.36040609137056, 97.76649746192894, 98.98477157360406, 99.18781725888326, 100.00000000000001]
[89.54314720812184, 94.72081218274113, 96.54822335025382, 96.95431472081219, 97.36040609137056, 97.76649746192894, 98.98477157360406, 99.18781725888326, 100.00000000000001]
[89.54314720812184, 94.72081218274113, 96.54822335025382, 96.95431472081219, 97.36040609137056, 97.76649746192894, 98.98477157360406, 99.18781725888326, 100.00000000000001]
[89.54314720812184, 94.72081218274113, 96.54822335025382, 96.95431472081219, 97.36040609137056, 97.76649746192894, 98.98477157360406, 99.18781725888326, 100.00000000000001]
[89.54314720812184, 94.72081218274113, 96.54822335025382, 96.95431472081219, 97.36040609137056, 97.76649746192894, 98.98477157360406, 99.18781725888326, 100.00000000000001]
[89.54314720812184, 94.72081218274113, 96.54822335025382, 96.95431472081219, 97.36040609137056, 97.76649746192894, 98.98477157360406, 99.18781725888326, 100.00000000000001]
[89.54314720812184, 94.72081218274113, 96.54822335025382, 96.95431472081219, 97.36040609137056, 97.76649746192894, 98.98477157360406, 99.18781725888326, 100.00000000000001]
[89.54314720812184, 94.72081218274113, 96.54822335025382, 96.95431472081219, 97.36040609137056, 97.76649746192894, 98.98477157360406, 99.18781725888326, 100.00000000000001]
[89.54314720812184, 94.72081218274113, 96.54822335025382, 96.95431472081219, 97.36040609137056, 97.76649746192894, 98.98477157360406, 99.18781725888326, 100.00000000000001]
[89.54314720812184, 94.72081218274113, 96.54822335025382, 96.95431472081219, 97.36040609137056, 97.76649746192894, 98.98477157360406, 99.18781725888326, 100.00000000000001]
[89.54314720812184, 94.72081218274113, 96.54822335025382, 96.95431472081219, 97.36040609137056, 97.76649746192894, 98.98477157360406, 99.18781725888326, 100.00000000000001]
[89.54314720812184, 94.72081218274113, 96.54822335025382, 96.95431472081219, 97.36040609137056, 97.76649746192894, 98.98477157360406, 99.18781725888326, 100.00000000000001]
[89.54314720812184, 94.72081218274113, 96.54822335025382, 96.95431472081219, 97.36040609137056, 97.76649746192894, 98.98477157360406, 99.18781725888326, 100.00000000000001]
[89.54314720812184, 94.72081218274113, 96.54822335025382, 96.95431472081219, 97.36040609137056, 97.76649746192894, 98.98477157360406, 99.18781725888326, 100.00000000000001]
[89.54314720812184, 94.72081218274113, 96.54822335025382, 96.95431472081219, 97.36040609137056, 97.76649746192894, 98.98477157360406, 99.18781725888326, 100.00000000000001]
[89.54314720812184, 94.72081218274113, 96.54822335025382, 96.95431472081219, 97.36040609137056, 97.76649746192894, 98.98477157360406, 99.18781725888326, 100.00000000000001]
[92.48730964467005, 94.61928934010152, 96.44670050761421, 96.85279187817258, 97.25888324873095, 97.66497461928932, 98.0710659898477, 99.18781725888323, 99.99999999999999]
[92.48730964467005, 94.61928934010152, 96.44670050761421, 96.85279187817258, 97.25888324873095, 97.66497461928932, 98.0710659898477, 99.18781725888323, 99.99999999999999]
[92.48730964467005, 94.61928934010152, 96.44670050761421, 96.85279187817258, 97.25888324873095, 97.66497461928932, 98.0710659898477, 99.18781725888323, 99.99999999999999]
[92.48730964467005, 94.61928934010152, 96.44670050761421, 96.85279187817258, 97.25888324873095, 97.66497461928932, 98.0710659898477, 99.18781725888323, 99.99999999999999]
[92.48730964467005, 94.61928934010152, 96.44670050761421, 96.85279187817258, 97.25888324873095, 97.66497461928932, 98.0710659898477, 99.18781725888323, 99.99999999999999]
[92.48730964467005, 94.61928934010152, 96.44670050761421, 96.85279187817258, 97.25888324873095, 97.66497461928932, 98.0710659898477, 99.18781725888323, 99.99999999999999]
[92.48730964467005, 94.61928934010152, 96.44670050761421, 96.85279187817258, 97.25888324873095, 97.66497461928932, 98.0710659898477, 99.18781725888323, 99.99999999999999]
[92.48730964467005, 94.61928934010152, 96.44670050761421, 96.85279187817258, 97.25888324873095, 97.66497461928932, 98.0710659898477, 99.18781725888323, 99.99999999999999]
[92.48730964467005, 94.61928934010152, 96.44670050761421, 96.85279187817258, 97.25888324873095, 97.66497461928932, 98.0710659898477, 99.18781725888323, 99.99999999999999]
[92.48730964467005, 94.61928934010152, 96.44670050761421, 96.85279187817258, 97.25888324873095, 97.66497461928932, 98.0710659898477, 99.18781725888323, 99.99999999999999]
[92.48730964467005, 94.61928934010152, 96.44670050761421, 96.85279187817258, 97.25888324873095, 97.66497461928932, 98.0710659898477, 99.18781725888323, 99.99999999999999]
[92.48730964467005, 94.61928934010152, 96.44670050761421, 96.85279187817258, 97.25888324873095, 97.66497461928932, 98.0710659898477, 99.18781725888323, 99.99999999999999]
[92.48730964467005, 94.61928934010152, 96.44670050761421, 96.85279187817258, 97.25888324873095, 97.66497461928932, 98.0710659898477, 99.18781725888323, 99.99999999999999]
[92.48730964467005, 94.61928934010152, 96.44670050761421, 96.85279187817258, 97.25888324873095, 97.66497461928932, 98.0710659898477, 99.18781725888323, 99.99999999999999]
[92.48730964467005, 94.61928934010152, 96.44670050761421, 96.85279187817258, 97.25888324873095, 97.66497461928932, 98.0710659898477, 99.18781725888323, 99.99999999999999]
[92.48730964467005, 94.61928934010152, 96.44670050761421, 96.85279187817258, 97.25888324873095, 97.66497461928932, 98.0710659898477, 99.18781725888323, 99.99999999999999]
[92.48730964467005, 94.61928934010152, 96.44670050761421, 96.85279187817258, 97.25888324873095, 97.66497461928932, 98.0710659898477, 99.18781725888323, 99.99999999999999]
[92.48730964467005, 94.61928934010152, 96.44670050761421, 96.85279187817258, 97.25888324873095, 97.66497461928932, 98.0710659898477, 99.18781725888323, 99.99999999999999]
[92.48730964467005, 94.61928934010152, 96.44670050761421, 96.85279187817258, 97.25888324873095, 97.66497461928932, 98.0710659898477, 99.18781725888323, 99.99999999999999]
[92.48730964467005, 94.61928934010152, 96.44670050761421, 96.85279187817258, 97.25888324873095, 97.66497461928932, 98.0710659898477, 99.18781725888323, 99.99999999999999]
[92.48730964467005, 94.61928934010152, 96.44670050761421, 96.85279187817258, 97.25888324873095, 97.66497461928932, 98.0710659898477, 99.18781725888323, 99.99999999999999]
[92.48730964467005, 94.61928934010152, 96.44670050761421, 96.85279187817258, 97.25888324873095, 97.66497461928932, 98.0710659898477, 99.18781725888323, 99.99999999999999]
[92.48730964467005, 94.61928934010152, 96.44670050761421, 96.85279187817258, 97.25888324873095, 97.66497461928932, 98.0710659898477, 99.18781725888323, 99.99999999999999]
[92.48730964467005, 94.61928934010152, 96.44670050761421, 96.85279187817258, 97.25888324873095, 97.66497461928932, 98.0710659898477, 99.18781725888323, 99.99999999999999]
[92.48730964467005, 94.61928934010152, 96.44670050761421, 96.85279187817258, 97.25888324873095, 97.66497461928932, 98.0710659898477, 99.18781725888323, 99.99999999999999]
[92.48730964467005, 94.61928934010152, 96.44670050761421, 96.85279187817258, 97.25888324873095, 97.66497461928932, 98.0710659898477, 99.18781725888323, 99.99999999999999]
[92.48730964467005, 94.61928934010152, 96.44670050761421, 96.85279187817258, 97.25888324873095, 97.66497461928932, 98.0710659898477, 99.18781725888323, 99.99999999999999]
[92.48730964467005, 94.61928934010152, 96.44670050761421, 96.85279187817258, 97.25888324873095, 97.66497461928932, 98.0710659898477, 99.18781725888323, 99.99999999999999]
[92.48730964467005, 94.61928934010152, 96.44670050761421, 96.85279187817258, 97.25888324873095, 97.66497461928932, 98.0710659898477, 99.18781725888323, 99.99999999999999]
[92.48730964467005, 94.61928934010152, 96.44670050761421, 96.85279187817258, 97.25888324873095, 97.66497461928932, 98.0710659898477, 99.18781725888323, 99.99999999999999]
[92.48730964467005, 94.61928934010152, 96.44670050761421, 96.85279187817258, 97.25888324873095, 97.66497461928932, 98.0710659898477, 99.18781725888323, 99.99999999999999]
[92.48730964467005, 94.61928934010152, 96.44670050761421, 96.85279187817258, 97.25888324873095, 97.66497461928932, 98.0710659898477, 99.18781725888323, 99.99999999999999]
[92.48730964467005, 94.61928934010152, 96.44670050761421, 96.85279187817258, 97.25888324873095, 97.66497461928932, 98.0710659898477, 99.18781725888323, 99.99999999999999]
[92.48730964467005, 94.61928934010152, 96.44670050761421, 96.85279187817258, 97.25888324873095, 97.66497461928932, 98.0710659898477, 99.18781725888323, 99.99999999999999]
[92.48730964467005, 94.61928934010152, 96.44670050761421, 96.85279187817258, 97.25888324873095, 97.66497461928932, 98.0710659898477, 99.18781725888323, 99.99999999999999]
[92.48730964467005, 94.61928934010152, 96.44670050761421, 96.85279187817258, 97.25888324873095, 97.66497461928932, 98.0710659898477, 99.18781725888323, 99.99999999999999]
[92.48730964467005, 94.61928934010152, 96.44670050761421, 96.85279187817258, 97.25888324873095, 97.66497461928932, 98.0710659898477, 99.18781725888323, 99.99999999999999]
[92.48730964467005, 94.61928934010152, 96.44670050761421, 96.85279187817258, 97.25888324873095, 97.66497461928932, 98.0710659898477, 99.18781725888323, 99.99999999999999]
[92.48730964467005, 94.61928934010152, 96.44670050761421, 96.85279187817258, 97.25888324873095, 97.66497461928932, 98.0710659898477, 99.18781725888323, 99.99999999999999]
[92.48730964467005, 94.61928934010152, 96.44670050761421, 96.85279187817258, 97.25888324873095, 97.66497461928932, 98.0710659898477, 99.18781725888323, 99.99999999999999]
[92.48730964467005, 94.61928934010152, 96.44670050761421, 96.85279187817258, 97.25888324873095, 97.66497461928932, 98.0710659898477, 99.18781725888323, 99.99999999999999]
[85.0761421319797, 93.50253807106598, 95.53299492385786, 98.37563451776649, 98.57868020304568, 98.78172588832487, 98.98477157360406, 99.18781725888326, 100.00000000000001]
[85.0761421319797, 93.50253807106598, 95.53299492385786, 98.37563451776649, 98.57868020304568, 98.78172588832487, 98.98477157360406, 99.18781725888326, 100.00000000000001]
[85.0761421319797, 93.50253807106598, 95.53299492385786, 98.37563451776649, 98.57868020304568, 98.78172588832487, 98.98477157360406, 99.18781725888326, 100.00000000000001]
[85.0761421319797, 93.50253807106598, 95.53299492385786, 98.37563451776649, 98.57868020304568, 98.78172588832487, 98.98477157360406, 99.18781725888326, 100.00000000000001]
[85.0761421319797, 93.50253807106598, 95.53299492385786, 98.37563451776649, 98.57868020304568, 98.78172588832487, 98.98477157360406, 99.18781725888326, 100.00000000000001]
[85.0761421319797, 93.50253807106598, 95.53299492385786, 98.37563451776649, 98.57868020304568, 98.78172588832487, 98.98477157360406, 99.18781725888326, 100.00000000000001]
[85.0761421319797, 93.50253807106598, 95.53299492385786, 98.37563451776649, 98.57868020304568, 98.78172588832487, 98.98477157360406, 99.18781725888326, 100.00000000000001]
[85.0761421319797, 93.50253807106598, 95.53299492385786, 98.37563451776649, 98.57868020304568, 98.78172588832487, 98.98477157360406, 99.18781725888326, 100.00000000000001]
[85.0761421319797, 93.50253807106598, 95.53299492385786, 98.37563451776649, 98.57868020304568, 98.78172588832487, 98.98477157360406, 99.18781725888326, 100.00000000000001]
[85.0761421319797, 93.50253807106598, 95.53299492385786, 98.37563451776649, 98.57868020304568, 98.78172588832487, 98.98477157360406, 99.18781725888326, 100.00000000000001]
[85.0761421319797, 93.50253807106598, 95.53299492385786, 98.37563451776649, 98.57868020304568, 98.78172588832487, 98.98477157360406, 99.18781725888326, 100.00000000000001]
[85.0761421319797, 93.50253807106598, 95.53299492385786, 98.37563451776649, 98.57868020304568, 98.78172588832487, 98.98477157360406, 99.18781725888326, 100.00000000000001]
[85.0761421319797, 93.50253807106598, 95.53299492385786, 98.37563451776649, 98.57868020304568, 98.78172588832487, 98.98477157360406, 99.18781725888326, 100.00000000000001]
[85.0761421319797, 93.50253807106598, 95.53299492385786, 98.37563451776649, 98.57868020304568, 98.78172588832487, 98.98477157360406, 99.18781725888326, 100.00000000000001]
[85.0761421319797, 93.50253807106598, 95.53299492385786, 98.37563451776649, 98.57868020304568, 98.78172588832487, 98.98477157360406, 99.18781725888326, 100.00000000000001]
[85.0761421319797, 93.50253807106598, 95.53299492385786, 98.37563451776649, 98.57868020304568, 98.78172588832487, 98.98477157360406, 99.18781725888326, 100.00000000000001]
[85.0761421319797, 93.50253807106598, 95.53299492385786, 98.37563451776649, 98.57868020304568, 98.78172588832487, 98.98477157360406, 99.18781725888326, 100.00000000000001]
[85.0761421319797, 93.50253807106598, 95.53299492385786, 98.37563451776649, 98.57868020304568, 98.78172588832487, 98.98477157360406, 99.18781725888326, 100.00000000000001]
[85.0761421319797, 93.50253807106598, 95.53299492385786, 98.37563451776649, 98.57868020304568, 98.78172588832487, 98.98477157360406, 99.18781725888326, 100.00000000000001]
[85.0761421319797, 93.50253807106598, 95.53299492385786, 98.37563451776649, 98.57868020304568, 98.78172588832487, 98.98477157360406, 99.18781725888326, 100.00000000000001]
[85.0761421319797, 93.50253807106598, 95.53299492385786, 98.37563451776649, 98.57868020304568, 98.78172588832487, 98.98477157360406, 99.18781725888326, 100.00000000000001]
[85.0761421319797, 93.50253807106598, 95.53299492385786, 98.37563451776649, 98.57868020304568, 98.78172588832487, 98.98477157360406, 99.18781725888326, 100.00000000000001]
[85.0761421319797, 93.50253807106598, 95.53299492385786, 98.37563451776649, 98.57868020304568, 98.78172588832487, 98.98477157360406, 99.18781725888326, 100.00000000000001]
[85.0761421319797, 93.50253807106598, 95.53299492385786, 98.37563451776649, 98.57868020304568, 98.78172588832487, 98.98477157360406, 99.18781725888326, 100.00000000000001]
[85.0761421319797, 93.50253807106598, 95.53299492385786, 98.37563451776649, 98.57868020304568, 98.78172588832487, 98.98477157360406, 99.18781725888326, 100.00000000000001]
[85.0761421319797, 93.50253807106598, 95.53299492385786, 98.37563451776649, 98.57868020304568, 98.78172588832487, 98.98477157360406, 99.18781725888326, 100.00000000000001]
[85.0761421319797, 93.50253807106598, 95.53299492385786, 98.37563451776649, 98.57868020304568, 98.78172588832487, 98.98477157360406, 99.18781725888326, 100.00000000000001]
[85.0761421319797, 93.50253807106598, 95.53299492385786, 98.37563451776649, 98.57868020304568, 98.78172588832487, 98.98477157360406, 99.18781725888326, 100.00000000000001]
[85.0761421319797, 93.50253807106598, 95.53299492385786, 98.37563451776649, 98.57868020304568, 98.78172588832487, 98.98477157360406, 99.18781725888326, 100.00000000000001]
[85.0761421319797, 93.50253807106598, 95.53299492385786, 98.37563451776649, 98.57868020304568, 98.78172588832487, 98.98477157360406, 99.18781725888326, 100.00000000000001]
[85.0761421319797, 93.50253807106598, 95.53299492385786, 98.37563451776649, 98.57868020304568, 98.78172588832487, 98.98477157360406, 99.18781725888326, 100.00000000000001]
[85.0761421319797, 93.50253807106598, 95.53299492385786, 98.37563451776649, 98.57868020304568, 98.78172588832487, 98.98477157360406, 99.18781725888326, 100.00000000000001]
[85.0761421319797, 93.50253807106598, 95.53299492385786, 98.37563451776649, 98.57868020304568, 98.78172588832487, 98.98477157360406, 99.18781725888326, 100.00000000000001]
[85.0761421319797, 93.50253807106598, 95.53299492385786, 98.37563451776649, 98.57868020304568, 98.78172588832487, 98.98477157360406, 99.18781725888326, 100.00000000000001]
[85.0761421319797, 93.50253807106598, 95.53299492385786, 98.37563451776649, 98.57868020304568, 98.78172588832487, 98.98477157360406, 99.18781725888326, 100.00000000000001]
[85.0761421319797, 93.50253807106598, 95.53299492385786, 98.37563451776649, 98.57868020304568, 98.78172588832487, 98.98477157360406, 99.18781725888326, 100.00000000000001]
[85.0761421319797, 93.50253807106598, 95.53299492385786, 98.37563451776649, 98.57868020304568, 98.78172588832487, 98.98477157360406, 99.18781725888326, 100.00000000000001]
[85.0761421319797, 93.50253807106598, 95.53299492385786, 98.37563451776649, 98.57868020304568, 98.78172588832487, 98.98477157360406, 99.18781725888326, 100.00000000000001]
[85.0761421319797, 93.50253807106598, 95.53299492385786, 98.37563451776649, 98.57868020304568, 98.78172588832487, 98.98477157360406, 99.18781725888326, 100.00000000000001]
[85.0761421319797, 93.50253807106598, 95.53299492385786, 98.37563451776649, 98.57868020304568, 98.78172588832487, 98.98477157360406, 99.18781725888326, 100.00000000000001]
[85.0761421319797, 93.50253807106598, 95.53299492385786, 98.37563451776649, 98.57868020304568, 98.78172588832487, 98.98477157360406, 99.18781725888326, 100.00000000000001]
[85.0761421319797, 93.50253807106598, 95.53299492385786, 98.37563451776649, 98.57868020304568, 98.78172588832487, 98.98477157360406, 99.18781725888326, 100.00000000000001]
[85.0761421319797, 93.50253807106598, 95.53299492385786, 98.37563451776649, 98.57868020304568, 98.78172588832487, 98.98477157360406, 99.18781725888326, 100.00000000000001]
[85.0761421319797, 93.50253807106598, 95.53299492385786, 98.37563451776649, 98.57868020304568, 98.78172588832487, 98.98477157360406, 99.18781725888326, 100.00000000000001]
[85.0761421319797, 93.50253807106598, 95.53299492385786, 98.37563451776649, 98.57868020304568, 98.78172588832487, 98.98477157360406, 99.18781725888326, 100.00000000000001]
[85.0761421319797, 93.50253807106598, 95.53299492385786, 98.37563451776649, 98.57868020304568, 98.78172588832487, 98.98477157360406, 99.18781725888326, 100.00000000000001]
[85.0761421319797, 93.50253807106598, 95.53299492385786, 98.37563451776649, 98.57868020304568, 98.78172588832487, 98.98477157360406, 99.18781725888326, 100.00000000000001]
[85.0761421319797, 93.50253807106598, 95.53299492385786, 98.37563451776649, 98.57868020304568, 98.78172588832487, 98.98477157360406, 99.18781725888326, 100.00000000000001]
[98.07106598984771, 98.2741116751269, 98.4771573604061, 98.68020304568529, 98.88324873096448, 100.00000000000001]
[98.07106598984771, 98.2741116751269, 98.4771573604061, 98.68020304568529, 98.88324873096448, 100.00000000000001]
[98.07106598984771, 98.2741116751269, 98.4771573604061, 98.68020304568529, 98.88324873096448, 100.00000000000001]
[98.07106598984771, 98.2741116751269, 98.4771573604061, 98.68020304568529, 98.88324873096448, 100.00000000000001]
[98.07106598984771, 98.2741116751269, 98.4771573604061, 98.68020304568529, 98.88324873096448, 100.00000000000001]
[98.07106598984771, 98.2741116751269, 98.4771573604061, 98.68020304568529, 98.88324873096448, 100.00000000000001]
[98.07106598984771, 98.2741116751269, 98.4771573604061, 98.68020304568529, 98.88324873096448, 100.00000000000001]
[98.07106598984771, 98.2741116751269, 98.4771573604061, 98.68020304568529, 98.88324873096448, 100.00000000000001]
[98.07106598984771, 98.2741116751269, 98.4771573604061, 98.68020304568529, 98.88324873096448, 100.00000000000001]
[98.07106598984771, 98.2741116751269, 98.4771573604061, 98.68020304568529, 98.88324873096448, 100.00000000000001]
[98.07106598984771, 98.2741116751269, 98.4771573604061, 98.68020304568529, 98.88324873096448, 100.00000000000001]
[98.07106598984771, 98.2741116751269, 98.4771573604061, 98.68020304568529, 98.88324873096448, 100.00000000000001]
[98.07106598984771, 98.2741116751269, 98.4771573604061, 98.68020304568529, 98.88324873096448, 100.00000000000001]
[98.07106598984771, 98.2741116751269, 98.4771573604061, 98.68020304568529, 98.88324873096448, 100.00000000000001]
[98.07106598984771, 98.2741116751269, 98.4771573604061, 98.68020304568529, 98.88324873096448, 100.00000000000001]
[98.07106598984771, 98.2741116751269, 98.4771573604061, 98.68020304568529, 98.88324873096448, 100.00000000000001]
[98.07106598984771, 98.2741116751269, 98.4771573604061, 98.68020304568529, 98.88324873096448, 100.00000000000001]
[98.07106598984771, 98.2741116751269, 98.4771573604061, 98.68020304568529, 98.88324873096448, 100.00000000000001]
[98.07106598984771, 98.2741116751269, 98.4771573604061, 98.68020304568529, 98.88324873096448, 100.00000000000001]
[98.07106598984771, 98.2741116751269, 98.4771573604061, 98.68020304568529, 98.88324873096448, 100.00000000000001]
[98.07106598984771, 98.2741116751269, 98.4771573604061, 98.68020304568529, 98.88324873096448, 100.00000000000001]
[98.07106598984771, 98.2741116751269, 98.4771573604061, 98.68020304568529, 98.88324873096448, 100.00000000000001]
[98.07106598984771, 98.2741116751269, 98.4771573604061, 98.68020304568529, 98.88324873096448, 100.00000000000001]
[98.07106598984771, 98.2741116751269, 98.4771573604061, 98.68020304568529, 98.88324873096448, 100.00000000000001]
[98.07106598984771, 98.2741116751269, 98.4771573604061, 98.68020304568529, 98.88324873096448, 100.00000000000001]
[98.07106598984771, 98.2741116751269, 98.4771573604061, 98.68020304568529, 98.88324873096448, 100.00000000000001]
[98.07106598984771, 98.2741116751269, 98.4771573604061, 98.68020304568529, 98.88324873096448, 100.00000000000001]
[98.07106598984771, 98.2741116751269, 98.4771573604061, 98.68020304568529, 98.88324873096448, 100.00000000000001]
[98.07106598984771, 98.2741116751269, 98.4771573604061, 98.68020304568529, 98.88324873096448, 100.00000000000001]
[98.07106598984771, 98.2741116751269, 98.4771573604061, 98.68020304568529, 98.88324873096448, 100.00000000000001]
[98.07106598984771, 98.2741116751269, 98.4771573604061, 98.68020304568529, 98.88324873096448, 100.00000000000001]
[98.07106598984771, 98.2741116751269, 98.4771573604061, 98.68020304568529, 98.88324873096448, 100.00000000000001]
[98.07106598984771, 98.2741116751269, 98.4771573604061, 98.68020304568529, 98.88324873096448, 100.00000000000001]
[98.07106598984771, 98.2741116751269, 98.4771573604061, 98.68020304568529, 98.88324873096448, 100.00000000000001]
[98.07106598984771, 98.2741116751269, 98.4771573604061, 98.68020304568529, 98.88324873096448, 100.00000000000001]
[98.07106598984771, 98.2741116751269, 98.4771573604061, 98.68020304568529, 98.88324873096448, 100.00000000000001]
[98.07106598984771, 98.2741116751269, 98.4771573604061, 98.68020304568529, 98.88324873096448, 100.00000000000001]
[98.07106598984771, 98.2741116751269, 98.4771573604061, 98.68020304568529, 98.88324873096448, 100.00000000000001]
[98.07106598984771, 98.2741116751269, 98.4771573604061, 98.68020304568529, 98.88324873096448, 100.00000000000001]
[98.07106598984771, 98.2741116751269, 98.4771573604061, 98.68020304568529, 98.88324873096448, 100.00000000000001]
[98.07106598984771, 98.2741116751269, 98.4771573604061, 98.68020304568529, 98.88324873096448, 100.00000000000001]
[98.07106598984771, 98.2741116751269, 98.4771573604061, 98.68020304568529, 98.88324873096448, 100.00000000000001]
[98.07106598984771, 98.2741116751269, 98.4771573604061, 98.68020304568529, 98.88324873096448, 100.00000000000001]
[98.07106598984771, 98.2741116751269, 98.4771573604061, 98.68020304568529, 98.88324873096448, 100.00000000000001]
[98.07106598984771, 98.2741116751269, 98.4771573604061, 98.68020304568529, 98.88324873096448, 100.00000000000001]
[98.07106598984771, 98.2741116751269, 98.4771573604061, 98.68020304568529, 98.88324873096448, 100.00000000000001]
[98.07106598984771, 98.2741116751269, 98.4771573604061, 98.68020304568529, 98.88324873096448, 100.00000000000001]
[98.07106598984771, 98.2741116751269, 98.4771573604061, 98.68020304568529, 98.88324873096448, 100.00000000000001]
[98.07106598984771, 98.2741116751269, 98.4771573604061, 98.68020304568529, 98.88324873096448, 100.00000000000001]
[98.07106598984771, 98.2741116751269, 98.4771573604061, 98.68020304568529, 98.88324873096448, 100.00000000000001]
[98.07106598984771, 98.2741116751269, 98.4771573604061, 98.68020304568529, 98.88324873096448, 100.00000000000001]
[82.94416243654823, 92.38578680203045, 96.64974619289339, 98.68020304568526, 98.88324873096445, 99.99999999999999]
[82.94416243654823, 92.38578680203045, 96.64974619289339, 98.68020304568526, 98.88324873096445, 99.99999999999999]
[82.94416243654823, 92.38578680203045, 96.64974619289339, 98.68020304568526, 98.88324873096445, 99.99999999999999]
[82.94416243654823, 92.38578680203045, 96.64974619289339, 98.68020304568526, 98.88324873096445, 99.99999999999999]
[82.94416243654823, 92.38578680203045, 96.64974619289339, 98.68020304568526, 98.88324873096445, 99.99999999999999]
[82.94416243654823, 92.38578680203045, 96.64974619289339, 98.68020304568526, 98.88324873096445, 99.99999999999999]
[82.94416243654823, 92.38578680203045, 96.64974619289339, 98.68020304568526, 98.88324873096445, 99.99999999999999]
[82.94416243654823, 92.38578680203045, 96.64974619289339, 98.68020304568526, 98.88324873096445, 99.99999999999999]
[82.94416243654823, 92.38578680203045, 96.64974619289339, 98.68020304568526, 98.88324873096445, 99.99999999999999]
[82.94416243654823, 92.38578680203045, 96.64974619289339, 98.68020304568526, 98.88324873096445, 99.99999999999999]
[82.94416243654823, 92.38578680203045, 96.64974619289339, 98.68020304568526, 98.88324873096445, 99.99999999999999]
[82.94416243654823, 92.38578680203045, 96.64974619289339, 98.68020304568526, 98.88324873096445, 99.99999999999999]
[82.94416243654823, 92.38578680203045, 96.64974619289339, 98.68020304568526, 98.88324873096445, 99.99999999999999]
[82.94416243654823, 92.38578680203045, 96.64974619289339, 98.68020304568526, 98.88324873096445, 99.99999999999999]
[82.94416243654823, 92.38578680203045, 96.64974619289339, 98.68020304568526, 98.88324873096445, 99.99999999999999]
[82.94416243654823, 92.38578680203045, 96.64974619289339, 98.68020304568526, 98.88324873096445, 99.99999999999999]
[82.94416243654823, 92.38578680203045, 96.64974619289339, 98.68020304568526, 98.88324873096445, 99.99999999999999]
[82.94416243654823, 92.38578680203045, 96.64974619289339, 98.68020304568526, 98.88324873096445, 99.99999999999999]
[82.94416243654823, 92.38578680203045, 96.64974619289339, 98.68020304568526, 98.88324873096445, 99.99999999999999]
[82.94416243654823, 92.38578680203045, 96.64974619289339, 98.68020304568526, 98.88324873096445, 99.99999999999999]
[82.94416243654823, 92.38578680203045, 96.64974619289339, 98.68020304568526, 98.88324873096445, 99.99999999999999]
[82.94416243654823, 92.38578680203045, 96.64974619289339, 98.68020304568526, 98.88324873096445, 99.99999999999999]
[82.94416243654823, 92.38578680203045, 96.64974619289339, 98.68020304568526, 98.88324873096445, 99.99999999999999]
[82.94416243654823, 92.38578680203045, 96.64974619289339, 98.68020304568526, 98.88324873096445, 99.99999999999999]
[82.94416243654823, 92.38578680203045, 96.64974619289339, 98.68020304568526, 98.88324873096445, 99.99999999999999]
[82.94416243654823, 92.38578680203045, 96.64974619289339, 98.68020304568526, 98.88324873096445, 99.99999999999999]
[82.94416243654823, 92.38578680203045, 96.64974619289339, 98.68020304568526, 98.88324873096445, 99.99999999999999]
[82.94416243654823, 92.38578680203045, 96.64974619289339, 98.68020304568526, 98.88324873096445, 99.99999999999999]
[82.94416243654823, 92.38578680203045, 96.64974619289339, 98.68020304568526, 98.88324873096445, 99.99999999999999]
[82.94416243654823, 92.38578680203045, 96.64974619289339, 98.68020304568526, 98.88324873096445, 99.99999999999999]
[82.94416243654823, 92.38578680203045, 96.64974619289339, 98.68020304568526, 98.88324873096445, 99.99999999999999]
[82.94416243654823, 92.38578680203045, 96.64974619289339, 98.68020304568526, 98.88324873096445, 99.99999999999999]
[82.94416243654823, 92.38578680203045, 96.64974619289339, 98.68020304568526, 98.88324873096445, 99.99999999999999]
[82.94416243654823, 92.38578680203045, 96.64974619289339, 98.68020304568526, 98.88324873096445, 99.99999999999999]
[82.94416243654823, 92.38578680203045, 96.64974619289339, 98.68020304568526, 98.88324873096445, 99.99999999999999]
[82.94416243654823, 92.38578680203045, 96.64974619289339, 98.68020304568526, 98.88324873096445, 99.99999999999999]
[82.94416243654823, 92.38578680203045, 96.64974619289339, 98.68020304568526, 98.88324873096445, 99.99999999999999]
[92.48730964467005, 94.61928934010152, 95.22842639593908, 96.95431472081218, 97.36040609137055, 97.76649746192892, 98.98477157360405, 99.18781725888324, 100.0]
[92.48730964467005, 94.61928934010152, 95.22842639593908, 96.95431472081218, 97.36040609137055, 97.76649746192892, 98.98477157360405, 99.18781725888324, 100.0]
[92.48730964467005, 94.61928934010152, 95.22842639593908, 96.95431472081218, 97.36040609137055, 97.76649746192892, 98.98477157360405, 99.18781725888324, 100.0]
[92.48730964467005, 94.61928934010152, 95.22842639593908, 96.95431472081218, 97.36040609137055, 97.76649746192892, 98.98477157360405, 99.18781725888324, 100.0]
[92.48730964467005, 94.61928934010152, 95.22842639593908, 96.95431472081218, 97.36040609137055, 97.76649746192892, 98.98477157360405, 99.18781725888324, 100.0]
[92.48730964467005, 94.61928934010152, 95.22842639593908, 96.95431472081218, 97.36040609137055, 97.76649746192892, 98.98477157360405, 99.18781725888324, 100.0]
[92.48730964467005, 94.61928934010152, 95.22842639593908, 96.95431472081218, 97.36040609137055, 97.76649746192892, 98.98477157360405, 99.18781725888324, 100.0]
[92.48730964467005, 94.61928934010152, 95.22842639593908, 96.95431472081218, 97.36040609137055, 97.76649746192892, 98.98477157360405, 99.18781725888324, 100.0]
[92.48730964467005, 94.61928934010152, 95.22842639593908, 96.95431472081218, 97.36040609137055, 97.76649746192892, 98.98477157360405, 99.18781725888324, 100.0]
[92.48730964467005, 94.61928934010152, 95.22842639593908, 96.95431472081218, 97.36040609137055, 97.76649746192892, 98.98477157360405, 99.18781725888324, 100.0]
[92.48730964467005, 94.61928934010152, 95.22842639593908, 96.95431472081218, 97.36040609137055, 97.76649746192892, 98.98477157360405, 99.18781725888324, 100.0]
[92.48730964467005, 94.61928934010152, 95.22842639593908, 96.95431472081218, 97.36040609137055, 97.76649746192892, 98.98477157360405, 99.18781725888324, 100.0]
[92.48730964467005, 94.61928934010152, 95.22842639593908, 96.95431472081218, 97.36040609137055, 97.76649746192892, 98.98477157360405, 99.18781725888324, 100.0]
[92.48730964467005, 94.61928934010152, 95.22842639593908, 96.95431472081218, 97.36040609137055, 97.76649746192892, 98.98477157360405, 99.18781725888324, 100.0]
[92.48730964467005, 94.61928934010152, 95.22842639593908, 96.95431472081218, 97.36040609137055, 97.76649746192892, 98.98477157360405, 99.18781725888324, 100.0]
[92.48730964467005, 94.61928934010152, 95.22842639593908, 96.95431472081218, 97.36040609137055, 97.76649746192892, 98.98477157360405, 99.18781725888324, 100.0]
[92.48730964467005, 94.61928934010152, 95.22842639593908, 96.95431472081218, 97.36040609137055, 97.76649746192892, 98.98477157360405, 99.18781725888324, 100.0]
[92.48730964467005, 94.61928934010152, 95.22842639593908, 96.95431472081218, 97.36040609137055, 97.76649746192892, 98.98477157360405, 99.18781725888324, 100.0]
[92.48730964467005, 94.61928934010152, 95.22842639593908, 96.95431472081218, 97.36040609137055, 97.76649746192892, 98.98477157360405, 99.18781725888324, 100.0]
[92.48730964467005, 94.61928934010152, 95.22842639593908, 96.95431472081218, 97.36040609137055, 97.76649746192892, 98.98477157360405, 99.18781725888324, 100.0]
[92.48730964467005, 94.61928934010152, 95.22842639593908, 96.95431472081218, 97.36040609137055, 97.76649746192892, 98.98477157360405, 99.18781725888324, 100.0]
[92.48730964467005, 94.61928934010152, 95.22842639593908, 96.95431472081218, 97.36040609137055, 97.76649746192892, 98.98477157360405, 99.18781725888324, 100.0]
[92.48730964467005, 94.61928934010152, 95.22842639593908, 96.95431472081218, 97.36040609137055, 97.76649746192892, 98.98477157360405, 99.18781725888324, 100.0]
[92.48730964467005, 94.61928934010152, 95.22842639593908, 96.95431472081218, 97.36040609137055, 97.76649746192892, 98.98477157360405, 99.18781725888324, 100.0]
[92.48730964467005, 94.61928934010152, 95.22842639593908, 96.95431472081218, 97.36040609137055, 97.76649746192892, 98.98477157360405, 99.18781725888324, 100.0]
[92.48730964467005, 94.61928934010152, 95.22842639593908, 96.95431472081218, 97.36040609137055, 97.76649746192892, 98.98477157360405, 99.18781725888324, 100.0]
[92.48730964467005, 94.61928934010152, 95.22842639593908, 96.95431472081218, 97.36040609137055, 97.76649746192892, 98.98477157360405, 99.18781725888324, 100.0]
[92.48730964467005, 94.61928934010152, 95.22842639593908, 96.95431472081218, 97.36040609137055, 97.76649746192892, 98.98477157360405, 99.18781725888324, 100.0]
[92.48730964467005, 94.61928934010152, 95.22842639593908, 96.95431472081218, 97.36040609137055, 97.76649746192892, 98.98477157360405, 99.18781725888324, 100.0]
[92.48730964467005, 94.61928934010152, 95.22842639593908, 96.95431472081218, 97.36040609137055, 97.76649746192892, 98.98477157360405, 99.18781725888324, 100.0]
[92.48730964467005, 94.61928934010152, 95.22842639593908, 96.95431472081218, 97.36040609137055, 97.76649746192892, 98.98477157360405, 99.18781725888324, 100.0]
[92.48730964467005, 94.61928934010152, 95.22842639593908, 96.95431472081218, 97.36040609137055, 97.76649746192892, 98.98477157360405, 99.18781725888324, 100.0]
[92.48730964467005, 94.61928934010152, 95.22842639593908, 96.95431472081218, 97.36040609137055, 97.76649746192892, 98.98477157360405, 99.18781725888324, 100.0]
[92.48730964467005, 94.61928934010152, 95.22842639593908, 96.95431472081218, 97.36040609137055, 97.76649746192892, 98.98477157360405, 99.18781725888324, 100.0]
[92.48730964467005, 94.61928934010152, 95.22842639593908, 96.95431472081218, 97.36040609137055, 97.76649746192892, 98.98477157360405, 99.18781725888324, 100.0]
[92.48730964467005, 94.61928934010152, 95.22842639593908, 96.95431472081218, 97.36040609137055, 97.76649746192892, 98.98477157360405, 99.18781725888324, 100.0]
[92.48730964467005, 94.61928934010152, 95.22842639593908, 96.95431472081218, 97.36040609137055, 97.76649746192892, 98.98477157360405, 99.18781725888324, 100.0]
[92.48730964467005, 94.61928934010152, 95.22842639593908, 96.95431472081218, 97.36040609137055, 97.76649746192892, 98.98477157360405, 99.18781725888324, 100.0]
[84.26395939086294, 87.41116751269035, 92.69035532994924, 97.05583756345177, 97.46192893401015, 98.78172588832487, 98.98477157360406, 99.18781725888326, 100.00000000000001]
[84.26395939086294, 87.41116751269035, 92.69035532994924, 97.05583756345177, 97.46192893401015, 98.78172588832487, 98.98477157360406, 99.18781725888326, 100.00000000000001]
[84.26395939086294, 87.41116751269035, 92.69035532994924, 97.05583756345177, 97.46192893401015, 98.78172588832487, 98.98477157360406, 99.18781725888326, 100.00000000000001]
[84.26395939086294, 87.41116751269035, 92.69035532994924, 97.05583756345177, 97.46192893401015, 98.78172588832487, 98.98477157360406, 99.18781725888326, 100.00000000000001]
[84.26395939086294, 87.41116751269035, 92.69035532994924, 97.05583756345177, 97.46192893401015, 98.78172588832487, 98.98477157360406, 99.18781725888326, 100.00000000000001]
[84.26395939086294, 87.41116751269035, 92.69035532994924, 97.05583756345177, 97.46192893401015, 98.78172588832487, 98.98477157360406, 99.18781725888326, 100.00000000000001]
[84.26395939086294, 87.41116751269035, 92.69035532994924, 97.05583756345177, 97.46192893401015, 98.78172588832487, 98.98477157360406, 99.18781725888326, 100.00000000000001]
[84.26395939086294, 87.41116751269035, 92.69035532994924, 97.05583756345177, 97.46192893401015, 98.78172588832487, 98.98477157360406, 99.18781725888326, 100.00000000000001]
[84.26395939086294, 87.41116751269035, 92.69035532994924, 97.05583756345177, 97.46192893401015, 98.78172588832487, 98.98477157360406, 99.18781725888326, 100.00000000000001]
[84.26395939086294, 87.41116751269035, 92.69035532994924, 97.05583756345177, 97.46192893401015, 98.78172588832487, 98.98477157360406, 99.18781725888326, 100.00000000000001]
[84.26395939086294, 87.41116751269035, 92.69035532994924, 97.05583756345177, 97.46192893401015, 98.78172588832487, 98.98477157360406, 99.18781725888326, 100.00000000000001]
[84.26395939086294, 87.41116751269035, 92.69035532994924, 97.05583756345177, 97.46192893401015, 98.78172588832487, 98.98477157360406, 99.18781725888326, 100.00000000000001]
[84.26395939086294, 87.41116751269035, 92.69035532994924, 97.05583756345177, 97.46192893401015, 98.78172588832487, 98.98477157360406, 99.18781725888326, 100.00000000000001]
[84.26395939086294, 87.41116751269035, 92.69035532994924, 97.05583756345177, 97.46192893401015, 98.78172588832487, 98.98477157360406, 99.18781725888326, 100.00000000000001]
[84.26395939086294, 87.41116751269035, 92.69035532994924, 97.05583756345177, 97.46192893401015, 98.78172588832487, 98.98477157360406, 99.18781725888326, 100.00000000000001]
[84.26395939086294, 87.41116751269035, 92.69035532994924, 97.05583756345177, 97.46192893401015, 98.78172588832487, 98.98477157360406, 99.18781725888326, 100.00000000000001]
[84.26395939086294, 87.41116751269035, 92.69035532994924, 97.05583756345177, 97.46192893401015, 98.78172588832487, 98.98477157360406, 99.18781725888326, 100.00000000000001]
[84.26395939086294, 87.41116751269035, 92.69035532994924, 97.05583756345177, 97.46192893401015, 98.78172588832487, 98.98477157360406, 99.18781725888326, 100.00000000000001]
[84.26395939086294, 87.41116751269035, 92.69035532994924, 97.05583756345177, 97.46192893401015, 98.78172588832487, 98.98477157360406, 99.18781725888326, 100.00000000000001]
[84.26395939086294, 87.41116751269035, 92.69035532994924, 97.05583756345177, 97.46192893401015, 98.78172588832487, 98.98477157360406, 99.18781725888326, 100.00000000000001]
[84.26395939086294, 87.41116751269035, 92.69035532994924, 97.05583756345177, 97.46192893401015, 98.78172588832487, 98.98477157360406, 99.18781725888326, 100.00000000000001]
[84.26395939086294, 87.41116751269035, 92.69035532994924, 97.05583756345177, 97.46192893401015, 98.78172588832487, 98.98477157360406, 99.18781725888326, 100.00000000000001]
[84.26395939086294, 87.41116751269035, 92.69035532994924, 97.05583756345177, 97.46192893401015, 98.78172588832487, 98.98477157360406, 99.18781725888326, 100.00000000000001]
[84.26395939086294, 87.41116751269035, 92.69035532994924, 97.05583756345177, 97.46192893401015, 98.78172588832487, 98.98477157360406, 99.18781725888326, 100.00000000000001]
[84.26395939086294, 87.41116751269035, 92.69035532994924, 97.05583756345177, 97.46192893401015, 98.78172588832487, 98.98477157360406, 99.18781725888326, 100.00000000000001]
[84.26395939086294, 87.41116751269035, 92.69035532994924, 97.05583756345177, 97.46192893401015, 98.78172588832487, 98.98477157360406, 99.18781725888326, 100.00000000000001]
[84.26395939086294, 87.41116751269035, 92.69035532994924, 97.05583756345177, 97.46192893401015, 98.78172588832487, 98.98477157360406, 99.18781725888326, 100.00000000000001]
[84.26395939086294, 87.41116751269035, 92.69035532994924, 97.05583756345177, 97.46192893401015, 98.78172588832487, 98.98477157360406, 99.18781725888326, 100.00000000000001]
[84.26395939086294, 87.41116751269035, 92.69035532994924, 97.05583756345177, 97.46192893401015, 98.78172588832487, 98.98477157360406, 99.18781725888326, 100.00000000000001]
[84.26395939086294, 87.41116751269035, 92.69035532994924, 97.05583756345177, 97.46192893401015, 98.78172588832487, 98.98477157360406, 99.18781725888326, 100.00000000000001]
[84.26395939086294, 87.41116751269035, 92.69035532994924, 97.05583756345177, 97.46192893401015, 98.78172588832487, 98.98477157360406, 99.18781725888326, 100.00000000000001]
[84.26395939086294, 87.41116751269035, 92.69035532994924, 97.05583756345177, 97.46192893401015, 98.78172588832487, 98.98477157360406, 99.18781725888326, 100.00000000000001]
[84.26395939086294, 87.41116751269035, 92.69035532994924, 97.05583756345177, 97.46192893401015, 98.78172588832487, 98.98477157360406, 99.18781725888326, 100.00000000000001]
[84.26395939086294, 87.41116751269035, 92.69035532994924, 97.05583756345177, 97.46192893401015, 98.78172588832487, 98.98477157360406, 99.18781725888326, 100.00000000000001]
[84.26395939086294, 87.41116751269035, 92.69035532994924, 97.05583756345177, 97.46192893401015, 98.78172588832487, 98.98477157360406, 99.18781725888326, 100.00000000000001]
[84.26395939086294, 87.41116751269035, 92.69035532994924, 97.05583756345177, 97.46192893401015, 98.78172588832487, 98.98477157360406, 99.18781725888326, 100.00000000000001]
[84.26395939086294, 87.41116751269035, 92.69035532994924, 97.05583756345177, 97.46192893401015, 98.78172588832487, 98.98477157360406, 99.18781725888326, 100.00000000000001]
[84.26395939086294, 87.41116751269035, 92.69035532994924, 97.05583756345177, 97.46192893401015, 98.78172588832487, 98.98477157360406, 99.18781725888326, 100.00000000000001]
[84.26395939086294, 87.41116751269035, 92.69035532994924, 97.05583756345177, 97.46192893401015, 98.78172588832487, 98.98477157360406, 99.18781725888326, 100.00000000000001]
[88.73096446700508, 95.43147208121827, 97.25888324873097, 98.78172588832487, 100.0]
[88.73096446700508, 95.43147208121827, 97.25888324873097, 98.78172588832487, 100.0]
[88.73096446700508, 95.43147208121827, 97.25888324873097, 98.78172588832487, 100.0]
[88.73096446700508, 95.43147208121827, 97.25888324873097, 98.78172588832487, 100.0]
[88.73096446700508, 95.43147208121827, 97.25888324873097, 98.78172588832487, 100.0]
[88.73096446700508, 95.43147208121827, 97.25888324873097, 98.78172588832487, 100.0]
[88.73096446700508, 95.43147208121827, 97.25888324873097, 98.78172588832487, 100.0]
[88.73096446700508, 95.43147208121827, 97.25888324873097, 98.78172588832487, 100.0]
[88.73096446700508, 95.43147208121827, 97.25888324873097, 98.78172588832487, 100.0]
[88.73096446700508, 95.43147208121827, 97.25888324873097, 98.78172588832487, 100.0]
[88.73096446700508, 95.43147208121827, 97.25888324873097, 98.78172588832487, 100.0]
[88.73096446700508, 95.43147208121827, 97.25888324873097, 98.78172588832487, 100.0]
[88.73096446700508, 95.43147208121827, 97.25888324873097, 98.78172588832487, 100.0]
[88.73096446700508, 95.43147208121827, 97.25888324873097, 98.78172588832487, 100.0]
[88.73096446700508, 95.43147208121827, 97.25888324873097, 98.78172588832487, 100.0]
[88.73096446700508, 95.43147208121827, 97.25888324873097, 98.78172588832487, 100.0]
[88.73096446700508, 95.43147208121827, 97.25888324873097, 98.78172588832487, 100.0]
[88.73096446700508, 95.43147208121827, 97.25888324873097, 98.78172588832487, 100.0]
[88.73096446700508, 95.43147208121827, 97.25888324873097, 98.78172588832487, 100.0]
[88.73096446700508, 95.43147208121827, 97.25888324873097, 98.78172588832487, 100.0]
[88.73096446700508, 95.43147208121827, 97.25888324873097, 98.78172588832487, 100.0]
[88.73096446700508, 95.43147208121827, 97.25888324873097, 98.78172588832487, 100.0]
[88.73096446700508, 95.43147208121827, 97.25888324873097, 98.78172588832487, 100.0]
[88.73096446700508, 95.43147208121827, 97.25888324873097, 98.78172588832487, 100.0]
[88.73096446700508, 95.43147208121827, 97.25888324873097, 98.78172588832487, 100.0]
[88.73096446700508, 95.43147208121827, 97.25888324873097, 98.78172588832487, 100.0]
[88.73096446700508, 95.43147208121827, 97.25888324873097, 98.78172588832487, 100.0]
[88.73096446700508, 95.43147208121827, 97.25888324873097, 98.78172588832487, 100.0]
[88.73096446700508, 95.43147208121827, 97.25888324873097, 98.78172588832487, 100.0]
[88.73096446700508, 95.43147208121827, 97.25888324873097, 98.78172588832487, 100.0]
[88.73096446700508, 95.43147208121827, 97.25888324873097, 98.78172588832487, 100.0]
[88.73096446700508, 95.43147208121827, 97.25888324873097, 98.78172588832487, 100.0]
[88.73096446700508, 95.43147208121827, 97.25888324873097, 98.78172588832487, 100.0]
[88.73096446700508, 95.43147208121827, 97.25888324873097, 98.78172588832487, 100.0]
[88.73096446700508, 95.43147208121827, 97.25888324873097, 98.78172588832487, 100.0]
[88.73096446700508, 95.43147208121827, 97.25888324873097, 98.78172588832487, 100.0]
[88.73096446700508, 95.43147208121827, 97.25888324873097, 98.78172588832487, 100.0]
[88.73096446700508, 95.43147208121827, 97.25888324873097, 98.78172588832487, 100.0]
[88.73096446700508, 95.43147208121827, 97.25888324873097, 98.78172588832487, 100.0]
[88.73096446700508, 95.43147208121827, 97.25888324873097, 98.78172588832487, 100.0]
[88.73096446700508, 95.43147208121827, 97.25888324873097, 98.78172588832487, 100.0]
[88.73096446700508, 95.43147208121827, 97.25888324873097, 98.78172588832487, 100.0]
[90.45685279187818, 93.09644670050761, 93.90862944162437, 96.95431472081219, 97.36040609137056, 98.68020304568529, 98.88324873096448, 99.08629441624367, 99.59390862944164, 100.00000000000001]
[90.45685279187818, 93.09644670050761, 93.90862944162437, 96.95431472081219, 97.36040609137056, 98.68020304568529, 98.88324873096448, 99.08629441624367, 99.59390862944164, 100.00000000000001]
[90.45685279187818, 93.09644670050761, 93.90862944162437, 96.95431472081219, 97.36040609137056, 98.68020304568529, 98.88324873096448, 99.08629441624367, 99.59390862944164, 100.00000000000001]
[90.45685279187818, 93.09644670050761, 93.90862944162437, 96.95431472081219, 97.36040609137056, 98.68020304568529, 98.88324873096448, 99.08629441624367, 99.59390862944164, 100.00000000000001]
[90.45685279187818, 93.09644670050761, 93.90862944162437, 96.95431472081219, 97.36040609137056, 98.68020304568529, 98.88324873096448, 99.08629441624367, 99.59390862944164, 100.00000000000001]
[90.45685279187818, 93.09644670050761, 93.90862944162437, 96.95431472081219, 97.36040609137056, 98.68020304568529, 98.88324873096448, 99.08629441624367, 99.59390862944164, 100.00000000000001]
[90.45685279187818, 93.09644670050761, 93.90862944162437, 96.95431472081219, 97.36040609137056, 98.68020304568529, 98.88324873096448, 99.08629441624367, 99.59390862944164, 100.00000000000001]
[90.45685279187818, 93.09644670050761, 93.90862944162437, 96.95431472081219, 97.36040609137056, 98.68020304568529, 98.88324873096448, 99.08629441624367, 99.59390862944164, 100.00000000000001]
[90.45685279187818, 93.09644670050761, 93.90862944162437, 96.95431472081219, 97.36040609137056, 98.68020304568529, 98.88324873096448, 99.08629441624367, 99.59390862944164, 100.00000000000001]
[90.45685279187818, 93.09644670050761, 93.90862944162437, 96.95431472081219, 97.36040609137056, 98.68020304568529, 98.88324873096448, 99.08629441624367, 99.59390862944164, 100.00000000000001]
[90.45685279187818, 93.09644670050761, 93.90862944162437, 96.95431472081219, 97.36040609137056, 98.68020304568529, 98.88324873096448, 99.08629441624367, 99.59390862944164, 100.00000000000001]
[90.45685279187818, 93.09644670050761, 93.90862944162437, 96.95431472081219, 97.36040609137056, 98.68020304568529, 98.88324873096448, 99.08629441624367, 99.59390862944164, 100.00000000000001]
[90.45685279187818, 93.09644670050761, 93.90862944162437, 96.95431472081219, 97.36040609137056, 98.68020304568529, 98.88324873096448, 99.08629441624367, 99.59390862944164, 100.00000000000001]
[90.45685279187818, 93.09644670050761, 93.90862944162437, 96.95431472081219, 97.36040609137056, 98.68020304568529, 98.88324873096448, 99.08629441624367, 99.59390862944164, 100.00000000000001]
[90.45685279187818, 93.09644670050761, 93.90862944162437, 96.95431472081219, 97.36040609137056, 98.68020304568529, 98.88324873096448, 99.08629441624367, 99.59390862944164, 100.00000000000001]
[90.45685279187818, 93.09644670050761, 93.90862944162437, 96.95431472081219, 97.36040609137056, 98.68020304568529, 98.88324873096448, 99.08629441624367, 99.59390862944164, 100.00000000000001]
[90.45685279187818, 93.09644670050761, 93.90862944162437, 96.95431472081219, 97.36040609137056, 98.68020304568529, 98.88324873096448, 99.08629441624367, 99.59390862944164, 100.00000000000001]
[90.45685279187818, 93.09644670050761, 93.90862944162437, 96.95431472081219, 97.36040609137056, 98.68020304568529, 98.88324873096448, 99.08629441624367, 99.59390862944164, 100.00000000000001]
[90.45685279187818, 93.09644670050761, 93.90862944162437, 96.95431472081219, 97.36040609137056, 98.68020304568529, 98.88324873096448, 99.08629441624367, 99.59390862944164, 100.00000000000001]
[90.45685279187818, 93.09644670050761, 93.90862944162437, 96.95431472081219, 97.36040609137056, 98.68020304568529, 98.88324873096448, 99.08629441624367, 99.59390862944164, 100.00000000000001]
[90.45685279187818, 93.09644670050761, 93.90862944162437, 96.95431472081219, 97.36040609137056, 98.68020304568529, 98.88324873096448, 99.08629441624367, 99.59390862944164, 100.00000000000001]
[90.45685279187818, 93.09644670050761, 93.90862944162437, 96.95431472081219, 97.36040609137056, 98.68020304568529, 98.88324873096448, 99.08629441624367, 99.59390862944164, 100.00000000000001]
[90.45685279187818, 93.09644670050761, 93.90862944162437, 96.95431472081219, 97.36040609137056, 98.68020304568529, 98.88324873096448, 99.08629441624367, 99.59390862944164, 100.00000000000001]
[90.45685279187818, 93.09644670050761, 93.90862944162437, 96.95431472081219, 97.36040609137056, 98.68020304568529, 98.88324873096448, 99.08629441624367, 99.59390862944164, 100.00000000000001]
[90.45685279187818, 93.09644670050761, 93.90862944162437, 96.95431472081219, 97.36040609137056, 98.68020304568529, 98.88324873096448, 99.08629441624367, 99.59390862944164, 100.00000000000001]
[90.45685279187818, 93.09644670050761, 93.90862944162437, 96.95431472081219, 97.36040609137056, 98.68020304568529, 98.88324873096448, 99.08629441624367, 99.59390862944164, 100.00000000000001]
[90.45685279187818, 93.09644670050761, 93.90862944162437, 96.95431472081219, 97.36040609137056, 98.68020304568529, 98.88324873096448, 99.08629441624367, 99.59390862944164, 100.00000000000001]
[90.45685279187818, 93.09644670050761, 93.90862944162437, 96.95431472081219, 97.36040609137056, 98.68020304568529, 98.88324873096448, 99.08629441624367, 99.59390862944164, 100.00000000000001]
[90.45685279187818, 93.09644670050761, 93.90862944162437, 96.95431472081219, 97.36040609137056, 98.68020304568529, 98.88324873096448, 99.08629441624367, 99.59390862944164, 100.00000000000001]
[90.45685279187818, 93.09644670050761, 93.90862944162437, 96.95431472081219, 97.36040609137056, 98.68020304568529, 98.88324873096448, 99.08629441624367, 99.59390862944164, 100.00000000000001]
[90.45685279187818, 93.09644670050761, 93.90862944162437, 96.95431472081219, 97.36040609137056, 98.68020304568529, 98.88324873096448, 99.08629441624367, 99.59390862944164, 100.00000000000001]
[90.45685279187818, 93.09644670050761, 93.90862944162437, 96.95431472081219, 97.36040609137056, 98.68020304568529, 98.88324873096448, 99.08629441624367, 99.59390862944164, 100.00000000000001]
[90.45685279187818, 93.09644670050761, 93.90862944162437, 96.95431472081219, 97.36040609137056, 98.68020304568529, 98.88324873096448, 99.08629441624367, 99.59390862944164, 100.00000000000001]
[90.45685279187818, 93.09644670050761, 93.90862944162437, 96.95431472081219, 97.36040609137056, 98.68020304568529, 98.88324873096448, 99.08629441624367, 99.59390862944164, 100.00000000000001]
[90.45685279187818, 93.09644670050761, 93.90862944162437, 96.95431472081219, 97.36040609137056, 98.68020304568529, 98.88324873096448, 99.08629441624367, 99.59390862944164, 100.00000000000001]
[90.45685279187818, 93.09644670050761, 93.90862944162437, 96.95431472081219, 97.36040609137056, 98.68020304568529, 98.88324873096448, 99.08629441624367, 99.59390862944164, 100.00000000000001]
[90.45685279187818, 93.09644670050761, 93.90862944162437, 96.95431472081219, 97.36040609137056, 98.68020304568529, 98.88324873096448, 99.08629441624367, 99.59390862944164, 100.00000000000001]
[90.45685279187818, 93.09644670050761, 93.90862944162437, 96.95431472081219, 97.36040609137056, 98.68020304568529, 98.88324873096448, 99.08629441624367, 99.59390862944164, 100.00000000000001]
[90.45685279187818, 93.09644670050761, 93.90862944162437, 96.95431472081219, 97.36040609137056, 98.68020304568529, 98.88324873096448, 99.08629441624367, 99.59390862944164, 100.00000000000001]
[90.45685279187818, 93.09644670050761, 93.90862944162437, 96.95431472081219, 97.36040609137056, 98.68020304568529, 98.88324873096448, 99.08629441624367, 99.59390862944164, 100.00000000000001]
[90.45685279187818, 93.09644670050761, 93.90862944162437, 96.95431472081219, 97.36040609137056, 98.68020304568529, 98.88324873096448, 99.08629441624367, 99.59390862944164, 100.00000000000001]
[90.45685279187818, 93.09644670050761, 93.90862944162437, 96.95431472081219, 97.36040609137056, 98.68020304568529, 98.88324873096448, 99.08629441624367, 99.59390862944164, 100.00000000000001]
[90.45685279187818, 93.09644670050761, 93.90862944162437, 96.95431472081219, 97.36040609137056, 98.68020304568529, 98.88324873096448, 99.08629441624367, 99.59390862944164, 100.00000000000001]
[89.23857868020305, 91.7766497461929, 95.2284263959391, 95.83756345177666, 97.46192893401016, 98.78172588832489, 98.98477157360408, 99.18781725888327, 100.00000000000003]
[89.23857868020305, 91.7766497461929, 95.2284263959391, 95.83756345177666, 97.46192893401016, 98.78172588832489, 98.98477157360408, 99.18781725888327, 100.00000000000003]
[89.23857868020305, 91.7766497461929, 95.2284263959391, 95.83756345177666, 97.46192893401016, 98.78172588832489, 98.98477157360408, 99.18781725888327, 100.00000000000003]
[89.23857868020305, 91.7766497461929, 95.2284263959391, 95.83756345177666, 97.46192893401016, 98.78172588832489, 98.98477157360408, 99.18781725888327, 100.00000000000003]
[89.23857868020305, 91.7766497461929, 95.2284263959391, 95.83756345177666, 97.46192893401016, 98.78172588832489, 98.98477157360408, 99.18781725888327, 100.00000000000003]
[89.23857868020305, 91.7766497461929, 95.2284263959391, 95.83756345177666, 97.46192893401016, 98.78172588832489, 98.98477157360408, 99.18781725888327, 100.00000000000003]
[89.23857868020305, 91.7766497461929, 95.2284263959391, 95.83756345177666, 97.46192893401016, 98.78172588832489, 98.98477157360408, 99.18781725888327, 100.00000000000003]
[89.23857868020305, 91.7766497461929, 95.2284263959391, 95.83756345177666, 97.46192893401016, 98.78172588832489, 98.98477157360408, 99.18781725888327, 100.00000000000003]
[89.23857868020305, 91.7766497461929, 95.2284263959391, 95.83756345177666, 97.46192893401016, 98.78172588832489, 98.98477157360408, 99.18781725888327, 100.00000000000003]
[89.23857868020305, 91.7766497461929, 95.2284263959391, 95.83756345177666, 97.46192893401016, 98.78172588832489, 98.98477157360408, 99.18781725888327, 100.00000000000003]
[89.23857868020305, 91.7766497461929, 95.2284263959391, 95.83756345177666, 97.46192893401016, 98.78172588832489, 98.98477157360408, 99.18781725888327, 100.00000000000003]
[89.23857868020305, 91.7766497461929, 95.2284263959391, 95.83756345177666, 97.46192893401016, 98.78172588832489, 98.98477157360408, 99.18781725888327, 100.00000000000003]
[89.23857868020305, 91.7766497461929, 95.2284263959391, 95.83756345177666, 97.46192893401016, 98.78172588832489, 98.98477157360408, 99.18781725888327, 100.00000000000003]
[89.23857868020305, 91.7766497461929, 95.2284263959391, 95.83756345177666, 97.46192893401016, 98.78172588832489, 98.98477157360408, 99.18781725888327, 100.00000000000003]
[89.23857868020305, 91.7766497461929, 95.2284263959391, 95.83756345177666, 97.46192893401016, 98.78172588832489, 98.98477157360408, 99.18781725888327, 100.00000000000003]
[89.23857868020305, 91.7766497461929, 95.2284263959391, 95.83756345177666, 97.46192893401016, 98.78172588832489, 98.98477157360408, 99.18781725888327, 100.00000000000003]
[89.23857868020305, 91.7766497461929, 95.2284263959391, 95.83756345177666, 97.46192893401016, 98.78172588832489, 98.98477157360408, 99.18781725888327, 100.00000000000003]
[89.23857868020305, 91.7766497461929, 95.2284263959391, 95.83756345177666, 97.46192893401016, 98.78172588832489, 98.98477157360408, 99.18781725888327, 100.00000000000003]
[89.23857868020305, 91.7766497461929, 95.2284263959391, 95.83756345177666, 97.46192893401016, 98.78172588832489, 98.98477157360408, 99.18781725888327, 100.00000000000003]
[89.23857868020305, 91.7766497461929, 95.2284263959391, 95.83756345177666, 97.46192893401016, 98.78172588832489, 98.98477157360408, 99.18781725888327, 100.00000000000003]
[89.23857868020305, 91.7766497461929, 95.2284263959391, 95.83756345177666, 97.46192893401016, 98.78172588832489, 98.98477157360408, 99.18781725888327, 100.00000000000003]
[89.23857868020305, 91.7766497461929, 95.2284263959391, 95.83756345177666, 97.46192893401016, 98.78172588832489, 98.98477157360408, 99.18781725888327, 100.00000000000003]
[89.23857868020305, 91.7766497461929, 95.2284263959391, 95.83756345177666, 97.46192893401016, 98.78172588832489, 98.98477157360408, 99.18781725888327, 100.00000000000003]
[89.23857868020305, 91.7766497461929, 95.2284263959391, 95.83756345177666, 97.46192893401016, 98.78172588832489, 98.98477157360408, 99.18781725888327, 100.00000000000003]
[89.23857868020305, 91.7766497461929, 95.2284263959391, 95.83756345177666, 97.46192893401016, 98.78172588832489, 98.98477157360408, 99.18781725888327, 100.00000000000003]
[89.23857868020305, 91.7766497461929, 95.2284263959391, 95.83756345177666, 97.46192893401016, 98.78172588832489, 98.98477157360408, 99.18781725888327, 100.00000000000003]
[89.23857868020305, 91.7766497461929, 95.2284263959391, 95.83756345177666, 97.46192893401016, 98.78172588832489, 98.98477157360408, 99.18781725888327, 100.00000000000003]
[89.23857868020305, 91.7766497461929, 95.2284263959391, 95.83756345177666, 97.46192893401016, 98.78172588832489, 98.98477157360408, 99.18781725888327, 100.00000000000003]
[89.23857868020305, 91.7766497461929, 95.2284263959391, 95.83756345177666, 97.46192893401016, 98.78172588832489, 98.98477157360408, 99.18781725888327, 100.00000000000003]
[89.23857868020305, 91.7766497461929, 95.2284263959391, 95.83756345177666, 97.46192893401016, 98.78172588832489, 98.98477157360408, 99.18781725888327, 100.00000000000003]
[89.23857868020305, 91.7766497461929, 95.2284263959391, 95.83756345177666, 97.46192893401016, 98.78172588832489, 98.98477157360408, 99.18781725888327, 100.00000000000003]
[89.23857868020305, 91.7766497461929, 95.2284263959391, 95.83756345177666, 97.46192893401016, 98.78172588832489, 98.98477157360408, 99.18781725888327, 100.00000000000003]
[89.23857868020305, 91.7766497461929, 95.2284263959391, 95.83756345177666, 97.46192893401016, 98.78172588832489, 98.98477157360408, 99.18781725888327, 100.00000000000003]
[89.23857868020305, 91.7766497461929, 95.2284263959391, 95.83756345177666, 97.46192893401016, 98.78172588832489, 98.98477157360408, 99.18781725888327, 100.00000000000003]
[89.23857868020305, 91.7766497461929, 95.2284263959391, 95.83756345177666, 97.46192893401016, 98.78172588832489, 98.98477157360408, 99.18781725888327, 100.00000000000003]
[89.23857868020305, 91.7766497461929, 95.2284263959391, 95.83756345177666, 97.46192893401016, 98.78172588832489, 98.98477157360408, 99.18781725888327, 100.00000000000003]
[89.23857868020305, 91.7766497461929, 95.2284263959391, 95.83756345177666, 97.46192893401016, 98.78172588832489, 98.98477157360408, 99.18781725888327, 100.00000000000003]
[89.23857868020305, 91.7766497461929, 95.2284263959391, 95.83756345177666, 97.46192893401016, 98.78172588832489, 98.98477157360408, 99.18781725888327, 100.00000000000003]
[86.497461928934, 92.08121827411166, 94.31472081218273, 96.24365482233502, 98.88324873096445, 99.99999999999999]
[86.497461928934, 92.08121827411166, 94.31472081218273, 96.24365482233502, 98.88324873096445, 99.99999999999999]
[86.497461928934, 92.08121827411166, 94.31472081218273, 96.24365482233502, 98.88324873096445, 99.99999999999999]
[86.497461928934, 92.08121827411166, 94.31472081218273, 96.24365482233502, 98.88324873096445, 99.99999999999999]
[86.497461928934, 92.08121827411166, 94.31472081218273, 96.24365482233502, 98.88324873096445, 99.99999999999999]
[86.497461928934, 92.08121827411166, 94.31472081218273, 96.24365482233502, 98.88324873096445, 99.99999999999999]
[86.497461928934, 92.08121827411166, 94.31472081218273, 96.24365482233502, 98.88324873096445, 99.99999999999999]
[86.497461928934, 92.08121827411166, 94.31472081218273, 96.24365482233502, 98.88324873096445, 99.99999999999999]
[86.497461928934, 92.08121827411166, 94.31472081218273, 96.24365482233502, 98.88324873096445, 99.99999999999999]
[86.497461928934, 92.08121827411166, 94.31472081218273, 96.24365482233502, 98.88324873096445, 99.99999999999999]
[86.497461928934, 92.08121827411166, 94.31472081218273, 96.24365482233502, 98.88324873096445, 99.99999999999999]
[86.497461928934, 92.08121827411166, 94.31472081218273, 96.24365482233502, 98.88324873096445, 99.99999999999999]
[86.497461928934, 92.08121827411166, 94.31472081218273, 96.24365482233502, 98.88324873096445, 99.99999999999999]
[86.497461928934, 92.08121827411166, 94.31472081218273, 96.24365482233502, 98.88324873096445, 99.99999999999999]
[86.497461928934, 92.08121827411166, 94.31472081218273, 96.24365482233502, 98.88324873096445, 99.99999999999999]
[86.497461928934, 92.08121827411166, 94.31472081218273, 96.24365482233502, 98.88324873096445, 99.99999999999999]
[86.497461928934, 92.08121827411166, 94.31472081218273, 96.24365482233502, 98.88324873096445, 99.99999999999999]
[86.497461928934, 92.08121827411166, 94.31472081218273, 96.24365482233502, 98.88324873096445, 99.99999999999999]
[86.497461928934, 92.08121827411166, 94.31472081218273, 96.24365482233502, 98.88324873096445, 99.99999999999999]
[86.497461928934, 92.08121827411166, 94.31472081218273, 96.24365482233502, 98.88324873096445, 99.99999999999999]
[86.497461928934, 92.08121827411166, 94.31472081218273, 96.24365482233502, 98.88324873096445, 99.99999999999999]
[86.497461928934, 92.08121827411166, 94.31472081218273, 96.24365482233502, 98.88324873096445, 99.99999999999999]
[86.497461928934, 92.08121827411166, 94.31472081218273, 96.24365482233502, 98.88324873096445, 99.99999999999999]
[86.497461928934, 92.08121827411166, 94.31472081218273, 96.24365482233502, 98.88324873096445, 99.99999999999999]
[86.497461928934, 92.08121827411166, 94.31472081218273, 96.24365482233502, 98.88324873096445, 99.99999999999999]
[86.497461928934, 92.08121827411166, 94.31472081218273, 96.24365482233502, 98.88324873096445, 99.99999999999999]
[86.497461928934, 92.08121827411166, 94.31472081218273, 96.24365482233502, 98.88324873096445, 99.99999999999999]
[86.497461928934, 92.08121827411166, 94.31472081218273, 96.24365482233502, 98.88324873096445, 99.99999999999999]
[86.497461928934, 92.08121827411166, 94.31472081218273, 96.24365482233502, 98.88324873096445, 99.99999999999999]
[86.497461928934, 92.08121827411166, 94.31472081218273, 96.24365482233502, 98.88324873096445, 99.99999999999999]
[86.497461928934, 92.08121827411166, 94.31472081218273, 96.24365482233502, 98.88324873096445, 99.99999999999999]
[86.497461928934, 92.08121827411166, 94.31472081218273, 96.24365482233502, 98.88324873096445, 99.99999999999999]
[86.497461928934, 92.08121827411166, 94.31472081218273, 96.24365482233502, 98.88324873096445, 99.99999999999999]
[86.497461928934, 92.08121827411166, 94.31472081218273, 96.24365482233502, 98.88324873096445, 99.99999999999999]
[86.497461928934, 92.08121827411166, 94.31472081218273, 96.24365482233502, 98.88324873096445, 99.99999999999999]
[86.497461928934, 92.08121827411166, 94.31472081218273, 96.24365482233502, 98.88324873096445, 99.99999999999999]
[93.50253807106598, 96.95431472081218, 97.36040609137055, 99.99999999999999]
[93.50253807106598, 96.95431472081218, 97.36040609137055, 99.99999999999999]
[93.50253807106598, 96.95431472081218, 97.36040609137055, 99.99999999999999]
[93.50253807106598, 96.95431472081218, 97.36040609137055, 99.99999999999999]
[93.50253807106598, 96.95431472081218, 97.36040609137055, 99.99999999999999]
[93.50253807106598, 96.95431472081218, 97.36040609137055, 99.99999999999999]
[93.50253807106598, 96.95431472081218, 97.36040609137055, 99.99999999999999]
[93.50253807106598, 96.95431472081218, 97.36040609137055, 99.99999999999999]
[93.50253807106598, 96.95431472081218, 97.36040609137055, 99.99999999999999]
[93.50253807106598, 96.95431472081218, 97.36040609137055, 99.99999999999999]
[93.50253807106598, 96.95431472081218, 97.36040609137055, 99.99999999999999]
[93.50253807106598, 96.95431472081218, 97.36040609137055, 99.99999999999999]
[93.50253807106598, 96.95431472081218, 97.36040609137055, 99.99999999999999]
[93.50253807106598, 96.95431472081218, 97.36040609137055, 99.99999999999999]
[93.50253807106598, 96.95431472081218, 97.36040609137055, 99.99999999999999]
[93.50253807106598, 96.95431472081218, 97.36040609137055, 99.99999999999999]
[93.50253807106598, 96.95431472081218, 97.36040609137055, 99.99999999999999]
[93.50253807106598, 96.95431472081218, 97.36040609137055, 99.99999999999999]
[93.50253807106598, 96.95431472081218, 97.36040609137055, 99.99999999999999]
[93.50253807106598, 96.95431472081218, 97.36040609137055, 99.99999999999999]
[93.50253807106598, 96.95431472081218, 97.36040609137055, 99.99999999999999]
[93.50253807106598, 96.95431472081218, 97.36040609137055, 99.99999999999999]
[93.50253807106598, 96.95431472081218, 97.36040609137055, 99.99999999999999]
[93.50253807106598, 96.95431472081218, 97.36040609137055, 99.99999999999999]
[93.50253807106598, 96.95431472081218, 97.36040609137055, 99.99999999999999]
[93.50253807106598, 96.95431472081218, 97.36040609137055, 99.99999999999999]
[93.50253807106598, 96.95431472081218, 97.36040609137055, 99.99999999999999]
[93.50253807106598, 96.95431472081218, 97.36040609137055, 99.99999999999999]
[93.50253807106598, 96.95431472081218, 97.36040609137055, 99.99999999999999]
[93.50253807106598, 96.95431472081218, 97.36040609137055, 99.99999999999999]
[93.50253807106598, 96.95431472081218, 97.36040609137055, 99.99999999999999]
[93.50253807106598, 96.95431472081218, 97.36040609137055, 99.99999999999999]
[93.50253807106598, 96.95431472081218, 97.36040609137055, 99.99999999999999]
[93.50253807106598, 96.95431472081218, 97.36040609137055, 99.99999999999999]
[93.50253807106598, 96.95431472081218, 97.36040609137055, 99.99999999999999]
[93.50253807106598, 96.95431472081218, 97.36040609137055, 99.99999999999999]
[93.50253807106598, 96.95431472081218, 97.36040609137055, 99.99999999999999]
[93.50253807106598, 96.95431472081218, 97.36040609137055, 99.99999999999999]
[93.50253807106598, 96.95431472081218, 97.36040609137055, 99.99999999999999]
[93.50253807106598, 96.95431472081218, 97.36040609137055, 99.99999999999999]
[93.50253807106598, 96.95431472081218, 97.36040609137055, 99.99999999999999]
[93.50253807106598, 96.95431472081218, 97.36040609137055, 99.99999999999999]
[93.50253807106598, 96.95431472081218, 97.36040609137055, 99.99999999999999]
[93.50253807106598, 96.95431472081218, 97.36040609137055, 99.99999999999999]
[93.50253807106598, 96.95431472081218, 97.36040609137055, 99.99999999999999]
[93.50253807106598, 96.95431472081218, 97.36040609137055, 99.99999999999999]
[93.50253807106598, 96.95431472081218, 97.36040609137055, 99.99999999999999]
[93.50253807106598, 96.95431472081218, 97.36040609137055, 99.99999999999999]
[93.50253807106598, 96.95431472081218, 97.36040609137055, 99.99999999999999]
[93.50253807106598, 96.95431472081218, 97.36040609137055, 99.99999999999999]
[93.50253807106598, 96.95431472081218, 97.36040609137055, 99.99999999999999]
[85.17766497461929, 92.28426395939087, 95.73604060913706, 97.46192893401016, 98.88324873096448, 100.00000000000001]
[85.17766497461929, 92.28426395939087, 95.73604060913706, 97.46192893401016, 98.88324873096448, 100.00000000000001]
[85.17766497461929, 92.28426395939087, 95.73604060913706, 97.46192893401016, 98.88324873096448, 100.00000000000001]
[85.17766497461929, 92.28426395939087, 95.73604060913706, 97.46192893401016, 98.88324873096448, 100.00000000000001]
[85.17766497461929, 92.28426395939087, 95.73604060913706, 97.46192893401016, 98.88324873096448, 100.00000000000001]
[85.17766497461929, 92.28426395939087, 95.73604060913706, 97.46192893401016, 98.88324873096448, 100.00000000000001]
[85.17766497461929, 92.28426395939087, 95.73604060913706, 97.46192893401016, 98.88324873096448, 100.00000000000001]
[85.17766497461929, 92.28426395939087, 95.73604060913706, 97.46192893401016, 98.88324873096448, 100.00000000000001]
[85.17766497461929, 92.28426395939087, 95.73604060913706, 97.46192893401016, 98.88324873096448, 100.00000000000001]
[85.17766497461929, 92.28426395939087, 95.73604060913706, 97.46192893401016, 98.88324873096448, 100.00000000000001]
[85.17766497461929, 92.28426395939087, 95.73604060913706, 97.46192893401016, 98.88324873096448, 100.00000000000001]
[85.17766497461929, 92.28426395939087, 95.73604060913706, 97.46192893401016, 98.88324873096448, 100.00000000000001]
[85.17766497461929, 92.28426395939087, 95.73604060913706, 97.46192893401016, 98.88324873096448, 100.00000000000001]
[85.17766497461929, 92.28426395939087, 95.73604060913706, 97.46192893401016, 98.88324873096448, 100.00000000000001]
[85.17766497461929, 92.28426395939087, 95.73604060913706, 97.46192893401016, 98.88324873096448, 100.00000000000001]
[85.17766497461929, 92.28426395939087, 95.73604060913706, 97.46192893401016, 98.88324873096448, 100.00000000000001]
[85.17766497461929, 92.28426395939087, 95.73604060913706, 97.46192893401016, 98.88324873096448, 100.00000000000001]
[85.17766497461929, 92.28426395939087, 95.73604060913706, 97.46192893401016, 98.88324873096448, 100.00000000000001]
[85.17766497461929, 92.28426395939087, 95.73604060913706, 97.46192893401016, 98.88324873096448, 100.00000000000001]
[85.17766497461929, 92.28426395939087, 95.73604060913706, 97.46192893401016, 98.88324873096448, 100.00000000000001]
[85.17766497461929, 92.28426395939087, 95.73604060913706, 97.46192893401016, 98.88324873096448, 100.00000000000001]
[85.17766497461929, 92.28426395939087, 95.73604060913706, 97.46192893401016, 98.88324873096448, 100.00000000000001]
[85.17766497461929, 92.28426395939087, 95.73604060913706, 97.46192893401016, 98.88324873096448, 100.00000000000001]
[85.17766497461929, 92.28426395939087, 95.73604060913706, 97.46192893401016, 98.88324873096448, 100.00000000000001]
[85.17766497461929, 92.28426395939087, 95.73604060913706, 97.46192893401016, 98.88324873096448, 100.00000000000001]
[85.17766497461929, 92.28426395939087, 95.73604060913706, 97.46192893401016, 98.88324873096448, 100.00000000000001]
[85.17766497461929, 92.28426395939087, 95.73604060913706, 97.46192893401016, 98.88324873096448, 100.00000000000001]
[85.17766497461929, 92.28426395939087, 95.73604060913706, 97.46192893401016, 98.88324873096448, 100.00000000000001]
[85.17766497461929, 92.28426395939087, 95.73604060913706, 97.46192893401016, 98.88324873096448, 100.00000000000001]
[85.17766497461929, 92.28426395939087, 95.73604060913706, 97.46192893401016, 98.88324873096448, 100.00000000000001]
[85.17766497461929, 92.28426395939087, 95.73604060913706, 97.46192893401016, 98.88324873096448, 100.00000000000001]
[85.17766497461929, 92.28426395939087, 95.73604060913706, 97.46192893401016, 98.88324873096448, 100.00000000000001]
[85.17766497461929, 92.28426395939087, 95.73604060913706, 97.46192893401016, 98.88324873096448, 100.00000000000001]
[85.17766497461929, 92.28426395939087, 95.73604060913706, 97.46192893401016, 98.88324873096448, 100.00000000000001]
[85.17766497461929, 92.28426395939087, 95.73604060913706, 97.46192893401016, 98.88324873096448, 100.00000000000001]
[85.17766497461929, 92.28426395939087, 95.73604060913706, 97.46192893401016, 98.88324873096448, 100.00000000000001]
[85.17766497461929, 92.28426395939087, 95.73604060913706, 97.46192893401016, 98.88324873096448, 100.00000000000001]
[85.17766497461929, 92.28426395939087, 95.73604060913706, 97.46192893401016, 98.88324873096448, 100.00000000000001]
[89.54314720812184, 92.08121827411169, 94.31472081218276, 98.47715736040611, 98.6802030456853, 98.8832487309645, 99.08629441624369, 100.00000000000003]
[89.54314720812184, 92.08121827411169, 94.31472081218276, 98.47715736040611, 98.6802030456853, 98.8832487309645, 99.08629441624369, 100.00000000000003]
[89.54314720812184, 92.08121827411169, 94.31472081218276, 98.47715736040611, 98.6802030456853, 98.8832487309645, 99.08629441624369, 100.00000000000003]
[89.54314720812184, 92.08121827411169, 94.31472081218276, 98.47715736040611, 98.6802030456853, 98.8832487309645, 99.08629441624369, 100.00000000000003]
[89.54314720812184, 92.08121827411169, 94.31472081218276, 98.47715736040611, 98.6802030456853, 98.8832487309645, 99.08629441624369, 100.00000000000003]
[89.54314720812184, 92.08121827411169, 94.31472081218276, 98.47715736040611, 98.6802030456853, 98.8832487309645, 99.08629441624369, 100.00000000000003]
[89.54314720812184, 92.08121827411169, 94.31472081218276, 98.47715736040611, 98.6802030456853, 98.8832487309645, 99.08629441624369, 100.00000000000003]
[89.54314720812184, 92.08121827411169, 94.31472081218276, 98.47715736040611, 98.6802030456853, 98.8832487309645, 99.08629441624369, 100.00000000000003]
[89.54314720812184, 92.08121827411169, 94.31472081218276, 98.47715736040611, 98.6802030456853, 98.8832487309645, 99.08629441624369, 100.00000000000003]
[89.54314720812184, 92.08121827411169, 94.31472081218276, 98.47715736040611, 98.6802030456853, 98.8832487309645, 99.08629441624369, 100.00000000000003]
[89.54314720812184, 92.08121827411169, 94.31472081218276, 98.47715736040611, 98.6802030456853, 98.8832487309645, 99.08629441624369, 100.00000000000003]
[89.54314720812184, 92.08121827411169, 94.31472081218276, 98.47715736040611, 98.6802030456853, 98.8832487309645, 99.08629441624369, 100.00000000000003]
[89.54314720812184, 92.08121827411169, 94.31472081218276, 98.47715736040611, 98.6802030456853, 98.8832487309645, 99.08629441624369, 100.00000000000003]
[89.54314720812184, 92.08121827411169, 94.31472081218276, 98.47715736040611, 98.6802030456853, 98.8832487309645, 99.08629441624369, 100.00000000000003]
[89.54314720812184, 92.08121827411169, 94.31472081218276, 98.47715736040611, 98.6802030456853, 98.8832487309645, 99.08629441624369, 100.00000000000003]
[89.54314720812184, 92.08121827411169, 94.31472081218276, 98.47715736040611, 98.6802030456853, 98.8832487309645, 99.08629441624369, 100.00000000000003]
[89.54314720812184, 92.08121827411169, 94.31472081218276, 98.47715736040611, 98.6802030456853, 98.8832487309645, 99.08629441624369, 100.00000000000003]
[89.54314720812184, 92.08121827411169, 94.31472081218276, 98.47715736040611, 98.6802030456853, 98.8832487309645, 99.08629441624369, 100.00000000000003]
[89.54314720812184, 92.08121827411169, 94.31472081218276, 98.47715736040611, 98.6802030456853, 98.8832487309645, 99.08629441624369, 100.00000000000003]
[89.54314720812184, 92.08121827411169, 94.31472081218276, 98.47715736040611, 98.6802030456853, 98.8832487309645, 99.08629441624369, 100.00000000000003]
[89.54314720812184, 92.08121827411169, 94.31472081218276, 98.47715736040611, 98.6802030456853, 98.8832487309645, 99.08629441624369, 100.00000000000003]
[89.54314720812184, 92.08121827411169, 94.31472081218276, 98.47715736040611, 98.6802030456853, 98.8832487309645, 99.08629441624369, 100.00000000000003]
[89.54314720812184, 92.08121827411169, 94.31472081218276, 98.47715736040611, 98.6802030456853, 98.8832487309645, 99.08629441624369, 100.00000000000003]
[89.54314720812184, 92.08121827411169, 94.31472081218276, 98.47715736040611, 98.6802030456853, 98.8832487309645, 99.08629441624369, 100.00000000000003]
[89.54314720812184, 92.08121827411169, 94.31472081218276, 98.47715736040611, 98.6802030456853, 98.8832487309645, 99.08629441624369, 100.00000000000003]
[89.54314720812184, 92.08121827411169, 94.31472081218276, 98.47715736040611, 98.6802030456853, 98.8832487309645, 99.08629441624369, 100.00000000000003]
[89.54314720812184, 92.08121827411169, 94.31472081218276, 98.47715736040611, 98.6802030456853, 98.8832487309645, 99.08629441624369, 100.00000000000003]
[89.54314720812184, 92.08121827411169, 94.31472081218276, 98.47715736040611, 98.6802030456853, 98.8832487309645, 99.08629441624369, 100.00000000000003]
[89.54314720812184, 92.08121827411169, 94.31472081218276, 98.47715736040611, 98.6802030456853, 98.8832487309645, 99.08629441624369, 100.00000000000003]
[89.54314720812184, 92.08121827411169, 94.31472081218276, 98.47715736040611, 98.6802030456853, 98.8832487309645, 99.08629441624369, 100.00000000000003]
[89.54314720812184, 92.08121827411169, 94.31472081218276, 98.47715736040611, 98.6802030456853, 98.8832487309645, 99.08629441624369, 100.00000000000003]
[89.54314720812184, 92.08121827411169, 94.31472081218276, 98.47715736040611, 98.6802030456853, 98.8832487309645, 99.08629441624369, 100.00000000000003]
[89.54314720812184, 92.08121827411169, 94.31472081218276, 98.47715736040611, 98.6802030456853, 98.8832487309645, 99.08629441624369, 100.00000000000003]
[89.54314720812184, 92.08121827411169, 94.31472081218276, 98.47715736040611, 98.6802030456853, 98.8832487309645, 99.08629441624369, 100.00000000000003]
[89.54314720812184, 92.08121827411169, 94.31472081218276, 98.47715736040611, 98.6802030456853, 98.8832487309645, 99.08629441624369, 100.00000000000003]
[89.54314720812184, 92.08121827411169, 94.31472081218276, 98.47715736040611, 98.6802030456853, 98.8832487309645, 99.08629441624369, 100.00000000000003]
[89.54314720812184, 92.08121827411169, 94.31472081218276, 98.47715736040611, 98.6802030456853, 98.8832487309645, 99.08629441624369, 100.00000000000003]
[90.45685279187818, 92.89340101522843, 96.24365482233503, 96.751269035533, 97.36040609137056, 98.68020304568529, 98.88324873096448, 99.08629441624367, 99.28934010152287, 100.00000000000003]
[90.45685279187818, 92.89340101522843, 96.24365482233503, 96.751269035533, 97.36040609137056, 98.68020304568529, 98.88324873096448, 99.08629441624367, 99.28934010152287, 100.00000000000003]
[90.45685279187818, 92.89340101522843, 96.24365482233503, 96.751269035533, 97.36040609137056, 98.68020304568529, 98.88324873096448, 99.08629441624367, 99.28934010152287, 100.00000000000003]
[90.45685279187818, 92.89340101522843, 96.24365482233503, 96.751269035533, 97.36040609137056, 98.68020304568529, 98.88324873096448, 99.08629441624367, 99.28934010152287, 100.00000000000003]
[90.45685279187818, 92.89340101522843, 96.24365482233503, 96.751269035533, 97.36040609137056, 98.68020304568529, 98.88324873096448, 99.08629441624367, 99.28934010152287, 100.00000000000003]
[90.45685279187818, 92.89340101522843, 96.24365482233503, 96.751269035533, 97.36040609137056, 98.68020304568529, 98.88324873096448, 99.08629441624367, 99.28934010152287, 100.00000000000003]
[90.45685279187818, 92.89340101522843, 96.24365482233503, 96.751269035533, 97.36040609137056, 98.68020304568529, 98.88324873096448, 99.08629441624367, 99.28934010152287, 100.00000000000003]
[90.45685279187818, 92.89340101522843, 96.24365482233503, 96.751269035533, 97.36040609137056, 98.68020304568529, 98.88324873096448, 99.08629441624367, 99.28934010152287, 100.00000000000003]
[90.45685279187818, 92.89340101522843, 96.24365482233503, 96.751269035533, 97.36040609137056, 98.68020304568529, 98.88324873096448, 99.08629441624367, 99.28934010152287, 100.00000000000003]
[90.45685279187818, 92.89340101522843, 96.24365482233503, 96.751269035533, 97.36040609137056, 98.68020304568529, 98.88324873096448, 99.08629441624367, 99.28934010152287, 100.00000000000003]
[90.45685279187818, 92.89340101522843, 96.24365482233503, 96.751269035533, 97.36040609137056, 98.68020304568529, 98.88324873096448, 99.08629441624367, 99.28934010152287, 100.00000000000003]
[90.45685279187818, 92.89340101522843, 96.24365482233503, 96.751269035533, 97.36040609137056, 98.68020304568529, 98.88324873096448, 99.08629441624367, 99.28934010152287, 100.00000000000003]
[90.45685279187818, 92.89340101522843, 96.24365482233503, 96.751269035533, 97.36040609137056, 98.68020304568529, 98.88324873096448, 99.08629441624367, 99.28934010152287, 100.00000000000003]
[90.45685279187818, 92.89340101522843, 96.24365482233503, 96.751269035533, 97.36040609137056, 98.68020304568529, 98.88324873096448, 99.08629441624367, 99.28934010152287, 100.00000000000003]
[90.45685279187818, 92.89340101522843, 96.24365482233503, 96.751269035533, 97.36040609137056, 98.68020304568529, 98.88324873096448, 99.08629441624367, 99.28934010152287, 100.00000000000003]
[90.45685279187818, 92.89340101522843, 96.24365482233503, 96.751269035533, 97.36040609137056, 98.68020304568529, 98.88324873096448, 99.08629441624367, 99.28934010152287, 100.00000000000003]
[90.45685279187818, 92.89340101522843, 96.24365482233503, 96.751269035533, 97.36040609137056, 98.68020304568529, 98.88324873096448, 99.08629441624367, 99.28934010152287, 100.00000000000003]
[90.45685279187818, 92.89340101522843, 96.24365482233503, 96.751269035533, 97.36040609137056, 98.68020304568529, 98.88324873096448, 99.08629441624367, 99.28934010152287, 100.00000000000003]
[90.45685279187818, 92.89340101522843, 96.24365482233503, 96.751269035533, 97.36040609137056, 98.68020304568529, 98.88324873096448, 99.08629441624367, 99.28934010152287, 100.00000000000003]
[90.45685279187818, 92.89340101522843, 96.24365482233503, 96.751269035533, 97.36040609137056, 98.68020304568529, 98.88324873096448, 99.08629441624367, 99.28934010152287, 100.00000000000003]
[90.45685279187818, 92.89340101522843, 96.24365482233503, 96.751269035533, 97.36040609137056, 98.68020304568529, 98.88324873096448, 99.08629441624367, 99.28934010152287, 100.00000000000003]
[90.45685279187818, 92.89340101522843, 96.24365482233503, 96.751269035533, 97.36040609137056, 98.68020304568529, 98.88324873096448, 99.08629441624367, 99.28934010152287, 100.00000000000003]
[90.45685279187818, 92.89340101522843, 96.24365482233503, 96.751269035533, 97.36040609137056, 98.68020304568529, 98.88324873096448, 99.08629441624367, 99.28934010152287, 100.00000000000003]
[90.45685279187818, 92.89340101522843, 96.24365482233503, 96.751269035533, 97.36040609137056, 98.68020304568529, 98.88324873096448, 99.08629441624367, 99.28934010152287, 100.00000000000003]
[90.45685279187818, 92.89340101522843, 96.24365482233503, 96.751269035533, 97.36040609137056, 98.68020304568529, 98.88324873096448, 99.08629441624367, 99.28934010152287, 100.00000000000003]
[90.45685279187818, 92.89340101522843, 96.24365482233503, 96.751269035533, 97.36040609137056, 98.68020304568529, 98.88324873096448, 99.08629441624367, 99.28934010152287, 100.00000000000003]
[90.45685279187818, 92.89340101522843, 96.24365482233503, 96.751269035533, 97.36040609137056, 98.68020304568529, 98.88324873096448, 99.08629441624367, 99.28934010152287, 100.00000000000003]
[90.45685279187818, 92.89340101522843, 96.24365482233503, 96.751269035533, 97.36040609137056, 98.68020304568529, 98.88324873096448, 99.08629441624367, 99.28934010152287, 100.00000000000003]
[90.45685279187818, 92.89340101522843, 96.24365482233503, 96.751269035533, 97.36040609137056, 98.68020304568529, 98.88324873096448, 99.08629441624367, 99.28934010152287, 100.00000000000003]
[90.45685279187818, 92.89340101522843, 96.24365482233503, 96.751269035533, 97.36040609137056, 98.68020304568529, 98.88324873096448, 99.08629441624367, 99.28934010152287, 100.00000000000003]
[90.45685279187818, 92.89340101522843, 96.24365482233503, 96.751269035533, 97.36040609137056, 98.68020304568529, 98.88324873096448, 99.08629441624367, 99.28934010152287, 100.00000000000003]
[90.45685279187818, 92.89340101522843, 96.24365482233503, 96.751269035533, 97.36040609137056, 98.68020304568529, 98.88324873096448, 99.08629441624367, 99.28934010152287, 100.00000000000003]
[90.45685279187818, 92.89340101522843, 96.24365482233503, 96.751269035533, 97.36040609137056, 98.68020304568529, 98.88324873096448, 99.08629441624367, 99.28934010152287, 100.00000000000003]
[90.45685279187818, 92.89340101522843, 96.24365482233503, 96.751269035533, 97.36040609137056, 98.68020304568529, 98.88324873096448, 99.08629441624367, 99.28934010152287, 100.00000000000003]
[90.45685279187818, 92.89340101522843, 96.24365482233503, 96.751269035533, 97.36040609137056, 98.68020304568529, 98.88324873096448, 99.08629441624367, 99.28934010152287, 100.00000000000003]
[90.45685279187818, 92.89340101522843, 96.24365482233503, 96.751269035533, 97.36040609137056, 98.68020304568529, 98.88324873096448, 99.08629441624367, 99.28934010152287, 100.00000000000003]
[90.45685279187818, 92.89340101522843, 96.24365482233503, 96.751269035533, 97.36040609137056, 98.68020304568529, 98.88324873096448, 99.08629441624367, 99.28934010152287, 100.00000000000003]
[90.45685279187818, 92.89340101522843, 96.24365482233503, 96.751269035533, 97.36040609137056, 98.68020304568529, 98.88324873096448, 99.08629441624367, 99.28934010152287, 100.00000000000003]
[83.95939086294416, 93.90862944162437, 98.3756345177665, 98.57868020304569, 98.78172588832489, 98.98477157360408, 100.00000000000001]
[83.95939086294416, 93.90862944162437, 98.3756345177665, 98.57868020304569, 98.78172588832489, 98.98477157360408, 100.00000000000001]
[83.95939086294416, 93.90862944162437, 98.3756345177665, 98.57868020304569, 98.78172588832489, 98.98477157360408, 100.00000000000001]
[83.95939086294416, 93.90862944162437, 98.3756345177665, 98.57868020304569, 98.78172588832489, 98.98477157360408, 100.00000000000001]
[83.95939086294416, 93.90862944162437, 98.3756345177665, 98.57868020304569, 98.78172588832489, 98.98477157360408, 100.00000000000001]
[83.95939086294416, 93.90862944162437, 98.3756345177665, 98.57868020304569, 98.78172588832489, 98.98477157360408, 100.00000000000001]
[83.95939086294416, 93.90862944162437, 98.3756345177665, 98.57868020304569, 98.78172588832489, 98.98477157360408, 100.00000000000001]
[83.95939086294416, 93.90862944162437, 98.3756345177665, 98.57868020304569, 98.78172588832489, 98.98477157360408, 100.00000000000001]
[83.95939086294416, 93.90862944162437, 98.3756345177665, 98.57868020304569, 98.78172588832489, 98.98477157360408, 100.00000000000001]
[83.95939086294416, 93.90862944162437, 98.3756345177665, 98.57868020304569, 98.78172588832489, 98.98477157360408, 100.00000000000001]
[83.95939086294416, 93.90862944162437, 98.3756345177665, 98.57868020304569, 98.78172588832489, 98.98477157360408, 100.00000000000001]
[83.95939086294416, 93.90862944162437, 98.3756345177665, 98.57868020304569, 98.78172588832489, 98.98477157360408, 100.00000000000001]
[83.95939086294416, 93.90862944162437, 98.3756345177665, 98.57868020304569, 98.78172588832489, 98.98477157360408, 100.00000000000001]
[83.95939086294416, 93.90862944162437, 98.3756345177665, 98.57868020304569, 98.78172588832489, 98.98477157360408, 100.00000000000001]
[83.95939086294416, 93.90862944162437, 98.3756345177665, 98.57868020304569, 98.78172588832489, 98.98477157360408, 100.00000000000001]
[83.95939086294416, 93.90862944162437, 98.3756345177665, 98.57868020304569, 98.78172588832489, 98.98477157360408, 100.00000000000001]
[83.95939086294416, 93.90862944162437, 98.3756345177665, 98.57868020304569, 98.78172588832489, 98.98477157360408, 100.00000000000001]
[83.95939086294416, 93.90862944162437, 98.3756345177665, 98.57868020304569, 98.78172588832489, 98.98477157360408, 100.00000000000001]
[83.95939086294416, 93.90862944162437, 98.3756345177665, 98.57868020304569, 98.78172588832489, 98.98477157360408, 100.00000000000001]
[83.95939086294416, 93.90862944162437, 98.3756345177665, 98.57868020304569, 98.78172588832489, 98.98477157360408, 100.00000000000001]
[83.95939086294416, 93.90862944162437, 98.3756345177665, 98.57868020304569, 98.78172588832489, 98.98477157360408, 100.00000000000001]
[83.95939086294416, 93.90862944162437, 98.3756345177665, 98.57868020304569, 98.78172588832489, 98.98477157360408, 100.00000000000001]
[83.95939086294416, 93.90862944162437, 98.3756345177665, 98.57868020304569, 98.78172588832489, 98.98477157360408, 100.00000000000001]
[83.95939086294416, 93.90862944162437, 98.3756345177665, 98.57868020304569, 98.78172588832489, 98.98477157360408, 100.00000000000001]
[83.95939086294416, 93.90862944162437, 98.3756345177665, 98.57868020304569, 98.78172588832489, 98.98477157360408, 100.00000000000001]
[83.95939086294416, 93.90862944162437, 98.3756345177665, 98.57868020304569, 98.78172588832489, 98.98477157360408, 100.00000000000001]
[83.95939086294416, 93.90862944162437, 98.3756345177665, 98.57868020304569, 98.78172588832489, 98.98477157360408, 100.00000000000001]
[83.95939086294416, 93.90862944162437, 98.3756345177665, 98.57868020304569, 98.78172588832489, 98.98477157360408, 100.00000000000001]
[83.95939086294416, 93.90862944162437, 98.3756345177665, 98.57868020304569, 98.78172588832489, 98.98477157360408, 100.00000000000001]
[83.95939086294416, 93.90862944162437, 98.3756345177665, 98.57868020304569, 98.78172588832489, 98.98477157360408, 100.00000000000001]
[83.95939086294416, 93.90862944162437, 98.3756345177665, 98.57868020304569, 98.78172588832489, 98.98477157360408, 100.00000000000001]
[83.95939086294416, 93.90862944162437, 98.3756345177665, 98.57868020304569, 98.78172588832489, 98.98477157360408, 100.00000000000001]
[83.95939086294416, 93.90862944162437, 98.3756345177665, 98.57868020304569, 98.78172588832489, 98.98477157360408, 100.00000000000001]
[83.95939086294416, 93.90862944162437, 98.3756345177665, 98.57868020304569, 98.78172588832489, 98.98477157360408, 100.00000000000001]
[83.95939086294416, 93.90862944162437, 98.3756345177665, 98.57868020304569, 98.78172588832489, 98.98477157360408, 100.00000000000001]
[83.95939086294416, 93.90862944162437, 98.3756345177665, 98.57868020304569, 98.78172588832489, 98.98477157360408, 100.00000000000001]
[83.95939086294416, 93.90862944162437, 98.3756345177665, 98.57868020304569, 98.78172588832489, 98.98477157360408, 100.00000000000001]
[87.20812182741116, 91.77664974619289, 94.31472081218274, 97.36040609137056, 97.76649746192894, 100.0]
[87.20812182741116, 91.77664974619289, 94.31472081218274, 97.36040609137056, 97.76649746192894, 100.0]
[87.20812182741116, 91.77664974619289, 94.31472081218274, 97.36040609137056, 97.76649746192894, 100.0]
[87.20812182741116, 91.77664974619289, 94.31472081218274, 97.36040609137056, 97.76649746192894, 100.0]
[87.20812182741116, 91.77664974619289, 94.31472081218274, 97.36040609137056, 97.76649746192894, 100.0]
[87.20812182741116, 91.77664974619289, 94.31472081218274, 97.36040609137056, 97.76649746192894, 100.0]
[87.20812182741116, 91.77664974619289, 94.31472081218274, 97.36040609137056, 97.76649746192894, 100.0]
[87.20812182741116, 91.77664974619289, 94.31472081218274, 97.36040609137056, 97.76649746192894, 100.0]
[87.20812182741116, 91.77664974619289, 94.31472081218274, 97.36040609137056, 97.76649746192894, 100.0]
[87.20812182741116, 91.77664974619289, 94.31472081218274, 97.36040609137056, 97.76649746192894, 100.0]
[87.20812182741116, 91.77664974619289, 94.31472081218274, 97.36040609137056, 97.76649746192894, 100.0]
[87.20812182741116, 91.77664974619289, 94.31472081218274, 97.36040609137056, 97.76649746192894, 100.0]
[87.20812182741116, 91.77664974619289, 94.31472081218274, 97.36040609137056, 97.76649746192894, 100.0]
[87.20812182741116, 91.77664974619289, 94.31472081218274, 97.36040609137056, 97.76649746192894, 100.0]
[87.20812182741116, 91.77664974619289, 94.31472081218274, 97.36040609137056, 97.76649746192894, 100.0]
[87.20812182741116, 91.77664974619289, 94.31472081218274, 97.36040609137056, 97.76649746192894, 100.0]
[87.20812182741116, 91.77664974619289, 94.31472081218274, 97.36040609137056, 97.76649746192894, 100.0]
[87.20812182741116, 91.77664974619289, 94.31472081218274, 97.36040609137056, 97.76649746192894, 100.0]
[87.20812182741116, 91.77664974619289, 94.31472081218274, 97.36040609137056, 97.76649746192894, 100.0]
[87.20812182741116, 91.77664974619289, 94.31472081218274, 97.36040609137056, 97.76649746192894, 100.0]
[87.20812182741116, 91.77664974619289, 94.31472081218274, 97.36040609137056, 97.76649746192894, 100.0]
[87.20812182741116, 91.77664974619289, 94.31472081218274, 97.36040609137056, 97.76649746192894, 100.0]
[87.20812182741116, 91.77664974619289, 94.31472081218274, 97.36040609137056, 97.76649746192894, 100.0]
[87.20812182741116, 91.77664974619289, 94.31472081218274, 97.36040609137056, 97.76649746192894, 100.0]
[87.20812182741116, 91.77664974619289, 94.31472081218274, 97.36040609137056, 97.76649746192894, 100.0]
[87.20812182741116, 91.77664974619289, 94.31472081218274, 97.36040609137056, 97.76649746192894, 100.0]
[87.20812182741116, 91.77664974619289, 94.31472081218274, 97.36040609137056, 97.76649746192894, 100.0]
[87.20812182741116, 91.77664974619289, 94.31472081218274, 97.36040609137056, 97.76649746192894, 100.0]
[87.20812182741116, 91.77664974619289, 94.31472081218274, 97.36040609137056, 97.76649746192894, 100.0]
[87.20812182741116, 91.77664974619289, 94.31472081218274, 97.36040609137056, 97.76649746192894, 100.0]
[87.20812182741116, 91.77664974619289, 94.31472081218274, 97.36040609137056, 97.76649746192894, 100.0]
[87.20812182741116, 91.77664974619289, 94.31472081218274, 97.36040609137056, 97.76649746192894, 100.0]
[87.20812182741116, 91.77664974619289, 94.31472081218274, 97.36040609137056, 97.76649746192894, 100.0]
[87.20812182741116, 91.77664974619289, 94.31472081218274, 97.36040609137056, 97.76649746192894, 100.0]
[87.20812182741116, 91.77664974619289, 94.31472081218274, 97.36040609137056, 97.76649746192894, 100.0]
[87.20812182741116, 91.77664974619289, 94.31472081218274, 97.36040609137056, 97.76649746192894, 100.0]
[87.20812182741116, 91.77664974619289, 94.31472081218274, 97.36040609137056, 97.76649746192894, 100.0]
[87.20812182741116, 91.77664974619289, 94.31472081218274, 97.36040609137056, 97.76649746192894, 100.0]
[87.20812182741116, 91.77664974619289, 94.31472081218274, 97.36040609137056, 97.76649746192894, 100.0]
[87.20812182741116, 91.77664974619289, 94.31472081218274, 97.36040609137056, 97.76649746192894, 100.0]
[87.20812182741116, 91.77664974619289, 94.31472081218274, 97.36040609137056, 97.76649746192894, 100.0]
[87.20812182741116, 91.77664974619289, 94.31472081218274, 97.36040609137056, 97.76649746192894, 100.0]
[87.20812182741116, 91.77664974619289, 94.31472081218274, 97.36040609137056, 97.76649746192894, 100.0]
[87.20812182741116, 91.77664974619289, 94.31472081218274, 97.36040609137056, 97.76649746192894, 100.0]
[87.20812182741116, 91.77664974619289, 94.31472081218274, 97.36040609137056, 97.76649746192894, 100.0]
[87.20812182741116, 91.77664974619289, 94.31472081218274, 97.36040609137056, 97.76649746192894, 100.0]
[87.20812182741116, 91.77664974619289, 94.31472081218274, 97.36040609137056, 97.76649746192894, 100.0]
[87.20812182741116, 91.77664974619289, 94.31472081218274, 97.36040609137056, 97.76649746192894, 100.0]
[87.20812182741116, 91.77664974619289, 94.31472081218274, 97.36040609137056, 97.76649746192894, 100.0]
[87.20812182741116, 91.77664974619289, 94.31472081218274, 97.36040609137056, 97.76649746192894, 100.0]
[86.19289340101523, 93.09644670050761, 95.12690355329948, 95.73604060913705, 96.34517766497461, 98.78172588832487, 98.98477157360406, 99.18781725888326, 100.00000000000001]
[86.19289340101523, 93.09644670050761, 95.12690355329948, 95.73604060913705, 96.34517766497461, 98.78172588832487, 98.98477157360406, 99.18781725888326, 100.00000000000001]
[86.19289340101523, 93.09644670050761, 95.12690355329948, 95.73604060913705, 96.34517766497461, 98.78172588832487, 98.98477157360406, 99.18781725888326, 100.00000000000001]
[86.19289340101523, 93.09644670050761, 95.12690355329948, 95.73604060913705, 96.34517766497461, 98.78172588832487, 98.98477157360406, 99.18781725888326, 100.00000000000001]
[86.19289340101523, 93.09644670050761, 95.12690355329948, 95.73604060913705, 96.34517766497461, 98.78172588832487, 98.98477157360406, 99.18781725888326, 100.00000000000001]
[86.19289340101523, 93.09644670050761, 95.12690355329948, 95.73604060913705, 96.34517766497461, 98.78172588832487, 98.98477157360406, 99.18781725888326, 100.00000000000001]
[86.19289340101523, 93.09644670050761, 95.12690355329948, 95.73604060913705, 96.34517766497461, 98.78172588832487, 98.98477157360406, 99.18781725888326, 100.00000000000001]
[86.19289340101523, 93.09644670050761, 95.12690355329948, 95.73604060913705, 96.34517766497461, 98.78172588832487, 98.98477157360406, 99.18781725888326, 100.00000000000001]
[86.19289340101523, 93.09644670050761, 95.12690355329948, 95.73604060913705, 96.34517766497461, 98.78172588832487, 98.98477157360406, 99.18781725888326, 100.00000000000001]
[86.19289340101523, 93.09644670050761, 95.12690355329948, 95.73604060913705, 96.34517766497461, 98.78172588832487, 98.98477157360406, 99.18781725888326, 100.00000000000001]
[86.19289340101523, 93.09644670050761, 95.12690355329948, 95.73604060913705, 96.34517766497461, 98.78172588832487, 98.98477157360406, 99.18781725888326, 100.00000000000001]
[86.19289340101523, 93.09644670050761, 95.12690355329948, 95.73604060913705, 96.34517766497461, 98.78172588832487, 98.98477157360406, 99.18781725888326, 100.00000000000001]
[86.19289340101523, 93.09644670050761, 95.12690355329948, 95.73604060913705, 96.34517766497461, 98.78172588832487, 98.98477157360406, 99.18781725888326, 100.00000000000001]
[86.19289340101523, 93.09644670050761, 95.12690355329948, 95.73604060913705, 96.34517766497461, 98.78172588832487, 98.98477157360406, 99.18781725888326, 100.00000000000001]
[86.19289340101523, 93.09644670050761, 95.12690355329948, 95.73604060913705, 96.34517766497461, 98.78172588832487, 98.98477157360406, 99.18781725888326, 100.00000000000001]
[86.19289340101523, 93.09644670050761, 95.12690355329948, 95.73604060913705, 96.34517766497461, 98.78172588832487, 98.98477157360406, 99.18781725888326, 100.00000000000001]
[86.19289340101523, 93.09644670050761, 95.12690355329948, 95.73604060913705, 96.34517766497461, 98.78172588832487, 98.98477157360406, 99.18781725888326, 100.00000000000001]
[86.19289340101523, 93.09644670050761, 95.12690355329948, 95.73604060913705, 96.34517766497461, 98.78172588832487, 98.98477157360406, 99.18781725888326, 100.00000000000001]
[86.19289340101523, 93.09644670050761, 95.12690355329948, 95.73604060913705, 96.34517766497461, 98.78172588832487, 98.98477157360406, 99.18781725888326, 100.00000000000001]
[86.19289340101523, 93.09644670050761, 95.12690355329948, 95.73604060913705, 96.34517766497461, 98.78172588832487, 98.98477157360406, 99.18781725888326, 100.00000000000001]
[86.19289340101523, 93.09644670050761, 95.12690355329948, 95.73604060913705, 96.34517766497461, 98.78172588832487, 98.98477157360406, 99.18781725888326, 100.00000000000001]
[86.19289340101523, 93.09644670050761, 95.12690355329948, 95.73604060913705, 96.34517766497461, 98.78172588832487, 98.98477157360406, 99.18781725888326, 100.00000000000001]
[86.19289340101523, 93.09644670050761, 95.12690355329948, 95.73604060913705, 96.34517766497461, 98.78172588832487, 98.98477157360406, 99.18781725888326, 100.00000000000001]
[86.19289340101523, 93.09644670050761, 95.12690355329948, 95.73604060913705, 96.34517766497461, 98.78172588832487, 98.98477157360406, 99.18781725888326, 100.00000000000001]
[86.19289340101523, 93.09644670050761, 95.12690355329948, 95.73604060913705, 96.34517766497461, 98.78172588832487, 98.98477157360406, 99.18781725888326, 100.00000000000001]
[86.19289340101523, 93.09644670050761, 95.12690355329948, 95.73604060913705, 96.34517766497461, 98.78172588832487, 98.98477157360406, 99.18781725888326, 100.00000000000001]
[86.19289340101523, 93.09644670050761, 95.12690355329948, 95.73604060913705, 96.34517766497461, 98.78172588832487, 98.98477157360406, 99.18781725888326, 100.00000000000001]
[86.19289340101523, 93.09644670050761, 95.12690355329948, 95.73604060913705, 96.34517766497461, 98.78172588832487, 98.98477157360406, 99.18781725888326, 100.00000000000001]
[86.19289340101523, 93.09644670050761, 95.12690355329948, 95.73604060913705, 96.34517766497461, 98.78172588832487, 98.98477157360406, 99.18781725888326, 100.00000000000001]
[86.19289340101523, 93.09644670050761, 95.12690355329948, 95.73604060913705, 96.34517766497461, 98.78172588832487, 98.98477157360406, 99.18781725888326, 100.00000000000001]
[86.19289340101523, 93.09644670050761, 95.12690355329948, 95.73604060913705, 96.34517766497461, 98.78172588832487, 98.98477157360406, 99.18781725888326, 100.00000000000001]
[86.19289340101523, 93.09644670050761, 95.12690355329948, 95.73604060913705, 96.34517766497461, 98.78172588832487, 98.98477157360406, 99.18781725888326, 100.00000000000001]
[86.19289340101523, 93.09644670050761, 95.12690355329948, 95.73604060913705, 96.34517766497461, 98.78172588832487, 98.98477157360406, 99.18781725888326, 100.00000000000001]
[86.19289340101523, 93.09644670050761, 95.12690355329948, 95.73604060913705, 96.34517766497461, 98.78172588832487, 98.98477157360406, 99.18781725888326, 100.00000000000001]
[86.19289340101523, 93.09644670050761, 95.12690355329948, 95.73604060913705, 96.34517766497461, 98.78172588832487, 98.98477157360406, 99.18781725888326, 100.00000000000001]
[86.19289340101523, 93.09644670050761, 95.12690355329948, 95.73604060913705, 96.34517766497461, 98.78172588832487, 98.98477157360406, 99.18781725888326, 100.00000000000001]
[86.19289340101523, 93.09644670050761, 95.12690355329948, 95.73604060913705, 96.34517766497461, 98.78172588832487, 98.98477157360406, 99.18781725888326, 100.00000000000001]
[86.19289340101523, 93.09644670050761, 95.12690355329948, 95.73604060913705, 96.34517766497461, 98.78172588832487, 98.98477157360406, 99.18781725888326, 100.00000000000001]
[86.19289340101523, 93.09644670050761, 95.12690355329948, 95.73604060913705, 96.34517766497461, 98.78172588832487, 98.98477157360406, 99.18781725888326, 100.00000000000001]
[86.19289340101523, 93.09644670050761, 95.12690355329948, 95.73604060913705, 96.34517766497461, 98.78172588832487, 98.98477157360406, 99.18781725888326, 100.00000000000001]
[86.19289340101523, 93.09644670050761, 95.12690355329948, 95.73604060913705, 96.34517766497461, 98.78172588832487, 98.98477157360406, 99.18781725888326, 100.00000000000001]
[86.19289340101523, 93.09644670050761, 95.12690355329948, 95.73604060913705, 96.34517766497461, 98.78172588832487, 98.98477157360406, 99.18781725888326, 100.00000000000001]
[86.19289340101523, 93.09644670050761, 95.12690355329948, 95.73604060913705, 96.34517766497461, 98.78172588832487, 98.98477157360406, 99.18781725888326, 100.00000000000001]
[86.19289340101523, 93.09644670050761, 95.12690355329948, 95.73604060913705, 96.34517766497461, 98.78172588832487, 98.98477157360406, 99.18781725888326, 100.00000000000001]
[86.19289340101523, 93.09644670050761, 95.12690355329948, 95.73604060913705, 96.34517766497461, 98.78172588832487, 98.98477157360406, 99.18781725888326, 100.00000000000001]
[86.19289340101523, 93.09644670050761, 95.12690355329948, 95.73604060913705, 96.34517766497461, 98.78172588832487, 98.98477157360406, 99.18781725888326, 100.00000000000001]
[87.91878172588832, 92.08121827411168, 95.63451776649747, 98.3756345177665, 98.57868020304569, 98.78172588832489, 98.98477157360408, 99.18781725888327, 100.00000000000003]
[87.91878172588832, 92.08121827411168, 95.63451776649747, 98.3756345177665, 98.57868020304569, 98.78172588832489, 98.98477157360408, 99.18781725888327, 100.00000000000003]
[87.91878172588832, 92.08121827411168, 95.63451776649747, 98.3756345177665, 98.57868020304569, 98.78172588832489, 98.98477157360408, 99.18781725888327, 100.00000000000003]
[87.91878172588832, 92.08121827411168, 95.63451776649747, 98.3756345177665, 98.57868020304569, 98.78172588832489, 98.98477157360408, 99.18781725888327, 100.00000000000003]
[87.91878172588832, 92.08121827411168, 95.63451776649747, 98.3756345177665, 98.57868020304569, 98.78172588832489, 98.98477157360408, 99.18781725888327, 100.00000000000003]
[87.91878172588832, 92.08121827411168, 95.63451776649747, 98.3756345177665, 98.57868020304569, 98.78172588832489, 98.98477157360408, 99.18781725888327, 100.00000000000003]
[87.91878172588832, 92.08121827411168, 95.63451776649747, 98.3756345177665, 98.57868020304569, 98.78172588832489, 98.98477157360408, 99.18781725888327, 100.00000000000003]
[87.91878172588832, 92.08121827411168, 95.63451776649747, 98.3756345177665, 98.57868020304569, 98.78172588832489, 98.98477157360408, 99.18781725888327, 100.00000000000003]
[87.91878172588832, 92.08121827411168, 95.63451776649747, 98.3756345177665, 98.57868020304569, 98.78172588832489, 98.98477157360408, 99.18781725888327, 100.00000000000003]
[87.91878172588832, 92.08121827411168, 95.63451776649747, 98.3756345177665, 98.57868020304569, 98.78172588832489, 98.98477157360408, 99.18781725888327, 100.00000000000003]
[87.91878172588832, 92.08121827411168, 95.63451776649747, 98.3756345177665, 98.57868020304569, 98.78172588832489, 98.98477157360408, 99.18781725888327, 100.00000000000003]
[87.91878172588832, 92.08121827411168, 95.63451776649747, 98.3756345177665, 98.57868020304569, 98.78172588832489, 98.98477157360408, 99.18781725888327, 100.00000000000003]
[87.91878172588832, 92.08121827411168, 95.63451776649747, 98.3756345177665, 98.57868020304569, 98.78172588832489, 98.98477157360408, 99.18781725888327, 100.00000000000003]
[87.91878172588832, 92.08121827411168, 95.63451776649747, 98.3756345177665, 98.57868020304569, 98.78172588832489, 98.98477157360408, 99.18781725888327, 100.00000000000003]
[87.91878172588832, 92.08121827411168, 95.63451776649747, 98.3756345177665, 98.57868020304569, 98.78172588832489, 98.98477157360408, 99.18781725888327, 100.00000000000003]
[87.91878172588832, 92.08121827411168, 95.63451776649747, 98.3756345177665, 98.57868020304569, 98.78172588832489, 98.98477157360408, 99.18781725888327, 100.00000000000003]
[87.91878172588832, 92.08121827411168, 95.63451776649747, 98.3756345177665, 98.57868020304569, 98.78172588832489, 98.98477157360408, 99.18781725888327, 100.00000000000003]
[87.91878172588832, 92.08121827411168, 95.63451776649747, 98.3756345177665, 98.57868020304569, 98.78172588832489, 98.98477157360408, 99.18781725888327, 100.00000000000003]
[87.91878172588832, 92.08121827411168, 95.63451776649747, 98.3756345177665, 98.57868020304569, 98.78172588832489, 98.98477157360408, 99.18781725888327, 100.00000000000003]
[87.91878172588832, 92.08121827411168, 95.63451776649747, 98.3756345177665, 98.57868020304569, 98.78172588832489, 98.98477157360408, 99.18781725888327, 100.00000000000003]
[87.91878172588832, 92.08121827411168, 95.63451776649747, 98.3756345177665, 98.57868020304569, 98.78172588832489, 98.98477157360408, 99.18781725888327, 100.00000000000003]
[87.91878172588832, 92.08121827411168, 95.63451776649747, 98.3756345177665, 98.57868020304569, 98.78172588832489, 98.98477157360408, 99.18781725888327, 100.00000000000003]
[87.91878172588832, 92.08121827411168, 95.63451776649747, 98.3756345177665, 98.57868020304569, 98.78172588832489, 98.98477157360408, 99.18781725888327, 100.00000000000003]
[87.91878172588832, 92.08121827411168, 95.63451776649747, 98.3756345177665, 98.57868020304569, 98.78172588832489, 98.98477157360408, 99.18781725888327, 100.00000000000003]
[87.91878172588832, 92.08121827411168, 95.63451776649747, 98.3756345177665, 98.57868020304569, 98.78172588832489, 98.98477157360408, 99.18781725888327, 100.00000000000003]
[87.91878172588832, 92.08121827411168, 95.63451776649747, 98.3756345177665, 98.57868020304569, 98.78172588832489, 98.98477157360408, 99.18781725888327, 100.00000000000003]
[87.91878172588832, 92.08121827411168, 95.63451776649747, 98.3756345177665, 98.57868020304569, 98.78172588832489, 98.98477157360408, 99.18781725888327, 100.00000000000003]
[96.6497461928934, 98.3756345177665, 98.57868020304569, 98.78172588832489, 100.00000000000001]
[96.6497461928934, 98.3756345177665, 98.57868020304569, 98.78172588832489, 100.00000000000001]
[96.6497461928934, 98.3756345177665, 98.57868020304569, 98.78172588832489, 100.00000000000001]
[96.6497461928934, 98.3756345177665, 98.57868020304569, 98.78172588832489, 100.00000000000001]
[96.6497461928934, 98.3756345177665, 98.57868020304569, 98.78172588832489, 100.00000000000001]
[96.6497461928934, 98.3756345177665, 98.57868020304569, 98.78172588832489, 100.00000000000001]
[96.6497461928934, 98.3756345177665, 98.57868020304569, 98.78172588832489, 100.00000000000001]
[96.6497461928934, 98.3756345177665, 98.57868020304569, 98.78172588832489, 100.00000000000001]
[96.6497461928934, 98.3756345177665, 98.57868020304569, 98.78172588832489, 100.00000000000001]
[96.6497461928934, 98.3756345177665, 98.57868020304569, 98.78172588832489, 100.00000000000001]
[96.6497461928934, 98.3756345177665, 98.57868020304569, 98.78172588832489, 100.00000000000001]
[96.6497461928934, 98.3756345177665, 98.57868020304569, 98.78172588832489, 100.00000000000001]
[96.6497461928934, 98.3756345177665, 98.57868020304569, 98.78172588832489, 100.00000000000001]
[96.6497461928934, 98.3756345177665, 98.57868020304569, 98.78172588832489, 100.00000000000001]
[96.6497461928934, 98.3756345177665, 98.57868020304569, 98.78172588832489, 100.00000000000001]
[96.6497461928934, 98.3756345177665, 98.57868020304569, 98.78172588832489, 100.00000000000001]
[96.6497461928934, 98.3756345177665, 98.57868020304569, 98.78172588832489, 100.00000000000001]
[96.6497461928934, 98.3756345177665, 98.57868020304569, 98.78172588832489, 100.00000000000001]
[96.6497461928934, 98.3756345177665, 98.57868020304569, 98.78172588832489, 100.00000000000001]
[96.6497461928934, 98.3756345177665, 98.57868020304569, 98.78172588832489, 100.00000000000001]
[96.6497461928934, 98.3756345177665, 98.57868020304569, 98.78172588832489, 100.00000000000001]
[96.6497461928934, 98.3756345177665, 98.57868020304569, 98.78172588832489, 100.00000000000001]
[96.6497461928934, 98.3756345177665, 98.57868020304569, 98.78172588832489, 100.00000000000001]
[96.6497461928934, 98.3756345177665, 98.57868020304569, 98.78172588832489, 100.00000000000001]
[96.6497461928934, 98.3756345177665, 98.57868020304569, 98.78172588832489, 100.00000000000001]
[96.6497461928934, 98.3756345177665, 98.57868020304569, 98.78172588832489, 100.00000000000001]
[96.6497461928934, 98.3756345177665, 98.57868020304569, 98.78172588832489, 100.00000000000001]
[96.6497461928934, 98.3756345177665, 98.57868020304569, 98.78172588832489, 100.00000000000001]
[96.6497461928934, 98.3756345177665, 98.57868020304569, 98.78172588832489, 100.00000000000001]
[96.6497461928934, 98.3756345177665, 98.57868020304569, 98.78172588832489, 100.00000000000001]
[96.6497461928934, 98.3756345177665, 98.57868020304569, 98.78172588832489, 100.00000000000001]
[96.6497461928934, 98.3756345177665, 98.57868020304569, 98.78172588832489, 100.00000000000001]
[96.6497461928934, 98.3756345177665, 98.57868020304569, 98.78172588832489, 100.00000000000001]
[96.6497461928934, 98.3756345177665, 98.57868020304569, 98.78172588832489, 100.00000000000001]
[96.6497461928934, 98.3756345177665, 98.57868020304569, 98.78172588832489, 100.00000000000001]
[96.6497461928934, 98.3756345177665, 98.57868020304569, 98.78172588832489, 100.00000000000001]
[96.6497461928934, 98.3756345177665, 98.57868020304569, 98.78172588832489, 100.00000000000001]
[96.6497461928934, 98.3756345177665, 98.57868020304569, 98.78172588832489, 100.00000000000001]
[96.6497461928934, 98.3756345177665, 98.57868020304569, 98.78172588832489, 100.00000000000001]
[96.6497461928934, 98.3756345177665, 98.57868020304569, 98.78172588832489, 100.00000000000001]
[96.6497461928934, 98.3756345177665, 98.57868020304569, 98.78172588832489, 100.00000000000001]
[96.6497461928934, 98.3756345177665, 98.57868020304569, 98.78172588832489, 100.00000000000001]
[96.6497461928934, 98.3756345177665, 98.57868020304569, 98.78172588832489, 100.00000000000001]
[96.6497461928934, 98.3756345177665, 98.57868020304569, 98.78172588832489, 100.00000000000001]
[96.6497461928934, 98.3756345177665, 98.57868020304569, 98.78172588832489, 100.00000000000001]
[96.6497461928934, 98.3756345177665, 98.57868020304569, 98.78172588832489, 100.00000000000001]
[96.6497461928934, 98.3756345177665, 98.57868020304569, 98.78172588832489, 100.00000000000001]
[96.6497461928934, 98.3756345177665, 98.57868020304569, 98.78172588832489, 100.00000000000001]
[96.6497461928934, 98.3756345177665, 98.57868020304569, 98.78172588832489, 100.00000000000001]
[96.6497461928934, 98.3756345177665, 98.57868020304569, 98.78172588832489, 100.00000000000001]
[96.6497461928934, 98.3756345177665, 98.57868020304569, 98.78172588832489, 100.00000000000001]
[80.91370558375634, 89.44162436548223, 95.73604060913705, 97.86802030456852, 99.49238578680202, 99.99999999999999]
[80.91370558375634, 89.44162436548223, 95.73604060913705, 97.86802030456852, 99.49238578680202, 99.99999999999999]
[80.91370558375634, 89.44162436548223, 95.73604060913705, 97.86802030456852, 99.49238578680202, 99.99999999999999]
[80.91370558375634, 89.44162436548223, 95.73604060913705, 97.86802030456852, 99.49238578680202, 99.99999999999999]
[80.91370558375634, 89.44162436548223, 95.73604060913705, 97.86802030456852, 99.49238578680202, 99.99999999999999]
[80.91370558375634, 89.44162436548223, 95.73604060913705, 97.86802030456852, 99.49238578680202, 99.99999999999999]
[80.91370558375634, 89.44162436548223, 95.73604060913705, 97.86802030456852, 99.49238578680202, 99.99999999999999]
[80.91370558375634, 89.44162436548223, 95.73604060913705, 97.86802030456852, 99.49238578680202, 99.99999999999999]
[80.91370558375634, 89.44162436548223, 95.73604060913705, 97.86802030456852, 99.49238578680202, 99.99999999999999]
[80.91370558375634, 89.44162436548223, 95.73604060913705, 97.86802030456852, 99.49238578680202, 99.99999999999999]
[80.91370558375634, 89.44162436548223, 95.73604060913705, 97.86802030456852, 99.49238578680202, 99.99999999999999]
[80.91370558375634, 89.44162436548223, 95.73604060913705, 97.86802030456852, 99.49238578680202, 99.99999999999999]
[80.91370558375634, 89.44162436548223, 95.73604060913705, 97.86802030456852, 99.49238578680202, 99.99999999999999]
[80.91370558375634, 89.44162436548223, 95.73604060913705, 97.86802030456852, 99.49238578680202, 99.99999999999999]
[80.91370558375634, 89.44162436548223, 95.73604060913705, 97.86802030456852, 99.49238578680202, 99.99999999999999]
[80.91370558375634, 89.44162436548223, 95.73604060913705, 97.86802030456852, 99.49238578680202, 99.99999999999999]
[80.91370558375634, 89.44162436548223, 95.73604060913705, 97.86802030456852, 99.49238578680202, 99.99999999999999]
[80.91370558375634, 89.44162436548223, 95.73604060913705, 97.86802030456852, 99.49238578680202, 99.99999999999999]
[80.91370558375634, 89.44162436548223, 95.73604060913705, 97.86802030456852, 99.49238578680202, 99.99999999999999]
[80.91370558375634, 89.44162436548223, 95.73604060913705, 97.86802030456852, 99.49238578680202, 99.99999999999999]
[80.91370558375634, 89.44162436548223, 95.73604060913705, 97.86802030456852, 99.49238578680202, 99.99999999999999]
[80.91370558375634, 89.44162436548223, 95.73604060913705, 97.86802030456852, 99.49238578680202, 99.99999999999999]
[80.91370558375634, 89.44162436548223, 95.73604060913705, 97.86802030456852, 99.49238578680202, 99.99999999999999]
[80.91370558375634, 89.44162436548223, 95.73604060913705, 97.86802030456852, 99.49238578680202, 99.99999999999999]
[80.91370558375634, 89.44162436548223, 95.73604060913705, 97.86802030456852, 99.49238578680202, 99.99999999999999]
[80.91370558375634, 89.44162436548223, 95.73604060913705, 97.86802030456852, 99.49238578680202, 99.99999999999999]
[80.91370558375634, 89.44162436548223, 95.73604060913705, 97.86802030456852, 99.49238578680202, 99.99999999999999]
[80.91370558375634, 89.44162436548223, 95.73604060913705, 97.86802030456852, 99.49238578680202, 99.99999999999999]
[80.91370558375634, 89.44162436548223, 95.73604060913705, 97.86802030456852, 99.49238578680202, 99.99999999999999]
[80.91370558375634, 89.44162436548223, 95.73604060913705, 97.86802030456852, 99.49238578680202, 99.99999999999999]
[80.91370558375634, 89.44162436548223, 95.73604060913705, 97.86802030456852, 99.49238578680202, 99.99999999999999]
[80.91370558375634, 89.44162436548223, 95.73604060913705, 97.86802030456852, 99.49238578680202, 99.99999999999999]
[80.91370558375634, 89.44162436548223, 95.73604060913705, 97.86802030456852, 99.49238578680202, 99.99999999999999]
[80.91370558375634, 89.44162436548223, 95.73604060913705, 97.86802030456852, 99.49238578680202, 99.99999999999999]
[80.91370558375634, 89.44162436548223, 95.73604060913705, 97.86802030456852, 99.49238578680202, 99.99999999999999]
[80.91370558375634, 89.44162436548223, 95.73604060913705, 97.86802030456852, 99.49238578680202, 99.99999999999999]
[80.91370558375634, 89.44162436548223, 95.73604060913705, 97.86802030456852, 99.49238578680202, 99.99999999999999]
[80.91370558375634, 89.44162436548223, 95.73604060913705, 97.86802030456852, 99.49238578680202, 99.99999999999999]
[92.08121827411168, 94.21319796954315, 94.82233502538071, 95.43147208121827, 96.04060913705584, 96.6497461928934, 98.88324873096447, 99.08629441624366, 99.28934010152285, 100.00000000000001]
[92.08121827411168, 94.21319796954315, 94.82233502538071, 95.43147208121827, 96.04060913705584, 96.6497461928934, 98.88324873096447, 99.08629441624366, 99.28934010152285, 100.00000000000001]
[92.08121827411168, 94.21319796954315, 94.82233502538071, 95.43147208121827, 96.04060913705584, 96.6497461928934, 98.88324873096447, 99.08629441624366, 99.28934010152285, 100.00000000000001]
[92.08121827411168, 94.21319796954315, 94.82233502538071, 95.43147208121827, 96.04060913705584, 96.6497461928934, 98.88324873096447, 99.08629441624366, 99.28934010152285, 100.00000000000001]
[92.08121827411168, 94.21319796954315, 94.82233502538071, 95.43147208121827, 96.04060913705584, 96.6497461928934, 98.88324873096447, 99.08629441624366, 99.28934010152285, 100.00000000000001]
[92.08121827411168, 94.21319796954315, 94.82233502538071, 95.43147208121827, 96.04060913705584, 96.6497461928934, 98.88324873096447, 99.08629441624366, 99.28934010152285, 100.00000000000001]
[92.08121827411168, 94.21319796954315, 94.82233502538071, 95.43147208121827, 96.04060913705584, 96.6497461928934, 98.88324873096447, 99.08629441624366, 99.28934010152285, 100.00000000000001]
[92.08121827411168, 94.21319796954315, 94.82233502538071, 95.43147208121827, 96.04060913705584, 96.6497461928934, 98.88324873096447, 99.08629441624366, 99.28934010152285, 100.00000000000001]
[92.08121827411168, 94.21319796954315, 94.82233502538071, 95.43147208121827, 96.04060913705584, 96.6497461928934, 98.88324873096447, 99.08629441624366, 99.28934010152285, 100.00000000000001]
[92.08121827411168, 94.21319796954315, 94.82233502538071, 95.43147208121827, 96.04060913705584, 96.6497461928934, 98.88324873096447, 99.08629441624366, 99.28934010152285, 100.00000000000001]
[92.08121827411168, 94.21319796954315, 94.82233502538071, 95.43147208121827, 96.04060913705584, 96.6497461928934, 98.88324873096447, 99.08629441624366, 99.28934010152285, 100.00000000000001]
[92.08121827411168, 94.21319796954315, 94.82233502538071, 95.43147208121827, 96.04060913705584, 96.6497461928934, 98.88324873096447, 99.08629441624366, 99.28934010152285, 100.00000000000001]
[92.08121827411168, 94.21319796954315, 94.82233502538071, 95.43147208121827, 96.04060913705584, 96.6497461928934, 98.88324873096447, 99.08629441624366, 99.28934010152285, 100.00000000000001]
[92.08121827411168, 94.21319796954315, 94.82233502538071, 95.43147208121827, 96.04060913705584, 96.6497461928934, 98.88324873096447, 99.08629441624366, 99.28934010152285, 100.00000000000001]
[92.08121827411168, 94.21319796954315, 94.82233502538071, 95.43147208121827, 96.04060913705584, 96.6497461928934, 98.88324873096447, 99.08629441624366, 99.28934010152285, 100.00000000000001]
[92.08121827411168, 94.21319796954315, 94.82233502538071, 95.43147208121827, 96.04060913705584, 96.6497461928934, 98.88324873096447, 99.08629441624366, 99.28934010152285, 100.00000000000001]
[92.08121827411168, 94.21319796954315, 94.82233502538071, 95.43147208121827, 96.04060913705584, 96.6497461928934, 98.88324873096447, 99.08629441624366, 99.28934010152285, 100.00000000000001]
[92.08121827411168, 94.21319796954315, 94.82233502538071, 95.43147208121827, 96.04060913705584, 96.6497461928934, 98.88324873096447, 99.08629441624366, 99.28934010152285, 100.00000000000001]
[92.08121827411168, 94.21319796954315, 94.82233502538071, 95.43147208121827, 96.04060913705584, 96.6497461928934, 98.88324873096447, 99.08629441624366, 99.28934010152285, 100.00000000000001]
[92.08121827411168, 94.21319796954315, 94.82233502538071, 95.43147208121827, 96.04060913705584, 96.6497461928934, 98.88324873096447, 99.08629441624366, 99.28934010152285, 100.00000000000001]
[92.08121827411168, 94.21319796954315, 94.82233502538071, 95.43147208121827, 96.04060913705584, 96.6497461928934, 98.88324873096447, 99.08629441624366, 99.28934010152285, 100.00000000000001]
[92.08121827411168, 94.21319796954315, 94.82233502538071, 95.43147208121827, 96.04060913705584, 96.6497461928934, 98.88324873096447, 99.08629441624366, 99.28934010152285, 100.00000000000001]
[92.08121827411168, 94.21319796954315, 94.82233502538071, 95.43147208121827, 96.04060913705584, 96.6497461928934, 98.88324873096447, 99.08629441624366, 99.28934010152285, 100.00000000000001]
[92.08121827411168, 94.21319796954315, 94.82233502538071, 95.43147208121827, 96.04060913705584, 96.6497461928934, 98.88324873096447, 99.08629441624366, 99.28934010152285, 100.00000000000001]
[92.08121827411168, 94.21319796954315, 94.82233502538071, 95.43147208121827, 96.04060913705584, 96.6497461928934, 98.88324873096447, 99.08629441624366, 99.28934010152285, 100.00000000000001]
[92.08121827411168, 94.21319796954315, 94.82233502538071, 95.43147208121827, 96.04060913705584, 96.6497461928934, 98.88324873096447, 99.08629441624366, 99.28934010152285, 100.00000000000001]
[92.08121827411168, 94.21319796954315, 94.82233502538071, 95.43147208121827, 96.04060913705584, 96.6497461928934, 98.88324873096447, 99.08629441624366, 99.28934010152285, 100.00000000000001]
[92.08121827411168, 94.21319796954315, 94.82233502538071, 95.43147208121827, 96.04060913705584, 96.6497461928934, 98.88324873096447, 99.08629441624366, 99.28934010152285, 100.00000000000001]
[92.08121827411168, 94.21319796954315, 94.82233502538071, 95.43147208121827, 96.04060913705584, 96.6497461928934, 98.88324873096447, 99.08629441624366, 99.28934010152285, 100.00000000000001]
[92.08121827411168, 94.21319796954315, 94.82233502538071, 95.43147208121827, 96.04060913705584, 96.6497461928934, 98.88324873096447, 99.08629441624366, 99.28934010152285, 100.00000000000001]
[92.08121827411168, 94.21319796954315, 94.82233502538071, 95.43147208121827, 96.04060913705584, 96.6497461928934, 98.88324873096447, 99.08629441624366, 99.28934010152285, 100.00000000000001]
[92.08121827411168, 94.21319796954315, 94.82233502538071, 95.43147208121827, 96.04060913705584, 96.6497461928934, 98.88324873096447, 99.08629441624366, 99.28934010152285, 100.00000000000001]
[92.08121827411168, 94.21319796954315, 94.82233502538071, 95.43147208121827, 96.04060913705584, 96.6497461928934, 98.88324873096447, 99.08629441624366, 99.28934010152285, 100.00000000000001]
[92.08121827411168, 94.21319796954315, 94.82233502538071, 95.43147208121827, 96.04060913705584, 96.6497461928934, 98.88324873096447, 99.08629441624366, 99.28934010152285, 100.00000000000001]
[92.08121827411168, 94.21319796954315, 94.82233502538071, 95.43147208121827, 96.04060913705584, 96.6497461928934, 98.88324873096447, 99.08629441624366, 99.28934010152285, 100.00000000000001]
[92.08121827411168, 94.21319796954315, 94.82233502538071, 95.43147208121827, 96.04060913705584, 96.6497461928934, 98.88324873096447, 99.08629441624366, 99.28934010152285, 100.00000000000001]
[92.08121827411168, 94.21319796954315, 94.82233502538071, 95.43147208121827, 96.04060913705584, 96.6497461928934, 98.88324873096447, 99.08629441624366, 99.28934010152285, 100.00000000000001]
[92.18274111675126, 92.99492385786802, 95.02538071065989, 95.63451776649745, 97.25888324873095, 97.66497461928932, 98.88324873096445, 99.08629441624365, 99.28934010152284, 100.0]
[92.18274111675126, 92.99492385786802, 95.02538071065989, 95.63451776649745, 97.25888324873095, 97.66497461928932, 98.88324873096445, 99.08629441624365, 99.28934010152284, 100.0]
[92.18274111675126, 92.99492385786802, 95.02538071065989, 95.63451776649745, 97.25888324873095, 97.66497461928932, 98.88324873096445, 99.08629441624365, 99.28934010152284, 100.0]
[92.18274111675126, 92.99492385786802, 95.02538071065989, 95.63451776649745, 97.25888324873095, 97.66497461928932, 98.88324873096445, 99.08629441624365, 99.28934010152284, 100.0]
[92.18274111675126, 92.99492385786802, 95.02538071065989, 95.63451776649745, 97.25888324873095, 97.66497461928932, 98.88324873096445, 99.08629441624365, 99.28934010152284, 100.0]
[92.18274111675126, 92.99492385786802, 95.02538071065989, 95.63451776649745, 97.25888324873095, 97.66497461928932, 98.88324873096445, 99.08629441624365, 99.28934010152284, 100.0]
[92.18274111675126, 92.99492385786802, 95.02538071065989, 95.63451776649745, 97.25888324873095, 97.66497461928932, 98.88324873096445, 99.08629441624365, 99.28934010152284, 100.0]
[92.18274111675126, 92.99492385786802, 95.02538071065989, 95.63451776649745, 97.25888324873095, 97.66497461928932, 98.88324873096445, 99.08629441624365, 99.28934010152284, 100.0]
[92.18274111675126, 92.99492385786802, 95.02538071065989, 95.63451776649745, 97.25888324873095, 97.66497461928932, 98.88324873096445, 99.08629441624365, 99.28934010152284, 100.0]
[92.18274111675126, 92.99492385786802, 95.02538071065989, 95.63451776649745, 97.25888324873095, 97.66497461928932, 98.88324873096445, 99.08629441624365, 99.28934010152284, 100.0]
[92.18274111675126, 92.99492385786802, 95.02538071065989, 95.63451776649745, 97.25888324873095, 97.66497461928932, 98.88324873096445, 99.08629441624365, 99.28934010152284, 100.0]
[92.18274111675126, 92.99492385786802, 95.02538071065989, 95.63451776649745, 97.25888324873095, 97.66497461928932, 98.88324873096445, 99.08629441624365, 99.28934010152284, 100.0]
[92.18274111675126, 92.99492385786802, 95.02538071065989, 95.63451776649745, 97.25888324873095, 97.66497461928932, 98.88324873096445, 99.08629441624365, 99.28934010152284, 100.0]
[92.18274111675126, 92.99492385786802, 95.02538071065989, 95.63451776649745, 97.25888324873095, 97.66497461928932, 98.88324873096445, 99.08629441624365, 99.28934010152284, 100.0]
[92.18274111675126, 92.99492385786802, 95.02538071065989, 95.63451776649745, 97.25888324873095, 97.66497461928932, 98.88324873096445, 99.08629441624365, 99.28934010152284, 100.0]
[92.18274111675126, 92.99492385786802, 95.02538071065989, 95.63451776649745, 97.25888324873095, 97.66497461928932, 98.88324873096445, 99.08629441624365, 99.28934010152284, 100.0]
[92.18274111675126, 92.99492385786802, 95.02538071065989, 95.63451776649745, 97.25888324873095, 97.66497461928932, 98.88324873096445, 99.08629441624365, 99.28934010152284, 100.0]
[92.18274111675126, 92.99492385786802, 95.02538071065989, 95.63451776649745, 97.25888324873095, 97.66497461928932, 98.88324873096445, 99.08629441624365, 99.28934010152284, 100.0]
[92.18274111675126, 92.99492385786802, 95.02538071065989, 95.63451776649745, 97.25888324873095, 97.66497461928932, 98.88324873096445, 99.08629441624365, 99.28934010152284, 100.0]
[92.18274111675126, 92.99492385786802, 95.02538071065989, 95.63451776649745, 97.25888324873095, 97.66497461928932, 98.88324873096445, 99.08629441624365, 99.28934010152284, 100.0]
[92.18274111675126, 92.99492385786802, 95.02538071065989, 95.63451776649745, 97.25888324873095, 97.66497461928932, 98.88324873096445, 99.08629441624365, 99.28934010152284, 100.0]
[92.18274111675126, 92.99492385786802, 95.02538071065989, 95.63451776649745, 97.25888324873095, 97.66497461928932, 98.88324873096445, 99.08629441624365, 99.28934010152284, 100.0]
[92.18274111675126, 92.99492385786802, 95.02538071065989, 95.63451776649745, 97.25888324873095, 97.66497461928932, 98.88324873096445, 99.08629441624365, 99.28934010152284, 100.0]
[92.18274111675126, 92.99492385786802, 95.02538071065989, 95.63451776649745, 97.25888324873095, 97.66497461928932, 98.88324873096445, 99.08629441624365, 99.28934010152284, 100.0]
[92.18274111675126, 92.99492385786802, 95.02538071065989, 95.63451776649745, 97.25888324873095, 97.66497461928932, 98.88324873096445, 99.08629441624365, 99.28934010152284, 100.0]
[92.18274111675126, 92.99492385786802, 95.02538071065989, 95.63451776649745, 97.25888324873095, 97.66497461928932, 98.88324873096445, 99.08629441624365, 99.28934010152284, 100.0]
[92.18274111675126, 92.99492385786802, 95.02538071065989, 95.63451776649745, 97.25888324873095, 97.66497461928932, 98.88324873096445, 99.08629441624365, 99.28934010152284, 100.0]
[92.18274111675126, 92.99492385786802, 95.02538071065989, 95.63451776649745, 97.25888324873095, 97.66497461928932, 98.88324873096445, 99.08629441624365, 99.28934010152284, 100.0]
[92.18274111675126, 92.99492385786802, 95.02538071065989, 95.63451776649745, 97.25888324873095, 97.66497461928932, 98.88324873096445, 99.08629441624365, 99.28934010152284, 100.0]
[92.18274111675126, 92.99492385786802, 95.02538071065989, 95.63451776649745, 97.25888324873095, 97.66497461928932, 98.88324873096445, 99.08629441624365, 99.28934010152284, 100.0]
[92.18274111675126, 92.99492385786802, 95.02538071065989, 95.63451776649745, 97.25888324873095, 97.66497461928932, 98.88324873096445, 99.08629441624365, 99.28934010152284, 100.0]
[92.18274111675126, 92.99492385786802, 95.02538071065989, 95.63451776649745, 97.25888324873095, 97.66497461928932, 98.88324873096445, 99.08629441624365, 99.28934010152284, 100.0]
[92.18274111675126, 92.99492385786802, 95.02538071065989, 95.63451776649745, 97.25888324873095, 97.66497461928932, 98.88324873096445, 99.08629441624365, 99.28934010152284, 100.0]
[92.18274111675126, 92.99492385786802, 95.02538071065989, 95.63451776649745, 97.25888324873095, 97.66497461928932, 98.88324873096445, 99.08629441624365, 99.28934010152284, 100.0]
[92.18274111675126, 92.99492385786802, 95.02538071065989, 95.63451776649745, 97.25888324873095, 97.66497461928932, 98.88324873096445, 99.08629441624365, 99.28934010152284, 100.0]
[92.18274111675126, 92.99492385786802, 95.02538071065989, 95.63451776649745, 97.25888324873095, 97.66497461928932, 98.88324873096445, 99.08629441624365, 99.28934010152284, 100.0]
[92.18274111675126, 92.99492385786802, 95.02538071065989, 95.63451776649745, 97.25888324873095, 97.66497461928932, 98.88324873096445, 99.08629441624365, 99.28934010152284, 100.0]
[92.18274111675126, 92.99492385786802, 95.02538071065989, 95.63451776649745, 97.25888324873095, 97.66497461928932, 98.88324873096445, 99.08629441624365, 99.28934010152284, 100.0]
[92.99492385786802, 95.83756345177665, 96.24365482233502, 96.64974619289339, 97.05583756345176, 97.46192893401013, 97.8680203045685, 98.27411167512687, 99.28934010152281, 99.99999999999997]
[92.99492385786802, 95.83756345177665, 96.24365482233502, 96.64974619289339, 97.05583756345176, 97.46192893401013, 97.8680203045685, 98.27411167512687, 99.28934010152281, 99.99999999999997]
[92.99492385786802, 95.83756345177665, 96.24365482233502, 96.64974619289339, 97.05583756345176, 97.46192893401013, 97.8680203045685, 98.27411167512687, 99.28934010152281, 99.99999999999997]
[92.99492385786802, 95.83756345177665, 96.24365482233502, 96.64974619289339, 97.05583756345176, 97.46192893401013, 97.8680203045685, 98.27411167512687, 99.28934010152281, 99.99999999999997]
[92.99492385786802, 95.83756345177665, 96.24365482233502, 96.64974619289339, 97.05583756345176, 97.46192893401013, 97.8680203045685, 98.27411167512687, 99.28934010152281, 99.99999999999997]
[92.99492385786802, 95.83756345177665, 96.24365482233502, 96.64974619289339, 97.05583756345176, 97.46192893401013, 97.8680203045685, 98.27411167512687, 99.28934010152281, 99.99999999999997]
[92.99492385786802, 95.83756345177665, 96.24365482233502, 96.64974619289339, 97.05583756345176, 97.46192893401013, 97.8680203045685, 98.27411167512687, 99.28934010152281, 99.99999999999997]
[92.99492385786802, 95.83756345177665, 96.24365482233502, 96.64974619289339, 97.05583756345176, 97.46192893401013, 97.8680203045685, 98.27411167512687, 99.28934010152281, 99.99999999999997]
[92.99492385786802, 95.83756345177665, 96.24365482233502, 96.64974619289339, 97.05583756345176, 97.46192893401013, 97.8680203045685, 98.27411167512687, 99.28934010152281, 99.99999999999997]
[92.99492385786802, 95.83756345177665, 96.24365482233502, 96.64974619289339, 97.05583756345176, 97.46192893401013, 97.8680203045685, 98.27411167512687, 99.28934010152281, 99.99999999999997]
[92.99492385786802, 95.83756345177665, 96.24365482233502, 96.64974619289339, 97.05583756345176, 97.46192893401013, 97.8680203045685, 98.27411167512687, 99.28934010152281, 99.99999999999997]
[92.99492385786802, 95.83756345177665, 96.24365482233502, 96.64974619289339, 97.05583756345176, 97.46192893401013, 97.8680203045685, 98.27411167512687, 99.28934010152281, 99.99999999999997]
[92.99492385786802, 95.83756345177665, 96.24365482233502, 96.64974619289339, 97.05583756345176, 97.46192893401013, 97.8680203045685, 98.27411167512687, 99.28934010152281, 99.99999999999997]
[92.99492385786802, 95.83756345177665, 96.24365482233502, 96.64974619289339, 97.05583756345176, 97.46192893401013, 97.8680203045685, 98.27411167512687, 99.28934010152281, 99.99999999999997]
[92.99492385786802, 95.83756345177665, 96.24365482233502, 96.64974619289339, 97.05583756345176, 97.46192893401013, 97.8680203045685, 98.27411167512687, 99.28934010152281, 99.99999999999997]
[92.99492385786802, 95.83756345177665, 96.24365482233502, 96.64974619289339, 97.05583756345176, 97.46192893401013, 97.8680203045685, 98.27411167512687, 99.28934010152281, 99.99999999999997]
[92.99492385786802, 95.83756345177665, 96.24365482233502, 96.64974619289339, 97.05583756345176, 97.46192893401013, 97.8680203045685, 98.27411167512687, 99.28934010152281, 99.99999999999997]
[92.99492385786802, 95.83756345177665, 96.24365482233502, 96.64974619289339, 97.05583756345176, 97.46192893401013, 97.8680203045685, 98.27411167512687, 99.28934010152281, 99.99999999999997]
[92.99492385786802, 95.83756345177665, 96.24365482233502, 96.64974619289339, 97.05583756345176, 97.46192893401013, 97.8680203045685, 98.27411167512687, 99.28934010152281, 99.99999999999997]
[92.99492385786802, 95.83756345177665, 96.24365482233502, 96.64974619289339, 97.05583756345176, 97.46192893401013, 97.8680203045685, 98.27411167512687, 99.28934010152281, 99.99999999999997]
[92.99492385786802, 95.83756345177665, 96.24365482233502, 96.64974619289339, 97.05583756345176, 97.46192893401013, 97.8680203045685, 98.27411167512687, 99.28934010152281, 99.99999999999997]
[92.99492385786802, 95.83756345177665, 96.24365482233502, 96.64974619289339, 97.05583756345176, 97.46192893401013, 97.8680203045685, 98.27411167512687, 99.28934010152281, 99.99999999999997]
[92.99492385786802, 95.83756345177665, 96.24365482233502, 96.64974619289339, 97.05583756345176, 97.46192893401013, 97.8680203045685, 98.27411167512687, 99.28934010152281, 99.99999999999997]
[92.99492385786802, 95.83756345177665, 96.24365482233502, 96.64974619289339, 97.05583756345176, 97.46192893401013, 97.8680203045685, 98.27411167512687, 99.28934010152281, 99.99999999999997]
[92.99492385786802, 95.83756345177665, 96.24365482233502, 96.64974619289339, 97.05583756345176, 97.46192893401013, 97.8680203045685, 98.27411167512687, 99.28934010152281, 99.99999999999997]
[92.99492385786802, 95.83756345177665, 96.24365482233502, 96.64974619289339, 97.05583756345176, 97.46192893401013, 97.8680203045685, 98.27411167512687, 99.28934010152281, 99.99999999999997]
[92.99492385786802, 95.83756345177665, 96.24365482233502, 96.64974619289339, 97.05583756345176, 97.46192893401013, 97.8680203045685, 98.27411167512687, 99.28934010152281, 99.99999999999997]
[92.99492385786802, 95.83756345177665, 96.24365482233502, 96.64974619289339, 97.05583756345176, 97.46192893401013, 97.8680203045685, 98.27411167512687, 99.28934010152281, 99.99999999999997]
[92.99492385786802, 95.83756345177665, 96.24365482233502, 96.64974619289339, 97.05583756345176, 97.46192893401013, 97.8680203045685, 98.27411167512687, 99.28934010152281, 99.99999999999997]
[92.99492385786802, 95.83756345177665, 96.24365482233502, 96.64974619289339, 97.05583756345176, 97.46192893401013, 97.8680203045685, 98.27411167512687, 99.28934010152281, 99.99999999999997]
[92.99492385786802, 95.83756345177665, 96.24365482233502, 96.64974619289339, 97.05583756345176, 97.46192893401013, 97.8680203045685, 98.27411167512687, 99.28934010152281, 99.99999999999997]
[92.99492385786802, 95.83756345177665, 96.24365482233502, 96.64974619289339, 97.05583756345176, 97.46192893401013, 97.8680203045685, 98.27411167512687, 99.28934010152281, 99.99999999999997]
[92.99492385786802, 95.83756345177665, 96.24365482233502, 96.64974619289339, 97.05583756345176, 97.46192893401013, 97.8680203045685, 98.27411167512687, 99.28934010152281, 99.99999999999997]
[92.99492385786802, 95.83756345177665, 96.24365482233502, 96.64974619289339, 97.05583756345176, 97.46192893401013, 97.8680203045685, 98.27411167512687, 99.28934010152281, 99.99999999999997]
[92.99492385786802, 95.83756345177665, 96.24365482233502, 96.64974619289339, 97.05583756345176, 97.46192893401013, 97.8680203045685, 98.27411167512687, 99.28934010152281, 99.99999999999997]
[92.99492385786802, 95.83756345177665, 96.24365482233502, 96.64974619289339, 97.05583756345176, 97.46192893401013, 97.8680203045685, 98.27411167512687, 99.28934010152281, 99.99999999999997]
[92.99492385786802, 95.83756345177665, 96.24365482233502, 96.64974619289339, 97.05583756345176, 97.46192893401013, 97.8680203045685, 98.27411167512687, 99.28934010152281, 99.99999999999997]
[90.86294416243655, 91.87817258883248, 94.11167512690355, 97.15736040609137, 97.56345177664974, 98.88324873096447, 99.08629441624366, 100.0]
[90.86294416243655, 91.87817258883248, 94.11167512690355, 97.15736040609137, 97.56345177664974, 98.88324873096447, 99.08629441624366, 100.0]
[90.86294416243655, 91.87817258883248, 94.11167512690355, 97.15736040609137, 97.56345177664974, 98.88324873096447, 99.08629441624366, 100.0]
[90.86294416243655, 91.87817258883248, 94.11167512690355, 97.15736040609137, 97.56345177664974, 98.88324873096447, 99.08629441624366, 100.0]
[90.86294416243655, 91.87817258883248, 94.11167512690355, 97.15736040609137, 97.56345177664974, 98.88324873096447, 99.08629441624366, 100.0]
[90.86294416243655, 91.87817258883248, 94.11167512690355, 97.15736040609137, 97.56345177664974, 98.88324873096447, 99.08629441624366, 100.0]
[90.86294416243655, 91.87817258883248, 94.11167512690355, 97.15736040609137, 97.56345177664974, 98.88324873096447, 99.08629441624366, 100.0]
[90.86294416243655, 91.87817258883248, 94.11167512690355, 97.15736040609137, 97.56345177664974, 98.88324873096447, 99.08629441624366, 100.0]
[90.86294416243655, 91.87817258883248, 94.11167512690355, 97.15736040609137, 97.56345177664974, 98.88324873096447, 99.08629441624366, 100.0]
[90.86294416243655, 91.87817258883248, 94.11167512690355, 97.15736040609137, 97.56345177664974, 98.88324873096447, 99.08629441624366, 100.0]
[90.86294416243655, 91.87817258883248, 94.11167512690355, 97.15736040609137, 97.56345177664974, 98.88324873096447, 99.08629441624366, 100.0]
[90.86294416243655, 91.87817258883248, 94.11167512690355, 97.15736040609137, 97.56345177664974, 98.88324873096447, 99.08629441624366, 100.0]
[90.86294416243655, 91.87817258883248, 94.11167512690355, 97.15736040609137, 97.56345177664974, 98.88324873096447, 99.08629441624366, 100.0]
[90.86294416243655, 91.87817258883248, 94.11167512690355, 97.15736040609137, 97.56345177664974, 98.88324873096447, 99.08629441624366, 100.0]
[90.86294416243655, 91.87817258883248, 94.11167512690355, 97.15736040609137, 97.56345177664974, 98.88324873096447, 99.08629441624366, 100.0]
[90.86294416243655, 91.87817258883248, 94.11167512690355, 97.15736040609137, 97.56345177664974, 98.88324873096447, 99.08629441624366, 100.0]
[90.86294416243655, 91.87817258883248, 94.11167512690355, 97.15736040609137, 97.56345177664974, 98.88324873096447, 99.08629441624366, 100.0]
[90.86294416243655, 91.87817258883248, 94.11167512690355, 97.15736040609137, 97.56345177664974, 98.88324873096447, 99.08629441624366, 100.0]
[90.86294416243655, 91.87817258883248, 94.11167512690355, 97.15736040609137, 97.56345177664974, 98.88324873096447, 99.08629441624366, 100.0]
[90.86294416243655, 91.87817258883248, 94.11167512690355, 97.15736040609137, 97.56345177664974, 98.88324873096447, 99.08629441624366, 100.0]
[90.86294416243655, 91.87817258883248, 94.11167512690355, 97.15736040609137, 97.56345177664974, 98.88324873096447, 99.08629441624366, 100.0]
[90.86294416243655, 91.87817258883248, 94.11167512690355, 97.15736040609137, 97.56345177664974, 98.88324873096447, 99.08629441624366, 100.0]
[90.86294416243655, 91.87817258883248, 94.11167512690355, 97.15736040609137, 97.56345177664974, 98.88324873096447, 99.08629441624366, 100.0]
[90.86294416243655, 91.87817258883248, 94.11167512690355, 97.15736040609137, 97.56345177664974, 98.88324873096447, 99.08629441624366, 100.0]
[90.86294416243655, 91.87817258883248, 94.11167512690355, 97.15736040609137, 97.56345177664974, 98.88324873096447, 99.08629441624366, 100.0]
[90.86294416243655, 91.87817258883248, 94.11167512690355, 97.15736040609137, 97.56345177664974, 98.88324873096447, 99.08629441624366, 100.0]
[90.86294416243655, 91.87817258883248, 94.11167512690355, 97.15736040609137, 97.56345177664974, 98.88324873096447, 99.08629441624366, 100.0]
[90.86294416243655, 91.87817258883248, 94.11167512690355, 97.15736040609137, 97.56345177664974, 98.88324873096447, 99.08629441624366, 100.0]
[90.86294416243655, 91.87817258883248, 94.11167512690355, 97.15736040609137, 97.56345177664974, 98.88324873096447, 99.08629441624366, 100.0]
[90.86294416243655, 91.87817258883248, 94.11167512690355, 97.15736040609137, 97.56345177664974, 98.88324873096447, 99.08629441624366, 100.0]
[90.86294416243655, 91.87817258883248, 94.11167512690355, 97.15736040609137, 97.56345177664974, 98.88324873096447, 99.08629441624366, 100.0]
[90.86294416243655, 91.87817258883248, 94.11167512690355, 97.15736040609137, 97.56345177664974, 98.88324873096447, 99.08629441624366, 100.0]
[90.86294416243655, 91.87817258883248, 94.11167512690355, 97.15736040609137, 97.56345177664974, 98.88324873096447, 99.08629441624366, 100.0]
[90.86294416243655, 91.87817258883248, 94.11167512690355, 97.15736040609137, 97.56345177664974, 98.88324873096447, 99.08629441624366, 100.0]
[90.86294416243655, 91.87817258883248, 94.11167512690355, 97.15736040609137, 97.56345177664974, 98.88324873096447, 99.08629441624366, 100.0]
[90.86294416243655, 91.87817258883248, 94.11167512690355, 97.15736040609137, 97.56345177664974, 98.88324873096447, 99.08629441624366, 100.0]
[90.86294416243655, 91.87817258883248, 94.11167512690355, 97.15736040609137, 97.56345177664974, 98.88324873096447, 99.08629441624366, 100.0]
[90.86294416243655, 91.87817258883248, 94.11167512690355, 97.15736040609137, 97.56345177664974, 98.88324873096447, 99.08629441624366, 100.0]
[90.86294416243655, 91.87817258883248, 94.11167512690355, 97.15736040609137, 97.56345177664974, 98.88324873096447, 99.08629441624366, 100.0]
[90.86294416243655, 91.87817258883248, 94.11167512690355, 97.15736040609137, 97.56345177664974, 98.88324873096447, 99.08629441624366, 100.0]
[90.86294416243655, 91.87817258883248, 94.11167512690355, 97.15736040609137, 97.56345177664974, 98.88324873096447, 99.08629441624366, 100.0]
[90.86294416243655, 91.87817258883248, 94.11167512690355, 97.15736040609137, 97.56345177664974, 98.88324873096447, 99.08629441624366, 100.0]
[90.86294416243655, 91.87817258883248, 94.11167512690355, 97.15736040609137, 97.56345177664974, 98.88324873096447, 99.08629441624366, 100.0]
[90.86294416243655, 91.87817258883248, 94.11167512690355, 97.15736040609137, 97.56345177664974, 98.88324873096447, 99.08629441624366, 100.0]
[90.86294416243655, 91.87817258883248, 94.11167512690355, 97.15736040609137, 97.56345177664974, 98.88324873096447, 99.08629441624366, 100.0]
[90.86294416243655, 91.87817258883248, 94.11167512690355, 97.15736040609137, 97.56345177664974, 98.88324873096447, 99.08629441624366, 100.0]
[90.86294416243655, 91.87817258883248, 94.11167512690355, 97.15736040609137, 97.56345177664974, 98.88324873096447, 99.08629441624366, 100.0]
[90.86294416243655, 91.87817258883248, 94.11167512690355, 97.15736040609137, 97.56345177664974, 98.88324873096447, 99.08629441624366, 100.0]
[83.1472081218274, 90.65989847715736, 92.99492385786802, 96.5482233502538, 98.88324873096447, 100.0]
[83.1472081218274, 90.65989847715736, 92.99492385786802, 96.5482233502538, 98.88324873096447, 100.0]
[83.1472081218274, 90.65989847715736, 92.99492385786802, 96.5482233502538, 98.88324873096447, 100.0]
[83.1472081218274, 90.65989847715736, 92.99492385786802, 96.5482233502538, 98.88324873096447, 100.0]
[83.1472081218274, 90.65989847715736, 92.99492385786802, 96.5482233502538, 98.88324873096447, 100.0]
[83.1472081218274, 90.65989847715736, 92.99492385786802, 96.5482233502538, 98.88324873096447, 100.0]
[83.1472081218274, 90.65989847715736, 92.99492385786802, 96.5482233502538, 98.88324873096447, 100.0]
[83.1472081218274, 90.65989847715736, 92.99492385786802, 96.5482233502538, 98.88324873096447, 100.0]
[83.1472081218274, 90.65989847715736, 92.99492385786802, 96.5482233502538, 98.88324873096447, 100.0]
[83.1472081218274, 90.65989847715736, 92.99492385786802, 96.5482233502538, 98.88324873096447, 100.0]
[83.1472081218274, 90.65989847715736, 92.99492385786802, 96.5482233502538, 98.88324873096447, 100.0]
[83.1472081218274, 90.65989847715736, 92.99492385786802, 96.5482233502538, 98.88324873096447, 100.0]
[83.1472081218274, 90.65989847715736, 92.99492385786802, 96.5482233502538, 98.88324873096447, 100.0]
[83.1472081218274, 90.65989847715736, 92.99492385786802, 96.5482233502538, 98.88324873096447, 100.0]
[83.1472081218274, 90.65989847715736, 92.99492385786802, 96.5482233502538, 98.88324873096447, 100.0]
[83.1472081218274, 90.65989847715736, 92.99492385786802, 96.5482233502538, 98.88324873096447, 100.0]
[83.1472081218274, 90.65989847715736, 92.99492385786802, 96.5482233502538, 98.88324873096447, 100.0]
[83.1472081218274, 90.65989847715736, 92.99492385786802, 96.5482233502538, 98.88324873096447, 100.0]
[83.1472081218274, 90.65989847715736, 92.99492385786802, 96.5482233502538, 98.88324873096447, 100.0]
[83.1472081218274, 90.65989847715736, 92.99492385786802, 96.5482233502538, 98.88324873096447, 100.0]
[83.1472081218274, 90.65989847715736, 92.99492385786802, 96.5482233502538, 98.88324873096447, 100.0]
[83.1472081218274, 90.65989847715736, 92.99492385786802, 96.5482233502538, 98.88324873096447, 100.0]
[83.1472081218274, 90.65989847715736, 92.99492385786802, 96.5482233502538, 98.88324873096447, 100.0]
[83.1472081218274, 90.65989847715736, 92.99492385786802, 96.5482233502538, 98.88324873096447, 100.0]
[83.1472081218274, 90.65989847715736, 92.99492385786802, 96.5482233502538, 98.88324873096447, 100.0]
[83.1472081218274, 90.65989847715736, 92.99492385786802, 96.5482233502538, 98.88324873096447, 100.0]
[83.1472081218274, 90.65989847715736, 92.99492385786802, 96.5482233502538, 98.88324873096447, 100.0]
[83.1472081218274, 90.65989847715736, 92.99492385786802, 96.5482233502538, 98.88324873096447, 100.0]
[83.1472081218274, 90.65989847715736, 92.99492385786802, 96.5482233502538, 98.88324873096447, 100.0]
[83.1472081218274, 90.65989847715736, 92.99492385786802, 96.5482233502538, 98.88324873096447, 100.0]
[83.1472081218274, 90.65989847715736, 92.99492385786802, 96.5482233502538, 98.88324873096447, 100.0]
[83.1472081218274, 90.65989847715736, 92.99492385786802, 96.5482233502538, 98.88324873096447, 100.0]
[83.1472081218274, 90.65989847715736, 92.99492385786802, 96.5482233502538, 98.88324873096447, 100.0]
[83.1472081218274, 90.65989847715736, 92.99492385786802, 96.5482233502538, 98.88324873096447, 100.0]
[83.1472081218274, 90.65989847715736, 92.99492385786802, 96.5482233502538, 98.88324873096447, 100.0]
[83.1472081218274, 90.65989847715736, 92.99492385786802, 96.5482233502538, 98.88324873096447, 100.0]
[83.1472081218274, 90.65989847715736, 92.99492385786802, 96.5482233502538, 98.88324873096447, 100.0]
[83.1472081218274, 90.65989847715736, 92.99492385786802, 96.5482233502538, 98.88324873096447, 100.0]
[83.1472081218274, 90.65989847715736, 92.99492385786802, 96.5482233502538, 98.88324873096447, 100.0]
[83.1472081218274, 90.65989847715736, 92.99492385786802, 96.5482233502538, 98.88324873096447, 100.0]
[83.1472081218274, 90.65989847715736, 92.99492385786802, 96.5482233502538, 98.88324873096447, 100.0]
[94.11167512690355, 94.72081218274111, 95.32994923857868, 97.05583756345177, 97.46192893401015, 98.78172588832487, 98.98477157360406, 99.18781725888326, 100.00000000000001]
[94.11167512690355, 94.72081218274111, 95.32994923857868, 97.05583756345177, 97.46192893401015, 98.78172588832487, 98.98477157360406, 99.18781725888326, 100.00000000000001]
[94.11167512690355, 94.72081218274111, 95.32994923857868, 97.05583756345177, 97.46192893401015, 98.78172588832487, 98.98477157360406, 99.18781725888326, 100.00000000000001]
[94.11167512690355, 94.72081218274111, 95.32994923857868, 97.05583756345177, 97.46192893401015, 98.78172588832487, 98.98477157360406, 99.18781725888326, 100.00000000000001]
[94.11167512690355, 94.72081218274111, 95.32994923857868, 97.05583756345177, 97.46192893401015, 98.78172588832487, 98.98477157360406, 99.18781725888326, 100.00000000000001]
[94.11167512690355, 94.72081218274111, 95.32994923857868, 97.05583756345177, 97.46192893401015, 98.78172588832487, 98.98477157360406, 99.18781725888326, 100.00000000000001]
[94.11167512690355, 94.72081218274111, 95.32994923857868, 97.05583756345177, 97.46192893401015, 98.78172588832487, 98.98477157360406, 99.18781725888326, 100.00000000000001]
[94.11167512690355, 94.72081218274111, 95.32994923857868, 97.05583756345177, 97.46192893401015, 98.78172588832487, 98.98477157360406, 99.18781725888326, 100.00000000000001]
[94.11167512690355, 94.72081218274111, 95.32994923857868, 97.05583756345177, 97.46192893401015, 98.78172588832487, 98.98477157360406, 99.18781725888326, 100.00000000000001]
[94.11167512690355, 94.72081218274111, 95.32994923857868, 97.05583756345177, 97.46192893401015, 98.78172588832487, 98.98477157360406, 99.18781725888326, 100.00000000000001]
[94.11167512690355, 94.72081218274111, 95.32994923857868, 97.05583756345177, 97.46192893401015, 98.78172588832487, 98.98477157360406, 99.18781725888326, 100.00000000000001]
[94.11167512690355, 94.72081218274111, 95.32994923857868, 97.05583756345177, 97.46192893401015, 98.78172588832487, 98.98477157360406, 99.18781725888326, 100.00000000000001]
[94.11167512690355, 94.72081218274111, 95.32994923857868, 97.05583756345177, 97.46192893401015, 98.78172588832487, 98.98477157360406, 99.18781725888326, 100.00000000000001]
[94.11167512690355, 94.72081218274111, 95.32994923857868, 97.05583756345177, 97.46192893401015, 98.78172588832487, 98.98477157360406, 99.18781725888326, 100.00000000000001]
[94.11167512690355, 94.72081218274111, 95.32994923857868, 97.05583756345177, 97.46192893401015, 98.78172588832487, 98.98477157360406, 99.18781725888326, 100.00000000000001]
[94.11167512690355, 94.72081218274111, 95.32994923857868, 97.05583756345177, 97.46192893401015, 98.78172588832487, 98.98477157360406, 99.18781725888326, 100.00000000000001]
[94.11167512690355, 94.72081218274111, 95.32994923857868, 97.05583756345177, 97.46192893401015, 98.78172588832487, 98.98477157360406, 99.18781725888326, 100.00000000000001]
[94.11167512690355, 94.72081218274111, 95.32994923857868, 97.05583756345177, 97.46192893401015, 98.78172588832487, 98.98477157360406, 99.18781725888326, 100.00000000000001]
[94.11167512690355, 94.72081218274111, 95.32994923857868, 97.05583756345177, 97.46192893401015, 98.78172588832487, 98.98477157360406, 99.18781725888326, 100.00000000000001]
[94.11167512690355, 94.72081218274111, 95.32994923857868, 97.05583756345177, 97.46192893401015, 98.78172588832487, 98.98477157360406, 99.18781725888326, 100.00000000000001]
[94.11167512690355, 94.72081218274111, 95.32994923857868, 97.05583756345177, 97.46192893401015, 98.78172588832487, 98.98477157360406, 99.18781725888326, 100.00000000000001]
[94.11167512690355, 94.72081218274111, 95.32994923857868, 97.05583756345177, 97.46192893401015, 98.78172588832487, 98.98477157360406, 99.18781725888326, 100.00000000000001]
[94.11167512690355, 94.72081218274111, 95.32994923857868, 97.05583756345177, 97.46192893401015, 98.78172588832487, 98.98477157360406, 99.18781725888326, 100.00000000000001]
[94.11167512690355, 94.72081218274111, 95.32994923857868, 97.05583756345177, 97.46192893401015, 98.78172588832487, 98.98477157360406, 99.18781725888326, 100.00000000000001]
[94.11167512690355, 94.72081218274111, 95.32994923857868, 97.05583756345177, 97.46192893401015, 98.78172588832487, 98.98477157360406, 99.18781725888326, 100.00000000000001]
[94.11167512690355, 94.72081218274111, 95.32994923857868, 97.05583756345177, 97.46192893401015, 98.78172588832487, 98.98477157360406, 99.18781725888326, 100.00000000000001]
[94.11167512690355, 94.72081218274111, 95.32994923857868, 97.05583756345177, 97.46192893401015, 98.78172588832487, 98.98477157360406, 99.18781725888326, 100.00000000000001]
[94.11167512690355, 94.72081218274111, 95.32994923857868, 97.05583756345177, 97.46192893401015, 98.78172588832487, 98.98477157360406, 99.18781725888326, 100.00000000000001]
[94.11167512690355, 94.72081218274111, 95.32994923857868, 97.05583756345177, 97.46192893401015, 98.78172588832487, 98.98477157360406, 99.18781725888326, 100.00000000000001]
[94.11167512690355, 94.72081218274111, 95.32994923857868, 97.05583756345177, 97.46192893401015, 98.78172588832487, 98.98477157360406, 99.18781725888326, 100.00000000000001]
[94.11167512690355, 94.72081218274111, 95.32994923857868, 97.05583756345177, 97.46192893401015, 98.78172588832487, 98.98477157360406, 99.18781725888326, 100.00000000000001]
[94.11167512690355, 94.72081218274111, 95.32994923857868, 97.05583756345177, 97.46192893401015, 98.78172588832487, 98.98477157360406, 99.18781725888326, 100.00000000000001]
[94.11167512690355, 94.72081218274111, 95.32994923857868, 97.05583756345177, 97.46192893401015, 98.78172588832487, 98.98477157360406, 99.18781725888326, 100.00000000000001]
[94.11167512690355, 94.72081218274111, 95.32994923857868, 97.05583756345177, 97.46192893401015, 98.78172588832487, 98.98477157360406, 99.18781725888326, 100.00000000000001]
[94.82233502538071, 96.751269035533, 98.3756345177665, 98.57868020304569, 98.78172588832489, 98.98477157360408, 100.00000000000001]
[94.82233502538071, 96.751269035533, 98.3756345177665, 98.57868020304569, 98.78172588832489, 98.98477157360408, 100.00000000000001]
[94.82233502538071, 96.751269035533, 98.3756345177665, 98.57868020304569, 98.78172588832489, 98.98477157360408, 100.00000000000001]
[94.82233502538071, 96.751269035533, 98.3756345177665, 98.57868020304569, 98.78172588832489, 98.98477157360408, 100.00000000000001]
[94.82233502538071, 96.751269035533, 98.3756345177665, 98.57868020304569, 98.78172588832489, 98.98477157360408, 100.00000000000001]
[94.82233502538071, 96.751269035533, 98.3756345177665, 98.57868020304569, 98.78172588832489, 98.98477157360408, 100.00000000000001]
[94.82233502538071, 96.751269035533, 98.3756345177665, 98.57868020304569, 98.78172588832489, 98.98477157360408, 100.00000000000001]
[94.82233502538071, 96.751269035533, 98.3756345177665, 98.57868020304569, 98.78172588832489, 98.98477157360408, 100.00000000000001]
[94.82233502538071, 96.751269035533, 98.3756345177665, 98.57868020304569, 98.78172588832489, 98.98477157360408, 100.00000000000001]
[94.82233502538071, 96.751269035533, 98.3756345177665, 98.57868020304569, 98.78172588832489, 98.98477157360408, 100.00000000000001]
[94.82233502538071, 96.751269035533, 98.3756345177665, 98.57868020304569, 98.78172588832489, 98.98477157360408, 100.00000000000001]
[94.82233502538071, 96.751269035533, 98.3756345177665, 98.57868020304569, 98.78172588832489, 98.98477157360408, 100.00000000000001]
[94.82233502538071, 96.751269035533, 98.3756345177665, 98.57868020304569, 98.78172588832489, 98.98477157360408, 100.00000000000001]
[94.82233502538071, 96.751269035533, 98.3756345177665, 98.57868020304569, 98.78172588832489, 98.98477157360408, 100.00000000000001]
[94.82233502538071, 96.751269035533, 98.3756345177665, 98.57868020304569, 98.78172588832489, 98.98477157360408, 100.00000000000001]
[94.82233502538071, 96.751269035533, 98.3756345177665, 98.57868020304569, 98.78172588832489, 98.98477157360408, 100.00000000000001]
[94.82233502538071, 96.751269035533, 98.3756345177665, 98.57868020304569, 98.78172588832489, 98.98477157360408, 100.00000000000001]
[94.82233502538071, 96.751269035533, 98.3756345177665, 98.57868020304569, 98.78172588832489, 98.98477157360408, 100.00000000000001]
[94.82233502538071, 96.751269035533, 98.3756345177665, 98.57868020304569, 98.78172588832489, 98.98477157360408, 100.00000000000001]
[94.82233502538071, 96.751269035533, 98.3756345177665, 98.57868020304569, 98.78172588832489, 98.98477157360408, 100.00000000000001]
[94.82233502538071, 96.751269035533, 98.3756345177665, 98.57868020304569, 98.78172588832489, 98.98477157360408, 100.00000000000001]
[94.82233502538071, 96.751269035533, 98.3756345177665, 98.57868020304569, 98.78172588832489, 98.98477157360408, 100.00000000000001]
[94.82233502538071, 96.751269035533, 98.3756345177665, 98.57868020304569, 98.78172588832489, 98.98477157360408, 100.00000000000001]
[94.82233502538071, 96.751269035533, 98.3756345177665, 98.57868020304569, 98.78172588832489, 98.98477157360408, 100.00000000000001]
[94.82233502538071, 96.751269035533, 98.3756345177665, 98.57868020304569, 98.78172588832489, 98.98477157360408, 100.00000000000001]
[94.82233502538071, 96.751269035533, 98.3756345177665, 98.57868020304569, 98.78172588832489, 98.98477157360408, 100.00000000000001]
[94.82233502538071, 96.751269035533, 98.3756345177665, 98.57868020304569, 98.78172588832489, 98.98477157360408, 100.00000000000001]
[94.82233502538071, 96.751269035533, 98.3756345177665, 98.57868020304569, 98.78172588832489, 98.98477157360408, 100.00000000000001]
[94.82233502538071, 96.751269035533, 98.3756345177665, 98.57868020304569, 98.78172588832489, 98.98477157360408, 100.00000000000001]
[94.82233502538071, 96.751269035533, 98.3756345177665, 98.57868020304569, 98.78172588832489, 98.98477157360408, 100.00000000000001]
[94.82233502538071, 96.751269035533, 98.3756345177665, 98.57868020304569, 98.78172588832489, 98.98477157360408, 100.00000000000001]
[94.82233502538071, 96.751269035533, 98.3756345177665, 98.57868020304569, 98.78172588832489, 98.98477157360408, 100.00000000000001]
[94.82233502538071, 96.751269035533, 98.3756345177665, 98.57868020304569, 98.78172588832489, 98.98477157360408, 100.00000000000001]
[94.82233502538071, 96.751269035533, 98.3756345177665, 98.57868020304569, 98.78172588832489, 98.98477157360408, 100.00000000000001]
[94.82233502538071, 96.751269035533, 98.3756345177665, 98.57868020304569, 98.78172588832489, 98.98477157360408, 100.00000000000001]
[94.82233502538071, 96.751269035533, 98.3756345177665, 98.57868020304569, 98.78172588832489, 98.98477157360408, 100.00000000000001]
[94.82233502538071, 96.751269035533, 98.3756345177665, 98.57868020304569, 98.78172588832489, 98.98477157360408, 100.00000000000001]
[94.82233502538071, 96.751269035533, 98.3756345177665, 98.57868020304569, 98.78172588832489, 98.98477157360408, 100.00000000000001]
[94.82233502538071, 96.751269035533, 98.3756345177665, 98.57868020304569, 98.78172588832489, 98.98477157360408, 100.00000000000001]
[94.82233502538071, 96.751269035533, 98.3756345177665, 98.57868020304569, 98.78172588832489, 98.98477157360408, 100.00000000000001]
[94.82233502538071, 96.751269035533, 98.3756345177665, 98.57868020304569, 98.78172588832489, 98.98477157360408, 100.00000000000001]
[94.82233502538071, 96.751269035533, 98.3756345177665, 98.57868020304569, 98.78172588832489, 98.98477157360408, 100.00000000000001]
[94.82233502538071, 96.751269035533, 98.3756345177665, 98.57868020304569, 98.78172588832489, 98.98477157360408, 100.00000000000001]
[94.82233502538071, 96.751269035533, 98.3756345177665, 98.57868020304569, 98.78172588832489, 98.98477157360408, 100.00000000000001]
[94.82233502538071, 96.751269035533, 98.3756345177665, 98.57868020304569, 98.78172588832489, 98.98477157360408, 100.00000000000001]
[94.82233502538071, 96.751269035533, 98.3756345177665, 98.57868020304569, 98.78172588832489, 98.98477157360408, 100.00000000000001]
[94.82233502538071, 96.751269035533, 98.3756345177665, 98.57868020304569, 98.78172588832489, 98.98477157360408, 100.00000000000001]
[94.82233502538071, 96.751269035533, 98.3756345177665, 98.57868020304569, 98.78172588832489, 98.98477157360408, 100.00000000000001]
[94.82233502538071, 96.751269035533, 98.3756345177665, 98.57868020304569, 98.78172588832489, 98.98477157360408, 100.00000000000001]
[83.85786802030456, 89.74619289340102, 95.93908629441624, 97.25888324873097, 97.66497461928934, 98.98477157360406, 100.0]
[83.85786802030456, 89.74619289340102, 95.93908629441624, 97.25888324873097, 97.66497461928934, 98.98477157360406, 100.0]
[83.85786802030456, 89.74619289340102, 95.93908629441624, 97.25888324873097, 97.66497461928934, 98.98477157360406, 100.0]
[83.85786802030456, 89.74619289340102, 95.93908629441624, 97.25888324873097, 97.66497461928934, 98.98477157360406, 100.0]
[83.85786802030456, 89.74619289340102, 95.93908629441624, 97.25888324873097, 97.66497461928934, 98.98477157360406, 100.0]
[83.85786802030456, 89.74619289340102, 95.93908629441624, 97.25888324873097, 97.66497461928934, 98.98477157360406, 100.0]
[83.85786802030456, 89.74619289340102, 95.93908629441624, 97.25888324873097, 97.66497461928934, 98.98477157360406, 100.0]
[83.85786802030456, 89.74619289340102, 95.93908629441624, 97.25888324873097, 97.66497461928934, 98.98477157360406, 100.0]
[83.85786802030456, 89.74619289340102, 95.93908629441624, 97.25888324873097, 97.66497461928934, 98.98477157360406, 100.0]
[83.85786802030456, 89.74619289340102, 95.93908629441624, 97.25888324873097, 97.66497461928934, 98.98477157360406, 100.0]
[83.85786802030456, 89.74619289340102, 95.93908629441624, 97.25888324873097, 97.66497461928934, 98.98477157360406, 100.0]
[83.85786802030456, 89.74619289340102, 95.93908629441624, 97.25888324873097, 97.66497461928934, 98.98477157360406, 100.0]
[83.85786802030456, 89.74619289340102, 95.93908629441624, 97.25888324873097, 97.66497461928934, 98.98477157360406, 100.0]
[83.85786802030456, 89.74619289340102, 95.93908629441624, 97.25888324873097, 97.66497461928934, 98.98477157360406, 100.0]
[83.85786802030456, 89.74619289340102, 95.93908629441624, 97.25888324873097, 97.66497461928934, 98.98477157360406, 100.0]
[83.85786802030456, 89.74619289340102, 95.93908629441624, 97.25888324873097, 97.66497461928934, 98.98477157360406, 100.0]
[83.85786802030456, 89.74619289340102, 95.93908629441624, 97.25888324873097, 97.66497461928934, 98.98477157360406, 100.0]
[83.85786802030456, 89.74619289340102, 95.93908629441624, 97.25888324873097, 97.66497461928934, 98.98477157360406, 100.0]
[83.85786802030456, 89.74619289340102, 95.93908629441624, 97.25888324873097, 97.66497461928934, 98.98477157360406, 100.0]
[83.85786802030456, 89.74619289340102, 95.93908629441624, 97.25888324873097, 97.66497461928934, 98.98477157360406, 100.0]
[83.85786802030456, 89.74619289340102, 95.93908629441624, 97.25888324873097, 97.66497461928934, 98.98477157360406, 100.0]
[83.85786802030456, 89.74619289340102, 95.93908629441624, 97.25888324873097, 97.66497461928934, 98.98477157360406, 100.0]
[83.85786802030456, 89.74619289340102, 95.93908629441624, 97.25888324873097, 97.66497461928934, 98.98477157360406, 100.0]
[83.85786802030456, 89.74619289340102, 95.93908629441624, 97.25888324873097, 97.66497461928934, 98.98477157360406, 100.0]
[83.85786802030456, 89.74619289340102, 95.93908629441624, 97.25888324873097, 97.66497461928934, 98.98477157360406, 100.0]
[83.85786802030456, 89.74619289340102, 95.93908629441624, 97.25888324873097, 97.66497461928934, 98.98477157360406, 100.0]
[83.85786802030456, 89.74619289340102, 95.93908629441624, 97.25888324873097, 97.66497461928934, 98.98477157360406, 100.0]
[83.85786802030456, 89.74619289340102, 95.93908629441624, 97.25888324873097, 97.66497461928934, 98.98477157360406, 100.0]
[83.85786802030456, 89.74619289340102, 95.93908629441624, 97.25888324873097, 97.66497461928934, 98.98477157360406, 100.0]
[83.85786802030456, 89.74619289340102, 95.93908629441624, 97.25888324873097, 97.66497461928934, 98.98477157360406, 100.0]
[83.85786802030456, 89.74619289340102, 95.93908629441624, 97.25888324873097, 97.66497461928934, 98.98477157360406, 100.0]
[83.85786802030456, 89.74619289340102, 95.93908629441624, 97.25888324873097, 97.66497461928934, 98.98477157360406, 100.0]
[91.16751269035534, 93.502538071066, 96.751269035533, 97.15736040609137, 97.56345177664974, 97.96954314720811, 99.99999999999999]
[91.16751269035534, 93.502538071066, 96.751269035533, 97.15736040609137, 97.56345177664974, 97.96954314720811, 99.99999999999999]
[91.16751269035534, 93.502538071066, 96.751269035533, 97.15736040609137, 97.56345177664974, 97.96954314720811, 99.99999999999999]
[91.16751269035534, 93.502538071066, 96.751269035533, 97.15736040609137, 97.56345177664974, 97.96954314720811, 99.99999999999999]
[91.16751269035534, 93.502538071066, 96.751269035533, 97.15736040609137, 97.56345177664974, 97.96954314720811, 99.99999999999999]
[91.16751269035534, 93.502538071066, 96.751269035533, 97.15736040609137, 97.56345177664974, 97.96954314720811, 99.99999999999999]
[91.16751269035534, 93.502538071066, 96.751269035533, 97.15736040609137, 97.56345177664974, 97.96954314720811, 99.99999999999999]
[91.16751269035534, 93.502538071066, 96.751269035533, 97.15736040609137, 97.56345177664974, 97.96954314720811, 99.99999999999999]
[91.16751269035534, 93.502538071066, 96.751269035533, 97.15736040609137, 97.56345177664974, 97.96954314720811, 99.99999999999999]
[91.16751269035534, 93.502538071066, 96.751269035533, 97.15736040609137, 97.56345177664974, 97.96954314720811, 99.99999999999999]
[91.16751269035534, 93.502538071066, 96.751269035533, 97.15736040609137, 97.56345177664974, 97.96954314720811, 99.99999999999999]
[91.16751269035534, 93.502538071066, 96.751269035533, 97.15736040609137, 97.56345177664974, 97.96954314720811, 99.99999999999999]
[91.16751269035534, 93.502538071066, 96.751269035533, 97.15736040609137, 97.56345177664974, 97.96954314720811, 99.99999999999999]
[91.16751269035534, 93.502538071066, 96.751269035533, 97.15736040609137, 97.56345177664974, 97.96954314720811, 99.99999999999999]
[91.16751269035534, 93.502538071066, 96.751269035533, 97.15736040609137, 97.56345177664974, 97.96954314720811, 99.99999999999999]
[91.16751269035534, 93.502538071066, 96.751269035533, 97.15736040609137, 97.56345177664974, 97.96954314720811, 99.99999999999999]
[91.16751269035534, 93.502538071066, 96.751269035533, 97.15736040609137, 97.56345177664974, 97.96954314720811, 99.99999999999999]
[91.16751269035534, 93.502538071066, 96.751269035533, 97.15736040609137, 97.56345177664974, 97.96954314720811, 99.99999999999999]
[91.16751269035534, 93.502538071066, 96.751269035533, 97.15736040609137, 97.56345177664974, 97.96954314720811, 99.99999999999999]
[91.16751269035534, 93.502538071066, 96.751269035533, 97.15736040609137, 97.56345177664974, 97.96954314720811, 99.99999999999999]
[91.16751269035534, 93.502538071066, 96.751269035533, 97.15736040609137, 97.56345177664974, 97.96954314720811, 99.99999999999999]
[91.16751269035534, 93.502538071066, 96.751269035533, 97.15736040609137, 97.56345177664974, 97.96954314720811, 99.99999999999999]
[91.16751269035534, 93.502538071066, 96.751269035533, 97.15736040609137, 97.56345177664974, 97.96954314720811, 99.99999999999999]
[91.16751269035534, 93.502538071066, 96.751269035533, 97.15736040609137, 97.56345177664974, 97.96954314720811, 99.99999999999999]
[91.16751269035534, 93.502538071066, 96.751269035533, 97.15736040609137, 97.56345177664974, 97.96954314720811, 99.99999999999999]
[91.16751269035534, 93.502538071066, 96.751269035533, 97.15736040609137, 97.56345177664974, 97.96954314720811, 99.99999999999999]
[91.16751269035534, 93.502538071066, 96.751269035533, 97.15736040609137, 97.56345177664974, 97.96954314720811, 99.99999999999999]
[91.16751269035534, 93.502538071066, 96.751269035533, 97.15736040609137, 97.56345177664974, 97.96954314720811, 99.99999999999999]
[91.16751269035534, 93.502538071066, 96.751269035533, 97.15736040609137, 97.56345177664974, 97.96954314720811, 99.99999999999999]
[91.16751269035534, 93.502538071066, 96.751269035533, 97.15736040609137, 97.56345177664974, 97.96954314720811, 99.99999999999999]
[91.16751269035534, 93.502538071066, 96.751269035533, 97.15736040609137, 97.56345177664974, 97.96954314720811, 99.99999999999999]
[91.16751269035534, 93.502538071066, 96.751269035533, 97.15736040609137, 97.56345177664974, 97.96954314720811, 99.99999999999999]
[91.16751269035534, 93.502538071066, 96.751269035533, 97.15736040609137, 97.56345177664974, 97.96954314720811, 99.99999999999999]
[91.16751269035534, 93.502538071066, 96.751269035533, 97.15736040609137, 97.56345177664974, 97.96954314720811, 99.99999999999999]
[91.16751269035534, 93.502538071066, 96.751269035533, 97.15736040609137, 97.56345177664974, 97.96954314720811, 99.99999999999999]
[91.97969543147208, 92.79187817258884, 94.82233502538071, 96.5482233502538, 96.95431472081218, 97.36040609137055, 97.76649746192892, 98.17258883248729, 98.57868020304566, 99.99999999999999]
[91.97969543147208, 92.79187817258884, 94.82233502538071, 96.5482233502538, 96.95431472081218, 97.36040609137055, 97.76649746192892, 98.17258883248729, 98.57868020304566, 99.99999999999999]
[91.97969543147208, 92.79187817258884, 94.82233502538071, 96.5482233502538, 96.95431472081218, 97.36040609137055, 97.76649746192892, 98.17258883248729, 98.57868020304566, 99.99999999999999]
[91.97969543147208, 92.79187817258884, 94.82233502538071, 96.5482233502538, 96.95431472081218, 97.36040609137055, 97.76649746192892, 98.17258883248729, 98.57868020304566, 99.99999999999999]
[91.97969543147208, 92.79187817258884, 94.82233502538071, 96.5482233502538, 96.95431472081218, 97.36040609137055, 97.76649746192892, 98.17258883248729, 98.57868020304566, 99.99999999999999]
[91.97969543147208, 92.79187817258884, 94.82233502538071, 96.5482233502538, 96.95431472081218, 97.36040609137055, 97.76649746192892, 98.17258883248729, 98.57868020304566, 99.99999999999999]
[91.97969543147208, 92.79187817258884, 94.82233502538071, 96.5482233502538, 96.95431472081218, 97.36040609137055, 97.76649746192892, 98.17258883248729, 98.57868020304566, 99.99999999999999]
[91.97969543147208, 92.79187817258884, 94.82233502538071, 96.5482233502538, 96.95431472081218, 97.36040609137055, 97.76649746192892, 98.17258883248729, 98.57868020304566, 99.99999999999999]
[91.97969543147208, 92.79187817258884, 94.82233502538071, 96.5482233502538, 96.95431472081218, 97.36040609137055, 97.76649746192892, 98.17258883248729, 98.57868020304566, 99.99999999999999]
[91.97969543147208, 92.79187817258884, 94.82233502538071, 96.5482233502538, 96.95431472081218, 97.36040609137055, 97.76649746192892, 98.17258883248729, 98.57868020304566, 99.99999999999999]
[91.97969543147208, 92.79187817258884, 94.82233502538071, 96.5482233502538, 96.95431472081218, 97.36040609137055, 97.76649746192892, 98.17258883248729, 98.57868020304566, 99.99999999999999]
[91.97969543147208, 92.79187817258884, 94.82233502538071, 96.5482233502538, 96.95431472081218, 97.36040609137055, 97.76649746192892, 98.17258883248729, 98.57868020304566, 99.99999999999999]
[91.97969543147208, 92.79187817258884, 94.82233502538071, 96.5482233502538, 96.95431472081218, 97.36040609137055, 97.76649746192892, 98.17258883248729, 98.57868020304566, 99.99999999999999]
[91.97969543147208, 92.79187817258884, 94.82233502538071, 96.5482233502538, 96.95431472081218, 97.36040609137055, 97.76649746192892, 98.17258883248729, 98.57868020304566, 99.99999999999999]
[91.97969543147208, 92.79187817258884, 94.82233502538071, 96.5482233502538, 96.95431472081218, 97.36040609137055, 97.76649746192892, 98.17258883248729, 98.57868020304566, 99.99999999999999]
[91.97969543147208, 92.79187817258884, 94.82233502538071, 96.5482233502538, 96.95431472081218, 97.36040609137055, 97.76649746192892, 98.17258883248729, 98.57868020304566, 99.99999999999999]
[91.97969543147208, 92.79187817258884, 94.82233502538071, 96.5482233502538, 96.95431472081218, 97.36040609137055, 97.76649746192892, 98.17258883248729, 98.57868020304566, 99.99999999999999]
[91.97969543147208, 92.79187817258884, 94.82233502538071, 96.5482233502538, 96.95431472081218, 97.36040609137055, 97.76649746192892, 98.17258883248729, 98.57868020304566, 99.99999999999999]
[91.97969543147208, 92.79187817258884, 94.82233502538071, 96.5482233502538, 96.95431472081218, 97.36040609137055, 97.76649746192892, 98.17258883248729, 98.57868020304566, 99.99999999999999]
[91.97969543147208, 92.79187817258884, 94.82233502538071, 96.5482233502538, 96.95431472081218, 97.36040609137055, 97.76649746192892, 98.17258883248729, 98.57868020304566, 99.99999999999999]
[91.97969543147208, 92.79187817258884, 94.82233502538071, 96.5482233502538, 96.95431472081218, 97.36040609137055, 97.76649746192892, 98.17258883248729, 98.57868020304566, 99.99999999999999]
[91.97969543147208, 92.79187817258884, 94.82233502538071, 96.5482233502538, 96.95431472081218, 97.36040609137055, 97.76649746192892, 98.17258883248729, 98.57868020304566, 99.99999999999999]
[91.97969543147208, 92.79187817258884, 94.82233502538071, 96.5482233502538, 96.95431472081218, 97.36040609137055, 97.76649746192892, 98.17258883248729, 98.57868020304566, 99.99999999999999]
[91.97969543147208, 92.79187817258884, 94.82233502538071, 96.5482233502538, 96.95431472081218, 97.36040609137055, 97.76649746192892, 98.17258883248729, 98.57868020304566, 99.99999999999999]
[91.97969543147208, 92.79187817258884, 94.82233502538071, 96.5482233502538, 96.95431472081218, 97.36040609137055, 97.76649746192892, 98.17258883248729, 98.57868020304566, 99.99999999999999]
[91.97969543147208, 92.79187817258884, 94.82233502538071, 96.5482233502538, 96.95431472081218, 97.36040609137055, 97.76649746192892, 98.17258883248729, 98.57868020304566, 99.99999999999999]
[91.97969543147208, 92.79187817258884, 94.82233502538071, 96.5482233502538, 96.95431472081218, 97.36040609137055, 97.76649746192892, 98.17258883248729, 98.57868020304566, 99.99999999999999]
[91.97969543147208, 92.79187817258884, 94.82233502538071, 96.5482233502538, 96.95431472081218, 97.36040609137055, 97.76649746192892, 98.17258883248729, 98.57868020304566, 99.99999999999999]
[91.97969543147208, 92.79187817258884, 94.82233502538071, 96.5482233502538, 96.95431472081218, 97.36040609137055, 97.76649746192892, 98.17258883248729, 98.57868020304566, 99.99999999999999]
[91.97969543147208, 92.79187817258884, 94.82233502538071, 96.5482233502538, 96.95431472081218, 97.36040609137055, 97.76649746192892, 98.17258883248729, 98.57868020304566, 99.99999999999999]
[91.97969543147208, 92.79187817258884, 94.82233502538071, 96.5482233502538, 96.95431472081218, 97.36040609137055, 97.76649746192892, 98.17258883248729, 98.57868020304566, 99.99999999999999]
[91.97969543147208, 92.79187817258884, 94.82233502538071, 96.5482233502538, 96.95431472081218, 97.36040609137055, 97.76649746192892, 98.17258883248729, 98.57868020304566, 99.99999999999999]
[91.97969543147208, 92.79187817258884, 94.82233502538071, 96.5482233502538, 96.95431472081218, 97.36040609137055, 97.76649746192892, 98.17258883248729, 98.57868020304566, 99.99999999999999]
[91.97969543147208, 92.79187817258884, 94.82233502538071, 96.5482233502538, 96.95431472081218, 97.36040609137055, 97.76649746192892, 98.17258883248729, 98.57868020304566, 99.99999999999999]
[91.97969543147208, 92.79187817258884, 94.82233502538071, 96.5482233502538, 96.95431472081218, 97.36040609137055, 97.76649746192892, 98.17258883248729, 98.57868020304566, 99.99999999999999]
[90.25380710659898, 94.82233502538071, 95.43147208121827, 98.07106598984771, 98.57868020304568, 98.78172588832487, 98.98477157360406, 99.18781725888326, 100.00000000000001]
[90.25380710659898, 94.82233502538071, 95.43147208121827, 98.07106598984771, 98.57868020304568, 98.78172588832487, 98.98477157360406, 99.18781725888326, 100.00000000000001]
[90.25380710659898, 94.82233502538071, 95.43147208121827, 98.07106598984771, 98.57868020304568, 98.78172588832487, 98.98477157360406, 99.18781725888326, 100.00000000000001]
[90.25380710659898, 94.82233502538071, 95.43147208121827, 98.07106598984771, 98.57868020304568, 98.78172588832487, 98.98477157360406, 99.18781725888326, 100.00000000000001]
[90.25380710659898, 94.82233502538071, 95.43147208121827, 98.07106598984771, 98.57868020304568, 98.78172588832487, 98.98477157360406, 99.18781725888326, 100.00000000000001]
[90.25380710659898, 94.82233502538071, 95.43147208121827, 98.07106598984771, 98.57868020304568, 98.78172588832487, 98.98477157360406, 99.18781725888326, 100.00000000000001]
[90.25380710659898, 94.82233502538071, 95.43147208121827, 98.07106598984771, 98.57868020304568, 98.78172588832487, 98.98477157360406, 99.18781725888326, 100.00000000000001]
[90.25380710659898, 94.82233502538071, 95.43147208121827, 98.07106598984771, 98.57868020304568, 98.78172588832487, 98.98477157360406, 99.18781725888326, 100.00000000000001]
[90.25380710659898, 94.82233502538071, 95.43147208121827, 98.07106598984771, 98.57868020304568, 98.78172588832487, 98.98477157360406, 99.18781725888326, 100.00000000000001]
[90.25380710659898, 94.82233502538071, 95.43147208121827, 98.07106598984771, 98.57868020304568, 98.78172588832487, 98.98477157360406, 99.18781725888326, 100.00000000000001]
[90.25380710659898, 94.82233502538071, 95.43147208121827, 98.07106598984771, 98.57868020304568, 98.78172588832487, 98.98477157360406, 99.18781725888326, 100.00000000000001]
[90.25380710659898, 94.82233502538071, 95.43147208121827, 98.07106598984771, 98.57868020304568, 98.78172588832487, 98.98477157360406, 99.18781725888326, 100.00000000000001]
[90.25380710659898, 94.82233502538071, 95.43147208121827, 98.07106598984771, 98.57868020304568, 98.78172588832487, 98.98477157360406, 99.18781725888326, 100.00000000000001]
[90.25380710659898, 94.82233502538071, 95.43147208121827, 98.07106598984771, 98.57868020304568, 98.78172588832487, 98.98477157360406, 99.18781725888326, 100.00000000000001]
[90.25380710659898, 94.82233502538071, 95.43147208121827, 98.07106598984771, 98.57868020304568, 98.78172588832487, 98.98477157360406, 99.18781725888326, 100.00000000000001]
[90.25380710659898, 94.82233502538071, 95.43147208121827, 98.07106598984771, 98.57868020304568, 98.78172588832487, 98.98477157360406, 99.18781725888326, 100.00000000000001]
[90.25380710659898, 94.82233502538071, 95.43147208121827, 98.07106598984771, 98.57868020304568, 98.78172588832487, 98.98477157360406, 99.18781725888326, 100.00000000000001]
[90.25380710659898, 94.82233502538071, 95.43147208121827, 98.07106598984771, 98.57868020304568, 98.78172588832487, 98.98477157360406, 99.18781725888326, 100.00000000000001]
[90.25380710659898, 94.82233502538071, 95.43147208121827, 98.07106598984771, 98.57868020304568, 98.78172588832487, 98.98477157360406, 99.18781725888326, 100.00000000000001]
[90.25380710659898, 94.82233502538071, 95.43147208121827, 98.07106598984771, 98.57868020304568, 98.78172588832487, 98.98477157360406, 99.18781725888326, 100.00000000000001]
[90.25380710659898, 94.82233502538071, 95.43147208121827, 98.07106598984771, 98.57868020304568, 98.78172588832487, 98.98477157360406, 99.18781725888326, 100.00000000000001]
[90.25380710659898, 94.82233502538071, 95.43147208121827, 98.07106598984771, 98.57868020304568, 98.78172588832487, 98.98477157360406, 99.18781725888326, 100.00000000000001]
[90.25380710659898, 94.82233502538071, 95.43147208121827, 98.07106598984771, 98.57868020304568, 98.78172588832487, 98.98477157360406, 99.18781725888326, 100.00000000000001]
[90.25380710659898, 94.82233502538071, 95.43147208121827, 98.07106598984771, 98.57868020304568, 98.78172588832487, 98.98477157360406, 99.18781725888326, 100.00000000000001]
[90.25380710659898, 94.82233502538071, 95.43147208121827, 98.07106598984771, 98.57868020304568, 98.78172588832487, 98.98477157360406, 99.18781725888326, 100.00000000000001]
[90.25380710659898, 94.82233502538071, 95.43147208121827, 98.07106598984771, 98.57868020304568, 98.78172588832487, 98.98477157360406, 99.18781725888326, 100.00000000000001]
[90.25380710659898, 94.82233502538071, 95.43147208121827, 98.07106598984771, 98.57868020304568, 98.78172588832487, 98.98477157360406, 99.18781725888326, 100.00000000000001]
[90.25380710659898, 94.82233502538071, 95.43147208121827, 98.07106598984771, 98.57868020304568, 98.78172588832487, 98.98477157360406, 99.18781725888326, 100.00000000000001]
[90.25380710659898, 94.82233502538071, 95.43147208121827, 98.07106598984771, 98.57868020304568, 98.78172588832487, 98.98477157360406, 99.18781725888326, 100.00000000000001]
[90.25380710659898, 94.82233502538071, 95.43147208121827, 98.07106598984771, 98.57868020304568, 98.78172588832487, 98.98477157360406, 99.18781725888326, 100.00000000000001]
[90.25380710659898, 94.82233502538071, 95.43147208121827, 98.07106598984771, 98.57868020304568, 98.78172588832487, 98.98477157360406, 99.18781725888326, 100.00000000000001]
[90.25380710659898, 94.82233502538071, 95.43147208121827, 98.07106598984771, 98.57868020304568, 98.78172588832487, 98.98477157360406, 99.18781725888326, 100.00000000000001]
[90.25380710659898, 94.82233502538071, 95.43147208121827, 98.07106598984771, 98.57868020304568, 98.78172588832487, 98.98477157360406, 99.18781725888326, 100.00000000000001]
[90.25380710659898, 94.82233502538071, 95.43147208121827, 98.07106598984771, 98.57868020304568, 98.78172588832487, 98.98477157360406, 99.18781725888326, 100.00000000000001]
[90.25380710659898, 94.82233502538071, 95.43147208121827, 98.07106598984771, 98.57868020304568, 98.78172588832487, 98.98477157360406, 99.18781725888326, 100.00000000000001]
[90.25380710659898, 94.82233502538071, 95.43147208121827, 98.07106598984771, 98.57868020304568, 98.78172588832487, 98.98477157360406, 99.18781725888326, 100.00000000000001]
[90.25380710659898, 94.82233502538071, 95.43147208121827, 98.07106598984771, 98.57868020304568, 98.78172588832487, 98.98477157360406, 99.18781725888326, 100.00000000000001]
[90.25380710659898, 94.82233502538071, 95.43147208121827, 98.07106598984771, 98.57868020304568, 98.78172588832487, 98.98477157360406, 99.18781725888326, 100.00000000000001]
[90.65989847715737, 92.99492385786803, 95.0253807106599, 96.751269035533, 97.15736040609137, 97.56345177664974, 97.96954314720811, 98.37563451776649, 99.99999999999999]
[90.65989847715737, 92.99492385786803, 95.0253807106599, 96.751269035533, 97.15736040609137, 97.56345177664974, 97.96954314720811, 98.37563451776649, 99.99999999999999]
[90.65989847715737, 92.99492385786803, 95.0253807106599, 96.751269035533, 97.15736040609137, 97.56345177664974, 97.96954314720811, 98.37563451776649, 99.99999999999999]
[90.65989847715737, 92.99492385786803, 95.0253807106599, 96.751269035533, 97.15736040609137, 97.56345177664974, 97.96954314720811, 98.37563451776649, 99.99999999999999]
[90.65989847715737, 92.99492385786803, 95.0253807106599, 96.751269035533, 97.15736040609137, 97.56345177664974, 97.96954314720811, 98.37563451776649, 99.99999999999999]
[90.65989847715737, 92.99492385786803, 95.0253807106599, 96.751269035533, 97.15736040609137, 97.56345177664974, 97.96954314720811, 98.37563451776649, 99.99999999999999]
[90.65989847715737, 92.99492385786803, 95.0253807106599, 96.751269035533, 97.15736040609137, 97.56345177664974, 97.96954314720811, 98.37563451776649, 99.99999999999999]
[90.65989847715737, 92.99492385786803, 95.0253807106599, 96.751269035533, 97.15736040609137, 97.56345177664974, 97.96954314720811, 98.37563451776649, 99.99999999999999]
[90.65989847715737, 92.99492385786803, 95.0253807106599, 96.751269035533, 97.15736040609137, 97.56345177664974, 97.96954314720811, 98.37563451776649, 99.99999999999999]
[90.65989847715737, 92.99492385786803, 95.0253807106599, 96.751269035533, 97.15736040609137, 97.56345177664974, 97.96954314720811, 98.37563451776649, 99.99999999999999]
[90.65989847715737, 92.99492385786803, 95.0253807106599, 96.751269035533, 97.15736040609137, 97.56345177664974, 97.96954314720811, 98.37563451776649, 99.99999999999999]
[90.65989847715737, 92.99492385786803, 95.0253807106599, 96.751269035533, 97.15736040609137, 97.56345177664974, 97.96954314720811, 98.37563451776649, 99.99999999999999]
[90.65989847715737, 92.99492385786803, 95.0253807106599, 96.751269035533, 97.15736040609137, 97.56345177664974, 97.96954314720811, 98.37563451776649, 99.99999999999999]
[90.65989847715737, 92.99492385786803, 95.0253807106599, 96.751269035533, 97.15736040609137, 97.56345177664974, 97.96954314720811, 98.37563451776649, 99.99999999999999]
[90.65989847715737, 92.99492385786803, 95.0253807106599, 96.751269035533, 97.15736040609137, 97.56345177664974, 97.96954314720811, 98.37563451776649, 99.99999999999999]
[90.65989847715737, 92.99492385786803, 95.0253807106599, 96.751269035533, 97.15736040609137, 97.56345177664974, 97.96954314720811, 98.37563451776649, 99.99999999999999]
[90.65989847715737, 92.99492385786803, 95.0253807106599, 96.751269035533, 97.15736040609137, 97.56345177664974, 97.96954314720811, 98.37563451776649, 99.99999999999999]
[90.65989847715737, 92.99492385786803, 95.0253807106599, 96.751269035533, 97.15736040609137, 97.56345177664974, 97.96954314720811, 98.37563451776649, 99.99999999999999]
[90.65989847715737, 92.99492385786803, 95.0253807106599, 96.751269035533, 97.15736040609137, 97.56345177664974, 97.96954314720811, 98.37563451776649, 99.99999999999999]
[90.65989847715737, 92.99492385786803, 95.0253807106599, 96.751269035533, 97.15736040609137, 97.56345177664974, 97.96954314720811, 98.37563451776649, 99.99999999999999]
[90.65989847715737, 92.99492385786803, 95.0253807106599, 96.751269035533, 97.15736040609137, 97.56345177664974, 97.96954314720811, 98.37563451776649, 99.99999999999999]
[90.65989847715737, 92.99492385786803, 95.0253807106599, 96.751269035533, 97.15736040609137, 97.56345177664974, 97.96954314720811, 98.37563451776649, 99.99999999999999]
[90.65989847715737, 92.99492385786803, 95.0253807106599, 96.751269035533, 97.15736040609137, 97.56345177664974, 97.96954314720811, 98.37563451776649, 99.99999999999999]
[90.65989847715737, 92.99492385786803, 95.0253807106599, 96.751269035533, 97.15736040609137, 97.56345177664974, 97.96954314720811, 98.37563451776649, 99.99999999999999]
[90.65989847715737, 92.99492385786803, 95.0253807106599, 96.751269035533, 97.15736040609137, 97.56345177664974, 97.96954314720811, 98.37563451776649, 99.99999999999999]
[90.65989847715737, 92.99492385786803, 95.0253807106599, 96.751269035533, 97.15736040609137, 97.56345177664974, 97.96954314720811, 98.37563451776649, 99.99999999999999]
[90.65989847715737, 92.99492385786803, 95.0253807106599, 96.751269035533, 97.15736040609137, 97.56345177664974, 97.96954314720811, 98.37563451776649, 99.99999999999999]
[90.65989847715737, 92.99492385786803, 95.0253807106599, 96.751269035533, 97.15736040609137, 97.56345177664974, 97.96954314720811, 98.37563451776649, 99.99999999999999]
[90.65989847715737, 92.99492385786803, 95.0253807106599, 96.751269035533, 97.15736040609137, 97.56345177664974, 97.96954314720811, 98.37563451776649, 99.99999999999999]
[90.65989847715737, 92.99492385786803, 95.0253807106599, 96.751269035533, 97.15736040609137, 97.56345177664974, 97.96954314720811, 98.37563451776649, 99.99999999999999]
[90.65989847715737, 92.99492385786803, 95.0253807106599, 96.751269035533, 97.15736040609137, 97.56345177664974, 97.96954314720811, 98.37563451776649, 99.99999999999999]
[90.65989847715737, 92.99492385786803, 95.0253807106599, 96.751269035533, 97.15736040609137, 97.56345177664974, 97.96954314720811, 98.37563451776649, 99.99999999999999]
[90.65989847715737, 92.99492385786803, 95.0253807106599, 96.751269035533, 97.15736040609137, 97.56345177664974, 97.96954314720811, 98.37563451776649, 99.99999999999999]
[90.65989847715737, 92.99492385786803, 95.0253807106599, 96.751269035533, 97.15736040609137, 97.56345177664974, 97.96954314720811, 98.37563451776649, 99.99999999999999]
[90.65989847715737, 92.99492385786803, 95.0253807106599, 96.751269035533, 97.15736040609137, 97.56345177664974, 97.96954314720811, 98.37563451776649, 99.99999999999999]
[90.65989847715737, 92.99492385786803, 95.0253807106599, 96.751269035533, 97.15736040609137, 97.56345177664974, 97.96954314720811, 98.37563451776649, 99.99999999999999]
[90.65989847715737, 92.99492385786803, 95.0253807106599, 96.751269035533, 97.15736040609137, 97.56345177664974, 97.96954314720811, 98.37563451776649, 99.99999999999999]
[90.65989847715737, 92.99492385786803, 95.0253807106599, 96.751269035533, 97.15736040609137, 97.56345177664974, 97.96954314720811, 98.37563451776649, 99.99999999999999]
[90.65989847715737, 92.99492385786803, 95.0253807106599, 96.751269035533, 97.15736040609137, 97.56345177664974, 97.96954314720811, 98.37563451776649, 99.99999999999999]
[90.65989847715737, 92.99492385786803, 95.0253807106599, 96.751269035533, 97.15736040609137, 97.56345177664974, 97.96954314720811, 98.37563451776649, 99.99999999999999]
[90.65989847715737, 92.99492385786803, 95.0253807106599, 96.751269035533, 97.15736040609137, 97.56345177664974, 97.96954314720811, 98.37563451776649, 99.99999999999999]
[90.65989847715737, 92.99492385786803, 95.0253807106599, 96.751269035533, 97.15736040609137, 97.56345177664974, 97.96954314720811, 98.37563451776649, 99.99999999999999]
[92.18274111675126, 94.41624365482232, 95.22842639593908, 96.95431472081218, 97.36040609137055, 97.76649746192892, 98.98477157360405, 99.18781725888324, 100.0]
[92.18274111675126, 94.41624365482232, 95.22842639593908, 96.95431472081218, 97.36040609137055, 97.76649746192892, 98.98477157360405, 99.18781725888324, 100.0]
[92.18274111675126, 94.41624365482232, 95.22842639593908, 96.95431472081218, 97.36040609137055, 97.76649746192892, 98.98477157360405, 99.18781725888324, 100.0]
[92.18274111675126, 94.41624365482232, 95.22842639593908, 96.95431472081218, 97.36040609137055, 97.76649746192892, 98.98477157360405, 99.18781725888324, 100.0]
[92.18274111675126, 94.41624365482232, 95.22842639593908, 96.95431472081218, 97.36040609137055, 97.76649746192892, 98.98477157360405, 99.18781725888324, 100.0]
[92.18274111675126, 94.41624365482232, 95.22842639593908, 96.95431472081218, 97.36040609137055, 97.76649746192892, 98.98477157360405, 99.18781725888324, 100.0]
[92.18274111675126, 94.41624365482232, 95.22842639593908, 96.95431472081218, 97.36040609137055, 97.76649746192892, 98.98477157360405, 99.18781725888324, 100.0]
[92.18274111675126, 94.41624365482232, 95.22842639593908, 96.95431472081218, 97.36040609137055, 97.76649746192892, 98.98477157360405, 99.18781725888324, 100.0]
[92.18274111675126, 94.41624365482232, 95.22842639593908, 96.95431472081218, 97.36040609137055, 97.76649746192892, 98.98477157360405, 99.18781725888324, 100.0]
[92.18274111675126, 94.41624365482232, 95.22842639593908, 96.95431472081218, 97.36040609137055, 97.76649746192892, 98.98477157360405, 99.18781725888324, 100.0]
[92.18274111675126, 94.41624365482232, 95.22842639593908, 96.95431472081218, 97.36040609137055, 97.76649746192892, 98.98477157360405, 99.18781725888324, 100.0]
[92.18274111675126, 94.41624365482232, 95.22842639593908, 96.95431472081218, 97.36040609137055, 97.76649746192892, 98.98477157360405, 99.18781725888324, 100.0]
[92.18274111675126, 94.41624365482232, 95.22842639593908, 96.95431472081218, 97.36040609137055, 97.76649746192892, 98.98477157360405, 99.18781725888324, 100.0]
[92.18274111675126, 94.41624365482232, 95.22842639593908, 96.95431472081218, 97.36040609137055, 97.76649746192892, 98.98477157360405, 99.18781725888324, 100.0]
[92.18274111675126, 94.41624365482232, 95.22842639593908, 96.95431472081218, 97.36040609137055, 97.76649746192892, 98.98477157360405, 99.18781725888324, 100.0]
[92.18274111675126, 94.41624365482232, 95.22842639593908, 96.95431472081218, 97.36040609137055, 97.76649746192892, 98.98477157360405, 99.18781725888324, 100.0]
[92.18274111675126, 94.41624365482232, 95.22842639593908, 96.95431472081218, 97.36040609137055, 97.76649746192892, 98.98477157360405, 99.18781725888324, 100.0]
[92.18274111675126, 94.41624365482232, 95.22842639593908, 96.95431472081218, 97.36040609137055, 97.76649746192892, 98.98477157360405, 99.18781725888324, 100.0]
[92.18274111675126, 94.41624365482232, 95.22842639593908, 96.95431472081218, 97.36040609137055, 97.76649746192892, 98.98477157360405, 99.18781725888324, 100.0]
[92.18274111675126, 94.41624365482232, 95.22842639593908, 96.95431472081218, 97.36040609137055, 97.76649746192892, 98.98477157360405, 99.18781725888324, 100.0]
[92.18274111675126, 94.41624365482232, 95.22842639593908, 96.95431472081218, 97.36040609137055, 97.76649746192892, 98.98477157360405, 99.18781725888324, 100.0]
[92.18274111675126, 94.41624365482232, 95.22842639593908, 96.95431472081218, 97.36040609137055, 97.76649746192892, 98.98477157360405, 99.18781725888324, 100.0]
[92.18274111675126, 94.41624365482232, 95.22842639593908, 96.95431472081218, 97.36040609137055, 97.76649746192892, 98.98477157360405, 99.18781725888324, 100.0]
[92.18274111675126, 94.41624365482232, 95.22842639593908, 96.95431472081218, 97.36040609137055, 97.76649746192892, 98.98477157360405, 99.18781725888324, 100.0]
[92.18274111675126, 94.41624365482232, 95.22842639593908, 96.95431472081218, 97.36040609137055, 97.76649746192892, 98.98477157360405, 99.18781725888324, 100.0]
[92.18274111675126, 94.41624365482232, 95.22842639593908, 96.95431472081218, 97.36040609137055, 97.76649746192892, 98.98477157360405, 99.18781725888324, 100.0]
[92.18274111675126, 94.41624365482232, 95.22842639593908, 96.95431472081218, 97.36040609137055, 97.76649746192892, 98.98477157360405, 99.18781725888324, 100.0]
[92.18274111675126, 94.41624365482232, 95.22842639593908, 96.95431472081218, 97.36040609137055, 97.76649746192892, 98.98477157360405, 99.18781725888324, 100.0]
[92.18274111675126, 94.41624365482232, 95.22842639593908, 96.95431472081218, 97.36040609137055, 97.76649746192892, 98.98477157360405, 99.18781725888324, 100.0]
[92.18274111675126, 94.41624365482232, 95.22842639593908, 96.95431472081218, 97.36040609137055, 97.76649746192892, 98.98477157360405, 99.18781725888324, 100.0]
[92.18274111675126, 94.41624365482232, 95.22842639593908, 96.95431472081218, 97.36040609137055, 97.76649746192892, 98.98477157360405, 99.18781725888324, 100.0]
[92.18274111675126, 94.41624365482232, 95.22842639593908, 96.95431472081218, 97.36040609137055, 97.76649746192892, 98.98477157360405, 99.18781725888324, 100.0]
[92.18274111675126, 94.41624365482232, 95.22842639593908, 96.95431472081218, 97.36040609137055, 97.76649746192892, 98.98477157360405, 99.18781725888324, 100.0]
[92.18274111675126, 94.41624365482232, 95.22842639593908, 96.95431472081218, 97.36040609137055, 97.76649746192892, 98.98477157360405, 99.18781725888324, 100.0]
[92.18274111675126, 94.41624365482232, 95.22842639593908, 96.95431472081218, 97.36040609137055, 97.76649746192892, 98.98477157360405, 99.18781725888324, 100.0]
[92.18274111675126, 94.41624365482232, 95.22842639593908, 96.95431472081218, 97.36040609137055, 97.76649746192892, 98.98477157360405, 99.18781725888324, 100.0]
[92.18274111675126, 94.41624365482232, 95.22842639593908, 96.95431472081218, 97.36040609137055, 97.76649746192892, 98.98477157360405, 99.18781725888324, 100.0]
[92.18274111675126, 94.41624365482232, 95.22842639593908, 96.95431472081218, 97.36040609137055, 97.76649746192892, 98.98477157360405, 99.18781725888324, 100.0]
[92.18274111675126, 94.41624365482232, 95.22842639593908, 96.95431472081218, 97.36040609137055, 97.76649746192892, 98.98477157360405, 99.18781725888324, 100.0]
[92.18274111675126, 94.41624365482232, 95.22842639593908, 96.95431472081218, 97.36040609137055, 97.76649746192892, 98.98477157360405, 99.18781725888324, 100.0]
[92.18274111675126, 94.41624365482232, 95.22842639593908, 96.95431472081218, 97.36040609137055, 97.76649746192892, 98.98477157360405, 99.18781725888324, 100.0]
[92.18274111675126, 94.41624365482232, 95.22842639593908, 96.95431472081218, 97.36040609137055, 97.76649746192892, 98.98477157360405, 99.18781725888324, 100.0]
[87.91878172588832, 93.40101522842639, 97.36040609137055, 98.37563451776649, 98.57868020304568, 98.78172588832487, 98.98477157360406, 99.18781725888326, 100.00000000000001]
[87.91878172588832, 93.40101522842639, 97.36040609137055, 98.37563451776649, 98.57868020304568, 98.78172588832487, 98.98477157360406, 99.18781725888326, 100.00000000000001]
[87.91878172588832, 93.40101522842639, 97.36040609137055, 98.37563451776649, 98.57868020304568, 98.78172588832487, 98.98477157360406, 99.18781725888326, 100.00000000000001]
[87.91878172588832, 93.40101522842639, 97.36040609137055, 98.37563451776649, 98.57868020304568, 98.78172588832487, 98.98477157360406, 99.18781725888326, 100.00000000000001]
[87.91878172588832, 93.40101522842639, 97.36040609137055, 98.37563451776649, 98.57868020304568, 98.78172588832487, 98.98477157360406, 99.18781725888326, 100.00000000000001]
[87.91878172588832, 93.40101522842639, 97.36040609137055, 98.37563451776649, 98.57868020304568, 98.78172588832487, 98.98477157360406, 99.18781725888326, 100.00000000000001]
[87.91878172588832, 93.40101522842639, 97.36040609137055, 98.37563451776649, 98.57868020304568, 98.78172588832487, 98.98477157360406, 99.18781725888326, 100.00000000000001]
[87.91878172588832, 93.40101522842639, 97.36040609137055, 98.37563451776649, 98.57868020304568, 98.78172588832487, 98.98477157360406, 99.18781725888326, 100.00000000000001]
[87.91878172588832, 93.40101522842639, 97.36040609137055, 98.37563451776649, 98.57868020304568, 98.78172588832487, 98.98477157360406, 99.18781725888326, 100.00000000000001]
[87.91878172588832, 93.40101522842639, 97.36040609137055, 98.37563451776649, 98.57868020304568, 98.78172588832487, 98.98477157360406, 99.18781725888326, 100.00000000000001]
[87.91878172588832, 93.40101522842639, 97.36040609137055, 98.37563451776649, 98.57868020304568, 98.78172588832487, 98.98477157360406, 99.18781725888326, 100.00000000000001]
[87.91878172588832, 93.40101522842639, 97.36040609137055, 98.37563451776649, 98.57868020304568, 98.78172588832487, 98.98477157360406, 99.18781725888326, 100.00000000000001]
[87.91878172588832, 93.40101522842639, 97.36040609137055, 98.37563451776649, 98.57868020304568, 98.78172588832487, 98.98477157360406, 99.18781725888326, 100.00000000000001]
[87.91878172588832, 93.40101522842639, 97.36040609137055, 98.37563451776649, 98.57868020304568, 98.78172588832487, 98.98477157360406, 99.18781725888326, 100.00000000000001]
[87.91878172588832, 93.40101522842639, 97.36040609137055, 98.37563451776649, 98.57868020304568, 98.78172588832487, 98.98477157360406, 99.18781725888326, 100.00000000000001]
[87.91878172588832, 93.40101522842639, 97.36040609137055, 98.37563451776649, 98.57868020304568, 98.78172588832487, 98.98477157360406, 99.18781725888326, 100.00000000000001]
[87.91878172588832, 93.40101522842639, 97.36040609137055, 98.37563451776649, 98.57868020304568, 98.78172588832487, 98.98477157360406, 99.18781725888326, 100.00000000000001]
[87.91878172588832, 93.40101522842639, 97.36040609137055, 98.37563451776649, 98.57868020304568, 98.78172588832487, 98.98477157360406, 99.18781725888326, 100.00000000000001]
[87.91878172588832, 93.40101522842639, 97.36040609137055, 98.37563451776649, 98.57868020304568, 98.78172588832487, 98.98477157360406, 99.18781725888326, 100.00000000000001]
[87.91878172588832, 93.40101522842639, 97.36040609137055, 98.37563451776649, 98.57868020304568, 98.78172588832487, 98.98477157360406, 99.18781725888326, 100.00000000000001]
[87.91878172588832, 93.40101522842639, 97.36040609137055, 98.37563451776649, 98.57868020304568, 98.78172588832487, 98.98477157360406, 99.18781725888326, 100.00000000000001]
[87.91878172588832, 93.40101522842639, 97.36040609137055, 98.37563451776649, 98.57868020304568, 98.78172588832487, 98.98477157360406, 99.18781725888326, 100.00000000000001]
[87.91878172588832, 93.40101522842639, 97.36040609137055, 98.37563451776649, 98.57868020304568, 98.78172588832487, 98.98477157360406, 99.18781725888326, 100.00000000000001]
[87.91878172588832, 93.40101522842639, 97.36040609137055, 98.37563451776649, 98.57868020304568, 98.78172588832487, 98.98477157360406, 99.18781725888326, 100.00000000000001]
[87.91878172588832, 93.40101522842639, 97.36040609137055, 98.37563451776649, 98.57868020304568, 98.78172588832487, 98.98477157360406, 99.18781725888326, 100.00000000000001]
[87.91878172588832, 93.40101522842639, 97.36040609137055, 98.37563451776649, 98.57868020304568, 98.78172588832487, 98.98477157360406, 99.18781725888326, 100.00000000000001]
[87.91878172588832, 93.40101522842639, 97.36040609137055, 98.37563451776649, 98.57868020304568, 98.78172588832487, 98.98477157360406, 99.18781725888326, 100.00000000000001]
[87.91878172588832, 93.40101522842639, 97.36040609137055, 98.37563451776649, 98.57868020304568, 98.78172588832487, 98.98477157360406, 99.18781725888326, 100.00000000000001]
[87.91878172588832, 93.40101522842639, 97.36040609137055, 98.37563451776649, 98.57868020304568, 98.78172588832487, 98.98477157360406, 99.18781725888326, 100.00000000000001]
[87.91878172588832, 93.40101522842639, 97.36040609137055, 98.37563451776649, 98.57868020304568, 98.78172588832487, 98.98477157360406, 99.18781725888326, 100.00000000000001]
[87.91878172588832, 93.40101522842639, 97.36040609137055, 98.37563451776649, 98.57868020304568, 98.78172588832487, 98.98477157360406, 99.18781725888326, 100.00000000000001]
[87.91878172588832, 93.40101522842639, 97.36040609137055, 98.37563451776649, 98.57868020304568, 98.78172588832487, 98.98477157360406, 99.18781725888326, 100.00000000000001]
[87.91878172588832, 93.40101522842639, 97.36040609137055, 98.37563451776649, 98.57868020304568, 98.78172588832487, 98.98477157360406, 99.18781725888326, 100.00000000000001]
[87.91878172588832, 93.40101522842639, 97.36040609137055, 98.37563451776649, 98.57868020304568, 98.78172588832487, 98.98477157360406, 99.18781725888326, 100.00000000000001]
[87.91878172588832, 93.40101522842639, 97.36040609137055, 98.37563451776649, 98.57868020304568, 98.78172588832487, 98.98477157360406, 99.18781725888326, 100.00000000000001]
[87.91878172588832, 93.40101522842639, 97.36040609137055, 98.37563451776649, 98.57868020304568, 98.78172588832487, 98.98477157360406, 99.18781725888326, 100.00000000000001]
[87.91878172588832, 93.40101522842639, 97.36040609137055, 98.37563451776649, 98.57868020304568, 98.78172588832487, 98.98477157360406, 99.18781725888326, 100.00000000000001]
[87.91878172588832, 93.40101522842639, 97.36040609137055, 98.37563451776649, 98.57868020304568, 98.78172588832487, 98.98477157360406, 99.18781725888326, 100.00000000000001]
[87.91878172588832, 93.40101522842639, 97.36040609137055, 98.37563451776649, 98.57868020304568, 98.78172588832487, 98.98477157360406, 99.18781725888326, 100.00000000000001]
[87.91878172588832, 93.40101522842639, 97.36040609137055, 98.37563451776649, 98.57868020304568, 98.78172588832487, 98.98477157360406, 99.18781725888326, 100.00000000000001]
[85.78680203045685, 94.82233502538071, 96.751269035533, 97.96954314720813, 98.57868020304569, 98.78172588832489, 98.98477157360408, 99.18781725888327, 100.00000000000003]
[85.78680203045685, 94.82233502538071, 96.751269035533, 97.96954314720813, 98.57868020304569, 98.78172588832489, 98.98477157360408, 99.18781725888327, 100.00000000000003]
[85.78680203045685, 94.82233502538071, 96.751269035533, 97.96954314720813, 98.57868020304569, 98.78172588832489, 98.98477157360408, 99.18781725888327, 100.00000000000003]
[85.78680203045685, 94.82233502538071, 96.751269035533, 97.96954314720813, 98.57868020304569, 98.78172588832489, 98.98477157360408, 99.18781725888327, 100.00000000000003]
[85.78680203045685, 94.82233502538071, 96.751269035533, 97.96954314720813, 98.57868020304569, 98.78172588832489, 98.98477157360408, 99.18781725888327, 100.00000000000003]
[85.78680203045685, 94.82233502538071, 96.751269035533, 97.96954314720813, 98.57868020304569, 98.78172588832489, 98.98477157360408, 99.18781725888327, 100.00000000000003]
[85.78680203045685, 94.82233502538071, 96.751269035533, 97.96954314720813, 98.57868020304569, 98.78172588832489, 98.98477157360408, 99.18781725888327, 100.00000000000003]
[85.78680203045685, 94.82233502538071, 96.751269035533, 97.96954314720813, 98.57868020304569, 98.78172588832489, 98.98477157360408, 99.18781725888327, 100.00000000000003]
[85.78680203045685, 94.82233502538071, 96.751269035533, 97.96954314720813, 98.57868020304569, 98.78172588832489, 98.98477157360408, 99.18781725888327, 100.00000000000003]
[85.78680203045685, 94.82233502538071, 96.751269035533, 97.96954314720813, 98.57868020304569, 98.78172588832489, 98.98477157360408, 99.18781725888327, 100.00000000000003]
[85.78680203045685, 94.82233502538071, 96.751269035533, 97.96954314720813, 98.57868020304569, 98.78172588832489, 98.98477157360408, 99.18781725888327, 100.00000000000003]
[92.89340101522842, 93.70558375634518, 94.51776649746193, 98.68020304568529, 98.88324873096448, 100.00000000000001]
[92.89340101522842, 93.70558375634518, 94.51776649746193, 98.68020304568529, 98.88324873096448, 100.00000000000001]
[92.89340101522842, 93.70558375634518, 94.51776649746193, 98.68020304568529, 98.88324873096448, 100.00000000000001]
[92.89340101522842, 93.70558375634518, 94.51776649746193, 98.68020304568529, 98.88324873096448, 100.00000000000001]
[92.89340101522842, 93.70558375634518, 94.51776649746193, 98.68020304568529, 98.88324873096448, 100.00000000000001]
[92.89340101522842, 93.70558375634518, 94.51776649746193, 98.68020304568529, 98.88324873096448, 100.00000000000001]
[92.89340101522842, 93.70558375634518, 94.51776649746193, 98.68020304568529, 98.88324873096448, 100.00000000000001]
[92.89340101522842, 93.70558375634518, 94.51776649746193, 98.68020304568529, 98.88324873096448, 100.00000000000001]
[92.89340101522842, 93.70558375634518, 94.51776649746193, 98.68020304568529, 98.88324873096448, 100.00000000000001]
[92.89340101522842, 93.70558375634518, 94.51776649746193, 98.68020304568529, 98.88324873096448, 100.00000000000001]
[92.89340101522842, 93.70558375634518, 94.51776649746193, 98.68020304568529, 98.88324873096448, 100.00000000000001]
[92.89340101522842, 93.70558375634518, 94.51776649746193, 98.68020304568529, 98.88324873096448, 100.00000000000001]
[92.89340101522842, 93.70558375634518, 94.51776649746193, 98.68020304568529, 98.88324873096448, 100.00000000000001]
[92.89340101522842, 93.70558375634518, 94.51776649746193, 98.68020304568529, 98.88324873096448, 100.00000000000001]
[92.89340101522842, 93.70558375634518, 94.51776649746193, 98.68020304568529, 98.88324873096448, 100.00000000000001]
[92.89340101522842, 93.70558375634518, 94.51776649746193, 98.68020304568529, 98.88324873096448, 100.00000000000001]
[92.89340101522842, 93.70558375634518, 94.51776649746193, 98.68020304568529, 98.88324873096448, 100.00000000000001]
[92.89340101522842, 93.70558375634518, 94.51776649746193, 98.68020304568529, 98.88324873096448, 100.00000000000001]
[92.89340101522842, 93.70558375634518, 94.51776649746193, 98.68020304568529, 98.88324873096448, 100.00000000000001]
[92.89340101522842, 93.70558375634518, 94.51776649746193, 98.68020304568529, 98.88324873096448, 100.00000000000001]
[92.89340101522842, 93.70558375634518, 94.51776649746193, 98.68020304568529, 98.88324873096448, 100.00000000000001]
[92.89340101522842, 93.70558375634518, 94.51776649746193, 98.68020304568529, 98.88324873096448, 100.00000000000001]
[92.89340101522842, 93.70558375634518, 94.51776649746193, 98.68020304568529, 98.88324873096448, 100.00000000000001]
[92.89340101522842, 93.70558375634518, 94.51776649746193, 98.68020304568529, 98.88324873096448, 100.00000000000001]
[92.89340101522842, 93.70558375634518, 94.51776649746193, 98.68020304568529, 98.88324873096448, 100.00000000000001]
[92.89340101522842, 93.70558375634518, 94.51776649746193, 98.68020304568529, 98.88324873096448, 100.00000000000001]
[92.89340101522842, 93.70558375634518, 94.51776649746193, 98.68020304568529, 98.88324873096448, 100.00000000000001]
[92.89340101522842, 93.70558375634518, 94.51776649746193, 98.68020304568529, 98.88324873096448, 100.00000000000001]
[92.89340101522842, 93.70558375634518, 94.51776649746193, 98.68020304568529, 98.88324873096448, 100.00000000000001]
[92.89340101522842, 93.70558375634518, 94.51776649746193, 98.68020304568529, 98.88324873096448, 100.00000000000001]
[92.89340101522842, 93.70558375634518, 94.51776649746193, 98.68020304568529, 98.88324873096448, 100.00000000000001]
[92.89340101522842, 93.70558375634518, 94.51776649746193, 98.68020304568529, 98.88324873096448, 100.00000000000001]
[92.89340101522842, 93.70558375634518, 94.51776649746193, 98.68020304568529, 98.88324873096448, 100.00000000000001]
[92.89340101522842, 93.70558375634518, 94.51776649746193, 98.68020304568529, 98.88324873096448, 100.00000000000001]
[92.89340101522842, 93.70558375634518, 94.51776649746193, 98.68020304568529, 98.88324873096448, 100.00000000000001]
[92.89340101522842, 93.70558375634518, 94.51776649746193, 98.68020304568529, 98.88324873096448, 100.00000000000001]
[92.89340101522842, 93.70558375634518, 94.51776649746193, 98.68020304568529, 98.88324873096448, 100.00000000000001]
[92.89340101522842, 93.70558375634518, 94.51776649746193, 98.68020304568529, 98.88324873096448, 100.00000000000001]
[92.89340101522842, 93.70558375634518, 94.51776649746193, 98.68020304568529, 98.88324873096448, 100.00000000000001]
[92.89340101522842, 93.70558375634518, 94.51776649746193, 98.68020304568529, 98.88324873096448, 100.00000000000001]
[92.89340101522842, 93.70558375634518, 94.51776649746193, 98.68020304568529, 98.88324873096448, 100.00000000000001]
[92.89340101522842, 93.70558375634518, 94.51776649746193, 98.68020304568529, 98.88324873096448, 100.00000000000001]
[92.89340101522842, 93.70558375634518, 94.51776649746193, 98.68020304568529, 98.88324873096448, 100.00000000000001]
[92.89340101522842, 93.70558375634518, 94.51776649746193, 98.68020304568529, 98.88324873096448, 100.00000000000001]
[92.89340101522842, 93.70558375634518, 94.51776649746193, 98.68020304568529, 98.88324873096448, 100.00000000000001]
[92.89340101522842, 93.70558375634518, 94.51776649746193, 98.68020304568529, 98.88324873096448, 100.00000000000001]
[92.89340101522842, 93.70558375634518, 94.51776649746193, 98.68020304568529, 98.88324873096448, 100.00000000000001]
[92.89340101522842, 93.70558375634518, 94.51776649746193, 98.68020304568529, 98.88324873096448, 100.00000000000001]
[92.89340101522842, 93.70558375634518, 94.51776649746193, 98.68020304568529, 98.88324873096448, 100.00000000000001]
[92.89340101522842, 93.70558375634518, 94.51776649746193, 98.68020304568529, 98.88324873096448, 100.00000000000001]
[92.89340101522842, 93.70558375634518, 94.51776649746193, 98.68020304568529, 98.88324873096448, 100.00000000000001]
[93.90862944162437, 95.83756345177666, 96.24365482233503, 96.6497461928934, 97.05583756345177, 97.46192893401015, 97.86802030456852, 98.27411167512689, 99.28934010152282, 99.99999999999999]
[93.90862944162437, 95.83756345177666, 96.24365482233503, 96.6497461928934, 97.05583756345177, 97.46192893401015, 97.86802030456852, 98.27411167512689, 99.28934010152282, 99.99999999999999]
[93.90862944162437, 95.83756345177666, 96.24365482233503, 96.6497461928934, 97.05583756345177, 97.46192893401015, 97.86802030456852, 98.27411167512689, 99.28934010152282, 99.99999999999999]
[93.90862944162437, 95.83756345177666, 96.24365482233503, 96.6497461928934, 97.05583756345177, 97.46192893401015, 97.86802030456852, 98.27411167512689, 99.28934010152282, 99.99999999999999]
[93.90862944162437, 95.83756345177666, 96.24365482233503, 96.6497461928934, 97.05583756345177, 97.46192893401015, 97.86802030456852, 98.27411167512689, 99.28934010152282, 99.99999999999999]
[93.90862944162437, 95.83756345177666, 96.24365482233503, 96.6497461928934, 97.05583756345177, 97.46192893401015, 97.86802030456852, 98.27411167512689, 99.28934010152282, 99.99999999999999]
[93.90862944162437, 95.83756345177666, 96.24365482233503, 96.6497461928934, 97.05583756345177, 97.46192893401015, 97.86802030456852, 98.27411167512689, 99.28934010152282, 99.99999999999999]
[93.90862944162437, 95.83756345177666, 96.24365482233503, 96.6497461928934, 97.05583756345177, 97.46192893401015, 97.86802030456852, 98.27411167512689, 99.28934010152282, 99.99999999999999]
[93.90862944162437, 95.83756345177666, 96.24365482233503, 96.6497461928934, 97.05583756345177, 97.46192893401015, 97.86802030456852, 98.27411167512689, 99.28934010152282, 99.99999999999999]
[93.90862944162437, 95.83756345177666, 96.24365482233503, 96.6497461928934, 97.05583756345177, 97.46192893401015, 97.86802030456852, 98.27411167512689, 99.28934010152282, 99.99999999999999]
[93.90862944162437, 95.83756345177666, 96.24365482233503, 96.6497461928934, 97.05583756345177, 97.46192893401015, 97.86802030456852, 98.27411167512689, 99.28934010152282, 99.99999999999999]
[93.90862944162437, 95.83756345177666, 96.24365482233503, 96.6497461928934, 97.05583756345177, 97.46192893401015, 97.86802030456852, 98.27411167512689, 99.28934010152282, 99.99999999999999]
[93.90862944162437, 95.83756345177666, 96.24365482233503, 96.6497461928934, 97.05583756345177, 97.46192893401015, 97.86802030456852, 98.27411167512689, 99.28934010152282, 99.99999999999999]
[93.90862944162437, 95.83756345177666, 96.24365482233503, 96.6497461928934, 97.05583756345177, 97.46192893401015, 97.86802030456852, 98.27411167512689, 99.28934010152282, 99.99999999999999]
[93.90862944162437, 95.83756345177666, 96.24365482233503, 96.6497461928934, 97.05583756345177, 97.46192893401015, 97.86802030456852, 98.27411167512689, 99.28934010152282, 99.99999999999999]
[93.90862944162437, 95.83756345177666, 96.24365482233503, 96.6497461928934, 97.05583756345177, 97.46192893401015, 97.86802030456852, 98.27411167512689, 99.28934010152282, 99.99999999999999]
[93.90862944162437, 95.83756345177666, 96.24365482233503, 96.6497461928934, 97.05583756345177, 97.46192893401015, 97.86802030456852, 98.27411167512689, 99.28934010152282, 99.99999999999999]
[93.90862944162437, 95.83756345177666, 96.24365482233503, 96.6497461928934, 97.05583756345177, 97.46192893401015, 97.86802030456852, 98.27411167512689, 99.28934010152282, 99.99999999999999]
[93.90862944162437, 95.83756345177666, 96.24365482233503, 96.6497461928934, 97.05583756345177, 97.46192893401015, 97.86802030456852, 98.27411167512689, 99.28934010152282, 99.99999999999999]
[93.90862944162437, 95.83756345177666, 96.24365482233503, 96.6497461928934, 97.05583756345177, 97.46192893401015, 97.86802030456852, 98.27411167512689, 99.28934010152282, 99.99999999999999]
[93.90862944162437, 95.83756345177666, 96.24365482233503, 96.6497461928934, 97.05583756345177, 97.46192893401015, 97.86802030456852, 98.27411167512689, 99.28934010152282, 99.99999999999999]
[93.90862944162437, 95.83756345177666, 96.24365482233503, 96.6497461928934, 97.05583756345177, 97.46192893401015, 97.86802030456852, 98.27411167512689, 99.28934010152282, 99.99999999999999]
[93.90862944162437, 95.83756345177666, 96.24365482233503, 96.6497461928934, 97.05583756345177, 97.46192893401015, 97.86802030456852, 98.27411167512689, 99.28934010152282, 99.99999999999999]
[93.90862944162437, 95.83756345177666, 96.24365482233503, 96.6497461928934, 97.05583756345177, 97.46192893401015, 97.86802030456852, 98.27411167512689, 99.28934010152282, 99.99999999999999]
[93.90862944162437, 95.83756345177666, 96.24365482233503, 96.6497461928934, 97.05583756345177, 97.46192893401015, 97.86802030456852, 98.27411167512689, 99.28934010152282, 99.99999999999999]
[93.90862944162437, 95.83756345177666, 96.24365482233503, 96.6497461928934, 97.05583756345177, 97.46192893401015, 97.86802030456852, 98.27411167512689, 99.28934010152282, 99.99999999999999]
[93.90862944162437, 95.83756345177666, 96.24365482233503, 96.6497461928934, 97.05583756345177, 97.46192893401015, 97.86802030456852, 98.27411167512689, 99.28934010152282, 99.99999999999999]
[93.90862944162437, 95.83756345177666, 96.24365482233503, 96.6497461928934, 97.05583756345177, 97.46192893401015, 97.86802030456852, 98.27411167512689, 99.28934010152282, 99.99999999999999]
[93.90862944162437, 95.83756345177666, 96.24365482233503, 96.6497461928934, 97.05583756345177, 97.46192893401015, 97.86802030456852, 98.27411167512689, 99.28934010152282, 99.99999999999999]
[93.90862944162437, 95.83756345177666, 96.24365482233503, 96.6497461928934, 97.05583756345177, 97.46192893401015, 97.86802030456852, 98.27411167512689, 99.28934010152282, 99.99999999999999]
[93.90862944162437, 95.83756345177666, 96.24365482233503, 96.6497461928934, 97.05583756345177, 97.46192893401015, 97.86802030456852, 98.27411167512689, 99.28934010152282, 99.99999999999999]
[93.90862944162437, 95.83756345177666, 96.24365482233503, 96.6497461928934, 97.05583756345177, 97.46192893401015, 97.86802030456852, 98.27411167512689, 99.28934010152282, 99.99999999999999]
[93.90862944162437, 95.83756345177666, 96.24365482233503, 96.6497461928934, 97.05583756345177, 97.46192893401015, 97.86802030456852, 98.27411167512689, 99.28934010152282, 99.99999999999999]
[93.90862944162437, 95.83756345177666, 96.24365482233503, 96.6497461928934, 97.05583756345177, 97.46192893401015, 97.86802030456852, 98.27411167512689, 99.28934010152282, 99.99999999999999]
[87.20812182741116, 92.79187817258882, 98.68020304568527, 100.0]
[87.20812182741116, 92.79187817258882, 98.68020304568527, 100.0]
[87.20812182741116, 92.79187817258882, 98.68020304568527, 100.0]
[87.20812182741116, 92.79187817258882, 98.68020304568527, 100.0]
[87.20812182741116, 92.79187817258882, 98.68020304568527, 100.0]
[87.20812182741116, 92.79187817258882, 98.68020304568527, 100.0]
[87.20812182741116, 92.79187817258882, 98.68020304568527, 100.0]
[87.20812182741116, 92.79187817258882, 98.68020304568527, 100.0]
[87.20812182741116, 92.79187817258882, 98.68020304568527, 100.0]
[87.20812182741116, 92.79187817258882, 98.68020304568527, 100.0]
[87.20812182741116, 92.79187817258882, 98.68020304568527, 100.0]
[87.20812182741116, 92.79187817258882, 98.68020304568527, 100.0]
[87.20812182741116, 92.79187817258882, 98.68020304568527, 100.0]
[87.20812182741116, 92.79187817258882, 98.68020304568527, 100.0]
[87.20812182741116, 92.79187817258882, 98.68020304568527, 100.0]
[87.20812182741116, 92.79187817258882, 98.68020304568527, 100.0]
[87.20812182741116, 92.79187817258882, 98.68020304568527, 100.0]
[87.20812182741116, 92.79187817258882, 98.68020304568527, 100.0]
[87.20812182741116, 92.79187817258882, 98.68020304568527, 100.0]
[87.20812182741116, 92.79187817258882, 98.68020304568527, 100.0]
[87.20812182741116, 92.79187817258882, 98.68020304568527, 100.0]
[87.20812182741116, 92.79187817258882, 98.68020304568527, 100.0]
[87.20812182741116, 92.79187817258882, 98.68020304568527, 100.0]
[87.20812182741116, 92.79187817258882, 98.68020304568527, 100.0]
[87.20812182741116, 92.79187817258882, 98.68020304568527, 100.0]
[87.20812182741116, 92.79187817258882, 98.68020304568527, 100.0]
[87.20812182741116, 92.79187817258882, 98.68020304568527, 100.0]
[87.20812182741116, 92.79187817258882, 98.68020304568527, 100.0]
[87.20812182741116, 92.79187817258882, 98.68020304568527, 100.0]
[87.20812182741116, 92.79187817258882, 98.68020304568527, 100.0]
[87.20812182741116, 92.79187817258882, 98.68020304568527, 100.0]
[87.20812182741116, 92.79187817258882, 98.68020304568527, 100.0]
[87.20812182741116, 92.79187817258882, 98.68020304568527, 100.0]
[87.20812182741116, 92.79187817258882, 98.68020304568527, 100.0]
[87.20812182741116, 92.79187817258882, 98.68020304568527, 100.0]
[87.20812182741116, 92.79187817258882, 98.68020304568527, 100.0]
[87.20812182741116, 92.79187817258882, 98.68020304568527, 100.0]
[87.20812182741116, 92.79187817258882, 98.68020304568527, 100.0]
[87.20812182741116, 92.79187817258882, 98.68020304568527, 100.0]
[87.20812182741116, 92.79187817258882, 98.68020304568527, 100.0]
[87.20812182741116, 92.79187817258882, 98.68020304568527, 100.0]
[87.91878172588832, 89.84771573604061, 92.28426395939087, 96.24365482233503, 97.15736040609137, 97.56345177664974, 97.96954314720811, 99.08629441624365, 99.28934010152284, 100.0]
[87.91878172588832, 89.84771573604061, 92.28426395939087, 96.24365482233503, 97.15736040609137, 97.56345177664974, 97.96954314720811, 99.08629441624365, 99.28934010152284, 100.0]
[87.91878172588832, 89.84771573604061, 92.28426395939087, 96.24365482233503, 97.15736040609137, 97.56345177664974, 97.96954314720811, 99.08629441624365, 99.28934010152284, 100.0]
[87.91878172588832, 89.84771573604061, 92.28426395939087, 96.24365482233503, 97.15736040609137, 97.56345177664974, 97.96954314720811, 99.08629441624365, 99.28934010152284, 100.0]
[87.91878172588832, 89.84771573604061, 92.28426395939087, 96.24365482233503, 97.15736040609137, 97.56345177664974, 97.96954314720811, 99.08629441624365, 99.28934010152284, 100.0]
[87.91878172588832, 89.84771573604061, 92.28426395939087, 96.24365482233503, 97.15736040609137, 97.56345177664974, 97.96954314720811, 99.08629441624365, 99.28934010152284, 100.0]
[87.91878172588832, 89.84771573604061, 92.28426395939087, 96.24365482233503, 97.15736040609137, 97.56345177664974, 97.96954314720811, 99.08629441624365, 99.28934010152284, 100.0]
[87.91878172588832, 89.84771573604061, 92.28426395939087, 96.24365482233503, 97.15736040609137, 97.56345177664974, 97.96954314720811, 99.08629441624365, 99.28934010152284, 100.0]
[87.91878172588832, 89.84771573604061, 92.28426395939087, 96.24365482233503, 97.15736040609137, 97.56345177664974, 97.96954314720811, 99.08629441624365, 99.28934010152284, 100.0]
[87.91878172588832, 89.84771573604061, 92.28426395939087, 96.24365482233503, 97.15736040609137, 97.56345177664974, 97.96954314720811, 99.08629441624365, 99.28934010152284, 100.0]
[87.91878172588832, 89.84771573604061, 92.28426395939087, 96.24365482233503, 97.15736040609137, 97.56345177664974, 97.96954314720811, 99.08629441624365, 99.28934010152284, 100.0]
[87.91878172588832, 89.84771573604061, 92.28426395939087, 96.24365482233503, 97.15736040609137, 97.56345177664974, 97.96954314720811, 99.08629441624365, 99.28934010152284, 100.0]
[87.91878172588832, 89.84771573604061, 92.28426395939087, 96.24365482233503, 97.15736040609137, 97.56345177664974, 97.96954314720811, 99.08629441624365, 99.28934010152284, 100.0]
[87.91878172588832, 89.84771573604061, 92.28426395939087, 96.24365482233503, 97.15736040609137, 97.56345177664974, 97.96954314720811, 99.08629441624365, 99.28934010152284, 100.0]
[87.91878172588832, 89.84771573604061, 92.28426395939087, 96.24365482233503, 97.15736040609137, 97.56345177664974, 97.96954314720811, 99.08629441624365, 99.28934010152284, 100.0]
[87.91878172588832, 89.84771573604061, 92.28426395939087, 96.24365482233503, 97.15736040609137, 97.56345177664974, 97.96954314720811, 99.08629441624365, 99.28934010152284, 100.0]
[87.91878172588832, 89.84771573604061, 92.28426395939087, 96.24365482233503, 97.15736040609137, 97.56345177664974, 97.96954314720811, 99.08629441624365, 99.28934010152284, 100.0]
[87.91878172588832, 89.84771573604061, 92.28426395939087, 96.24365482233503, 97.15736040609137, 97.56345177664974, 97.96954314720811, 99.08629441624365, 99.28934010152284, 100.0]
[87.91878172588832, 89.84771573604061, 92.28426395939087, 96.24365482233503, 97.15736040609137, 97.56345177664974, 97.96954314720811, 99.08629441624365, 99.28934010152284, 100.0]
[87.91878172588832, 89.84771573604061, 92.28426395939087, 96.24365482233503, 97.15736040609137, 97.56345177664974, 97.96954314720811, 99.08629441624365, 99.28934010152284, 100.0]
[87.91878172588832, 89.84771573604061, 92.28426395939087, 96.24365482233503, 97.15736040609137, 97.56345177664974, 97.96954314720811, 99.08629441624365, 99.28934010152284, 100.0]
[87.91878172588832, 89.84771573604061, 92.28426395939087, 96.24365482233503, 97.15736040609137, 97.56345177664974, 97.96954314720811, 99.08629441624365, 99.28934010152284, 100.0]
[87.91878172588832, 89.84771573604061, 92.28426395939087, 96.24365482233503, 97.15736040609137, 97.56345177664974, 97.96954314720811, 99.08629441624365, 99.28934010152284, 100.0]
[87.91878172588832, 89.84771573604061, 92.28426395939087, 96.24365482233503, 97.15736040609137, 97.56345177664974, 97.96954314720811, 99.08629441624365, 99.28934010152284, 100.0]
[87.91878172588832, 89.84771573604061, 92.28426395939087, 96.24365482233503, 97.15736040609137, 97.56345177664974, 97.96954314720811, 99.08629441624365, 99.28934010152284, 100.0]
[87.91878172588832, 89.84771573604061, 92.28426395939087, 96.24365482233503, 97.15736040609137, 97.56345177664974, 97.96954314720811, 99.08629441624365, 99.28934010152284, 100.0]
[87.91878172588832, 89.84771573604061, 92.28426395939087, 96.24365482233503, 97.15736040609137, 97.56345177664974, 97.96954314720811, 99.08629441624365, 99.28934010152284, 100.0]
[87.91878172588832, 89.84771573604061, 92.28426395939087, 96.24365482233503, 97.15736040609137, 97.56345177664974, 97.96954314720811, 99.08629441624365, 99.28934010152284, 100.0]
[87.91878172588832, 89.84771573604061, 92.28426395939087, 96.24365482233503, 97.15736040609137, 97.56345177664974, 97.96954314720811, 99.08629441624365, 99.28934010152284, 100.0]
[87.91878172588832, 89.84771573604061, 92.28426395939087, 96.24365482233503, 97.15736040609137, 97.56345177664974, 97.96954314720811, 99.08629441624365, 99.28934010152284, 100.0]
[87.91878172588832, 89.84771573604061, 92.28426395939087, 96.24365482233503, 97.15736040609137, 97.56345177664974, 97.96954314720811, 99.08629441624365, 99.28934010152284, 100.0]
[87.91878172588832, 89.84771573604061, 92.28426395939087, 96.24365482233503, 97.15736040609137, 97.56345177664974, 97.96954314720811, 99.08629441624365, 99.28934010152284, 100.0]
[87.91878172588832, 89.84771573604061, 92.28426395939087, 96.24365482233503, 97.15736040609137, 97.56345177664974, 97.96954314720811, 99.08629441624365, 99.28934010152284, 100.0]
[87.91878172588832, 89.84771573604061, 92.28426395939087, 96.24365482233503, 97.15736040609137, 97.56345177664974, 97.96954314720811, 99.08629441624365, 99.28934010152284, 100.0]
[87.91878172588832, 89.84771573604061, 92.28426395939087, 96.24365482233503, 97.15736040609137, 97.56345177664974, 97.96954314720811, 99.08629441624365, 99.28934010152284, 100.0]
[87.91878172588832, 89.84771573604061, 92.28426395939087, 96.24365482233503, 97.15736040609137, 97.56345177664974, 97.96954314720811, 99.08629441624365, 99.28934010152284, 100.0]
[87.91878172588832, 89.84771573604061, 92.28426395939087, 96.24365482233503, 97.15736040609137, 97.56345177664974, 97.96954314720811, 99.08629441624365, 99.28934010152284, 100.0]
[87.91878172588832, 89.84771573604061, 92.28426395939087, 96.24365482233503, 97.15736040609137, 97.56345177664974, 97.96954314720811, 99.08629441624365, 99.28934010152284, 100.0]
[92.48730964467005, 94.61928934010152, 95.22842639593908, 95.83756345177665, 98.47715736040608, 98.68020304568527, 98.88324873096447, 99.08629441624366, 99.28934010152285, 100.00000000000001]
[92.48730964467005, 94.61928934010152, 95.22842639593908, 95.83756345177665, 98.47715736040608, 98.68020304568527, 98.88324873096447, 99.08629441624366, 99.28934010152285, 100.00000000000001]
[92.48730964467005, 94.61928934010152, 95.22842639593908, 95.83756345177665, 98.47715736040608, 98.68020304568527, 98.88324873096447, 99.08629441624366, 99.28934010152285, 100.00000000000001]
[92.48730964467005, 94.61928934010152, 95.22842639593908, 95.83756345177665, 98.47715736040608, 98.68020304568527, 98.88324873096447, 99.08629441624366, 99.28934010152285, 100.00000000000001]
[92.48730964467005, 94.61928934010152, 95.22842639593908, 95.83756345177665, 98.47715736040608, 98.68020304568527, 98.88324873096447, 99.08629441624366, 99.28934010152285, 100.00000000000001]
[92.48730964467005, 94.61928934010152, 95.22842639593908, 95.83756345177665, 98.47715736040608, 98.68020304568527, 98.88324873096447, 99.08629441624366, 99.28934010152285, 100.00000000000001]
[92.48730964467005, 94.61928934010152, 95.22842639593908, 95.83756345177665, 98.47715736040608, 98.68020304568527, 98.88324873096447, 99.08629441624366, 99.28934010152285, 100.00000000000001]
[92.48730964467005, 94.61928934010152, 95.22842639593908, 95.83756345177665, 98.47715736040608, 98.68020304568527, 98.88324873096447, 99.08629441624366, 99.28934010152285, 100.00000000000001]
[92.48730964467005, 94.61928934010152, 95.22842639593908, 95.83756345177665, 98.47715736040608, 98.68020304568527, 98.88324873096447, 99.08629441624366, 99.28934010152285, 100.00000000000001]
[92.48730964467005, 94.61928934010152, 95.22842639593908, 95.83756345177665, 98.47715736040608, 98.68020304568527, 98.88324873096447, 99.08629441624366, 99.28934010152285, 100.00000000000001]
[92.48730964467005, 94.61928934010152, 95.22842639593908, 95.83756345177665, 98.47715736040608, 98.68020304568527, 98.88324873096447, 99.08629441624366, 99.28934010152285, 100.00000000000001]
[92.48730964467005, 94.61928934010152, 95.22842639593908, 95.83756345177665, 98.47715736040608, 98.68020304568527, 98.88324873096447, 99.08629441624366, 99.28934010152285, 100.00000000000001]
[92.48730964467005, 94.61928934010152, 95.22842639593908, 95.83756345177665, 98.47715736040608, 98.68020304568527, 98.88324873096447, 99.08629441624366, 99.28934010152285, 100.00000000000001]
[92.48730964467005, 94.61928934010152, 95.22842639593908, 95.83756345177665, 98.47715736040608, 98.68020304568527, 98.88324873096447, 99.08629441624366, 99.28934010152285, 100.00000000000001]
[92.48730964467005, 94.61928934010152, 95.22842639593908, 95.83756345177665, 98.47715736040608, 98.68020304568527, 98.88324873096447, 99.08629441624366, 99.28934010152285, 100.00000000000001]
[92.48730964467005, 94.61928934010152, 95.22842639593908, 95.83756345177665, 98.47715736040608, 98.68020304568527, 98.88324873096447, 99.08629441624366, 99.28934010152285, 100.00000000000001]
[92.48730964467005, 94.61928934010152, 95.22842639593908, 95.83756345177665, 98.47715736040608, 98.68020304568527, 98.88324873096447, 99.08629441624366, 99.28934010152285, 100.00000000000001]
[92.48730964467005, 94.61928934010152, 95.22842639593908, 95.83756345177665, 98.47715736040608, 98.68020304568527, 98.88324873096447, 99.08629441624366, 99.28934010152285, 100.00000000000001]
[92.48730964467005, 94.61928934010152, 95.22842639593908, 95.83756345177665, 98.47715736040608, 98.68020304568527, 98.88324873096447, 99.08629441624366, 99.28934010152285, 100.00000000000001]
[92.48730964467005, 94.61928934010152, 95.22842639593908, 95.83756345177665, 98.47715736040608, 98.68020304568527, 98.88324873096447, 99.08629441624366, 99.28934010152285, 100.00000000000001]
[92.48730964467005, 94.61928934010152, 95.22842639593908, 95.83756345177665, 98.47715736040608, 98.68020304568527, 98.88324873096447, 99.08629441624366, 99.28934010152285, 100.00000000000001]
[92.48730964467005, 94.61928934010152, 95.22842639593908, 95.83756345177665, 98.47715736040608, 98.68020304568527, 98.88324873096447, 99.08629441624366, 99.28934010152285, 100.00000000000001]
[92.48730964467005, 94.61928934010152, 95.22842639593908, 95.83756345177665, 98.47715736040608, 98.68020304568527, 98.88324873096447, 99.08629441624366, 99.28934010152285, 100.00000000000001]
[92.48730964467005, 94.61928934010152, 95.22842639593908, 95.83756345177665, 98.47715736040608, 98.68020304568527, 98.88324873096447, 99.08629441624366, 99.28934010152285, 100.00000000000001]
[92.48730964467005, 94.61928934010152, 95.22842639593908, 95.83756345177665, 98.47715736040608, 98.68020304568527, 98.88324873096447, 99.08629441624366, 99.28934010152285, 100.00000000000001]
[92.48730964467005, 94.61928934010152, 95.22842639593908, 95.83756345177665, 98.47715736040608, 98.68020304568527, 98.88324873096447, 99.08629441624366, 99.28934010152285, 100.00000000000001]
[92.48730964467005, 94.61928934010152, 95.22842639593908, 95.83756345177665, 98.47715736040608, 98.68020304568527, 98.88324873096447, 99.08629441624366, 99.28934010152285, 100.00000000000001]
[92.48730964467005, 94.61928934010152, 95.22842639593908, 95.83756345177665, 98.47715736040608, 98.68020304568527, 98.88324873096447, 99.08629441624366, 99.28934010152285, 100.00000000000001]
[92.48730964467005, 94.61928934010152, 95.22842639593908, 95.83756345177665, 98.47715736040608, 98.68020304568527, 98.88324873096447, 99.08629441624366, 99.28934010152285, 100.00000000000001]
[92.48730964467005, 94.61928934010152, 95.22842639593908, 95.83756345177665, 98.47715736040608, 98.68020304568527, 98.88324873096447, 99.08629441624366, 99.28934010152285, 100.00000000000001]
[92.48730964467005, 94.61928934010152, 95.22842639593908, 95.83756345177665, 98.47715736040608, 98.68020304568527, 98.88324873096447, 99.08629441624366, 99.28934010152285, 100.00000000000001]
[92.48730964467005, 94.61928934010152, 95.22842639593908, 95.83756345177665, 98.47715736040608, 98.68020304568527, 98.88324873096447, 99.08629441624366, 99.28934010152285, 100.00000000000001]
[92.48730964467005, 94.61928934010152, 95.22842639593908, 95.83756345177665, 98.47715736040608, 98.68020304568527, 98.88324873096447, 99.08629441624366, 99.28934010152285, 100.00000000000001]
[92.48730964467005, 94.61928934010152, 95.22842639593908, 95.83756345177665, 98.47715736040608, 98.68020304568527, 98.88324873096447, 99.08629441624366, 99.28934010152285, 100.00000000000001]
[92.48730964467005, 94.61928934010152, 95.22842639593908, 95.83756345177665, 98.47715736040608, 98.68020304568527, 98.88324873096447, 99.08629441624366, 99.28934010152285, 100.00000000000001]
[92.48730964467005, 94.61928934010152, 95.22842639593908, 95.83756345177665, 98.47715736040608, 98.68020304568527, 98.88324873096447, 99.08629441624366, 99.28934010152285, 100.00000000000001]
[92.48730964467005, 94.61928934010152, 95.22842639593908, 95.83756345177665, 98.47715736040608, 98.68020304568527, 98.88324873096447, 99.08629441624366, 99.28934010152285, 100.00000000000001]
[86.7005076142132, 93.60406091370558, 95.63451776649745, 98.47715736040608, 98.68020304568527, 98.88324873096447, 99.08629441624366, 100.0]
[86.7005076142132, 93.60406091370558, 95.63451776649745, 98.47715736040608, 98.68020304568527, 98.88324873096447, 99.08629441624366, 100.0]
[86.7005076142132, 93.60406091370558, 95.63451776649745, 98.47715736040608, 98.68020304568527, 98.88324873096447, 99.08629441624366, 100.0]
[86.7005076142132, 93.60406091370558, 95.63451776649745, 98.47715736040608, 98.68020304568527, 98.88324873096447, 99.08629441624366, 100.0]
[86.7005076142132, 93.60406091370558, 95.63451776649745, 98.47715736040608, 98.68020304568527, 98.88324873096447, 99.08629441624366, 100.0]
[86.7005076142132, 93.60406091370558, 95.63451776649745, 98.47715736040608, 98.68020304568527, 98.88324873096447, 99.08629441624366, 100.0]
[86.7005076142132, 93.60406091370558, 95.63451776649745, 98.47715736040608, 98.68020304568527, 98.88324873096447, 99.08629441624366, 100.0]
[86.7005076142132, 93.60406091370558, 95.63451776649745, 98.47715736040608, 98.68020304568527, 98.88324873096447, 99.08629441624366, 100.0]
[86.7005076142132, 93.60406091370558, 95.63451776649745, 98.47715736040608, 98.68020304568527, 98.88324873096447, 99.08629441624366, 100.0]
[86.7005076142132, 93.60406091370558, 95.63451776649745, 98.47715736040608, 98.68020304568527, 98.88324873096447, 99.08629441624366, 100.0]
[86.7005076142132, 93.60406091370558, 95.63451776649745, 98.47715736040608, 98.68020304568527, 98.88324873096447, 99.08629441624366, 100.0]
[86.7005076142132, 93.60406091370558, 95.63451776649745, 98.47715736040608, 98.68020304568527, 98.88324873096447, 99.08629441624366, 100.0]
[86.7005076142132, 93.60406091370558, 95.63451776649745, 98.47715736040608, 98.68020304568527, 98.88324873096447, 99.08629441624366, 100.0]
[86.7005076142132, 93.60406091370558, 95.63451776649745, 98.47715736040608, 98.68020304568527, 98.88324873096447, 99.08629441624366, 100.0]
[86.7005076142132, 93.60406091370558, 95.63451776649745, 98.47715736040608, 98.68020304568527, 98.88324873096447, 99.08629441624366, 100.0]
[86.7005076142132, 93.60406091370558, 95.63451776649745, 98.47715736040608, 98.68020304568527, 98.88324873096447, 99.08629441624366, 100.0]
[86.7005076142132, 93.60406091370558, 95.63451776649745, 98.47715736040608, 98.68020304568527, 98.88324873096447, 99.08629441624366, 100.0]
[86.7005076142132, 93.60406091370558, 95.63451776649745, 98.47715736040608, 98.68020304568527, 98.88324873096447, 99.08629441624366, 100.0]
[86.7005076142132, 93.60406091370558, 95.63451776649745, 98.47715736040608, 98.68020304568527, 98.88324873096447, 99.08629441624366, 100.0]
[86.7005076142132, 93.60406091370558, 95.63451776649745, 98.47715736040608, 98.68020304568527, 98.88324873096447, 99.08629441624366, 100.0]
[86.7005076142132, 93.60406091370558, 95.63451776649745, 98.47715736040608, 98.68020304568527, 98.88324873096447, 99.08629441624366, 100.0]
[86.7005076142132, 93.60406091370558, 95.63451776649745, 98.47715736040608, 98.68020304568527, 98.88324873096447, 99.08629441624366, 100.0]
[86.7005076142132, 93.60406091370558, 95.63451776649745, 98.47715736040608, 98.68020304568527, 98.88324873096447, 99.08629441624366, 100.0]
[86.7005076142132, 93.60406091370558, 95.63451776649745, 98.47715736040608, 98.68020304568527, 98.88324873096447, 99.08629441624366, 100.0]
[86.7005076142132, 93.60406091370558, 95.63451776649745, 98.47715736040608, 98.68020304568527, 98.88324873096447, 99.08629441624366, 100.0]
[86.7005076142132, 93.60406091370558, 95.63451776649745, 98.47715736040608, 98.68020304568527, 98.88324873096447, 99.08629441624366, 100.0]
[86.7005076142132, 93.60406091370558, 95.63451776649745, 98.47715736040608, 98.68020304568527, 98.88324873096447, 99.08629441624366, 100.0]
[86.7005076142132, 93.60406091370558, 95.63451776649745, 98.47715736040608, 98.68020304568527, 98.88324873096447, 99.08629441624366, 100.0]
[86.7005076142132, 93.60406091370558, 95.63451776649745, 98.47715736040608, 98.68020304568527, 98.88324873096447, 99.08629441624366, 100.0]
[86.7005076142132, 93.60406091370558, 95.63451776649745, 98.47715736040608, 98.68020304568527, 98.88324873096447, 99.08629441624366, 100.0]
[86.7005076142132, 93.60406091370558, 95.63451776649745, 98.47715736040608, 98.68020304568527, 98.88324873096447, 99.08629441624366, 100.0]
[86.7005076142132, 93.60406091370558, 95.63451776649745, 98.47715736040608, 98.68020304568527, 98.88324873096447, 99.08629441624366, 100.0]
[86.7005076142132, 93.60406091370558, 95.63451776649745, 98.47715736040608, 98.68020304568527, 98.88324873096447, 99.08629441624366, 100.0]
[86.7005076142132, 93.60406091370558, 95.63451776649745, 98.47715736040608, 98.68020304568527, 98.88324873096447, 99.08629441624366, 100.0]
[86.7005076142132, 93.60406091370558, 95.63451776649745, 98.47715736040608, 98.68020304568527, 98.88324873096447, 99.08629441624366, 100.0]
[86.7005076142132, 93.60406091370558, 95.63451776649745, 98.47715736040608, 98.68020304568527, 98.88324873096447, 99.08629441624366, 100.0]
[86.7005076142132, 93.60406091370558, 95.63451776649745, 98.47715736040608, 98.68020304568527, 98.88324873096447, 99.08629441624366, 100.0]
[86.7005076142132, 93.60406091370558, 95.63451776649745, 98.47715736040608, 98.68020304568527, 98.88324873096447, 99.08629441624366, 100.0]
[86.7005076142132, 93.60406091370558, 95.63451776649745, 98.47715736040608, 98.68020304568527, 98.88324873096447, 99.08629441624366, 100.0]
[86.7005076142132, 93.60406091370558, 95.63451776649745, 98.47715736040608, 98.68020304568527, 98.88324873096447, 99.08629441624366, 100.0]
[86.7005076142132, 93.60406091370558, 95.63451776649745, 98.47715736040608, 98.68020304568527, 98.88324873096447, 99.08629441624366, 100.0]
[86.7005076142132, 93.60406091370558, 95.63451776649745, 98.47715736040608, 98.68020304568527, 98.88324873096447, 99.08629441624366, 100.0]
[86.7005076142132, 93.60406091370558, 95.63451776649745, 98.47715736040608, 98.68020304568527, 98.88324873096447, 99.08629441624366, 100.0]
[86.7005076142132, 93.60406091370558, 95.63451776649745, 98.47715736040608, 98.68020304568527, 98.88324873096447, 99.08629441624366, 100.0]
[86.7005076142132, 93.60406091370558, 95.63451776649745, 98.47715736040608, 98.68020304568527, 98.88324873096447, 99.08629441624366, 100.0]
[86.7005076142132, 93.60406091370558, 95.63451776649745, 98.47715736040608, 98.68020304568527, 98.88324873096447, 99.08629441624366, 100.0]
[86.7005076142132, 93.60406091370558, 95.63451776649745, 98.47715736040608, 98.68020304568527, 98.88324873096447, 99.08629441624366, 100.0]
[86.7005076142132, 93.60406091370558, 95.63451776649745, 98.47715736040608, 98.68020304568527, 98.88324873096447, 99.08629441624366, 100.0]
[88.22335025380711, 94.9238578680203, 96.751269035533, 98.2741116751269, 98.4771573604061, 98.68020304568529, 98.88324873096448, 99.08629441624367, 99.28934010152287, 100.00000000000003]
[88.22335025380711, 94.9238578680203, 96.751269035533, 98.2741116751269, 98.4771573604061, 98.68020304568529, 98.88324873096448, 99.08629441624367, 99.28934010152287, 100.00000000000003]
[88.22335025380711, 94.9238578680203, 96.751269035533, 98.2741116751269, 98.4771573604061, 98.68020304568529, 98.88324873096448, 99.08629441624367, 99.28934010152287, 100.00000000000003]
[88.22335025380711, 94.9238578680203, 96.751269035533, 98.2741116751269, 98.4771573604061, 98.68020304568529, 98.88324873096448, 99.08629441624367, 99.28934010152287, 100.00000000000003]
[88.22335025380711, 94.9238578680203, 96.751269035533, 98.2741116751269, 98.4771573604061, 98.68020304568529, 98.88324873096448, 99.08629441624367, 99.28934010152287, 100.00000000000003]
[88.22335025380711, 94.9238578680203, 96.751269035533, 98.2741116751269, 98.4771573604061, 98.68020304568529, 98.88324873096448, 99.08629441624367, 99.28934010152287, 100.00000000000003]
[88.22335025380711, 94.9238578680203, 96.751269035533, 98.2741116751269, 98.4771573604061, 98.68020304568529, 98.88324873096448, 99.08629441624367, 99.28934010152287, 100.00000000000003]
[88.22335025380711, 94.9238578680203, 96.751269035533, 98.2741116751269, 98.4771573604061, 98.68020304568529, 98.88324873096448, 99.08629441624367, 99.28934010152287, 100.00000000000003]
[88.22335025380711, 94.9238578680203, 96.751269035533, 98.2741116751269, 98.4771573604061, 98.68020304568529, 98.88324873096448, 99.08629441624367, 99.28934010152287, 100.00000000000003]
[88.22335025380711, 94.9238578680203, 96.751269035533, 98.2741116751269, 98.4771573604061, 98.68020304568529, 98.88324873096448, 99.08629441624367, 99.28934010152287, 100.00000000000003]
[88.22335025380711, 94.9238578680203, 96.751269035533, 98.2741116751269, 98.4771573604061, 98.68020304568529, 98.88324873096448, 99.08629441624367, 99.28934010152287, 100.00000000000003]
[88.22335025380711, 94.9238578680203, 96.751269035533, 98.2741116751269, 98.4771573604061, 98.68020304568529, 98.88324873096448, 99.08629441624367, 99.28934010152287, 100.00000000000003]
[88.22335025380711, 94.9238578680203, 96.751269035533, 98.2741116751269, 98.4771573604061, 98.68020304568529, 98.88324873096448, 99.08629441624367, 99.28934010152287, 100.00000000000003]
[88.22335025380711, 94.9238578680203, 96.751269035533, 98.2741116751269, 98.4771573604061, 98.68020304568529, 98.88324873096448, 99.08629441624367, 99.28934010152287, 100.00000000000003]
[88.22335025380711, 94.9238578680203, 96.751269035533, 98.2741116751269, 98.4771573604061, 98.68020304568529, 98.88324873096448, 99.08629441624367, 99.28934010152287, 100.00000000000003]
[88.22335025380711, 94.9238578680203, 96.751269035533, 98.2741116751269, 98.4771573604061, 98.68020304568529, 98.88324873096448, 99.08629441624367, 99.28934010152287, 100.00000000000003]
[88.22335025380711, 94.9238578680203, 96.751269035533, 98.2741116751269, 98.4771573604061, 98.68020304568529, 98.88324873096448, 99.08629441624367, 99.28934010152287, 100.00000000000003]
[88.22335025380711, 94.9238578680203, 96.751269035533, 98.2741116751269, 98.4771573604061, 98.68020304568529, 98.88324873096448, 99.08629441624367, 99.28934010152287, 100.00000000000003]
[88.22335025380711, 94.9238578680203, 96.751269035533, 98.2741116751269, 98.4771573604061, 98.68020304568529, 98.88324873096448, 99.08629441624367, 99.28934010152287, 100.00000000000003]
[88.22335025380711, 94.9238578680203, 96.751269035533, 98.2741116751269, 98.4771573604061, 98.68020304568529, 98.88324873096448, 99.08629441624367, 99.28934010152287, 100.00000000000003]
[88.22335025380711, 94.9238578680203, 96.751269035533, 98.2741116751269, 98.4771573604061, 98.68020304568529, 98.88324873096448, 99.08629441624367, 99.28934010152287, 100.00000000000003]
[88.22335025380711, 94.9238578680203, 96.751269035533, 98.2741116751269, 98.4771573604061, 98.68020304568529, 98.88324873096448, 99.08629441624367, 99.28934010152287, 100.00000000000003]
[88.22335025380711, 94.9238578680203, 96.751269035533, 98.2741116751269, 98.4771573604061, 98.68020304568529, 98.88324873096448, 99.08629441624367, 99.28934010152287, 100.00000000000003]
[88.22335025380711, 94.9238578680203, 96.751269035533, 98.2741116751269, 98.4771573604061, 98.68020304568529, 98.88324873096448, 99.08629441624367, 99.28934010152287, 100.00000000000003]
[88.22335025380711, 94.9238578680203, 96.751269035533, 98.2741116751269, 98.4771573604061, 98.68020304568529, 98.88324873096448, 99.08629441624367, 99.28934010152287, 100.00000000000003]
[88.22335025380711, 94.9238578680203, 96.751269035533, 98.2741116751269, 98.4771573604061, 98.68020304568529, 98.88324873096448, 99.08629441624367, 99.28934010152287, 100.00000000000003]
[88.22335025380711, 94.9238578680203, 96.751269035533, 98.2741116751269, 98.4771573604061, 98.68020304568529, 98.88324873096448, 99.08629441624367, 99.28934010152287, 100.00000000000003]
[88.22335025380711, 94.9238578680203, 96.751269035533, 98.2741116751269, 98.4771573604061, 98.68020304568529, 98.88324873096448, 99.08629441624367, 99.28934010152287, 100.00000000000003]
[88.22335025380711, 94.9238578680203, 96.751269035533, 98.2741116751269, 98.4771573604061, 98.68020304568529, 98.88324873096448, 99.08629441624367, 99.28934010152287, 100.00000000000003]
[88.22335025380711, 94.9238578680203, 96.751269035533, 98.2741116751269, 98.4771573604061, 98.68020304568529, 98.88324873096448, 99.08629441624367, 99.28934010152287, 100.00000000000003]
[88.22335025380711, 94.9238578680203, 96.751269035533, 98.2741116751269, 98.4771573604061, 98.68020304568529, 98.88324873096448, 99.08629441624367, 99.28934010152287, 100.00000000000003]
[88.22335025380711, 94.9238578680203, 96.751269035533, 98.2741116751269, 98.4771573604061, 98.68020304568529, 98.88324873096448, 99.08629441624367, 99.28934010152287, 100.00000000000003]
[88.22335025380711, 94.9238578680203, 96.751269035533, 98.2741116751269, 98.4771573604061, 98.68020304568529, 98.88324873096448, 99.08629441624367, 99.28934010152287, 100.00000000000003]
[88.22335025380711, 94.9238578680203, 96.751269035533, 98.2741116751269, 98.4771573604061, 98.68020304568529, 98.88324873096448, 99.08629441624367, 99.28934010152287, 100.00000000000003]
[88.22335025380711, 94.9238578680203, 96.751269035533, 98.2741116751269, 98.4771573604061, 98.68020304568529, 98.88324873096448, 99.08629441624367, 99.28934010152287, 100.00000000000003]
[88.22335025380711, 94.9238578680203, 96.751269035533, 98.2741116751269, 98.4771573604061, 98.68020304568529, 98.88324873096448, 99.08629441624367, 99.28934010152287, 100.00000000000003]
[88.22335025380711, 94.9238578680203, 96.751269035533, 98.2741116751269, 98.4771573604061, 98.68020304568529, 98.88324873096448, 99.08629441624367, 99.28934010152287, 100.00000000000003]
[88.22335025380711, 94.9238578680203, 96.751269035533, 98.2741116751269, 98.4771573604061, 98.68020304568529, 98.88324873096448, 99.08629441624367, 99.28934010152287, 100.00000000000003]
[88.02030456852792, 92.38578680203045, 94.72081218274111, 100.0]
[88.02030456852792, 92.38578680203045, 94.72081218274111, 100.0]
[88.02030456852792, 92.38578680203045, 94.72081218274111, 100.0]
[88.02030456852792, 92.38578680203045, 94.72081218274111, 100.0]
[88.02030456852792, 92.38578680203045, 94.72081218274111, 100.0]
[88.02030456852792, 92.38578680203045, 94.72081218274111, 100.0]
[88.02030456852792, 92.38578680203045, 94.72081218274111, 100.0]
[88.02030456852792, 92.38578680203045, 94.72081218274111, 100.0]
[88.02030456852792, 92.38578680203045, 94.72081218274111, 100.0]
[88.02030456852792, 92.38578680203045, 94.72081218274111, 100.0]
[88.02030456852792, 92.38578680203045, 94.72081218274111, 100.0]
[88.02030456852792, 92.38578680203045, 94.72081218274111, 100.0]
[88.02030456852792, 92.38578680203045, 94.72081218274111, 100.0]
[88.02030456852792, 92.38578680203045, 94.72081218274111, 100.0]
[88.02030456852792, 92.38578680203045, 94.72081218274111, 100.0]
[88.02030456852792, 92.38578680203045, 94.72081218274111, 100.0]
[88.02030456852792, 92.38578680203045, 94.72081218274111, 100.0]
[88.02030456852792, 92.38578680203045, 94.72081218274111, 100.0]
[88.02030456852792, 92.38578680203045, 94.72081218274111, 100.0]
[88.02030456852792, 92.38578680203045, 94.72081218274111, 100.0]
[88.02030456852792, 92.38578680203045, 94.72081218274111, 100.0]
[88.02030456852792, 92.38578680203045, 94.72081218274111, 100.0]
[88.02030456852792, 92.38578680203045, 94.72081218274111, 100.0]
[88.02030456852792, 92.38578680203045, 94.72081218274111, 100.0]
[88.02030456852792, 92.38578680203045, 94.72081218274111, 100.0]
[88.02030456852792, 92.38578680203045, 94.72081218274111, 100.0]
[88.02030456852792, 92.38578680203045, 94.72081218274111, 100.0]
[88.02030456852792, 92.38578680203045, 94.72081218274111, 100.0]
[88.02030456852792, 92.38578680203045, 94.72081218274111, 100.0]
[88.02030456852792, 92.38578680203045, 94.72081218274111, 100.0]
[88.02030456852792, 92.38578680203045, 94.72081218274111, 100.0]
[88.02030456852792, 92.38578680203045, 94.72081218274111, 100.0]
[88.02030456852792, 92.38578680203045, 94.72081218274111, 100.0]
[88.02030456852792, 92.38578680203045, 94.72081218274111, 100.0]
[88.02030456852792, 92.38578680203045, 94.72081218274111, 100.0]
[88.02030456852792, 92.38578680203045, 94.72081218274111, 100.0]
[88.02030456852792, 92.38578680203045, 94.72081218274111, 100.0]
[91.67512690355329, 96.64974619289339, 97.05583756345176, 97.46192893401013, 98.88324873096445, 99.99999999999999]
[91.67512690355329, 96.64974619289339, 97.05583756345176, 97.46192893401013, 98.88324873096445, 99.99999999999999]
[91.67512690355329, 96.64974619289339, 97.05583756345176, 97.46192893401013, 98.88324873096445, 99.99999999999999]
[91.67512690355329, 96.64974619289339, 97.05583756345176, 97.46192893401013, 98.88324873096445, 99.99999999999999]
[91.67512690355329, 96.64974619289339, 97.05583756345176, 97.46192893401013, 98.88324873096445, 99.99999999999999]
[91.67512690355329, 96.64974619289339, 97.05583756345176, 97.46192893401013, 98.88324873096445, 99.99999999999999]
[91.67512690355329, 96.64974619289339, 97.05583756345176, 97.46192893401013, 98.88324873096445, 99.99999999999999]
[91.67512690355329, 96.64974619289339, 97.05583756345176, 97.46192893401013, 98.88324873096445, 99.99999999999999]
[91.67512690355329, 96.64974619289339, 97.05583756345176, 97.46192893401013, 98.88324873096445, 99.99999999999999]
[91.67512690355329, 96.64974619289339, 97.05583756345176, 97.46192893401013, 98.88324873096445, 99.99999999999999]
[91.67512690355329, 96.64974619289339, 97.05583756345176, 97.46192893401013, 98.88324873096445, 99.99999999999999]
[91.67512690355329, 96.64974619289339, 97.05583756345176, 97.46192893401013, 98.88324873096445, 99.99999999999999]
[91.67512690355329, 96.64974619289339, 97.05583756345176, 97.46192893401013, 98.88324873096445, 99.99999999999999]
[91.67512690355329, 96.64974619289339, 97.05583756345176, 97.46192893401013, 98.88324873096445, 99.99999999999999]
[91.67512690355329, 96.64974619289339, 97.05583756345176, 97.46192893401013, 98.88324873096445, 99.99999999999999]
[91.67512690355329, 96.64974619289339, 97.05583756345176, 97.46192893401013, 98.88324873096445, 99.99999999999999]
[91.67512690355329, 96.64974619289339, 97.05583756345176, 97.46192893401013, 98.88324873096445, 99.99999999999999]
[91.67512690355329, 96.64974619289339, 97.05583756345176, 97.46192893401013, 98.88324873096445, 99.99999999999999]
[91.67512690355329, 96.64974619289339, 97.05583756345176, 97.46192893401013, 98.88324873096445, 99.99999999999999]
[91.67512690355329, 96.64974619289339, 97.05583756345176, 97.46192893401013, 98.88324873096445, 99.99999999999999]
[91.67512690355329, 96.64974619289339, 97.05583756345176, 97.46192893401013, 98.88324873096445, 99.99999999999999]
[91.67512690355329, 96.64974619289339, 97.05583756345176, 97.46192893401013, 98.88324873096445, 99.99999999999999]
[91.67512690355329, 96.64974619289339, 97.05583756345176, 97.46192893401013, 98.88324873096445, 99.99999999999999]
[91.67512690355329, 96.64974619289339, 97.05583756345176, 97.46192893401013, 98.88324873096445, 99.99999999999999]
[91.67512690355329, 96.64974619289339, 97.05583756345176, 97.46192893401013, 98.88324873096445, 99.99999999999999]
[91.67512690355329, 96.64974619289339, 97.05583756345176, 97.46192893401013, 98.88324873096445, 99.99999999999999]
[91.67512690355329, 96.64974619289339, 97.05583756345176, 97.46192893401013, 98.88324873096445, 99.99999999999999]
[91.67512690355329, 96.64974619289339, 97.05583756345176, 97.46192893401013, 98.88324873096445, 99.99999999999999]
[91.67512690355329, 96.64974619289339, 97.05583756345176, 97.46192893401013, 98.88324873096445, 99.99999999999999]
[91.67512690355329, 96.64974619289339, 97.05583756345176, 97.46192893401013, 98.88324873096445, 99.99999999999999]
[91.67512690355329, 96.64974619289339, 97.05583756345176, 97.46192893401013, 98.88324873096445, 99.99999999999999]
[91.67512690355329, 96.64974619289339, 97.05583756345176, 97.46192893401013, 98.88324873096445, 99.99999999999999]
[91.67512690355329, 96.64974619289339, 97.05583756345176, 97.46192893401013, 98.88324873096445, 99.99999999999999]
[91.67512690355329, 96.64974619289339, 97.05583756345176, 97.46192893401013, 98.88324873096445, 99.99999999999999]
[91.67512690355329, 96.64974619289339, 97.05583756345176, 97.46192893401013, 98.88324873096445, 99.99999999999999]
[91.67512690355329, 96.64974619289339, 97.05583756345176, 97.46192893401013, 98.88324873096445, 99.99999999999999]
[91.67512690355329, 96.64974619289339, 97.05583756345176, 97.46192893401013, 98.88324873096445, 99.99999999999999]
[91.67512690355329, 96.64974619289339, 97.05583756345176, 97.46192893401013, 98.88324873096445, 99.99999999999999]
[91.67512690355329, 96.64974619289339, 97.05583756345176, 97.46192893401013, 98.88324873096445, 99.99999999999999]
[91.67512690355329, 96.64974619289339, 97.05583756345176, 97.46192893401013, 98.88324873096445, 99.99999999999999]
[91.67512690355329, 96.64974619289339, 97.05583756345176, 97.46192893401013, 98.88324873096445, 99.99999999999999]
[91.67512690355329, 96.64974619289339, 97.05583756345176, 97.46192893401013, 98.88324873096445, 99.99999999999999]
[91.67512690355329, 96.64974619289339, 97.05583756345176, 97.46192893401013, 98.88324873096445, 99.99999999999999]
[91.67512690355329, 96.64974619289339, 97.05583756345176, 97.46192893401013, 98.88324873096445, 99.99999999999999]
[91.67512690355329, 96.64974619289339, 97.05583756345176, 97.46192893401013, 98.88324873096445, 99.99999999999999]
[91.67512690355329, 96.64974619289339, 97.05583756345176, 97.46192893401013, 98.88324873096445, 99.99999999999999]
[91.67512690355329, 96.64974619289339, 97.05583756345176, 97.46192893401013, 98.88324873096445, 99.99999999999999]
[91.67512690355329, 96.64974619289339, 97.05583756345176, 97.46192893401013, 98.88324873096445, 99.99999999999999]
[91.67512690355329, 96.64974619289339, 97.05583756345176, 97.46192893401013, 98.88324873096445, 99.99999999999999]
[91.67512690355329, 96.64974619289339, 97.05583756345176, 97.46192893401013, 98.88324873096445, 99.99999999999999]
[91.67512690355329, 96.64974619289339, 97.05583756345176, 97.46192893401013, 98.88324873096445, 99.99999999999999]
[90.86294416243655, 93.19796954314721, 94.01015228426397, 95.93908629441626, 96.54822335025382, 98.98477157360408, 100.00000000000001]
[90.86294416243655, 93.19796954314721, 94.01015228426397, 95.93908629441626, 96.54822335025382, 98.98477157360408, 100.00000000000001]
[90.86294416243655, 93.19796954314721, 94.01015228426397, 95.93908629441626, 96.54822335025382, 98.98477157360408, 100.00000000000001]
[90.86294416243655, 93.19796954314721, 94.01015228426397, 95.93908629441626, 96.54822335025382, 98.98477157360408, 100.00000000000001]
[90.86294416243655, 93.19796954314721, 94.01015228426397, 95.93908629441626, 96.54822335025382, 98.98477157360408, 100.00000000000001]
[90.86294416243655, 93.19796954314721, 94.01015228426397, 95.93908629441626, 96.54822335025382, 98.98477157360408, 100.00000000000001]
[90.86294416243655, 93.19796954314721, 94.01015228426397, 95.93908629441626, 96.54822335025382, 98.98477157360408, 100.00000000000001]
[90.86294416243655, 93.19796954314721, 94.01015228426397, 95.93908629441626, 96.54822335025382, 98.98477157360408, 100.00000000000001]
[90.86294416243655, 93.19796954314721, 94.01015228426397, 95.93908629441626, 96.54822335025382, 98.98477157360408, 100.00000000000001]
[90.86294416243655, 93.19796954314721, 94.01015228426397, 95.93908629441626, 96.54822335025382, 98.98477157360408, 100.00000000000001]
[90.86294416243655, 93.19796954314721, 94.01015228426397, 95.93908629441626, 96.54822335025382, 98.98477157360408, 100.00000000000001]
[90.86294416243655, 93.19796954314721, 94.01015228426397, 95.93908629441626, 96.54822335025382, 98.98477157360408, 100.00000000000001]
[90.86294416243655, 93.19796954314721, 94.01015228426397, 95.93908629441626, 96.54822335025382, 98.98477157360408, 100.00000000000001]
[90.86294416243655, 93.19796954314721, 94.01015228426397, 95.93908629441626, 96.54822335025382, 98.98477157360408, 100.00000000000001]
[90.86294416243655, 93.19796954314721, 94.01015228426397, 95.93908629441626, 96.54822335025382, 98.98477157360408, 100.00000000000001]
[90.86294416243655, 93.19796954314721, 94.01015228426397, 95.93908629441626, 96.54822335025382, 98.98477157360408, 100.00000000000001]
[90.86294416243655, 93.19796954314721, 94.01015228426397, 95.93908629441626, 96.54822335025382, 98.98477157360408, 100.00000000000001]
[90.86294416243655, 93.19796954314721, 94.01015228426397, 95.93908629441626, 96.54822335025382, 98.98477157360408, 100.00000000000001]
[90.86294416243655, 93.19796954314721, 94.01015228426397, 95.93908629441626, 96.54822335025382, 98.98477157360408, 100.00000000000001]
[90.86294416243655, 93.19796954314721, 94.01015228426397, 95.93908629441626, 96.54822335025382, 98.98477157360408, 100.00000000000001]
[90.86294416243655, 93.19796954314721, 94.01015228426397, 95.93908629441626, 96.54822335025382, 98.98477157360408, 100.00000000000001]
[90.86294416243655, 93.19796954314721, 94.01015228426397, 95.93908629441626, 96.54822335025382, 98.98477157360408, 100.00000000000001]
[90.86294416243655, 93.19796954314721, 94.01015228426397, 95.93908629441626, 96.54822335025382, 98.98477157360408, 100.00000000000001]
[90.86294416243655, 93.19796954314721, 94.01015228426397, 95.93908629441626, 96.54822335025382, 98.98477157360408, 100.00000000000001]
[90.86294416243655, 93.19796954314721, 94.01015228426397, 95.93908629441626, 96.54822335025382, 98.98477157360408, 100.00000000000001]
[90.86294416243655, 93.19796954314721, 94.01015228426397, 95.93908629441626, 96.54822335025382, 98.98477157360408, 100.00000000000001]
[90.86294416243655, 93.19796954314721, 94.01015228426397, 95.93908629441626, 96.54822335025382, 98.98477157360408, 100.00000000000001]
[90.86294416243655, 93.19796954314721, 94.01015228426397, 95.93908629441626, 96.54822335025382, 98.98477157360408, 100.00000000000001]
[90.86294416243655, 93.19796954314721, 94.01015228426397, 95.93908629441626, 96.54822335025382, 98.98477157360408, 100.00000000000001]
[90.86294416243655, 93.19796954314721, 94.01015228426397, 95.93908629441626, 96.54822335025382, 98.98477157360408, 100.00000000000001]
[90.86294416243655, 93.19796954314721, 94.01015228426397, 95.93908629441626, 96.54822335025382, 98.98477157360408, 100.00000000000001]
[90.86294416243655, 93.19796954314721, 94.01015228426397, 95.93908629441626, 96.54822335025382, 98.98477157360408, 100.00000000000001]
[90.86294416243655, 93.19796954314721, 94.01015228426397, 95.93908629441626, 96.54822335025382, 98.98477157360408, 100.00000000000001]
[90.86294416243655, 93.19796954314721, 94.01015228426397, 95.93908629441626, 96.54822335025382, 98.98477157360408, 100.00000000000001]
[90.86294416243655, 93.19796954314721, 94.01015228426397, 95.93908629441626, 96.54822335025382, 98.98477157360408, 100.00000000000001]
[90.86294416243655, 93.19796954314721, 94.01015228426397, 95.93908629441626, 96.54822335025382, 98.98477157360408, 100.00000000000001]
[90.86294416243655, 93.19796954314721, 94.01015228426397, 95.93908629441626, 96.54822335025382, 98.98477157360408, 100.00000000000001]
[87.71573604060914, 91.7766497461929, 94.01015228426397, 97.05583756345179, 97.46192893401016, 98.78172588832489, 98.98477157360408, 99.18781725888327, 100.00000000000003]
[87.71573604060914, 91.7766497461929, 94.01015228426397, 97.05583756345179, 97.46192893401016, 98.78172588832489, 98.98477157360408, 99.18781725888327, 100.00000000000003]
[87.71573604060914, 91.7766497461929, 94.01015228426397, 97.05583756345179, 97.46192893401016, 98.78172588832489, 98.98477157360408, 99.18781725888327, 100.00000000000003]
[87.71573604060914, 91.7766497461929, 94.01015228426397, 97.05583756345179, 97.46192893401016, 98.78172588832489, 98.98477157360408, 99.18781725888327, 100.00000000000003]
[87.71573604060914, 91.7766497461929, 94.01015228426397, 97.05583756345179, 97.46192893401016, 98.78172588832489, 98.98477157360408, 99.18781725888327, 100.00000000000003]
[87.71573604060914, 91.7766497461929, 94.01015228426397, 97.05583756345179, 97.46192893401016, 98.78172588832489, 98.98477157360408, 99.18781725888327, 100.00000000000003]
[87.71573604060914, 91.7766497461929, 94.01015228426397, 97.05583756345179, 97.46192893401016, 98.78172588832489, 98.98477157360408, 99.18781725888327, 100.00000000000003]
[87.71573604060914, 91.7766497461929, 94.01015228426397, 97.05583756345179, 97.46192893401016, 98.78172588832489, 98.98477157360408, 99.18781725888327, 100.00000000000003]
[87.71573604060914, 91.7766497461929, 94.01015228426397, 97.05583756345179, 97.46192893401016, 98.78172588832489, 98.98477157360408, 99.18781725888327, 100.00000000000003]
[87.71573604060914, 91.7766497461929, 94.01015228426397, 97.05583756345179, 97.46192893401016, 98.78172588832489, 98.98477157360408, 99.18781725888327, 100.00000000000003]
[87.71573604060914, 91.7766497461929, 94.01015228426397, 97.05583756345179, 97.46192893401016, 98.78172588832489, 98.98477157360408, 99.18781725888327, 100.00000000000003]
[87.71573604060914, 91.7766497461929, 94.01015228426397, 97.05583756345179, 97.46192893401016, 98.78172588832489, 98.98477157360408, 99.18781725888327, 100.00000000000003]
[87.71573604060914, 91.7766497461929, 94.01015228426397, 97.05583756345179, 97.46192893401016, 98.78172588832489, 98.98477157360408, 99.18781725888327, 100.00000000000003]
[87.71573604060914, 91.7766497461929, 94.01015228426397, 97.05583756345179, 97.46192893401016, 98.78172588832489, 98.98477157360408, 99.18781725888327, 100.00000000000003]
[87.71573604060914, 91.7766497461929, 94.01015228426397, 97.05583756345179, 97.46192893401016, 98.78172588832489, 98.98477157360408, 99.18781725888327, 100.00000000000003]
[87.71573604060914, 91.7766497461929, 94.01015228426397, 97.05583756345179, 97.46192893401016, 98.78172588832489, 98.98477157360408, 99.18781725888327, 100.00000000000003]
[87.71573604060914, 91.7766497461929, 94.01015228426397, 97.05583756345179, 97.46192893401016, 98.78172588832489, 98.98477157360408, 99.18781725888327, 100.00000000000003]
[87.71573604060914, 91.7766497461929, 94.01015228426397, 97.05583756345179, 97.46192893401016, 98.78172588832489, 98.98477157360408, 99.18781725888327, 100.00000000000003]
[87.71573604060914, 91.7766497461929, 94.01015228426397, 97.05583756345179, 97.46192893401016, 98.78172588832489, 98.98477157360408, 99.18781725888327, 100.00000000000003]
[87.71573604060914, 91.7766497461929, 94.01015228426397, 97.05583756345179, 97.46192893401016, 98.78172588832489, 98.98477157360408, 99.18781725888327, 100.00000000000003]
[87.71573604060914, 91.7766497461929, 94.01015228426397, 97.05583756345179, 97.46192893401016, 98.78172588832489, 98.98477157360408, 99.18781725888327, 100.00000000000003]
[87.71573604060914, 91.7766497461929, 94.01015228426397, 97.05583756345179, 97.46192893401016, 98.78172588832489, 98.98477157360408, 99.18781725888327, 100.00000000000003]
[87.71573604060914, 91.7766497461929, 94.01015228426397, 97.05583756345179, 97.46192893401016, 98.78172588832489, 98.98477157360408, 99.18781725888327, 100.00000000000003]
[87.71573604060914, 91.7766497461929, 94.01015228426397, 97.05583756345179, 97.46192893401016, 98.78172588832489, 98.98477157360408, 99.18781725888327, 100.00000000000003]
[87.71573604060914, 91.7766497461929, 94.01015228426397, 97.05583756345179, 97.46192893401016, 98.78172588832489, 98.98477157360408, 99.18781725888327, 100.00000000000003]
[87.71573604060914, 91.7766497461929, 94.01015228426397, 97.05583756345179, 97.46192893401016, 98.78172588832489, 98.98477157360408, 99.18781725888327, 100.00000000000003]
[87.71573604060914, 91.7766497461929, 94.01015228426397, 97.05583756345179, 97.46192893401016, 98.78172588832489, 98.98477157360408, 99.18781725888327, 100.00000000000003]
[87.71573604060914, 91.7766497461929, 94.01015228426397, 97.05583756345179, 97.46192893401016, 98.78172588832489, 98.98477157360408, 99.18781725888327, 100.00000000000003]
[87.71573604060914, 91.7766497461929, 94.01015228426397, 97.05583756345179, 97.46192893401016, 98.78172588832489, 98.98477157360408, 99.18781725888327, 100.00000000000003]
[87.71573604060914, 91.7766497461929, 94.01015228426397, 97.05583756345179, 97.46192893401016, 98.78172588832489, 98.98477157360408, 99.18781725888327, 100.00000000000003]
[87.71573604060914, 91.7766497461929, 94.01015228426397, 97.05583756345179, 97.46192893401016, 98.78172588832489, 98.98477157360408, 99.18781725888327, 100.00000000000003]
[87.71573604060914, 91.7766497461929, 94.01015228426397, 97.05583756345179, 97.46192893401016, 98.78172588832489, 98.98477157360408, 99.18781725888327, 100.00000000000003]
[87.71573604060914, 91.7766497461929, 94.01015228426397, 97.05583756345179, 97.46192893401016, 98.78172588832489, 98.98477157360408, 99.18781725888327, 100.00000000000003]
[87.71573604060914, 91.7766497461929, 94.01015228426397, 97.05583756345179, 97.46192893401016, 98.78172588832489, 98.98477157360408, 99.18781725888327, 100.00000000000003]
[87.71573604060914, 91.7766497461929, 94.01015228426397, 97.05583756345179, 97.46192893401016, 98.78172588832489, 98.98477157360408, 99.18781725888327, 100.00000000000003]
[87.71573604060914, 91.7766497461929, 94.01015228426397, 97.05583756345179, 97.46192893401016, 98.78172588832489, 98.98477157360408, 99.18781725888327, 100.00000000000003]
[87.71573604060914, 91.7766497461929, 94.01015228426397, 97.05583756345179, 97.46192893401016, 98.78172588832489, 98.98477157360408, 99.18781725888327, 100.00000000000003]
[87.71573604060914, 91.7766497461929, 94.01015228426397, 97.05583756345179, 97.46192893401016, 98.78172588832489, 98.98477157360408, 99.18781725888327, 100.00000000000003]
[87.81725888324873, 91.87817258883248, 94.11167512690355, 98.2741116751269, 98.4771573604061, 98.68020304568529, 98.88324873096448, 99.08629441624367, 99.28934010152287, 100.00000000000003]
[87.81725888324873, 91.87817258883248, 94.11167512690355, 98.2741116751269, 98.4771573604061, 98.68020304568529, 98.88324873096448, 99.08629441624367, 99.28934010152287, 100.00000000000003]
[87.81725888324873, 91.87817258883248, 94.11167512690355, 98.2741116751269, 98.4771573604061, 98.68020304568529, 98.88324873096448, 99.08629441624367, 99.28934010152287, 100.00000000000003]
[87.81725888324873, 91.87817258883248, 94.11167512690355, 98.2741116751269, 98.4771573604061, 98.68020304568529, 98.88324873096448, 99.08629441624367, 99.28934010152287, 100.00000000000003]
[87.81725888324873, 91.87817258883248, 94.11167512690355, 98.2741116751269, 98.4771573604061, 98.68020304568529, 98.88324873096448, 99.08629441624367, 99.28934010152287, 100.00000000000003]
[87.81725888324873, 91.87817258883248, 94.11167512690355, 98.2741116751269, 98.4771573604061, 98.68020304568529, 98.88324873096448, 99.08629441624367, 99.28934010152287, 100.00000000000003]
[87.81725888324873, 91.87817258883248, 94.11167512690355, 98.2741116751269, 98.4771573604061, 98.68020304568529, 98.88324873096448, 99.08629441624367, 99.28934010152287, 100.00000000000003]
[87.81725888324873, 91.87817258883248, 94.11167512690355, 98.2741116751269, 98.4771573604061, 98.68020304568529, 98.88324873096448, 99.08629441624367, 99.28934010152287, 100.00000000000003]
[87.81725888324873, 91.87817258883248, 94.11167512690355, 98.2741116751269, 98.4771573604061, 98.68020304568529, 98.88324873096448, 99.08629441624367, 99.28934010152287, 100.00000000000003]
[87.81725888324873, 91.87817258883248, 94.11167512690355, 98.2741116751269, 98.4771573604061, 98.68020304568529, 98.88324873096448, 99.08629441624367, 99.28934010152287, 100.00000000000003]
[87.81725888324873, 91.87817258883248, 94.11167512690355, 98.2741116751269, 98.4771573604061, 98.68020304568529, 98.88324873096448, 99.08629441624367, 99.28934010152287, 100.00000000000003]
[87.81725888324873, 91.87817258883248, 94.11167512690355, 98.2741116751269, 98.4771573604061, 98.68020304568529, 98.88324873096448, 99.08629441624367, 99.28934010152287, 100.00000000000003]
[87.81725888324873, 91.87817258883248, 94.11167512690355, 98.2741116751269, 98.4771573604061, 98.68020304568529, 98.88324873096448, 99.08629441624367, 99.28934010152287, 100.00000000000003]
[87.81725888324873, 91.87817258883248, 94.11167512690355, 98.2741116751269, 98.4771573604061, 98.68020304568529, 98.88324873096448, 99.08629441624367, 99.28934010152287, 100.00000000000003]
[87.81725888324873, 91.87817258883248, 94.11167512690355, 98.2741116751269, 98.4771573604061, 98.68020304568529, 98.88324873096448, 99.08629441624367, 99.28934010152287, 100.00000000000003]
[87.81725888324873, 91.87817258883248, 94.11167512690355, 98.2741116751269, 98.4771573604061, 98.68020304568529, 98.88324873096448, 99.08629441624367, 99.28934010152287, 100.00000000000003]
[87.81725888324873, 91.87817258883248, 94.11167512690355, 98.2741116751269, 98.4771573604061, 98.68020304568529, 98.88324873096448, 99.08629441624367, 99.28934010152287, 100.00000000000003]
[87.81725888324873, 91.87817258883248, 94.11167512690355, 98.2741116751269, 98.4771573604061, 98.68020304568529, 98.88324873096448, 99.08629441624367, 99.28934010152287, 100.00000000000003]
[87.81725888324873, 91.87817258883248, 94.11167512690355, 98.2741116751269, 98.4771573604061, 98.68020304568529, 98.88324873096448, 99.08629441624367, 99.28934010152287, 100.00000000000003]
[87.81725888324873, 91.87817258883248, 94.11167512690355, 98.2741116751269, 98.4771573604061, 98.68020304568529, 98.88324873096448, 99.08629441624367, 99.28934010152287, 100.00000000000003]
[87.81725888324873, 91.87817258883248, 94.11167512690355, 98.2741116751269, 98.4771573604061, 98.68020304568529, 98.88324873096448, 99.08629441624367, 99.28934010152287, 100.00000000000003]
[87.81725888324873, 91.87817258883248, 94.11167512690355, 98.2741116751269, 98.4771573604061, 98.68020304568529, 98.88324873096448, 99.08629441624367, 99.28934010152287, 100.00000000000003]
[87.81725888324873, 91.87817258883248, 94.11167512690355, 98.2741116751269, 98.4771573604061, 98.68020304568529, 98.88324873096448, 99.08629441624367, 99.28934010152287, 100.00000000000003]
[87.81725888324873, 91.87817258883248, 94.11167512690355, 98.2741116751269, 98.4771573604061, 98.68020304568529, 98.88324873096448, 99.08629441624367, 99.28934010152287, 100.00000000000003]
[87.81725888324873, 91.87817258883248, 94.11167512690355, 98.2741116751269, 98.4771573604061, 98.68020304568529, 98.88324873096448, 99.08629441624367, 99.28934010152287, 100.00000000000003]
[87.81725888324873, 91.87817258883248, 94.11167512690355, 98.2741116751269, 98.4771573604061, 98.68020304568529, 98.88324873096448, 99.08629441624367, 99.28934010152287, 100.00000000000003]
[87.81725888324873, 91.87817258883248, 94.11167512690355, 98.2741116751269, 98.4771573604061, 98.68020304568529, 98.88324873096448, 99.08629441624367, 99.28934010152287, 100.00000000000003]
[87.81725888324873, 91.87817258883248, 94.11167512690355, 98.2741116751269, 98.4771573604061, 98.68020304568529, 98.88324873096448, 99.08629441624367, 99.28934010152287, 100.00000000000003]
[87.81725888324873, 91.87817258883248, 94.11167512690355, 98.2741116751269, 98.4771573604061, 98.68020304568529, 98.88324873096448, 99.08629441624367, 99.28934010152287, 100.00000000000003]
[87.81725888324873, 91.87817258883248, 94.11167512690355, 98.2741116751269, 98.4771573604061, 98.68020304568529, 98.88324873096448, 99.08629441624367, 99.28934010152287, 100.00000000000003]
[87.81725888324873, 91.87817258883248, 94.11167512690355, 98.2741116751269, 98.4771573604061, 98.68020304568529, 98.88324873096448, 99.08629441624367, 99.28934010152287, 100.00000000000003]
[87.81725888324873, 91.87817258883248, 94.11167512690355, 98.2741116751269, 98.4771573604061, 98.68020304568529, 98.88324873096448, 99.08629441624367, 99.28934010152287, 100.00000000000003]
[87.81725888324873, 91.87817258883248, 94.11167512690355, 98.2741116751269, 98.4771573604061, 98.68020304568529, 98.88324873096448, 99.08629441624367, 99.28934010152287, 100.00000000000003]
[87.81725888324873, 91.87817258883248, 94.11167512690355, 98.2741116751269, 98.4771573604061, 98.68020304568529, 98.88324873096448, 99.08629441624367, 99.28934010152287, 100.00000000000003]
[87.81725888324873, 91.87817258883248, 94.11167512690355, 98.2741116751269, 98.4771573604061, 98.68020304568529, 98.88324873096448, 99.08629441624367, 99.28934010152287, 100.00000000000003]
[87.81725888324873, 91.87817258883248, 94.11167512690355, 98.2741116751269, 98.4771573604061, 98.68020304568529, 98.88324873096448, 99.08629441624367, 99.28934010152287, 100.00000000000003]
[87.81725888324873, 91.87817258883248, 94.11167512690355, 98.2741116751269, 98.4771573604061, 98.68020304568529, 98.88324873096448, 99.08629441624367, 99.28934010152287, 100.00000000000003]
[87.81725888324873, 91.87817258883248, 94.11167512690355, 98.2741116751269, 98.4771573604061, 98.68020304568529, 98.88324873096448, 99.08629441624367, 99.28934010152287, 100.00000000000003]
[92.99492385786802, 95.22842639593908, 96.34517766497461, 96.75126903553299, 97.15736040609136, 97.56345177664973, 98.78172588832486, 98.98477157360405, 99.18781725888324, 99.59390862944161, 99.99999999999999]
[92.99492385786802, 95.22842639593908, 96.34517766497461, 96.75126903553299, 97.15736040609136, 97.56345177664973, 98.78172588832486, 98.98477157360405, 99.18781725888324, 99.59390862944161, 99.99999999999999]
[92.99492385786802, 95.22842639593908, 96.34517766497461, 96.75126903553299, 97.15736040609136, 97.56345177664973, 98.78172588832486, 98.98477157360405, 99.18781725888324, 99.59390862944161, 99.99999999999999]
[92.99492385786802, 95.22842639593908, 96.34517766497461, 96.75126903553299, 97.15736040609136, 97.56345177664973, 98.78172588832486, 98.98477157360405, 99.18781725888324, 99.59390862944161, 99.99999999999999]
[92.99492385786802, 95.22842639593908, 96.34517766497461, 96.75126903553299, 97.15736040609136, 97.56345177664973, 98.78172588832486, 98.98477157360405, 99.18781725888324, 99.59390862944161, 99.99999999999999]
[92.99492385786802, 95.22842639593908, 96.34517766497461, 96.75126903553299, 97.15736040609136, 97.56345177664973, 98.78172588832486, 98.98477157360405, 99.18781725888324, 99.59390862944161, 99.99999999999999]
[92.99492385786802, 95.22842639593908, 96.34517766497461, 96.75126903553299, 97.15736040609136, 97.56345177664973, 98.78172588832486, 98.98477157360405, 99.18781725888324, 99.59390862944161, 99.99999999999999]
[92.99492385786802, 95.22842639593908, 96.34517766497461, 96.75126903553299, 97.15736040609136, 97.56345177664973, 98.78172588832486, 98.98477157360405, 99.18781725888324, 99.59390862944161, 99.99999999999999]
[92.99492385786802, 95.22842639593908, 96.34517766497461, 96.75126903553299, 97.15736040609136, 97.56345177664973, 98.78172588832486, 98.98477157360405, 99.18781725888324, 99.59390862944161, 99.99999999999999]
[92.99492385786802, 95.22842639593908, 96.34517766497461, 96.75126903553299, 97.15736040609136, 97.56345177664973, 98.78172588832486, 98.98477157360405, 99.18781725888324, 99.59390862944161, 99.99999999999999]
[92.99492385786802, 95.22842639593908, 96.34517766497461, 96.75126903553299, 97.15736040609136, 97.56345177664973, 98.78172588832486, 98.98477157360405, 99.18781725888324, 99.59390862944161, 99.99999999999999]
[92.99492385786802, 95.22842639593908, 96.34517766497461, 96.75126903553299, 97.15736040609136, 97.56345177664973, 98.78172588832486, 98.98477157360405, 99.18781725888324, 99.59390862944161, 99.99999999999999]
[92.99492385786802, 95.22842639593908, 96.34517766497461, 96.75126903553299, 97.15736040609136, 97.56345177664973, 98.78172588832486, 98.98477157360405, 99.18781725888324, 99.59390862944161, 99.99999999999999]
[92.99492385786802, 95.22842639593908, 96.34517766497461, 96.75126903553299, 97.15736040609136, 97.56345177664973, 98.78172588832486, 98.98477157360405, 99.18781725888324, 99.59390862944161, 99.99999999999999]
[92.99492385786802, 95.22842639593908, 96.34517766497461, 96.75126903553299, 97.15736040609136, 97.56345177664973, 98.78172588832486, 98.98477157360405, 99.18781725888324, 99.59390862944161, 99.99999999999999]
[92.99492385786802, 95.22842639593908, 96.34517766497461, 96.75126903553299, 97.15736040609136, 97.56345177664973, 98.78172588832486, 98.98477157360405, 99.18781725888324, 99.59390862944161, 99.99999999999999]
[92.99492385786802, 95.22842639593908, 96.34517766497461, 96.75126903553299, 97.15736040609136, 97.56345177664973, 98.78172588832486, 98.98477157360405, 99.18781725888324, 99.59390862944161, 99.99999999999999]
[92.99492385786802, 95.22842639593908, 96.34517766497461, 96.75126903553299, 97.15736040609136, 97.56345177664973, 98.78172588832486, 98.98477157360405, 99.18781725888324, 99.59390862944161, 99.99999999999999]
[92.99492385786802, 95.22842639593908, 96.34517766497461, 96.75126903553299, 97.15736040609136, 97.56345177664973, 98.78172588832486, 98.98477157360405, 99.18781725888324, 99.59390862944161, 99.99999999999999]
[92.99492385786802, 95.22842639593908, 96.34517766497461, 96.75126903553299, 97.15736040609136, 97.56345177664973, 98.78172588832486, 98.98477157360405, 99.18781725888324, 99.59390862944161, 99.99999999999999]
[92.99492385786802, 95.22842639593908, 96.34517766497461, 96.75126903553299, 97.15736040609136, 97.56345177664973, 98.78172588832486, 98.98477157360405, 99.18781725888324, 99.59390862944161, 99.99999999999999]
[92.99492385786802, 95.22842639593908, 96.34517766497461, 96.75126903553299, 97.15736040609136, 97.56345177664973, 98.78172588832486, 98.98477157360405, 99.18781725888324, 99.59390862944161, 99.99999999999999]
[92.99492385786802, 95.22842639593908, 96.34517766497461, 96.75126903553299, 97.15736040609136, 97.56345177664973, 98.78172588832486, 98.98477157360405, 99.18781725888324, 99.59390862944161, 99.99999999999999]
[92.99492385786802, 95.22842639593908, 96.34517766497461, 96.75126903553299, 97.15736040609136, 97.56345177664973, 98.78172588832486, 98.98477157360405, 99.18781725888324, 99.59390862944161, 99.99999999999999]
[92.99492385786802, 95.22842639593908, 96.34517766497461, 96.75126903553299, 97.15736040609136, 97.56345177664973, 98.78172588832486, 98.98477157360405, 99.18781725888324, 99.59390862944161, 99.99999999999999]
[92.99492385786802, 95.22842639593908, 96.34517766497461, 96.75126903553299, 97.15736040609136, 97.56345177664973, 98.78172588832486, 98.98477157360405, 99.18781725888324, 99.59390862944161, 99.99999999999999]
[92.99492385786802, 95.22842639593908, 96.34517766497461, 96.75126903553299, 97.15736040609136, 97.56345177664973, 98.78172588832486, 98.98477157360405, 99.18781725888324, 99.59390862944161, 99.99999999999999]
[92.99492385786802, 95.22842639593908, 96.34517766497461, 96.75126903553299, 97.15736040609136, 97.56345177664973, 98.78172588832486, 98.98477157360405, 99.18781725888324, 99.59390862944161, 99.99999999999999]
[92.99492385786802, 95.22842639593908, 96.34517766497461, 96.75126903553299, 97.15736040609136, 97.56345177664973, 98.78172588832486, 98.98477157360405, 99.18781725888324, 99.59390862944161, 99.99999999999999]
[92.99492385786802, 95.22842639593908, 96.34517766497461, 96.75126903553299, 97.15736040609136, 97.56345177664973, 98.78172588832486, 98.98477157360405, 99.18781725888324, 99.59390862944161, 99.99999999999999]
[92.99492385786802, 95.22842639593908, 96.34517766497461, 96.75126903553299, 97.15736040609136, 97.56345177664973, 98.78172588832486, 98.98477157360405, 99.18781725888324, 99.59390862944161, 99.99999999999999]
[92.99492385786802, 95.22842639593908, 96.34517766497461, 96.75126903553299, 97.15736040609136, 97.56345177664973, 98.78172588832486, 98.98477157360405, 99.18781725888324, 99.59390862944161, 99.99999999999999]
[92.99492385786802, 95.22842639593908, 96.34517766497461, 96.75126903553299, 97.15736040609136, 97.56345177664973, 98.78172588832486, 98.98477157360405, 99.18781725888324, 99.59390862944161, 99.99999999999999]
[92.99492385786802, 95.22842639593908, 96.34517766497461, 96.75126903553299, 97.15736040609136, 97.56345177664973, 98.78172588832486, 98.98477157360405, 99.18781725888324, 99.59390862944161, 99.99999999999999]
[92.99492385786802, 95.22842639593908, 96.34517766497461, 96.75126903553299, 97.15736040609136, 97.56345177664973, 98.78172588832486, 98.98477157360405, 99.18781725888324, 99.59390862944161, 99.99999999999999]
[92.99492385786802, 95.22842639593908, 96.34517766497461, 96.75126903553299, 97.15736040609136, 97.56345177664973, 98.78172588832486, 98.98477157360405, 99.18781725888324, 99.59390862944161, 99.99999999999999]
[92.99492385786802, 95.22842639593908, 96.34517766497461, 96.75126903553299, 97.15736040609136, 97.56345177664973, 98.78172588832486, 98.98477157360405, 99.18781725888324, 99.59390862944161, 99.99999999999999]
[90.86294416243655, 91.87817258883248, 94.11167512690355, 97.15736040609137, 97.56345177664974, 98.88324873096447, 99.08629441624366, 100.0]
[90.86294416243655, 91.87817258883248, 94.11167512690355, 97.15736040609137, 97.56345177664974, 98.88324873096447, 99.08629441624366, 100.0]
[90.86294416243655, 91.87817258883248, 94.11167512690355, 97.15736040609137, 97.56345177664974, 98.88324873096447, 99.08629441624366, 100.0]
[90.86294416243655, 91.87817258883248, 94.11167512690355, 97.15736040609137, 97.56345177664974, 98.88324873096447, 99.08629441624366, 100.0]
[90.86294416243655, 91.87817258883248, 94.11167512690355, 97.15736040609137, 97.56345177664974, 98.88324873096447, 99.08629441624366, 100.0]
[90.86294416243655, 91.87817258883248, 94.11167512690355, 97.15736040609137, 97.56345177664974, 98.88324873096447, 99.08629441624366, 100.0]
[90.86294416243655, 91.87817258883248, 94.11167512690355, 97.15736040609137, 97.56345177664974, 98.88324873096447, 99.08629441624366, 100.0]
[90.86294416243655, 91.87817258883248, 94.11167512690355, 97.15736040609137, 97.56345177664974, 98.88324873096447, 99.08629441624366, 100.0]
[90.86294416243655, 91.87817258883248, 94.11167512690355, 97.15736040609137, 97.56345177664974, 98.88324873096447, 99.08629441624366, 100.0]
[90.86294416243655, 91.87817258883248, 94.11167512690355, 97.15736040609137, 97.56345177664974, 98.88324873096447, 99.08629441624366, 100.0]
[90.86294416243655, 91.87817258883248, 94.11167512690355, 97.15736040609137, 97.56345177664974, 98.88324873096447, 99.08629441624366, 100.0]
[90.86294416243655, 91.87817258883248, 94.11167512690355, 97.15736040609137, 97.56345177664974, 98.88324873096447, 99.08629441624366, 100.0]
[90.86294416243655, 91.87817258883248, 94.11167512690355, 97.15736040609137, 97.56345177664974, 98.88324873096447, 99.08629441624366, 100.0]
[90.86294416243655, 91.87817258883248, 94.11167512690355, 97.15736040609137, 97.56345177664974, 98.88324873096447, 99.08629441624366, 100.0]
[90.86294416243655, 91.87817258883248, 94.11167512690355, 97.15736040609137, 97.56345177664974, 98.88324873096447, 99.08629441624366, 100.0]
[90.86294416243655, 91.87817258883248, 94.11167512690355, 97.15736040609137, 97.56345177664974, 98.88324873096447, 99.08629441624366, 100.0]
[90.86294416243655, 91.87817258883248, 94.11167512690355, 97.15736040609137, 97.56345177664974, 98.88324873096447, 99.08629441624366, 100.0]
[90.86294416243655, 91.87817258883248, 94.11167512690355, 97.15736040609137, 97.56345177664974, 98.88324873096447, 99.08629441624366, 100.0]
[90.86294416243655, 91.87817258883248, 94.11167512690355, 97.15736040609137, 97.56345177664974, 98.88324873096447, 99.08629441624366, 100.0]
[90.86294416243655, 91.87817258883248, 94.11167512690355, 97.15736040609137, 97.56345177664974, 98.88324873096447, 99.08629441624366, 100.0]
[90.86294416243655, 91.87817258883248, 94.11167512690355, 97.15736040609137, 97.56345177664974, 98.88324873096447, 99.08629441624366, 100.0]
[90.86294416243655, 91.87817258883248, 94.11167512690355, 97.15736040609137, 97.56345177664974, 98.88324873096447, 99.08629441624366, 100.0]
[90.86294416243655, 91.87817258883248, 94.11167512690355, 97.15736040609137, 97.56345177664974, 98.88324873096447, 99.08629441624366, 100.0]
[90.86294416243655, 91.87817258883248, 94.11167512690355, 97.15736040609137, 97.56345177664974, 98.88324873096447, 99.08629441624366, 100.0]
[90.86294416243655, 91.87817258883248, 94.11167512690355, 97.15736040609137, 97.56345177664974, 98.88324873096447, 99.08629441624366, 100.0]
[90.86294416243655, 91.87817258883248, 94.11167512690355, 97.15736040609137, 97.56345177664974, 98.88324873096447, 99.08629441624366, 100.0]
[90.86294416243655, 91.87817258883248, 94.11167512690355, 97.15736040609137, 97.56345177664974, 98.88324873096447, 99.08629441624366, 100.0]
[90.86294416243655, 91.87817258883248, 94.11167512690355, 97.15736040609137, 97.56345177664974, 98.88324873096447, 99.08629441624366, 100.0]
[90.86294416243655, 91.87817258883248, 94.11167512690355, 97.15736040609137, 97.56345177664974, 98.88324873096447, 99.08629441624366, 100.0]
[90.86294416243655, 91.87817258883248, 94.11167512690355, 97.15736040609137, 97.56345177664974, 98.88324873096447, 99.08629441624366, 100.0]
[90.86294416243655, 91.87817258883248, 94.11167512690355, 97.15736040609137, 97.56345177664974, 98.88324873096447, 99.08629441624366, 100.0]
[90.86294416243655, 91.87817258883248, 94.11167512690355, 97.15736040609137, 97.56345177664974, 98.88324873096447, 99.08629441624366, 100.0]
[90.86294416243655, 91.87817258883248, 94.11167512690355, 97.15736040609137, 97.56345177664974, 98.88324873096447, 99.08629441624366, 100.0]
[90.86294416243655, 91.87817258883248, 94.11167512690355, 97.15736040609137, 97.56345177664974, 98.88324873096447, 99.08629441624366, 100.0]
[90.86294416243655, 91.87817258883248, 94.11167512690355, 97.15736040609137, 97.56345177664974, 98.88324873096447, 99.08629441624366, 100.0]
[90.86294416243655, 91.87817258883248, 94.11167512690355, 97.15736040609137, 97.56345177664974, 98.88324873096447, 99.08629441624366, 100.0]
[90.86294416243655, 91.87817258883248, 94.11167512690355, 97.15736040609137, 97.56345177664974, 98.88324873096447, 99.08629441624366, 100.0]
[90.86294416243655, 91.87817258883248, 94.11167512690355, 97.15736040609137, 97.56345177664974, 98.88324873096447, 99.08629441624366, 100.0]
[90.86294416243655, 91.87817258883248, 94.11167512690355, 97.15736040609137, 97.56345177664974, 98.88324873096447, 99.08629441624366, 100.0]
[90.86294416243655, 91.87817258883248, 94.11167512690355, 97.15736040609137, 97.56345177664974, 98.88324873096447, 99.08629441624366, 100.0]
[90.86294416243655, 91.87817258883248, 94.11167512690355, 97.15736040609137, 97.56345177664974, 98.88324873096447, 99.08629441624366, 100.0]
[90.86294416243655, 91.87817258883248, 94.11167512690355, 97.15736040609137, 97.56345177664974, 98.88324873096447, 99.08629441624366, 100.0]
[90.86294416243655, 91.87817258883248, 94.11167512690355, 97.15736040609137, 97.56345177664974, 98.88324873096447, 99.08629441624366, 100.0]
[90.86294416243655, 91.87817258883248, 94.11167512690355, 97.15736040609137, 97.56345177664974, 98.88324873096447, 99.08629441624366, 100.0]
[90.86294416243655, 91.87817258883248, 94.11167512690355, 97.15736040609137, 97.56345177664974, 98.88324873096447, 99.08629441624366, 100.0]
[90.86294416243655, 91.87817258883248, 94.11167512690355, 97.15736040609137, 97.56345177664974, 98.88324873096447, 99.08629441624366, 100.0]
[90.86294416243655, 91.87817258883248, 94.11167512690355, 97.15736040609137, 97.56345177664974, 98.88324873096447, 99.08629441624366, 100.0]
[90.86294416243655, 91.87817258883248, 94.11167512690355, 97.15736040609137, 97.56345177664974, 98.88324873096447, 99.08629441624366, 100.0]
[82.33502538071066, 91.06598984771574, 96.14213197969544, 100.0]
[82.33502538071066, 91.06598984771574, 96.14213197969544, 100.0]
[82.33502538071066, 91.06598984771574, 96.14213197969544, 100.0]
[82.33502538071066, 91.06598984771574, 96.14213197969544, 100.0]
[82.33502538071066, 91.06598984771574, 96.14213197969544, 100.0]
[82.33502538071066, 91.06598984771574, 96.14213197969544, 100.0]
[82.33502538071066, 91.06598984771574, 96.14213197969544, 100.0]
[82.33502538071066, 91.06598984771574, 96.14213197969544, 100.0]
[82.33502538071066, 91.06598984771574, 96.14213197969544, 100.0]
[82.33502538071066, 91.06598984771574, 96.14213197969544, 100.0]
[82.33502538071066, 91.06598984771574, 96.14213197969544, 100.0]
[82.33502538071066, 91.06598984771574, 96.14213197969544, 100.0]
[82.33502538071066, 91.06598984771574, 96.14213197969544, 100.0]
[82.33502538071066, 91.06598984771574, 96.14213197969544, 100.0]
[82.33502538071066, 91.06598984771574, 96.14213197969544, 100.0]
[82.33502538071066, 91.06598984771574, 96.14213197969544, 100.0]
[82.33502538071066, 91.06598984771574, 96.14213197969544, 100.0]
[82.33502538071066, 91.06598984771574, 96.14213197969544, 100.0]
[82.33502538071066, 91.06598984771574, 96.14213197969544, 100.0]
[82.33502538071066, 91.06598984771574, 96.14213197969544, 100.0]
[82.33502538071066, 91.06598984771574, 96.14213197969544, 100.0]
[82.33502538071066, 91.06598984771574, 96.14213197969544, 100.0]
[82.33502538071066, 91.06598984771574, 96.14213197969544, 100.0]
[82.33502538071066, 91.06598984771574, 96.14213197969544, 100.0]
[82.33502538071066, 91.06598984771574, 96.14213197969544, 100.0]
[82.33502538071066, 91.06598984771574, 96.14213197969544, 100.0]
[82.33502538071066, 91.06598984771574, 96.14213197969544, 100.0]
[82.33502538071066, 91.06598984771574, 96.14213197969544, 100.0]
[82.33502538071066, 91.06598984771574, 96.14213197969544, 100.0]
[82.33502538071066, 91.06598984771574, 96.14213197969544, 100.0]
[82.33502538071066, 91.06598984771574, 96.14213197969544, 100.0]
[82.33502538071066, 91.06598984771574, 96.14213197969544, 100.0]
[82.33502538071066, 91.06598984771574, 96.14213197969544, 100.0]
[82.33502538071066, 91.06598984771574, 96.14213197969544, 100.0]
[82.33502538071066, 91.06598984771574, 96.14213197969544, 100.0]
[82.33502538071066, 91.06598984771574, 96.14213197969544, 100.0]
[82.33502538071066, 91.06598984771574, 96.14213197969544, 100.0]
[82.33502538071066, 91.06598984771574, 96.14213197969544, 100.0]
[82.33502538071066, 91.06598984771574, 96.14213197969544, 100.0]
[82.33502538071066, 91.06598984771574, 96.14213197969544, 100.0]
[82.33502538071066, 91.06598984771574, 96.14213197969544, 100.0]
[82.33502538071066, 91.06598984771574, 96.14213197969544, 100.0]
[82.33502538071066, 91.06598984771574, 96.14213197969544, 100.0]
[82.33502538071066, 91.06598984771574, 96.14213197969544, 100.0]
[90.55837563451776, 92.89340101522842, 93.70558375634518, 95.63451776649747, 96.24365482233503, 96.8527918781726, 99.08629441624366, 100.0]
[90.55837563451776, 92.89340101522842, 93.70558375634518, 95.63451776649747, 96.24365482233503, 96.8527918781726, 99.08629441624366, 100.0]
[90.55837563451776, 92.89340101522842, 93.70558375634518, 95.63451776649747, 96.24365482233503, 96.8527918781726, 99.08629441624366, 100.0]
[90.55837563451776, 92.89340101522842, 93.70558375634518, 95.63451776649747, 96.24365482233503, 96.8527918781726, 99.08629441624366, 100.0]
[90.55837563451776, 92.89340101522842, 93.70558375634518, 95.63451776649747, 96.24365482233503, 96.8527918781726, 99.08629441624366, 100.0]
[90.55837563451776, 92.89340101522842, 93.70558375634518, 95.63451776649747, 96.24365482233503, 96.8527918781726, 99.08629441624366, 100.0]
[90.55837563451776, 92.89340101522842, 93.70558375634518, 95.63451776649747, 96.24365482233503, 96.8527918781726, 99.08629441624366, 100.0]
[90.55837563451776, 92.89340101522842, 93.70558375634518, 95.63451776649747, 96.24365482233503, 96.8527918781726, 99.08629441624366, 100.0]
[90.55837563451776, 92.89340101522842, 93.70558375634518, 95.63451776649747, 96.24365482233503, 96.8527918781726, 99.08629441624366, 100.0]
[90.55837563451776, 92.89340101522842, 93.70558375634518, 95.63451776649747, 96.24365482233503, 96.8527918781726, 99.08629441624366, 100.0]
[90.55837563451776, 92.89340101522842, 93.70558375634518, 95.63451776649747, 96.24365482233503, 96.8527918781726, 99.08629441624366, 100.0]
[90.55837563451776, 92.89340101522842, 93.70558375634518, 95.63451776649747, 96.24365482233503, 96.8527918781726, 99.08629441624366, 100.0]
[90.55837563451776, 92.89340101522842, 93.70558375634518, 95.63451776649747, 96.24365482233503, 96.8527918781726, 99.08629441624366, 100.0]
[90.55837563451776, 92.89340101522842, 93.70558375634518, 95.63451776649747, 96.24365482233503, 96.8527918781726, 99.08629441624366, 100.0]
[90.55837563451776, 92.89340101522842, 93.70558375634518, 95.63451776649747, 96.24365482233503, 96.8527918781726, 99.08629441624366, 100.0]
[90.55837563451776, 92.89340101522842, 93.70558375634518, 95.63451776649747, 96.24365482233503, 96.8527918781726, 99.08629441624366, 100.0]
[90.55837563451776, 92.89340101522842, 93.70558375634518, 95.63451776649747, 96.24365482233503, 96.8527918781726, 99.08629441624366, 100.0]
[90.55837563451776, 92.89340101522842, 93.70558375634518, 95.63451776649747, 96.24365482233503, 96.8527918781726, 99.08629441624366, 100.0]
[90.55837563451776, 92.89340101522842, 93.70558375634518, 95.63451776649747, 96.24365482233503, 96.8527918781726, 99.08629441624366, 100.0]
[90.55837563451776, 92.89340101522842, 93.70558375634518, 95.63451776649747, 96.24365482233503, 96.8527918781726, 99.08629441624366, 100.0]
[90.55837563451776, 92.89340101522842, 93.70558375634518, 95.63451776649747, 96.24365482233503, 96.8527918781726, 99.08629441624366, 100.0]
[90.55837563451776, 92.89340101522842, 93.70558375634518, 95.63451776649747, 96.24365482233503, 96.8527918781726, 99.08629441624366, 100.0]
[90.55837563451776, 92.89340101522842, 93.70558375634518, 95.63451776649747, 96.24365482233503, 96.8527918781726, 99.08629441624366, 100.0]
[90.55837563451776, 92.89340101522842, 93.70558375634518, 95.63451776649747, 96.24365482233503, 96.8527918781726, 99.08629441624366, 100.0]
[90.55837563451776, 92.89340101522842, 93.70558375634518, 95.63451776649747, 96.24365482233503, 96.8527918781726, 99.08629441624366, 100.0]
[90.55837563451776, 92.89340101522842, 93.70558375634518, 95.63451776649747, 96.24365482233503, 96.8527918781726, 99.08629441624366, 100.0]
[90.55837563451776, 92.89340101522842, 93.70558375634518, 95.63451776649747, 96.24365482233503, 96.8527918781726, 99.08629441624366, 100.0]
[90.55837563451776, 92.89340101522842, 93.70558375634518, 95.63451776649747, 96.24365482233503, 96.8527918781726, 99.08629441624366, 100.0]
[90.55837563451776, 92.89340101522842, 93.70558375634518, 95.63451776649747, 96.24365482233503, 96.8527918781726, 99.08629441624366, 100.0]
[90.55837563451776, 92.89340101522842, 93.70558375634518, 95.63451776649747, 96.24365482233503, 96.8527918781726, 99.08629441624366, 100.0]
[90.55837563451776, 92.89340101522842, 93.70558375634518, 95.63451776649747, 96.24365482233503, 96.8527918781726, 99.08629441624366, 100.0]
[91.7766497461929, 96.751269035533, 97.15736040609137, 98.68020304568527, 98.88324873096447, 100.0]
[91.7766497461929, 96.751269035533, 97.15736040609137, 98.68020304568527, 98.88324873096447, 100.0]
[91.7766497461929, 96.751269035533, 97.15736040609137, 98.68020304568527, 98.88324873096447, 100.0]
[91.7766497461929, 96.751269035533, 97.15736040609137, 98.68020304568527, 98.88324873096447, 100.0]
[91.7766497461929, 96.751269035533, 97.15736040609137, 98.68020304568527, 98.88324873096447, 100.0]
[91.7766497461929, 96.751269035533, 97.15736040609137, 98.68020304568527, 98.88324873096447, 100.0]
[91.7766497461929, 96.751269035533, 97.15736040609137, 98.68020304568527, 98.88324873096447, 100.0]
[91.7766497461929, 96.751269035533, 97.15736040609137, 98.68020304568527, 98.88324873096447, 100.0]
[91.7766497461929, 96.751269035533, 97.15736040609137, 98.68020304568527, 98.88324873096447, 100.0]
[91.7766497461929, 96.751269035533, 97.15736040609137, 98.68020304568527, 98.88324873096447, 100.0]
[91.7766497461929, 96.751269035533, 97.15736040609137, 98.68020304568527, 98.88324873096447, 100.0]
[91.7766497461929, 96.751269035533, 97.15736040609137, 98.68020304568527, 98.88324873096447, 100.0]
[91.7766497461929, 96.751269035533, 97.15736040609137, 98.68020304568527, 98.88324873096447, 100.0]
[91.7766497461929, 96.751269035533, 97.15736040609137, 98.68020304568527, 98.88324873096447, 100.0]
[91.7766497461929, 96.751269035533, 97.15736040609137, 98.68020304568527, 98.88324873096447, 100.0]
[91.7766497461929, 96.751269035533, 97.15736040609137, 98.68020304568527, 98.88324873096447, 100.0]
[91.7766497461929, 96.751269035533, 97.15736040609137, 98.68020304568527, 98.88324873096447, 100.0]
[91.7766497461929, 96.751269035533, 97.15736040609137, 98.68020304568527, 98.88324873096447, 100.0]
[91.7766497461929, 96.751269035533, 97.15736040609137, 98.68020304568527, 98.88324873096447, 100.0]
[91.7766497461929, 96.751269035533, 97.15736040609137, 98.68020304568527, 98.88324873096447, 100.0]
[91.7766497461929, 96.751269035533, 97.15736040609137, 98.68020304568527, 98.88324873096447, 100.0]
[91.7766497461929, 96.751269035533, 97.15736040609137, 98.68020304568527, 98.88324873096447, 100.0]
[91.7766497461929, 96.751269035533, 97.15736040609137, 98.68020304568527, 98.88324873096447, 100.0]
[91.7766497461929, 96.751269035533, 97.15736040609137, 98.68020304568527, 98.88324873096447, 100.0]
[91.7766497461929, 96.751269035533, 97.15736040609137, 98.68020304568527, 98.88324873096447, 100.0]
[91.7766497461929, 96.751269035533, 97.15736040609137, 98.68020304568527, 98.88324873096447, 100.0]
[91.7766497461929, 96.751269035533, 97.15736040609137, 98.68020304568527, 98.88324873096447, 100.0]
[91.7766497461929, 96.751269035533, 97.15736040609137, 98.68020304568527, 98.88324873096447, 100.0]
[91.7766497461929, 96.751269035533, 97.15736040609137, 98.68020304568527, 98.88324873096447, 100.0]
[91.7766497461929, 96.751269035533, 97.15736040609137, 98.68020304568527, 98.88324873096447, 100.0]
[91.7766497461929, 96.751269035533, 97.15736040609137, 98.68020304568527, 98.88324873096447, 100.0]
[91.7766497461929, 96.751269035533, 97.15736040609137, 98.68020304568527, 98.88324873096447, 100.0]
[91.7766497461929, 96.751269035533, 97.15736040609137, 98.68020304568527, 98.88324873096447, 100.0]
[91.7766497461929, 96.751269035533, 97.15736040609137, 98.68020304568527, 98.88324873096447, 100.0]
[91.7766497461929, 96.751269035533, 97.15736040609137, 98.68020304568527, 98.88324873096447, 100.0]
[91.7766497461929, 96.751269035533, 97.15736040609137, 98.68020304568527, 98.88324873096447, 100.0]
[91.7766497461929, 96.751269035533, 97.15736040609137, 98.68020304568527, 98.88324873096447, 100.0]
[91.7766497461929, 96.751269035533, 97.15736040609137, 98.68020304568527, 98.88324873096447, 100.0]
[91.7766497461929, 96.751269035533, 97.15736040609137, 98.68020304568527, 98.88324873096447, 100.0]
[91.7766497461929, 96.751269035533, 97.15736040609137, 98.68020304568527, 98.88324873096447, 100.0]
[91.7766497461929, 96.751269035533, 97.15736040609137, 98.68020304568527, 98.88324873096447, 100.0]
[91.7766497461929, 96.751269035533, 97.15736040609137, 98.68020304568527, 98.88324873096447, 100.0]
[91.7766497461929, 96.751269035533, 97.15736040609137, 98.68020304568527, 98.88324873096447, 100.0]
[91.7766497461929, 96.751269035533, 97.15736040609137, 98.68020304568527, 98.88324873096447, 100.0]
[91.7766497461929, 96.751269035533, 97.15736040609137, 98.68020304568527, 98.88324873096447, 100.0]
[91.7766497461929, 96.751269035533, 97.15736040609137, 98.68020304568527, 98.88324873096447, 100.0]
[91.7766497461929, 96.751269035533, 97.15736040609137, 98.68020304568527, 98.88324873096447, 100.0]
[91.7766497461929, 96.751269035533, 97.15736040609137, 98.68020304568527, 98.88324873096447, 100.0]
[91.7766497461929, 96.751269035533, 97.15736040609137, 98.68020304568527, 98.88324873096447, 100.0]
[91.7766497461929, 96.751269035533, 97.15736040609137, 98.68020304568527, 98.88324873096447, 100.0]
[91.7766497461929, 96.751269035533, 97.15736040609137, 98.68020304568527, 98.88324873096447, 100.0]
[92.79187817258884, 96.24365482233503, 96.6497461928934, 97.05583756345177, 97.46192893401015, 97.86802030456852, 99.08629441624365, 99.99999999999999]
[92.79187817258884, 96.24365482233503, 96.6497461928934, 97.05583756345177, 97.46192893401015, 97.86802030456852, 99.08629441624365, 99.99999999999999]
[92.79187817258884, 96.24365482233503, 96.6497461928934, 97.05583756345177, 97.46192893401015, 97.86802030456852, 99.08629441624365, 99.99999999999999]
[92.79187817258884, 96.24365482233503, 96.6497461928934, 97.05583756345177, 97.46192893401015, 97.86802030456852, 99.08629441624365, 99.99999999999999]
[92.79187817258884, 96.24365482233503, 96.6497461928934, 97.05583756345177, 97.46192893401015, 97.86802030456852, 99.08629441624365, 99.99999999999999]
[92.79187817258884, 96.24365482233503, 96.6497461928934, 97.05583756345177, 97.46192893401015, 97.86802030456852, 99.08629441624365, 99.99999999999999]
[92.79187817258884, 96.24365482233503, 96.6497461928934, 97.05583756345177, 97.46192893401015, 97.86802030456852, 99.08629441624365, 99.99999999999999]
[92.79187817258884, 96.24365482233503, 96.6497461928934, 97.05583756345177, 97.46192893401015, 97.86802030456852, 99.08629441624365, 99.99999999999999]
[92.79187817258884, 96.24365482233503, 96.6497461928934, 97.05583756345177, 97.46192893401015, 97.86802030456852, 99.08629441624365, 99.99999999999999]
[92.79187817258884, 96.24365482233503, 96.6497461928934, 97.05583756345177, 97.46192893401015, 97.86802030456852, 99.08629441624365, 99.99999999999999]
[92.79187817258884, 96.24365482233503, 96.6497461928934, 97.05583756345177, 97.46192893401015, 97.86802030456852, 99.08629441624365, 99.99999999999999]
[92.79187817258884, 96.24365482233503, 96.6497461928934, 97.05583756345177, 97.46192893401015, 97.86802030456852, 99.08629441624365, 99.99999999999999]
[92.79187817258884, 96.24365482233503, 96.6497461928934, 97.05583756345177, 97.46192893401015, 97.86802030456852, 99.08629441624365, 99.99999999999999]
[92.79187817258884, 96.24365482233503, 96.6497461928934, 97.05583756345177, 97.46192893401015, 97.86802030456852, 99.08629441624365, 99.99999999999999]
[92.79187817258884, 96.24365482233503, 96.6497461928934, 97.05583756345177, 97.46192893401015, 97.86802030456852, 99.08629441624365, 99.99999999999999]
[92.79187817258884, 96.24365482233503, 96.6497461928934, 97.05583756345177, 97.46192893401015, 97.86802030456852, 99.08629441624365, 99.99999999999999]
[92.79187817258884, 96.24365482233503, 96.6497461928934, 97.05583756345177, 97.46192893401015, 97.86802030456852, 99.08629441624365, 99.99999999999999]
[92.79187817258884, 96.24365482233503, 96.6497461928934, 97.05583756345177, 97.46192893401015, 97.86802030456852, 99.08629441624365, 99.99999999999999]
[92.79187817258884, 96.24365482233503, 96.6497461928934, 97.05583756345177, 97.46192893401015, 97.86802030456852, 99.08629441624365, 99.99999999999999]
[92.79187817258884, 96.24365482233503, 96.6497461928934, 97.05583756345177, 97.46192893401015, 97.86802030456852, 99.08629441624365, 99.99999999999999]
[92.79187817258884, 96.24365482233503, 96.6497461928934, 97.05583756345177, 97.46192893401015, 97.86802030456852, 99.08629441624365, 99.99999999999999]
[92.79187817258884, 96.24365482233503, 96.6497461928934, 97.05583756345177, 97.46192893401015, 97.86802030456852, 99.08629441624365, 99.99999999999999]
[92.79187817258884, 96.24365482233503, 96.6497461928934, 97.05583756345177, 97.46192893401015, 97.86802030456852, 99.08629441624365, 99.99999999999999]
[92.79187817258884, 96.24365482233503, 96.6497461928934, 97.05583756345177, 97.46192893401015, 97.86802030456852, 99.08629441624365, 99.99999999999999]
[92.79187817258884, 96.24365482233503, 96.6497461928934, 97.05583756345177, 97.46192893401015, 97.86802030456852, 99.08629441624365, 99.99999999999999]
[92.79187817258884, 96.24365482233503, 96.6497461928934, 97.05583756345177, 97.46192893401015, 97.86802030456852, 99.08629441624365, 99.99999999999999]
[92.79187817258884, 96.24365482233503, 96.6497461928934, 97.05583756345177, 97.46192893401015, 97.86802030456852, 99.08629441624365, 99.99999999999999]
[92.79187817258884, 96.24365482233503, 96.6497461928934, 97.05583756345177, 97.46192893401015, 97.86802030456852, 99.08629441624365, 99.99999999999999]
[92.79187817258884, 96.24365482233503, 96.6497461928934, 97.05583756345177, 97.46192893401015, 97.86802030456852, 99.08629441624365, 99.99999999999999]
[92.79187817258884, 96.24365482233503, 96.6497461928934, 97.05583756345177, 97.46192893401015, 97.86802030456852, 99.08629441624365, 99.99999999999999]
[92.79187817258884, 96.24365482233503, 96.6497461928934, 97.05583756345177, 97.46192893401015, 97.86802030456852, 99.08629441624365, 99.99999999999999]
[92.79187817258884, 96.24365482233503, 96.6497461928934, 97.05583756345177, 97.46192893401015, 97.86802030456852, 99.08629441624365, 99.99999999999999]
[92.79187817258884, 96.24365482233503, 96.6497461928934, 97.05583756345177, 97.46192893401015, 97.86802030456852, 99.08629441624365, 99.99999999999999]
[92.79187817258884, 96.24365482233503, 96.6497461928934, 97.05583756345177, 97.46192893401015, 97.86802030456852, 99.08629441624365, 99.99999999999999]
[92.79187817258884, 96.24365482233503, 96.6497461928934, 97.05583756345177, 97.46192893401015, 97.86802030456852, 99.08629441624365, 99.99999999999999]
[92.79187817258884, 96.24365482233503, 96.6497461928934, 97.05583756345177, 97.46192893401015, 97.86802030456852, 99.08629441624365, 99.99999999999999]
[85.27918781725889, 92.38578680203047, 94.61928934010153, 98.78172588832489, 100.00000000000001]
[85.27918781725889, 92.38578680203047, 94.61928934010153, 98.78172588832489, 100.00000000000001]
[85.27918781725889, 92.38578680203047, 94.61928934010153, 98.78172588832489, 100.00000000000001]
[85.27918781725889, 92.38578680203047, 94.61928934010153, 98.78172588832489, 100.00000000000001]
[85.27918781725889, 92.38578680203047, 94.61928934010153, 98.78172588832489, 100.00000000000001]
[85.27918781725889, 92.38578680203047, 94.61928934010153, 98.78172588832489, 100.00000000000001]
[85.27918781725889, 92.38578680203047, 94.61928934010153, 98.78172588832489, 100.00000000000001]
[85.27918781725889, 92.38578680203047, 94.61928934010153, 98.78172588832489, 100.00000000000001]
[85.27918781725889, 92.38578680203047, 94.61928934010153, 98.78172588832489, 100.00000000000001]
[85.27918781725889, 92.38578680203047, 94.61928934010153, 98.78172588832489, 100.00000000000001]
[85.27918781725889, 92.38578680203047, 94.61928934010153, 98.78172588832489, 100.00000000000001]
[85.27918781725889, 92.38578680203047, 94.61928934010153, 98.78172588832489, 100.00000000000001]
[85.27918781725889, 92.38578680203047, 94.61928934010153, 98.78172588832489, 100.00000000000001]
[85.27918781725889, 92.38578680203047, 94.61928934010153, 98.78172588832489, 100.00000000000001]
[85.27918781725889, 92.38578680203047, 94.61928934010153, 98.78172588832489, 100.00000000000001]
[85.27918781725889, 92.38578680203047, 94.61928934010153, 98.78172588832489, 100.00000000000001]
[85.27918781725889, 92.38578680203047, 94.61928934010153, 98.78172588832489, 100.00000000000001]
[85.27918781725889, 92.38578680203047, 94.61928934010153, 98.78172588832489, 100.00000000000001]
[85.27918781725889, 92.38578680203047, 94.61928934010153, 98.78172588832489, 100.00000000000001]
[85.27918781725889, 92.38578680203047, 94.61928934010153, 98.78172588832489, 100.00000000000001]
[85.27918781725889, 92.38578680203047, 94.61928934010153, 98.78172588832489, 100.00000000000001]
[85.27918781725889, 92.38578680203047, 94.61928934010153, 98.78172588832489, 100.00000000000001]
[85.27918781725889, 92.38578680203047, 94.61928934010153, 98.78172588832489, 100.00000000000001]
[85.27918781725889, 92.38578680203047, 94.61928934010153, 98.78172588832489, 100.00000000000001]
[85.27918781725889, 92.38578680203047, 94.61928934010153, 98.78172588832489, 100.00000000000001]
[85.27918781725889, 92.38578680203047, 94.61928934010153, 98.78172588832489, 100.00000000000001]
[85.27918781725889, 92.38578680203047, 94.61928934010153, 98.78172588832489, 100.00000000000001]
[85.27918781725889, 92.38578680203047, 94.61928934010153, 98.78172588832489, 100.00000000000001]
[85.27918781725889, 92.38578680203047, 94.61928934010153, 98.78172588832489, 100.00000000000001]
[85.27918781725889, 92.38578680203047, 94.61928934010153, 98.78172588832489, 100.00000000000001]
[85.27918781725889, 92.38578680203047, 94.61928934010153, 98.78172588832489, 100.00000000000001]
[85.27918781725889, 92.38578680203047, 94.61928934010153, 98.78172588832489, 100.00000000000001]
[85.27918781725889, 92.38578680203047, 94.61928934010153, 98.78172588832489, 100.00000000000001]
[85.27918781725889, 92.38578680203047, 94.61928934010153, 98.78172588832489, 100.00000000000001]
[85.27918781725889, 92.38578680203047, 94.61928934010153, 98.78172588832489, 100.00000000000001]
[85.27918781725889, 92.38578680203047, 94.61928934010153, 98.78172588832489, 100.00000000000001]
[85.27918781725889, 92.38578680203047, 94.61928934010153, 98.78172588832489, 100.00000000000001]
[85.27918781725889, 92.38578680203047, 94.61928934010153, 98.78172588832489, 100.00000000000001]
[85.27918781725889, 92.38578680203047, 94.61928934010153, 98.78172588832489, 100.00000000000001]
[91.87817258883248, 94.01015228426395, 94.61928934010152, 95.22842639593908, 95.83756345177665, 96.44670050761421, 97.86802030456853, 98.2741116751269, 99.28934010152284, 100.0]
[91.87817258883248, 94.01015228426395, 94.61928934010152, 95.22842639593908, 95.83756345177665, 96.44670050761421, 97.86802030456853, 98.2741116751269, 99.28934010152284, 100.0]
[91.87817258883248, 94.01015228426395, 94.61928934010152, 95.22842639593908, 95.83756345177665, 96.44670050761421, 97.86802030456853, 98.2741116751269, 99.28934010152284, 100.0]
[91.87817258883248, 94.01015228426395, 94.61928934010152, 95.22842639593908, 95.83756345177665, 96.44670050761421, 97.86802030456853, 98.2741116751269, 99.28934010152284, 100.0]
[91.87817258883248, 94.01015228426395, 94.61928934010152, 95.22842639593908, 95.83756345177665, 96.44670050761421, 97.86802030456853, 98.2741116751269, 99.28934010152284, 100.0]
[91.87817258883248, 94.01015228426395, 94.61928934010152, 95.22842639593908, 95.83756345177665, 96.44670050761421, 97.86802030456853, 98.2741116751269, 99.28934010152284, 100.0]
[91.87817258883248, 94.01015228426395, 94.61928934010152, 95.22842639593908, 95.83756345177665, 96.44670050761421, 97.86802030456853, 98.2741116751269, 99.28934010152284, 100.0]
[91.87817258883248, 94.01015228426395, 94.61928934010152, 95.22842639593908, 95.83756345177665, 96.44670050761421, 97.86802030456853, 98.2741116751269, 99.28934010152284, 100.0]
[91.87817258883248, 94.01015228426395, 94.61928934010152, 95.22842639593908, 95.83756345177665, 96.44670050761421, 97.86802030456853, 98.2741116751269, 99.28934010152284, 100.0]
[91.87817258883248, 94.01015228426395, 94.61928934010152, 95.22842639593908, 95.83756345177665, 96.44670050761421, 97.86802030456853, 98.2741116751269, 99.28934010152284, 100.0]
[91.87817258883248, 94.01015228426395, 94.61928934010152, 95.22842639593908, 95.83756345177665, 96.44670050761421, 97.86802030456853, 98.2741116751269, 99.28934010152284, 100.0]
[91.87817258883248, 94.01015228426395, 94.61928934010152, 95.22842639593908, 95.83756345177665, 96.44670050761421, 97.86802030456853, 98.2741116751269, 99.28934010152284, 100.0]
[91.87817258883248, 94.01015228426395, 94.61928934010152, 95.22842639593908, 95.83756345177665, 96.44670050761421, 97.86802030456853, 98.2741116751269, 99.28934010152284, 100.0]
[91.87817258883248, 94.01015228426395, 94.61928934010152, 95.22842639593908, 95.83756345177665, 96.44670050761421, 97.86802030456853, 98.2741116751269, 99.28934010152284, 100.0]
[91.87817258883248, 94.01015228426395, 94.61928934010152, 95.22842639593908, 95.83756345177665, 96.44670050761421, 97.86802030456853, 98.2741116751269, 99.28934010152284, 100.0]
[91.87817258883248, 94.01015228426395, 94.61928934010152, 95.22842639593908, 95.83756345177665, 96.44670050761421, 97.86802030456853, 98.2741116751269, 99.28934010152284, 100.0]
[91.87817258883248, 94.01015228426395, 94.61928934010152, 95.22842639593908, 95.83756345177665, 96.44670050761421, 97.86802030456853, 98.2741116751269, 99.28934010152284, 100.0]
[91.87817258883248, 94.01015228426395, 94.61928934010152, 95.22842639593908, 95.83756345177665, 96.44670050761421, 97.86802030456853, 98.2741116751269, 99.28934010152284, 100.0]
[91.87817258883248, 94.01015228426395, 94.61928934010152, 95.22842639593908, 95.83756345177665, 96.44670050761421, 97.86802030456853, 98.2741116751269, 99.28934010152284, 100.0]
[91.87817258883248, 94.01015228426395, 94.61928934010152, 95.22842639593908, 95.83756345177665, 96.44670050761421, 97.86802030456853, 98.2741116751269, 99.28934010152284, 100.0]
[91.87817258883248, 94.01015228426395, 94.61928934010152, 95.22842639593908, 95.83756345177665, 96.44670050761421, 97.86802030456853, 98.2741116751269, 99.28934010152284, 100.0]
[91.87817258883248, 94.01015228426395, 94.61928934010152, 95.22842639593908, 95.83756345177665, 96.44670050761421, 97.86802030456853, 98.2741116751269, 99.28934010152284, 100.0]
[91.87817258883248, 94.01015228426395, 94.61928934010152, 95.22842639593908, 95.83756345177665, 96.44670050761421, 97.86802030456853, 98.2741116751269, 99.28934010152284, 100.0]
[91.87817258883248, 94.01015228426395, 94.61928934010152, 95.22842639593908, 95.83756345177665, 96.44670050761421, 97.86802030456853, 98.2741116751269, 99.28934010152284, 100.0]
[91.87817258883248, 94.01015228426395, 94.61928934010152, 95.22842639593908, 95.83756345177665, 96.44670050761421, 97.86802030456853, 98.2741116751269, 99.28934010152284, 100.0]
[91.87817258883248, 94.01015228426395, 94.61928934010152, 95.22842639593908, 95.83756345177665, 96.44670050761421, 97.86802030456853, 98.2741116751269, 99.28934010152284, 100.0]
[91.87817258883248, 94.01015228426395, 94.61928934010152, 95.22842639593908, 95.83756345177665, 96.44670050761421, 97.86802030456853, 98.2741116751269, 99.28934010152284, 100.0]
[91.87817258883248, 94.01015228426395, 94.61928934010152, 95.22842639593908, 95.83756345177665, 96.44670050761421, 97.86802030456853, 98.2741116751269, 99.28934010152284, 100.0]
[91.87817258883248, 94.01015228426395, 94.61928934010152, 95.22842639593908, 95.83756345177665, 96.44670050761421, 97.86802030456853, 98.2741116751269, 99.28934010152284, 100.0]
[91.87817258883248, 94.01015228426395, 94.61928934010152, 95.22842639593908, 95.83756345177665, 96.44670050761421, 97.86802030456853, 98.2741116751269, 99.28934010152284, 100.0]
[91.87817258883248, 94.01015228426395, 94.61928934010152, 95.22842639593908, 95.83756345177665, 96.44670050761421, 97.86802030456853, 98.2741116751269, 99.28934010152284, 100.0]
[91.87817258883248, 94.01015228426395, 94.61928934010152, 95.22842639593908, 95.83756345177665, 96.44670050761421, 97.86802030456853, 98.2741116751269, 99.28934010152284, 100.0]
[91.87817258883248, 94.01015228426395, 94.61928934010152, 95.22842639593908, 95.83756345177665, 96.44670050761421, 97.86802030456853, 98.2741116751269, 99.28934010152284, 100.0]
[91.87817258883248, 94.01015228426395, 94.61928934010152, 95.22842639593908, 95.83756345177665, 96.44670050761421, 97.86802030456853, 98.2741116751269, 99.28934010152284, 100.0]
[91.87817258883248, 94.01015228426395, 94.61928934010152, 95.22842639593908, 95.83756345177665, 96.44670050761421, 97.86802030456853, 98.2741116751269, 99.28934010152284, 100.0]
[91.87817258883248, 94.01015228426395, 94.61928934010152, 95.22842639593908, 95.83756345177665, 96.44670050761421, 97.86802030456853, 98.2741116751269, 99.28934010152284, 100.0]
[91.87817258883248, 94.01015228426395, 94.61928934010152, 95.22842639593908, 95.83756345177665, 96.44670050761421, 97.86802030456853, 98.2741116751269, 99.28934010152284, 100.0]
[91.87817258883248, 94.01015228426395, 94.61928934010152, 95.22842639593908, 95.83756345177665, 96.44670050761421, 97.86802030456853, 98.2741116751269, 99.28934010152284, 100.0]
[90.45685279187818, 92.89340101522843, 96.24365482233503, 97.86802030456853, 98.1725888324873, 98.47715736040608, 98.78172588832486, 99.08629441624363, 99.28934010152282, 99.99999999999999]
[90.45685279187818, 92.89340101522843, 96.24365482233503, 97.86802030456853, 98.1725888324873, 98.47715736040608, 98.78172588832486, 99.08629441624363, 99.28934010152282, 99.99999999999999]
[90.45685279187818, 92.89340101522843, 96.24365482233503, 97.86802030456853, 98.1725888324873, 98.47715736040608, 98.78172588832486, 99.08629441624363, 99.28934010152282, 99.99999999999999]
[90.45685279187818, 92.89340101522843, 96.24365482233503, 97.86802030456853, 98.1725888324873, 98.47715736040608, 98.78172588832486, 99.08629441624363, 99.28934010152282, 99.99999999999999]
[90.45685279187818, 92.89340101522843, 96.24365482233503, 97.86802030456853, 98.1725888324873, 98.47715736040608, 98.78172588832486, 99.08629441624363, 99.28934010152282, 99.99999999999999]
[90.45685279187818, 92.89340101522843, 96.24365482233503, 97.86802030456853, 98.1725888324873, 98.47715736040608, 98.78172588832486, 99.08629441624363, 99.28934010152282, 99.99999999999999]
[90.45685279187818, 92.89340101522843, 96.24365482233503, 97.86802030456853, 98.1725888324873, 98.47715736040608, 98.78172588832486, 99.08629441624363, 99.28934010152282, 99.99999999999999]
[90.45685279187818, 92.89340101522843, 96.24365482233503, 97.86802030456853, 98.1725888324873, 98.47715736040608, 98.78172588832486, 99.08629441624363, 99.28934010152282, 99.99999999999999]
[90.45685279187818, 92.89340101522843, 96.24365482233503, 97.86802030456853, 98.1725888324873, 98.47715736040608, 98.78172588832486, 99.08629441624363, 99.28934010152282, 99.99999999999999]
[90.45685279187818, 92.89340101522843, 96.24365482233503, 97.86802030456853, 98.1725888324873, 98.47715736040608, 98.78172588832486, 99.08629441624363, 99.28934010152282, 99.99999999999999]
[90.45685279187818, 92.89340101522843, 96.24365482233503, 97.86802030456853, 98.1725888324873, 98.47715736040608, 98.78172588832486, 99.08629441624363, 99.28934010152282, 99.99999999999999]
[90.45685279187818, 92.89340101522843, 96.24365482233503, 97.86802030456853, 98.1725888324873, 98.47715736040608, 98.78172588832486, 99.08629441624363, 99.28934010152282, 99.99999999999999]
[90.45685279187818, 92.89340101522843, 96.24365482233503, 97.86802030456853, 98.1725888324873, 98.47715736040608, 98.78172588832486, 99.08629441624363, 99.28934010152282, 99.99999999999999]
[90.45685279187818, 92.89340101522843, 96.24365482233503, 97.86802030456853, 98.1725888324873, 98.47715736040608, 98.78172588832486, 99.08629441624363, 99.28934010152282, 99.99999999999999]
[90.45685279187818, 92.89340101522843, 96.24365482233503, 97.86802030456853, 98.1725888324873, 98.47715736040608, 98.78172588832486, 99.08629441624363, 99.28934010152282, 99.99999999999999]
[90.45685279187818, 92.89340101522843, 96.24365482233503, 97.86802030456853, 98.1725888324873, 98.47715736040608, 98.78172588832486, 99.08629441624363, 99.28934010152282, 99.99999999999999]
[90.45685279187818, 92.89340101522843, 96.24365482233503, 97.86802030456853, 98.1725888324873, 98.47715736040608, 98.78172588832486, 99.08629441624363, 99.28934010152282, 99.99999999999999]
[90.45685279187818, 92.89340101522843, 96.24365482233503, 97.86802030456853, 98.1725888324873, 98.47715736040608, 98.78172588832486, 99.08629441624363, 99.28934010152282, 99.99999999999999]
[90.45685279187818, 92.89340101522843, 96.24365482233503, 97.86802030456853, 98.1725888324873, 98.47715736040608, 98.78172588832486, 99.08629441624363, 99.28934010152282, 99.99999999999999]
[90.45685279187818, 92.89340101522843, 96.24365482233503, 97.86802030456853, 98.1725888324873, 98.47715736040608, 98.78172588832486, 99.08629441624363, 99.28934010152282, 99.99999999999999]
[90.45685279187818, 92.89340101522843, 96.24365482233503, 97.86802030456853, 98.1725888324873, 98.47715736040608, 98.78172588832486, 99.08629441624363, 99.28934010152282, 99.99999999999999]
[90.45685279187818, 92.89340101522843, 96.24365482233503, 97.86802030456853, 98.1725888324873, 98.47715736040608, 98.78172588832486, 99.08629441624363, 99.28934010152282, 99.99999999999999]
[90.45685279187818, 92.89340101522843, 96.24365482233503, 97.86802030456853, 98.1725888324873, 98.47715736040608, 98.78172588832486, 99.08629441624363, 99.28934010152282, 99.99999999999999]
[90.45685279187818, 92.89340101522843, 96.24365482233503, 97.86802030456853, 98.1725888324873, 98.47715736040608, 98.78172588832486, 99.08629441624363, 99.28934010152282, 99.99999999999999]
[90.45685279187818, 92.89340101522843, 96.24365482233503, 97.86802030456853, 98.1725888324873, 98.47715736040608, 98.78172588832486, 99.08629441624363, 99.28934010152282, 99.99999999999999]
[90.45685279187818, 92.89340101522843, 96.24365482233503, 97.86802030456853, 98.1725888324873, 98.47715736040608, 98.78172588832486, 99.08629441624363, 99.28934010152282, 99.99999999999999]
[90.45685279187818, 92.89340101522843, 96.24365482233503, 97.86802030456853, 98.1725888324873, 98.47715736040608, 98.78172588832486, 99.08629441624363, 99.28934010152282, 99.99999999999999]
[90.45685279187818, 92.89340101522843, 96.24365482233503, 97.86802030456853, 98.1725888324873, 98.47715736040608, 98.78172588832486, 99.08629441624363, 99.28934010152282, 99.99999999999999]
[90.45685279187818, 92.89340101522843, 96.24365482233503, 97.86802030456853, 98.1725888324873, 98.47715736040608, 98.78172588832486, 99.08629441624363, 99.28934010152282, 99.99999999999999]
[90.45685279187818, 92.89340101522843, 96.24365482233503, 97.86802030456853, 98.1725888324873, 98.47715736040608, 98.78172588832486, 99.08629441624363, 99.28934010152282, 99.99999999999999]
[90.45685279187818, 92.89340101522843, 96.24365482233503, 97.86802030456853, 98.1725888324873, 98.47715736040608, 98.78172588832486, 99.08629441624363, 99.28934010152282, 99.99999999999999]
[90.45685279187818, 92.89340101522843, 96.24365482233503, 97.86802030456853, 98.1725888324873, 98.47715736040608, 98.78172588832486, 99.08629441624363, 99.28934010152282, 99.99999999999999]
[90.45685279187818, 92.89340101522843, 96.24365482233503, 97.86802030456853, 98.1725888324873, 98.47715736040608, 98.78172588832486, 99.08629441624363, 99.28934010152282, 99.99999999999999]
[90.45685279187818, 92.89340101522843, 96.24365482233503, 97.86802030456853, 98.1725888324873, 98.47715736040608, 98.78172588832486, 99.08629441624363, 99.28934010152282, 99.99999999999999]
[90.45685279187818, 92.89340101522843, 96.24365482233503, 97.86802030456853, 98.1725888324873, 98.47715736040608, 98.78172588832486, 99.08629441624363, 99.28934010152282, 99.99999999999999]
[90.45685279187818, 92.89340101522843, 96.24365482233503, 97.86802030456853, 98.1725888324873, 98.47715736040608, 98.78172588832486, 99.08629441624363, 99.28934010152282, 99.99999999999999]
[90.45685279187818, 92.89340101522843, 96.24365482233503, 97.86802030456853, 98.1725888324873, 98.47715736040608, 98.78172588832486, 99.08629441624363, 99.28934010152282, 99.99999999999999]
[94.11167512690355, 96.14213197969542, 96.64974619289339, 97.15736040609136, 98.57868020304568, 98.78172588832487, 98.98477157360406, 99.18781725888326, 100.00000000000001]
[94.11167512690355, 96.14213197969542, 96.64974619289339, 97.15736040609136, 98.57868020304568, 98.78172588832487, 98.98477157360406, 99.18781725888326, 100.00000000000001]
[94.11167512690355, 96.14213197969542, 96.64974619289339, 97.15736040609136, 98.57868020304568, 98.78172588832487, 98.98477157360406, 99.18781725888326, 100.00000000000001]
[94.11167512690355, 96.14213197969542, 96.64974619289339, 97.15736040609136, 98.57868020304568, 98.78172588832487, 98.98477157360406, 99.18781725888326, 100.00000000000001]
[94.11167512690355, 96.14213197969542, 96.64974619289339, 97.15736040609136, 98.57868020304568, 98.78172588832487, 98.98477157360406, 99.18781725888326, 100.00000000000001]
[94.11167512690355, 96.14213197969542, 96.64974619289339, 97.15736040609136, 98.57868020304568, 98.78172588832487, 98.98477157360406, 99.18781725888326, 100.00000000000001]
[94.11167512690355, 96.14213197969542, 96.64974619289339, 97.15736040609136, 98.57868020304568, 98.78172588832487, 98.98477157360406, 99.18781725888326, 100.00000000000001]
[94.11167512690355, 96.14213197969542, 96.64974619289339, 97.15736040609136, 98.57868020304568, 98.78172588832487, 98.98477157360406, 99.18781725888326, 100.00000000000001]
[94.11167512690355, 96.14213197969542, 96.64974619289339, 97.15736040609136, 98.57868020304568, 98.78172588832487, 98.98477157360406, 99.18781725888326, 100.00000000000001]
[94.11167512690355, 96.14213197969542, 96.64974619289339, 97.15736040609136, 98.57868020304568, 98.78172588832487, 98.98477157360406, 99.18781725888326, 100.00000000000001]
[94.11167512690355, 96.14213197969542, 96.64974619289339, 97.15736040609136, 98.57868020304568, 98.78172588832487, 98.98477157360406, 99.18781725888326, 100.00000000000001]
[94.11167512690355, 96.14213197969542, 96.64974619289339, 97.15736040609136, 98.57868020304568, 98.78172588832487, 98.98477157360406, 99.18781725888326, 100.00000000000001]
[94.11167512690355, 96.14213197969542, 96.64974619289339, 97.15736040609136, 98.57868020304568, 98.78172588832487, 98.98477157360406, 99.18781725888326, 100.00000000000001]
[94.11167512690355, 96.14213197969542, 96.64974619289339, 97.15736040609136, 98.57868020304568, 98.78172588832487, 98.98477157360406, 99.18781725888326, 100.00000000000001]
[94.11167512690355, 96.14213197969542, 96.64974619289339, 97.15736040609136, 98.57868020304568, 98.78172588832487, 98.98477157360406, 99.18781725888326, 100.00000000000001]
[94.11167512690355, 96.14213197969542, 96.64974619289339, 97.15736040609136, 98.57868020304568, 98.78172588832487, 98.98477157360406, 99.18781725888326, 100.00000000000001]
[94.11167512690355, 96.14213197969542, 96.64974619289339, 97.15736040609136, 98.57868020304568, 98.78172588832487, 98.98477157360406, 99.18781725888326, 100.00000000000001]
[94.11167512690355, 96.14213197969542, 96.64974619289339, 97.15736040609136, 98.57868020304568, 98.78172588832487, 98.98477157360406, 99.18781725888326, 100.00000000000001]
[94.11167512690355, 96.14213197969542, 96.64974619289339, 97.15736040609136, 98.57868020304568, 98.78172588832487, 98.98477157360406, 99.18781725888326, 100.00000000000001]
[94.11167512690355, 96.14213197969542, 96.64974619289339, 97.15736040609136, 98.57868020304568, 98.78172588832487, 98.98477157360406, 99.18781725888326, 100.00000000000001]
[94.11167512690355, 96.14213197969542, 96.64974619289339, 97.15736040609136, 98.57868020304568, 98.78172588832487, 98.98477157360406, 99.18781725888326, 100.00000000000001]
[94.11167512690355, 96.14213197969542, 96.64974619289339, 97.15736040609136, 98.57868020304568, 98.78172588832487, 98.98477157360406, 99.18781725888326, 100.00000000000001]
[94.11167512690355, 96.14213197969542, 96.64974619289339, 97.15736040609136, 98.57868020304568, 98.78172588832487, 98.98477157360406, 99.18781725888326, 100.00000000000001]
[94.11167512690355, 96.14213197969542, 96.64974619289339, 97.15736040609136, 98.57868020304568, 98.78172588832487, 98.98477157360406, 99.18781725888326, 100.00000000000001]
[94.11167512690355, 96.14213197969542, 96.64974619289339, 97.15736040609136, 98.57868020304568, 98.78172588832487, 98.98477157360406, 99.18781725888326, 100.00000000000001]
[94.11167512690355, 96.14213197969542, 96.64974619289339, 97.15736040609136, 98.57868020304568, 98.78172588832487, 98.98477157360406, 99.18781725888326, 100.00000000000001]
[94.11167512690355, 96.14213197969542, 96.64974619289339, 97.15736040609136, 98.57868020304568, 98.78172588832487, 98.98477157360406, 99.18781725888326, 100.00000000000001]
[94.11167512690355, 96.14213197969542, 96.64974619289339, 97.15736040609136, 98.57868020304568, 98.78172588832487, 98.98477157360406, 99.18781725888326, 100.00000000000001]
[94.11167512690355, 96.14213197969542, 96.64974619289339, 97.15736040609136, 98.57868020304568, 98.78172588832487, 98.98477157360406, 99.18781725888326, 100.00000000000001]
[94.11167512690355, 96.14213197969542, 96.64974619289339, 97.15736040609136, 98.57868020304568, 98.78172588832487, 98.98477157360406, 99.18781725888326, 100.00000000000001]
[94.11167512690355, 96.14213197969542, 96.64974619289339, 97.15736040609136, 98.57868020304568, 98.78172588832487, 98.98477157360406, 99.18781725888326, 100.00000000000001]
[94.11167512690355, 96.14213197969542, 96.64974619289339, 97.15736040609136, 98.57868020304568, 98.78172588832487, 98.98477157360406, 99.18781725888326, 100.00000000000001]
[94.11167512690355, 96.14213197969542, 96.64974619289339, 97.15736040609136, 98.57868020304568, 98.78172588832487, 98.98477157360406, 99.18781725888326, 100.00000000000001]
[94.11167512690355, 96.14213197969542, 96.64974619289339, 97.15736040609136, 98.57868020304568, 98.78172588832487, 98.98477157360406, 99.18781725888326, 100.00000000000001]
[94.11167512690355, 96.14213197969542, 96.64974619289339, 97.15736040609136, 98.57868020304568, 98.78172588832487, 98.98477157360406, 99.18781725888326, 100.00000000000001]
[94.11167512690355, 96.14213197969542, 96.64974619289339, 97.15736040609136, 98.57868020304568, 98.78172588832487, 98.98477157360406, 99.18781725888326, 100.00000000000001]
[94.11167512690355, 96.14213197969542, 96.64974619289339, 97.15736040609136, 98.57868020304568, 98.78172588832487, 98.98477157360406, 99.18781725888326, 100.00000000000001]
[94.11167512690355, 96.14213197969542, 96.64974619289339, 97.15736040609136, 98.57868020304568, 98.78172588832487, 98.98477157360406, 99.18781725888326, 100.00000000000001]
[94.11167512690355, 96.14213197969542, 96.64974619289339, 97.15736040609136, 98.57868020304568, 98.78172588832487, 98.98477157360406, 99.18781725888326, 100.00000000000001]
[94.11167512690355, 96.14213197969542, 96.64974619289339, 97.15736040609136, 98.57868020304568, 98.78172588832487, 98.98477157360406, 99.18781725888326, 100.00000000000001]
[94.11167512690355, 96.14213197969542, 96.64974619289339, 97.15736040609136, 98.57868020304568, 98.78172588832487, 98.98477157360406, 99.18781725888326, 100.00000000000001]
[94.11167512690355, 96.14213197969542, 96.64974619289339, 97.15736040609136, 98.57868020304568, 98.78172588832487, 98.98477157360406, 99.18781725888326, 100.00000000000001]
[94.11167512690355, 96.14213197969542, 96.64974619289339, 97.15736040609136, 98.57868020304568, 98.78172588832487, 98.98477157360406, 99.18781725888326, 100.00000000000001]
[94.11167512690355, 96.14213197969542, 96.64974619289339, 97.15736040609136, 98.57868020304568, 98.78172588832487, 98.98477157360406, 99.18781725888326, 100.00000000000001]
[94.11167512690355, 96.14213197969542, 96.64974619289339, 97.15736040609136, 98.57868020304568, 98.78172588832487, 98.98477157360406, 99.18781725888326, 100.00000000000001]
[94.11167512690355, 96.14213197969542, 96.64974619289339, 97.15736040609136, 98.57868020304568, 98.78172588832487, 98.98477157360406, 99.18781725888326, 100.00000000000001]
[94.11167512690355, 96.14213197969542, 96.64974619289339, 97.15736040609136, 98.57868020304568, 98.78172588832487, 98.98477157360406, 99.18781725888326, 100.00000000000001]
[94.31472081218274, 94.9238578680203, 95.53299492385787, 96.14213197969544, 98.78172588832487, 98.98477157360406, 100.0]
[94.31472081218274, 94.9238578680203, 95.53299492385787, 96.14213197969544, 98.78172588832487, 98.98477157360406, 100.0]
[94.31472081218274, 94.9238578680203, 95.53299492385787, 96.14213197969544, 98.78172588832487, 98.98477157360406, 100.0]
[94.31472081218274, 94.9238578680203, 95.53299492385787, 96.14213197969544, 98.78172588832487, 98.98477157360406, 100.0]
[94.31472081218274, 94.9238578680203, 95.53299492385787, 96.14213197969544, 98.78172588832487, 98.98477157360406, 100.0]
[94.31472081218274, 94.9238578680203, 95.53299492385787, 96.14213197969544, 98.78172588832487, 98.98477157360406, 100.0]
[94.31472081218274, 94.9238578680203, 95.53299492385787, 96.14213197969544, 98.78172588832487, 98.98477157360406, 100.0]
[94.31472081218274, 94.9238578680203, 95.53299492385787, 96.14213197969544, 98.78172588832487, 98.98477157360406, 100.0]
[94.31472081218274, 94.9238578680203, 95.53299492385787, 96.14213197969544, 98.78172588832487, 98.98477157360406, 100.0]
[94.31472081218274, 94.9238578680203, 95.53299492385787, 96.14213197969544, 98.78172588832487, 98.98477157360406, 100.0]
[94.31472081218274, 94.9238578680203, 95.53299492385787, 96.14213197969544, 98.78172588832487, 98.98477157360406, 100.0]
[94.31472081218274, 94.9238578680203, 95.53299492385787, 96.14213197969544, 98.78172588832487, 98.98477157360406, 100.0]
[94.31472081218274, 94.9238578680203, 95.53299492385787, 96.14213197969544, 98.78172588832487, 98.98477157360406, 100.0]
[94.31472081218274, 94.9238578680203, 95.53299492385787, 96.14213197969544, 98.78172588832487, 98.98477157360406, 100.0]
[94.31472081218274, 94.9238578680203, 95.53299492385787, 96.14213197969544, 98.78172588832487, 98.98477157360406, 100.0]
[94.31472081218274, 94.9238578680203, 95.53299492385787, 96.14213197969544, 98.78172588832487, 98.98477157360406, 100.0]
[94.31472081218274, 94.9238578680203, 95.53299492385787, 96.14213197969544, 98.78172588832487, 98.98477157360406, 100.0]
[94.31472081218274, 94.9238578680203, 95.53299492385787, 96.14213197969544, 98.78172588832487, 98.98477157360406, 100.0]
[94.31472081218274, 94.9238578680203, 95.53299492385787, 96.14213197969544, 98.78172588832487, 98.98477157360406, 100.0]
[94.31472081218274, 94.9238578680203, 95.53299492385787, 96.14213197969544, 98.78172588832487, 98.98477157360406, 100.0]
[94.31472081218274, 94.9238578680203, 95.53299492385787, 96.14213197969544, 98.78172588832487, 98.98477157360406, 100.0]
[94.31472081218274, 94.9238578680203, 95.53299492385787, 96.14213197969544, 98.78172588832487, 98.98477157360406, 100.0]
[94.31472081218274, 94.9238578680203, 95.53299492385787, 96.14213197969544, 98.78172588832487, 98.98477157360406, 100.0]
[94.31472081218274, 94.9238578680203, 95.53299492385787, 96.14213197969544, 98.78172588832487, 98.98477157360406, 100.0]
[94.31472081218274, 94.9238578680203, 95.53299492385787, 96.14213197969544, 98.78172588832487, 98.98477157360406, 100.0]
[94.31472081218274, 94.9238578680203, 95.53299492385787, 96.14213197969544, 98.78172588832487, 98.98477157360406, 100.0]
[94.31472081218274, 94.9238578680203, 95.53299492385787, 96.14213197969544, 98.78172588832487, 98.98477157360406, 100.0]
[94.31472081218274, 94.9238578680203, 95.53299492385787, 96.14213197969544, 98.78172588832487, 98.98477157360406, 100.0]
[94.31472081218274, 94.9238578680203, 95.53299492385787, 96.14213197969544, 98.78172588832487, 98.98477157360406, 100.0]
[94.31472081218274, 94.9238578680203, 95.53299492385787, 96.14213197969544, 98.78172588832487, 98.98477157360406, 100.0]
[94.31472081218274, 94.9238578680203, 95.53299492385787, 96.14213197969544, 98.78172588832487, 98.98477157360406, 100.0]
[94.31472081218274, 94.9238578680203, 95.53299492385787, 96.14213197969544, 98.78172588832487, 98.98477157360406, 100.0]
[94.31472081218274, 94.9238578680203, 95.53299492385787, 96.14213197969544, 98.78172588832487, 98.98477157360406, 100.0]
[94.31472081218274, 94.9238578680203, 95.53299492385787, 96.14213197969544, 98.78172588832487, 98.98477157360406, 100.0]
[94.31472081218274, 94.9238578680203, 95.53299492385787, 96.14213197969544, 98.78172588832487, 98.98477157360406, 100.0]
[94.31472081218274, 94.9238578680203, 95.53299492385787, 96.14213197969544, 98.78172588832487, 98.98477157360406, 100.0]
[94.31472081218274, 94.9238578680203, 95.53299492385787, 96.14213197969544, 98.78172588832487, 98.98477157360406, 100.0]
[94.31472081218274, 94.9238578680203, 95.53299492385787, 96.14213197969544, 98.78172588832487, 98.98477157360406, 100.0]
[94.31472081218274, 94.9238578680203, 95.53299492385787, 96.14213197969544, 98.78172588832487, 98.98477157360406, 100.0]
[94.31472081218274, 94.9238578680203, 95.53299492385787, 96.14213197969544, 98.78172588832487, 98.98477157360406, 100.0]
[87.71573604060914, 92.99492385786803, 95.83756345177666, 98.07106598984772, 98.4771573604061, 98.88324873096447, 99.08629441624366, 100.0]
[87.71573604060914, 92.99492385786803, 95.83756345177666, 98.07106598984772, 98.4771573604061, 98.88324873096447, 99.08629441624366, 100.0]
[87.71573604060914, 92.99492385786803, 95.83756345177666, 98.07106598984772, 98.4771573604061, 98.88324873096447, 99.08629441624366, 100.0]
[87.71573604060914, 92.99492385786803, 95.83756345177666, 98.07106598984772, 98.4771573604061, 98.88324873096447, 99.08629441624366, 100.0]
[87.71573604060914, 92.99492385786803, 95.83756345177666, 98.07106598984772, 98.4771573604061, 98.88324873096447, 99.08629441624366, 100.0]
[87.71573604060914, 92.99492385786803, 95.83756345177666, 98.07106598984772, 98.4771573604061, 98.88324873096447, 99.08629441624366, 100.0]
[87.71573604060914, 92.99492385786803, 95.83756345177666, 98.07106598984772, 98.4771573604061, 98.88324873096447, 99.08629441624366, 100.0]
[87.71573604060914, 92.99492385786803, 95.83756345177666, 98.07106598984772, 98.4771573604061, 98.88324873096447, 99.08629441624366, 100.0]
[87.71573604060914, 92.99492385786803, 95.83756345177666, 98.07106598984772, 98.4771573604061, 98.88324873096447, 99.08629441624366, 100.0]
[87.71573604060914, 92.99492385786803, 95.83756345177666, 98.07106598984772, 98.4771573604061, 98.88324873096447, 99.08629441624366, 100.0]
[87.71573604060914, 92.99492385786803, 95.83756345177666, 98.07106598984772, 98.4771573604061, 98.88324873096447, 99.08629441624366, 100.0]
[87.71573604060914, 92.99492385786803, 95.83756345177666, 98.07106598984772, 98.4771573604061, 98.88324873096447, 99.08629441624366, 100.0]
[87.71573604060914, 92.99492385786803, 95.83756345177666, 98.07106598984772, 98.4771573604061, 98.88324873096447, 99.08629441624366, 100.0]
[87.71573604060914, 92.99492385786803, 95.83756345177666, 98.07106598984772, 98.4771573604061, 98.88324873096447, 99.08629441624366, 100.0]
[87.71573604060914, 92.99492385786803, 95.83756345177666, 98.07106598984772, 98.4771573604061, 98.88324873096447, 99.08629441624366, 100.0]
[87.71573604060914, 92.99492385786803, 95.83756345177666, 98.07106598984772, 98.4771573604061, 98.88324873096447, 99.08629441624366, 100.0]
[87.71573604060914, 92.99492385786803, 95.83756345177666, 98.07106598984772, 98.4771573604061, 98.88324873096447, 99.08629441624366, 100.0]
[87.71573604060914, 92.99492385786803, 95.83756345177666, 98.07106598984772, 98.4771573604061, 98.88324873096447, 99.08629441624366, 100.0]
[87.71573604060914, 92.99492385786803, 95.83756345177666, 98.07106598984772, 98.4771573604061, 98.88324873096447, 99.08629441624366, 100.0]
[87.71573604060914, 92.99492385786803, 95.83756345177666, 98.07106598984772, 98.4771573604061, 98.88324873096447, 99.08629441624366, 100.0]
[87.71573604060914, 92.99492385786803, 95.83756345177666, 98.07106598984772, 98.4771573604061, 98.88324873096447, 99.08629441624366, 100.0]
[87.71573604060914, 92.99492385786803, 95.83756345177666, 98.07106598984772, 98.4771573604061, 98.88324873096447, 99.08629441624366, 100.0]
[87.71573604060914, 92.99492385786803, 95.83756345177666, 98.07106598984772, 98.4771573604061, 98.88324873096447, 99.08629441624366, 100.0]
[87.71573604060914, 92.99492385786803, 95.83756345177666, 98.07106598984772, 98.4771573604061, 98.88324873096447, 99.08629441624366, 100.0]
[87.71573604060914, 92.99492385786803, 95.83756345177666, 98.07106598984772, 98.4771573604061, 98.88324873096447, 99.08629441624366, 100.0]
[87.71573604060914, 92.99492385786803, 95.83756345177666, 98.07106598984772, 98.4771573604061, 98.88324873096447, 99.08629441624366, 100.0]
[87.71573604060914, 92.99492385786803, 95.83756345177666, 98.07106598984772, 98.4771573604061, 98.88324873096447, 99.08629441624366, 100.0]
[87.71573604060914, 92.99492385786803, 95.83756345177666, 98.07106598984772, 98.4771573604061, 98.88324873096447, 99.08629441624366, 100.0]
[87.71573604060914, 92.99492385786803, 95.83756345177666, 98.07106598984772, 98.4771573604061, 98.88324873096447, 99.08629441624366, 100.0]
[87.71573604060914, 92.99492385786803, 95.83756345177666, 98.07106598984772, 98.4771573604061, 98.88324873096447, 99.08629441624366, 100.0]
[87.71573604060914, 92.99492385786803, 95.83756345177666, 98.07106598984772, 98.4771573604061, 98.88324873096447, 99.08629441624366, 100.0]
[87.71573604060914, 92.99492385786803, 95.83756345177666, 98.07106598984772, 98.4771573604061, 98.88324873096447, 99.08629441624366, 100.0]
[87.71573604060914, 92.99492385786803, 95.83756345177666, 98.07106598984772, 98.4771573604061, 98.88324873096447, 99.08629441624366, 100.0]
[87.71573604060914, 92.99492385786803, 95.83756345177666, 98.07106598984772, 98.4771573604061, 98.88324873096447, 99.08629441624366, 100.0]
[87.71573604060914, 92.99492385786803, 95.83756345177666, 98.07106598984772, 98.4771573604061, 98.88324873096447, 99.08629441624366, 100.0]
[87.71573604060914, 92.99492385786803, 95.83756345177666, 98.07106598984772, 98.4771573604061, 98.88324873096447, 99.08629441624366, 100.0]
[95.83756345177665, 96.24365482233502, 96.64974619289339, 97.05583756345176, 97.46192893401013, 97.8680203045685, 99.08629441624363, 99.99999999999997]
[95.83756345177665, 96.24365482233502, 96.64974619289339, 97.05583756345176, 97.46192893401013, 97.8680203045685, 99.08629441624363, 99.99999999999997]
[95.83756345177665, 96.24365482233502, 96.64974619289339, 97.05583756345176, 97.46192893401013, 97.8680203045685, 99.08629441624363, 99.99999999999997]
[95.83756345177665, 96.24365482233502, 96.64974619289339, 97.05583756345176, 97.46192893401013, 97.8680203045685, 99.08629441624363, 99.99999999999997]
[95.83756345177665, 96.24365482233502, 96.64974619289339, 97.05583756345176, 97.46192893401013, 97.8680203045685, 99.08629441624363, 99.99999999999997]
[95.83756345177665, 96.24365482233502, 96.64974619289339, 97.05583756345176, 97.46192893401013, 97.8680203045685, 99.08629441624363, 99.99999999999997]
[95.83756345177665, 96.24365482233502, 96.64974619289339, 97.05583756345176, 97.46192893401013, 97.8680203045685, 99.08629441624363, 99.99999999999997]
[95.83756345177665, 96.24365482233502, 96.64974619289339, 97.05583756345176, 97.46192893401013, 97.8680203045685, 99.08629441624363, 99.99999999999997]
[95.83756345177665, 96.24365482233502, 96.64974619289339, 97.05583756345176, 97.46192893401013, 97.8680203045685, 99.08629441624363, 99.99999999999997]
[95.83756345177665, 96.24365482233502, 96.64974619289339, 97.05583756345176, 97.46192893401013, 97.8680203045685, 99.08629441624363, 99.99999999999997]
[95.83756345177665, 96.24365482233502, 96.64974619289339, 97.05583756345176, 97.46192893401013, 97.8680203045685, 99.08629441624363, 99.99999999999997]
[95.83756345177665, 96.24365482233502, 96.64974619289339, 97.05583756345176, 97.46192893401013, 97.8680203045685, 99.08629441624363, 99.99999999999997]
[95.83756345177665, 96.24365482233502, 96.64974619289339, 97.05583756345176, 97.46192893401013, 97.8680203045685, 99.08629441624363, 99.99999999999997]
[95.83756345177665, 96.24365482233502, 96.64974619289339, 97.05583756345176, 97.46192893401013, 97.8680203045685, 99.08629441624363, 99.99999999999997]
[95.83756345177665, 96.24365482233502, 96.64974619289339, 97.05583756345176, 97.46192893401013, 97.8680203045685, 99.08629441624363, 99.99999999999997]
[95.83756345177665, 96.24365482233502, 96.64974619289339, 97.05583756345176, 97.46192893401013, 97.8680203045685, 99.08629441624363, 99.99999999999997]
[95.83756345177665, 96.24365482233502, 96.64974619289339, 97.05583756345176, 97.46192893401013, 97.8680203045685, 99.08629441624363, 99.99999999999997]
[95.83756345177665, 96.24365482233502, 96.64974619289339, 97.05583756345176, 97.46192893401013, 97.8680203045685, 99.08629441624363, 99.99999999999997]
[95.83756345177665, 96.24365482233502, 96.64974619289339, 97.05583756345176, 97.46192893401013, 97.8680203045685, 99.08629441624363, 99.99999999999997]
[95.83756345177665, 96.24365482233502, 96.64974619289339, 97.05583756345176, 97.46192893401013, 97.8680203045685, 99.08629441624363, 99.99999999999997]
[95.83756345177665, 96.24365482233502, 96.64974619289339, 97.05583756345176, 97.46192893401013, 97.8680203045685, 99.08629441624363, 99.99999999999997]
[95.83756345177665, 96.24365482233502, 96.64974619289339, 97.05583756345176, 97.46192893401013, 97.8680203045685, 99.08629441624363, 99.99999999999997]
[95.83756345177665, 96.24365482233502, 96.64974619289339, 97.05583756345176, 97.46192893401013, 97.8680203045685, 99.08629441624363, 99.99999999999997]
[95.83756345177665, 96.24365482233502, 96.64974619289339, 97.05583756345176, 97.46192893401013, 97.8680203045685, 99.08629441624363, 99.99999999999997]
[95.83756345177665, 96.24365482233502, 96.64974619289339, 97.05583756345176, 97.46192893401013, 97.8680203045685, 99.08629441624363, 99.99999999999997]
[95.83756345177665, 96.24365482233502, 96.64974619289339, 97.05583756345176, 97.46192893401013, 97.8680203045685, 99.08629441624363, 99.99999999999997]
[95.83756345177665, 96.24365482233502, 96.64974619289339, 97.05583756345176, 97.46192893401013, 97.8680203045685, 99.08629441624363, 99.99999999999997]
[95.83756345177665, 96.24365482233502, 96.64974619289339, 97.05583756345176, 97.46192893401013, 97.8680203045685, 99.08629441624363, 99.99999999999997]
[95.83756345177665, 96.24365482233502, 96.64974619289339, 97.05583756345176, 97.46192893401013, 97.8680203045685, 99.08629441624363, 99.99999999999997]
[95.83756345177665, 96.24365482233502, 96.64974619289339, 97.05583756345176, 97.46192893401013, 97.8680203045685, 99.08629441624363, 99.99999999999997]
[95.83756345177665, 96.24365482233502, 96.64974619289339, 97.05583756345176, 97.46192893401013, 97.8680203045685, 99.08629441624363, 99.99999999999997]
[95.83756345177665, 96.24365482233502, 96.64974619289339, 97.05583756345176, 97.46192893401013, 97.8680203045685, 99.08629441624363, 99.99999999999997]
[95.83756345177665, 96.24365482233502, 96.64974619289339, 97.05583756345176, 97.46192893401013, 97.8680203045685, 99.08629441624363, 99.99999999999997]
[95.83756345177665, 96.24365482233502, 96.64974619289339, 97.05583756345176, 97.46192893401013, 97.8680203045685, 99.08629441624363, 99.99999999999997]
[95.83756345177665, 96.24365482233502, 96.64974619289339, 97.05583756345176, 97.46192893401013, 97.8680203045685, 99.08629441624363, 99.99999999999997]
[95.83756345177665, 96.24365482233502, 96.64974619289339, 97.05583756345176, 97.46192893401013, 97.8680203045685, 99.08629441624363, 99.99999999999997]
[95.83756345177665, 96.24365482233502, 96.64974619289339, 97.05583756345176, 97.46192893401013, 97.8680203045685, 99.08629441624363, 99.99999999999997]
[95.83756345177665, 96.24365482233502, 96.64974619289339, 97.05583756345176, 97.46192893401013, 97.8680203045685, 99.08629441624363, 99.99999999999997]
[95.83756345177665, 96.24365482233502, 96.64974619289339, 97.05583756345176, 97.46192893401013, 97.8680203045685, 99.08629441624363, 99.99999999999997]
[95.83756345177665, 96.24365482233502, 96.64974619289339, 97.05583756345176, 97.46192893401013, 97.8680203045685, 99.08629441624363, 99.99999999999997]
[95.83756345177665, 96.24365482233502, 96.64974619289339, 97.05583756345176, 97.46192893401013, 97.8680203045685, 99.08629441624363, 99.99999999999997]
[95.83756345177665, 96.24365482233502, 96.64974619289339, 97.05583756345176, 97.46192893401013, 97.8680203045685, 99.08629441624363, 99.99999999999997]
[95.83756345177665, 96.24365482233502, 96.64974619289339, 97.05583756345176, 97.46192893401013, 97.8680203045685, 99.08629441624363, 99.99999999999997]
[95.83756345177665, 96.24365482233502, 96.64974619289339, 97.05583756345176, 97.46192893401013, 97.8680203045685, 99.08629441624363, 99.99999999999997]
[95.83756345177665, 96.24365482233502, 96.64974619289339, 97.05583756345176, 97.46192893401013, 97.8680203045685, 99.08629441624363, 99.99999999999997]
[95.83756345177665, 96.24365482233502, 96.64974619289339, 97.05583756345176, 97.46192893401013, 97.8680203045685, 99.08629441624363, 99.99999999999997]
[95.83756345177665, 96.24365482233502, 96.64974619289339, 97.05583756345176, 97.46192893401013, 97.8680203045685, 99.08629441624363, 99.99999999999997]
[95.83756345177665, 96.24365482233502, 96.64974619289339, 97.05583756345176, 97.46192893401013, 97.8680203045685, 99.08629441624363, 99.99999999999997]
[90.35532994923858, 92.99492385786802, 93.80710659898477, 94.61928934010153, 96.44670050761422, 97.96954314720813, 100.0]
[90.35532994923858, 92.99492385786802, 93.80710659898477, 94.61928934010153, 96.44670050761422, 97.96954314720813, 100.0]
[90.35532994923858, 92.99492385786802, 93.80710659898477, 94.61928934010153, 96.44670050761422, 97.96954314720813, 100.0]
[90.35532994923858, 92.99492385786802, 93.80710659898477, 94.61928934010153, 96.44670050761422, 97.96954314720813, 100.0]
[90.35532994923858, 92.99492385786802, 93.80710659898477, 94.61928934010153, 96.44670050761422, 97.96954314720813, 100.0]
[90.35532994923858, 92.99492385786802, 93.80710659898477, 94.61928934010153, 96.44670050761422, 97.96954314720813, 100.0]
[90.35532994923858, 92.99492385786802, 93.80710659898477, 94.61928934010153, 96.44670050761422, 97.96954314720813, 100.0]
[90.35532994923858, 92.99492385786802, 93.80710659898477, 94.61928934010153, 96.44670050761422, 97.96954314720813, 100.0]
[90.35532994923858, 92.99492385786802, 93.80710659898477, 94.61928934010153, 96.44670050761422, 97.96954314720813, 100.0]
[90.35532994923858, 92.99492385786802, 93.80710659898477, 94.61928934010153, 96.44670050761422, 97.96954314720813, 100.0]
[90.35532994923858, 92.99492385786802, 93.80710659898477, 94.61928934010153, 96.44670050761422, 97.96954314720813, 100.0]
[90.35532994923858, 92.99492385786802, 93.80710659898477, 94.61928934010153, 96.44670050761422, 97.96954314720813, 100.0]
[90.35532994923858, 92.99492385786802, 93.80710659898477, 94.61928934010153, 96.44670050761422, 97.96954314720813, 100.0]
[90.35532994923858, 92.99492385786802, 93.80710659898477, 94.61928934010153, 96.44670050761422, 97.96954314720813, 100.0]
[90.35532994923858, 92.99492385786802, 93.80710659898477, 94.61928934010153, 96.44670050761422, 97.96954314720813, 100.0]
[90.35532994923858, 92.99492385786802, 93.80710659898477, 94.61928934010153, 96.44670050761422, 97.96954314720813, 100.0]
[90.35532994923858, 92.99492385786802, 93.80710659898477, 94.61928934010153, 96.44670050761422, 97.96954314720813, 100.0]
[90.35532994923858, 92.99492385786802, 93.80710659898477, 94.61928934010153, 96.44670050761422, 97.96954314720813, 100.0]
[90.35532994923858, 92.99492385786802, 93.80710659898477, 94.61928934010153, 96.44670050761422, 97.96954314720813, 100.0]
[90.35532994923858, 92.99492385786802, 93.80710659898477, 94.61928934010153, 96.44670050761422, 97.96954314720813, 100.0]
[90.35532994923858, 92.99492385786802, 93.80710659898477, 94.61928934010153, 96.44670050761422, 97.96954314720813, 100.0]
[90.35532994923858, 92.99492385786802, 93.80710659898477, 94.61928934010153, 96.44670050761422, 97.96954314720813, 100.0]
[90.35532994923858, 92.99492385786802, 93.80710659898477, 94.61928934010153, 96.44670050761422, 97.96954314720813, 100.0]
[90.35532994923858, 92.99492385786802, 93.80710659898477, 94.61928934010153, 96.44670050761422, 97.96954314720813, 100.0]
[90.35532994923858, 92.99492385786802, 93.80710659898477, 94.61928934010153, 96.44670050761422, 97.96954314720813, 100.0]
[90.35532994923858, 92.99492385786802, 93.80710659898477, 94.61928934010153, 96.44670050761422, 97.96954314720813, 100.0]
[90.35532994923858, 92.99492385786802, 93.80710659898477, 94.61928934010153, 96.44670050761422, 97.96954314720813, 100.0]
[90.35532994923858, 92.99492385786802, 93.80710659898477, 94.61928934010153, 96.44670050761422, 97.96954314720813, 100.0]
[90.35532994923858, 92.99492385786802, 93.80710659898477, 94.61928934010153, 96.44670050761422, 97.96954314720813, 100.0]
[90.35532994923858, 92.99492385786802, 93.80710659898477, 94.61928934010153, 96.44670050761422, 97.96954314720813, 100.0]
[90.35532994923858, 92.99492385786802, 93.80710659898477, 94.61928934010153, 96.44670050761422, 97.96954314720813, 100.0]
[85.98984771573605, 92.08121827411168, 96.751269035533, 97.15736040609137, 97.56345177664974, 98.47715736040608, 99.99999999999999]
[85.98984771573605, 92.08121827411168, 96.751269035533, 97.15736040609137, 97.56345177664974, 98.47715736040608, 99.99999999999999]
[85.98984771573605, 92.08121827411168, 96.751269035533, 97.15736040609137, 97.56345177664974, 98.47715736040608, 99.99999999999999]
[85.98984771573605, 92.08121827411168, 96.751269035533, 97.15736040609137, 97.56345177664974, 98.47715736040608, 99.99999999999999]
[85.98984771573605, 92.08121827411168, 96.751269035533, 97.15736040609137, 97.56345177664974, 98.47715736040608, 99.99999999999999]
[85.98984771573605, 92.08121827411168, 96.751269035533, 97.15736040609137, 97.56345177664974, 98.47715736040608, 99.99999999999999]
[85.98984771573605, 92.08121827411168, 96.751269035533, 97.15736040609137, 97.56345177664974, 98.47715736040608, 99.99999999999999]
[85.98984771573605, 92.08121827411168, 96.751269035533, 97.15736040609137, 97.56345177664974, 98.47715736040608, 99.99999999999999]
[85.98984771573605, 92.08121827411168, 96.751269035533, 97.15736040609137, 97.56345177664974, 98.47715736040608, 99.99999999999999]
[85.98984771573605, 92.08121827411168, 96.751269035533, 97.15736040609137, 97.56345177664974, 98.47715736040608, 99.99999999999999]
[85.98984771573605, 92.08121827411168, 96.751269035533, 97.15736040609137, 97.56345177664974, 98.47715736040608, 99.99999999999999]
[85.98984771573605, 92.08121827411168, 96.751269035533, 97.15736040609137, 97.56345177664974, 98.47715736040608, 99.99999999999999]
[85.98984771573605, 92.08121827411168, 96.751269035533, 97.15736040609137, 97.56345177664974, 98.47715736040608, 99.99999999999999]
[85.98984771573605, 92.08121827411168, 96.751269035533, 97.15736040609137, 97.56345177664974, 98.47715736040608, 99.99999999999999]
[85.98984771573605, 92.08121827411168, 96.751269035533, 97.15736040609137, 97.56345177664974, 98.47715736040608, 99.99999999999999]
[85.98984771573605, 92.08121827411168, 96.751269035533, 97.15736040609137, 97.56345177664974, 98.47715736040608, 99.99999999999999]
[85.98984771573605, 92.08121827411168, 96.751269035533, 97.15736040609137, 97.56345177664974, 98.47715736040608, 99.99999999999999]
[85.98984771573605, 92.08121827411168, 96.751269035533, 97.15736040609137, 97.56345177664974, 98.47715736040608, 99.99999999999999]
[85.98984771573605, 92.08121827411168, 96.751269035533, 97.15736040609137, 97.56345177664974, 98.47715736040608, 99.99999999999999]
[85.98984771573605, 92.08121827411168, 96.751269035533, 97.15736040609137, 97.56345177664974, 98.47715736040608, 99.99999999999999]
[85.98984771573605, 92.08121827411168, 96.751269035533, 97.15736040609137, 97.56345177664974, 98.47715736040608, 99.99999999999999]
[85.98984771573605, 92.08121827411168, 96.751269035533, 97.15736040609137, 97.56345177664974, 98.47715736040608, 99.99999999999999]
[85.98984771573605, 92.08121827411168, 96.751269035533, 97.15736040609137, 97.56345177664974, 98.47715736040608, 99.99999999999999]
[85.98984771573605, 92.08121827411168, 96.751269035533, 97.15736040609137, 97.56345177664974, 98.47715736040608, 99.99999999999999]
[85.98984771573605, 92.08121827411168, 96.751269035533, 97.15736040609137, 97.56345177664974, 98.47715736040608, 99.99999999999999]
[85.98984771573605, 92.08121827411168, 96.751269035533, 97.15736040609137, 97.56345177664974, 98.47715736040608, 99.99999999999999]
[85.98984771573605, 92.08121827411168, 96.751269035533, 97.15736040609137, 97.56345177664974, 98.47715736040608, 99.99999999999999]
[85.98984771573605, 92.08121827411168, 96.751269035533, 97.15736040609137, 97.56345177664974, 98.47715736040608, 99.99999999999999]
[85.98984771573605, 92.08121827411168, 96.751269035533, 97.15736040609137, 97.56345177664974, 98.47715736040608, 99.99999999999999]
[85.98984771573605, 92.08121827411168, 96.751269035533, 97.15736040609137, 97.56345177664974, 98.47715736040608, 99.99999999999999]
[85.98984771573605, 92.08121827411168, 96.751269035533, 97.15736040609137, 97.56345177664974, 98.47715736040608, 99.99999999999999]
[85.98984771573605, 92.08121827411168, 96.751269035533, 97.15736040609137, 97.56345177664974, 98.47715736040608, 99.99999999999999]
[85.98984771573605, 92.08121827411168, 96.751269035533, 97.15736040609137, 97.56345177664974, 98.47715736040608, 99.99999999999999]
[85.98984771573605, 92.08121827411168, 96.751269035533, 97.15736040609137, 97.56345177664974, 98.47715736040608, 99.99999999999999]
[94.82233502538071, 97.86802030456853, 98.1725888324873, 98.3756345177665, 98.57868020304569, 98.78172588832489, 98.98477157360408, 99.18781725888327, 100.00000000000003]
[94.82233502538071, 97.86802030456853, 98.1725888324873, 98.3756345177665, 98.57868020304569, 98.78172588832489, 98.98477157360408, 99.18781725888327, 100.00000000000003]
[94.82233502538071, 97.86802030456853, 98.1725888324873, 98.3756345177665, 98.57868020304569, 98.78172588832489, 98.98477157360408, 99.18781725888327, 100.00000000000003]
[94.82233502538071, 97.86802030456853, 98.1725888324873, 98.3756345177665, 98.57868020304569, 98.78172588832489, 98.98477157360408, 99.18781725888327, 100.00000000000003]
[94.82233502538071, 97.86802030456853, 98.1725888324873, 98.3756345177665, 98.57868020304569, 98.78172588832489, 98.98477157360408, 99.18781725888327, 100.00000000000003]
[94.82233502538071, 97.86802030456853, 98.1725888324873, 98.3756345177665, 98.57868020304569, 98.78172588832489, 98.98477157360408, 99.18781725888327, 100.00000000000003]
[94.82233502538071, 97.86802030456853, 98.1725888324873, 98.3756345177665, 98.57868020304569, 98.78172588832489, 98.98477157360408, 99.18781725888327, 100.00000000000003]
[94.82233502538071, 97.86802030456853, 98.1725888324873, 98.3756345177665, 98.57868020304569, 98.78172588832489, 98.98477157360408, 99.18781725888327, 100.00000000000003]
[94.82233502538071, 97.86802030456853, 98.1725888324873, 98.3756345177665, 98.57868020304569, 98.78172588832489, 98.98477157360408, 99.18781725888327, 100.00000000000003]
[94.82233502538071, 97.86802030456853, 98.1725888324873, 98.3756345177665, 98.57868020304569, 98.78172588832489, 98.98477157360408, 99.18781725888327, 100.00000000000003]
[94.82233502538071, 97.86802030456853, 98.1725888324873, 98.3756345177665, 98.57868020304569, 98.78172588832489, 98.98477157360408, 99.18781725888327, 100.00000000000003]
[94.82233502538071, 97.86802030456853, 98.1725888324873, 98.3756345177665, 98.57868020304569, 98.78172588832489, 98.98477157360408, 99.18781725888327, 100.00000000000003]
[94.82233502538071, 97.86802030456853, 98.1725888324873, 98.3756345177665, 98.57868020304569, 98.78172588832489, 98.98477157360408, 99.18781725888327, 100.00000000000003]
[94.82233502538071, 97.86802030456853, 98.1725888324873, 98.3756345177665, 98.57868020304569, 98.78172588832489, 98.98477157360408, 99.18781725888327, 100.00000000000003]
[94.82233502538071, 97.86802030456853, 98.1725888324873, 98.3756345177665, 98.57868020304569, 98.78172588832489, 98.98477157360408, 99.18781725888327, 100.00000000000003]
[94.82233502538071, 97.86802030456853, 98.1725888324873, 98.3756345177665, 98.57868020304569, 98.78172588832489, 98.98477157360408, 99.18781725888327, 100.00000000000003]
[94.82233502538071, 97.86802030456853, 98.1725888324873, 98.3756345177665, 98.57868020304569, 98.78172588832489, 98.98477157360408, 99.18781725888327, 100.00000000000003]
[94.82233502538071, 97.86802030456853, 98.1725888324873, 98.3756345177665, 98.57868020304569, 98.78172588832489, 98.98477157360408, 99.18781725888327, 100.00000000000003]
[94.82233502538071, 97.86802030456853, 98.1725888324873, 98.3756345177665, 98.57868020304569, 98.78172588832489, 98.98477157360408, 99.18781725888327, 100.00000000000003]
[94.82233502538071, 97.86802030456853, 98.1725888324873, 98.3756345177665, 98.57868020304569, 98.78172588832489, 98.98477157360408, 99.18781725888327, 100.00000000000003]
[94.82233502538071, 97.86802030456853, 98.1725888324873, 98.3756345177665, 98.57868020304569, 98.78172588832489, 98.98477157360408, 99.18781725888327, 100.00000000000003]
[94.82233502538071, 97.86802030456853, 98.1725888324873, 98.3756345177665, 98.57868020304569, 98.78172588832489, 98.98477157360408, 99.18781725888327, 100.00000000000003]
[94.82233502538071, 97.86802030456853, 98.1725888324873, 98.3756345177665, 98.57868020304569, 98.78172588832489, 98.98477157360408, 99.18781725888327, 100.00000000000003]
[94.82233502538071, 97.86802030456853, 98.1725888324873, 98.3756345177665, 98.57868020304569, 98.78172588832489, 98.98477157360408, 99.18781725888327, 100.00000000000003]
[94.82233502538071, 97.86802030456853, 98.1725888324873, 98.3756345177665, 98.57868020304569, 98.78172588832489, 98.98477157360408, 99.18781725888327, 100.00000000000003]
[94.82233502538071, 97.86802030456853, 98.1725888324873, 98.3756345177665, 98.57868020304569, 98.78172588832489, 98.98477157360408, 99.18781725888327, 100.00000000000003]
[94.82233502538071, 97.86802030456853, 98.1725888324873, 98.3756345177665, 98.57868020304569, 98.78172588832489, 98.98477157360408, 99.18781725888327, 100.00000000000003]
[94.82233502538071, 97.86802030456853, 98.1725888324873, 98.3756345177665, 98.57868020304569, 98.78172588832489, 98.98477157360408, 99.18781725888327, 100.00000000000003]
[94.82233502538071, 97.86802030456853, 98.1725888324873, 98.3756345177665, 98.57868020304569, 98.78172588832489, 98.98477157360408, 99.18781725888327, 100.00000000000003]
[94.82233502538071, 97.86802030456853, 98.1725888324873, 98.3756345177665, 98.57868020304569, 98.78172588832489, 98.98477157360408, 99.18781725888327, 100.00000000000003]
[94.82233502538071, 97.86802030456853, 98.1725888324873, 98.3756345177665, 98.57868020304569, 98.78172588832489, 98.98477157360408, 99.18781725888327, 100.00000000000003]
[94.82233502538071, 97.86802030456853, 98.1725888324873, 98.3756345177665, 98.57868020304569, 98.78172588832489, 98.98477157360408, 99.18781725888327, 100.00000000000003]
[94.82233502538071, 97.86802030456853, 98.1725888324873, 98.3756345177665, 98.57868020304569, 98.78172588832489, 98.98477157360408, 99.18781725888327, 100.00000000000003]
[94.82233502538071, 97.86802030456853, 98.1725888324873, 98.3756345177665, 98.57868020304569, 98.78172588832489, 98.98477157360408, 99.18781725888327, 100.00000000000003]
[94.82233502538071, 97.86802030456853, 98.1725888324873, 98.3756345177665, 98.57868020304569, 98.78172588832489, 98.98477157360408, 99.18781725888327, 100.00000000000003]
[94.82233502538071, 97.86802030456853, 98.1725888324873, 98.3756345177665, 98.57868020304569, 98.78172588832489, 98.98477157360408, 99.18781725888327, 100.00000000000003]
[94.82233502538071, 97.86802030456853, 98.1725888324873, 98.3756345177665, 98.57868020304569, 98.78172588832489, 98.98477157360408, 99.18781725888327, 100.00000000000003]
[94.82233502538071, 97.86802030456853, 98.1725888324873, 98.3756345177665, 98.57868020304569, 98.78172588832489, 98.98477157360408, 99.18781725888327, 100.00000000000003]
[85.88832487309645, 91.06598984771574, 92.38578680203047, 95.43147208121829, 96.14213197969545, 97.66497461928935, 98.07106598984772, 99.18781725888326, 100.00000000000001]
[85.88832487309645, 91.06598984771574, 92.38578680203047, 95.43147208121829, 96.14213197969545, 97.66497461928935, 98.07106598984772, 99.18781725888326, 100.00000000000001]
[85.88832487309645, 91.06598984771574, 92.38578680203047, 95.43147208121829, 96.14213197969545, 97.66497461928935, 98.07106598984772, 99.18781725888326, 100.00000000000001]
[85.88832487309645, 91.06598984771574, 92.38578680203047, 95.43147208121829, 96.14213197969545, 97.66497461928935, 98.07106598984772, 99.18781725888326, 100.00000000000001]
[85.88832487309645, 91.06598984771574, 92.38578680203047, 95.43147208121829, 96.14213197969545, 97.66497461928935, 98.07106598984772, 99.18781725888326, 100.00000000000001]
[85.88832487309645, 91.06598984771574, 92.38578680203047, 95.43147208121829, 96.14213197969545, 97.66497461928935, 98.07106598984772, 99.18781725888326, 100.00000000000001]
[85.88832487309645, 91.06598984771574, 92.38578680203047, 95.43147208121829, 96.14213197969545, 97.66497461928935, 98.07106598984772, 99.18781725888326, 100.00000000000001]
[85.88832487309645, 91.06598984771574, 92.38578680203047, 95.43147208121829, 96.14213197969545, 97.66497461928935, 98.07106598984772, 99.18781725888326, 100.00000000000001]
[85.88832487309645, 91.06598984771574, 92.38578680203047, 95.43147208121829, 96.14213197969545, 97.66497461928935, 98.07106598984772, 99.18781725888326, 100.00000000000001]
[85.88832487309645, 91.06598984771574, 92.38578680203047, 95.43147208121829, 96.14213197969545, 97.66497461928935, 98.07106598984772, 99.18781725888326, 100.00000000000001]
[85.88832487309645, 91.06598984771574, 92.38578680203047, 95.43147208121829, 96.14213197969545, 97.66497461928935, 98.07106598984772, 99.18781725888326, 100.00000000000001]
[85.88832487309645, 91.06598984771574, 92.38578680203047, 95.43147208121829, 96.14213197969545, 97.66497461928935, 98.07106598984772, 99.18781725888326, 100.00000000000001]
[85.88832487309645, 91.06598984771574, 92.38578680203047, 95.43147208121829, 96.14213197969545, 97.66497461928935, 98.07106598984772, 99.18781725888326, 100.00000000000001]
[85.88832487309645, 91.06598984771574, 92.38578680203047, 95.43147208121829, 96.14213197969545, 97.66497461928935, 98.07106598984772, 99.18781725888326, 100.00000000000001]
[85.88832487309645, 91.06598984771574, 92.38578680203047, 95.43147208121829, 96.14213197969545, 97.66497461928935, 98.07106598984772, 99.18781725888326, 100.00000000000001]
[85.88832487309645, 91.06598984771574, 92.38578680203047, 95.43147208121829, 96.14213197969545, 97.66497461928935, 98.07106598984772, 99.18781725888326, 100.00000000000001]
[85.88832487309645, 91.06598984771574, 92.38578680203047, 95.43147208121829, 96.14213197969545, 97.66497461928935, 98.07106598984772, 99.18781725888326, 100.00000000000001]
[85.88832487309645, 91.06598984771574, 92.38578680203047, 95.43147208121829, 96.14213197969545, 97.66497461928935, 98.07106598984772, 99.18781725888326, 100.00000000000001]
[85.88832487309645, 91.06598984771574, 92.38578680203047, 95.43147208121829, 96.14213197969545, 97.66497461928935, 98.07106598984772, 99.18781725888326, 100.00000000000001]
[85.88832487309645, 91.06598984771574, 92.38578680203047, 95.43147208121829, 96.14213197969545, 97.66497461928935, 98.07106598984772, 99.18781725888326, 100.00000000000001]
[85.88832487309645, 91.06598984771574, 92.38578680203047, 95.43147208121829, 96.14213197969545, 97.66497461928935, 98.07106598984772, 99.18781725888326, 100.00000000000001]
[85.88832487309645, 91.06598984771574, 92.38578680203047, 95.43147208121829, 96.14213197969545, 97.66497461928935, 98.07106598984772, 99.18781725888326, 100.00000000000001]
[85.88832487309645, 91.06598984771574, 92.38578680203047, 95.43147208121829, 96.14213197969545, 97.66497461928935, 98.07106598984772, 99.18781725888326, 100.00000000000001]
[85.88832487309645, 91.06598984771574, 92.38578680203047, 95.43147208121829, 96.14213197969545, 97.66497461928935, 98.07106598984772, 99.18781725888326, 100.00000000000001]
[85.88832487309645, 91.06598984771574, 92.38578680203047, 95.43147208121829, 96.14213197969545, 97.66497461928935, 98.07106598984772, 99.18781725888326, 100.00000000000001]
[85.88832487309645, 91.06598984771574, 92.38578680203047, 95.43147208121829, 96.14213197969545, 97.66497461928935, 98.07106598984772, 99.18781725888326, 100.00000000000001]
[85.88832487309645, 91.06598984771574, 92.38578680203047, 95.43147208121829, 96.14213197969545, 97.66497461928935, 98.07106598984772, 99.18781725888326, 100.00000000000001]
[85.88832487309645, 91.06598984771574, 92.38578680203047, 95.43147208121829, 96.14213197969545, 97.66497461928935, 98.07106598984772, 99.18781725888326, 100.00000000000001]
[85.88832487309645, 91.06598984771574, 92.38578680203047, 95.43147208121829, 96.14213197969545, 97.66497461928935, 98.07106598984772, 99.18781725888326, 100.00000000000001]
[85.88832487309645, 91.06598984771574, 92.38578680203047, 95.43147208121829, 96.14213197969545, 97.66497461928935, 98.07106598984772, 99.18781725888326, 100.00000000000001]
[85.88832487309645, 91.06598984771574, 92.38578680203047, 95.43147208121829, 96.14213197969545, 97.66497461928935, 98.07106598984772, 99.18781725888326, 100.00000000000001]
[85.88832487309645, 91.06598984771574, 92.38578680203047, 95.43147208121829, 96.14213197969545, 97.66497461928935, 98.07106598984772, 99.18781725888326, 100.00000000000001]
[85.88832487309645, 91.06598984771574, 92.38578680203047, 95.43147208121829, 96.14213197969545, 97.66497461928935, 98.07106598984772, 99.18781725888326, 100.00000000000001]
[85.88832487309645, 91.06598984771574, 92.38578680203047, 95.43147208121829, 96.14213197969545, 97.66497461928935, 98.07106598984772, 99.18781725888326, 100.00000000000001]
[85.88832487309645, 91.06598984771574, 92.38578680203047, 95.43147208121829, 96.14213197969545, 97.66497461928935, 98.07106598984772, 99.18781725888326, 100.00000000000001]
[85.88832487309645, 91.06598984771574, 92.38578680203047, 95.43147208121829, 96.14213197969545, 97.66497461928935, 98.07106598984772, 99.18781725888326, 100.00000000000001]
[85.88832487309645, 91.06598984771574, 92.38578680203047, 95.43147208121829, 96.14213197969545, 97.66497461928935, 98.07106598984772, 99.18781725888326, 100.00000000000001]
[85.88832487309645, 91.06598984771574, 92.38578680203047, 95.43147208121829, 96.14213197969545, 97.66497461928935, 98.07106598984772, 99.18781725888326, 100.00000000000001]
[85.88832487309645, 91.06598984771574, 92.38578680203047, 95.43147208121829, 96.14213197969545, 97.66497461928935, 98.07106598984772, 99.18781725888326, 100.00000000000001]
[85.88832487309645, 91.06598984771574, 92.38578680203047, 95.43147208121829, 96.14213197969545, 97.66497461928935, 98.07106598984772, 99.18781725888326, 100.00000000000001]
[89.23857868020305, 93.4010152284264, 96.5482233502538, 98.2741116751269, 98.4771573604061, 98.68020304568529, 98.88324873096448, 99.08629441624367, 99.28934010152287, 100.00000000000003]
[89.23857868020305, 93.4010152284264, 96.5482233502538, 98.2741116751269, 98.4771573604061, 98.68020304568529, 98.88324873096448, 99.08629441624367, 99.28934010152287, 100.00000000000003]
[89.23857868020305, 93.4010152284264, 96.5482233502538, 98.2741116751269, 98.4771573604061, 98.68020304568529, 98.88324873096448, 99.08629441624367, 99.28934010152287, 100.00000000000003]
[89.23857868020305, 93.4010152284264, 96.5482233502538, 98.2741116751269, 98.4771573604061, 98.68020304568529, 98.88324873096448, 99.08629441624367, 99.28934010152287, 100.00000000000003]
[89.23857868020305, 93.4010152284264, 96.5482233502538, 98.2741116751269, 98.4771573604061, 98.68020304568529, 98.88324873096448, 99.08629441624367, 99.28934010152287, 100.00000000000003]
[89.23857868020305, 93.4010152284264, 96.5482233502538, 98.2741116751269, 98.4771573604061, 98.68020304568529, 98.88324873096448, 99.08629441624367, 99.28934010152287, 100.00000000000003]
[89.23857868020305, 93.4010152284264, 96.5482233502538, 98.2741116751269, 98.4771573604061, 98.68020304568529, 98.88324873096448, 99.08629441624367, 99.28934010152287, 100.00000000000003]
[89.23857868020305, 93.4010152284264, 96.5482233502538, 98.2741116751269, 98.4771573604061, 98.68020304568529, 98.88324873096448, 99.08629441624367, 99.28934010152287, 100.00000000000003]
[89.23857868020305, 93.4010152284264, 96.5482233502538, 98.2741116751269, 98.4771573604061, 98.68020304568529, 98.88324873096448, 99.08629441624367, 99.28934010152287, 100.00000000000003]
[89.23857868020305, 93.4010152284264, 96.5482233502538, 98.2741116751269, 98.4771573604061, 98.68020304568529, 98.88324873096448, 99.08629441624367, 99.28934010152287, 100.00000000000003]
[89.23857868020305, 93.4010152284264, 96.5482233502538, 98.2741116751269, 98.4771573604061, 98.68020304568529, 98.88324873096448, 99.08629441624367, 99.28934010152287, 100.00000000000003]
[89.23857868020305, 93.4010152284264, 96.5482233502538, 98.2741116751269, 98.4771573604061, 98.68020304568529, 98.88324873096448, 99.08629441624367, 99.28934010152287, 100.00000000000003]
[89.23857868020305, 93.4010152284264, 96.5482233502538, 98.2741116751269, 98.4771573604061, 98.68020304568529, 98.88324873096448, 99.08629441624367, 99.28934010152287, 100.00000000000003]
[89.23857868020305, 93.4010152284264, 96.5482233502538, 98.2741116751269, 98.4771573604061, 98.68020304568529, 98.88324873096448, 99.08629441624367, 99.28934010152287, 100.00000000000003]
[89.23857868020305, 93.4010152284264, 96.5482233502538, 98.2741116751269, 98.4771573604061, 98.68020304568529, 98.88324873096448, 99.08629441624367, 99.28934010152287, 100.00000000000003]
[89.23857868020305, 93.4010152284264, 96.5482233502538, 98.2741116751269, 98.4771573604061, 98.68020304568529, 98.88324873096448, 99.08629441624367, 99.28934010152287, 100.00000000000003]
[89.23857868020305, 93.4010152284264, 96.5482233502538, 98.2741116751269, 98.4771573604061, 98.68020304568529, 98.88324873096448, 99.08629441624367, 99.28934010152287, 100.00000000000003]
[89.23857868020305, 93.4010152284264, 96.5482233502538, 98.2741116751269, 98.4771573604061, 98.68020304568529, 98.88324873096448, 99.08629441624367, 99.28934010152287, 100.00000000000003]
[89.23857868020305, 93.4010152284264, 96.5482233502538, 98.2741116751269, 98.4771573604061, 98.68020304568529, 98.88324873096448, 99.08629441624367, 99.28934010152287, 100.00000000000003]
[89.23857868020305, 93.4010152284264, 96.5482233502538, 98.2741116751269, 98.4771573604061, 98.68020304568529, 98.88324873096448, 99.08629441624367, 99.28934010152287, 100.00000000000003]
[89.23857868020305, 93.4010152284264, 96.5482233502538, 98.2741116751269, 98.4771573604061, 98.68020304568529, 98.88324873096448, 99.08629441624367, 99.28934010152287, 100.00000000000003]
[89.23857868020305, 93.4010152284264, 96.5482233502538, 98.2741116751269, 98.4771573604061, 98.68020304568529, 98.88324873096448, 99.08629441624367, 99.28934010152287, 100.00000000000003]
[89.23857868020305, 93.4010152284264, 96.5482233502538, 98.2741116751269, 98.4771573604061, 98.68020304568529, 98.88324873096448, 99.08629441624367, 99.28934010152287, 100.00000000000003]
[89.23857868020305, 93.4010152284264, 96.5482233502538, 98.2741116751269, 98.4771573604061, 98.68020304568529, 98.88324873096448, 99.08629441624367, 99.28934010152287, 100.00000000000003]
[89.23857868020305, 93.4010152284264, 96.5482233502538, 98.2741116751269, 98.4771573604061, 98.68020304568529, 98.88324873096448, 99.08629441624367, 99.28934010152287, 100.00000000000003]
[89.23857868020305, 93.4010152284264, 96.5482233502538, 98.2741116751269, 98.4771573604061, 98.68020304568529, 98.88324873096448, 99.08629441624367, 99.28934010152287, 100.00000000000003]
[89.23857868020305, 93.4010152284264, 96.5482233502538, 98.2741116751269, 98.4771573604061, 98.68020304568529, 98.88324873096448, 99.08629441624367, 99.28934010152287, 100.00000000000003]
[89.23857868020305, 93.4010152284264, 96.5482233502538, 98.2741116751269, 98.4771573604061, 98.68020304568529, 98.88324873096448, 99.08629441624367, 99.28934010152287, 100.00000000000003]
[89.23857868020305, 93.4010152284264, 96.5482233502538, 98.2741116751269, 98.4771573604061, 98.68020304568529, 98.88324873096448, 99.08629441624367, 99.28934010152287, 100.00000000000003]
[89.23857868020305, 93.4010152284264, 96.5482233502538, 98.2741116751269, 98.4771573604061, 98.68020304568529, 98.88324873096448, 99.08629441624367, 99.28934010152287, 100.00000000000003]
[89.23857868020305, 93.4010152284264, 96.5482233502538, 98.2741116751269, 98.4771573604061, 98.68020304568529, 98.88324873096448, 99.08629441624367, 99.28934010152287, 100.00000000000003]
[89.23857868020305, 93.4010152284264, 96.5482233502538, 98.2741116751269, 98.4771573604061, 98.68020304568529, 98.88324873096448, 99.08629441624367, 99.28934010152287, 100.00000000000003]
[89.23857868020305, 93.4010152284264, 96.5482233502538, 98.2741116751269, 98.4771573604061, 98.68020304568529, 98.88324873096448, 99.08629441624367, 99.28934010152287, 100.00000000000003]
[89.23857868020305, 93.4010152284264, 96.5482233502538, 98.2741116751269, 98.4771573604061, 98.68020304568529, 98.88324873096448, 99.08629441624367, 99.28934010152287, 100.00000000000003]
[89.23857868020305, 93.4010152284264, 96.5482233502538, 98.2741116751269, 98.4771573604061, 98.68020304568529, 98.88324873096448, 99.08629441624367, 99.28934010152287, 100.00000000000003]
[89.23857868020305, 93.4010152284264, 96.5482233502538, 98.2741116751269, 98.4771573604061, 98.68020304568529, 98.88324873096448, 99.08629441624367, 99.28934010152287, 100.00000000000003]
[89.23857868020305, 93.4010152284264, 96.5482233502538, 98.2741116751269, 98.4771573604061, 98.68020304568529, 98.88324873096448, 99.08629441624367, 99.28934010152287, 100.00000000000003]
[89.23857868020305, 93.4010152284264, 96.5482233502538, 98.2741116751269, 98.4771573604061, 98.68020304568529, 98.88324873096448, 99.08629441624367, 99.28934010152287, 100.00000000000003]
[89.23857868020305, 93.4010152284264, 96.5482233502538, 98.2741116751269, 98.4771573604061, 98.68020304568529, 98.88324873096448, 99.08629441624367, 99.28934010152287, 100.00000000000003]
[89.23857868020305, 93.4010152284264, 96.5482233502538, 98.2741116751269, 98.4771573604061, 98.68020304568529, 98.88324873096448, 99.08629441624367, 99.28934010152287, 100.00000000000003]
[89.23857868020305, 93.4010152284264, 96.5482233502538, 98.2741116751269, 98.4771573604061, 98.68020304568529, 98.88324873096448, 99.08629441624367, 99.28934010152287, 100.00000000000003]
[89.23857868020305, 93.4010152284264, 96.5482233502538, 98.2741116751269, 98.4771573604061, 98.68020304568529, 98.88324873096448, 99.08629441624367, 99.28934010152287, 100.00000000000003]
[89.44162436548223, 94.61928934010152, 95.43147208121827, 96.04060913705584, 97.56345177664974, 98.88324873096447, 99.08629441624366, 100.0]
[89.44162436548223, 94.61928934010152, 95.43147208121827, 96.04060913705584, 97.56345177664974, 98.88324873096447, 99.08629441624366, 100.0]
[89.44162436548223, 94.61928934010152, 95.43147208121827, 96.04060913705584, 97.56345177664974, 98.88324873096447, 99.08629441624366, 100.0]
[89.44162436548223, 94.61928934010152, 95.43147208121827, 96.04060913705584, 97.56345177664974, 98.88324873096447, 99.08629441624366, 100.0]
[89.44162436548223, 94.61928934010152, 95.43147208121827, 96.04060913705584, 97.56345177664974, 98.88324873096447, 99.08629441624366, 100.0]
[89.44162436548223, 94.61928934010152, 95.43147208121827, 96.04060913705584, 97.56345177664974, 98.88324873096447, 99.08629441624366, 100.0]
[89.44162436548223, 94.61928934010152, 95.43147208121827, 96.04060913705584, 97.56345177664974, 98.88324873096447, 99.08629441624366, 100.0]
[89.44162436548223, 94.61928934010152, 95.43147208121827, 96.04060913705584, 97.56345177664974, 98.88324873096447, 99.08629441624366, 100.0]
[89.44162436548223, 94.61928934010152, 95.43147208121827, 96.04060913705584, 97.56345177664974, 98.88324873096447, 99.08629441624366, 100.0]
[89.44162436548223, 94.61928934010152, 95.43147208121827, 96.04060913705584, 97.56345177664974, 98.88324873096447, 99.08629441624366, 100.0]
[89.44162436548223, 94.61928934010152, 95.43147208121827, 96.04060913705584, 97.56345177664974, 98.88324873096447, 99.08629441624366, 100.0]
[89.44162436548223, 94.61928934010152, 95.43147208121827, 96.04060913705584, 97.56345177664974, 98.88324873096447, 99.08629441624366, 100.0]
[89.44162436548223, 94.61928934010152, 95.43147208121827, 96.04060913705584, 97.56345177664974, 98.88324873096447, 99.08629441624366, 100.0]
[89.44162436548223, 94.61928934010152, 95.43147208121827, 96.04060913705584, 97.56345177664974, 98.88324873096447, 99.08629441624366, 100.0]
[89.44162436548223, 94.61928934010152, 95.43147208121827, 96.04060913705584, 97.56345177664974, 98.88324873096447, 99.08629441624366, 100.0]
[89.44162436548223, 94.61928934010152, 95.43147208121827, 96.04060913705584, 97.56345177664974, 98.88324873096447, 99.08629441624366, 100.0]
[89.44162436548223, 94.61928934010152, 95.43147208121827, 96.04060913705584, 97.56345177664974, 98.88324873096447, 99.08629441624366, 100.0]
[89.44162436548223, 94.61928934010152, 95.43147208121827, 96.04060913705584, 97.56345177664974, 98.88324873096447, 99.08629441624366, 100.0]
[89.44162436548223, 94.61928934010152, 95.43147208121827, 96.04060913705584, 97.56345177664974, 98.88324873096447, 99.08629441624366, 100.0]
[89.44162436548223, 94.61928934010152, 95.43147208121827, 96.04060913705584, 97.56345177664974, 98.88324873096447, 99.08629441624366, 100.0]
[89.44162436548223, 94.61928934010152, 95.43147208121827, 96.04060913705584, 97.56345177664974, 98.88324873096447, 99.08629441624366, 100.0]
[89.44162436548223, 94.61928934010152, 95.43147208121827, 96.04060913705584, 97.56345177664974, 98.88324873096447, 99.08629441624366, 100.0]
[89.44162436548223, 94.61928934010152, 95.43147208121827, 96.04060913705584, 97.56345177664974, 98.88324873096447, 99.08629441624366, 100.0]
[89.44162436548223, 94.61928934010152, 95.43147208121827, 96.04060913705584, 97.56345177664974, 98.88324873096447, 99.08629441624366, 100.0]
[89.44162436548223, 94.61928934010152, 95.43147208121827, 96.04060913705584, 97.56345177664974, 98.88324873096447, 99.08629441624366, 100.0]
[89.44162436548223, 94.61928934010152, 95.43147208121827, 96.04060913705584, 97.56345177664974, 98.88324873096447, 99.08629441624366, 100.0]
[89.44162436548223, 94.61928934010152, 95.43147208121827, 96.04060913705584, 97.56345177664974, 98.88324873096447, 99.08629441624366, 100.0]
[89.44162436548223, 94.61928934010152, 95.43147208121827, 96.04060913705584, 97.56345177664974, 98.88324873096447, 99.08629441624366, 100.0]
[89.44162436548223, 94.61928934010152, 95.43147208121827, 96.04060913705584, 97.56345177664974, 98.88324873096447, 99.08629441624366, 100.0]
[89.44162436548223, 94.61928934010152, 95.43147208121827, 96.04060913705584, 97.56345177664974, 98.88324873096447, 99.08629441624366, 100.0]
[89.44162436548223, 94.61928934010152, 95.43147208121827, 96.04060913705584, 97.56345177664974, 98.88324873096447, 99.08629441624366, 100.0]
[89.44162436548223, 94.61928934010152, 95.43147208121827, 96.04060913705584, 97.56345177664974, 98.88324873096447, 99.08629441624366, 100.0]
[89.44162436548223, 94.61928934010152, 95.43147208121827, 96.04060913705584, 97.56345177664974, 98.88324873096447, 99.08629441624366, 100.0]
[89.44162436548223, 94.61928934010152, 95.43147208121827, 96.04060913705584, 97.56345177664974, 98.88324873096447, 99.08629441624366, 100.0]
[89.44162436548223, 94.61928934010152, 95.43147208121827, 96.04060913705584, 97.56345177664974, 98.88324873096447, 99.08629441624366, 100.0]
[89.44162436548223, 94.61928934010152, 95.43147208121827, 96.04060913705584, 97.56345177664974, 98.88324873096447, 99.08629441624366, 100.0]
[89.44162436548223, 94.61928934010152, 95.43147208121827, 96.04060913705584, 97.56345177664974, 98.88324873096447, 99.08629441624366, 100.0]
[89.44162436548223, 94.61928934010152, 95.43147208121827, 96.04060913705584, 97.56345177664974, 98.88324873096447, 99.08629441624366, 100.0]
[89.44162436548223, 94.61928934010152, 95.43147208121827, 96.04060913705584, 97.56345177664974, 98.88324873096447, 99.08629441624366, 100.0]
[89.44162436548223, 94.61928934010152, 95.43147208121827, 96.04060913705584, 97.56345177664974, 98.88324873096447, 99.08629441624366, 100.0]
[89.44162436548223, 94.61928934010152, 95.43147208121827, 96.04060913705584, 97.56345177664974, 98.88324873096447, 99.08629441624366, 100.0]
[89.44162436548223, 94.61928934010152, 95.43147208121827, 96.04060913705584, 97.56345177664974, 98.88324873096447, 99.08629441624366, 100.0]
[89.44162436548223, 94.61928934010152, 95.43147208121827, 96.04060913705584, 97.56345177664974, 98.88324873096447, 99.08629441624366, 100.0]
[86.19289340101523, 91.77664974619289, 95.22842639593908, 96.95431472081218, 97.36040609137055, 97.76649746192892, 98.17258883248729, 99.99999999999999]
[86.19289340101523, 91.77664974619289, 95.22842639593908, 96.95431472081218, 97.36040609137055, 97.76649746192892, 98.17258883248729, 99.99999999999999]
[86.19289340101523, 91.77664974619289, 95.22842639593908, 96.95431472081218, 97.36040609137055, 97.76649746192892, 98.17258883248729, 99.99999999999999]
[86.19289340101523, 91.77664974619289, 95.22842639593908, 96.95431472081218, 97.36040609137055, 97.76649746192892, 98.17258883248729, 99.99999999999999]
[86.19289340101523, 91.77664974619289, 95.22842639593908, 96.95431472081218, 97.36040609137055, 97.76649746192892, 98.17258883248729, 99.99999999999999]
[86.19289340101523, 91.77664974619289, 95.22842639593908, 96.95431472081218, 97.36040609137055, 97.76649746192892, 98.17258883248729, 99.99999999999999]
[86.19289340101523, 91.77664974619289, 95.22842639593908, 96.95431472081218, 97.36040609137055, 97.76649746192892, 98.17258883248729, 99.99999999999999]
[86.19289340101523, 91.77664974619289, 95.22842639593908, 96.95431472081218, 97.36040609137055, 97.76649746192892, 98.17258883248729, 99.99999999999999]
[86.19289340101523, 91.77664974619289, 95.22842639593908, 96.95431472081218, 97.36040609137055, 97.76649746192892, 98.17258883248729, 99.99999999999999]
[86.19289340101523, 91.77664974619289, 95.22842639593908, 96.95431472081218, 97.36040609137055, 97.76649746192892, 98.17258883248729, 99.99999999999999]
[86.19289340101523, 91.77664974619289, 95.22842639593908, 96.95431472081218, 97.36040609137055, 97.76649746192892, 98.17258883248729, 99.99999999999999]
[86.19289340101523, 91.77664974619289, 95.22842639593908, 96.95431472081218, 97.36040609137055, 97.76649746192892, 98.17258883248729, 99.99999999999999]
[86.19289340101523, 91.77664974619289, 95.22842639593908, 96.95431472081218, 97.36040609137055, 97.76649746192892, 98.17258883248729, 99.99999999999999]
[86.19289340101523, 91.77664974619289, 95.22842639593908, 96.95431472081218, 97.36040609137055, 97.76649746192892, 98.17258883248729, 99.99999999999999]
[86.19289340101523, 91.77664974619289, 95.22842639593908, 96.95431472081218, 97.36040609137055, 97.76649746192892, 98.17258883248729, 99.99999999999999]
[86.19289340101523, 91.77664974619289, 95.22842639593908, 96.95431472081218, 97.36040609137055, 97.76649746192892, 98.17258883248729, 99.99999999999999]
[86.19289340101523, 91.77664974619289, 95.22842639593908, 96.95431472081218, 97.36040609137055, 97.76649746192892, 98.17258883248729, 99.99999999999999]
[86.19289340101523, 91.77664974619289, 95.22842639593908, 96.95431472081218, 97.36040609137055, 97.76649746192892, 98.17258883248729, 99.99999999999999]
[86.19289340101523, 91.77664974619289, 95.22842639593908, 96.95431472081218, 97.36040609137055, 97.76649746192892, 98.17258883248729, 99.99999999999999]
[86.19289340101523, 91.77664974619289, 95.22842639593908, 96.95431472081218, 97.36040609137055, 97.76649746192892, 98.17258883248729, 99.99999999999999]
[86.19289340101523, 91.77664974619289, 95.22842639593908, 96.95431472081218, 97.36040609137055, 97.76649746192892, 98.17258883248729, 99.99999999999999]
[86.19289340101523, 91.77664974619289, 95.22842639593908, 96.95431472081218, 97.36040609137055, 97.76649746192892, 98.17258883248729, 99.99999999999999]
[86.19289340101523, 91.77664974619289, 95.22842639593908, 96.95431472081218, 97.36040609137055, 97.76649746192892, 98.17258883248729, 99.99999999999999]
[86.19289340101523, 91.77664974619289, 95.22842639593908, 96.95431472081218, 97.36040609137055, 97.76649746192892, 98.17258883248729, 99.99999999999999]
[86.19289340101523, 91.77664974619289, 95.22842639593908, 96.95431472081218, 97.36040609137055, 97.76649746192892, 98.17258883248729, 99.99999999999999]
[86.19289340101523, 91.77664974619289, 95.22842639593908, 96.95431472081218, 97.36040609137055, 97.76649746192892, 98.17258883248729, 99.99999999999999]
[86.19289340101523, 91.77664974619289, 95.22842639593908, 96.95431472081218, 97.36040609137055, 97.76649746192892, 98.17258883248729, 99.99999999999999]
[86.19289340101523, 91.77664974619289, 95.22842639593908, 96.95431472081218, 97.36040609137055, 97.76649746192892, 98.17258883248729, 99.99999999999999]
[86.19289340101523, 91.77664974619289, 95.22842639593908, 96.95431472081218, 97.36040609137055, 97.76649746192892, 98.17258883248729, 99.99999999999999]
[86.19289340101523, 91.77664974619289, 95.22842639593908, 96.95431472081218, 97.36040609137055, 97.76649746192892, 98.17258883248729, 99.99999999999999]
[86.19289340101523, 91.77664974619289, 95.22842639593908, 96.95431472081218, 97.36040609137055, 97.76649746192892, 98.17258883248729, 99.99999999999999]
[86.19289340101523, 91.77664974619289, 95.22842639593908, 96.95431472081218, 97.36040609137055, 97.76649746192892, 98.17258883248729, 99.99999999999999]
[86.19289340101523, 91.77664974619289, 95.22842639593908, 96.95431472081218, 97.36040609137055, 97.76649746192892, 98.17258883248729, 99.99999999999999]
[86.19289340101523, 91.77664974619289, 95.22842639593908, 96.95431472081218, 97.36040609137055, 97.76649746192892, 98.17258883248729, 99.99999999999999]
[86.19289340101523, 91.77664974619289, 95.22842639593908, 96.95431472081218, 97.36040609137055, 97.76649746192892, 98.17258883248729, 99.99999999999999]
[86.19289340101523, 91.77664974619289, 95.22842639593908, 96.95431472081218, 97.36040609137055, 97.76649746192892, 98.17258883248729, 99.99999999999999]
[86.19289340101523, 91.77664974619289, 95.22842639593908, 96.95431472081218, 97.36040609137055, 97.76649746192892, 98.17258883248729, 99.99999999999999]
[86.19289340101523, 91.77664974619289, 95.22842639593908, 96.95431472081218, 97.36040609137055, 97.76649746192892, 98.17258883248729, 99.99999999999999]
[86.19289340101523, 91.77664974619289, 95.22842639593908, 96.95431472081218, 97.36040609137055, 97.76649746192892, 98.17258883248729, 99.99999999999999]
[86.19289340101523, 91.77664974619289, 95.22842639593908, 96.95431472081218, 97.36040609137055, 97.76649746192892, 98.17258883248729, 99.99999999999999]
[86.19289340101523, 91.77664974619289, 95.22842639593908, 96.95431472081218, 97.36040609137055, 97.76649746192892, 98.17258883248729, 99.99999999999999]
[86.19289340101523, 91.77664974619289, 95.22842639593908, 96.95431472081218, 97.36040609137055, 97.76649746192892, 98.17258883248729, 99.99999999999999]
[86.19289340101523, 91.77664974619289, 95.22842639593908, 96.95431472081218, 97.36040609137055, 97.76649746192892, 98.17258883248729, 99.99999999999999]
[86.19289340101523, 91.77664974619289, 95.22842639593908, 96.95431472081218, 97.36040609137055, 97.76649746192892, 98.17258883248729, 99.99999999999999]
[86.19289340101523, 91.77664974619289, 95.22842639593908, 96.95431472081218, 97.36040609137055, 97.76649746192892, 98.17258883248729, 99.99999999999999]
[86.19289340101523, 91.77664974619289, 95.22842639593908, 96.95431472081218, 97.36040609137055, 97.76649746192892, 98.17258883248729, 99.99999999999999]
[86.19289340101523, 91.77664974619289, 95.22842639593908, 96.95431472081218, 97.36040609137055, 97.76649746192892, 98.17258883248729, 99.99999999999999]
[86.19289340101523, 91.77664974619289, 95.22842639593908, 96.95431472081218, 97.36040609137055, 97.76649746192892, 98.17258883248729, 99.99999999999999]
[94.72081218274113, 95.32994923857869, 98.37563451776651, 98.5786802030457, 98.7817258883249, 98.98477157360409, 100.00000000000003]
[94.72081218274113, 95.32994923857869, 98.37563451776651, 98.5786802030457, 98.7817258883249, 98.98477157360409, 100.00000000000003]
[94.72081218274113, 95.32994923857869, 98.37563451776651, 98.5786802030457, 98.7817258883249, 98.98477157360409, 100.00000000000003]
[94.72081218274113, 95.32994923857869, 98.37563451776651, 98.5786802030457, 98.7817258883249, 98.98477157360409, 100.00000000000003]
[94.72081218274113, 95.32994923857869, 98.37563451776651, 98.5786802030457, 98.7817258883249, 98.98477157360409, 100.00000000000003]
[94.72081218274113, 95.32994923857869, 98.37563451776651, 98.5786802030457, 98.7817258883249, 98.98477157360409, 100.00000000000003]
[94.72081218274113, 95.32994923857869, 98.37563451776651, 98.5786802030457, 98.7817258883249, 98.98477157360409, 100.00000000000003]
[94.72081218274113, 95.32994923857869, 98.37563451776651, 98.5786802030457, 98.7817258883249, 98.98477157360409, 100.00000000000003]
[94.72081218274113, 95.32994923857869, 98.37563451776651, 98.5786802030457, 98.7817258883249, 98.98477157360409, 100.00000000000003]
[94.72081218274113, 95.32994923857869, 98.37563451776651, 98.5786802030457, 98.7817258883249, 98.98477157360409, 100.00000000000003]
[94.72081218274113, 95.32994923857869, 98.37563451776651, 98.5786802030457, 98.7817258883249, 98.98477157360409, 100.00000000000003]
[94.72081218274113, 95.32994923857869, 98.37563451776651, 98.5786802030457, 98.7817258883249, 98.98477157360409, 100.00000000000003]
[94.72081218274113, 95.32994923857869, 98.37563451776651, 98.5786802030457, 98.7817258883249, 98.98477157360409, 100.00000000000003]
[94.72081218274113, 95.32994923857869, 98.37563451776651, 98.5786802030457, 98.7817258883249, 98.98477157360409, 100.00000000000003]
[94.72081218274113, 95.32994923857869, 98.37563451776651, 98.5786802030457, 98.7817258883249, 98.98477157360409, 100.00000000000003]
[94.72081218274113, 95.32994923857869, 98.37563451776651, 98.5786802030457, 98.7817258883249, 98.98477157360409, 100.00000000000003]
[94.72081218274113, 95.32994923857869, 98.37563451776651, 98.5786802030457, 98.7817258883249, 98.98477157360409, 100.00000000000003]
[94.72081218274113, 95.32994923857869, 98.37563451776651, 98.5786802030457, 98.7817258883249, 98.98477157360409, 100.00000000000003]
[94.72081218274113, 95.32994923857869, 98.37563451776651, 98.5786802030457, 98.7817258883249, 98.98477157360409, 100.00000000000003]
[94.72081218274113, 95.32994923857869, 98.37563451776651, 98.5786802030457, 98.7817258883249, 98.98477157360409, 100.00000000000003]
[94.72081218274113, 95.32994923857869, 98.37563451776651, 98.5786802030457, 98.7817258883249, 98.98477157360409, 100.00000000000003]
[94.72081218274113, 95.32994923857869, 98.37563451776651, 98.5786802030457, 98.7817258883249, 98.98477157360409, 100.00000000000003]
[94.72081218274113, 95.32994923857869, 98.37563451776651, 98.5786802030457, 98.7817258883249, 98.98477157360409, 100.00000000000003]
[94.72081218274113, 95.32994923857869, 98.37563451776651, 98.5786802030457, 98.7817258883249, 98.98477157360409, 100.00000000000003]
[94.72081218274113, 95.32994923857869, 98.37563451776651, 98.5786802030457, 98.7817258883249, 98.98477157360409, 100.00000000000003]
[94.72081218274113, 95.32994923857869, 98.37563451776651, 98.5786802030457, 98.7817258883249, 98.98477157360409, 100.00000000000003]
[94.72081218274113, 95.32994923857869, 98.37563451776651, 98.5786802030457, 98.7817258883249, 98.98477157360409, 100.00000000000003]
[94.72081218274113, 95.32994923857869, 98.37563451776651, 98.5786802030457, 98.7817258883249, 98.98477157360409, 100.00000000000003]
[94.72081218274113, 95.32994923857869, 98.37563451776651, 98.5786802030457, 98.7817258883249, 98.98477157360409, 100.00000000000003]
[94.72081218274113, 95.32994923857869, 98.37563451776651, 98.5786802030457, 98.7817258883249, 98.98477157360409, 100.00000000000003]
[94.72081218274113, 95.32994923857869, 98.37563451776651, 98.5786802030457, 98.7817258883249, 98.98477157360409, 100.00000000000003]
[94.72081218274113, 95.32994923857869, 98.37563451776651, 98.5786802030457, 98.7817258883249, 98.98477157360409, 100.00000000000003]
[94.72081218274113, 95.32994923857869, 98.37563451776651, 98.5786802030457, 98.7817258883249, 98.98477157360409, 100.00000000000003]
[94.72081218274113, 95.32994923857869, 98.37563451776651, 98.5786802030457, 98.7817258883249, 98.98477157360409, 100.00000000000003]
[94.72081218274113, 95.32994923857869, 98.37563451776651, 98.5786802030457, 98.7817258883249, 98.98477157360409, 100.00000000000003]
[94.72081218274113, 95.32994923857869, 98.37563451776651, 98.5786802030457, 98.7817258883249, 98.98477157360409, 100.00000000000003]
[94.72081218274113, 95.32994923857869, 98.37563451776651, 98.5786802030457, 98.7817258883249, 98.98477157360409, 100.00000000000003]
[94.72081218274113, 95.32994923857869, 98.37563451776651, 98.5786802030457, 98.7817258883249, 98.98477157360409, 100.00000000000003]
[94.72081218274113, 95.32994923857869, 98.37563451776651, 98.5786802030457, 98.7817258883249, 98.98477157360409, 100.00000000000003]
[94.72081218274113, 95.32994923857869, 98.37563451776651, 98.5786802030457, 98.7817258883249, 98.98477157360409, 100.00000000000003]
[94.72081218274113, 95.32994923857869, 98.37563451776651, 98.5786802030457, 98.7817258883249, 98.98477157360409, 100.00000000000003]
[94.72081218274113, 95.32994923857869, 98.37563451776651, 98.5786802030457, 98.7817258883249, 98.98477157360409, 100.00000000000003]
[94.72081218274113, 95.32994923857869, 98.37563451776651, 98.5786802030457, 98.7817258883249, 98.98477157360409, 100.00000000000003]
[94.72081218274113, 95.32994923857869, 98.37563451776651, 98.5786802030457, 98.7817258883249, 98.98477157360409, 100.00000000000003]
[94.72081218274113, 95.32994923857869, 98.37563451776651, 98.5786802030457, 98.7817258883249, 98.98477157360409, 100.00000000000003]
[94.72081218274113, 95.32994923857869, 98.37563451776651, 98.5786802030457, 98.7817258883249, 98.98477157360409, 100.00000000000003]
[94.72081218274113, 95.32994923857869, 98.37563451776651, 98.5786802030457, 98.7817258883249, 98.98477157360409, 100.00000000000003]
[94.72081218274113, 95.32994923857869, 98.37563451776651, 98.5786802030457, 98.7817258883249, 98.98477157360409, 100.00000000000003]
[94.72081218274113, 95.32994923857869, 98.37563451776651, 98.5786802030457, 98.7817258883249, 98.98477157360409, 100.00000000000003]
[90.35532994923858, 92.38578680203045, 96.95431472081218, 98.47715736040608, 98.68020304568527, 98.88324873096447, 99.08629441624366, 100.0]
[90.35532994923858, 92.38578680203045, 96.95431472081218, 98.47715736040608, 98.68020304568527, 98.88324873096447, 99.08629441624366, 100.0]
[90.35532994923858, 92.38578680203045, 96.95431472081218, 98.47715736040608, 98.68020304568527, 98.88324873096447, 99.08629441624366, 100.0]
[90.35532994923858, 92.38578680203045, 96.95431472081218, 98.47715736040608, 98.68020304568527, 98.88324873096447, 99.08629441624366, 100.0]
[90.35532994923858, 92.38578680203045, 96.95431472081218, 98.47715736040608, 98.68020304568527, 98.88324873096447, 99.08629441624366, 100.0]
[90.35532994923858, 92.38578680203045, 96.95431472081218, 98.47715736040608, 98.68020304568527, 98.88324873096447, 99.08629441624366, 100.0]
[90.35532994923858, 92.38578680203045, 96.95431472081218, 98.47715736040608, 98.68020304568527, 98.88324873096447, 99.08629441624366, 100.0]
[90.35532994923858, 92.38578680203045, 96.95431472081218, 98.47715736040608, 98.68020304568527, 98.88324873096447, 99.08629441624366, 100.0]
[90.35532994923858, 92.38578680203045, 96.95431472081218, 98.47715736040608, 98.68020304568527, 98.88324873096447, 99.08629441624366, 100.0]
[90.35532994923858, 92.38578680203045, 96.95431472081218, 98.47715736040608, 98.68020304568527, 98.88324873096447, 99.08629441624366, 100.0]
[90.35532994923858, 92.38578680203045, 96.95431472081218, 98.47715736040608, 98.68020304568527, 98.88324873096447, 99.08629441624366, 100.0]
[90.35532994923858, 92.38578680203045, 96.95431472081218, 98.47715736040608, 98.68020304568527, 98.88324873096447, 99.08629441624366, 100.0]
[90.35532994923858, 92.38578680203045, 96.95431472081218, 98.47715736040608, 98.68020304568527, 98.88324873096447, 99.08629441624366, 100.0]
[90.35532994923858, 92.38578680203045, 96.95431472081218, 98.47715736040608, 98.68020304568527, 98.88324873096447, 99.08629441624366, 100.0]
[90.35532994923858, 92.38578680203045, 96.95431472081218, 98.47715736040608, 98.68020304568527, 98.88324873096447, 99.08629441624366, 100.0]
[90.35532994923858, 92.38578680203045, 96.95431472081218, 98.47715736040608, 98.68020304568527, 98.88324873096447, 99.08629441624366, 100.0]
[90.35532994923858, 92.38578680203045, 96.95431472081218, 98.47715736040608, 98.68020304568527, 98.88324873096447, 99.08629441624366, 100.0]
[90.35532994923858, 92.38578680203045, 96.95431472081218, 98.47715736040608, 98.68020304568527, 98.88324873096447, 99.08629441624366, 100.0]
[90.35532994923858, 92.38578680203045, 96.95431472081218, 98.47715736040608, 98.68020304568527, 98.88324873096447, 99.08629441624366, 100.0]
[90.35532994923858, 92.38578680203045, 96.95431472081218, 98.47715736040608, 98.68020304568527, 98.88324873096447, 99.08629441624366, 100.0]
[90.35532994923858, 92.38578680203045, 96.95431472081218, 98.47715736040608, 98.68020304568527, 98.88324873096447, 99.08629441624366, 100.0]
[90.35532994923858, 92.38578680203045, 96.95431472081218, 98.47715736040608, 98.68020304568527, 98.88324873096447, 99.08629441624366, 100.0]
[90.35532994923858, 92.38578680203045, 96.95431472081218, 98.47715736040608, 98.68020304568527, 98.88324873096447, 99.08629441624366, 100.0]
[90.35532994923858, 92.38578680203045, 96.95431472081218, 98.47715736040608, 98.68020304568527, 98.88324873096447, 99.08629441624366, 100.0]
[90.35532994923858, 92.38578680203045, 96.95431472081218, 98.47715736040608, 98.68020304568527, 98.88324873096447, 99.08629441624366, 100.0]
[90.35532994923858, 92.38578680203045, 96.95431472081218, 98.47715736040608, 98.68020304568527, 98.88324873096447, 99.08629441624366, 100.0]
[90.35532994923858, 92.38578680203045, 96.95431472081218, 98.47715736040608, 98.68020304568527, 98.88324873096447, 99.08629441624366, 100.0]
[90.35532994923858, 92.38578680203045, 96.95431472081218, 98.47715736040608, 98.68020304568527, 98.88324873096447, 99.08629441624366, 100.0]
[90.35532994923858, 92.38578680203045, 96.95431472081218, 98.47715736040608, 98.68020304568527, 98.88324873096447, 99.08629441624366, 100.0]
[90.35532994923858, 92.38578680203045, 96.95431472081218, 98.47715736040608, 98.68020304568527, 98.88324873096447, 99.08629441624366, 100.0]
[90.35532994923858, 92.38578680203045, 96.95431472081218, 98.47715736040608, 98.68020304568527, 98.88324873096447, 99.08629441624366, 100.0]
[90.35532994923858, 92.38578680203045, 96.95431472081218, 98.47715736040608, 98.68020304568527, 98.88324873096447, 99.08629441624366, 100.0]
[82.13197969543147, 92.28426395939086, 95.73604060913705, 97.46192893401015, 98.88324873096447, 100.0]
[82.13197969543147, 92.28426395939086, 95.73604060913705, 97.46192893401015, 98.88324873096447, 100.0]
[82.13197969543147, 92.28426395939086, 95.73604060913705, 97.46192893401015, 98.88324873096447, 100.0]
[82.13197969543147, 92.28426395939086, 95.73604060913705, 97.46192893401015, 98.88324873096447, 100.0]
[82.13197969543147, 92.28426395939086, 95.73604060913705, 97.46192893401015, 98.88324873096447, 100.0]
[82.13197969543147, 92.28426395939086, 95.73604060913705, 97.46192893401015, 98.88324873096447, 100.0]
[82.13197969543147, 92.28426395939086, 95.73604060913705, 97.46192893401015, 98.88324873096447, 100.0]
[82.13197969543147, 92.28426395939086, 95.73604060913705, 97.46192893401015, 98.88324873096447, 100.0]
[82.13197969543147, 92.28426395939086, 95.73604060913705, 97.46192893401015, 98.88324873096447, 100.0]
[82.13197969543147, 92.28426395939086, 95.73604060913705, 97.46192893401015, 98.88324873096447, 100.0]
[82.13197969543147, 92.28426395939086, 95.73604060913705, 97.46192893401015, 98.88324873096447, 100.0]
[82.13197969543147, 92.28426395939086, 95.73604060913705, 97.46192893401015, 98.88324873096447, 100.0]
[82.13197969543147, 92.28426395939086, 95.73604060913705, 97.46192893401015, 98.88324873096447, 100.0]
[82.13197969543147, 92.28426395939086, 95.73604060913705, 97.46192893401015, 98.88324873096447, 100.0]
[82.13197969543147, 92.28426395939086, 95.73604060913705, 97.46192893401015, 98.88324873096447, 100.0]
[82.13197969543147, 92.28426395939086, 95.73604060913705, 97.46192893401015, 98.88324873096447, 100.0]
[82.13197969543147, 92.28426395939086, 95.73604060913705, 97.46192893401015, 98.88324873096447, 100.0]
[82.13197969543147, 92.28426395939086, 95.73604060913705, 97.46192893401015, 98.88324873096447, 100.0]
[82.13197969543147, 92.28426395939086, 95.73604060913705, 97.46192893401015, 98.88324873096447, 100.0]
[82.13197969543147, 92.28426395939086, 95.73604060913705, 97.46192893401015, 98.88324873096447, 100.0]
[82.13197969543147, 92.28426395939086, 95.73604060913705, 97.46192893401015, 98.88324873096447, 100.0]
[82.13197969543147, 92.28426395939086, 95.73604060913705, 97.46192893401015, 98.88324873096447, 100.0]
[82.13197969543147, 92.28426395939086, 95.73604060913705, 97.46192893401015, 98.88324873096447, 100.0]
[82.13197969543147, 92.28426395939086, 95.73604060913705, 97.46192893401015, 98.88324873096447, 100.0]
[82.13197969543147, 92.28426395939086, 95.73604060913705, 97.46192893401015, 98.88324873096447, 100.0]
[82.13197969543147, 92.28426395939086, 95.73604060913705, 97.46192893401015, 98.88324873096447, 100.0]
[82.13197969543147, 92.28426395939086, 95.73604060913705, 97.46192893401015, 98.88324873096447, 100.0]
[82.13197969543147, 92.28426395939086, 95.73604060913705, 97.46192893401015, 98.88324873096447, 100.0]
[82.13197969543147, 92.28426395939086, 95.73604060913705, 97.46192893401015, 98.88324873096447, 100.0]
[82.13197969543147, 92.28426395939086, 95.73604060913705, 97.46192893401015, 98.88324873096447, 100.0]
[82.13197969543147, 92.28426395939086, 95.73604060913705, 97.46192893401015, 98.88324873096447, 100.0]
[82.13197969543147, 92.28426395939086, 95.73604060913705, 97.46192893401015, 98.88324873096447, 100.0]
[82.13197969543147, 92.28426395939086, 95.73604060913705, 97.46192893401015, 98.88324873096447, 100.0]
[82.13197969543147, 92.28426395939086, 95.73604060913705, 97.46192893401015, 98.88324873096447, 100.0]
[82.13197969543147, 92.28426395939086, 95.73604060913705, 97.46192893401015, 98.88324873096447, 100.0]
[82.13197969543147, 92.28426395939086, 95.73604060913705, 97.46192893401015, 98.88324873096447, 100.0]
[82.13197969543147, 92.28426395939086, 95.73604060913705, 97.46192893401015, 98.88324873096447, 100.0]
[87.91878172588832, 90.65989847715736, 93.09644670050761, 97.46192893401015, 98.88324873096447, 100.0]
[87.91878172588832, 90.65989847715736, 93.09644670050761, 97.46192893401015, 98.88324873096447, 100.0]
[87.91878172588832, 90.65989847715736, 93.09644670050761, 97.46192893401015, 98.88324873096447, 100.0]
[87.91878172588832, 90.65989847715736, 93.09644670050761, 97.46192893401015, 98.88324873096447, 100.0]
[87.91878172588832, 90.65989847715736, 93.09644670050761, 97.46192893401015, 98.88324873096447, 100.0]
[87.91878172588832, 90.65989847715736, 93.09644670050761, 97.46192893401015, 98.88324873096447, 100.0]
[87.91878172588832, 90.65989847715736, 93.09644670050761, 97.46192893401015, 98.88324873096447, 100.0]
[87.91878172588832, 90.65989847715736, 93.09644670050761, 97.46192893401015, 98.88324873096447, 100.0]
[87.91878172588832, 90.65989847715736, 93.09644670050761, 97.46192893401015, 98.88324873096447, 100.0]
[87.91878172588832, 90.65989847715736, 93.09644670050761, 97.46192893401015, 98.88324873096447, 100.0]
[87.91878172588832, 90.65989847715736, 93.09644670050761, 97.46192893401015, 98.88324873096447, 100.0]
[87.91878172588832, 90.65989847715736, 93.09644670050761, 97.46192893401015, 98.88324873096447, 100.0]
[87.91878172588832, 90.65989847715736, 93.09644670050761, 97.46192893401015, 98.88324873096447, 100.0]
[87.91878172588832, 90.65989847715736, 93.09644670050761, 97.46192893401015, 98.88324873096447, 100.0]
[87.91878172588832, 90.65989847715736, 93.09644670050761, 97.46192893401015, 98.88324873096447, 100.0]
[87.91878172588832, 90.65989847715736, 93.09644670050761, 97.46192893401015, 98.88324873096447, 100.0]
[87.91878172588832, 90.65989847715736, 93.09644670050761, 97.46192893401015, 98.88324873096447, 100.0]
[87.91878172588832, 90.65989847715736, 93.09644670050761, 97.46192893401015, 98.88324873096447, 100.0]
[87.91878172588832, 90.65989847715736, 93.09644670050761, 97.46192893401015, 98.88324873096447, 100.0]
[87.91878172588832, 90.65989847715736, 93.09644670050761, 97.46192893401015, 98.88324873096447, 100.0]
[87.91878172588832, 90.65989847715736, 93.09644670050761, 97.46192893401015, 98.88324873096447, 100.0]
[87.91878172588832, 90.65989847715736, 93.09644670050761, 97.46192893401015, 98.88324873096447, 100.0]
[87.91878172588832, 90.65989847715736, 93.09644670050761, 97.46192893401015, 98.88324873096447, 100.0]
[87.91878172588832, 90.65989847715736, 93.09644670050761, 97.46192893401015, 98.88324873096447, 100.0]
[87.91878172588832, 90.65989847715736, 93.09644670050761, 97.46192893401015, 98.88324873096447, 100.0]
[87.91878172588832, 90.65989847715736, 93.09644670050761, 97.46192893401015, 98.88324873096447, 100.0]
[87.91878172588832, 90.65989847715736, 93.09644670050761, 97.46192893401015, 98.88324873096447, 100.0]
[87.91878172588832, 90.65989847715736, 93.09644670050761, 97.46192893401015, 98.88324873096447, 100.0]
[87.91878172588832, 90.65989847715736, 93.09644670050761, 97.46192893401015, 98.88324873096447, 100.0]
[87.91878172588832, 90.65989847715736, 93.09644670050761, 97.46192893401015, 98.88324873096447, 100.0]
[87.91878172588832, 90.65989847715736, 93.09644670050761, 97.46192893401015, 98.88324873096447, 100.0]
[87.91878172588832, 90.65989847715736, 93.09644670050761, 97.46192893401015, 98.88324873096447, 100.0]
[87.91878172588832, 90.65989847715736, 93.09644670050761, 97.46192893401015, 98.88324873096447, 100.0]
[87.91878172588832, 90.65989847715736, 93.09644670050761, 97.46192893401015, 98.88324873096447, 100.0]
[87.91878172588832, 90.65989847715736, 93.09644670050761, 97.46192893401015, 98.88324873096447, 100.0]
[87.91878172588832, 90.65989847715736, 93.09644670050761, 97.46192893401015, 98.88324873096447, 100.0]
[87.81725888324873, 94.01015228426395, 95.43147208121827, 97.15736040609137, 98.68020304568527, 98.88324873096447, 99.08629441624366, 100.0]
[87.81725888324873, 94.01015228426395, 95.43147208121827, 97.15736040609137, 98.68020304568527, 98.88324873096447, 99.08629441624366, 100.0]
[87.81725888324873, 94.01015228426395, 95.43147208121827, 97.15736040609137, 98.68020304568527, 98.88324873096447, 99.08629441624366, 100.0]
[87.81725888324873, 94.01015228426395, 95.43147208121827, 97.15736040609137, 98.68020304568527, 98.88324873096447, 99.08629441624366, 100.0]
[87.81725888324873, 94.01015228426395, 95.43147208121827, 97.15736040609137, 98.68020304568527, 98.88324873096447, 99.08629441624366, 100.0]
[87.81725888324873, 94.01015228426395, 95.43147208121827, 97.15736040609137, 98.68020304568527, 98.88324873096447, 99.08629441624366, 100.0]
[87.81725888324873, 94.01015228426395, 95.43147208121827, 97.15736040609137, 98.68020304568527, 98.88324873096447, 99.08629441624366, 100.0]
[87.81725888324873, 94.01015228426395, 95.43147208121827, 97.15736040609137, 98.68020304568527, 98.88324873096447, 99.08629441624366, 100.0]
[87.81725888324873, 94.01015228426395, 95.43147208121827, 97.15736040609137, 98.68020304568527, 98.88324873096447, 99.08629441624366, 100.0]
[87.81725888324873, 94.01015228426395, 95.43147208121827, 97.15736040609137, 98.68020304568527, 98.88324873096447, 99.08629441624366, 100.0]
[87.81725888324873, 94.01015228426395, 95.43147208121827, 97.15736040609137, 98.68020304568527, 98.88324873096447, 99.08629441624366, 100.0]
[87.81725888324873, 94.01015228426395, 95.43147208121827, 97.15736040609137, 98.68020304568527, 98.88324873096447, 99.08629441624366, 100.0]
[87.81725888324873, 94.01015228426395, 95.43147208121827, 97.15736040609137, 98.68020304568527, 98.88324873096447, 99.08629441624366, 100.0]
[87.81725888324873, 94.01015228426395, 95.43147208121827, 97.15736040609137, 98.68020304568527, 98.88324873096447, 99.08629441624366, 100.0]
[87.81725888324873, 94.01015228426395, 95.43147208121827, 97.15736040609137, 98.68020304568527, 98.88324873096447, 99.08629441624366, 100.0]
[87.81725888324873, 94.01015228426395, 95.43147208121827, 97.15736040609137, 98.68020304568527, 98.88324873096447, 99.08629441624366, 100.0]
[87.81725888324873, 94.01015228426395, 95.43147208121827, 97.15736040609137, 98.68020304568527, 98.88324873096447, 99.08629441624366, 100.0]
[87.81725888324873, 94.01015228426395, 95.43147208121827, 97.15736040609137, 98.68020304568527, 98.88324873096447, 99.08629441624366, 100.0]
[87.81725888324873, 94.01015228426395, 95.43147208121827, 97.15736040609137, 98.68020304568527, 98.88324873096447, 99.08629441624366, 100.0]
[87.81725888324873, 94.01015228426395, 95.43147208121827, 97.15736040609137, 98.68020304568527, 98.88324873096447, 99.08629441624366, 100.0]
[87.81725888324873, 94.01015228426395, 95.43147208121827, 97.15736040609137, 98.68020304568527, 98.88324873096447, 99.08629441624366, 100.0]
[87.81725888324873, 94.01015228426395, 95.43147208121827, 97.15736040609137, 98.68020304568527, 98.88324873096447, 99.08629441624366, 100.0]
[87.81725888324873, 94.01015228426395, 95.43147208121827, 97.15736040609137, 98.68020304568527, 98.88324873096447, 99.08629441624366, 100.0]
[87.81725888324873, 94.01015228426395, 95.43147208121827, 97.15736040609137, 98.68020304568527, 98.88324873096447, 99.08629441624366, 100.0]
[87.81725888324873, 94.01015228426395, 95.43147208121827, 97.15736040609137, 98.68020304568527, 98.88324873096447, 99.08629441624366, 100.0]
[87.81725888324873, 94.01015228426395, 95.43147208121827, 97.15736040609137, 98.68020304568527, 98.88324873096447, 99.08629441624366, 100.0]
[87.81725888324873, 94.01015228426395, 95.43147208121827, 97.15736040609137, 98.68020304568527, 98.88324873096447, 99.08629441624366, 100.0]
[87.81725888324873, 94.01015228426395, 95.43147208121827, 97.15736040609137, 98.68020304568527, 98.88324873096447, 99.08629441624366, 100.0]
[87.81725888324873, 94.01015228426395, 95.43147208121827, 97.15736040609137, 98.68020304568527, 98.88324873096447, 99.08629441624366, 100.0]
[87.81725888324873, 94.01015228426395, 95.43147208121827, 97.15736040609137, 98.68020304568527, 98.88324873096447, 99.08629441624366, 100.0]
[87.81725888324873, 94.01015228426395, 95.43147208121827, 97.15736040609137, 98.68020304568527, 98.88324873096447, 99.08629441624366, 100.0]
[87.81725888324873, 94.01015228426395, 95.43147208121827, 97.15736040609137, 98.68020304568527, 98.88324873096447, 99.08629441624366, 100.0]
[87.81725888324873, 94.01015228426395, 95.43147208121827, 97.15736040609137, 98.68020304568527, 98.88324873096447, 99.08629441624366, 100.0]
[87.81725888324873, 94.01015228426395, 95.43147208121827, 97.15736040609137, 98.68020304568527, 98.88324873096447, 99.08629441624366, 100.0]
[87.81725888324873, 94.01015228426395, 95.43147208121827, 97.15736040609137, 98.68020304568527, 98.88324873096447, 99.08629441624366, 100.0]
[87.81725888324873, 94.01015228426395, 95.43147208121827, 97.15736040609137, 98.68020304568527, 98.88324873096447, 99.08629441624366, 100.0]
[87.81725888324873, 94.01015228426395, 95.43147208121827, 97.15736040609137, 98.68020304568527, 98.88324873096447, 99.08629441624366, 100.0]
[87.81725888324873, 94.01015228426395, 95.43147208121827, 97.15736040609137, 98.68020304568527, 98.88324873096447, 99.08629441624366, 100.0]
[87.81725888324873, 94.01015228426395, 95.43147208121827, 97.15736040609137, 98.68020304568527, 98.88324873096447, 99.08629441624366, 100.0]
[87.81725888324873, 94.01015228426395, 95.43147208121827, 97.15736040609137, 98.68020304568527, 98.88324873096447, 99.08629441624366, 100.0]
[87.81725888324873, 94.01015228426395, 95.43147208121827, 97.15736040609137, 98.68020304568527, 98.88324873096447, 99.08629441624366, 100.0]
[88.83248730964468, 92.69035532994924, 95.1269035532995, 96.14213197969544, 96.751269035533, 98.78172588832487, 98.98477157360406, 99.18781725888326, 100.00000000000001]
[88.83248730964468, 92.69035532994924, 95.1269035532995, 96.14213197969544, 96.751269035533, 98.78172588832487, 98.98477157360406, 99.18781725888326, 100.00000000000001]
[88.83248730964468, 92.69035532994924, 95.1269035532995, 96.14213197969544, 96.751269035533, 98.78172588832487, 98.98477157360406, 99.18781725888326, 100.00000000000001]
[88.83248730964468, 92.69035532994924, 95.1269035532995, 96.14213197969544, 96.751269035533, 98.78172588832487, 98.98477157360406, 99.18781725888326, 100.00000000000001]
[88.83248730964468, 92.69035532994924, 95.1269035532995, 96.14213197969544, 96.751269035533, 98.78172588832487, 98.98477157360406, 99.18781725888326, 100.00000000000001]
[88.83248730964468, 92.69035532994924, 95.1269035532995, 96.14213197969544, 96.751269035533, 98.78172588832487, 98.98477157360406, 99.18781725888326, 100.00000000000001]
[88.83248730964468, 92.69035532994924, 95.1269035532995, 96.14213197969544, 96.751269035533, 98.78172588832487, 98.98477157360406, 99.18781725888326, 100.00000000000001]
[88.83248730964468, 92.69035532994924, 95.1269035532995, 96.14213197969544, 96.751269035533, 98.78172588832487, 98.98477157360406, 99.18781725888326, 100.00000000000001]
[88.83248730964468, 92.69035532994924, 95.1269035532995, 96.14213197969544, 96.751269035533, 98.78172588832487, 98.98477157360406, 99.18781725888326, 100.00000000000001]
[88.83248730964468, 92.69035532994924, 95.1269035532995, 96.14213197969544, 96.751269035533, 98.78172588832487, 98.98477157360406, 99.18781725888326, 100.00000000000001]
[88.83248730964468, 92.69035532994924, 95.1269035532995, 96.14213197969544, 96.751269035533, 98.78172588832487, 98.98477157360406, 99.18781725888326, 100.00000000000001]
[88.83248730964468, 92.69035532994924, 95.1269035532995, 96.14213197969544, 96.751269035533, 98.78172588832487, 98.98477157360406, 99.18781725888326, 100.00000000000001]
[88.83248730964468, 92.69035532994924, 95.1269035532995, 96.14213197969544, 96.751269035533, 98.78172588832487, 98.98477157360406, 99.18781725888326, 100.00000000000001]
[88.83248730964468, 92.69035532994924, 95.1269035532995, 96.14213197969544, 96.751269035533, 98.78172588832487, 98.98477157360406, 99.18781725888326, 100.00000000000001]
[88.83248730964468, 92.69035532994924, 95.1269035532995, 96.14213197969544, 96.751269035533, 98.78172588832487, 98.98477157360406, 99.18781725888326, 100.00000000000001]
[88.83248730964468, 92.69035532994924, 95.1269035532995, 96.14213197969544, 96.751269035533, 98.78172588832487, 98.98477157360406, 99.18781725888326, 100.00000000000001]
[88.83248730964468, 92.69035532994924, 95.1269035532995, 96.14213197969544, 96.751269035533, 98.78172588832487, 98.98477157360406, 99.18781725888326, 100.00000000000001]
[88.83248730964468, 92.69035532994924, 95.1269035532995, 96.14213197969544, 96.751269035533, 98.78172588832487, 98.98477157360406, 99.18781725888326, 100.00000000000001]
[88.83248730964468, 92.69035532994924, 95.1269035532995, 96.14213197969544, 96.751269035533, 98.78172588832487, 98.98477157360406, 99.18781725888326, 100.00000000000001]
[88.83248730964468, 92.69035532994924, 95.1269035532995, 96.14213197969544, 96.751269035533, 98.78172588832487, 98.98477157360406, 99.18781725888326, 100.00000000000001]
[88.83248730964468, 92.69035532994924, 95.1269035532995, 96.14213197969544, 96.751269035533, 98.78172588832487, 98.98477157360406, 99.18781725888326, 100.00000000000001]
[88.83248730964468, 92.69035532994924, 95.1269035532995, 96.14213197969544, 96.751269035533, 98.78172588832487, 98.98477157360406, 99.18781725888326, 100.00000000000001]
[88.83248730964468, 92.69035532994924, 95.1269035532995, 96.14213197969544, 96.751269035533, 98.78172588832487, 98.98477157360406, 99.18781725888326, 100.00000000000001]
[88.83248730964468, 92.69035532994924, 95.1269035532995, 96.14213197969544, 96.751269035533, 98.78172588832487, 98.98477157360406, 99.18781725888326, 100.00000000000001]
[88.83248730964468, 92.69035532994924, 95.1269035532995, 96.14213197969544, 96.751269035533, 98.78172588832487, 98.98477157360406, 99.18781725888326, 100.00000000000001]
[88.83248730964468, 92.69035532994924, 95.1269035532995, 96.14213197969544, 96.751269035533, 98.78172588832487, 98.98477157360406, 99.18781725888326, 100.00000000000001]
[88.83248730964468, 92.69035532994924, 95.1269035532995, 96.14213197969544, 96.751269035533, 98.78172588832487, 98.98477157360406, 99.18781725888326, 100.00000000000001]
[88.83248730964468, 92.69035532994924, 95.1269035532995, 96.14213197969544, 96.751269035533, 98.78172588832487, 98.98477157360406, 99.18781725888326, 100.00000000000001]
[88.83248730964468, 92.69035532994924, 95.1269035532995, 96.14213197969544, 96.751269035533, 98.78172588832487, 98.98477157360406, 99.18781725888326, 100.00000000000001]
[88.83248730964468, 92.69035532994924, 95.1269035532995, 96.14213197969544, 96.751269035533, 98.78172588832487, 98.98477157360406, 99.18781725888326, 100.00000000000001]
[88.83248730964468, 92.69035532994924, 95.1269035532995, 96.14213197969544, 96.751269035533, 98.78172588832487, 98.98477157360406, 99.18781725888326, 100.00000000000001]
[88.83248730964468, 92.69035532994924, 95.1269035532995, 96.14213197969544, 96.751269035533, 98.78172588832487, 98.98477157360406, 99.18781725888326, 100.00000000000001]
[88.83248730964468, 92.69035532994924, 95.1269035532995, 96.14213197969544, 96.751269035533, 98.78172588832487, 98.98477157360406, 99.18781725888326, 100.00000000000001]
[88.83248730964468, 92.69035532994924, 95.1269035532995, 96.14213197969544, 96.751269035533, 98.78172588832487, 98.98477157360406, 99.18781725888326, 100.00000000000001]
[88.83248730964468, 92.69035532994924, 95.1269035532995, 96.14213197969544, 96.751269035533, 98.78172588832487, 98.98477157360406, 99.18781725888326, 100.00000000000001]
[88.83248730964468, 92.69035532994924, 95.1269035532995, 96.14213197969544, 96.751269035533, 98.78172588832487, 98.98477157360406, 99.18781725888326, 100.00000000000001]
[88.83248730964468, 92.69035532994924, 95.1269035532995, 96.14213197969544, 96.751269035533, 98.78172588832487, 98.98477157360406, 99.18781725888326, 100.00000000000001]
[88.83248730964468, 92.69035532994924, 95.1269035532995, 96.14213197969544, 96.751269035533, 98.78172588832487, 98.98477157360406, 99.18781725888326, 100.00000000000001]
[88.83248730964468, 92.69035532994924, 95.1269035532995, 96.14213197969544, 96.751269035533, 98.78172588832487, 98.98477157360406, 99.18781725888326, 100.00000000000001]
[88.83248730964468, 92.69035532994924, 95.1269035532995, 96.14213197969544, 96.751269035533, 98.78172588832487, 98.98477157360406, 99.18781725888326, 100.00000000000001]
[88.83248730964468, 92.69035532994924, 95.1269035532995, 96.14213197969544, 96.751269035533, 98.78172588832487, 98.98477157360406, 99.18781725888326, 100.00000000000001]
[88.83248730964468, 92.69035532994924, 95.1269035532995, 96.14213197969544, 96.751269035533, 98.78172588832487, 98.98477157360406, 99.18781725888326, 100.00000000000001]
[92.69035532994924, 94.82233502538071, 95.43147208121827, 97.15736040609137, 98.57868020304569, 98.78172588832489, 98.98477157360408, 99.18781725888327, 100.00000000000003]
[92.69035532994924, 94.82233502538071, 95.43147208121827, 97.15736040609137, 98.57868020304569, 98.78172588832489, 98.98477157360408, 99.18781725888327, 100.00000000000003]
[92.69035532994924, 94.82233502538071, 95.43147208121827, 97.15736040609137, 98.57868020304569, 98.78172588832489, 98.98477157360408, 99.18781725888327, 100.00000000000003]
[92.69035532994924, 94.82233502538071, 95.43147208121827, 97.15736040609137, 98.57868020304569, 98.78172588832489, 98.98477157360408, 99.18781725888327, 100.00000000000003]
[92.69035532994924, 94.82233502538071, 95.43147208121827, 97.15736040609137, 98.57868020304569, 98.78172588832489, 98.98477157360408, 99.18781725888327, 100.00000000000003]
[92.69035532994924, 94.82233502538071, 95.43147208121827, 97.15736040609137, 98.57868020304569, 98.78172588832489, 98.98477157360408, 99.18781725888327, 100.00000000000003]
[92.69035532994924, 94.82233502538071, 95.43147208121827, 97.15736040609137, 98.57868020304569, 98.78172588832489, 98.98477157360408, 99.18781725888327, 100.00000000000003]
[92.69035532994924, 94.82233502538071, 95.43147208121827, 97.15736040609137, 98.57868020304569, 98.78172588832489, 98.98477157360408, 99.18781725888327, 100.00000000000003]
[92.69035532994924, 94.82233502538071, 95.43147208121827, 97.15736040609137, 98.57868020304569, 98.78172588832489, 98.98477157360408, 99.18781725888327, 100.00000000000003]
[92.69035532994924, 94.82233502538071, 95.43147208121827, 97.15736040609137, 98.57868020304569, 98.78172588832489, 98.98477157360408, 99.18781725888327, 100.00000000000003]
[92.69035532994924, 94.82233502538071, 95.43147208121827, 97.15736040609137, 98.57868020304569, 98.78172588832489, 98.98477157360408, 99.18781725888327, 100.00000000000003]
[92.69035532994924, 94.82233502538071, 95.43147208121827, 97.15736040609137, 98.57868020304569, 98.78172588832489, 98.98477157360408, 99.18781725888327, 100.00000000000003]
[92.69035532994924, 94.82233502538071, 95.43147208121827, 97.15736040609137, 98.57868020304569, 98.78172588832489, 98.98477157360408, 99.18781725888327, 100.00000000000003]
[92.69035532994924, 94.82233502538071, 95.43147208121827, 97.15736040609137, 98.57868020304569, 98.78172588832489, 98.98477157360408, 99.18781725888327, 100.00000000000003]
[92.69035532994924, 94.82233502538071, 95.43147208121827, 97.15736040609137, 98.57868020304569, 98.78172588832489, 98.98477157360408, 99.18781725888327, 100.00000000000003]
[92.69035532994924, 94.82233502538071, 95.43147208121827, 97.15736040609137, 98.57868020304569, 98.78172588832489, 98.98477157360408, 99.18781725888327, 100.00000000000003]
[92.69035532994924, 94.82233502538071, 95.43147208121827, 97.15736040609137, 98.57868020304569, 98.78172588832489, 98.98477157360408, 99.18781725888327, 100.00000000000003]
[92.69035532994924, 94.82233502538071, 95.43147208121827, 97.15736040609137, 98.57868020304569, 98.78172588832489, 98.98477157360408, 99.18781725888327, 100.00000000000003]
[92.69035532994924, 94.82233502538071, 95.43147208121827, 97.15736040609137, 98.57868020304569, 98.78172588832489, 98.98477157360408, 99.18781725888327, 100.00000000000003]
[92.69035532994924, 94.82233502538071, 95.43147208121827, 97.15736040609137, 98.57868020304569, 98.78172588832489, 98.98477157360408, 99.18781725888327, 100.00000000000003]
[92.69035532994924, 94.82233502538071, 95.43147208121827, 97.15736040609137, 98.57868020304569, 98.78172588832489, 98.98477157360408, 99.18781725888327, 100.00000000000003]
[92.69035532994924, 94.82233502538071, 95.43147208121827, 97.15736040609137, 98.57868020304569, 98.78172588832489, 98.98477157360408, 99.18781725888327, 100.00000000000003]
[92.69035532994924, 94.82233502538071, 95.43147208121827, 97.15736040609137, 98.57868020304569, 98.78172588832489, 98.98477157360408, 99.18781725888327, 100.00000000000003]
[92.69035532994924, 94.82233502538071, 95.43147208121827, 97.15736040609137, 98.57868020304569, 98.78172588832489, 98.98477157360408, 99.18781725888327, 100.00000000000003]
[92.69035532994924, 94.82233502538071, 95.43147208121827, 97.15736040609137, 98.57868020304569, 98.78172588832489, 98.98477157360408, 99.18781725888327, 100.00000000000003]
[92.69035532994924, 94.82233502538071, 95.43147208121827, 97.15736040609137, 98.57868020304569, 98.78172588832489, 98.98477157360408, 99.18781725888327, 100.00000000000003]
[92.69035532994924, 94.82233502538071, 95.43147208121827, 97.15736040609137, 98.57868020304569, 98.78172588832489, 98.98477157360408, 99.18781725888327, 100.00000000000003]
[92.69035532994924, 94.82233502538071, 95.43147208121827, 97.15736040609137, 98.57868020304569, 98.78172588832489, 98.98477157360408, 99.18781725888327, 100.00000000000003]
[92.69035532994924, 94.82233502538071, 95.43147208121827, 97.15736040609137, 98.57868020304569, 98.78172588832489, 98.98477157360408, 99.18781725888327, 100.00000000000003]
[92.69035532994924, 94.82233502538071, 95.43147208121827, 97.15736040609137, 98.57868020304569, 98.78172588832489, 98.98477157360408, 99.18781725888327, 100.00000000000003]
[92.69035532994924, 94.82233502538071, 95.43147208121827, 97.15736040609137, 98.57868020304569, 98.78172588832489, 98.98477157360408, 99.18781725888327, 100.00000000000003]
[92.69035532994924, 94.82233502538071, 95.43147208121827, 97.15736040609137, 98.57868020304569, 98.78172588832489, 98.98477157360408, 99.18781725888327, 100.00000000000003]
[92.69035532994924, 94.82233502538071, 95.43147208121827, 97.15736040609137, 98.57868020304569, 98.78172588832489, 98.98477157360408, 99.18781725888327, 100.00000000000003]
[92.69035532994924, 94.82233502538071, 95.43147208121827, 97.15736040609137, 98.57868020304569, 98.78172588832489, 98.98477157360408, 99.18781725888327, 100.00000000000003]
[92.69035532994924, 94.82233502538071, 95.43147208121827, 97.15736040609137, 98.57868020304569, 98.78172588832489, 98.98477157360408, 99.18781725888327, 100.00000000000003]
[92.69035532994924, 94.82233502538071, 95.43147208121827, 97.15736040609137, 98.57868020304569, 98.78172588832489, 98.98477157360408, 99.18781725888327, 100.00000000000003]
[92.69035532994924, 94.82233502538071, 95.43147208121827, 97.15736040609137, 98.57868020304569, 98.78172588832489, 98.98477157360408, 99.18781725888327, 100.00000000000003]
[92.69035532994924, 94.82233502538071, 95.43147208121827, 97.15736040609137, 98.57868020304569, 98.78172588832489, 98.98477157360408, 99.18781725888327, 100.00000000000003]
[92.69035532994924, 94.82233502538071, 95.43147208121827, 97.15736040609137, 98.57868020304569, 98.78172588832489, 98.98477157360408, 99.18781725888327, 100.00000000000003]
[87.41116751269035, 92.79187817258884, 94.82233502538071, 95.43147208121827, 96.04060913705584, 96.6497461928934, 98.07106598984772, 99.18781725888326, 100.00000000000001]
[87.41116751269035, 92.79187817258884, 94.82233502538071, 95.43147208121827, 96.04060913705584, 96.6497461928934, 98.07106598984772, 99.18781725888326, 100.00000000000001]
[87.41116751269035, 92.79187817258884, 94.82233502538071, 95.43147208121827, 96.04060913705584, 96.6497461928934, 98.07106598984772, 99.18781725888326, 100.00000000000001]
[87.41116751269035, 92.79187817258884, 94.82233502538071, 95.43147208121827, 96.04060913705584, 96.6497461928934, 98.07106598984772, 99.18781725888326, 100.00000000000001]
[87.41116751269035, 92.79187817258884, 94.82233502538071, 95.43147208121827, 96.04060913705584, 96.6497461928934, 98.07106598984772, 99.18781725888326, 100.00000000000001]
[87.41116751269035, 92.79187817258884, 94.82233502538071, 95.43147208121827, 96.04060913705584, 96.6497461928934, 98.07106598984772, 99.18781725888326, 100.00000000000001]
[87.41116751269035, 92.79187817258884, 94.82233502538071, 95.43147208121827, 96.04060913705584, 96.6497461928934, 98.07106598984772, 99.18781725888326, 100.00000000000001]
[87.41116751269035, 92.79187817258884, 94.82233502538071, 95.43147208121827, 96.04060913705584, 96.6497461928934, 98.07106598984772, 99.18781725888326, 100.00000000000001]
[87.41116751269035, 92.79187817258884, 94.82233502538071, 95.43147208121827, 96.04060913705584, 96.6497461928934, 98.07106598984772, 99.18781725888326, 100.00000000000001]
[87.41116751269035, 92.79187817258884, 94.82233502538071, 95.43147208121827, 96.04060913705584, 96.6497461928934, 98.07106598984772, 99.18781725888326, 100.00000000000001]
[87.41116751269035, 92.79187817258884, 94.82233502538071, 95.43147208121827, 96.04060913705584, 96.6497461928934, 98.07106598984772, 99.18781725888326, 100.00000000000001]
[87.41116751269035, 92.79187817258884, 94.82233502538071, 95.43147208121827, 96.04060913705584, 96.6497461928934, 98.07106598984772, 99.18781725888326, 100.00000000000001]
[87.41116751269035, 92.79187817258884, 94.82233502538071, 95.43147208121827, 96.04060913705584, 96.6497461928934, 98.07106598984772, 99.18781725888326, 100.00000000000001]
[87.41116751269035, 92.79187817258884, 94.82233502538071, 95.43147208121827, 96.04060913705584, 96.6497461928934, 98.07106598984772, 99.18781725888326, 100.00000000000001]
[87.41116751269035, 92.79187817258884, 94.82233502538071, 95.43147208121827, 96.04060913705584, 96.6497461928934, 98.07106598984772, 99.18781725888326, 100.00000000000001]
[87.41116751269035, 92.79187817258884, 94.82233502538071, 95.43147208121827, 96.04060913705584, 96.6497461928934, 98.07106598984772, 99.18781725888326, 100.00000000000001]
[87.41116751269035, 92.79187817258884, 94.82233502538071, 95.43147208121827, 96.04060913705584, 96.6497461928934, 98.07106598984772, 99.18781725888326, 100.00000000000001]
[87.41116751269035, 92.79187817258884, 94.82233502538071, 95.43147208121827, 96.04060913705584, 96.6497461928934, 98.07106598984772, 99.18781725888326, 100.00000000000001]
[87.41116751269035, 92.79187817258884, 94.82233502538071, 95.43147208121827, 96.04060913705584, 96.6497461928934, 98.07106598984772, 99.18781725888326, 100.00000000000001]
[87.41116751269035, 92.79187817258884, 94.82233502538071, 95.43147208121827, 96.04060913705584, 96.6497461928934, 98.07106598984772, 99.18781725888326, 100.00000000000001]
[87.41116751269035, 92.79187817258884, 94.82233502538071, 95.43147208121827, 96.04060913705584, 96.6497461928934, 98.07106598984772, 99.18781725888326, 100.00000000000001]
[87.41116751269035, 92.79187817258884, 94.82233502538071, 95.43147208121827, 96.04060913705584, 96.6497461928934, 98.07106598984772, 99.18781725888326, 100.00000000000001]
[87.41116751269035, 92.79187817258884, 94.82233502538071, 95.43147208121827, 96.04060913705584, 96.6497461928934, 98.07106598984772, 99.18781725888326, 100.00000000000001]
[87.41116751269035, 92.79187817258884, 94.82233502538071, 95.43147208121827, 96.04060913705584, 96.6497461928934, 98.07106598984772, 99.18781725888326, 100.00000000000001]
[87.41116751269035, 92.79187817258884, 94.82233502538071, 95.43147208121827, 96.04060913705584, 96.6497461928934, 98.07106598984772, 99.18781725888326, 100.00000000000001]
[87.41116751269035, 92.79187817258884, 94.82233502538071, 95.43147208121827, 96.04060913705584, 96.6497461928934, 98.07106598984772, 99.18781725888326, 100.00000000000001]
[87.41116751269035, 92.79187817258884, 94.82233502538071, 95.43147208121827, 96.04060913705584, 96.6497461928934, 98.07106598984772, 99.18781725888326, 100.00000000000001]
[87.41116751269035, 92.79187817258884, 94.82233502538071, 95.43147208121827, 96.04060913705584, 96.6497461928934, 98.07106598984772, 99.18781725888326, 100.00000000000001]
[87.41116751269035, 92.79187817258884, 94.82233502538071, 95.43147208121827, 96.04060913705584, 96.6497461928934, 98.07106598984772, 99.18781725888326, 100.00000000000001]
[87.41116751269035, 92.79187817258884, 94.82233502538071, 95.43147208121827, 96.04060913705584, 96.6497461928934, 98.07106598984772, 99.18781725888326, 100.00000000000001]
[87.41116751269035, 92.79187817258884, 94.82233502538071, 95.43147208121827, 96.04060913705584, 96.6497461928934, 98.07106598984772, 99.18781725888326, 100.00000000000001]
[87.41116751269035, 92.79187817258884, 94.82233502538071, 95.43147208121827, 96.04060913705584, 96.6497461928934, 98.07106598984772, 99.18781725888326, 100.00000000000001]
[87.41116751269035, 92.79187817258884, 94.82233502538071, 95.43147208121827, 96.04060913705584, 96.6497461928934, 98.07106598984772, 99.18781725888326, 100.00000000000001]
[87.41116751269035, 92.79187817258884, 94.82233502538071, 95.43147208121827, 96.04060913705584, 96.6497461928934, 98.07106598984772, 99.18781725888326, 100.00000000000001]
[87.41116751269035, 92.79187817258884, 94.82233502538071, 95.43147208121827, 96.04060913705584, 96.6497461928934, 98.07106598984772, 99.18781725888326, 100.00000000000001]
[87.41116751269035, 92.79187817258884, 94.82233502538071, 95.43147208121827, 96.04060913705584, 96.6497461928934, 98.07106598984772, 99.18781725888326, 100.00000000000001]
[87.41116751269035, 92.79187817258884, 94.82233502538071, 95.43147208121827, 96.04060913705584, 96.6497461928934, 98.07106598984772, 99.18781725888326, 100.00000000000001]
[87.41116751269035, 92.79187817258884, 94.82233502538071, 95.43147208121827, 96.04060913705584, 96.6497461928934, 98.07106598984772, 99.18781725888326, 100.00000000000001]
[87.41116751269035, 92.79187817258884, 94.82233502538071, 95.43147208121827, 96.04060913705584, 96.6497461928934, 98.07106598984772, 99.18781725888326, 100.00000000000001]
[87.41116751269035, 92.79187817258884, 94.82233502538071, 95.43147208121827, 96.04060913705584, 96.6497461928934, 98.07106598984772, 99.18781725888326, 100.00000000000001]
[87.41116751269035, 92.79187817258884, 94.82233502538071, 95.43147208121827, 96.04060913705584, 96.6497461928934, 98.07106598984772, 99.18781725888326, 100.00000000000001]
[87.41116751269035, 92.79187817258884, 94.82233502538071, 95.43147208121827, 96.04060913705584, 96.6497461928934, 98.07106598984772, 99.18781725888326, 100.00000000000001]
[87.41116751269035, 92.79187817258884, 94.82233502538071, 95.43147208121827, 96.04060913705584, 96.6497461928934, 98.07106598984772, 99.18781725888326, 100.00000000000001]
[87.41116751269035, 92.79187817258884, 94.82233502538071, 95.43147208121827, 96.04060913705584, 96.6497461928934, 98.07106598984772, 99.18781725888326, 100.00000000000001]
[87.41116751269035, 92.79187817258884, 94.82233502538071, 95.43147208121827, 96.04060913705584, 96.6497461928934, 98.07106598984772, 99.18781725888326, 100.00000000000001]
[87.41116751269035, 92.79187817258884, 94.82233502538071, 95.43147208121827, 96.04060913705584, 96.6497461928934, 98.07106598984772, 99.18781725888326, 100.00000000000001]
[87.41116751269035, 92.79187817258884, 94.82233502538071, 95.43147208121827, 96.04060913705584, 96.6497461928934, 98.07106598984772, 99.18781725888326, 100.00000000000001]
[87.41116751269035, 92.79187817258884, 94.82233502538071, 95.43147208121827, 96.04060913705584, 96.6497461928934, 98.07106598984772, 99.18781725888326, 100.00000000000001]
[93.09644670050761, 95.22842639593908, 95.83756345177665, 98.68020304568527, 98.88324873096447, 100.0]
[93.09644670050761, 95.22842639593908, 95.83756345177665, 98.68020304568527, 98.88324873096447, 100.0]
[93.09644670050761, 95.22842639593908, 95.83756345177665, 98.68020304568527, 98.88324873096447, 100.0]
[93.09644670050761, 95.22842639593908, 95.83756345177665, 98.68020304568527, 98.88324873096447, 100.0]
[93.09644670050761, 95.22842639593908, 95.83756345177665, 98.68020304568527, 98.88324873096447, 100.0]
[93.09644670050761, 95.22842639593908, 95.83756345177665, 98.68020304568527, 98.88324873096447, 100.0]
[93.09644670050761, 95.22842639593908, 95.83756345177665, 98.68020304568527, 98.88324873096447, 100.0]
[93.09644670050761, 95.22842639593908, 95.83756345177665, 98.68020304568527, 98.88324873096447, 100.0]
[93.09644670050761, 95.22842639593908, 95.83756345177665, 98.68020304568527, 98.88324873096447, 100.0]
[93.09644670050761, 95.22842639593908, 95.83756345177665, 98.68020304568527, 98.88324873096447, 100.0]
[93.09644670050761, 95.22842639593908, 95.83756345177665, 98.68020304568527, 98.88324873096447, 100.0]
[93.09644670050761, 95.22842639593908, 95.83756345177665, 98.68020304568527, 98.88324873096447, 100.0]
[93.09644670050761, 95.22842639593908, 95.83756345177665, 98.68020304568527, 98.88324873096447, 100.0]
[93.09644670050761, 95.22842639593908, 95.83756345177665, 98.68020304568527, 98.88324873096447, 100.0]
[93.09644670050761, 95.22842639593908, 95.83756345177665, 98.68020304568527, 98.88324873096447, 100.0]
[93.09644670050761, 95.22842639593908, 95.83756345177665, 98.68020304568527, 98.88324873096447, 100.0]
[93.09644670050761, 95.22842639593908, 95.83756345177665, 98.68020304568527, 98.88324873096447, 100.0]
[93.09644670050761, 95.22842639593908, 95.83756345177665, 98.68020304568527, 98.88324873096447, 100.0]
[93.09644670050761, 95.22842639593908, 95.83756345177665, 98.68020304568527, 98.88324873096447, 100.0]
[93.09644670050761, 95.22842639593908, 95.83756345177665, 98.68020304568527, 98.88324873096447, 100.0]
[93.09644670050761, 95.22842639593908, 95.83756345177665, 98.68020304568527, 98.88324873096447, 100.0]
[93.09644670050761, 95.22842639593908, 95.83756345177665, 98.68020304568527, 98.88324873096447, 100.0]
[93.09644670050761, 95.22842639593908, 95.83756345177665, 98.68020304568527, 98.88324873096447, 100.0]
[93.09644670050761, 95.22842639593908, 95.83756345177665, 98.68020304568527, 98.88324873096447, 100.0]
[93.09644670050761, 95.22842639593908, 95.83756345177665, 98.68020304568527, 98.88324873096447, 100.0]
[93.09644670050761, 95.22842639593908, 95.83756345177665, 98.68020304568527, 98.88324873096447, 100.0]
[93.09644670050761, 95.22842639593908, 95.83756345177665, 98.68020304568527, 98.88324873096447, 100.0]
[93.09644670050761, 95.22842639593908, 95.83756345177665, 98.68020304568527, 98.88324873096447, 100.0]
[93.09644670050761, 95.22842639593908, 95.83756345177665, 98.68020304568527, 98.88324873096447, 100.0]
[93.09644670050761, 95.22842639593908, 95.83756345177665, 98.68020304568527, 98.88324873096447, 100.0]
[93.09644670050761, 95.22842639593908, 95.83756345177665, 98.68020304568527, 98.88324873096447, 100.0]
[93.09644670050761, 95.22842639593908, 95.83756345177665, 98.68020304568527, 98.88324873096447, 100.0]
[93.09644670050761, 95.22842639593908, 95.83756345177665, 98.68020304568527, 98.88324873096447, 100.0]
[93.09644670050761, 95.22842639593908, 95.83756345177665, 98.68020304568527, 98.88324873096447, 100.0]
[93.09644670050761, 95.22842639593908, 95.83756345177665, 98.68020304568527, 98.88324873096447, 100.0]
[93.09644670050761, 95.22842639593908, 95.83756345177665, 98.68020304568527, 98.88324873096447, 100.0]
[93.09644670050761, 95.22842639593908, 95.83756345177665, 98.68020304568527, 98.88324873096447, 100.0]
[93.09644670050761, 95.22842639593908, 95.83756345177665, 98.68020304568527, 98.88324873096447, 100.0]
[93.09644670050761, 95.22842639593908, 95.83756345177665, 98.68020304568527, 98.88324873096447, 100.0]
[93.09644670050761, 95.22842639593908, 95.83756345177665, 98.68020304568527, 98.88324873096447, 100.0]
[93.09644670050761, 95.22842639593908, 95.83756345177665, 98.68020304568527, 98.88324873096447, 100.0]
[93.09644670050761, 95.22842639593908, 95.83756345177665, 98.68020304568527, 98.88324873096447, 100.0]
[93.09644670050761, 95.22842639593908, 95.83756345177665, 98.68020304568527, 98.88324873096447, 100.0]
[93.09644670050761, 95.22842639593908, 95.83756345177665, 98.68020304568527, 98.88324873096447, 100.0]
[93.09644670050761, 95.22842639593908, 95.83756345177665, 98.68020304568527, 98.88324873096447, 100.0]
[93.09644670050761, 95.22842639593908, 95.83756345177665, 98.68020304568527, 98.88324873096447, 100.0]
[93.09644670050761, 95.22842639593908, 95.83756345177665, 98.68020304568527, 98.88324873096447, 100.0]
[93.09644670050761, 95.22842639593908, 95.83756345177665, 98.68020304568527, 98.88324873096447, 100.0]
[93.09644670050761, 95.22842639593908, 95.83756345177665, 98.68020304568527, 98.88324873096447, 100.0]
[93.09644670050761, 95.22842639593908, 95.83756345177665, 98.68020304568527, 98.88324873096447, 100.0]
[93.09644670050761, 95.22842639593908, 95.83756345177665, 98.68020304568527, 98.88324873096447, 100.0]
[90.86294416243655, 93.19796954314721, 95.22842639593908, 96.95431472081218, 97.36040609137055, 97.76649746192892, 98.17258883248729, 99.99999999999999]
[90.86294416243655, 93.19796954314721, 95.22842639593908, 96.95431472081218, 97.36040609137055, 97.76649746192892, 98.17258883248729, 99.99999999999999]
[90.86294416243655, 93.19796954314721, 95.22842639593908, 96.95431472081218, 97.36040609137055, 97.76649746192892, 98.17258883248729, 99.99999999999999]
[90.86294416243655, 93.19796954314721, 95.22842639593908, 96.95431472081218, 97.36040609137055, 97.76649746192892, 98.17258883248729, 99.99999999999999]
[90.86294416243655, 93.19796954314721, 95.22842639593908, 96.95431472081218, 97.36040609137055, 97.76649746192892, 98.17258883248729, 99.99999999999999]
[90.86294416243655, 93.19796954314721, 95.22842639593908, 96.95431472081218, 97.36040609137055, 97.76649746192892, 98.17258883248729, 99.99999999999999]
[90.86294416243655, 93.19796954314721, 95.22842639593908, 96.95431472081218, 97.36040609137055, 97.76649746192892, 98.17258883248729, 99.99999999999999]
[90.86294416243655, 93.19796954314721, 95.22842639593908, 96.95431472081218, 97.36040609137055, 97.76649746192892, 98.17258883248729, 99.99999999999999]
[90.86294416243655, 93.19796954314721, 95.22842639593908, 96.95431472081218, 97.36040609137055, 97.76649746192892, 98.17258883248729, 99.99999999999999]
[90.86294416243655, 93.19796954314721, 95.22842639593908, 96.95431472081218, 97.36040609137055, 97.76649746192892, 98.17258883248729, 99.99999999999999]
[90.86294416243655, 93.19796954314721, 95.22842639593908, 96.95431472081218, 97.36040609137055, 97.76649746192892, 98.17258883248729, 99.99999999999999]
[90.86294416243655, 93.19796954314721, 95.22842639593908, 96.95431472081218, 97.36040609137055, 97.76649746192892, 98.17258883248729, 99.99999999999999]
[90.86294416243655, 93.19796954314721, 95.22842639593908, 96.95431472081218, 97.36040609137055, 97.76649746192892, 98.17258883248729, 99.99999999999999]
[90.86294416243655, 93.19796954314721, 95.22842639593908, 96.95431472081218, 97.36040609137055, 97.76649746192892, 98.17258883248729, 99.99999999999999]
[90.86294416243655, 93.19796954314721, 95.22842639593908, 96.95431472081218, 97.36040609137055, 97.76649746192892, 98.17258883248729, 99.99999999999999]
[90.86294416243655, 93.19796954314721, 95.22842639593908, 96.95431472081218, 97.36040609137055, 97.76649746192892, 98.17258883248729, 99.99999999999999]
[90.86294416243655, 93.19796954314721, 95.22842639593908, 96.95431472081218, 97.36040609137055, 97.76649746192892, 98.17258883248729, 99.99999999999999]
[90.86294416243655, 93.19796954314721, 95.22842639593908, 96.95431472081218, 97.36040609137055, 97.76649746192892, 98.17258883248729, 99.99999999999999]
[90.86294416243655, 93.19796954314721, 95.22842639593908, 96.95431472081218, 97.36040609137055, 97.76649746192892, 98.17258883248729, 99.99999999999999]
[90.86294416243655, 93.19796954314721, 95.22842639593908, 96.95431472081218, 97.36040609137055, 97.76649746192892, 98.17258883248729, 99.99999999999999]
[90.86294416243655, 93.19796954314721, 95.22842639593908, 96.95431472081218, 97.36040609137055, 97.76649746192892, 98.17258883248729, 99.99999999999999]
[90.86294416243655, 93.19796954314721, 95.22842639593908, 96.95431472081218, 97.36040609137055, 97.76649746192892, 98.17258883248729, 99.99999999999999]
[90.86294416243655, 93.19796954314721, 95.22842639593908, 96.95431472081218, 97.36040609137055, 97.76649746192892, 98.17258883248729, 99.99999999999999]
[90.86294416243655, 93.19796954314721, 95.22842639593908, 96.95431472081218, 97.36040609137055, 97.76649746192892, 98.17258883248729, 99.99999999999999]
[90.86294416243655, 93.19796954314721, 95.22842639593908, 96.95431472081218, 97.36040609137055, 97.76649746192892, 98.17258883248729, 99.99999999999999]
[90.86294416243655, 93.19796954314721, 95.22842639593908, 96.95431472081218, 97.36040609137055, 97.76649746192892, 98.17258883248729, 99.99999999999999]
[90.86294416243655, 93.19796954314721, 95.22842639593908, 96.95431472081218, 97.36040609137055, 97.76649746192892, 98.17258883248729, 99.99999999999999]
[90.86294416243655, 93.19796954314721, 95.22842639593908, 96.95431472081218, 97.36040609137055, 97.76649746192892, 98.17258883248729, 99.99999999999999]
[90.86294416243655, 93.19796954314721, 95.22842639593908, 96.95431472081218, 97.36040609137055, 97.76649746192892, 98.17258883248729, 99.99999999999999]
[90.86294416243655, 93.19796954314721, 95.22842639593908, 96.95431472081218, 97.36040609137055, 97.76649746192892, 98.17258883248729, 99.99999999999999]
[90.86294416243655, 93.19796954314721, 95.22842639593908, 96.95431472081218, 97.36040609137055, 97.76649746192892, 98.17258883248729, 99.99999999999999]
[90.86294416243655, 93.19796954314721, 95.22842639593908, 96.95431472081218, 97.36040609137055, 97.76649746192892, 98.17258883248729, 99.99999999999999]
[90.86294416243655, 93.19796954314721, 95.22842639593908, 96.95431472081218, 97.36040609137055, 97.76649746192892, 98.17258883248729, 99.99999999999999]
[90.86294416243655, 93.19796954314721, 95.22842639593908, 96.95431472081218, 97.36040609137055, 97.76649746192892, 98.17258883248729, 99.99999999999999]
[90.86294416243655, 93.19796954314721, 95.22842639593908, 96.95431472081218, 97.36040609137055, 97.76649746192892, 98.17258883248729, 99.99999999999999]
[90.86294416243655, 93.19796954314721, 95.22842639593908, 96.95431472081218, 97.36040609137055, 97.76649746192892, 98.17258883248729, 99.99999999999999]
[89.23857868020305, 91.7766497461929, 95.2284263959391, 95.83756345177666, 97.46192893401016, 97.86802030456853, 99.08629441624366, 100.0]
[89.23857868020305, 91.7766497461929, 95.2284263959391, 95.83756345177666, 97.46192893401016, 97.86802030456853, 99.08629441624366, 100.0]
[89.23857868020305, 91.7766497461929, 95.2284263959391, 95.83756345177666, 97.46192893401016, 97.86802030456853, 99.08629441624366, 100.0]
[89.23857868020305, 91.7766497461929, 95.2284263959391, 95.83756345177666, 97.46192893401016, 97.86802030456853, 99.08629441624366, 100.0]
[89.23857868020305, 91.7766497461929, 95.2284263959391, 95.83756345177666, 97.46192893401016, 97.86802030456853, 99.08629441624366, 100.0]
[89.23857868020305, 91.7766497461929, 95.2284263959391, 95.83756345177666, 97.46192893401016, 97.86802030456853, 99.08629441624366, 100.0]
[89.23857868020305, 91.7766497461929, 95.2284263959391, 95.83756345177666, 97.46192893401016, 97.86802030456853, 99.08629441624366, 100.0]
[89.23857868020305, 91.7766497461929, 95.2284263959391, 95.83756345177666, 97.46192893401016, 97.86802030456853, 99.08629441624366, 100.0]
[89.23857868020305, 91.7766497461929, 95.2284263959391, 95.83756345177666, 97.46192893401016, 97.86802030456853, 99.08629441624366, 100.0]
[89.23857868020305, 91.7766497461929, 95.2284263959391, 95.83756345177666, 97.46192893401016, 97.86802030456853, 99.08629441624366, 100.0]
[89.23857868020305, 91.7766497461929, 95.2284263959391, 95.83756345177666, 97.46192893401016, 97.86802030456853, 99.08629441624366, 100.0]
[89.23857868020305, 91.7766497461929, 95.2284263959391, 95.83756345177666, 97.46192893401016, 97.86802030456853, 99.08629441624366, 100.0]
[89.23857868020305, 91.7766497461929, 95.2284263959391, 95.83756345177666, 97.46192893401016, 97.86802030456853, 99.08629441624366, 100.0]
[89.23857868020305, 91.7766497461929, 95.2284263959391, 95.83756345177666, 97.46192893401016, 97.86802030456853, 99.08629441624366, 100.0]
[89.23857868020305, 91.7766497461929, 95.2284263959391, 95.83756345177666, 97.46192893401016, 97.86802030456853, 99.08629441624366, 100.0]
[89.23857868020305, 91.7766497461929, 95.2284263959391, 95.83756345177666, 97.46192893401016, 97.86802030456853, 99.08629441624366, 100.0]
[89.23857868020305, 91.7766497461929, 95.2284263959391, 95.83756345177666, 97.46192893401016, 97.86802030456853, 99.08629441624366, 100.0]
[89.23857868020305, 91.7766497461929, 95.2284263959391, 95.83756345177666, 97.46192893401016, 97.86802030456853, 99.08629441624366, 100.0]
[89.23857868020305, 91.7766497461929, 95.2284263959391, 95.83756345177666, 97.46192893401016, 97.86802030456853, 99.08629441624366, 100.0]
[89.23857868020305, 91.7766497461929, 95.2284263959391, 95.83756345177666, 97.46192893401016, 97.86802030456853, 99.08629441624366, 100.0]
[89.23857868020305, 91.7766497461929, 95.2284263959391, 95.83756345177666, 97.46192893401016, 97.86802030456853, 99.08629441624366, 100.0]
[89.23857868020305, 91.7766497461929, 95.2284263959391, 95.83756345177666, 97.46192893401016, 97.86802030456853, 99.08629441624366, 100.0]
[89.23857868020305, 91.7766497461929, 95.2284263959391, 95.83756345177666, 97.46192893401016, 97.86802030456853, 99.08629441624366, 100.0]
[89.23857868020305, 91.7766497461929, 95.2284263959391, 95.83756345177666, 97.46192893401016, 97.86802030456853, 99.08629441624366, 100.0]
[89.23857868020305, 91.7766497461929, 95.2284263959391, 95.83756345177666, 97.46192893401016, 97.86802030456853, 99.08629441624366, 100.0]
[89.23857868020305, 91.7766497461929, 95.2284263959391, 95.83756345177666, 97.46192893401016, 97.86802030456853, 99.08629441624366, 100.0]
[89.23857868020305, 91.7766497461929, 95.2284263959391, 95.83756345177666, 97.46192893401016, 97.86802030456853, 99.08629441624366, 100.0]
[89.23857868020305, 91.7766497461929, 95.2284263959391, 95.83756345177666, 97.46192893401016, 97.86802030456853, 99.08629441624366, 100.0]
[89.23857868020305, 91.7766497461929, 95.2284263959391, 95.83756345177666, 97.46192893401016, 97.86802030456853, 99.08629441624366, 100.0]
[89.23857868020305, 91.7766497461929, 95.2284263959391, 95.83756345177666, 97.46192893401016, 97.86802030456853, 99.08629441624366, 100.0]
[89.23857868020305, 91.7766497461929, 95.2284263959391, 95.83756345177666, 97.46192893401016, 97.86802030456853, 99.08629441624366, 100.0]
[89.23857868020305, 91.7766497461929, 95.2284263959391, 95.83756345177666, 97.46192893401016, 97.86802030456853, 99.08629441624366, 100.0]
[89.23857868020305, 91.7766497461929, 95.2284263959391, 95.83756345177666, 97.46192893401016, 97.86802030456853, 99.08629441624366, 100.0]
[89.23857868020305, 91.7766497461929, 95.2284263959391, 95.83756345177666, 97.46192893401016, 97.86802030456853, 99.08629441624366, 100.0]
[89.23857868020305, 91.7766497461929, 95.2284263959391, 95.83756345177666, 97.46192893401016, 97.86802030456853, 99.08629441624366, 100.0]
[89.23857868020305, 91.7766497461929, 95.2284263959391, 95.83756345177666, 97.46192893401016, 97.86802030456853, 99.08629441624366, 100.0]
[89.23857868020305, 91.7766497461929, 95.2284263959391, 95.83756345177666, 97.46192893401016, 97.86802030456853, 99.08629441624366, 100.0]
[89.23857868020305, 91.7766497461929, 95.2284263959391, 95.83756345177666, 97.46192893401016, 97.86802030456853, 99.08629441624366, 100.0]
[89.44162436548223, 93.29949238578679, 95.32994923857866, 95.93908629441623, 97.56345177664973, 98.88324873096445, 99.08629441624365, 99.99999999999999]
[89.44162436548223, 93.29949238578679, 95.32994923857866, 95.93908629441623, 97.56345177664973, 98.88324873096445, 99.08629441624365, 99.99999999999999]
[89.44162436548223, 93.29949238578679, 95.32994923857866, 95.93908629441623, 97.56345177664973, 98.88324873096445, 99.08629441624365, 99.99999999999999]
[89.44162436548223, 93.29949238578679, 95.32994923857866, 95.93908629441623, 97.56345177664973, 98.88324873096445, 99.08629441624365, 99.99999999999999]
[89.44162436548223, 93.29949238578679, 95.32994923857866, 95.93908629441623, 97.56345177664973, 98.88324873096445, 99.08629441624365, 99.99999999999999]
[89.44162436548223, 93.29949238578679, 95.32994923857866, 95.93908629441623, 97.56345177664973, 98.88324873096445, 99.08629441624365, 99.99999999999999]
[89.44162436548223, 93.29949238578679, 95.32994923857866, 95.93908629441623, 97.56345177664973, 98.88324873096445, 99.08629441624365, 99.99999999999999]
[89.44162436548223, 93.29949238578679, 95.32994923857866, 95.93908629441623, 97.56345177664973, 98.88324873096445, 99.08629441624365, 99.99999999999999]
[89.44162436548223, 93.29949238578679, 95.32994923857866, 95.93908629441623, 97.56345177664973, 98.88324873096445, 99.08629441624365, 99.99999999999999]
[89.44162436548223, 93.29949238578679, 95.32994923857866, 95.93908629441623, 97.56345177664973, 98.88324873096445, 99.08629441624365, 99.99999999999999]
[89.44162436548223, 93.29949238578679, 95.32994923857866, 95.93908629441623, 97.56345177664973, 98.88324873096445, 99.08629441624365, 99.99999999999999]
[89.44162436548223, 93.29949238578679, 95.32994923857866, 95.93908629441623, 97.56345177664973, 98.88324873096445, 99.08629441624365, 99.99999999999999]
[89.44162436548223, 93.29949238578679, 95.32994923857866, 95.93908629441623, 97.56345177664973, 98.88324873096445, 99.08629441624365, 99.99999999999999]
[89.44162436548223, 93.29949238578679, 95.32994923857866, 95.93908629441623, 97.56345177664973, 98.88324873096445, 99.08629441624365, 99.99999999999999]
[89.44162436548223, 93.29949238578679, 95.32994923857866, 95.93908629441623, 97.56345177664973, 98.88324873096445, 99.08629441624365, 99.99999999999999]
[89.44162436548223, 93.29949238578679, 95.32994923857866, 95.93908629441623, 97.56345177664973, 98.88324873096445, 99.08629441624365, 99.99999999999999]
[89.44162436548223, 93.29949238578679, 95.32994923857866, 95.93908629441623, 97.56345177664973, 98.88324873096445, 99.08629441624365, 99.99999999999999]
[89.44162436548223, 93.29949238578679, 95.32994923857866, 95.93908629441623, 97.56345177664973, 98.88324873096445, 99.08629441624365, 99.99999999999999]
[89.44162436548223, 93.29949238578679, 95.32994923857866, 95.93908629441623, 97.56345177664973, 98.88324873096445, 99.08629441624365, 99.99999999999999]
[89.44162436548223, 93.29949238578679, 95.32994923857866, 95.93908629441623, 97.56345177664973, 98.88324873096445, 99.08629441624365, 99.99999999999999]
[89.44162436548223, 93.29949238578679, 95.32994923857866, 95.93908629441623, 97.56345177664973, 98.88324873096445, 99.08629441624365, 99.99999999999999]
[89.44162436548223, 93.29949238578679, 95.32994923857866, 95.93908629441623, 97.56345177664973, 98.88324873096445, 99.08629441624365, 99.99999999999999]
[89.44162436548223, 93.29949238578679, 95.32994923857866, 95.93908629441623, 97.56345177664973, 98.88324873096445, 99.08629441624365, 99.99999999999999]
[89.44162436548223, 93.29949238578679, 95.32994923857866, 95.93908629441623, 97.56345177664973, 98.88324873096445, 99.08629441624365, 99.99999999999999]
[89.44162436548223, 93.29949238578679, 95.32994923857866, 95.93908629441623, 97.56345177664973, 98.88324873096445, 99.08629441624365, 99.99999999999999]
[89.44162436548223, 93.29949238578679, 95.32994923857866, 95.93908629441623, 97.56345177664973, 98.88324873096445, 99.08629441624365, 99.99999999999999]
[89.44162436548223, 93.29949238578679, 95.32994923857866, 95.93908629441623, 97.56345177664973, 98.88324873096445, 99.08629441624365, 99.99999999999999]
[89.44162436548223, 93.29949238578679, 95.32994923857866, 95.93908629441623, 97.56345177664973, 98.88324873096445, 99.08629441624365, 99.99999999999999]
[89.44162436548223, 93.29949238578679, 95.32994923857866, 95.93908629441623, 97.56345177664973, 98.88324873096445, 99.08629441624365, 99.99999999999999]
[89.44162436548223, 93.29949238578679, 95.32994923857866, 95.93908629441623, 97.56345177664973, 98.88324873096445, 99.08629441624365, 99.99999999999999]
[89.44162436548223, 93.29949238578679, 95.32994923857866, 95.93908629441623, 97.56345177664973, 98.88324873096445, 99.08629441624365, 99.99999999999999]
[89.44162436548223, 93.29949238578679, 95.32994923857866, 95.93908629441623, 97.56345177664973, 98.88324873096445, 99.08629441624365, 99.99999999999999]
[89.44162436548223, 93.29949238578679, 95.32994923857866, 95.93908629441623, 97.56345177664973, 98.88324873096445, 99.08629441624365, 99.99999999999999]
[89.44162436548223, 93.29949238578679, 95.32994923857866, 95.93908629441623, 97.56345177664973, 98.88324873096445, 99.08629441624365, 99.99999999999999]
[92.18274111675126, 92.99492385786802, 95.02538071065989, 96.75126903553299, 97.15736040609136, 97.56345177664973, 97.9695431472081, 98.37563451776647, 99.99999999999997]
[92.18274111675126, 92.99492385786802, 95.02538071065989, 96.75126903553299, 97.15736040609136, 97.56345177664973, 97.9695431472081, 98.37563451776647, 99.99999999999997]
[92.18274111675126, 92.99492385786802, 95.02538071065989, 96.75126903553299, 97.15736040609136, 97.56345177664973, 97.9695431472081, 98.37563451776647, 99.99999999999997]
[92.18274111675126, 92.99492385786802, 95.02538071065989, 96.75126903553299, 97.15736040609136, 97.56345177664973, 97.9695431472081, 98.37563451776647, 99.99999999999997]
[92.18274111675126, 92.99492385786802, 95.02538071065989, 96.75126903553299, 97.15736040609136, 97.56345177664973, 97.9695431472081, 98.37563451776647, 99.99999999999997]
[92.18274111675126, 92.99492385786802, 95.02538071065989, 96.75126903553299, 97.15736040609136, 97.56345177664973, 97.9695431472081, 98.37563451776647, 99.99999999999997]
[92.18274111675126, 92.99492385786802, 95.02538071065989, 96.75126903553299, 97.15736040609136, 97.56345177664973, 97.9695431472081, 98.37563451776647, 99.99999999999997]
[92.18274111675126, 92.99492385786802, 95.02538071065989, 96.75126903553299, 97.15736040609136, 97.56345177664973, 97.9695431472081, 98.37563451776647, 99.99999999999997]
[92.18274111675126, 92.99492385786802, 95.02538071065989, 96.75126903553299, 97.15736040609136, 97.56345177664973, 97.9695431472081, 98.37563451776647, 99.99999999999997]
[92.18274111675126, 92.99492385786802, 95.02538071065989, 96.75126903553299, 97.15736040609136, 97.56345177664973, 97.9695431472081, 98.37563451776647, 99.99999999999997]
[92.18274111675126, 92.99492385786802, 95.02538071065989, 96.75126903553299, 97.15736040609136, 97.56345177664973, 97.9695431472081, 98.37563451776647, 99.99999999999997]
[92.18274111675126, 92.99492385786802, 95.02538071065989, 96.75126903553299, 97.15736040609136, 97.56345177664973, 97.9695431472081, 98.37563451776647, 99.99999999999997]
[92.18274111675126, 92.99492385786802, 95.02538071065989, 96.75126903553299, 97.15736040609136, 97.56345177664973, 97.9695431472081, 98.37563451776647, 99.99999999999997]
[92.18274111675126, 92.99492385786802, 95.02538071065989, 96.75126903553299, 97.15736040609136, 97.56345177664973, 97.9695431472081, 98.37563451776647, 99.99999999999997]
[92.18274111675126, 92.99492385786802, 95.02538071065989, 96.75126903553299, 97.15736040609136, 97.56345177664973, 97.9695431472081, 98.37563451776647, 99.99999999999997]
[92.18274111675126, 92.99492385786802, 95.02538071065989, 96.75126903553299, 97.15736040609136, 97.56345177664973, 97.9695431472081, 98.37563451776647, 99.99999999999997]
[92.18274111675126, 92.99492385786802, 95.02538071065989, 96.75126903553299, 97.15736040609136, 97.56345177664973, 97.9695431472081, 98.37563451776647, 99.99999999999997]
[92.18274111675126, 92.99492385786802, 95.02538071065989, 96.75126903553299, 97.15736040609136, 97.56345177664973, 97.9695431472081, 98.37563451776647, 99.99999999999997]
[92.18274111675126, 92.99492385786802, 95.02538071065989, 96.75126903553299, 97.15736040609136, 97.56345177664973, 97.9695431472081, 98.37563451776647, 99.99999999999997]
[92.18274111675126, 92.99492385786802, 95.02538071065989, 96.75126903553299, 97.15736040609136, 97.56345177664973, 97.9695431472081, 98.37563451776647, 99.99999999999997]
[92.18274111675126, 92.99492385786802, 95.02538071065989, 96.75126903553299, 97.15736040609136, 97.56345177664973, 97.9695431472081, 98.37563451776647, 99.99999999999997]
[92.18274111675126, 92.99492385786802, 95.02538071065989, 96.75126903553299, 97.15736040609136, 97.56345177664973, 97.9695431472081, 98.37563451776647, 99.99999999999997]
[92.18274111675126, 92.99492385786802, 95.02538071065989, 96.75126903553299, 97.15736040609136, 97.56345177664973, 97.9695431472081, 98.37563451776647, 99.99999999999997]
[92.18274111675126, 92.99492385786802, 95.02538071065989, 96.75126903553299, 97.15736040609136, 97.56345177664973, 97.9695431472081, 98.37563451776647, 99.99999999999997]
[92.18274111675126, 92.99492385786802, 95.02538071065989, 96.75126903553299, 97.15736040609136, 97.56345177664973, 97.9695431472081, 98.37563451776647, 99.99999999999997]
[92.18274111675126, 92.99492385786802, 95.02538071065989, 96.75126903553299, 97.15736040609136, 97.56345177664973, 97.9695431472081, 98.37563451776647, 99.99999999999997]
[92.18274111675126, 92.99492385786802, 95.02538071065989, 96.75126903553299, 97.15736040609136, 97.56345177664973, 97.9695431472081, 98.37563451776647, 99.99999999999997]
[92.18274111675126, 92.99492385786802, 95.02538071065989, 96.75126903553299, 97.15736040609136, 97.56345177664973, 97.9695431472081, 98.37563451776647, 99.99999999999997]
[92.18274111675126, 92.99492385786802, 95.02538071065989, 96.75126903553299, 97.15736040609136, 97.56345177664973, 97.9695431472081, 98.37563451776647, 99.99999999999997]
[92.18274111675126, 92.99492385786802, 95.02538071065989, 96.75126903553299, 97.15736040609136, 97.56345177664973, 97.9695431472081, 98.37563451776647, 99.99999999999997]
[92.18274111675126, 92.99492385786802, 95.02538071065989, 96.75126903553299, 97.15736040609136, 97.56345177664973, 97.9695431472081, 98.37563451776647, 99.99999999999997]
[92.18274111675126, 92.99492385786802, 95.02538071065989, 96.75126903553299, 97.15736040609136, 97.56345177664973, 97.9695431472081, 98.37563451776647, 99.99999999999997]
[92.18274111675126, 92.99492385786802, 95.02538071065989, 96.75126903553299, 97.15736040609136, 97.56345177664973, 97.9695431472081, 98.37563451776647, 99.99999999999997]
[92.18274111675126, 92.99492385786802, 95.02538071065989, 96.75126903553299, 97.15736040609136, 97.56345177664973, 97.9695431472081, 98.37563451776647, 99.99999999999997]
[92.18274111675126, 92.99492385786802, 95.02538071065989, 96.75126903553299, 97.15736040609136, 97.56345177664973, 97.9695431472081, 98.37563451776647, 99.99999999999997]
[92.18274111675126, 92.99492385786802, 95.02538071065989, 96.75126903553299, 97.15736040609136, 97.56345177664973, 97.9695431472081, 98.37563451776647, 99.99999999999997]
[92.18274111675126, 92.99492385786802, 95.02538071065989, 96.75126903553299, 97.15736040609136, 97.56345177664973, 97.9695431472081, 98.37563451776647, 99.99999999999997]
[92.18274111675126, 92.99492385786802, 95.02538071065989, 96.75126903553299, 97.15736040609136, 97.56345177664973, 97.9695431472081, 98.37563451776647, 99.99999999999997]
[92.18274111675126, 92.99492385786802, 95.02538071065989, 96.75126903553299, 97.15736040609136, 97.56345177664973, 97.9695431472081, 98.37563451776647, 99.99999999999997]
[92.18274111675126, 92.99492385786802, 95.02538071065989, 96.75126903553299, 97.15736040609136, 97.56345177664973, 97.9695431472081, 98.37563451776647, 99.99999999999997]
[92.18274111675126, 92.99492385786802, 95.02538071065989, 96.75126903553299, 97.15736040609136, 97.56345177664973, 97.9695431472081, 98.37563451776647, 99.99999999999997]
[93.29949238578679, 96.04060913705582, 96.4467005076142, 96.85279187817257, 97.25888324873094, 97.66497461928931, 98.88324873096444, 99.18781725888321, 99.99999999999997]
[93.29949238578679, 96.04060913705582, 96.4467005076142, 96.85279187817257, 97.25888324873094, 97.66497461928931, 98.88324873096444, 99.18781725888321, 99.99999999999997]
[93.29949238578679, 96.04060913705582, 96.4467005076142, 96.85279187817257, 97.25888324873094, 97.66497461928931, 98.88324873096444, 99.18781725888321, 99.99999999999997]
[93.29949238578679, 96.04060913705582, 96.4467005076142, 96.85279187817257, 97.25888324873094, 97.66497461928931, 98.88324873096444, 99.18781725888321, 99.99999999999997]
[93.29949238578679, 96.04060913705582, 96.4467005076142, 96.85279187817257, 97.25888324873094, 97.66497461928931, 98.88324873096444, 99.18781725888321, 99.99999999999997]
[93.29949238578679, 96.04060913705582, 96.4467005076142, 96.85279187817257, 97.25888324873094, 97.66497461928931, 98.88324873096444, 99.18781725888321, 99.99999999999997]
[93.29949238578679, 96.04060913705582, 96.4467005076142, 96.85279187817257, 97.25888324873094, 97.66497461928931, 98.88324873096444, 99.18781725888321, 99.99999999999997]
[93.29949238578679, 96.04060913705582, 96.4467005076142, 96.85279187817257, 97.25888324873094, 97.66497461928931, 98.88324873096444, 99.18781725888321, 99.99999999999997]
[93.29949238578679, 96.04060913705582, 96.4467005076142, 96.85279187817257, 97.25888324873094, 97.66497461928931, 98.88324873096444, 99.18781725888321, 99.99999999999997]
[93.29949238578679, 96.04060913705582, 96.4467005076142, 96.85279187817257, 97.25888324873094, 97.66497461928931, 98.88324873096444, 99.18781725888321, 99.99999999999997]
[93.29949238578679, 96.04060913705582, 96.4467005076142, 96.85279187817257, 97.25888324873094, 97.66497461928931, 98.88324873096444, 99.18781725888321, 99.99999999999997]
[93.29949238578679, 96.04060913705582, 96.4467005076142, 96.85279187817257, 97.25888324873094, 97.66497461928931, 98.88324873096444, 99.18781725888321, 99.99999999999997]
[93.29949238578679, 96.04060913705582, 96.4467005076142, 96.85279187817257, 97.25888324873094, 97.66497461928931, 98.88324873096444, 99.18781725888321, 99.99999999999997]
[93.29949238578679, 96.04060913705582, 96.4467005076142, 96.85279187817257, 97.25888324873094, 97.66497461928931, 98.88324873096444, 99.18781725888321, 99.99999999999997]
[93.29949238578679, 96.04060913705582, 96.4467005076142, 96.85279187817257, 97.25888324873094, 97.66497461928931, 98.88324873096444, 99.18781725888321, 99.99999999999997]
[93.29949238578679, 96.04060913705582, 96.4467005076142, 96.85279187817257, 97.25888324873094, 97.66497461928931, 98.88324873096444, 99.18781725888321, 99.99999999999997]
[93.29949238578679, 96.04060913705582, 96.4467005076142, 96.85279187817257, 97.25888324873094, 97.66497461928931, 98.88324873096444, 99.18781725888321, 99.99999999999997]
[93.29949238578679, 96.04060913705582, 96.4467005076142, 96.85279187817257, 97.25888324873094, 97.66497461928931, 98.88324873096444, 99.18781725888321, 99.99999999999997]
[93.29949238578679, 96.04060913705582, 96.4467005076142, 96.85279187817257, 97.25888324873094, 97.66497461928931, 98.88324873096444, 99.18781725888321, 99.99999999999997]
[93.29949238578679, 96.04060913705582, 96.4467005076142, 96.85279187817257, 97.25888324873094, 97.66497461928931, 98.88324873096444, 99.18781725888321, 99.99999999999997]
[93.29949238578679, 96.04060913705582, 96.4467005076142, 96.85279187817257, 97.25888324873094, 97.66497461928931, 98.88324873096444, 99.18781725888321, 99.99999999999997]
[93.29949238578679, 96.04060913705582, 96.4467005076142, 96.85279187817257, 97.25888324873094, 97.66497461928931, 98.88324873096444, 99.18781725888321, 99.99999999999997]
[93.29949238578679, 96.04060913705582, 96.4467005076142, 96.85279187817257, 97.25888324873094, 97.66497461928931, 98.88324873096444, 99.18781725888321, 99.99999999999997]
[93.29949238578679, 96.04060913705582, 96.4467005076142, 96.85279187817257, 97.25888324873094, 97.66497461928931, 98.88324873096444, 99.18781725888321, 99.99999999999997]
[93.29949238578679, 96.04060913705582, 96.4467005076142, 96.85279187817257, 97.25888324873094, 97.66497461928931, 98.88324873096444, 99.18781725888321, 99.99999999999997]
[93.29949238578679, 96.04060913705582, 96.4467005076142, 96.85279187817257, 97.25888324873094, 97.66497461928931, 98.88324873096444, 99.18781725888321, 99.99999999999997]
[93.29949238578679, 96.04060913705582, 96.4467005076142, 96.85279187817257, 97.25888324873094, 97.66497461928931, 98.88324873096444, 99.18781725888321, 99.99999999999997]
[93.29949238578679, 96.04060913705582, 96.4467005076142, 96.85279187817257, 97.25888324873094, 97.66497461928931, 98.88324873096444, 99.18781725888321, 99.99999999999997]
[93.29949238578679, 96.04060913705582, 96.4467005076142, 96.85279187817257, 97.25888324873094, 97.66497461928931, 98.88324873096444, 99.18781725888321, 99.99999999999997]
[93.29949238578679, 96.04060913705582, 96.4467005076142, 96.85279187817257, 97.25888324873094, 97.66497461928931, 98.88324873096444, 99.18781725888321, 99.99999999999997]
[93.29949238578679, 96.04060913705582, 96.4467005076142, 96.85279187817257, 97.25888324873094, 97.66497461928931, 98.88324873096444, 99.18781725888321, 99.99999999999997]
[93.29949238578679, 96.04060913705582, 96.4467005076142, 96.85279187817257, 97.25888324873094, 97.66497461928931, 98.88324873096444, 99.18781725888321, 99.99999999999997]
[93.29949238578679, 96.04060913705582, 96.4467005076142, 96.85279187817257, 97.25888324873094, 97.66497461928931, 98.88324873096444, 99.18781725888321, 99.99999999999997]
[93.29949238578679, 96.04060913705582, 96.4467005076142, 96.85279187817257, 97.25888324873094, 97.66497461928931, 98.88324873096444, 99.18781725888321, 99.99999999999997]
[93.29949238578679, 96.04060913705582, 96.4467005076142, 96.85279187817257, 97.25888324873094, 97.66497461928931, 98.88324873096444, 99.18781725888321, 99.99999999999997]
[93.29949238578679, 96.04060913705582, 96.4467005076142, 96.85279187817257, 97.25888324873094, 97.66497461928931, 98.88324873096444, 99.18781725888321, 99.99999999999997]
[93.29949238578679, 96.04060913705582, 96.4467005076142, 96.85279187817257, 97.25888324873094, 97.66497461928931, 98.88324873096444, 99.18781725888321, 99.99999999999997]
[93.29949238578679, 96.04060913705582, 96.4467005076142, 96.85279187817257, 97.25888324873094, 97.66497461928931, 98.88324873096444, 99.18781725888321, 99.99999999999997]
[93.29949238578679, 96.04060913705582, 96.4467005076142, 96.85279187817257, 97.25888324873094, 97.66497461928931, 98.88324873096444, 99.18781725888321, 99.99999999999997]
[93.29949238578679, 96.04060913705582, 96.4467005076142, 96.85279187817257, 97.25888324873094, 97.66497461928931, 98.88324873096444, 99.18781725888321, 99.99999999999997]
[93.29949238578679, 96.04060913705582, 96.4467005076142, 96.85279187817257, 97.25888324873094, 97.66497461928931, 98.88324873096444, 99.18781725888321, 99.99999999999997]
[93.6040609137056, 94.21319796954316, 94.82233502538072, 95.43147208121829, 96.04060913705585, 96.64974619289342, 98.07106598984774, 99.18781725888327, 100.00000000000003]
[93.6040609137056, 94.21319796954316, 94.82233502538072, 95.43147208121829, 96.04060913705585, 96.64974619289342, 98.07106598984774, 99.18781725888327, 100.00000000000003]
[93.6040609137056, 94.21319796954316, 94.82233502538072, 95.43147208121829, 96.04060913705585, 96.64974619289342, 98.07106598984774, 99.18781725888327, 100.00000000000003]
[93.6040609137056, 94.21319796954316, 94.82233502538072, 95.43147208121829, 96.04060913705585, 96.64974619289342, 98.07106598984774, 99.18781725888327, 100.00000000000003]
[93.6040609137056, 94.21319796954316, 94.82233502538072, 95.43147208121829, 96.04060913705585, 96.64974619289342, 98.07106598984774, 99.18781725888327, 100.00000000000003]
[93.6040609137056, 94.21319796954316, 94.82233502538072, 95.43147208121829, 96.04060913705585, 96.64974619289342, 98.07106598984774, 99.18781725888327, 100.00000000000003]
[93.6040609137056, 94.21319796954316, 94.82233502538072, 95.43147208121829, 96.04060913705585, 96.64974619289342, 98.07106598984774, 99.18781725888327, 100.00000000000003]
[93.6040609137056, 94.21319796954316, 94.82233502538072, 95.43147208121829, 96.04060913705585, 96.64974619289342, 98.07106598984774, 99.18781725888327, 100.00000000000003]
[93.6040609137056, 94.21319796954316, 94.82233502538072, 95.43147208121829, 96.04060913705585, 96.64974619289342, 98.07106598984774, 99.18781725888327, 100.00000000000003]
[93.6040609137056, 94.21319796954316, 94.82233502538072, 95.43147208121829, 96.04060913705585, 96.64974619289342, 98.07106598984774, 99.18781725888327, 100.00000000000003]
[93.6040609137056, 94.21319796954316, 94.82233502538072, 95.43147208121829, 96.04060913705585, 96.64974619289342, 98.07106598984774, 99.18781725888327, 100.00000000000003]
[93.6040609137056, 94.21319796954316, 94.82233502538072, 95.43147208121829, 96.04060913705585, 96.64974619289342, 98.07106598984774, 99.18781725888327, 100.00000000000003]
[93.6040609137056, 94.21319796954316, 94.82233502538072, 95.43147208121829, 96.04060913705585, 96.64974619289342, 98.07106598984774, 99.18781725888327, 100.00000000000003]
[93.6040609137056, 94.21319796954316, 94.82233502538072, 95.43147208121829, 96.04060913705585, 96.64974619289342, 98.07106598984774, 99.18781725888327, 100.00000000000003]
[93.6040609137056, 94.21319796954316, 94.82233502538072, 95.43147208121829, 96.04060913705585, 96.64974619289342, 98.07106598984774, 99.18781725888327, 100.00000000000003]
[93.6040609137056, 94.21319796954316, 94.82233502538072, 95.43147208121829, 96.04060913705585, 96.64974619289342, 98.07106598984774, 99.18781725888327, 100.00000000000003]
[93.6040609137056, 94.21319796954316, 94.82233502538072, 95.43147208121829, 96.04060913705585, 96.64974619289342, 98.07106598984774, 99.18781725888327, 100.00000000000003]
[93.6040609137056, 94.21319796954316, 94.82233502538072, 95.43147208121829, 96.04060913705585, 96.64974619289342, 98.07106598984774, 99.18781725888327, 100.00000000000003]
[93.6040609137056, 94.21319796954316, 94.82233502538072, 95.43147208121829, 96.04060913705585, 96.64974619289342, 98.07106598984774, 99.18781725888327, 100.00000000000003]
[93.6040609137056, 94.21319796954316, 94.82233502538072, 95.43147208121829, 96.04060913705585, 96.64974619289342, 98.07106598984774, 99.18781725888327, 100.00000000000003]
[93.6040609137056, 94.21319796954316, 94.82233502538072, 95.43147208121829, 96.04060913705585, 96.64974619289342, 98.07106598984774, 99.18781725888327, 100.00000000000003]
[93.6040609137056, 94.21319796954316, 94.82233502538072, 95.43147208121829, 96.04060913705585, 96.64974619289342, 98.07106598984774, 99.18781725888327, 100.00000000000003]
[93.6040609137056, 94.21319796954316, 94.82233502538072, 95.43147208121829, 96.04060913705585, 96.64974619289342, 98.07106598984774, 99.18781725888327, 100.00000000000003]
[93.6040609137056, 94.21319796954316, 94.82233502538072, 95.43147208121829, 96.04060913705585, 96.64974619289342, 98.07106598984774, 99.18781725888327, 100.00000000000003]
[93.6040609137056, 94.21319796954316, 94.82233502538072, 95.43147208121829, 96.04060913705585, 96.64974619289342, 98.07106598984774, 99.18781725888327, 100.00000000000003]
[93.6040609137056, 94.21319796954316, 94.82233502538072, 95.43147208121829, 96.04060913705585, 96.64974619289342, 98.07106598984774, 99.18781725888327, 100.00000000000003]
[93.6040609137056, 94.21319796954316, 94.82233502538072, 95.43147208121829, 96.04060913705585, 96.64974619289342, 98.07106598984774, 99.18781725888327, 100.00000000000003]
[93.6040609137056, 94.21319796954316, 94.82233502538072, 95.43147208121829, 96.04060913705585, 96.64974619289342, 98.07106598984774, 99.18781725888327, 100.00000000000003]
[93.6040609137056, 94.21319796954316, 94.82233502538072, 95.43147208121829, 96.04060913705585, 96.64974619289342, 98.07106598984774, 99.18781725888327, 100.00000000000003]
[93.6040609137056, 94.21319796954316, 94.82233502538072, 95.43147208121829, 96.04060913705585, 96.64974619289342, 98.07106598984774, 99.18781725888327, 100.00000000000003]
[93.6040609137056, 94.21319796954316, 94.82233502538072, 95.43147208121829, 96.04060913705585, 96.64974619289342, 98.07106598984774, 99.18781725888327, 100.00000000000003]
[93.6040609137056, 94.21319796954316, 94.82233502538072, 95.43147208121829, 96.04060913705585, 96.64974619289342, 98.07106598984774, 99.18781725888327, 100.00000000000003]
[93.6040609137056, 94.21319796954316, 94.82233502538072, 95.43147208121829, 96.04060913705585, 96.64974619289342, 98.07106598984774, 99.18781725888327, 100.00000000000003]
[93.6040609137056, 94.21319796954316, 94.82233502538072, 95.43147208121829, 96.04060913705585, 96.64974619289342, 98.07106598984774, 99.18781725888327, 100.00000000000003]
[93.6040609137056, 94.21319796954316, 94.82233502538072, 95.43147208121829, 96.04060913705585, 96.64974619289342, 98.07106598984774, 99.18781725888327, 100.00000000000003]
[90.45685279187818, 91.47208121827411, 92.48730964467005, 95.73604060913705, 97.36040609137055, 98.68020304568527, 98.88324873096447, 99.08629441624366, 99.28934010152285, 100.00000000000001]
[90.45685279187818, 91.47208121827411, 92.48730964467005, 95.73604060913705, 97.36040609137055, 98.68020304568527, 98.88324873096447, 99.08629441624366, 99.28934010152285, 100.00000000000001]
[90.45685279187818, 91.47208121827411, 92.48730964467005, 95.73604060913705, 97.36040609137055, 98.68020304568527, 98.88324873096447, 99.08629441624366, 99.28934010152285, 100.00000000000001]
[90.45685279187818, 91.47208121827411, 92.48730964467005, 95.73604060913705, 97.36040609137055, 98.68020304568527, 98.88324873096447, 99.08629441624366, 99.28934010152285, 100.00000000000001]
[90.45685279187818, 91.47208121827411, 92.48730964467005, 95.73604060913705, 97.36040609137055, 98.68020304568527, 98.88324873096447, 99.08629441624366, 99.28934010152285, 100.00000000000001]
[90.45685279187818, 91.47208121827411, 92.48730964467005, 95.73604060913705, 97.36040609137055, 98.68020304568527, 98.88324873096447, 99.08629441624366, 99.28934010152285, 100.00000000000001]
[90.45685279187818, 91.47208121827411, 92.48730964467005, 95.73604060913705, 97.36040609137055, 98.68020304568527, 98.88324873096447, 99.08629441624366, 99.28934010152285, 100.00000000000001]
[90.45685279187818, 91.47208121827411, 92.48730964467005, 95.73604060913705, 97.36040609137055, 98.68020304568527, 98.88324873096447, 99.08629441624366, 99.28934010152285, 100.00000000000001]
[90.45685279187818, 91.47208121827411, 92.48730964467005, 95.73604060913705, 97.36040609137055, 98.68020304568527, 98.88324873096447, 99.08629441624366, 99.28934010152285, 100.00000000000001]
[90.45685279187818, 91.47208121827411, 92.48730964467005, 95.73604060913705, 97.36040609137055, 98.68020304568527, 98.88324873096447, 99.08629441624366, 99.28934010152285, 100.00000000000001]
[90.45685279187818, 91.47208121827411, 92.48730964467005, 95.73604060913705, 97.36040609137055, 98.68020304568527, 98.88324873096447, 99.08629441624366, 99.28934010152285, 100.00000000000001]
[90.45685279187818, 91.47208121827411, 92.48730964467005, 95.73604060913705, 97.36040609137055, 98.68020304568527, 98.88324873096447, 99.08629441624366, 99.28934010152285, 100.00000000000001]
[90.45685279187818, 91.47208121827411, 92.48730964467005, 95.73604060913705, 97.36040609137055, 98.68020304568527, 98.88324873096447, 99.08629441624366, 99.28934010152285, 100.00000000000001]
[90.45685279187818, 91.47208121827411, 92.48730964467005, 95.73604060913705, 97.36040609137055, 98.68020304568527, 98.88324873096447, 99.08629441624366, 99.28934010152285, 100.00000000000001]
[90.45685279187818, 91.47208121827411, 92.48730964467005, 95.73604060913705, 97.36040609137055, 98.68020304568527, 98.88324873096447, 99.08629441624366, 99.28934010152285, 100.00000000000001]
[90.45685279187818, 91.47208121827411, 92.48730964467005, 95.73604060913705, 97.36040609137055, 98.68020304568527, 98.88324873096447, 99.08629441624366, 99.28934010152285, 100.00000000000001]
[90.45685279187818, 91.47208121827411, 92.48730964467005, 95.73604060913705, 97.36040609137055, 98.68020304568527, 98.88324873096447, 99.08629441624366, 99.28934010152285, 100.00000000000001]
[90.45685279187818, 91.47208121827411, 92.48730964467005, 95.73604060913705, 97.36040609137055, 98.68020304568527, 98.88324873096447, 99.08629441624366, 99.28934010152285, 100.00000000000001]
[90.45685279187818, 91.47208121827411, 92.48730964467005, 95.73604060913705, 97.36040609137055, 98.68020304568527, 98.88324873096447, 99.08629441624366, 99.28934010152285, 100.00000000000001]
[90.45685279187818, 91.47208121827411, 92.48730964467005, 95.73604060913705, 97.36040609137055, 98.68020304568527, 98.88324873096447, 99.08629441624366, 99.28934010152285, 100.00000000000001]
[90.45685279187818, 91.47208121827411, 92.48730964467005, 95.73604060913705, 97.36040609137055, 98.68020304568527, 98.88324873096447, 99.08629441624366, 99.28934010152285, 100.00000000000001]
[90.45685279187818, 91.47208121827411, 92.48730964467005, 95.73604060913705, 97.36040609137055, 98.68020304568527, 98.88324873096447, 99.08629441624366, 99.28934010152285, 100.00000000000001]
[90.45685279187818, 91.47208121827411, 92.48730964467005, 95.73604060913705, 97.36040609137055, 98.68020304568527, 98.88324873096447, 99.08629441624366, 99.28934010152285, 100.00000000000001]
[90.45685279187818, 91.47208121827411, 92.48730964467005, 95.73604060913705, 97.36040609137055, 98.68020304568527, 98.88324873096447, 99.08629441624366, 99.28934010152285, 100.00000000000001]
[90.45685279187818, 91.47208121827411, 92.48730964467005, 95.73604060913705, 97.36040609137055, 98.68020304568527, 98.88324873096447, 99.08629441624366, 99.28934010152285, 100.00000000000001]
[90.45685279187818, 91.47208121827411, 92.48730964467005, 95.73604060913705, 97.36040609137055, 98.68020304568527, 98.88324873096447, 99.08629441624366, 99.28934010152285, 100.00000000000001]
[90.45685279187818, 91.47208121827411, 92.48730964467005, 95.73604060913705, 97.36040609137055, 98.68020304568527, 98.88324873096447, 99.08629441624366, 99.28934010152285, 100.00000000000001]
[90.45685279187818, 91.47208121827411, 92.48730964467005, 95.73604060913705, 97.36040609137055, 98.68020304568527, 98.88324873096447, 99.08629441624366, 99.28934010152285, 100.00000000000001]
[90.45685279187818, 91.47208121827411, 92.48730964467005, 95.73604060913705, 97.36040609137055, 98.68020304568527, 98.88324873096447, 99.08629441624366, 99.28934010152285, 100.00000000000001]
[90.45685279187818, 91.47208121827411, 92.48730964467005, 95.73604060913705, 97.36040609137055, 98.68020304568527, 98.88324873096447, 99.08629441624366, 99.28934010152285, 100.00000000000001]
[90.45685279187818, 91.47208121827411, 92.48730964467005, 95.73604060913705, 97.36040609137055, 98.68020304568527, 98.88324873096447, 99.08629441624366, 99.28934010152285, 100.00000000000001]
[90.45685279187818, 91.47208121827411, 92.48730964467005, 95.73604060913705, 97.36040609137055, 98.68020304568527, 98.88324873096447, 99.08629441624366, 99.28934010152285, 100.00000000000001]
[90.45685279187818, 91.47208121827411, 92.48730964467005, 95.73604060913705, 97.36040609137055, 98.68020304568527, 98.88324873096447, 99.08629441624366, 99.28934010152285, 100.00000000000001]
[90.45685279187818, 91.47208121827411, 92.48730964467005, 95.73604060913705, 97.36040609137055, 98.68020304568527, 98.88324873096447, 99.08629441624366, 99.28934010152285, 100.00000000000001]
[90.45685279187818, 91.47208121827411, 92.48730964467005, 95.73604060913705, 97.36040609137055, 98.68020304568527, 98.88324873096447, 99.08629441624366, 99.28934010152285, 100.00000000000001]
[90.45685279187818, 91.47208121827411, 92.48730964467005, 95.73604060913705, 97.36040609137055, 98.68020304568527, 98.88324873096447, 99.08629441624366, 99.28934010152285, 100.00000000000001]
[90.45685279187818, 91.47208121827411, 92.48730964467005, 95.73604060913705, 97.36040609137055, 98.68020304568527, 98.88324873096447, 99.08629441624366, 99.28934010152285, 100.00000000000001]
[90.45685279187818, 91.47208121827411, 92.48730964467005, 95.73604060913705, 97.36040609137055, 98.68020304568527, 98.88324873096447, 99.08629441624366, 99.28934010152285, 100.00000000000001]
[90.45685279187818, 91.47208121827411, 92.48730964467005, 95.73604060913705, 97.36040609137055, 98.68020304568527, 98.88324873096447, 99.08629441624366, 99.28934010152285, 100.00000000000001]
[90.45685279187818, 91.47208121827411, 92.48730964467005, 95.73604060913705, 97.36040609137055, 98.68020304568527, 98.88324873096447, 99.08629441624366, 99.28934010152285, 100.00000000000001]
[90.45685279187818, 91.47208121827411, 92.48730964467005, 95.73604060913705, 97.36040609137055, 98.68020304568527, 98.88324873096447, 99.08629441624366, 99.28934010152285, 100.00000000000001]
[90.45685279187818, 91.47208121827411, 92.48730964467005, 95.73604060913705, 97.36040609137055, 98.68020304568527, 98.88324873096447, 99.08629441624366, 99.28934010152285, 100.00000000000001]
[90.45685279187818, 91.47208121827411, 92.48730964467005, 95.73604060913705, 97.36040609137055, 98.68020304568527, 98.88324873096447, 99.08629441624366, 99.28934010152285, 100.00000000000001]
[90.45685279187818, 91.47208121827411, 92.48730964467005, 95.73604060913705, 97.36040609137055, 98.68020304568527, 98.88324873096447, 99.08629441624366, 99.28934010152285, 100.00000000000001]
[90.45685279187818, 91.47208121827411, 92.48730964467005, 95.73604060913705, 97.36040609137055, 98.68020304568527, 98.88324873096447, 99.08629441624366, 99.28934010152285, 100.00000000000001]
[90.45685279187818, 91.47208121827411, 92.48730964467005, 95.73604060913705, 97.36040609137055, 98.68020304568527, 98.88324873096447, 99.08629441624366, 99.28934010152285, 100.00000000000001]
[90.45685279187818, 91.47208121827411, 92.48730964467005, 95.73604060913705, 97.36040609137055, 98.68020304568527, 98.88324873096447, 99.08629441624366, 99.28934010152285, 100.00000000000001]
[90.45685279187818, 91.47208121827411, 92.48730964467005, 95.73604060913705, 97.36040609137055, 98.68020304568527, 98.88324873096447, 99.08629441624366, 99.28934010152285, 100.00000000000001]
[82.63959390862944, 96.75126903553299, 97.15736040609136, 98.68020304568526, 98.88324873096445, 99.99999999999999]
[82.63959390862944, 96.75126903553299, 97.15736040609136, 98.68020304568526, 98.88324873096445, 99.99999999999999]
[82.63959390862944, 96.75126903553299, 97.15736040609136, 98.68020304568526, 98.88324873096445, 99.99999999999999]
[82.63959390862944, 96.75126903553299, 97.15736040609136, 98.68020304568526, 98.88324873096445, 99.99999999999999]
[82.63959390862944, 96.75126903553299, 97.15736040609136, 98.68020304568526, 98.88324873096445, 99.99999999999999]
[82.63959390862944, 96.75126903553299, 97.15736040609136, 98.68020304568526, 98.88324873096445, 99.99999999999999]
[82.63959390862944, 96.75126903553299, 97.15736040609136, 98.68020304568526, 98.88324873096445, 99.99999999999999]
[82.63959390862944, 96.75126903553299, 97.15736040609136, 98.68020304568526, 98.88324873096445, 99.99999999999999]
[82.63959390862944, 96.75126903553299, 97.15736040609136, 98.68020304568526, 98.88324873096445, 99.99999999999999]
[82.63959390862944, 96.75126903553299, 97.15736040609136, 98.68020304568526, 98.88324873096445, 99.99999999999999]
[82.63959390862944, 96.75126903553299, 97.15736040609136, 98.68020304568526, 98.88324873096445, 99.99999999999999]
[82.63959390862944, 96.75126903553299, 97.15736040609136, 98.68020304568526, 98.88324873096445, 99.99999999999999]
[82.63959390862944, 96.75126903553299, 97.15736040609136, 98.68020304568526, 98.88324873096445, 99.99999999999999]
[82.63959390862944, 96.75126903553299, 97.15736040609136, 98.68020304568526, 98.88324873096445, 99.99999999999999]
[82.63959390862944, 96.75126903553299, 97.15736040609136, 98.68020304568526, 98.88324873096445, 99.99999999999999]
[82.63959390862944, 96.75126903553299, 97.15736040609136, 98.68020304568526, 98.88324873096445, 99.99999999999999]
[82.63959390862944, 96.75126903553299, 97.15736040609136, 98.68020304568526, 98.88324873096445, 99.99999999999999]
[82.63959390862944, 96.75126903553299, 97.15736040609136, 98.68020304568526, 98.88324873096445, 99.99999999999999]
[82.63959390862944, 96.75126903553299, 97.15736040609136, 98.68020304568526, 98.88324873096445, 99.99999999999999]
[82.63959390862944, 96.75126903553299, 97.15736040609136, 98.68020304568526, 98.88324873096445, 99.99999999999999]
[82.63959390862944, 96.75126903553299, 97.15736040609136, 98.68020304568526, 98.88324873096445, 99.99999999999999]
[82.63959390862944, 96.75126903553299, 97.15736040609136, 98.68020304568526, 98.88324873096445, 99.99999999999999]
[82.63959390862944, 96.75126903553299, 97.15736040609136, 98.68020304568526, 98.88324873096445, 99.99999999999999]
[82.63959390862944, 96.75126903553299, 97.15736040609136, 98.68020304568526, 98.88324873096445, 99.99999999999999]
[82.63959390862944, 96.75126903553299, 97.15736040609136, 98.68020304568526, 98.88324873096445, 99.99999999999999]
[82.63959390862944, 96.75126903553299, 97.15736040609136, 98.68020304568526, 98.88324873096445, 99.99999999999999]
[82.63959390862944, 96.75126903553299, 97.15736040609136, 98.68020304568526, 98.88324873096445, 99.99999999999999]
[82.63959390862944, 96.75126903553299, 97.15736040609136, 98.68020304568526, 98.88324873096445, 99.99999999999999]
[82.63959390862944, 96.75126903553299, 97.15736040609136, 98.68020304568526, 98.88324873096445, 99.99999999999999]
[82.63959390862944, 96.75126903553299, 97.15736040609136, 98.68020304568526, 98.88324873096445, 99.99999999999999]
[82.63959390862944, 96.75126903553299, 97.15736040609136, 98.68020304568526, 98.88324873096445, 99.99999999999999]
[82.63959390862944, 96.75126903553299, 97.15736040609136, 98.68020304568526, 98.88324873096445, 99.99999999999999]
[82.63959390862944, 96.75126903553299, 97.15736040609136, 98.68020304568526, 98.88324873096445, 99.99999999999999]
[82.63959390862944, 96.75126903553299, 97.15736040609136, 98.68020304568526, 98.88324873096445, 99.99999999999999]
[82.63959390862944, 96.75126903553299, 97.15736040609136, 98.68020304568526, 98.88324873096445, 99.99999999999999]
[82.63959390862944, 96.75126903553299, 97.15736040609136, 98.68020304568526, 98.88324873096445, 99.99999999999999]
[82.63959390862944, 96.75126903553299, 97.15736040609136, 98.68020304568526, 98.88324873096445, 99.99999999999999]
[82.63959390862944, 96.75126903553299, 97.15736040609136, 98.68020304568526, 98.88324873096445, 99.99999999999999]
[82.63959390862944, 96.75126903553299, 97.15736040609136, 98.68020304568526, 98.88324873096445, 99.99999999999999]
[82.63959390862944, 96.75126903553299, 97.15736040609136, 98.68020304568526, 98.88324873096445, 99.99999999999999]
[82.63959390862944, 96.75126903553299, 97.15736040609136, 98.68020304568526, 98.88324873096445, 99.99999999999999]
[82.63959390862944, 96.75126903553299, 97.15736040609136, 98.68020304568526, 98.88324873096445, 99.99999999999999]
[82.63959390862944, 96.75126903553299, 97.15736040609136, 98.68020304568526, 98.88324873096445, 99.99999999999999]
[82.63959390862944, 96.75126903553299, 97.15736040609136, 98.68020304568526, 98.88324873096445, 99.99999999999999]
[82.63959390862944, 96.75126903553299, 97.15736040609136, 98.68020304568526, 98.88324873096445, 99.99999999999999]
[82.63959390862944, 96.75126903553299, 97.15736040609136, 98.68020304568526, 98.88324873096445, 99.99999999999999]
[82.63959390862944, 96.75126903553299, 97.15736040609136, 98.68020304568526, 98.88324873096445, 99.99999999999999]
[82.63959390862944, 96.75126903553299, 97.15736040609136, 98.68020304568526, 98.88324873096445, 99.99999999999999]
[82.63959390862944, 96.75126903553299, 97.15736040609136, 98.68020304568526, 98.88324873096445, 99.99999999999999]
[82.63959390862944, 96.75126903553299, 97.15736040609136, 98.68020304568526, 98.88324873096445, 99.99999999999999]
[82.63959390862944, 96.75126903553299, 97.15736040609136, 98.68020304568526, 98.88324873096445, 99.99999999999999]
[88.1218274111675, 93.60406091370557, 95.63451776649744, 98.47715736040607, 98.68020304568526, 98.88324873096445, 99.08629441624365, 99.99999999999999]
[88.1218274111675, 93.60406091370557, 95.63451776649744, 98.47715736040607, 98.68020304568526, 98.88324873096445, 99.08629441624365, 99.99999999999999]
[88.1218274111675, 93.60406091370557, 95.63451776649744, 98.47715736040607, 98.68020304568526, 98.88324873096445, 99.08629441624365, 99.99999999999999]
[88.1218274111675, 93.60406091370557, 95.63451776649744, 98.47715736040607, 98.68020304568526, 98.88324873096445, 99.08629441624365, 99.99999999999999]
[88.1218274111675, 93.60406091370557, 95.63451776649744, 98.47715736040607, 98.68020304568526, 98.88324873096445, 99.08629441624365, 99.99999999999999]
[88.1218274111675, 93.60406091370557, 95.63451776649744, 98.47715736040607, 98.68020304568526, 98.88324873096445, 99.08629441624365, 99.99999999999999]
[88.1218274111675, 93.60406091370557, 95.63451776649744, 98.47715736040607, 98.68020304568526, 98.88324873096445, 99.08629441624365, 99.99999999999999]
[88.1218274111675, 93.60406091370557, 95.63451776649744, 98.47715736040607, 98.68020304568526, 98.88324873096445, 99.08629441624365, 99.99999999999999]
[88.1218274111675, 93.60406091370557, 95.63451776649744, 98.47715736040607, 98.68020304568526, 98.88324873096445, 99.08629441624365, 99.99999999999999]
[88.1218274111675, 93.60406091370557, 95.63451776649744, 98.47715736040607, 98.68020304568526, 98.88324873096445, 99.08629441624365, 99.99999999999999]
[88.1218274111675, 93.60406091370557, 95.63451776649744, 98.47715736040607, 98.68020304568526, 98.88324873096445, 99.08629441624365, 99.99999999999999]
[88.1218274111675, 93.60406091370557, 95.63451776649744, 98.47715736040607, 98.68020304568526, 98.88324873096445, 99.08629441624365, 99.99999999999999]
[88.1218274111675, 93.60406091370557, 95.63451776649744, 98.47715736040607, 98.68020304568526, 98.88324873096445, 99.08629441624365, 99.99999999999999]
[88.1218274111675, 93.60406091370557, 95.63451776649744, 98.47715736040607, 98.68020304568526, 98.88324873096445, 99.08629441624365, 99.99999999999999]
[88.1218274111675, 93.60406091370557, 95.63451776649744, 98.47715736040607, 98.68020304568526, 98.88324873096445, 99.08629441624365, 99.99999999999999]
[88.1218274111675, 93.60406091370557, 95.63451776649744, 98.47715736040607, 98.68020304568526, 98.88324873096445, 99.08629441624365, 99.99999999999999]
[88.1218274111675, 93.60406091370557, 95.63451776649744, 98.47715736040607, 98.68020304568526, 98.88324873096445, 99.08629441624365, 99.99999999999999]
[88.1218274111675, 93.60406091370557, 95.63451776649744, 98.47715736040607, 98.68020304568526, 98.88324873096445, 99.08629441624365, 99.99999999999999]
[88.1218274111675, 93.60406091370557, 95.63451776649744, 98.47715736040607, 98.68020304568526, 98.88324873096445, 99.08629441624365, 99.99999999999999]
[88.1218274111675, 93.60406091370557, 95.63451776649744, 98.47715736040607, 98.68020304568526, 98.88324873096445, 99.08629441624365, 99.99999999999999]
[88.1218274111675, 93.60406091370557, 95.63451776649744, 98.47715736040607, 98.68020304568526, 98.88324873096445, 99.08629441624365, 99.99999999999999]
[88.1218274111675, 93.60406091370557, 95.63451776649744, 98.47715736040607, 98.68020304568526, 98.88324873096445, 99.08629441624365, 99.99999999999999]
[88.1218274111675, 93.60406091370557, 95.63451776649744, 98.47715736040607, 98.68020304568526, 98.88324873096445, 99.08629441624365, 99.99999999999999]
[88.1218274111675, 93.60406091370557, 95.63451776649744, 98.47715736040607, 98.68020304568526, 98.88324873096445, 99.08629441624365, 99.99999999999999]
[88.1218274111675, 93.60406091370557, 95.63451776649744, 98.47715736040607, 98.68020304568526, 98.88324873096445, 99.08629441624365, 99.99999999999999]
[88.1218274111675, 93.60406091370557, 95.63451776649744, 98.47715736040607, 98.68020304568526, 98.88324873096445, 99.08629441624365, 99.99999999999999]
[88.1218274111675, 93.60406091370557, 95.63451776649744, 98.47715736040607, 98.68020304568526, 98.88324873096445, 99.08629441624365, 99.99999999999999]
[88.1218274111675, 93.60406091370557, 95.63451776649744, 98.47715736040607, 98.68020304568526, 98.88324873096445, 99.08629441624365, 99.99999999999999]
[88.1218274111675, 93.60406091370557, 95.63451776649744, 98.47715736040607, 98.68020304568526, 98.88324873096445, 99.08629441624365, 99.99999999999999]
[88.1218274111675, 93.60406091370557, 95.63451776649744, 98.47715736040607, 98.68020304568526, 98.88324873096445, 99.08629441624365, 99.99999999999999]
[88.1218274111675, 93.60406091370557, 95.63451776649744, 98.47715736040607, 98.68020304568526, 98.88324873096445, 99.08629441624365, 99.99999999999999]
[88.1218274111675, 93.60406091370557, 95.63451776649744, 98.47715736040607, 98.68020304568526, 98.88324873096445, 99.08629441624365, 99.99999999999999]
[88.1218274111675, 93.60406091370557, 95.63451776649744, 98.47715736040607, 98.68020304568526, 98.88324873096445, 99.08629441624365, 99.99999999999999]
[88.1218274111675, 93.60406091370557, 95.63451776649744, 98.47715736040607, 98.68020304568526, 98.88324873096445, 99.08629441624365, 99.99999999999999]
[88.1218274111675, 93.60406091370557, 95.63451776649744, 98.47715736040607, 98.68020304568526, 98.88324873096445, 99.08629441624365, 99.99999999999999]
[88.1218274111675, 93.60406091370557, 95.63451776649744, 98.47715736040607, 98.68020304568526, 98.88324873096445, 99.08629441624365, 99.99999999999999]
[87.41116751269035, 91.67512690355329, 94.11167512690355, 96.95431472081218, 97.36040609137055, 97.76649746192892, 98.98477157360405, 99.18781725888324, 100.0]
[87.41116751269035, 91.67512690355329, 94.11167512690355, 96.95431472081218, 97.36040609137055, 97.76649746192892, 98.98477157360405, 99.18781725888324, 100.0]
[87.41116751269035, 91.67512690355329, 94.11167512690355, 96.95431472081218, 97.36040609137055, 97.76649746192892, 98.98477157360405, 99.18781725888324, 100.0]
[87.41116751269035, 91.67512690355329, 94.11167512690355, 96.95431472081218, 97.36040609137055, 97.76649746192892, 98.98477157360405, 99.18781725888324, 100.0]
[87.41116751269035, 91.67512690355329, 94.11167512690355, 96.95431472081218, 97.36040609137055, 97.76649746192892, 98.98477157360405, 99.18781725888324, 100.0]
[87.41116751269035, 91.67512690355329, 94.11167512690355, 96.95431472081218, 97.36040609137055, 97.76649746192892, 98.98477157360405, 99.18781725888324, 100.0]
[87.41116751269035, 91.67512690355329, 94.11167512690355, 96.95431472081218, 97.36040609137055, 97.76649746192892, 98.98477157360405, 99.18781725888324, 100.0]
[87.41116751269035, 91.67512690355329, 94.11167512690355, 96.95431472081218, 97.36040609137055, 97.76649746192892, 98.98477157360405, 99.18781725888324, 100.0]
[87.41116751269035, 91.67512690355329, 94.11167512690355, 96.95431472081218, 97.36040609137055, 97.76649746192892, 98.98477157360405, 99.18781725888324, 100.0]
[87.41116751269035, 91.67512690355329, 94.11167512690355, 96.95431472081218, 97.36040609137055, 97.76649746192892, 98.98477157360405, 99.18781725888324, 100.0]
[87.41116751269035, 91.67512690355329, 94.11167512690355, 96.95431472081218, 97.36040609137055, 97.76649746192892, 98.98477157360405, 99.18781725888324, 100.0]
[87.41116751269035, 91.67512690355329, 94.11167512690355, 96.95431472081218, 97.36040609137055, 97.76649746192892, 98.98477157360405, 99.18781725888324, 100.0]
[87.41116751269035, 91.67512690355329, 94.11167512690355, 96.95431472081218, 97.36040609137055, 97.76649746192892, 98.98477157360405, 99.18781725888324, 100.0]
[87.41116751269035, 91.67512690355329, 94.11167512690355, 96.95431472081218, 97.36040609137055, 97.76649746192892, 98.98477157360405, 99.18781725888324, 100.0]
[87.41116751269035, 91.67512690355329, 94.11167512690355, 96.95431472081218, 97.36040609137055, 97.76649746192892, 98.98477157360405, 99.18781725888324, 100.0]
[87.41116751269035, 91.67512690355329, 94.11167512690355, 96.95431472081218, 97.36040609137055, 97.76649746192892, 98.98477157360405, 99.18781725888324, 100.0]
[87.41116751269035, 91.67512690355329, 94.11167512690355, 96.95431472081218, 97.36040609137055, 97.76649746192892, 98.98477157360405, 99.18781725888324, 100.0]
[87.41116751269035, 91.67512690355329, 94.11167512690355, 96.95431472081218, 97.36040609137055, 97.76649746192892, 98.98477157360405, 99.18781725888324, 100.0]
[87.41116751269035, 91.67512690355329, 94.11167512690355, 96.95431472081218, 97.36040609137055, 97.76649746192892, 98.98477157360405, 99.18781725888324, 100.0]
[87.41116751269035, 91.67512690355329, 94.11167512690355, 96.95431472081218, 97.36040609137055, 97.76649746192892, 98.98477157360405, 99.18781725888324, 100.0]
[87.41116751269035, 91.67512690355329, 94.11167512690355, 96.95431472081218, 97.36040609137055, 97.76649746192892, 98.98477157360405, 99.18781725888324, 100.0]
[87.41116751269035, 91.67512690355329, 94.11167512690355, 96.95431472081218, 97.36040609137055, 97.76649746192892, 98.98477157360405, 99.18781725888324, 100.0]
[87.41116751269035, 91.67512690355329, 94.11167512690355, 96.95431472081218, 97.36040609137055, 97.76649746192892, 98.98477157360405, 99.18781725888324, 100.0]
[87.41116751269035, 91.67512690355329, 94.11167512690355, 96.95431472081218, 97.36040609137055, 97.76649746192892, 98.98477157360405, 99.18781725888324, 100.0]
[87.41116751269035, 91.67512690355329, 94.11167512690355, 96.95431472081218, 97.36040609137055, 97.76649746192892, 98.98477157360405, 99.18781725888324, 100.0]
[87.41116751269035, 91.67512690355329, 94.11167512690355, 96.95431472081218, 97.36040609137055, 97.76649746192892, 98.98477157360405, 99.18781725888324, 100.0]
[87.41116751269035, 91.67512690355329, 94.11167512690355, 96.95431472081218, 97.36040609137055, 97.76649746192892, 98.98477157360405, 99.18781725888324, 100.0]
[87.41116751269035, 91.67512690355329, 94.11167512690355, 96.95431472081218, 97.36040609137055, 97.76649746192892, 98.98477157360405, 99.18781725888324, 100.0]
[87.41116751269035, 91.67512690355329, 94.11167512690355, 96.95431472081218, 97.36040609137055, 97.76649746192892, 98.98477157360405, 99.18781725888324, 100.0]
[87.41116751269035, 91.67512690355329, 94.11167512690355, 96.95431472081218, 97.36040609137055, 97.76649746192892, 98.98477157360405, 99.18781725888324, 100.0]
[87.41116751269035, 91.67512690355329, 94.11167512690355, 96.95431472081218, 97.36040609137055, 97.76649746192892, 98.98477157360405, 99.18781725888324, 100.0]
[87.41116751269035, 91.67512690355329, 94.11167512690355, 96.95431472081218, 97.36040609137055, 97.76649746192892, 98.98477157360405, 99.18781725888324, 100.0]
[87.41116751269035, 91.67512690355329, 94.11167512690355, 96.95431472081218, 97.36040609137055, 97.76649746192892, 98.98477157360405, 99.18781725888324, 100.0]
[87.41116751269035, 91.67512690355329, 94.11167512690355, 96.95431472081218, 97.36040609137055, 97.76649746192892, 98.98477157360405, 99.18781725888324, 100.0]
[87.41116751269035, 91.67512690355329, 94.11167512690355, 96.95431472081218, 97.36040609137055, 97.76649746192892, 98.98477157360405, 99.18781725888324, 100.0]
[87.41116751269035, 91.67512690355329, 94.11167512690355, 96.95431472081218, 97.36040609137055, 97.76649746192892, 98.98477157360405, 99.18781725888324, 100.0]
[87.41116751269035, 91.67512690355329, 94.11167512690355, 96.95431472081218, 97.36040609137055, 97.76649746192892, 98.98477157360405, 99.18781725888324, 100.0]
[87.41116751269035, 91.67512690355329, 94.11167512690355, 96.95431472081218, 97.36040609137055, 97.76649746192892, 98.98477157360405, 99.18781725888324, 100.0]
[89.44162436548223, 93.29949238578679, 95.32994923857866, 95.93908629441623, 97.56345177664973, 98.88324873096445, 99.08629441624365, 99.99999999999999]
[89.44162436548223, 93.29949238578679, 95.32994923857866, 95.93908629441623, 97.56345177664973, 98.88324873096445, 99.08629441624365, 99.99999999999999]
[89.44162436548223, 93.29949238578679, 95.32994923857866, 95.93908629441623, 97.56345177664973, 98.88324873096445, 99.08629441624365, 99.99999999999999]
[89.44162436548223, 93.29949238578679, 95.32994923857866, 95.93908629441623, 97.56345177664973, 98.88324873096445, 99.08629441624365, 99.99999999999999]
[89.44162436548223, 93.29949238578679, 95.32994923857866, 95.93908629441623, 97.56345177664973, 98.88324873096445, 99.08629441624365, 99.99999999999999]
[89.44162436548223, 93.29949238578679, 95.32994923857866, 95.93908629441623, 97.56345177664973, 98.88324873096445, 99.08629441624365, 99.99999999999999]
[89.44162436548223, 93.29949238578679, 95.32994923857866, 95.93908629441623, 97.56345177664973, 98.88324873096445, 99.08629441624365, 99.99999999999999]
[89.44162436548223, 93.29949238578679, 95.32994923857866, 95.93908629441623, 97.56345177664973, 98.88324873096445, 99.08629441624365, 99.99999999999999]
[89.44162436548223, 93.29949238578679, 95.32994923857866, 95.93908629441623, 97.56345177664973, 98.88324873096445, 99.08629441624365, 99.99999999999999]
[89.44162436548223, 93.29949238578679, 95.32994923857866, 95.93908629441623, 97.56345177664973, 98.88324873096445, 99.08629441624365, 99.99999999999999]
[89.44162436548223, 93.29949238578679, 95.32994923857866, 95.93908629441623, 97.56345177664973, 98.88324873096445, 99.08629441624365, 99.99999999999999]
[89.44162436548223, 93.29949238578679, 95.32994923857866, 95.93908629441623, 97.56345177664973, 98.88324873096445, 99.08629441624365, 99.99999999999999]
[89.44162436548223, 93.29949238578679, 95.32994923857866, 95.93908629441623, 97.56345177664973, 98.88324873096445, 99.08629441624365, 99.99999999999999]
[89.44162436548223, 93.29949238578679, 95.32994923857866, 95.93908629441623, 97.56345177664973, 98.88324873096445, 99.08629441624365, 99.99999999999999]
[89.44162436548223, 93.29949238578679, 95.32994923857866, 95.93908629441623, 97.56345177664973, 98.88324873096445, 99.08629441624365, 99.99999999999999]
[89.44162436548223, 93.29949238578679, 95.32994923857866, 95.93908629441623, 97.56345177664973, 98.88324873096445, 99.08629441624365, 99.99999999999999]
[89.44162436548223, 93.29949238578679, 95.32994923857866, 95.93908629441623, 97.56345177664973, 98.88324873096445, 99.08629441624365, 99.99999999999999]
[89.44162436548223, 93.29949238578679, 95.32994923857866, 95.93908629441623, 97.56345177664973, 98.88324873096445, 99.08629441624365, 99.99999999999999]
[89.44162436548223, 93.29949238578679, 95.32994923857866, 95.93908629441623, 97.56345177664973, 98.88324873096445, 99.08629441624365, 99.99999999999999]
[89.44162436548223, 93.29949238578679, 95.32994923857866, 95.93908629441623, 97.56345177664973, 98.88324873096445, 99.08629441624365, 99.99999999999999]
[89.44162436548223, 93.29949238578679, 95.32994923857866, 95.93908629441623, 97.56345177664973, 98.88324873096445, 99.08629441624365, 99.99999999999999]
[89.44162436548223, 93.29949238578679, 95.32994923857866, 95.93908629441623, 97.56345177664973, 98.88324873096445, 99.08629441624365, 99.99999999999999]
[89.44162436548223, 93.29949238578679, 95.32994923857866, 95.93908629441623, 97.56345177664973, 98.88324873096445, 99.08629441624365, 99.99999999999999]
[89.44162436548223, 93.29949238578679, 95.32994923857866, 95.93908629441623, 97.56345177664973, 98.88324873096445, 99.08629441624365, 99.99999999999999]
[89.44162436548223, 93.29949238578679, 95.32994923857866, 95.93908629441623, 97.56345177664973, 98.88324873096445, 99.08629441624365, 99.99999999999999]
[89.44162436548223, 93.29949238578679, 95.32994923857866, 95.93908629441623, 97.56345177664973, 98.88324873096445, 99.08629441624365, 99.99999999999999]
[89.44162436548223, 93.29949238578679, 95.32994923857866, 95.93908629441623, 97.56345177664973, 98.88324873096445, 99.08629441624365, 99.99999999999999]
[89.44162436548223, 93.29949238578679, 95.32994923857866, 95.93908629441623, 97.56345177664973, 98.88324873096445, 99.08629441624365, 99.99999999999999]
[89.44162436548223, 93.29949238578679, 95.32994923857866, 95.93908629441623, 97.56345177664973, 98.88324873096445, 99.08629441624365, 99.99999999999999]
[89.44162436548223, 93.29949238578679, 95.32994923857866, 95.93908629441623, 97.56345177664973, 98.88324873096445, 99.08629441624365, 99.99999999999999]
[89.44162436548223, 93.29949238578679, 95.32994923857866, 95.93908629441623, 97.56345177664973, 98.88324873096445, 99.08629441624365, 99.99999999999999]
[89.44162436548223, 93.29949238578679, 95.32994923857866, 95.93908629441623, 97.56345177664973, 98.88324873096445, 99.08629441624365, 99.99999999999999]
[89.44162436548223, 93.29949238578679, 95.32994923857866, 95.93908629441623, 97.56345177664973, 98.88324873096445, 99.08629441624365, 99.99999999999999]
[84.56852791878173, 92.99492385786802, 93.80710659898477, 96.8527918781726, 97.25888324873097, 97.66497461928934, 98.07106598984771, 99.18781725888324, 100.0]
[84.56852791878173, 92.99492385786802, 93.80710659898477, 96.8527918781726, 97.25888324873097, 97.66497461928934, 98.07106598984771, 99.18781725888324, 100.0]
[84.56852791878173, 92.99492385786802, 93.80710659898477, 96.8527918781726, 97.25888324873097, 97.66497461928934, 98.07106598984771, 99.18781725888324, 100.0]
[84.56852791878173, 92.99492385786802, 93.80710659898477, 96.8527918781726, 97.25888324873097, 97.66497461928934, 98.07106598984771, 99.18781725888324, 100.0]
[84.56852791878173, 92.99492385786802, 93.80710659898477, 96.8527918781726, 97.25888324873097, 97.66497461928934, 98.07106598984771, 99.18781725888324, 100.0]
[84.56852791878173, 92.99492385786802, 93.80710659898477, 96.8527918781726, 97.25888324873097, 97.66497461928934, 98.07106598984771, 99.18781725888324, 100.0]
[84.56852791878173, 92.99492385786802, 93.80710659898477, 96.8527918781726, 97.25888324873097, 97.66497461928934, 98.07106598984771, 99.18781725888324, 100.0]
[84.56852791878173, 92.99492385786802, 93.80710659898477, 96.8527918781726, 97.25888324873097, 97.66497461928934, 98.07106598984771, 99.18781725888324, 100.0]
[84.56852791878173, 92.99492385786802, 93.80710659898477, 96.8527918781726, 97.25888324873097, 97.66497461928934, 98.07106598984771, 99.18781725888324, 100.0]
[84.56852791878173, 92.99492385786802, 93.80710659898477, 96.8527918781726, 97.25888324873097, 97.66497461928934, 98.07106598984771, 99.18781725888324, 100.0]
[84.56852791878173, 92.99492385786802, 93.80710659898477, 96.8527918781726, 97.25888324873097, 97.66497461928934, 98.07106598984771, 99.18781725888324, 100.0]
[84.56852791878173, 92.99492385786802, 93.80710659898477, 96.8527918781726, 97.25888324873097, 97.66497461928934, 98.07106598984771, 99.18781725888324, 100.0]
[84.56852791878173, 92.99492385786802, 93.80710659898477, 96.8527918781726, 97.25888324873097, 97.66497461928934, 98.07106598984771, 99.18781725888324, 100.0]
[84.56852791878173, 92.99492385786802, 93.80710659898477, 96.8527918781726, 97.25888324873097, 97.66497461928934, 98.07106598984771, 99.18781725888324, 100.0]
[84.56852791878173, 92.99492385786802, 93.80710659898477, 96.8527918781726, 97.25888324873097, 97.66497461928934, 98.07106598984771, 99.18781725888324, 100.0]
[84.56852791878173, 92.99492385786802, 93.80710659898477, 96.8527918781726, 97.25888324873097, 97.66497461928934, 98.07106598984771, 99.18781725888324, 100.0]
[84.56852791878173, 92.99492385786802, 93.80710659898477, 96.8527918781726, 97.25888324873097, 97.66497461928934, 98.07106598984771, 99.18781725888324, 100.0]
[84.56852791878173, 92.99492385786802, 93.80710659898477, 96.8527918781726, 97.25888324873097, 97.66497461928934, 98.07106598984771, 99.18781725888324, 100.0]
[84.56852791878173, 92.99492385786802, 93.80710659898477, 96.8527918781726, 97.25888324873097, 97.66497461928934, 98.07106598984771, 99.18781725888324, 100.0]
[84.56852791878173, 92.99492385786802, 93.80710659898477, 96.8527918781726, 97.25888324873097, 97.66497461928934, 98.07106598984771, 99.18781725888324, 100.0]
[84.56852791878173, 92.99492385786802, 93.80710659898477, 96.8527918781726, 97.25888324873097, 97.66497461928934, 98.07106598984771, 99.18781725888324, 100.0]
[84.56852791878173, 92.99492385786802, 93.80710659898477, 96.8527918781726, 97.25888324873097, 97.66497461928934, 98.07106598984771, 99.18781725888324, 100.0]
[84.56852791878173, 92.99492385786802, 93.80710659898477, 96.8527918781726, 97.25888324873097, 97.66497461928934, 98.07106598984771, 99.18781725888324, 100.0]
[84.56852791878173, 92.99492385786802, 93.80710659898477, 96.8527918781726, 97.25888324873097, 97.66497461928934, 98.07106598984771, 99.18781725888324, 100.0]
[84.56852791878173, 92.99492385786802, 93.80710659898477, 96.8527918781726, 97.25888324873097, 97.66497461928934, 98.07106598984771, 99.18781725888324, 100.0]
[84.56852791878173, 92.99492385786802, 93.80710659898477, 96.8527918781726, 97.25888324873097, 97.66497461928934, 98.07106598984771, 99.18781725888324, 100.0]
[84.56852791878173, 92.99492385786802, 93.80710659898477, 96.8527918781726, 97.25888324873097, 97.66497461928934, 98.07106598984771, 99.18781725888324, 100.0]
[84.56852791878173, 92.99492385786802, 93.80710659898477, 96.8527918781726, 97.25888324873097, 97.66497461928934, 98.07106598984771, 99.18781725888324, 100.0]
[84.56852791878173, 92.99492385786802, 93.80710659898477, 96.8527918781726, 97.25888324873097, 97.66497461928934, 98.07106598984771, 99.18781725888324, 100.0]
[84.56852791878173, 92.99492385786802, 93.80710659898477, 96.8527918781726, 97.25888324873097, 97.66497461928934, 98.07106598984771, 99.18781725888324, 100.0]
[84.56852791878173, 92.99492385786802, 93.80710659898477, 96.8527918781726, 97.25888324873097, 97.66497461928934, 98.07106598984771, 99.18781725888324, 100.0]
[84.56852791878173, 92.99492385786802, 93.80710659898477, 96.8527918781726, 97.25888324873097, 97.66497461928934, 98.07106598984771, 99.18781725888324, 100.0]
[84.56852791878173, 92.99492385786802, 93.80710659898477, 96.8527918781726, 97.25888324873097, 97.66497461928934, 98.07106598984771, 99.18781725888324, 100.0]
[84.56852791878173, 92.99492385786802, 93.80710659898477, 96.8527918781726, 97.25888324873097, 97.66497461928934, 98.07106598984771, 99.18781725888324, 100.0]
[84.56852791878173, 92.99492385786802, 93.80710659898477, 96.8527918781726, 97.25888324873097, 97.66497461928934, 98.07106598984771, 99.18781725888324, 100.0]
[84.56852791878173, 92.99492385786802, 93.80710659898477, 96.8527918781726, 97.25888324873097, 97.66497461928934, 98.07106598984771, 99.18781725888324, 100.0]
[84.56852791878173, 92.99492385786802, 93.80710659898477, 96.8527918781726, 97.25888324873097, 97.66497461928934, 98.07106598984771, 99.18781725888324, 100.0]
[84.56852791878173, 92.99492385786802, 93.80710659898477, 96.8527918781726, 97.25888324873097, 97.66497461928934, 98.07106598984771, 99.18781725888324, 100.0]
[84.56852791878173, 92.99492385786802, 93.80710659898477, 96.8527918781726, 97.25888324873097, 97.66497461928934, 98.07106598984771, 99.18781725888324, 100.0]
[84.56852791878173, 92.99492385786802, 93.80710659898477, 96.8527918781726, 97.25888324873097, 97.66497461928934, 98.07106598984771, 99.18781725888324, 100.0]
[84.56852791878173, 92.99492385786802, 93.80710659898477, 96.8527918781726, 97.25888324873097, 97.66497461928934, 98.07106598984771, 99.18781725888324, 100.0]
[92.48730964467005, 94.61928934010152, 96.44670050761421, 96.85279187817258, 97.25888324873095, 97.66497461928932, 98.88324873096445, 99.08629441624365, 99.28934010152284, 100.0]
[92.48730964467005, 94.61928934010152, 96.44670050761421, 96.85279187817258, 97.25888324873095, 97.66497461928932, 98.88324873096445, 99.08629441624365, 99.28934010152284, 100.0]
[92.48730964467005, 94.61928934010152, 96.44670050761421, 96.85279187817258, 97.25888324873095, 97.66497461928932, 98.88324873096445, 99.08629441624365, 99.28934010152284, 100.0]
[92.48730964467005, 94.61928934010152, 96.44670050761421, 96.85279187817258, 97.25888324873095, 97.66497461928932, 98.88324873096445, 99.08629441624365, 99.28934010152284, 100.0]
[92.48730964467005, 94.61928934010152, 96.44670050761421, 96.85279187817258, 97.25888324873095, 97.66497461928932, 98.88324873096445, 99.08629441624365, 99.28934010152284, 100.0]
[92.48730964467005, 94.61928934010152, 96.44670050761421, 96.85279187817258, 97.25888324873095, 97.66497461928932, 98.88324873096445, 99.08629441624365, 99.28934010152284, 100.0]
[92.48730964467005, 94.61928934010152, 96.44670050761421, 96.85279187817258, 97.25888324873095, 97.66497461928932, 98.88324873096445, 99.08629441624365, 99.28934010152284, 100.0]
[92.48730964467005, 94.61928934010152, 96.44670050761421, 96.85279187817258, 97.25888324873095, 97.66497461928932, 98.88324873096445, 99.08629441624365, 99.28934010152284, 100.0]
[92.48730964467005, 94.61928934010152, 96.44670050761421, 96.85279187817258, 97.25888324873095, 97.66497461928932, 98.88324873096445, 99.08629441624365, 99.28934010152284, 100.0]
[92.48730964467005, 94.61928934010152, 96.44670050761421, 96.85279187817258, 97.25888324873095, 97.66497461928932, 98.88324873096445, 99.08629441624365, 99.28934010152284, 100.0]
[92.48730964467005, 94.61928934010152, 96.44670050761421, 96.85279187817258, 97.25888324873095, 97.66497461928932, 98.88324873096445, 99.08629441624365, 99.28934010152284, 100.0]
[92.48730964467005, 94.61928934010152, 96.44670050761421, 96.85279187817258, 97.25888324873095, 97.66497461928932, 98.88324873096445, 99.08629441624365, 99.28934010152284, 100.0]
[92.48730964467005, 94.61928934010152, 96.44670050761421, 96.85279187817258, 97.25888324873095, 97.66497461928932, 98.88324873096445, 99.08629441624365, 99.28934010152284, 100.0]
[92.48730964467005, 94.61928934010152, 96.44670050761421, 96.85279187817258, 97.25888324873095, 97.66497461928932, 98.88324873096445, 99.08629441624365, 99.28934010152284, 100.0]
[92.48730964467005, 94.61928934010152, 96.44670050761421, 96.85279187817258, 97.25888324873095, 97.66497461928932, 98.88324873096445, 99.08629441624365, 99.28934010152284, 100.0]
[92.48730964467005, 94.61928934010152, 96.44670050761421, 96.85279187817258, 97.25888324873095, 97.66497461928932, 98.88324873096445, 99.08629441624365, 99.28934010152284, 100.0]
[92.48730964467005, 94.61928934010152, 96.44670050761421, 96.85279187817258, 97.25888324873095, 97.66497461928932, 98.88324873096445, 99.08629441624365, 99.28934010152284, 100.0]
[92.48730964467005, 94.61928934010152, 96.44670050761421, 96.85279187817258, 97.25888324873095, 97.66497461928932, 98.88324873096445, 99.08629441624365, 99.28934010152284, 100.0]
[92.48730964467005, 94.61928934010152, 96.44670050761421, 96.85279187817258, 97.25888324873095, 97.66497461928932, 98.88324873096445, 99.08629441624365, 99.28934010152284, 100.0]
[92.48730964467005, 94.61928934010152, 96.44670050761421, 96.85279187817258, 97.25888324873095, 97.66497461928932, 98.88324873096445, 99.08629441624365, 99.28934010152284, 100.0]
[92.48730964467005, 94.61928934010152, 96.44670050761421, 96.85279187817258, 97.25888324873095, 97.66497461928932, 98.88324873096445, 99.08629441624365, 99.28934010152284, 100.0]
[92.48730964467005, 94.61928934010152, 96.44670050761421, 96.85279187817258, 97.25888324873095, 97.66497461928932, 98.88324873096445, 99.08629441624365, 99.28934010152284, 100.0]
[92.48730964467005, 94.61928934010152, 96.44670050761421, 96.85279187817258, 97.25888324873095, 97.66497461928932, 98.88324873096445, 99.08629441624365, 99.28934010152284, 100.0]
[92.48730964467005, 94.61928934010152, 96.44670050761421, 96.85279187817258, 97.25888324873095, 97.66497461928932, 98.88324873096445, 99.08629441624365, 99.28934010152284, 100.0]
[92.48730964467005, 94.61928934010152, 96.44670050761421, 96.85279187817258, 97.25888324873095, 97.66497461928932, 98.88324873096445, 99.08629441624365, 99.28934010152284, 100.0]
[92.48730964467005, 94.61928934010152, 96.44670050761421, 96.85279187817258, 97.25888324873095, 97.66497461928932, 98.88324873096445, 99.08629441624365, 99.28934010152284, 100.0]
[92.48730964467005, 94.61928934010152, 96.44670050761421, 96.85279187817258, 97.25888324873095, 97.66497461928932, 98.88324873096445, 99.08629441624365, 99.28934010152284, 100.0]
[92.48730964467005, 94.61928934010152, 96.44670050761421, 96.85279187817258, 97.25888324873095, 97.66497461928932, 98.88324873096445, 99.08629441624365, 99.28934010152284, 100.0]
[92.48730964467005, 94.61928934010152, 96.44670050761421, 96.85279187817258, 97.25888324873095, 97.66497461928932, 98.88324873096445, 99.08629441624365, 99.28934010152284, 100.0]
[92.48730964467005, 94.61928934010152, 96.44670050761421, 96.85279187817258, 97.25888324873095, 97.66497461928932, 98.88324873096445, 99.08629441624365, 99.28934010152284, 100.0]
[92.48730964467005, 94.61928934010152, 96.44670050761421, 96.85279187817258, 97.25888324873095, 97.66497461928932, 98.88324873096445, 99.08629441624365, 99.28934010152284, 100.0]
[92.48730964467005, 94.61928934010152, 96.44670050761421, 96.85279187817258, 97.25888324873095, 97.66497461928932, 98.88324873096445, 99.08629441624365, 99.28934010152284, 100.0]
[92.48730964467005, 94.61928934010152, 96.44670050761421, 96.85279187817258, 97.25888324873095, 97.66497461928932, 98.88324873096445, 99.08629441624365, 99.28934010152284, 100.0]
[92.48730964467005, 94.61928934010152, 96.44670050761421, 96.85279187817258, 97.25888324873095, 97.66497461928932, 98.88324873096445, 99.08629441624365, 99.28934010152284, 100.0]
[92.48730964467005, 94.61928934010152, 96.44670050761421, 96.85279187817258, 97.25888324873095, 97.66497461928932, 98.88324873096445, 99.08629441624365, 99.28934010152284, 100.0]
[92.48730964467005, 94.61928934010152, 96.44670050761421, 96.85279187817258, 97.25888324873095, 97.66497461928932, 98.88324873096445, 99.08629441624365, 99.28934010152284, 100.0]
[92.48730964467005, 94.61928934010152, 96.44670050761421, 96.85279187817258, 97.25888324873095, 97.66497461928932, 98.88324873096445, 99.08629441624365, 99.28934010152284, 100.0]
[92.48730964467005, 94.61928934010152, 96.44670050761421, 96.85279187817258, 97.25888324873095, 97.66497461928932, 98.88324873096445, 99.08629441624365, 99.28934010152284, 100.0]
[92.48730964467005, 94.61928934010152, 96.44670050761421, 96.85279187817258, 97.25888324873095, 97.66497461928932, 98.88324873096445, 99.08629441624365, 99.28934010152284, 100.0]
[92.48730964467005, 94.61928934010152, 96.44670050761421, 96.85279187817258, 97.25888324873095, 97.66497461928932, 98.88324873096445, 99.08629441624365, 99.28934010152284, 100.0]
[90.65989847715737, 91.6751269035533, 93.90862944162437, 95.83756345177666, 96.44670050761422, 97.96954314720813, 100.0]
[90.65989847715737, 91.6751269035533, 93.90862944162437, 95.83756345177666, 96.44670050761422, 97.96954314720813, 100.0]
[90.65989847715737, 91.6751269035533, 93.90862944162437, 95.83756345177666, 96.44670050761422, 97.96954314720813, 100.0]
[90.65989847715737, 91.6751269035533, 93.90862944162437, 95.83756345177666, 96.44670050761422, 97.96954314720813, 100.0]
[90.65989847715737, 91.6751269035533, 93.90862944162437, 95.83756345177666, 96.44670050761422, 97.96954314720813, 100.0]
[90.65989847715737, 91.6751269035533, 93.90862944162437, 95.83756345177666, 96.44670050761422, 97.96954314720813, 100.0]
[90.65989847715737, 91.6751269035533, 93.90862944162437, 95.83756345177666, 96.44670050761422, 97.96954314720813, 100.0]
[90.65989847715737, 91.6751269035533, 93.90862944162437, 95.83756345177666, 96.44670050761422, 97.96954314720813, 100.0]
[90.65989847715737, 91.6751269035533, 93.90862944162437, 95.83756345177666, 96.44670050761422, 97.96954314720813, 100.0]
[90.65989847715737, 91.6751269035533, 93.90862944162437, 95.83756345177666, 96.44670050761422, 97.96954314720813, 100.0]
[90.65989847715737, 91.6751269035533, 93.90862944162437, 95.83756345177666, 96.44670050761422, 97.96954314720813, 100.0]
[90.65989847715737, 91.6751269035533, 93.90862944162437, 95.83756345177666, 96.44670050761422, 97.96954314720813, 100.0]
[90.65989847715737, 91.6751269035533, 93.90862944162437, 95.83756345177666, 96.44670050761422, 97.96954314720813, 100.0]
[90.65989847715737, 91.6751269035533, 93.90862944162437, 95.83756345177666, 96.44670050761422, 97.96954314720813, 100.0]
[90.65989847715737, 91.6751269035533, 93.90862944162437, 95.83756345177666, 96.44670050761422, 97.96954314720813, 100.0]
[90.65989847715737, 91.6751269035533, 93.90862944162437, 95.83756345177666, 96.44670050761422, 97.96954314720813, 100.0]
[90.65989847715737, 91.6751269035533, 93.90862944162437, 95.83756345177666, 96.44670050761422, 97.96954314720813, 100.0]
[90.65989847715737, 91.6751269035533, 93.90862944162437, 95.83756345177666, 96.44670050761422, 97.96954314720813, 100.0]
[90.65989847715737, 91.6751269035533, 93.90862944162437, 95.83756345177666, 96.44670050761422, 97.96954314720813, 100.0]
[90.65989847715737, 91.6751269035533, 93.90862944162437, 95.83756345177666, 96.44670050761422, 97.96954314720813, 100.0]
[90.65989847715737, 91.6751269035533, 93.90862944162437, 95.83756345177666, 96.44670050761422, 97.96954314720813, 100.0]
[90.65989847715737, 91.6751269035533, 93.90862944162437, 95.83756345177666, 96.44670050761422, 97.96954314720813, 100.0]
[90.65989847715737, 91.6751269035533, 93.90862944162437, 95.83756345177666, 96.44670050761422, 97.96954314720813, 100.0]
[90.65989847715737, 91.6751269035533, 93.90862944162437, 95.83756345177666, 96.44670050761422, 97.96954314720813, 100.0]
[90.65989847715737, 91.6751269035533, 93.90862944162437, 95.83756345177666, 96.44670050761422, 97.96954314720813, 100.0]
[90.65989847715737, 91.6751269035533, 93.90862944162437, 95.83756345177666, 96.44670050761422, 97.96954314720813, 100.0]
[90.65989847715737, 91.6751269035533, 93.90862944162437, 95.83756345177666, 96.44670050761422, 97.96954314720813, 100.0]
[90.65989847715737, 91.6751269035533, 93.90862944162437, 95.83756345177666, 96.44670050761422, 97.96954314720813, 100.0]
[90.65989847715737, 91.6751269035533, 93.90862944162437, 95.83756345177666, 96.44670050761422, 97.96954314720813, 100.0]
[90.65989847715737, 91.6751269035533, 93.90862944162437, 95.83756345177666, 96.44670050761422, 97.96954314720813, 100.0]
[90.65989847715737, 91.6751269035533, 93.90862944162437, 95.83756345177666, 96.44670050761422, 97.96954314720813, 100.0]
[90.65989847715737, 91.6751269035533, 93.90862944162437, 95.83756345177666, 96.44670050761422, 97.96954314720813, 100.0]
[90.65989847715737, 91.6751269035533, 93.90862944162437, 95.83756345177666, 96.44670050761422, 97.96954314720813, 100.0]
[90.65989847715737, 91.6751269035533, 93.90862944162437, 95.83756345177666, 96.44670050761422, 97.96954314720813, 100.0]
[90.65989847715737, 91.6751269035533, 93.90862944162437, 95.83756345177666, 96.44670050761422, 97.96954314720813, 100.0]
[90.65989847715737, 91.6751269035533, 93.90862944162437, 95.83756345177666, 96.44670050761422, 97.96954314720813, 100.0]
[90.65989847715737, 91.6751269035533, 93.90862944162437, 95.83756345177666, 96.44670050761422, 97.96954314720813, 100.0]
[84.46700507614213, 92.69035532994924, 100.0]
[84.46700507614213, 92.69035532994924, 100.0]
[84.46700507614213, 92.69035532994924, 100.0]
[84.46700507614213, 92.69035532994924, 100.0]
[84.46700507614213, 92.69035532994924, 100.0]
[84.46700507614213, 92.69035532994924, 100.0]
[84.46700507614213, 92.69035532994924, 100.0]
[84.46700507614213, 92.69035532994924, 100.0]
[84.46700507614213, 92.69035532994924, 100.0]
[84.46700507614213, 92.69035532994924, 100.0]
[84.46700507614213, 92.69035532994924, 100.0]
[84.46700507614213, 92.69035532994924, 100.0]
[84.46700507614213, 92.69035532994924, 100.0]
[84.46700507614213, 92.69035532994924, 100.0]
[84.46700507614213, 92.69035532994924, 100.0]
[84.46700507614213, 92.69035532994924, 100.0]
[84.46700507614213, 92.69035532994924, 100.0]
[84.46700507614213, 92.69035532994924, 100.0]
[84.46700507614213, 92.69035532994924, 100.0]
[84.46700507614213, 92.69035532994924, 100.0]
[84.46700507614213, 92.69035532994924, 100.0]
[84.46700507614213, 92.69035532994924, 100.0]
[84.46700507614213, 92.69035532994924, 100.0]
[84.46700507614213, 92.69035532994924, 100.0]
[84.46700507614213, 92.69035532994924, 100.0]
[84.46700507614213, 92.69035532994924, 100.0]
[84.46700507614213, 92.69035532994924, 100.0]
[84.46700507614213, 92.69035532994924, 100.0]
[84.46700507614213, 92.69035532994924, 100.0]
[84.46700507614213, 92.69035532994924, 100.0]
[84.46700507614213, 92.69035532994924, 100.0]
[84.46700507614213, 92.69035532994924, 100.0]
[84.46700507614213, 92.69035532994924, 100.0]
[84.46700507614213, 92.69035532994924, 100.0]
[84.46700507614213, 92.69035532994924, 100.0]
[84.46700507614213, 92.69035532994924, 100.0]
[84.46700507614213, 92.69035532994924, 100.0]
[84.46700507614213, 92.69035532994924, 100.0]
[84.46700507614213, 92.69035532994924, 100.0]
[84.46700507614213, 92.69035532994924, 100.0]
[84.46700507614213, 92.69035532994924, 100.0]
[84.46700507614213, 92.69035532994924, 100.0]
[84.46700507614213, 92.69035532994924, 100.0]
[84.46700507614213, 92.69035532994924, 100.0]
[84.46700507614213, 92.69035532994924, 100.0]
[84.46700507614213, 92.69035532994924, 100.0]
[84.46700507614213, 92.69035532994924, 100.0]
[84.46700507614213, 92.69035532994924, 100.0]
[96.34517766497463, 96.751269035533, 97.15736040609137, 97.56345177664974, 100.0]
[96.34517766497463, 96.751269035533, 97.15736040609137, 97.56345177664974, 100.0]
[96.34517766497463, 96.751269035533, 97.15736040609137, 97.56345177664974, 100.0]
[96.34517766497463, 96.751269035533, 97.15736040609137, 97.56345177664974, 100.0]
[96.34517766497463, 96.751269035533, 97.15736040609137, 97.56345177664974, 100.0]
[96.34517766497463, 96.751269035533, 97.15736040609137, 97.56345177664974, 100.0]
[96.34517766497463, 96.751269035533, 97.15736040609137, 97.56345177664974, 100.0]
[96.34517766497463, 96.751269035533, 97.15736040609137, 97.56345177664974, 100.0]
[96.34517766497463, 96.751269035533, 97.15736040609137, 97.56345177664974, 100.0]
[96.34517766497463, 96.751269035533, 97.15736040609137, 97.56345177664974, 100.0]
[96.34517766497463, 96.751269035533, 97.15736040609137, 97.56345177664974, 100.0]
[96.34517766497463, 96.751269035533, 97.15736040609137, 97.56345177664974, 100.0]
[96.34517766497463, 96.751269035533, 97.15736040609137, 97.56345177664974, 100.0]
[96.34517766497463, 96.751269035533, 97.15736040609137, 97.56345177664974, 100.0]
[96.34517766497463, 96.751269035533, 97.15736040609137, 97.56345177664974, 100.0]
[96.34517766497463, 96.751269035533, 97.15736040609137, 97.56345177664974, 100.0]
[96.34517766497463, 96.751269035533, 97.15736040609137, 97.56345177664974, 100.0]
[96.34517766497463, 96.751269035533, 97.15736040609137, 97.56345177664974, 100.0]
[96.34517766497463, 96.751269035533, 97.15736040609137, 97.56345177664974, 100.0]
[96.34517766497463, 96.751269035533, 97.15736040609137, 97.56345177664974, 100.0]
[96.34517766497463, 96.751269035533, 97.15736040609137, 97.56345177664974, 100.0]
[96.34517766497463, 96.751269035533, 97.15736040609137, 97.56345177664974, 100.0]
[96.34517766497463, 96.751269035533, 97.15736040609137, 97.56345177664974, 100.0]
[96.34517766497463, 96.751269035533, 97.15736040609137, 97.56345177664974, 100.0]
[96.34517766497463, 96.751269035533, 97.15736040609137, 97.56345177664974, 100.0]
[96.34517766497463, 96.751269035533, 97.15736040609137, 97.56345177664974, 100.0]
[96.34517766497463, 96.751269035533, 97.15736040609137, 97.56345177664974, 100.0]
[96.34517766497463, 96.751269035533, 97.15736040609137, 97.56345177664974, 100.0]
[96.34517766497463, 96.751269035533, 97.15736040609137, 97.56345177664974, 100.0]
[96.34517766497463, 96.751269035533, 97.15736040609137, 97.56345177664974, 100.0]
[96.34517766497463, 96.751269035533, 97.15736040609137, 97.56345177664974, 100.0]
[96.34517766497463, 96.751269035533, 97.15736040609137, 97.56345177664974, 100.0]
[96.34517766497463, 96.751269035533, 97.15736040609137, 97.56345177664974, 100.0]
[96.34517766497463, 96.751269035533, 97.15736040609137, 97.56345177664974, 100.0]
[96.34517766497463, 96.751269035533, 97.15736040609137, 97.56345177664974, 100.0]
[96.34517766497463, 96.751269035533, 97.15736040609137, 97.56345177664974, 100.0]
[96.34517766497463, 96.751269035533, 97.15736040609137, 97.56345177664974, 100.0]
[96.34517766497463, 96.751269035533, 97.15736040609137, 97.56345177664974, 100.0]
[96.34517766497463, 96.751269035533, 97.15736040609137, 97.56345177664974, 100.0]
[96.34517766497463, 96.751269035533, 97.15736040609137, 97.56345177664974, 100.0]
[96.34517766497463, 96.751269035533, 97.15736040609137, 97.56345177664974, 100.0]
[96.34517766497463, 96.751269035533, 97.15736040609137, 97.56345177664974, 100.0]
[96.34517766497463, 96.751269035533, 97.15736040609137, 97.56345177664974, 100.0]
[96.34517766497463, 96.751269035533, 97.15736040609137, 97.56345177664974, 100.0]
[96.34517766497463, 96.751269035533, 97.15736040609137, 97.56345177664974, 100.0]
[96.34517766497463, 96.751269035533, 97.15736040609137, 97.56345177664974, 100.0]
[96.34517766497463, 96.751269035533, 97.15736040609137, 97.56345177664974, 100.0]
[96.34517766497463, 96.751269035533, 97.15736040609137, 97.56345177664974, 100.0]
[96.34517766497463, 96.751269035533, 97.15736040609137, 97.56345177664974, 100.0]
[96.34517766497463, 96.751269035533, 97.15736040609137, 97.56345177664974, 100.0]
[96.34517766497463, 96.751269035533, 97.15736040609137, 97.56345177664974, 100.0]
[92.69035532994924, 94.82233502538071, 95.43147208121827, 97.15736040609137, 98.57868020304569, 98.78172588832489, 98.98477157360408, 99.18781725888327, 100.00000000000003]
[92.69035532994924, 94.82233502538071, 95.43147208121827, 97.15736040609137, 98.57868020304569, 98.78172588832489, 98.98477157360408, 99.18781725888327, 100.00000000000003]
[92.69035532994924, 94.82233502538071, 95.43147208121827, 97.15736040609137, 98.57868020304569, 98.78172588832489, 98.98477157360408, 99.18781725888327, 100.00000000000003]
[92.69035532994924, 94.82233502538071, 95.43147208121827, 97.15736040609137, 98.57868020304569, 98.78172588832489, 98.98477157360408, 99.18781725888327, 100.00000000000003]
[92.69035532994924, 94.82233502538071, 95.43147208121827, 97.15736040609137, 98.57868020304569, 98.78172588832489, 98.98477157360408, 99.18781725888327, 100.00000000000003]
[92.69035532994924, 94.82233502538071, 95.43147208121827, 97.15736040609137, 98.57868020304569, 98.78172588832489, 98.98477157360408, 99.18781725888327, 100.00000000000003]
[92.69035532994924, 94.82233502538071, 95.43147208121827, 97.15736040609137, 98.57868020304569, 98.78172588832489, 98.98477157360408, 99.18781725888327, 100.00000000000003]
[92.69035532994924, 94.82233502538071, 95.43147208121827, 97.15736040609137, 98.57868020304569, 98.78172588832489, 98.98477157360408, 99.18781725888327, 100.00000000000003]
[92.69035532994924, 94.82233502538071, 95.43147208121827, 97.15736040609137, 98.57868020304569, 98.78172588832489, 98.98477157360408, 99.18781725888327, 100.00000000000003]
[92.69035532994924, 94.82233502538071, 95.43147208121827, 97.15736040609137, 98.57868020304569, 98.78172588832489, 98.98477157360408, 99.18781725888327, 100.00000000000003]
[92.69035532994924, 94.82233502538071, 95.43147208121827, 97.15736040609137, 98.57868020304569, 98.78172588832489, 98.98477157360408, 99.18781725888327, 100.00000000000003]
[92.69035532994924, 94.82233502538071, 95.43147208121827, 97.15736040609137, 98.57868020304569, 98.78172588832489, 98.98477157360408, 99.18781725888327, 100.00000000000003]
[92.69035532994924, 94.82233502538071, 95.43147208121827, 97.15736040609137, 98.57868020304569, 98.78172588832489, 98.98477157360408, 99.18781725888327, 100.00000000000003]
[92.69035532994924, 94.82233502538071, 95.43147208121827, 97.15736040609137, 98.57868020304569, 98.78172588832489, 98.98477157360408, 99.18781725888327, 100.00000000000003]
[92.69035532994924, 94.82233502538071, 95.43147208121827, 97.15736040609137, 98.57868020304569, 98.78172588832489, 98.98477157360408, 99.18781725888327, 100.00000000000003]
[92.69035532994924, 94.82233502538071, 95.43147208121827, 97.15736040609137, 98.57868020304569, 98.78172588832489, 98.98477157360408, 99.18781725888327, 100.00000000000003]
[92.69035532994924, 94.82233502538071, 95.43147208121827, 97.15736040609137, 98.57868020304569, 98.78172588832489, 98.98477157360408, 99.18781725888327, 100.00000000000003]
[92.69035532994924, 94.82233502538071, 95.43147208121827, 97.15736040609137, 98.57868020304569, 98.78172588832489, 98.98477157360408, 99.18781725888327, 100.00000000000003]
[92.69035532994924, 94.82233502538071, 95.43147208121827, 97.15736040609137, 98.57868020304569, 98.78172588832489, 98.98477157360408, 99.18781725888327, 100.00000000000003]
[92.69035532994924, 94.82233502538071, 95.43147208121827, 97.15736040609137, 98.57868020304569, 98.78172588832489, 98.98477157360408, 99.18781725888327, 100.00000000000003]
[92.69035532994924, 94.82233502538071, 95.43147208121827, 97.15736040609137, 98.57868020304569, 98.78172588832489, 98.98477157360408, 99.18781725888327, 100.00000000000003]
[92.69035532994924, 94.82233502538071, 95.43147208121827, 97.15736040609137, 98.57868020304569, 98.78172588832489, 98.98477157360408, 99.18781725888327, 100.00000000000003]
[92.69035532994924, 94.82233502538071, 95.43147208121827, 97.15736040609137, 98.57868020304569, 98.78172588832489, 98.98477157360408, 99.18781725888327, 100.00000000000003]
[92.69035532994924, 94.82233502538071, 95.43147208121827, 97.15736040609137, 98.57868020304569, 98.78172588832489, 98.98477157360408, 99.18781725888327, 100.00000000000003]
[92.69035532994924, 94.82233502538071, 95.43147208121827, 97.15736040609137, 98.57868020304569, 98.78172588832489, 98.98477157360408, 99.18781725888327, 100.00000000000003]
[92.69035532994924, 94.82233502538071, 95.43147208121827, 97.15736040609137, 98.57868020304569, 98.78172588832489, 98.98477157360408, 99.18781725888327, 100.00000000000003]
[92.69035532994924, 94.82233502538071, 95.43147208121827, 97.15736040609137, 98.57868020304569, 98.78172588832489, 98.98477157360408, 99.18781725888327, 100.00000000000003]
[92.69035532994924, 94.82233502538071, 95.43147208121827, 97.15736040609137, 98.57868020304569, 98.78172588832489, 98.98477157360408, 99.18781725888327, 100.00000000000003]
[92.69035532994924, 94.82233502538071, 95.43147208121827, 97.15736040609137, 98.57868020304569, 98.78172588832489, 98.98477157360408, 99.18781725888327, 100.00000000000003]
[92.69035532994924, 94.82233502538071, 95.43147208121827, 97.15736040609137, 98.57868020304569, 98.78172588832489, 98.98477157360408, 99.18781725888327, 100.00000000000003]
[92.69035532994924, 94.82233502538071, 95.43147208121827, 97.15736040609137, 98.57868020304569, 98.78172588832489, 98.98477157360408, 99.18781725888327, 100.00000000000003]
[92.69035532994924, 94.82233502538071, 95.43147208121827, 97.15736040609137, 98.57868020304569, 98.78172588832489, 98.98477157360408, 99.18781725888327, 100.00000000000003]
[92.69035532994924, 94.82233502538071, 95.43147208121827, 97.15736040609137, 98.57868020304569, 98.78172588832489, 98.98477157360408, 99.18781725888327, 100.00000000000003]
[92.69035532994924, 94.82233502538071, 95.43147208121827, 97.15736040609137, 98.57868020304569, 98.78172588832489, 98.98477157360408, 99.18781725888327, 100.00000000000003]
[92.69035532994924, 94.82233502538071, 95.43147208121827, 97.15736040609137, 98.57868020304569, 98.78172588832489, 98.98477157360408, 99.18781725888327, 100.00000000000003]
[87.71573604060914, 94.41624365482234, 95.53299492385787, 97.76649746192894, 98.1725888324873, 98.98477157360406, 100.0]
[87.71573604060914, 94.41624365482234, 95.53299492385787, 97.76649746192894, 98.1725888324873, 98.98477157360406, 100.0]
[87.71573604060914, 94.41624365482234, 95.53299492385787, 97.76649746192894, 98.1725888324873, 98.98477157360406, 100.0]
[87.71573604060914, 94.41624365482234, 95.53299492385787, 97.76649746192894, 98.1725888324873, 98.98477157360406, 100.0]
[87.71573604060914, 94.41624365482234, 95.53299492385787, 97.76649746192894, 98.1725888324873, 98.98477157360406, 100.0]
[87.71573604060914, 94.41624365482234, 95.53299492385787, 97.76649746192894, 98.1725888324873, 98.98477157360406, 100.0]
[87.71573604060914, 94.41624365482234, 95.53299492385787, 97.76649746192894, 98.1725888324873, 98.98477157360406, 100.0]
[87.71573604060914, 94.41624365482234, 95.53299492385787, 97.76649746192894, 98.1725888324873, 98.98477157360406, 100.0]
[87.71573604060914, 94.41624365482234, 95.53299492385787, 97.76649746192894, 98.1725888324873, 98.98477157360406, 100.0]
[87.71573604060914, 94.41624365482234, 95.53299492385787, 97.76649746192894, 98.1725888324873, 98.98477157360406, 100.0]
[87.71573604060914, 94.41624365482234, 95.53299492385787, 97.76649746192894, 98.1725888324873, 98.98477157360406, 100.0]
[87.71573604060914, 94.41624365482234, 95.53299492385787, 97.76649746192894, 98.1725888324873, 98.98477157360406, 100.0]
[87.71573604060914, 94.41624365482234, 95.53299492385787, 97.76649746192894, 98.1725888324873, 98.98477157360406, 100.0]
[87.71573604060914, 94.41624365482234, 95.53299492385787, 97.76649746192894, 98.1725888324873, 98.98477157360406, 100.0]
[87.71573604060914, 94.41624365482234, 95.53299492385787, 97.76649746192894, 98.1725888324873, 98.98477157360406, 100.0]
[87.71573604060914, 94.41624365482234, 95.53299492385787, 97.76649746192894, 98.1725888324873, 98.98477157360406, 100.0]
[87.71573604060914, 94.41624365482234, 95.53299492385787, 97.76649746192894, 98.1725888324873, 98.98477157360406, 100.0]
[87.71573604060914, 94.41624365482234, 95.53299492385787, 97.76649746192894, 98.1725888324873, 98.98477157360406, 100.0]
[87.71573604060914, 94.41624365482234, 95.53299492385787, 97.76649746192894, 98.1725888324873, 98.98477157360406, 100.0]
[87.71573604060914, 94.41624365482234, 95.53299492385787, 97.76649746192894, 98.1725888324873, 98.98477157360406, 100.0]
[87.71573604060914, 94.41624365482234, 95.53299492385787, 97.76649746192894, 98.1725888324873, 98.98477157360406, 100.0]
[87.71573604060914, 94.41624365482234, 95.53299492385787, 97.76649746192894, 98.1725888324873, 98.98477157360406, 100.0]
[87.71573604060914, 94.41624365482234, 95.53299492385787, 97.76649746192894, 98.1725888324873, 98.98477157360406, 100.0]
[87.71573604060914, 94.41624365482234, 95.53299492385787, 97.76649746192894, 98.1725888324873, 98.98477157360406, 100.0]
[87.71573604060914, 94.41624365482234, 95.53299492385787, 97.76649746192894, 98.1725888324873, 98.98477157360406, 100.0]
[87.71573604060914, 94.41624365482234, 95.53299492385787, 97.76649746192894, 98.1725888324873, 98.98477157360406, 100.0]
[87.71573604060914, 94.41624365482234, 95.53299492385787, 97.76649746192894, 98.1725888324873, 98.98477157360406, 100.0]
[87.71573604060914, 94.41624365482234, 95.53299492385787, 97.76649746192894, 98.1725888324873, 98.98477157360406, 100.0]
[87.71573604060914, 94.41624365482234, 95.53299492385787, 97.76649746192894, 98.1725888324873, 98.98477157360406, 100.0]
[87.71573604060914, 94.41624365482234, 95.53299492385787, 97.76649746192894, 98.1725888324873, 98.98477157360406, 100.0]
[87.71573604060914, 94.41624365482234, 95.53299492385787, 97.76649746192894, 98.1725888324873, 98.98477157360406, 100.0]
[87.71573604060914, 94.41624365482234, 95.53299492385787, 97.76649746192894, 98.1725888324873, 98.98477157360406, 100.0]
[87.71573604060914, 94.41624365482234, 95.53299492385787, 97.76649746192894, 98.1725888324873, 98.98477157360406, 100.0]
[87.71573604060914, 94.41624365482234, 95.53299492385787, 97.76649746192894, 98.1725888324873, 98.98477157360406, 100.0]
[87.71573604060914, 94.41624365482234, 95.53299492385787, 97.76649746192894, 98.1725888324873, 98.98477157360406, 100.0]
[87.71573604060914, 94.41624365482234, 95.53299492385787, 97.76649746192894, 98.1725888324873, 98.98477157360406, 100.0]
[87.71573604060914, 94.41624365482234, 95.53299492385787, 97.76649746192894, 98.1725888324873, 98.98477157360406, 100.0]
[87.71573604060914, 94.41624365482234, 95.53299492385787, 97.76649746192894, 98.1725888324873, 98.98477157360406, 100.0]
[86.09137055837563, 91.47208121827411, 96.24365482233503, 99.08629441624366, 99.18781725888326, 99.28934010152285, 99.39086294416245, 100.00000000000001]
[86.09137055837563, 91.47208121827411, 96.24365482233503, 99.08629441624366, 99.18781725888326, 99.28934010152285, 99.39086294416245, 100.00000000000001]
[86.09137055837563, 91.47208121827411, 96.24365482233503, 99.08629441624366, 99.18781725888326, 99.28934010152285, 99.39086294416245, 100.00000000000001]
[86.09137055837563, 91.47208121827411, 96.24365482233503, 99.08629441624366, 99.18781725888326, 99.28934010152285, 99.39086294416245, 100.00000000000001]
[86.09137055837563, 91.47208121827411, 96.24365482233503, 99.08629441624366, 99.18781725888326, 99.28934010152285, 99.39086294416245, 100.00000000000001]
[86.09137055837563, 91.47208121827411, 96.24365482233503, 99.08629441624366, 99.18781725888326, 99.28934010152285, 99.39086294416245, 100.00000000000001]
[86.09137055837563, 91.47208121827411, 96.24365482233503, 99.08629441624366, 99.18781725888326, 99.28934010152285, 99.39086294416245, 100.00000000000001]
[86.09137055837563, 91.47208121827411, 96.24365482233503, 99.08629441624366, 99.18781725888326, 99.28934010152285, 99.39086294416245, 100.00000000000001]
[86.09137055837563, 91.47208121827411, 96.24365482233503, 99.08629441624366, 99.18781725888326, 99.28934010152285, 99.39086294416245, 100.00000000000001]
[86.09137055837563, 91.47208121827411, 96.24365482233503, 99.08629441624366, 99.18781725888326, 99.28934010152285, 99.39086294416245, 100.00000000000001]
[86.09137055837563, 91.47208121827411, 96.24365482233503, 99.08629441624366, 99.18781725888326, 99.28934010152285, 99.39086294416245, 100.00000000000001]
[86.09137055837563, 91.47208121827411, 96.24365482233503, 99.08629441624366, 99.18781725888326, 99.28934010152285, 99.39086294416245, 100.00000000000001]
[86.09137055837563, 91.47208121827411, 96.24365482233503, 99.08629441624366, 99.18781725888326, 99.28934010152285, 99.39086294416245, 100.00000000000001]
[86.09137055837563, 91.47208121827411, 96.24365482233503, 99.08629441624366, 99.18781725888326, 99.28934010152285, 99.39086294416245, 100.00000000000001]
[86.09137055837563, 91.47208121827411, 96.24365482233503, 99.08629441624366, 99.18781725888326, 99.28934010152285, 99.39086294416245, 100.00000000000001]
[86.09137055837563, 91.47208121827411, 96.24365482233503, 99.08629441624366, 99.18781725888326, 99.28934010152285, 99.39086294416245, 100.00000000000001]
[86.09137055837563, 91.47208121827411, 96.24365482233503, 99.08629441624366, 99.18781725888326, 99.28934010152285, 99.39086294416245, 100.00000000000001]
[86.09137055837563, 91.47208121827411, 96.24365482233503, 99.08629441624366, 99.18781725888326, 99.28934010152285, 99.39086294416245, 100.00000000000001]
[86.09137055837563, 91.47208121827411, 96.24365482233503, 99.08629441624366, 99.18781725888326, 99.28934010152285, 99.39086294416245, 100.00000000000001]
[86.09137055837563, 91.47208121827411, 96.24365482233503, 99.08629441624366, 99.18781725888326, 99.28934010152285, 99.39086294416245, 100.00000000000001]
[86.09137055837563, 91.47208121827411, 96.24365482233503, 99.08629441624366, 99.18781725888326, 99.28934010152285, 99.39086294416245, 100.00000000000001]
[86.09137055837563, 91.47208121827411, 96.24365482233503, 99.08629441624366, 99.18781725888326, 99.28934010152285, 99.39086294416245, 100.00000000000001]
[86.09137055837563, 91.47208121827411, 96.24365482233503, 99.08629441624366, 99.18781725888326, 99.28934010152285, 99.39086294416245, 100.00000000000001]
[86.09137055837563, 91.47208121827411, 96.24365482233503, 99.08629441624366, 99.18781725888326, 99.28934010152285, 99.39086294416245, 100.00000000000001]
[86.09137055837563, 91.47208121827411, 96.24365482233503, 99.08629441624366, 99.18781725888326, 99.28934010152285, 99.39086294416245, 100.00000000000001]
[86.09137055837563, 91.47208121827411, 96.24365482233503, 99.08629441624366, 99.18781725888326, 99.28934010152285, 99.39086294416245, 100.00000000000001]
[86.09137055837563, 91.47208121827411, 96.24365482233503, 99.08629441624366, 99.18781725888326, 99.28934010152285, 99.39086294416245, 100.00000000000001]
[86.09137055837563, 91.47208121827411, 96.24365482233503, 99.08629441624366, 99.18781725888326, 99.28934010152285, 99.39086294416245, 100.00000000000001]
[86.09137055837563, 91.47208121827411, 96.24365482233503, 99.08629441624366, 99.18781725888326, 99.28934010152285, 99.39086294416245, 100.00000000000001]
[86.09137055837563, 91.47208121827411, 96.24365482233503, 99.08629441624366, 99.18781725888326, 99.28934010152285, 99.39086294416245, 100.00000000000001]
[86.09137055837563, 91.47208121827411, 96.24365482233503, 99.08629441624366, 99.18781725888326, 99.28934010152285, 99.39086294416245, 100.00000000000001]
[86.09137055837563, 91.47208121827411, 96.24365482233503, 99.08629441624366, 99.18781725888326, 99.28934010152285, 99.39086294416245, 100.00000000000001]
[86.09137055837563, 91.47208121827411, 96.24365482233503, 99.08629441624366, 99.18781725888326, 99.28934010152285, 99.39086294416245, 100.00000000000001]
[86.09137055837563, 91.47208121827411, 96.24365482233503, 99.08629441624366, 99.18781725888326, 99.28934010152285, 99.39086294416245, 100.00000000000001]
[86.39593908629442, 93.502538071066, 95.73604060913706, 97.25888324873097, 98.68020304568529, 98.88324873096448, 99.08629441624367, 100.00000000000001]
[86.39593908629442, 93.502538071066, 95.73604060913706, 97.25888324873097, 98.68020304568529, 98.88324873096448, 99.08629441624367, 100.00000000000001]
[86.39593908629442, 93.502538071066, 95.73604060913706, 97.25888324873097, 98.68020304568529, 98.88324873096448, 99.08629441624367, 100.00000000000001]
[86.39593908629442, 93.502538071066, 95.73604060913706, 97.25888324873097, 98.68020304568529, 98.88324873096448, 99.08629441624367, 100.00000000000001]
[86.39593908629442, 93.502538071066, 95.73604060913706, 97.25888324873097, 98.68020304568529, 98.88324873096448, 99.08629441624367, 100.00000000000001]
[86.39593908629442, 93.502538071066, 95.73604060913706, 97.25888324873097, 98.68020304568529, 98.88324873096448, 99.08629441624367, 100.00000000000001]
[86.39593908629442, 93.502538071066, 95.73604060913706, 97.25888324873097, 98.68020304568529, 98.88324873096448, 99.08629441624367, 100.00000000000001]
[86.39593908629442, 93.502538071066, 95.73604060913706, 97.25888324873097, 98.68020304568529, 98.88324873096448, 99.08629441624367, 100.00000000000001]
[86.39593908629442, 93.502538071066, 95.73604060913706, 97.25888324873097, 98.68020304568529, 98.88324873096448, 99.08629441624367, 100.00000000000001]
[86.39593908629442, 93.502538071066, 95.73604060913706, 97.25888324873097, 98.68020304568529, 98.88324873096448, 99.08629441624367, 100.00000000000001]
[86.39593908629442, 93.502538071066, 95.73604060913706, 97.25888324873097, 98.68020304568529, 98.88324873096448, 99.08629441624367, 100.00000000000001]
[86.39593908629442, 93.502538071066, 95.73604060913706, 97.25888324873097, 98.68020304568529, 98.88324873096448, 99.08629441624367, 100.00000000000001]
[86.39593908629442, 93.502538071066, 95.73604060913706, 97.25888324873097, 98.68020304568529, 98.88324873096448, 99.08629441624367, 100.00000000000001]
[86.39593908629442, 93.502538071066, 95.73604060913706, 97.25888324873097, 98.68020304568529, 98.88324873096448, 99.08629441624367, 100.00000000000001]
[86.39593908629442, 93.502538071066, 95.73604060913706, 97.25888324873097, 98.68020304568529, 98.88324873096448, 99.08629441624367, 100.00000000000001]
[86.39593908629442, 93.502538071066, 95.73604060913706, 97.25888324873097, 98.68020304568529, 98.88324873096448, 99.08629441624367, 100.00000000000001]
[86.39593908629442, 93.502538071066, 95.73604060913706, 97.25888324873097, 98.68020304568529, 98.88324873096448, 99.08629441624367, 100.00000000000001]
[86.39593908629442, 93.502538071066, 95.73604060913706, 97.25888324873097, 98.68020304568529, 98.88324873096448, 99.08629441624367, 100.00000000000001]
[86.39593908629442, 93.502538071066, 95.73604060913706, 97.25888324873097, 98.68020304568529, 98.88324873096448, 99.08629441624367, 100.00000000000001]
[86.39593908629442, 93.502538071066, 95.73604060913706, 97.25888324873097, 98.68020304568529, 98.88324873096448, 99.08629441624367, 100.00000000000001]
[86.39593908629442, 93.502538071066, 95.73604060913706, 97.25888324873097, 98.68020304568529, 98.88324873096448, 99.08629441624367, 100.00000000000001]
[86.39593908629442, 93.502538071066, 95.73604060913706, 97.25888324873097, 98.68020304568529, 98.88324873096448, 99.08629441624367, 100.00000000000001]
[86.39593908629442, 93.502538071066, 95.73604060913706, 97.25888324873097, 98.68020304568529, 98.88324873096448, 99.08629441624367, 100.00000000000001]
[86.39593908629442, 93.502538071066, 95.73604060913706, 97.25888324873097, 98.68020304568529, 98.88324873096448, 99.08629441624367, 100.00000000000001]
[86.39593908629442, 93.502538071066, 95.73604060913706, 97.25888324873097, 98.68020304568529, 98.88324873096448, 99.08629441624367, 100.00000000000001]
[86.39593908629442, 93.502538071066, 95.73604060913706, 97.25888324873097, 98.68020304568529, 98.88324873096448, 99.08629441624367, 100.00000000000001]
[86.39593908629442, 93.502538071066, 95.73604060913706, 97.25888324873097, 98.68020304568529, 98.88324873096448, 99.08629441624367, 100.00000000000001]
[86.39593908629442, 93.502538071066, 95.73604060913706, 97.25888324873097, 98.68020304568529, 98.88324873096448, 99.08629441624367, 100.00000000000001]
[86.39593908629442, 93.502538071066, 95.73604060913706, 97.25888324873097, 98.68020304568529, 98.88324873096448, 99.08629441624367, 100.00000000000001]
[86.39593908629442, 93.502538071066, 95.73604060913706, 97.25888324873097, 98.68020304568529, 98.88324873096448, 99.08629441624367, 100.00000000000001]
[86.39593908629442, 93.502538071066, 95.73604060913706, 97.25888324873097, 98.68020304568529, 98.88324873096448, 99.08629441624367, 100.00000000000001]
[86.39593908629442, 93.502538071066, 95.73604060913706, 97.25888324873097, 98.68020304568529, 98.88324873096448, 99.08629441624367, 100.00000000000001]
[86.39593908629442, 93.502538071066, 95.73604060913706, 97.25888324873097, 98.68020304568529, 98.88324873096448, 99.08629441624367, 100.00000000000001]
[86.39593908629442, 93.502538071066, 95.73604060913706, 97.25888324873097, 98.68020304568529, 98.88324873096448, 99.08629441624367, 100.00000000000001]
[86.39593908629442, 93.502538071066, 95.73604060913706, 97.25888324873097, 98.68020304568529, 98.88324873096448, 99.08629441624367, 100.00000000000001]
[86.39593908629442, 93.502538071066, 95.73604060913706, 97.25888324873097, 98.68020304568529, 98.88324873096448, 99.08629441624367, 100.00000000000001]
[86.39593908629442, 93.502538071066, 95.73604060913706, 97.25888324873097, 98.68020304568529, 98.88324873096448, 99.08629441624367, 100.00000000000001]
[86.39593908629442, 93.502538071066, 95.73604060913706, 97.25888324873097, 98.68020304568529, 98.88324873096448, 99.08629441624367, 100.00000000000001]
[86.39593908629442, 93.502538071066, 95.73604060913706, 97.25888324873097, 98.68020304568529, 98.88324873096448, 99.08629441624367, 100.00000000000001]
[86.39593908629442, 93.502538071066, 95.73604060913706, 97.25888324873097, 98.68020304568529, 98.88324873096448, 99.08629441624367, 100.00000000000001]
[86.39593908629442, 93.502538071066, 95.73604060913706, 97.25888324873097, 98.68020304568529, 98.88324873096448, 99.08629441624367, 100.00000000000001]
[86.39593908629442, 93.502538071066, 95.73604060913706, 97.25888324873097, 98.68020304568529, 98.88324873096448, 99.08629441624367, 100.00000000000001]
[84.8730964467005, 90.65989847715736, 94.31472081218274, 97.36040609137056, 98.78172588832489, 98.98477157360408, 100.00000000000001]
[84.8730964467005, 90.65989847715736, 94.31472081218274, 97.36040609137056, 98.78172588832489, 98.98477157360408, 100.00000000000001]
[84.8730964467005, 90.65989847715736, 94.31472081218274, 97.36040609137056, 98.78172588832489, 98.98477157360408, 100.00000000000001]
[84.8730964467005, 90.65989847715736, 94.31472081218274, 97.36040609137056, 98.78172588832489, 98.98477157360408, 100.00000000000001]
[84.8730964467005, 90.65989847715736, 94.31472081218274, 97.36040609137056, 98.78172588832489, 98.98477157360408, 100.00000000000001]
[84.8730964467005, 90.65989847715736, 94.31472081218274, 97.36040609137056, 98.78172588832489, 98.98477157360408, 100.00000000000001]
[84.8730964467005, 90.65989847715736, 94.31472081218274, 97.36040609137056, 98.78172588832489, 98.98477157360408, 100.00000000000001]
[84.8730964467005, 90.65989847715736, 94.31472081218274, 97.36040609137056, 98.78172588832489, 98.98477157360408, 100.00000000000001]
[84.8730964467005, 90.65989847715736, 94.31472081218274, 97.36040609137056, 98.78172588832489, 98.98477157360408, 100.00000000000001]
[84.8730964467005, 90.65989847715736, 94.31472081218274, 97.36040609137056, 98.78172588832489, 98.98477157360408, 100.00000000000001]
[84.8730964467005, 90.65989847715736, 94.31472081218274, 97.36040609137056, 98.78172588832489, 98.98477157360408, 100.00000000000001]
[84.8730964467005, 90.65989847715736, 94.31472081218274, 97.36040609137056, 98.78172588832489, 98.98477157360408, 100.00000000000001]
[84.8730964467005, 90.65989847715736, 94.31472081218274, 97.36040609137056, 98.78172588832489, 98.98477157360408, 100.00000000000001]
[84.8730964467005, 90.65989847715736, 94.31472081218274, 97.36040609137056, 98.78172588832489, 98.98477157360408, 100.00000000000001]
[84.8730964467005, 90.65989847715736, 94.31472081218274, 97.36040609137056, 98.78172588832489, 98.98477157360408, 100.00000000000001]
[84.8730964467005, 90.65989847715736, 94.31472081218274, 97.36040609137056, 98.78172588832489, 98.98477157360408, 100.00000000000001]
[84.8730964467005, 90.65989847715736, 94.31472081218274, 97.36040609137056, 98.78172588832489, 98.98477157360408, 100.00000000000001]
[84.8730964467005, 90.65989847715736, 94.31472081218274, 97.36040609137056, 98.78172588832489, 98.98477157360408, 100.00000000000001]
[84.8730964467005, 90.65989847715736, 94.31472081218274, 97.36040609137056, 98.78172588832489, 98.98477157360408, 100.00000000000001]
[84.8730964467005, 90.65989847715736, 94.31472081218274, 97.36040609137056, 98.78172588832489, 98.98477157360408, 100.00000000000001]
[84.8730964467005, 90.65989847715736, 94.31472081218274, 97.36040609137056, 98.78172588832489, 98.98477157360408, 100.00000000000001]
[84.8730964467005, 90.65989847715736, 94.31472081218274, 97.36040609137056, 98.78172588832489, 98.98477157360408, 100.00000000000001]
[84.8730964467005, 90.65989847715736, 94.31472081218274, 97.36040609137056, 98.78172588832489, 98.98477157360408, 100.00000000000001]
[84.8730964467005, 90.65989847715736, 94.31472081218274, 97.36040609137056, 98.78172588832489, 98.98477157360408, 100.00000000000001]
[84.8730964467005, 90.65989847715736, 94.31472081218274, 97.36040609137056, 98.78172588832489, 98.98477157360408, 100.00000000000001]
[84.8730964467005, 90.65989847715736, 94.31472081218274, 97.36040609137056, 98.78172588832489, 98.98477157360408, 100.00000000000001]
[84.8730964467005, 90.65989847715736, 94.31472081218274, 97.36040609137056, 98.78172588832489, 98.98477157360408, 100.00000000000001]
[84.8730964467005, 90.65989847715736, 94.31472081218274, 97.36040609137056, 98.78172588832489, 98.98477157360408, 100.00000000000001]
[84.8730964467005, 90.65989847715736, 94.31472081218274, 97.36040609137056, 98.78172588832489, 98.98477157360408, 100.00000000000001]
[84.8730964467005, 90.65989847715736, 94.31472081218274, 97.36040609137056, 98.78172588832489, 98.98477157360408, 100.00000000000001]
[84.8730964467005, 90.65989847715736, 94.31472081218274, 97.36040609137056, 98.78172588832489, 98.98477157360408, 100.00000000000001]
[84.8730964467005, 90.65989847715736, 94.31472081218274, 97.36040609137056, 98.78172588832489, 98.98477157360408, 100.00000000000001]
[84.8730964467005, 90.65989847715736, 94.31472081218274, 97.36040609137056, 98.78172588832489, 98.98477157360408, 100.00000000000001]
[84.8730964467005, 90.65989847715736, 94.31472081218274, 97.36040609137056, 98.78172588832489, 98.98477157360408, 100.00000000000001]
[84.8730964467005, 90.65989847715736, 94.31472081218274, 97.36040609137056, 98.78172588832489, 98.98477157360408, 100.00000000000001]
[84.8730964467005, 90.65989847715736, 94.31472081218274, 97.36040609137056, 98.78172588832489, 98.98477157360408, 100.00000000000001]
[84.8730964467005, 90.65989847715736, 94.31472081218274, 97.36040609137056, 98.78172588832489, 98.98477157360408, 100.00000000000001]
[84.8730964467005, 90.65989847715736, 94.31472081218274, 97.36040609137056, 98.78172588832489, 98.98477157360408, 100.00000000000001]
[84.8730964467005, 90.65989847715736, 94.31472081218274, 97.36040609137056, 98.78172588832489, 98.98477157360408, 100.00000000000001]
[84.8730964467005, 90.65989847715736, 94.31472081218274, 97.36040609137056, 98.78172588832489, 98.98477157360408, 100.00000000000001]
[84.8730964467005, 90.65989847715736, 94.31472081218274, 97.36040609137056, 98.78172588832489, 98.98477157360408, 100.00000000000001]
[84.8730964467005, 90.65989847715736, 94.31472081218274, 97.36040609137056, 98.78172588832489, 98.98477157360408, 100.00000000000001]
[84.8730964467005, 90.65989847715736, 94.31472081218274, 97.36040609137056, 98.78172588832489, 98.98477157360408, 100.00000000000001]
[92.79187817258884, 93.6040609137056, 98.07106598984772, 98.27411167512692, 98.47715736040611, 98.6802030456853, 98.8832487309645, 99.08629441624369, 99.28934010152288, 100.00000000000004]
[92.79187817258884, 93.6040609137056, 98.07106598984772, 98.27411167512692, 98.47715736040611, 98.6802030456853, 98.8832487309645, 99.08629441624369, 99.28934010152288, 100.00000000000004]
[92.79187817258884, 93.6040609137056, 98.07106598984772, 98.27411167512692, 98.47715736040611, 98.6802030456853, 98.8832487309645, 99.08629441624369, 99.28934010152288, 100.00000000000004]
[92.79187817258884, 93.6040609137056, 98.07106598984772, 98.27411167512692, 98.47715736040611, 98.6802030456853, 98.8832487309645, 99.08629441624369, 99.28934010152288, 100.00000000000004]
[92.79187817258884, 93.6040609137056, 98.07106598984772, 98.27411167512692, 98.47715736040611, 98.6802030456853, 98.8832487309645, 99.08629441624369, 99.28934010152288, 100.00000000000004]
[92.79187817258884, 93.6040609137056, 98.07106598984772, 98.27411167512692, 98.47715736040611, 98.6802030456853, 98.8832487309645, 99.08629441624369, 99.28934010152288, 100.00000000000004]
[92.79187817258884, 93.6040609137056, 98.07106598984772, 98.27411167512692, 98.47715736040611, 98.6802030456853, 98.8832487309645, 99.08629441624369, 99.28934010152288, 100.00000000000004]
[92.79187817258884, 93.6040609137056, 98.07106598984772, 98.27411167512692, 98.47715736040611, 98.6802030456853, 98.8832487309645, 99.08629441624369, 99.28934010152288, 100.00000000000004]
[92.79187817258884, 93.6040609137056, 98.07106598984772, 98.27411167512692, 98.47715736040611, 98.6802030456853, 98.8832487309645, 99.08629441624369, 99.28934010152288, 100.00000000000004]
[92.79187817258884, 93.6040609137056, 98.07106598984772, 98.27411167512692, 98.47715736040611, 98.6802030456853, 98.8832487309645, 99.08629441624369, 99.28934010152288, 100.00000000000004]
[92.79187817258884, 93.6040609137056, 98.07106598984772, 98.27411167512692, 98.47715736040611, 98.6802030456853, 98.8832487309645, 99.08629441624369, 99.28934010152288, 100.00000000000004]
[92.79187817258884, 93.6040609137056, 98.07106598984772, 98.27411167512692, 98.47715736040611, 98.6802030456853, 98.8832487309645, 99.08629441624369, 99.28934010152288, 100.00000000000004]
[92.79187817258884, 93.6040609137056, 98.07106598984772, 98.27411167512692, 98.47715736040611, 98.6802030456853, 98.8832487309645, 99.08629441624369, 99.28934010152288, 100.00000000000004]
[92.79187817258884, 93.6040609137056, 98.07106598984772, 98.27411167512692, 98.47715736040611, 98.6802030456853, 98.8832487309645, 99.08629441624369, 99.28934010152288, 100.00000000000004]
[92.79187817258884, 93.6040609137056, 98.07106598984772, 98.27411167512692, 98.47715736040611, 98.6802030456853, 98.8832487309645, 99.08629441624369, 99.28934010152288, 100.00000000000004]
[92.79187817258884, 93.6040609137056, 98.07106598984772, 98.27411167512692, 98.47715736040611, 98.6802030456853, 98.8832487309645, 99.08629441624369, 99.28934010152288, 100.00000000000004]
[92.79187817258884, 93.6040609137056, 98.07106598984772, 98.27411167512692, 98.47715736040611, 98.6802030456853, 98.8832487309645, 99.08629441624369, 99.28934010152288, 100.00000000000004]
[92.79187817258884, 93.6040609137056, 98.07106598984772, 98.27411167512692, 98.47715736040611, 98.6802030456853, 98.8832487309645, 99.08629441624369, 99.28934010152288, 100.00000000000004]
[92.79187817258884, 93.6040609137056, 98.07106598984772, 98.27411167512692, 98.47715736040611, 98.6802030456853, 98.8832487309645, 99.08629441624369, 99.28934010152288, 100.00000000000004]
[92.79187817258884, 93.6040609137056, 98.07106598984772, 98.27411167512692, 98.47715736040611, 98.6802030456853, 98.8832487309645, 99.08629441624369, 99.28934010152288, 100.00000000000004]
[92.79187817258884, 93.6040609137056, 98.07106598984772, 98.27411167512692, 98.47715736040611, 98.6802030456853, 98.8832487309645, 99.08629441624369, 99.28934010152288, 100.00000000000004]
[92.79187817258884, 93.6040609137056, 98.07106598984772, 98.27411167512692, 98.47715736040611, 98.6802030456853, 98.8832487309645, 99.08629441624369, 99.28934010152288, 100.00000000000004]
[92.79187817258884, 93.6040609137056, 98.07106598984772, 98.27411167512692, 98.47715736040611, 98.6802030456853, 98.8832487309645, 99.08629441624369, 99.28934010152288, 100.00000000000004]
[92.79187817258884, 93.6040609137056, 98.07106598984772, 98.27411167512692, 98.47715736040611, 98.6802030456853, 98.8832487309645, 99.08629441624369, 99.28934010152288, 100.00000000000004]
[92.79187817258884, 93.6040609137056, 98.07106598984772, 98.27411167512692, 98.47715736040611, 98.6802030456853, 98.8832487309645, 99.08629441624369, 99.28934010152288, 100.00000000000004]
[92.79187817258884, 93.6040609137056, 98.07106598984772, 98.27411167512692, 98.47715736040611, 98.6802030456853, 98.8832487309645, 99.08629441624369, 99.28934010152288, 100.00000000000004]
[92.79187817258884, 93.6040609137056, 98.07106598984772, 98.27411167512692, 98.47715736040611, 98.6802030456853, 98.8832487309645, 99.08629441624369, 99.28934010152288, 100.00000000000004]
[92.79187817258884, 93.6040609137056, 98.07106598984772, 98.27411167512692, 98.47715736040611, 98.6802030456853, 98.8832487309645, 99.08629441624369, 99.28934010152288, 100.00000000000004]
[92.79187817258884, 93.6040609137056, 98.07106598984772, 98.27411167512692, 98.47715736040611, 98.6802030456853, 98.8832487309645, 99.08629441624369, 99.28934010152288, 100.00000000000004]
[92.79187817258884, 93.6040609137056, 98.07106598984772, 98.27411167512692, 98.47715736040611, 98.6802030456853, 98.8832487309645, 99.08629441624369, 99.28934010152288, 100.00000000000004]
[92.79187817258884, 93.6040609137056, 98.07106598984772, 98.27411167512692, 98.47715736040611, 98.6802030456853, 98.8832487309645, 99.08629441624369, 99.28934010152288, 100.00000000000004]
[92.79187817258884, 93.6040609137056, 98.07106598984772, 98.27411167512692, 98.47715736040611, 98.6802030456853, 98.8832487309645, 99.08629441624369, 99.28934010152288, 100.00000000000004]
[92.79187817258884, 93.6040609137056, 98.07106598984772, 98.27411167512692, 98.47715736040611, 98.6802030456853, 98.8832487309645, 99.08629441624369, 99.28934010152288, 100.00000000000004]
[92.79187817258884, 93.6040609137056, 98.07106598984772, 98.27411167512692, 98.47715736040611, 98.6802030456853, 98.8832487309645, 99.08629441624369, 99.28934010152288, 100.00000000000004]
[90.96446700507614, 94.82233502538071, 95.63451776649747, 97.15736040609137, 97.56345177664974, 98.88324873096447, 99.08629441624366, 100.0]
[90.96446700507614, 94.82233502538071, 95.63451776649747, 97.15736040609137, 97.56345177664974, 98.88324873096447, 99.08629441624366, 100.0]
[90.96446700507614, 94.82233502538071, 95.63451776649747, 97.15736040609137, 97.56345177664974, 98.88324873096447, 99.08629441624366, 100.0]
[90.96446700507614, 94.82233502538071, 95.63451776649747, 97.15736040609137, 97.56345177664974, 98.88324873096447, 99.08629441624366, 100.0]
[90.96446700507614, 94.82233502538071, 95.63451776649747, 97.15736040609137, 97.56345177664974, 98.88324873096447, 99.08629441624366, 100.0]
[90.96446700507614, 94.82233502538071, 95.63451776649747, 97.15736040609137, 97.56345177664974, 98.88324873096447, 99.08629441624366, 100.0]
[90.96446700507614, 94.82233502538071, 95.63451776649747, 97.15736040609137, 97.56345177664974, 98.88324873096447, 99.08629441624366, 100.0]
[90.96446700507614, 94.82233502538071, 95.63451776649747, 97.15736040609137, 97.56345177664974, 98.88324873096447, 99.08629441624366, 100.0]
[90.96446700507614, 94.82233502538071, 95.63451776649747, 97.15736040609137, 97.56345177664974, 98.88324873096447, 99.08629441624366, 100.0]
[90.96446700507614, 94.82233502538071, 95.63451776649747, 97.15736040609137, 97.56345177664974, 98.88324873096447, 99.08629441624366, 100.0]
[90.96446700507614, 94.82233502538071, 95.63451776649747, 97.15736040609137, 97.56345177664974, 98.88324873096447, 99.08629441624366, 100.0]
[90.96446700507614, 94.82233502538071, 95.63451776649747, 97.15736040609137, 97.56345177664974, 98.88324873096447, 99.08629441624366, 100.0]
[90.96446700507614, 94.82233502538071, 95.63451776649747, 97.15736040609137, 97.56345177664974, 98.88324873096447, 99.08629441624366, 100.0]
[90.96446700507614, 94.82233502538071, 95.63451776649747, 97.15736040609137, 97.56345177664974, 98.88324873096447, 99.08629441624366, 100.0]
[90.96446700507614, 94.82233502538071, 95.63451776649747, 97.15736040609137, 97.56345177664974, 98.88324873096447, 99.08629441624366, 100.0]
[90.96446700507614, 94.82233502538071, 95.63451776649747, 97.15736040609137, 97.56345177664974, 98.88324873096447, 99.08629441624366, 100.0]
[90.96446700507614, 94.82233502538071, 95.63451776649747, 97.15736040609137, 97.56345177664974, 98.88324873096447, 99.08629441624366, 100.0]
[90.96446700507614, 94.82233502538071, 95.63451776649747, 97.15736040609137, 97.56345177664974, 98.88324873096447, 99.08629441624366, 100.0]
[90.96446700507614, 94.82233502538071, 95.63451776649747, 97.15736040609137, 97.56345177664974, 98.88324873096447, 99.08629441624366, 100.0]
[90.96446700507614, 94.82233502538071, 95.63451776649747, 97.15736040609137, 97.56345177664974, 98.88324873096447, 99.08629441624366, 100.0]
[90.96446700507614, 94.82233502538071, 95.63451776649747, 97.15736040609137, 97.56345177664974, 98.88324873096447, 99.08629441624366, 100.0]
[90.96446700507614, 94.82233502538071, 95.63451776649747, 97.15736040609137, 97.56345177664974, 98.88324873096447, 99.08629441624366, 100.0]
[90.96446700507614, 94.82233502538071, 95.63451776649747, 97.15736040609137, 97.56345177664974, 98.88324873096447, 99.08629441624366, 100.0]
[90.96446700507614, 94.82233502538071, 95.63451776649747, 97.15736040609137, 97.56345177664974, 98.88324873096447, 99.08629441624366, 100.0]
[90.96446700507614, 94.82233502538071, 95.63451776649747, 97.15736040609137, 97.56345177664974, 98.88324873096447, 99.08629441624366, 100.0]
[90.96446700507614, 94.82233502538071, 95.63451776649747, 97.15736040609137, 97.56345177664974, 98.88324873096447, 99.08629441624366, 100.0]
[90.96446700507614, 94.82233502538071, 95.63451776649747, 97.15736040609137, 97.56345177664974, 98.88324873096447, 99.08629441624366, 100.0]
[90.96446700507614, 94.82233502538071, 95.63451776649747, 97.15736040609137, 97.56345177664974, 98.88324873096447, 99.08629441624366, 100.0]
[90.96446700507614, 94.82233502538071, 95.63451776649747, 97.15736040609137, 97.56345177664974, 98.88324873096447, 99.08629441624366, 100.0]
[90.96446700507614, 94.82233502538071, 95.63451776649747, 97.15736040609137, 97.56345177664974, 98.88324873096447, 99.08629441624366, 100.0]
[90.96446700507614, 94.82233502538071, 95.63451776649747, 97.15736040609137, 97.56345177664974, 98.88324873096447, 99.08629441624366, 100.0]
[90.96446700507614, 94.82233502538071, 95.63451776649747, 97.15736040609137, 97.56345177664974, 98.88324873096447, 99.08629441624366, 100.0]
[90.96446700507614, 94.82233502538071, 95.63451776649747, 97.15736040609137, 97.56345177664974, 98.88324873096447, 99.08629441624366, 100.0]
[90.96446700507614, 94.82233502538071, 95.63451776649747, 97.15736040609137, 97.56345177664974, 98.88324873096447, 99.08629441624366, 100.0]
[90.96446700507614, 94.82233502538071, 95.63451776649747, 97.15736040609137, 97.56345177664974, 98.88324873096447, 99.08629441624366, 100.0]
[90.96446700507614, 94.82233502538071, 95.63451776649747, 97.15736040609137, 97.56345177664974, 98.88324873096447, 99.08629441624366, 100.0]
[90.96446700507614, 94.82233502538071, 95.63451776649747, 97.15736040609137, 97.56345177664974, 98.88324873096447, 99.08629441624366, 100.0]
[90.96446700507614, 94.82233502538071, 95.63451776649747, 97.15736040609137, 97.56345177664974, 98.88324873096447, 99.08629441624366, 100.0]
[90.96446700507614, 94.82233502538071, 95.63451776649747, 97.15736040609137, 97.56345177664974, 98.88324873096447, 99.08629441624366, 100.0]
[90.96446700507614, 94.82233502538071, 95.63451776649747, 97.15736040609137, 97.56345177664974, 98.88324873096447, 99.08629441624366, 100.0]
[90.96446700507614, 94.82233502538071, 95.63451776649747, 97.15736040609137, 97.56345177664974, 98.88324873096447, 99.08629441624366, 100.0]
[90.96446700507614, 94.82233502538071, 95.63451776649747, 97.15736040609137, 97.56345177664974, 98.88324873096447, 99.08629441624366, 100.0]
[90.96446700507614, 94.82233502538071, 95.63451776649747, 97.15736040609137, 97.56345177664974, 98.88324873096447, 99.08629441624366, 100.0]
[90.96446700507614, 94.82233502538071, 95.63451776649747, 97.15736040609137, 97.56345177664974, 98.88324873096447, 99.08629441624366, 100.0]
[90.96446700507614, 94.82233502538071, 95.63451776649747, 97.15736040609137, 97.56345177664974, 98.88324873096447, 99.08629441624366, 100.0]
[90.96446700507614, 94.82233502538071, 95.63451776649747, 97.15736040609137, 97.56345177664974, 98.88324873096447, 99.08629441624366, 100.0]
[90.96446700507614, 94.82233502538071, 95.63451776649747, 97.15736040609137, 97.56345177664974, 98.88324873096447, 99.08629441624366, 100.0]
[93.29949238578679, 96.75126903553299, 98.37563451776649, 98.57868020304568, 98.78172588832487, 98.98477157360406, 100.0]
[93.29949238578679, 96.75126903553299, 98.37563451776649, 98.57868020304568, 98.78172588832487, 98.98477157360406, 100.0]
[93.29949238578679, 96.75126903553299, 98.37563451776649, 98.57868020304568, 98.78172588832487, 98.98477157360406, 100.0]
[93.29949238578679, 96.75126903553299, 98.37563451776649, 98.57868020304568, 98.78172588832487, 98.98477157360406, 100.0]
[93.29949238578679, 96.75126903553299, 98.37563451776649, 98.57868020304568, 98.78172588832487, 98.98477157360406, 100.0]
[93.29949238578679, 96.75126903553299, 98.37563451776649, 98.57868020304568, 98.78172588832487, 98.98477157360406, 100.0]
[93.29949238578679, 96.75126903553299, 98.37563451776649, 98.57868020304568, 98.78172588832487, 98.98477157360406, 100.0]
[93.29949238578679, 96.75126903553299, 98.37563451776649, 98.57868020304568, 98.78172588832487, 98.98477157360406, 100.0]
[93.29949238578679, 96.75126903553299, 98.37563451776649, 98.57868020304568, 98.78172588832487, 98.98477157360406, 100.0]
[93.29949238578679, 96.75126903553299, 98.37563451776649, 98.57868020304568, 98.78172588832487, 98.98477157360406, 100.0]
[93.29949238578679, 96.75126903553299, 98.37563451776649, 98.57868020304568, 98.78172588832487, 98.98477157360406, 100.0]
[93.29949238578679, 96.75126903553299, 98.37563451776649, 98.57868020304568, 98.78172588832487, 98.98477157360406, 100.0]
[93.29949238578679, 96.75126903553299, 98.37563451776649, 98.57868020304568, 98.78172588832487, 98.98477157360406, 100.0]
[93.29949238578679, 96.75126903553299, 98.37563451776649, 98.57868020304568, 98.78172588832487, 98.98477157360406, 100.0]
[93.29949238578679, 96.75126903553299, 98.37563451776649, 98.57868020304568, 98.78172588832487, 98.98477157360406, 100.0]
[93.29949238578679, 96.75126903553299, 98.37563451776649, 98.57868020304568, 98.78172588832487, 98.98477157360406, 100.0]
[93.29949238578679, 96.75126903553299, 98.37563451776649, 98.57868020304568, 98.78172588832487, 98.98477157360406, 100.0]
[93.29949238578679, 96.75126903553299, 98.37563451776649, 98.57868020304568, 98.78172588832487, 98.98477157360406, 100.0]
[93.29949238578679, 96.75126903553299, 98.37563451776649, 98.57868020304568, 98.78172588832487, 98.98477157360406, 100.0]
[93.29949238578679, 96.75126903553299, 98.37563451776649, 98.57868020304568, 98.78172588832487, 98.98477157360406, 100.0]
[93.29949238578679, 96.75126903553299, 98.37563451776649, 98.57868020304568, 98.78172588832487, 98.98477157360406, 100.0]
[93.29949238578679, 96.75126903553299, 98.37563451776649, 98.57868020304568, 98.78172588832487, 98.98477157360406, 100.0]
[93.29949238578679, 96.75126903553299, 98.37563451776649, 98.57868020304568, 98.78172588832487, 98.98477157360406, 100.0]
[93.29949238578679, 96.75126903553299, 98.37563451776649, 98.57868020304568, 98.78172588832487, 98.98477157360406, 100.0]
[93.29949238578679, 96.75126903553299, 98.37563451776649, 98.57868020304568, 98.78172588832487, 98.98477157360406, 100.0]
[93.29949238578679, 96.75126903553299, 98.37563451776649, 98.57868020304568, 98.78172588832487, 98.98477157360406, 100.0]
[93.29949238578679, 96.75126903553299, 98.37563451776649, 98.57868020304568, 98.78172588832487, 98.98477157360406, 100.0]
[93.29949238578679, 96.75126903553299, 98.37563451776649, 98.57868020304568, 98.78172588832487, 98.98477157360406, 100.0]
[93.29949238578679, 96.75126903553299, 98.37563451776649, 98.57868020304568, 98.78172588832487, 98.98477157360406, 100.0]
[93.29949238578679, 96.75126903553299, 98.37563451776649, 98.57868020304568, 98.78172588832487, 98.98477157360406, 100.0]
[93.29949238578679, 96.75126903553299, 98.37563451776649, 98.57868020304568, 98.78172588832487, 98.98477157360406, 100.0]
[93.29949238578679, 96.75126903553299, 98.37563451776649, 98.57868020304568, 98.78172588832487, 98.98477157360406, 100.0]
[93.29949238578679, 96.75126903553299, 98.37563451776649, 98.57868020304568, 98.78172588832487, 98.98477157360406, 100.0]
[93.29949238578679, 96.75126903553299, 98.37563451776649, 98.57868020304568, 98.78172588832487, 98.98477157360406, 100.0]
[93.29949238578679, 96.75126903553299, 98.37563451776649, 98.57868020304568, 98.78172588832487, 98.98477157360406, 100.0]
[93.29949238578679, 96.75126903553299, 98.37563451776649, 98.57868020304568, 98.78172588832487, 98.98477157360406, 100.0]
[93.29949238578679, 96.75126903553299, 98.37563451776649, 98.57868020304568, 98.78172588832487, 98.98477157360406, 100.0]
[93.29949238578679, 96.75126903553299, 98.37563451776649, 98.57868020304568, 98.78172588832487, 98.98477157360406, 100.0]
[93.29949238578679, 96.75126903553299, 98.37563451776649, 98.57868020304568, 98.78172588832487, 98.98477157360406, 100.0]
[93.29949238578679, 96.75126903553299, 98.37563451776649, 98.57868020304568, 98.78172588832487, 98.98477157360406, 100.0]
[93.29949238578679, 96.75126903553299, 98.37563451776649, 98.57868020304568, 98.78172588832487, 98.98477157360406, 100.0]
[93.29949238578679, 96.75126903553299, 98.37563451776649, 98.57868020304568, 98.78172588832487, 98.98477157360406, 100.0]
[93.29949238578679, 96.75126903553299, 98.37563451776649, 98.57868020304568, 98.78172588832487, 98.98477157360406, 100.0]
[93.29949238578679, 96.75126903553299, 98.37563451776649, 98.57868020304568, 98.78172588832487, 98.98477157360406, 100.0]
[93.29949238578679, 96.75126903553299, 98.37563451776649, 98.57868020304568, 98.78172588832487, 98.98477157360406, 100.0]
[93.29949238578679, 96.75126903553299, 98.37563451776649, 98.57868020304568, 98.78172588832487, 98.98477157360406, 100.0]
[93.29949238578679, 96.75126903553299, 98.37563451776649, 98.57868020304568, 98.78172588832487, 98.98477157360406, 100.0]
[93.29949238578679, 96.75126903553299, 98.37563451776649, 98.57868020304568, 98.78172588832487, 98.98477157360406, 100.0]
[93.29949238578679, 96.75126903553299, 98.37563451776649, 98.57868020304568, 98.78172588832487, 98.98477157360406, 100.0]
[87.81725888324873, 92.38578680203045, 93.60406091370558, 94.41624365482234, 96.24365482233503, 96.8527918781726, 99.08629441624366, 100.0]
[87.81725888324873, 92.38578680203045, 93.60406091370558, 94.41624365482234, 96.24365482233503, 96.8527918781726, 99.08629441624366, 100.0]
[87.81725888324873, 92.38578680203045, 93.60406091370558, 94.41624365482234, 96.24365482233503, 96.8527918781726, 99.08629441624366, 100.0]
[87.81725888324873, 92.38578680203045, 93.60406091370558, 94.41624365482234, 96.24365482233503, 96.8527918781726, 99.08629441624366, 100.0]
[87.81725888324873, 92.38578680203045, 93.60406091370558, 94.41624365482234, 96.24365482233503, 96.8527918781726, 99.08629441624366, 100.0]
[87.81725888324873, 92.38578680203045, 93.60406091370558, 94.41624365482234, 96.24365482233503, 96.8527918781726, 99.08629441624366, 100.0]
[87.81725888324873, 92.38578680203045, 93.60406091370558, 94.41624365482234, 96.24365482233503, 96.8527918781726, 99.08629441624366, 100.0]
[87.81725888324873, 92.38578680203045, 93.60406091370558, 94.41624365482234, 96.24365482233503, 96.8527918781726, 99.08629441624366, 100.0]
[87.81725888324873, 92.38578680203045, 93.60406091370558, 94.41624365482234, 96.24365482233503, 96.8527918781726, 99.08629441624366, 100.0]
[87.81725888324873, 92.38578680203045, 93.60406091370558, 94.41624365482234, 96.24365482233503, 96.8527918781726, 99.08629441624366, 100.0]
[87.81725888324873, 92.38578680203045, 93.60406091370558, 94.41624365482234, 96.24365482233503, 96.8527918781726, 99.08629441624366, 100.0]
[87.81725888324873, 92.38578680203045, 93.60406091370558, 94.41624365482234, 96.24365482233503, 96.8527918781726, 99.08629441624366, 100.0]
[87.81725888324873, 92.38578680203045, 93.60406091370558, 94.41624365482234, 96.24365482233503, 96.8527918781726, 99.08629441624366, 100.0]
[87.81725888324873, 92.38578680203045, 93.60406091370558, 94.41624365482234, 96.24365482233503, 96.8527918781726, 99.08629441624366, 100.0]
[87.81725888324873, 92.38578680203045, 93.60406091370558, 94.41624365482234, 96.24365482233503, 96.8527918781726, 99.08629441624366, 100.0]
[87.81725888324873, 92.38578680203045, 93.60406091370558, 94.41624365482234, 96.24365482233503, 96.8527918781726, 99.08629441624366, 100.0]
[87.81725888324873, 92.38578680203045, 93.60406091370558, 94.41624365482234, 96.24365482233503, 96.8527918781726, 99.08629441624366, 100.0]
[87.81725888324873, 92.38578680203045, 93.60406091370558, 94.41624365482234, 96.24365482233503, 96.8527918781726, 99.08629441624366, 100.0]
[87.81725888324873, 92.38578680203045, 93.60406091370558, 94.41624365482234, 96.24365482233503, 96.8527918781726, 99.08629441624366, 100.0]
[87.81725888324873, 92.38578680203045, 93.60406091370558, 94.41624365482234, 96.24365482233503, 96.8527918781726, 99.08629441624366, 100.0]
[87.81725888324873, 92.38578680203045, 93.60406091370558, 94.41624365482234, 96.24365482233503, 96.8527918781726, 99.08629441624366, 100.0]
[87.81725888324873, 92.38578680203045, 93.60406091370558, 94.41624365482234, 96.24365482233503, 96.8527918781726, 99.08629441624366, 100.0]
[87.81725888324873, 92.38578680203045, 93.60406091370558, 94.41624365482234, 96.24365482233503, 96.8527918781726, 99.08629441624366, 100.0]
[87.81725888324873, 92.38578680203045, 93.60406091370558, 94.41624365482234, 96.24365482233503, 96.8527918781726, 99.08629441624366, 100.0]
[87.81725888324873, 92.38578680203045, 93.60406091370558, 94.41624365482234, 96.24365482233503, 96.8527918781726, 99.08629441624366, 100.0]
[87.81725888324873, 92.38578680203045, 93.60406091370558, 94.41624365482234, 96.24365482233503, 96.8527918781726, 99.08629441624366, 100.0]
[87.81725888324873, 92.38578680203045, 93.60406091370558, 94.41624365482234, 96.24365482233503, 96.8527918781726, 99.08629441624366, 100.0]
[87.81725888324873, 92.38578680203045, 93.60406091370558, 94.41624365482234, 96.24365482233503, 96.8527918781726, 99.08629441624366, 100.0]
[87.81725888324873, 92.38578680203045, 93.60406091370558, 94.41624365482234, 96.24365482233503, 96.8527918781726, 99.08629441624366, 100.0]
[87.81725888324873, 92.38578680203045, 93.60406091370558, 94.41624365482234, 96.24365482233503, 96.8527918781726, 99.08629441624366, 100.0]
[87.81725888324873, 92.38578680203045, 93.60406091370558, 94.41624365482234, 96.24365482233503, 96.8527918781726, 99.08629441624366, 100.0]
[87.81725888324873, 92.38578680203045, 93.60406091370558, 94.41624365482234, 96.24365482233503, 96.8527918781726, 99.08629441624366, 100.0]
[90.25380710659898, 95.43147208121827, 97.25888324873097, 98.78172588832487, 100.0]
[90.25380710659898, 95.43147208121827, 97.25888324873097, 98.78172588832487, 100.0]
[90.25380710659898, 95.43147208121827, 97.25888324873097, 98.78172588832487, 100.0]
[90.25380710659898, 95.43147208121827, 97.25888324873097, 98.78172588832487, 100.0]
[90.25380710659898, 95.43147208121827, 97.25888324873097, 98.78172588832487, 100.0]
[90.25380710659898, 95.43147208121827, 97.25888324873097, 98.78172588832487, 100.0]
[90.25380710659898, 95.43147208121827, 97.25888324873097, 98.78172588832487, 100.0]
[90.25380710659898, 95.43147208121827, 97.25888324873097, 98.78172588832487, 100.0]
[90.25380710659898, 95.43147208121827, 97.25888324873097, 98.78172588832487, 100.0]
[90.25380710659898, 95.43147208121827, 97.25888324873097, 98.78172588832487, 100.0]
[90.25380710659898, 95.43147208121827, 97.25888324873097, 98.78172588832487, 100.0]
[90.25380710659898, 95.43147208121827, 97.25888324873097, 98.78172588832487, 100.0]
[90.25380710659898, 95.43147208121827, 97.25888324873097, 98.78172588832487, 100.0]
[90.25380710659898, 95.43147208121827, 97.25888324873097, 98.78172588832487, 100.0]
[90.25380710659898, 95.43147208121827, 97.25888324873097, 98.78172588832487, 100.0]
[90.25380710659898, 95.43147208121827, 97.25888324873097, 98.78172588832487, 100.0]
[90.25380710659898, 95.43147208121827, 97.25888324873097, 98.78172588832487, 100.0]
[90.25380710659898, 95.43147208121827, 97.25888324873097, 98.78172588832487, 100.0]
[90.25380710659898, 95.43147208121827, 97.25888324873097, 98.78172588832487, 100.0]
[90.25380710659898, 95.43147208121827, 97.25888324873097, 98.78172588832487, 100.0]
[90.25380710659898, 95.43147208121827, 97.25888324873097, 98.78172588832487, 100.0]
[90.25380710659898, 95.43147208121827, 97.25888324873097, 98.78172588832487, 100.0]
[90.25380710659898, 95.43147208121827, 97.25888324873097, 98.78172588832487, 100.0]
[90.25380710659898, 95.43147208121827, 97.25888324873097, 98.78172588832487, 100.0]
[90.25380710659898, 95.43147208121827, 97.25888324873097, 98.78172588832487, 100.0]
[90.25380710659898, 95.43147208121827, 97.25888324873097, 98.78172588832487, 100.0]
[90.25380710659898, 95.43147208121827, 97.25888324873097, 98.78172588832487, 100.0]
[90.25380710659898, 95.43147208121827, 97.25888324873097, 98.78172588832487, 100.0]
[90.25380710659898, 95.43147208121827, 97.25888324873097, 98.78172588832487, 100.0]
[90.25380710659898, 95.43147208121827, 97.25888324873097, 98.78172588832487, 100.0]
[90.25380710659898, 95.43147208121827, 97.25888324873097, 98.78172588832487, 100.0]
[90.25380710659898, 95.43147208121827, 97.25888324873097, 98.78172588832487, 100.0]
[90.25380710659898, 95.43147208121827, 97.25888324873097, 98.78172588832487, 100.0]
[90.25380710659898, 95.43147208121827, 97.25888324873097, 98.78172588832487, 100.0]
[90.25380710659898, 95.43147208121827, 97.25888324873097, 98.78172588832487, 100.0]
[90.25380710659898, 95.43147208121827, 97.25888324873097, 98.78172588832487, 100.0]
[90.25380710659898, 95.43147208121827, 97.25888324873097, 98.78172588832487, 100.0]
[90.25380710659898, 95.43147208121827, 97.25888324873097, 98.78172588832487, 100.0]
[90.25380710659898, 95.43147208121827, 97.25888324873097, 98.78172588832487, 100.0]
[85.68527918781726, 91.87817258883248, 96.5482233502538, 97.25888324873097, 98.68020304568529, 98.88324873096448, 99.08629441624367, 100.00000000000001]
[85.68527918781726, 91.87817258883248, 96.5482233502538, 97.25888324873097, 98.68020304568529, 98.88324873096448, 99.08629441624367, 100.00000000000001]
[85.68527918781726, 91.87817258883248, 96.5482233502538, 97.25888324873097, 98.68020304568529, 98.88324873096448, 99.08629441624367, 100.00000000000001]
[85.68527918781726, 91.87817258883248, 96.5482233502538, 97.25888324873097, 98.68020304568529, 98.88324873096448, 99.08629441624367, 100.00000000000001]
[85.68527918781726, 91.87817258883248, 96.5482233502538, 97.25888324873097, 98.68020304568529, 98.88324873096448, 99.08629441624367, 100.00000000000001]
[85.68527918781726, 91.87817258883248, 96.5482233502538, 97.25888324873097, 98.68020304568529, 98.88324873096448, 99.08629441624367, 100.00000000000001]
[85.68527918781726, 91.87817258883248, 96.5482233502538, 97.25888324873097, 98.68020304568529, 98.88324873096448, 99.08629441624367, 100.00000000000001]
[85.68527918781726, 91.87817258883248, 96.5482233502538, 97.25888324873097, 98.68020304568529, 98.88324873096448, 99.08629441624367, 100.00000000000001]
[85.68527918781726, 91.87817258883248, 96.5482233502538, 97.25888324873097, 98.68020304568529, 98.88324873096448, 99.08629441624367, 100.00000000000001]
[85.68527918781726, 91.87817258883248, 96.5482233502538, 97.25888324873097, 98.68020304568529, 98.88324873096448, 99.08629441624367, 100.00000000000001]
[85.68527918781726, 91.87817258883248, 96.5482233502538, 97.25888324873097, 98.68020304568529, 98.88324873096448, 99.08629441624367, 100.00000000000001]
[85.68527918781726, 91.87817258883248, 96.5482233502538, 97.25888324873097, 98.68020304568529, 98.88324873096448, 99.08629441624367, 100.00000000000001]
[85.68527918781726, 91.87817258883248, 96.5482233502538, 97.25888324873097, 98.68020304568529, 98.88324873096448, 99.08629441624367, 100.00000000000001]
[85.68527918781726, 91.87817258883248, 96.5482233502538, 97.25888324873097, 98.68020304568529, 98.88324873096448, 99.08629441624367, 100.00000000000001]
[85.68527918781726, 91.87817258883248, 96.5482233502538, 97.25888324873097, 98.68020304568529, 98.88324873096448, 99.08629441624367, 100.00000000000001]
[85.68527918781726, 91.87817258883248, 96.5482233502538, 97.25888324873097, 98.68020304568529, 98.88324873096448, 99.08629441624367, 100.00000000000001]
[85.68527918781726, 91.87817258883248, 96.5482233502538, 97.25888324873097, 98.68020304568529, 98.88324873096448, 99.08629441624367, 100.00000000000001]
[85.68527918781726, 91.87817258883248, 96.5482233502538, 97.25888324873097, 98.68020304568529, 98.88324873096448, 99.08629441624367, 100.00000000000001]
[85.68527918781726, 91.87817258883248, 96.5482233502538, 97.25888324873097, 98.68020304568529, 98.88324873096448, 99.08629441624367, 100.00000000000001]
[85.68527918781726, 91.87817258883248, 96.5482233502538, 97.25888324873097, 98.68020304568529, 98.88324873096448, 99.08629441624367, 100.00000000000001]
[85.68527918781726, 91.87817258883248, 96.5482233502538, 97.25888324873097, 98.68020304568529, 98.88324873096448, 99.08629441624367, 100.00000000000001]
[85.68527918781726, 91.87817258883248, 96.5482233502538, 97.25888324873097, 98.68020304568529, 98.88324873096448, 99.08629441624367, 100.00000000000001]
[85.68527918781726, 91.87817258883248, 96.5482233502538, 97.25888324873097, 98.68020304568529, 98.88324873096448, 99.08629441624367, 100.00000000000001]
[85.68527918781726, 91.87817258883248, 96.5482233502538, 97.25888324873097, 98.68020304568529, 98.88324873096448, 99.08629441624367, 100.00000000000001]
[85.68527918781726, 91.87817258883248, 96.5482233502538, 97.25888324873097, 98.68020304568529, 98.88324873096448, 99.08629441624367, 100.00000000000001]
[85.68527918781726, 91.87817258883248, 96.5482233502538, 97.25888324873097, 98.68020304568529, 98.88324873096448, 99.08629441624367, 100.00000000000001]
[85.68527918781726, 91.87817258883248, 96.5482233502538, 97.25888324873097, 98.68020304568529, 98.88324873096448, 99.08629441624367, 100.00000000000001]
[85.68527918781726, 91.87817258883248, 96.5482233502538, 97.25888324873097, 98.68020304568529, 98.88324873096448, 99.08629441624367, 100.00000000000001]
[85.68527918781726, 91.87817258883248, 96.5482233502538, 97.25888324873097, 98.68020304568529, 98.88324873096448, 99.08629441624367, 100.00000000000001]
[85.68527918781726, 91.87817258883248, 96.5482233502538, 97.25888324873097, 98.68020304568529, 98.88324873096448, 99.08629441624367, 100.00000000000001]
[85.68527918781726, 91.87817258883248, 96.5482233502538, 97.25888324873097, 98.68020304568529, 98.88324873096448, 99.08629441624367, 100.00000000000001]
[85.68527918781726, 91.87817258883248, 96.5482233502538, 97.25888324873097, 98.68020304568529, 98.88324873096448, 99.08629441624367, 100.00000000000001]
[85.68527918781726, 91.87817258883248, 96.5482233502538, 97.25888324873097, 98.68020304568529, 98.88324873096448, 99.08629441624367, 100.00000000000001]
[85.68527918781726, 91.87817258883248, 96.5482233502538, 97.25888324873097, 98.68020304568529, 98.88324873096448, 99.08629441624367, 100.00000000000001]
[85.68527918781726, 91.87817258883248, 96.5482233502538, 97.25888324873097, 98.68020304568529, 98.88324873096448, 99.08629441624367, 100.00000000000001]
[86.39593908629442, 90.65989847715736, 94.31472081218274, 97.36040609137056, 98.78172588832489, 98.98477157360408, 100.00000000000001]
[86.39593908629442, 90.65989847715736, 94.31472081218274, 97.36040609137056, 98.78172588832489, 98.98477157360408, 100.00000000000001]
[86.39593908629442, 90.65989847715736, 94.31472081218274, 97.36040609137056, 98.78172588832489, 98.98477157360408, 100.00000000000001]
[86.39593908629442, 90.65989847715736, 94.31472081218274, 97.36040609137056, 98.78172588832489, 98.98477157360408, 100.00000000000001]
[86.39593908629442, 90.65989847715736, 94.31472081218274, 97.36040609137056, 98.78172588832489, 98.98477157360408, 100.00000000000001]
[86.39593908629442, 90.65989847715736, 94.31472081218274, 97.36040609137056, 98.78172588832489, 98.98477157360408, 100.00000000000001]
[86.39593908629442, 90.65989847715736, 94.31472081218274, 97.36040609137056, 98.78172588832489, 98.98477157360408, 100.00000000000001]
[86.39593908629442, 90.65989847715736, 94.31472081218274, 97.36040609137056, 98.78172588832489, 98.98477157360408, 100.00000000000001]
[86.39593908629442, 90.65989847715736, 94.31472081218274, 97.36040609137056, 98.78172588832489, 98.98477157360408, 100.00000000000001]
[86.39593908629442, 90.65989847715736, 94.31472081218274, 97.36040609137056, 98.78172588832489, 98.98477157360408, 100.00000000000001]
[86.39593908629442, 90.65989847715736, 94.31472081218274, 97.36040609137056, 98.78172588832489, 98.98477157360408, 100.00000000000001]
[86.39593908629442, 90.65989847715736, 94.31472081218274, 97.36040609137056, 98.78172588832489, 98.98477157360408, 100.00000000000001]
[86.39593908629442, 90.65989847715736, 94.31472081218274, 97.36040609137056, 98.78172588832489, 98.98477157360408, 100.00000000000001]
[86.39593908629442, 90.65989847715736, 94.31472081218274, 97.36040609137056, 98.78172588832489, 98.98477157360408, 100.00000000000001]
[86.39593908629442, 90.65989847715736, 94.31472081218274, 97.36040609137056, 98.78172588832489, 98.98477157360408, 100.00000000000001]
[86.39593908629442, 90.65989847715736, 94.31472081218274, 97.36040609137056, 98.78172588832489, 98.98477157360408, 100.00000000000001]
[86.39593908629442, 90.65989847715736, 94.31472081218274, 97.36040609137056, 98.78172588832489, 98.98477157360408, 100.00000000000001]
[86.39593908629442, 90.65989847715736, 94.31472081218274, 97.36040609137056, 98.78172588832489, 98.98477157360408, 100.00000000000001]
[86.39593908629442, 90.65989847715736, 94.31472081218274, 97.36040609137056, 98.78172588832489, 98.98477157360408, 100.00000000000001]
[86.39593908629442, 90.65989847715736, 94.31472081218274, 97.36040609137056, 98.78172588832489, 98.98477157360408, 100.00000000000001]
[86.39593908629442, 90.65989847715736, 94.31472081218274, 97.36040609137056, 98.78172588832489, 98.98477157360408, 100.00000000000001]
[86.39593908629442, 90.65989847715736, 94.31472081218274, 97.36040609137056, 98.78172588832489, 98.98477157360408, 100.00000000000001]
[86.39593908629442, 90.65989847715736, 94.31472081218274, 97.36040609137056, 98.78172588832489, 98.98477157360408, 100.00000000000001]
[86.39593908629442, 90.65989847715736, 94.31472081218274, 97.36040609137056, 98.78172588832489, 98.98477157360408, 100.00000000000001]
[86.39593908629442, 90.65989847715736, 94.31472081218274, 97.36040609137056, 98.78172588832489, 98.98477157360408, 100.00000000000001]
[86.39593908629442, 90.65989847715736, 94.31472081218274, 97.36040609137056, 98.78172588832489, 98.98477157360408, 100.00000000000001]
[86.39593908629442, 90.65989847715736, 94.31472081218274, 97.36040609137056, 98.78172588832489, 98.98477157360408, 100.00000000000001]
[86.39593908629442, 90.65989847715736, 94.31472081218274, 97.36040609137056, 98.78172588832489, 98.98477157360408, 100.00000000000001]
[86.39593908629442, 90.65989847715736, 94.31472081218274, 97.36040609137056, 98.78172588832489, 98.98477157360408, 100.00000000000001]
[86.39593908629442, 90.65989847715736, 94.31472081218274, 97.36040609137056, 98.78172588832489, 98.98477157360408, 100.00000000000001]
[86.39593908629442, 90.65989847715736, 94.31472081218274, 97.36040609137056, 98.78172588832489, 98.98477157360408, 100.00000000000001]
[86.39593908629442, 90.65989847715736, 94.31472081218274, 97.36040609137056, 98.78172588832489, 98.98477157360408, 100.00000000000001]
[86.39593908629442, 90.65989847715736, 94.31472081218274, 97.36040609137056, 98.78172588832489, 98.98477157360408, 100.00000000000001]
[86.39593908629442, 90.65989847715736, 94.31472081218274, 97.36040609137056, 98.78172588832489, 98.98477157360408, 100.00000000000001]
[86.39593908629442, 90.65989847715736, 94.31472081218274, 97.36040609137056, 98.78172588832489, 98.98477157360408, 100.00000000000001]
[86.39593908629442, 90.65989847715736, 94.31472081218274, 97.36040609137056, 98.78172588832489, 98.98477157360408, 100.00000000000001]
[86.39593908629442, 90.65989847715736, 94.31472081218274, 97.36040609137056, 98.78172588832489, 98.98477157360408, 100.00000000000001]
[86.39593908629442, 90.65989847715736, 94.31472081218274, 97.36040609137056, 98.78172588832489, 98.98477157360408, 100.00000000000001]
[86.39593908629442, 90.65989847715736, 94.31472081218274, 97.36040609137056, 98.78172588832489, 98.98477157360408, 100.00000000000001]
[86.39593908629442, 90.65989847715736, 94.31472081218274, 97.36040609137056, 98.78172588832489, 98.98477157360408, 100.00000000000001]
[86.39593908629442, 90.65989847715736, 94.31472081218274, 97.36040609137056, 98.78172588832489, 98.98477157360408, 100.00000000000001]
[92.69035532994924, 94.82233502538071, 96.6497461928934, 97.05583756345177, 97.46192893401015, 98.78172588832487, 98.98477157360406, 99.18781725888326, 100.00000000000001]
[92.69035532994924, 94.82233502538071, 96.6497461928934, 97.05583756345177, 97.46192893401015, 98.78172588832487, 98.98477157360406, 99.18781725888326, 100.00000000000001]
[92.69035532994924, 94.82233502538071, 96.6497461928934, 97.05583756345177, 97.46192893401015, 98.78172588832487, 98.98477157360406, 99.18781725888326, 100.00000000000001]
[92.69035532994924, 94.82233502538071, 96.6497461928934, 97.05583756345177, 97.46192893401015, 98.78172588832487, 98.98477157360406, 99.18781725888326, 100.00000000000001]
[92.69035532994924, 94.82233502538071, 96.6497461928934, 97.05583756345177, 97.46192893401015, 98.78172588832487, 98.98477157360406, 99.18781725888326, 100.00000000000001]
[92.69035532994924, 94.82233502538071, 96.6497461928934, 97.05583756345177, 97.46192893401015, 98.78172588832487, 98.98477157360406, 99.18781725888326, 100.00000000000001]
[92.69035532994924, 94.82233502538071, 96.6497461928934, 97.05583756345177, 97.46192893401015, 98.78172588832487, 98.98477157360406, 99.18781725888326, 100.00000000000001]
[92.69035532994924, 94.82233502538071, 96.6497461928934, 97.05583756345177, 97.46192893401015, 98.78172588832487, 98.98477157360406, 99.18781725888326, 100.00000000000001]
[92.69035532994924, 94.82233502538071, 96.6497461928934, 97.05583756345177, 97.46192893401015, 98.78172588832487, 98.98477157360406, 99.18781725888326, 100.00000000000001]
[92.69035532994924, 94.82233502538071, 96.6497461928934, 97.05583756345177, 97.46192893401015, 98.78172588832487, 98.98477157360406, 99.18781725888326, 100.00000000000001]
[92.69035532994924, 94.82233502538071, 96.6497461928934, 97.05583756345177, 97.46192893401015, 98.78172588832487, 98.98477157360406, 99.18781725888326, 100.00000000000001]
[92.69035532994924, 94.82233502538071, 96.6497461928934, 97.05583756345177, 97.46192893401015, 98.78172588832487, 98.98477157360406, 99.18781725888326, 100.00000000000001]
[92.69035532994924, 94.82233502538071, 96.6497461928934, 97.05583756345177, 97.46192893401015, 98.78172588832487, 98.98477157360406, 99.18781725888326, 100.00000000000001]
[92.69035532994924, 94.82233502538071, 96.6497461928934, 97.05583756345177, 97.46192893401015, 98.78172588832487, 98.98477157360406, 99.18781725888326, 100.00000000000001]
[92.69035532994924, 94.82233502538071, 96.6497461928934, 97.05583756345177, 97.46192893401015, 98.78172588832487, 98.98477157360406, 99.18781725888326, 100.00000000000001]
[92.69035532994924, 94.82233502538071, 96.6497461928934, 97.05583756345177, 97.46192893401015, 98.78172588832487, 98.98477157360406, 99.18781725888326, 100.00000000000001]
[92.69035532994924, 94.82233502538071, 96.6497461928934, 97.05583756345177, 97.46192893401015, 98.78172588832487, 98.98477157360406, 99.18781725888326, 100.00000000000001]
[92.69035532994924, 94.82233502538071, 96.6497461928934, 97.05583756345177, 97.46192893401015, 98.78172588832487, 98.98477157360406, 99.18781725888326, 100.00000000000001]
[92.69035532994924, 94.82233502538071, 96.6497461928934, 97.05583756345177, 97.46192893401015, 98.78172588832487, 98.98477157360406, 99.18781725888326, 100.00000000000001]
[92.69035532994924, 94.82233502538071, 96.6497461928934, 97.05583756345177, 97.46192893401015, 98.78172588832487, 98.98477157360406, 99.18781725888326, 100.00000000000001]
[92.69035532994924, 94.82233502538071, 96.6497461928934, 97.05583756345177, 97.46192893401015, 98.78172588832487, 98.98477157360406, 99.18781725888326, 100.00000000000001]
[92.69035532994924, 94.82233502538071, 96.6497461928934, 97.05583756345177, 97.46192893401015, 98.78172588832487, 98.98477157360406, 99.18781725888326, 100.00000000000001]
[92.69035532994924, 94.82233502538071, 96.6497461928934, 97.05583756345177, 97.46192893401015, 98.78172588832487, 98.98477157360406, 99.18781725888326, 100.00000000000001]
[92.69035532994924, 94.82233502538071, 96.6497461928934, 97.05583756345177, 97.46192893401015, 98.78172588832487, 98.98477157360406, 99.18781725888326, 100.00000000000001]
[92.69035532994924, 94.82233502538071, 96.6497461928934, 97.05583756345177, 97.46192893401015, 98.78172588832487, 98.98477157360406, 99.18781725888326, 100.00000000000001]
[92.69035532994924, 94.82233502538071, 96.6497461928934, 97.05583756345177, 97.46192893401015, 98.78172588832487, 98.98477157360406, 99.18781725888326, 100.00000000000001]
[92.69035532994924, 94.82233502538071, 96.6497461928934, 97.05583756345177, 97.46192893401015, 98.78172588832487, 98.98477157360406, 99.18781725888326, 100.00000000000001]
[92.69035532994924, 94.82233502538071, 96.6497461928934, 97.05583756345177, 97.46192893401015, 98.78172588832487, 98.98477157360406, 99.18781725888326, 100.00000000000001]
[92.69035532994924, 94.82233502538071, 96.6497461928934, 97.05583756345177, 97.46192893401015, 98.78172588832487, 98.98477157360406, 99.18781725888326, 100.00000000000001]
[92.69035532994924, 94.82233502538071, 96.6497461928934, 97.05583756345177, 97.46192893401015, 98.78172588832487, 98.98477157360406, 99.18781725888326, 100.00000000000001]
[92.69035532994924, 94.82233502538071, 96.6497461928934, 97.05583756345177, 97.46192893401015, 98.78172588832487, 98.98477157360406, 99.18781725888326, 100.00000000000001]
[92.69035532994924, 94.82233502538071, 96.6497461928934, 97.05583756345177, 97.46192893401015, 98.78172588832487, 98.98477157360406, 99.18781725888326, 100.00000000000001]
[92.69035532994924, 94.82233502538071, 96.6497461928934, 97.05583756345177, 97.46192893401015, 98.78172588832487, 98.98477157360406, 99.18781725888326, 100.00000000000001]
[92.69035532994924, 94.82233502538071, 96.6497461928934, 97.05583756345177, 97.46192893401015, 98.78172588832487, 98.98477157360406, 99.18781725888326, 100.00000000000001]
[92.69035532994924, 94.82233502538071, 96.6497461928934, 97.05583756345177, 97.46192893401015, 98.78172588832487, 98.98477157360406, 99.18781725888326, 100.00000000000001]
[92.69035532994924, 94.82233502538071, 96.6497461928934, 97.05583756345177, 97.46192893401015, 98.78172588832487, 98.98477157360406, 99.18781725888326, 100.00000000000001]
[92.69035532994924, 94.82233502538071, 96.6497461928934, 97.05583756345177, 97.46192893401015, 98.78172588832487, 98.98477157360406, 99.18781725888326, 100.00000000000001]
[92.69035532994924, 94.82233502538071, 96.6497461928934, 97.05583756345177, 97.46192893401015, 98.78172588832487, 98.98477157360406, 99.18781725888326, 100.00000000000001]
[92.69035532994924, 94.82233502538071, 96.6497461928934, 97.05583756345177, 97.46192893401015, 98.78172588832487, 98.98477157360406, 99.18781725888326, 100.00000000000001]
[92.69035532994924, 94.82233502538071, 96.6497461928934, 97.05583756345177, 97.46192893401015, 98.78172588832487, 98.98477157360406, 99.18781725888326, 100.00000000000001]
[92.69035532994924, 94.82233502538071, 96.6497461928934, 97.05583756345177, 97.46192893401015, 98.78172588832487, 98.98477157360406, 99.18781725888326, 100.00000000000001]
[85.78680203045685, 89.74619289340102, 95.53299492385787, 97.25888324873097, 98.68020304568529, 98.88324873096448, 99.08629441624367, 100.00000000000001]
[85.78680203045685, 89.74619289340102, 95.53299492385787, 97.25888324873097, 98.68020304568529, 98.88324873096448, 99.08629441624367, 100.00000000000001]
[85.78680203045685, 89.74619289340102, 95.53299492385787, 97.25888324873097, 98.68020304568529, 98.88324873096448, 99.08629441624367, 100.00000000000001]
[85.78680203045685, 89.74619289340102, 95.53299492385787, 97.25888324873097, 98.68020304568529, 98.88324873096448, 99.08629441624367, 100.00000000000001]
[85.78680203045685, 89.74619289340102, 95.53299492385787, 97.25888324873097, 98.68020304568529, 98.88324873096448, 99.08629441624367, 100.00000000000001]
[85.78680203045685, 89.74619289340102, 95.53299492385787, 97.25888324873097, 98.68020304568529, 98.88324873096448, 99.08629441624367, 100.00000000000001]
[85.78680203045685, 89.74619289340102, 95.53299492385787, 97.25888324873097, 98.68020304568529, 98.88324873096448, 99.08629441624367, 100.00000000000001]
[85.78680203045685, 89.74619289340102, 95.53299492385787, 97.25888324873097, 98.68020304568529, 98.88324873096448, 99.08629441624367, 100.00000000000001]
[85.78680203045685, 89.74619289340102, 95.53299492385787, 97.25888324873097, 98.68020304568529, 98.88324873096448, 99.08629441624367, 100.00000000000001]
[85.78680203045685, 89.74619289340102, 95.53299492385787, 97.25888324873097, 98.68020304568529, 98.88324873096448, 99.08629441624367, 100.00000000000001]
[85.78680203045685, 89.74619289340102, 95.53299492385787, 97.25888324873097, 98.68020304568529, 98.88324873096448, 99.08629441624367, 100.00000000000001]
[85.78680203045685, 89.74619289340102, 95.53299492385787, 97.25888324873097, 98.68020304568529, 98.88324873096448, 99.08629441624367, 100.00000000000001]
[85.78680203045685, 89.74619289340102, 95.53299492385787, 97.25888324873097, 98.68020304568529, 98.88324873096448, 99.08629441624367, 100.00000000000001]
[85.78680203045685, 89.74619289340102, 95.53299492385787, 97.25888324873097, 98.68020304568529, 98.88324873096448, 99.08629441624367, 100.00000000000001]
[85.78680203045685, 89.74619289340102, 95.53299492385787, 97.25888324873097, 98.68020304568529, 98.88324873096448, 99.08629441624367, 100.00000000000001]
[85.78680203045685, 89.74619289340102, 95.53299492385787, 97.25888324873097, 98.68020304568529, 98.88324873096448, 99.08629441624367, 100.00000000000001]
[85.78680203045685, 89.74619289340102, 95.53299492385787, 97.25888324873097, 98.68020304568529, 98.88324873096448, 99.08629441624367, 100.00000000000001]
[85.78680203045685, 89.74619289340102, 95.53299492385787, 97.25888324873097, 98.68020304568529, 98.88324873096448, 99.08629441624367, 100.00000000000001]
[85.78680203045685, 89.74619289340102, 95.53299492385787, 97.25888324873097, 98.68020304568529, 98.88324873096448, 99.08629441624367, 100.00000000000001]
[85.78680203045685, 89.74619289340102, 95.53299492385787, 97.25888324873097, 98.68020304568529, 98.88324873096448, 99.08629441624367, 100.00000000000001]
[85.78680203045685, 89.74619289340102, 95.53299492385787, 97.25888324873097, 98.68020304568529, 98.88324873096448, 99.08629441624367, 100.00000000000001]
[85.78680203045685, 89.74619289340102, 95.53299492385787, 97.25888324873097, 98.68020304568529, 98.88324873096448, 99.08629441624367, 100.00000000000001]
[85.78680203045685, 89.74619289340102, 95.53299492385787, 97.25888324873097, 98.68020304568529, 98.88324873096448, 99.08629441624367, 100.00000000000001]
[85.78680203045685, 89.74619289340102, 95.53299492385787, 97.25888324873097, 98.68020304568529, 98.88324873096448, 99.08629441624367, 100.00000000000001]
[85.78680203045685, 89.74619289340102, 95.53299492385787, 97.25888324873097, 98.68020304568529, 98.88324873096448, 99.08629441624367, 100.00000000000001]
[85.78680203045685, 89.74619289340102, 95.53299492385787, 97.25888324873097, 98.68020304568529, 98.88324873096448, 99.08629441624367, 100.00000000000001]
[85.78680203045685, 89.74619289340102, 95.53299492385787, 97.25888324873097, 98.68020304568529, 98.88324873096448, 99.08629441624367, 100.00000000000001]
[85.78680203045685, 89.74619289340102, 95.53299492385787, 97.25888324873097, 98.68020304568529, 98.88324873096448, 99.08629441624367, 100.00000000000001]
[85.78680203045685, 89.74619289340102, 95.53299492385787, 97.25888324873097, 98.68020304568529, 98.88324873096448, 99.08629441624367, 100.00000000000001]
[85.78680203045685, 89.74619289340102, 95.53299492385787, 97.25888324873097, 98.68020304568529, 98.88324873096448, 99.08629441624367, 100.00000000000001]
[85.78680203045685, 89.74619289340102, 95.53299492385787, 97.25888324873097, 98.68020304568529, 98.88324873096448, 99.08629441624367, 100.00000000000001]
[85.78680203045685, 89.74619289340102, 95.53299492385787, 97.25888324873097, 98.68020304568529, 98.88324873096448, 99.08629441624367, 100.00000000000001]
[85.78680203045685, 89.74619289340102, 95.53299492385787, 97.25888324873097, 98.68020304568529, 98.88324873096448, 99.08629441624367, 100.00000000000001]
[85.78680203045685, 89.74619289340102, 95.53299492385787, 97.25888324873097, 98.68020304568529, 98.88324873096448, 99.08629441624367, 100.00000000000001]
[85.78680203045685, 89.74619289340102, 95.53299492385787, 97.25888324873097, 98.68020304568529, 98.88324873096448, 99.08629441624367, 100.00000000000001]
[85.78680203045685, 89.74619289340102, 95.53299492385787, 97.25888324873097, 98.68020304568529, 98.88324873096448, 99.08629441624367, 100.00000000000001]
[85.78680203045685, 89.74619289340102, 95.53299492385787, 97.25888324873097, 98.68020304568529, 98.88324873096448, 99.08629441624367, 100.00000000000001]
[85.78680203045685, 89.74619289340102, 95.53299492385787, 97.25888324873097, 98.68020304568529, 98.88324873096448, 99.08629441624367, 100.00000000000001]
[85.78680203045685, 89.74619289340102, 95.53299492385787, 97.25888324873097, 98.68020304568529, 98.88324873096448, 99.08629441624367, 100.00000000000001]
[87.81725888324873, 93.60406091370558, 96.85279187817258, 97.25888324873095, 98.07106598984771, 98.98477157360405, 99.99999999999999]
[87.81725888324873, 93.60406091370558, 96.85279187817258, 97.25888324873095, 98.07106598984771, 98.98477157360405, 99.99999999999999]
[87.81725888324873, 93.60406091370558, 96.85279187817258, 97.25888324873095, 98.07106598984771, 98.98477157360405, 99.99999999999999]
[87.81725888324873, 93.60406091370558, 96.85279187817258, 97.25888324873095, 98.07106598984771, 98.98477157360405, 99.99999999999999]
[87.81725888324873, 93.60406091370558, 96.85279187817258, 97.25888324873095, 98.07106598984771, 98.98477157360405, 99.99999999999999]
[87.81725888324873, 93.60406091370558, 96.85279187817258, 97.25888324873095, 98.07106598984771, 98.98477157360405, 99.99999999999999]
[87.81725888324873, 93.60406091370558, 96.85279187817258, 97.25888324873095, 98.07106598984771, 98.98477157360405, 99.99999999999999]
[87.81725888324873, 93.60406091370558, 96.85279187817258, 97.25888324873095, 98.07106598984771, 98.98477157360405, 99.99999999999999]
[87.81725888324873, 93.60406091370558, 96.85279187817258, 97.25888324873095, 98.07106598984771, 98.98477157360405, 99.99999999999999]
[87.81725888324873, 93.60406091370558, 96.85279187817258, 97.25888324873095, 98.07106598984771, 98.98477157360405, 99.99999999999999]
[87.81725888324873, 93.60406091370558, 96.85279187817258, 97.25888324873095, 98.07106598984771, 98.98477157360405, 99.99999999999999]
[87.81725888324873, 93.60406091370558, 96.85279187817258, 97.25888324873095, 98.07106598984771, 98.98477157360405, 99.99999999999999]
[87.81725888324873, 93.60406091370558, 96.85279187817258, 97.25888324873095, 98.07106598984771, 98.98477157360405, 99.99999999999999]
[87.81725888324873, 93.60406091370558, 96.85279187817258, 97.25888324873095, 98.07106598984771, 98.98477157360405, 99.99999999999999]
[87.81725888324873, 93.60406091370558, 96.85279187817258, 97.25888324873095, 98.07106598984771, 98.98477157360405, 99.99999999999999]
[87.81725888324873, 93.60406091370558, 96.85279187817258, 97.25888324873095, 98.07106598984771, 98.98477157360405, 99.99999999999999]
[87.81725888324873, 93.60406091370558, 96.85279187817258, 97.25888324873095, 98.07106598984771, 98.98477157360405, 99.99999999999999]
[87.81725888324873, 93.60406091370558, 96.85279187817258, 97.25888324873095, 98.07106598984771, 98.98477157360405, 99.99999999999999]
[87.81725888324873, 93.60406091370558, 96.85279187817258, 97.25888324873095, 98.07106598984771, 98.98477157360405, 99.99999999999999]
[87.81725888324873, 93.60406091370558, 96.85279187817258, 97.25888324873095, 98.07106598984771, 98.98477157360405, 99.99999999999999]
[87.81725888324873, 93.60406091370558, 96.85279187817258, 97.25888324873095, 98.07106598984771, 98.98477157360405, 99.99999999999999]
[87.81725888324873, 93.60406091370558, 96.85279187817258, 97.25888324873095, 98.07106598984771, 98.98477157360405, 99.99999999999999]
[87.81725888324873, 93.60406091370558, 96.85279187817258, 97.25888324873095, 98.07106598984771, 98.98477157360405, 99.99999999999999]
[87.81725888324873, 93.60406091370558, 96.85279187817258, 97.25888324873095, 98.07106598984771, 98.98477157360405, 99.99999999999999]
[87.81725888324873, 93.60406091370558, 96.85279187817258, 97.25888324873095, 98.07106598984771, 98.98477157360405, 99.99999999999999]
[87.81725888324873, 93.60406091370558, 96.85279187817258, 97.25888324873095, 98.07106598984771, 98.98477157360405, 99.99999999999999]
[87.81725888324873, 93.60406091370558, 96.85279187817258, 97.25888324873095, 98.07106598984771, 98.98477157360405, 99.99999999999999]
[87.81725888324873, 93.60406091370558, 96.85279187817258, 97.25888324873095, 98.07106598984771, 98.98477157360405, 99.99999999999999]
[87.81725888324873, 93.60406091370558, 96.85279187817258, 97.25888324873095, 98.07106598984771, 98.98477157360405, 99.99999999999999]
[87.81725888324873, 93.60406091370558, 96.85279187817258, 97.25888324873095, 98.07106598984771, 98.98477157360405, 99.99999999999999]
[87.81725888324873, 93.60406091370558, 96.85279187817258, 97.25888324873095, 98.07106598984771, 98.98477157360405, 99.99999999999999]
[87.81725888324873, 93.60406091370558, 96.85279187817258, 97.25888324873095, 98.07106598984771, 98.98477157360405, 99.99999999999999]
[87.81725888324873, 93.60406091370558, 96.85279187817258, 97.25888324873095, 98.07106598984771, 98.98477157360405, 99.99999999999999]
[87.81725888324873, 93.60406091370558, 96.85279187817258, 97.25888324873095, 98.07106598984771, 98.98477157360405, 99.99999999999999]
[87.81725888324873, 93.60406091370558, 96.85279187817258, 97.25888324873095, 98.07106598984771, 98.98477157360405, 99.99999999999999]
[87.81725888324873, 93.60406091370558, 96.85279187817258, 97.25888324873095, 98.07106598984771, 98.98477157360405, 99.99999999999999]
[87.81725888324873, 93.60406091370558, 96.85279187817258, 97.25888324873095, 98.07106598984771, 98.98477157360405, 99.99999999999999]
[87.81725888324873, 93.60406091370558, 96.85279187817258, 97.25888324873095, 98.07106598984771, 98.98477157360405, 99.99999999999999]
[87.81725888324873, 93.60406091370558, 96.85279187817258, 97.25888324873095, 98.07106598984771, 98.98477157360405, 99.99999999999999]
[87.81725888324873, 93.60406091370558, 96.85279187817258, 97.25888324873095, 98.07106598984771, 98.98477157360405, 99.99999999999999]
[87.81725888324873, 93.60406091370558, 96.85279187817258, 97.25888324873095, 98.07106598984771, 98.98477157360405, 99.99999999999999]
[87.81725888324873, 93.60406091370558, 96.85279187817258, 97.25888324873095, 98.07106598984771, 98.98477157360405, 99.99999999999999]
[87.81725888324873, 93.60406091370558, 96.85279187817258, 97.25888324873095, 98.07106598984771, 98.98477157360405, 99.99999999999999]
[87.81725888324873, 93.60406091370558, 96.85279187817258, 97.25888324873095, 98.07106598984771, 98.98477157360405, 99.99999999999999]
[87.81725888324873, 93.60406091370558, 96.85279187817258, 97.25888324873095, 98.07106598984771, 98.98477157360405, 99.99999999999999]
[87.81725888324873, 93.60406091370558, 96.85279187817258, 97.25888324873095, 98.07106598984771, 98.98477157360405, 99.99999999999999]
[87.81725888324873, 93.60406091370558, 96.85279187817258, 97.25888324873095, 98.07106598984771, 98.98477157360405, 99.99999999999999]
[87.81725888324873, 93.60406091370558, 96.85279187817258, 97.25888324873095, 98.07106598984771, 98.98477157360405, 99.99999999999999]
[96.24365482233502, 96.64974619289339, 98.27411167512689, 98.47715736040608, 98.68020304568527, 98.88324873096447, 99.08629441624366, 100.0]
[96.24365482233502, 96.64974619289339, 98.27411167512689, 98.47715736040608, 98.68020304568527, 98.88324873096447, 99.08629441624366, 100.0]
[96.24365482233502, 96.64974619289339, 98.27411167512689, 98.47715736040608, 98.68020304568527, 98.88324873096447, 99.08629441624366, 100.0]
[96.24365482233502, 96.64974619289339, 98.27411167512689, 98.47715736040608, 98.68020304568527, 98.88324873096447, 99.08629441624366, 100.0]
[96.24365482233502, 96.64974619289339, 98.27411167512689, 98.47715736040608, 98.68020304568527, 98.88324873096447, 99.08629441624366, 100.0]
[96.24365482233502, 96.64974619289339, 98.27411167512689, 98.47715736040608, 98.68020304568527, 98.88324873096447, 99.08629441624366, 100.0]
[96.24365482233502, 96.64974619289339, 98.27411167512689, 98.47715736040608, 98.68020304568527, 98.88324873096447, 99.08629441624366, 100.0]
[96.24365482233502, 96.64974619289339, 98.27411167512689, 98.47715736040608, 98.68020304568527, 98.88324873096447, 99.08629441624366, 100.0]
[96.24365482233502, 96.64974619289339, 98.27411167512689, 98.47715736040608, 98.68020304568527, 98.88324873096447, 99.08629441624366, 100.0]
[96.24365482233502, 96.64974619289339, 98.27411167512689, 98.47715736040608, 98.68020304568527, 98.88324873096447, 99.08629441624366, 100.0]
[96.24365482233502, 96.64974619289339, 98.27411167512689, 98.47715736040608, 98.68020304568527, 98.88324873096447, 99.08629441624366, 100.0]
[96.24365482233502, 96.64974619289339, 98.27411167512689, 98.47715736040608, 98.68020304568527, 98.88324873096447, 99.08629441624366, 100.0]
[96.24365482233502, 96.64974619289339, 98.27411167512689, 98.47715736040608, 98.68020304568527, 98.88324873096447, 99.08629441624366, 100.0]
[96.24365482233502, 96.64974619289339, 98.27411167512689, 98.47715736040608, 98.68020304568527, 98.88324873096447, 99.08629441624366, 100.0]
[96.24365482233502, 96.64974619289339, 98.27411167512689, 98.47715736040608, 98.68020304568527, 98.88324873096447, 99.08629441624366, 100.0]
[96.24365482233502, 96.64974619289339, 98.27411167512689, 98.47715736040608, 98.68020304568527, 98.88324873096447, 99.08629441624366, 100.0]
[96.24365482233502, 96.64974619289339, 98.27411167512689, 98.47715736040608, 98.68020304568527, 98.88324873096447, 99.08629441624366, 100.0]
[96.24365482233502, 96.64974619289339, 98.27411167512689, 98.47715736040608, 98.68020304568527, 98.88324873096447, 99.08629441624366, 100.0]
[96.24365482233502, 96.64974619289339, 98.27411167512689, 98.47715736040608, 98.68020304568527, 98.88324873096447, 99.08629441624366, 100.0]
[96.24365482233502, 96.64974619289339, 98.27411167512689, 98.47715736040608, 98.68020304568527, 98.88324873096447, 99.08629441624366, 100.0]
[96.24365482233502, 96.64974619289339, 98.27411167512689, 98.47715736040608, 98.68020304568527, 98.88324873096447, 99.08629441624366, 100.0]
[96.24365482233502, 96.64974619289339, 98.27411167512689, 98.47715736040608, 98.68020304568527, 98.88324873096447, 99.08629441624366, 100.0]
[96.24365482233502, 96.64974619289339, 98.27411167512689, 98.47715736040608, 98.68020304568527, 98.88324873096447, 99.08629441624366, 100.0]
[96.24365482233502, 96.64974619289339, 98.27411167512689, 98.47715736040608, 98.68020304568527, 98.88324873096447, 99.08629441624366, 100.0]
[96.24365482233502, 96.64974619289339, 98.27411167512689, 98.47715736040608, 98.68020304568527, 98.88324873096447, 99.08629441624366, 100.0]
[96.24365482233502, 96.64974619289339, 98.27411167512689, 98.47715736040608, 98.68020304568527, 98.88324873096447, 99.08629441624366, 100.0]
[96.24365482233502, 96.64974619289339, 98.27411167512689, 98.47715736040608, 98.68020304568527, 98.88324873096447, 99.08629441624366, 100.0]
[96.24365482233502, 96.64974619289339, 98.27411167512689, 98.47715736040608, 98.68020304568527, 98.88324873096447, 99.08629441624366, 100.0]
[96.24365482233502, 96.64974619289339, 98.27411167512689, 98.47715736040608, 98.68020304568527, 98.88324873096447, 99.08629441624366, 100.0]
[96.24365482233502, 96.64974619289339, 98.27411167512689, 98.47715736040608, 98.68020304568527, 98.88324873096447, 99.08629441624366, 100.0]
[96.24365482233502, 96.64974619289339, 98.27411167512689, 98.47715736040608, 98.68020304568527, 98.88324873096447, 99.08629441624366, 100.0]
[96.24365482233502, 96.64974619289339, 98.27411167512689, 98.47715736040608, 98.68020304568527, 98.88324873096447, 99.08629441624366, 100.0]
[96.24365482233502, 96.64974619289339, 98.27411167512689, 98.47715736040608, 98.68020304568527, 98.88324873096447, 99.08629441624366, 100.0]
[96.24365482233502, 96.64974619289339, 98.27411167512689, 98.47715736040608, 98.68020304568527, 98.88324873096447, 99.08629441624366, 100.0]
[96.24365482233502, 96.64974619289339, 98.27411167512689, 98.47715736040608, 98.68020304568527, 98.88324873096447, 99.08629441624366, 100.0]
[96.24365482233502, 96.64974619289339, 98.27411167512689, 98.47715736040608, 98.68020304568527, 98.88324873096447, 99.08629441624366, 100.0]
[96.24365482233502, 96.64974619289339, 98.27411167512689, 98.47715736040608, 98.68020304568527, 98.88324873096447, 99.08629441624366, 100.0]
[96.24365482233502, 96.64974619289339, 98.27411167512689, 98.47715736040608, 98.68020304568527, 98.88324873096447, 99.08629441624366, 100.0]
[96.24365482233502, 96.64974619289339, 98.27411167512689, 98.47715736040608, 98.68020304568527, 98.88324873096447, 99.08629441624366, 100.0]
[96.24365482233502, 96.64974619289339, 98.27411167512689, 98.47715736040608, 98.68020304568527, 98.88324873096447, 99.08629441624366, 100.0]
[96.24365482233502, 96.64974619289339, 98.27411167512689, 98.47715736040608, 98.68020304568527, 98.88324873096447, 99.08629441624366, 100.0]
[96.24365482233502, 96.64974619289339, 98.27411167512689, 98.47715736040608, 98.68020304568527, 98.88324873096447, 99.08629441624366, 100.0]
[96.24365482233502, 96.64974619289339, 98.27411167512689, 98.47715736040608, 98.68020304568527, 98.88324873096447, 99.08629441624366, 100.0]
[96.24365482233502, 96.64974619289339, 98.27411167512689, 98.47715736040608, 98.68020304568527, 98.88324873096447, 99.08629441624366, 100.0]
[96.24365482233502, 96.64974619289339, 98.27411167512689, 98.47715736040608, 98.68020304568527, 98.88324873096447, 99.08629441624366, 100.0]
[96.24365482233502, 96.64974619289339, 98.27411167512689, 98.47715736040608, 98.68020304568527, 98.88324873096447, 99.08629441624366, 100.0]
[96.24365482233502, 96.64974619289339, 98.27411167512689, 98.47715736040608, 98.68020304568527, 98.88324873096447, 99.08629441624366, 100.0]
[96.24365482233502, 96.64974619289339, 98.27411167512689, 98.47715736040608, 98.68020304568527, 98.88324873096447, 99.08629441624366, 100.0]
[89.74619289340102, 93.60406091370558, 95.63451776649745, 98.47715736040608, 98.68020304568527, 98.88324873096447, 99.08629441624366, 100.0]
[89.74619289340102, 93.60406091370558, 95.63451776649745, 98.47715736040608, 98.68020304568527, 98.88324873096447, 99.08629441624366, 100.0]
[89.74619289340102, 93.60406091370558, 95.63451776649745, 98.47715736040608, 98.68020304568527, 98.88324873096447, 99.08629441624366, 100.0]
[89.74619289340102, 93.60406091370558, 95.63451776649745, 98.47715736040608, 98.68020304568527, 98.88324873096447, 99.08629441624366, 100.0]
[89.74619289340102, 93.60406091370558, 95.63451776649745, 98.47715736040608, 98.68020304568527, 98.88324873096447, 99.08629441624366, 100.0]
[89.74619289340102, 93.60406091370558, 95.63451776649745, 98.47715736040608, 98.68020304568527, 98.88324873096447, 99.08629441624366, 100.0]
[89.74619289340102, 93.60406091370558, 95.63451776649745, 98.47715736040608, 98.68020304568527, 98.88324873096447, 99.08629441624366, 100.0]
[89.74619289340102, 93.60406091370558, 95.63451776649745, 98.47715736040608, 98.68020304568527, 98.88324873096447, 99.08629441624366, 100.0]
[89.74619289340102, 93.60406091370558, 95.63451776649745, 98.47715736040608, 98.68020304568527, 98.88324873096447, 99.08629441624366, 100.0]
[89.74619289340102, 93.60406091370558, 95.63451776649745, 98.47715736040608, 98.68020304568527, 98.88324873096447, 99.08629441624366, 100.0]
[89.74619289340102, 93.60406091370558, 95.63451776649745, 98.47715736040608, 98.68020304568527, 98.88324873096447, 99.08629441624366, 100.0]
[89.74619289340102, 93.60406091370558, 95.63451776649745, 98.47715736040608, 98.68020304568527, 98.88324873096447, 99.08629441624366, 100.0]
[89.74619289340102, 93.60406091370558, 95.63451776649745, 98.47715736040608, 98.68020304568527, 98.88324873096447, 99.08629441624366, 100.0]
[89.74619289340102, 93.60406091370558, 95.63451776649745, 98.47715736040608, 98.68020304568527, 98.88324873096447, 99.08629441624366, 100.0]
[89.74619289340102, 93.60406091370558, 95.63451776649745, 98.47715736040608, 98.68020304568527, 98.88324873096447, 99.08629441624366, 100.0]
[89.74619289340102, 93.60406091370558, 95.63451776649745, 98.47715736040608, 98.68020304568527, 98.88324873096447, 99.08629441624366, 100.0]
[89.74619289340102, 93.60406091370558, 95.63451776649745, 98.47715736040608, 98.68020304568527, 98.88324873096447, 99.08629441624366, 100.0]
[89.74619289340102, 93.60406091370558, 95.63451776649745, 98.47715736040608, 98.68020304568527, 98.88324873096447, 99.08629441624366, 100.0]
[89.74619289340102, 93.60406091370558, 95.63451776649745, 98.47715736040608, 98.68020304568527, 98.88324873096447, 99.08629441624366, 100.0]
[89.74619289340102, 93.60406091370558, 95.63451776649745, 98.47715736040608, 98.68020304568527, 98.88324873096447, 99.08629441624366, 100.0]
[89.74619289340102, 93.60406091370558, 95.63451776649745, 98.47715736040608, 98.68020304568527, 98.88324873096447, 99.08629441624366, 100.0]
[89.74619289340102, 93.60406091370558, 95.63451776649745, 98.47715736040608, 98.68020304568527, 98.88324873096447, 99.08629441624366, 100.0]
[89.74619289340102, 93.60406091370558, 95.63451776649745, 98.47715736040608, 98.68020304568527, 98.88324873096447, 99.08629441624366, 100.0]
[89.74619289340102, 93.60406091370558, 95.63451776649745, 98.47715736040608, 98.68020304568527, 98.88324873096447, 99.08629441624366, 100.0]
[89.74619289340102, 93.60406091370558, 95.63451776649745, 98.47715736040608, 98.68020304568527, 98.88324873096447, 99.08629441624366, 100.0]
[89.74619289340102, 93.60406091370558, 95.63451776649745, 98.47715736040608, 98.68020304568527, 98.88324873096447, 99.08629441624366, 100.0]
[89.74619289340102, 93.60406091370558, 95.63451776649745, 98.47715736040608, 98.68020304568527, 98.88324873096447, 99.08629441624366, 100.0]
[89.74619289340102, 93.60406091370558, 95.63451776649745, 98.47715736040608, 98.68020304568527, 98.88324873096447, 99.08629441624366, 100.0]
[89.74619289340102, 93.60406091370558, 95.63451776649745, 98.47715736040608, 98.68020304568527, 98.88324873096447, 99.08629441624366, 100.0]
[89.74619289340102, 93.60406091370558, 95.63451776649745, 98.47715736040608, 98.68020304568527, 98.88324873096447, 99.08629441624366, 100.0]
[89.74619289340102, 93.60406091370558, 95.63451776649745, 98.47715736040608, 98.68020304568527, 98.88324873096447, 99.08629441624366, 100.0]
[86.497461928934, 92.08121827411166, 94.31472081218273, 97.36040609137055, 98.78172588832487, 98.98477157360406, 100.0]
[86.497461928934, 92.08121827411166, 94.31472081218273, 97.36040609137055, 98.78172588832487, 98.98477157360406, 100.0]
[86.497461928934, 92.08121827411166, 94.31472081218273, 97.36040609137055, 98.78172588832487, 98.98477157360406, 100.0]
[86.497461928934, 92.08121827411166, 94.31472081218273, 97.36040609137055, 98.78172588832487, 98.98477157360406, 100.0]
[86.497461928934, 92.08121827411166, 94.31472081218273, 97.36040609137055, 98.78172588832487, 98.98477157360406, 100.0]
[86.497461928934, 92.08121827411166, 94.31472081218273, 97.36040609137055, 98.78172588832487, 98.98477157360406, 100.0]
[86.497461928934, 92.08121827411166, 94.31472081218273, 97.36040609137055, 98.78172588832487, 98.98477157360406, 100.0]
[86.497461928934, 92.08121827411166, 94.31472081218273, 97.36040609137055, 98.78172588832487, 98.98477157360406, 100.0]
[86.497461928934, 92.08121827411166, 94.31472081218273, 97.36040609137055, 98.78172588832487, 98.98477157360406, 100.0]
[86.497461928934, 92.08121827411166, 94.31472081218273, 97.36040609137055, 98.78172588832487, 98.98477157360406, 100.0]
[86.497461928934, 92.08121827411166, 94.31472081218273, 97.36040609137055, 98.78172588832487, 98.98477157360406, 100.0]
[86.497461928934, 92.08121827411166, 94.31472081218273, 97.36040609137055, 98.78172588832487, 98.98477157360406, 100.0]
[86.497461928934, 92.08121827411166, 94.31472081218273, 97.36040609137055, 98.78172588832487, 98.98477157360406, 100.0]
[86.497461928934, 92.08121827411166, 94.31472081218273, 97.36040609137055, 98.78172588832487, 98.98477157360406, 100.0]
[86.497461928934, 92.08121827411166, 94.31472081218273, 97.36040609137055, 98.78172588832487, 98.98477157360406, 100.0]
[86.497461928934, 92.08121827411166, 94.31472081218273, 97.36040609137055, 98.78172588832487, 98.98477157360406, 100.0]
[86.497461928934, 92.08121827411166, 94.31472081218273, 97.36040609137055, 98.78172588832487, 98.98477157360406, 100.0]
[86.497461928934, 92.08121827411166, 94.31472081218273, 97.36040609137055, 98.78172588832487, 98.98477157360406, 100.0]
[86.497461928934, 92.08121827411166, 94.31472081218273, 97.36040609137055, 98.78172588832487, 98.98477157360406, 100.0]
[86.497461928934, 92.08121827411166, 94.31472081218273, 97.36040609137055, 98.78172588832487, 98.98477157360406, 100.0]
[86.497461928934, 92.08121827411166, 94.31472081218273, 97.36040609137055, 98.78172588832487, 98.98477157360406, 100.0]
[86.497461928934, 92.08121827411166, 94.31472081218273, 97.36040609137055, 98.78172588832487, 98.98477157360406, 100.0]
[86.497461928934, 92.08121827411166, 94.31472081218273, 97.36040609137055, 98.78172588832487, 98.98477157360406, 100.0]
[86.497461928934, 92.08121827411166, 94.31472081218273, 97.36040609137055, 98.78172588832487, 98.98477157360406, 100.0]
[86.497461928934, 92.08121827411166, 94.31472081218273, 97.36040609137055, 98.78172588832487, 98.98477157360406, 100.0]
[86.497461928934, 92.08121827411166, 94.31472081218273, 97.36040609137055, 98.78172588832487, 98.98477157360406, 100.0]
[86.497461928934, 92.08121827411166, 94.31472081218273, 97.36040609137055, 98.78172588832487, 98.98477157360406, 100.0]
[86.497461928934, 92.08121827411166, 94.31472081218273, 97.36040609137055, 98.78172588832487, 98.98477157360406, 100.0]
[86.497461928934, 92.08121827411166, 94.31472081218273, 97.36040609137055, 98.78172588832487, 98.98477157360406, 100.0]
[86.497461928934, 92.08121827411166, 94.31472081218273, 97.36040609137055, 98.78172588832487, 98.98477157360406, 100.0]
[86.497461928934, 92.08121827411166, 94.31472081218273, 97.36040609137055, 98.78172588832487, 98.98477157360406, 100.0]
[86.497461928934, 92.08121827411166, 94.31472081218273, 97.36040609137055, 98.78172588832487, 98.98477157360406, 100.0]
[86.497461928934, 92.08121827411166, 94.31472081218273, 97.36040609137055, 98.78172588832487, 98.98477157360406, 100.0]
[86.497461928934, 92.08121827411166, 94.31472081218273, 97.36040609137055, 98.78172588832487, 98.98477157360406, 100.0]
[86.7005076142132, 93.60406091370558, 96.85279187817258, 97.25888324873095, 97.66497461928932, 98.98477157360405, 99.99999999999999]
[86.7005076142132, 93.60406091370558, 96.85279187817258, 97.25888324873095, 97.66497461928932, 98.98477157360405, 99.99999999999999]
[86.7005076142132, 93.60406091370558, 96.85279187817258, 97.25888324873095, 97.66497461928932, 98.98477157360405, 99.99999999999999]
[86.7005076142132, 93.60406091370558, 96.85279187817258, 97.25888324873095, 97.66497461928932, 98.98477157360405, 99.99999999999999]
[86.7005076142132, 93.60406091370558, 96.85279187817258, 97.25888324873095, 97.66497461928932, 98.98477157360405, 99.99999999999999]
[86.7005076142132, 93.60406091370558, 96.85279187817258, 97.25888324873095, 97.66497461928932, 98.98477157360405, 99.99999999999999]
[86.7005076142132, 93.60406091370558, 96.85279187817258, 97.25888324873095, 97.66497461928932, 98.98477157360405, 99.99999999999999]
[86.7005076142132, 93.60406091370558, 96.85279187817258, 97.25888324873095, 97.66497461928932, 98.98477157360405, 99.99999999999999]
[86.7005076142132, 93.60406091370558, 96.85279187817258, 97.25888324873095, 97.66497461928932, 98.98477157360405, 99.99999999999999]
[86.7005076142132, 93.60406091370558, 96.85279187817258, 97.25888324873095, 97.66497461928932, 98.98477157360405, 99.99999999999999]
[86.7005076142132, 93.60406091370558, 96.85279187817258, 97.25888324873095, 97.66497461928932, 98.98477157360405, 99.99999999999999]
[86.7005076142132, 93.60406091370558, 96.85279187817258, 97.25888324873095, 97.66497461928932, 98.98477157360405, 99.99999999999999]
[86.7005076142132, 93.60406091370558, 96.85279187817258, 97.25888324873095, 97.66497461928932, 98.98477157360405, 99.99999999999999]
[86.7005076142132, 93.60406091370558, 96.85279187817258, 97.25888324873095, 97.66497461928932, 98.98477157360405, 99.99999999999999]
[86.7005076142132, 93.60406091370558, 96.85279187817258, 97.25888324873095, 97.66497461928932, 98.98477157360405, 99.99999999999999]
[86.7005076142132, 93.60406091370558, 96.85279187817258, 97.25888324873095, 97.66497461928932, 98.98477157360405, 99.99999999999999]
[86.7005076142132, 93.60406091370558, 96.85279187817258, 97.25888324873095, 97.66497461928932, 98.98477157360405, 99.99999999999999]
[86.7005076142132, 93.60406091370558, 96.85279187817258, 97.25888324873095, 97.66497461928932, 98.98477157360405, 99.99999999999999]
[86.7005076142132, 93.60406091370558, 96.85279187817258, 97.25888324873095, 97.66497461928932, 98.98477157360405, 99.99999999999999]
[86.7005076142132, 93.60406091370558, 96.85279187817258, 97.25888324873095, 97.66497461928932, 98.98477157360405, 99.99999999999999]
[86.7005076142132, 93.60406091370558, 96.85279187817258, 97.25888324873095, 97.66497461928932, 98.98477157360405, 99.99999999999999]
[86.7005076142132, 93.60406091370558, 96.85279187817258, 97.25888324873095, 97.66497461928932, 98.98477157360405, 99.99999999999999]
[86.7005076142132, 93.60406091370558, 96.85279187817258, 97.25888324873095, 97.66497461928932, 98.98477157360405, 99.99999999999999]
[86.7005076142132, 93.60406091370558, 96.85279187817258, 97.25888324873095, 97.66497461928932, 98.98477157360405, 99.99999999999999]
[86.7005076142132, 93.60406091370558, 96.85279187817258, 97.25888324873095, 97.66497461928932, 98.98477157360405, 99.99999999999999]
[86.7005076142132, 93.60406091370558, 96.85279187817258, 97.25888324873095, 97.66497461928932, 98.98477157360405, 99.99999999999999]
[86.7005076142132, 93.60406091370558, 96.85279187817258, 97.25888324873095, 97.66497461928932, 98.98477157360405, 99.99999999999999]
[86.7005076142132, 93.60406091370558, 96.85279187817258, 97.25888324873095, 97.66497461928932, 98.98477157360405, 99.99999999999999]
[86.7005076142132, 93.60406091370558, 96.85279187817258, 97.25888324873095, 97.66497461928932, 98.98477157360405, 99.99999999999999]
[86.7005076142132, 93.60406091370558, 96.85279187817258, 97.25888324873095, 97.66497461928932, 98.98477157360405, 99.99999999999999]
[86.7005076142132, 93.60406091370558, 96.85279187817258, 97.25888324873095, 97.66497461928932, 98.98477157360405, 99.99999999999999]
[86.7005076142132, 93.60406091370558, 96.85279187817258, 97.25888324873095, 97.66497461928932, 98.98477157360405, 99.99999999999999]
[86.7005076142132, 93.60406091370558, 96.85279187817258, 97.25888324873095, 97.66497461928932, 98.98477157360405, 99.99999999999999]
[86.7005076142132, 93.60406091370558, 96.85279187817258, 97.25888324873095, 97.66497461928932, 98.98477157360405, 99.99999999999999]
[86.7005076142132, 93.60406091370558, 96.85279187817258, 97.25888324873095, 97.66497461928932, 98.98477157360405, 99.99999999999999]
[86.7005076142132, 93.60406091370558, 96.85279187817258, 97.25888324873095, 97.66497461928932, 98.98477157360405, 99.99999999999999]
[86.7005076142132, 93.60406091370558, 96.85279187817258, 97.25888324873095, 97.66497461928932, 98.98477157360405, 99.99999999999999]
[86.7005076142132, 93.60406091370558, 96.85279187817258, 97.25888324873095, 97.66497461928932, 98.98477157360405, 99.99999999999999]
[87.71573604060914, 93.09644670050763, 95.1269035532995, 96.8527918781726, 97.25888324873097, 97.66497461928934, 98.88324873096447, 99.08629441624366, 99.28934010152285, 100.00000000000001]
[87.71573604060914, 93.09644670050763, 95.1269035532995, 96.8527918781726, 97.25888324873097, 97.66497461928934, 98.88324873096447, 99.08629441624366, 99.28934010152285, 100.00000000000001]
[87.71573604060914, 93.09644670050763, 95.1269035532995, 96.8527918781726, 97.25888324873097, 97.66497461928934, 98.88324873096447, 99.08629441624366, 99.28934010152285, 100.00000000000001]
[87.71573604060914, 93.09644670050763, 95.1269035532995, 96.8527918781726, 97.25888324873097, 97.66497461928934, 98.88324873096447, 99.08629441624366, 99.28934010152285, 100.00000000000001]
[87.71573604060914, 93.09644670050763, 95.1269035532995, 96.8527918781726, 97.25888324873097, 97.66497461928934, 98.88324873096447, 99.08629441624366, 99.28934010152285, 100.00000000000001]
[87.71573604060914, 93.09644670050763, 95.1269035532995, 96.8527918781726, 97.25888324873097, 97.66497461928934, 98.88324873096447, 99.08629441624366, 99.28934010152285, 100.00000000000001]
[87.71573604060914, 93.09644670050763, 95.1269035532995, 96.8527918781726, 97.25888324873097, 97.66497461928934, 98.88324873096447, 99.08629441624366, 99.28934010152285, 100.00000000000001]
[87.71573604060914, 93.09644670050763, 95.1269035532995, 96.8527918781726, 97.25888324873097, 97.66497461928934, 98.88324873096447, 99.08629441624366, 99.28934010152285, 100.00000000000001]
[87.71573604060914, 93.09644670050763, 95.1269035532995, 96.8527918781726, 97.25888324873097, 97.66497461928934, 98.88324873096447, 99.08629441624366, 99.28934010152285, 100.00000000000001]
[87.71573604060914, 93.09644670050763, 95.1269035532995, 96.8527918781726, 97.25888324873097, 97.66497461928934, 98.88324873096447, 99.08629441624366, 99.28934010152285, 100.00000000000001]
[87.71573604060914, 93.09644670050763, 95.1269035532995, 96.8527918781726, 97.25888324873097, 97.66497461928934, 98.88324873096447, 99.08629441624366, 99.28934010152285, 100.00000000000001]
[87.71573604060914, 93.09644670050763, 95.1269035532995, 96.8527918781726, 97.25888324873097, 97.66497461928934, 98.88324873096447, 99.08629441624366, 99.28934010152285, 100.00000000000001]
[87.71573604060914, 93.09644670050763, 95.1269035532995, 96.8527918781726, 97.25888324873097, 97.66497461928934, 98.88324873096447, 99.08629441624366, 99.28934010152285, 100.00000000000001]
[87.71573604060914, 93.09644670050763, 95.1269035532995, 96.8527918781726, 97.25888324873097, 97.66497461928934, 98.88324873096447, 99.08629441624366, 99.28934010152285, 100.00000000000001]
[87.71573604060914, 93.09644670050763, 95.1269035532995, 96.8527918781726, 97.25888324873097, 97.66497461928934, 98.88324873096447, 99.08629441624366, 99.28934010152285, 100.00000000000001]
[87.71573604060914, 93.09644670050763, 95.1269035532995, 96.8527918781726, 97.25888324873097, 97.66497461928934, 98.88324873096447, 99.08629441624366, 99.28934010152285, 100.00000000000001]
[87.71573604060914, 93.09644670050763, 95.1269035532995, 96.8527918781726, 97.25888324873097, 97.66497461928934, 98.88324873096447, 99.08629441624366, 99.28934010152285, 100.00000000000001]
[87.71573604060914, 93.09644670050763, 95.1269035532995, 96.8527918781726, 97.25888324873097, 97.66497461928934, 98.88324873096447, 99.08629441624366, 99.28934010152285, 100.00000000000001]
[87.71573604060914, 93.09644670050763, 95.1269035532995, 96.8527918781726, 97.25888324873097, 97.66497461928934, 98.88324873096447, 99.08629441624366, 99.28934010152285, 100.00000000000001]
[87.71573604060914, 93.09644670050763, 95.1269035532995, 96.8527918781726, 97.25888324873097, 97.66497461928934, 98.88324873096447, 99.08629441624366, 99.28934010152285, 100.00000000000001]
[87.71573604060914, 93.09644670050763, 95.1269035532995, 96.8527918781726, 97.25888324873097, 97.66497461928934, 98.88324873096447, 99.08629441624366, 99.28934010152285, 100.00000000000001]
[87.71573604060914, 93.09644670050763, 95.1269035532995, 96.8527918781726, 97.25888324873097, 97.66497461928934, 98.88324873096447, 99.08629441624366, 99.28934010152285, 100.00000000000001]
[87.71573604060914, 93.09644670050763, 95.1269035532995, 96.8527918781726, 97.25888324873097, 97.66497461928934, 98.88324873096447, 99.08629441624366, 99.28934010152285, 100.00000000000001]
[87.71573604060914, 93.09644670050763, 95.1269035532995, 96.8527918781726, 97.25888324873097, 97.66497461928934, 98.88324873096447, 99.08629441624366, 99.28934010152285, 100.00000000000001]
[87.71573604060914, 93.09644670050763, 95.1269035532995, 96.8527918781726, 97.25888324873097, 97.66497461928934, 98.88324873096447, 99.08629441624366, 99.28934010152285, 100.00000000000001]
[87.71573604060914, 93.09644670050763, 95.1269035532995, 96.8527918781726, 97.25888324873097, 97.66497461928934, 98.88324873096447, 99.08629441624366, 99.28934010152285, 100.00000000000001]
[87.71573604060914, 93.09644670050763, 95.1269035532995, 96.8527918781726, 97.25888324873097, 97.66497461928934, 98.88324873096447, 99.08629441624366, 99.28934010152285, 100.00000000000001]
[87.71573604060914, 93.09644670050763, 95.1269035532995, 96.8527918781726, 97.25888324873097, 97.66497461928934, 98.88324873096447, 99.08629441624366, 99.28934010152285, 100.00000000000001]
[87.71573604060914, 93.09644670050763, 95.1269035532995, 96.8527918781726, 97.25888324873097, 97.66497461928934, 98.88324873096447, 99.08629441624366, 99.28934010152285, 100.00000000000001]
[87.71573604060914, 93.09644670050763, 95.1269035532995, 96.8527918781726, 97.25888324873097, 97.66497461928934, 98.88324873096447, 99.08629441624366, 99.28934010152285, 100.00000000000001]
[87.71573604060914, 93.09644670050763, 95.1269035532995, 96.8527918781726, 97.25888324873097, 97.66497461928934, 98.88324873096447, 99.08629441624366, 99.28934010152285, 100.00000000000001]
[87.71573604060914, 93.09644670050763, 95.1269035532995, 96.8527918781726, 97.25888324873097, 97.66497461928934, 98.88324873096447, 99.08629441624366, 99.28934010152285, 100.00000000000001]
[87.71573604060914, 93.09644670050763, 95.1269035532995, 96.8527918781726, 97.25888324873097, 97.66497461928934, 98.88324873096447, 99.08629441624366, 99.28934010152285, 100.00000000000001]
[87.71573604060914, 93.09644670050763, 95.1269035532995, 96.8527918781726, 97.25888324873097, 97.66497461928934, 98.88324873096447, 99.08629441624366, 99.28934010152285, 100.00000000000001]
[87.71573604060914, 93.09644670050763, 95.1269035532995, 96.8527918781726, 97.25888324873097, 97.66497461928934, 98.88324873096447, 99.08629441624366, 99.28934010152285, 100.00000000000001]
[87.71573604060914, 93.09644670050763, 95.1269035532995, 96.8527918781726, 97.25888324873097, 97.66497461928934, 98.88324873096447, 99.08629441624366, 99.28934010152285, 100.00000000000001]
[87.71573604060914, 93.09644670050763, 95.1269035532995, 96.8527918781726, 97.25888324873097, 97.66497461928934, 98.88324873096447, 99.08629441624366, 99.28934010152285, 100.00000000000001]
[87.71573604060914, 93.09644670050763, 95.1269035532995, 96.8527918781726, 97.25888324873097, 97.66497461928934, 98.88324873096447, 99.08629441624366, 99.28934010152285, 100.00000000000001]
[92.48730964467005, 94.61928934010152, 95.22842639593908, 98.1725888324873, 98.47715736040608, 98.78172588832486, 99.08629441624363, 99.28934010152282, 99.49238578680202, 99.99999999999999]
[92.48730964467005, 94.61928934010152, 95.22842639593908, 98.1725888324873, 98.47715736040608, 98.78172588832486, 99.08629441624363, 99.28934010152282, 99.49238578680202, 99.99999999999999]
[92.48730964467005, 94.61928934010152, 95.22842639593908, 98.1725888324873, 98.47715736040608, 98.78172588832486, 99.08629441624363, 99.28934010152282, 99.49238578680202, 99.99999999999999]
[92.48730964467005, 94.61928934010152, 95.22842639593908, 98.1725888324873, 98.47715736040608, 98.78172588832486, 99.08629441624363, 99.28934010152282, 99.49238578680202, 99.99999999999999]
[92.48730964467005, 94.61928934010152, 95.22842639593908, 98.1725888324873, 98.47715736040608, 98.78172588832486, 99.08629441624363, 99.28934010152282, 99.49238578680202, 99.99999999999999]
[92.48730964467005, 94.61928934010152, 95.22842639593908, 98.1725888324873, 98.47715736040608, 98.78172588832486, 99.08629441624363, 99.28934010152282, 99.49238578680202, 99.99999999999999]
[92.48730964467005, 94.61928934010152, 95.22842639593908, 98.1725888324873, 98.47715736040608, 98.78172588832486, 99.08629441624363, 99.28934010152282, 99.49238578680202, 99.99999999999999]
[92.48730964467005, 94.61928934010152, 95.22842639593908, 98.1725888324873, 98.47715736040608, 98.78172588832486, 99.08629441624363, 99.28934010152282, 99.49238578680202, 99.99999999999999]
[92.48730964467005, 94.61928934010152, 95.22842639593908, 98.1725888324873, 98.47715736040608, 98.78172588832486, 99.08629441624363, 99.28934010152282, 99.49238578680202, 99.99999999999999]
[92.48730964467005, 94.61928934010152, 95.22842639593908, 98.1725888324873, 98.47715736040608, 98.78172588832486, 99.08629441624363, 99.28934010152282, 99.49238578680202, 99.99999999999999]
[92.48730964467005, 94.61928934010152, 95.22842639593908, 98.1725888324873, 98.47715736040608, 98.78172588832486, 99.08629441624363, 99.28934010152282, 99.49238578680202, 99.99999999999999]
[92.48730964467005, 94.61928934010152, 95.22842639593908, 98.1725888324873, 98.47715736040608, 98.78172588832486, 99.08629441624363, 99.28934010152282, 99.49238578680202, 99.99999999999999]
[92.48730964467005, 94.61928934010152, 95.22842639593908, 98.1725888324873, 98.47715736040608, 98.78172588832486, 99.08629441624363, 99.28934010152282, 99.49238578680202, 99.99999999999999]
[92.48730964467005, 94.61928934010152, 95.22842639593908, 98.1725888324873, 98.47715736040608, 98.78172588832486, 99.08629441624363, 99.28934010152282, 99.49238578680202, 99.99999999999999]
[92.48730964467005, 94.61928934010152, 95.22842639593908, 98.1725888324873, 98.47715736040608, 98.78172588832486, 99.08629441624363, 99.28934010152282, 99.49238578680202, 99.99999999999999]
[92.48730964467005, 94.61928934010152, 95.22842639593908, 98.1725888324873, 98.47715736040608, 98.78172588832486, 99.08629441624363, 99.28934010152282, 99.49238578680202, 99.99999999999999]
[92.48730964467005, 94.61928934010152, 95.22842639593908, 98.1725888324873, 98.47715736040608, 98.78172588832486, 99.08629441624363, 99.28934010152282, 99.49238578680202, 99.99999999999999]
[92.48730964467005, 94.61928934010152, 95.22842639593908, 98.1725888324873, 98.47715736040608, 98.78172588832486, 99.08629441624363, 99.28934010152282, 99.49238578680202, 99.99999999999999]
[92.48730964467005, 94.61928934010152, 95.22842639593908, 98.1725888324873, 98.47715736040608, 98.78172588832486, 99.08629441624363, 99.28934010152282, 99.49238578680202, 99.99999999999999]
[92.48730964467005, 94.61928934010152, 95.22842639593908, 98.1725888324873, 98.47715736040608, 98.78172588832486, 99.08629441624363, 99.28934010152282, 99.49238578680202, 99.99999999999999]
[92.48730964467005, 94.61928934010152, 95.22842639593908, 98.1725888324873, 98.47715736040608, 98.78172588832486, 99.08629441624363, 99.28934010152282, 99.49238578680202, 99.99999999999999]
[92.48730964467005, 94.61928934010152, 95.22842639593908, 98.1725888324873, 98.47715736040608, 98.78172588832486, 99.08629441624363, 99.28934010152282, 99.49238578680202, 99.99999999999999]
[92.48730964467005, 94.61928934010152, 95.22842639593908, 98.1725888324873, 98.47715736040608, 98.78172588832486, 99.08629441624363, 99.28934010152282, 99.49238578680202, 99.99999999999999]
[92.48730964467005, 94.61928934010152, 95.22842639593908, 98.1725888324873, 98.47715736040608, 98.78172588832486, 99.08629441624363, 99.28934010152282, 99.49238578680202, 99.99999999999999]
[92.48730964467005, 94.61928934010152, 95.22842639593908, 98.1725888324873, 98.47715736040608, 98.78172588832486, 99.08629441624363, 99.28934010152282, 99.49238578680202, 99.99999999999999]
[92.48730964467005, 94.61928934010152, 95.22842639593908, 98.1725888324873, 98.47715736040608, 98.78172588832486, 99.08629441624363, 99.28934010152282, 99.49238578680202, 99.99999999999999]
[92.48730964467005, 94.61928934010152, 95.22842639593908, 98.1725888324873, 98.47715736040608, 98.78172588832486, 99.08629441624363, 99.28934010152282, 99.49238578680202, 99.99999999999999]
[92.48730964467005, 94.61928934010152, 95.22842639593908, 98.1725888324873, 98.47715736040608, 98.78172588832486, 99.08629441624363, 99.28934010152282, 99.49238578680202, 99.99999999999999]
[92.48730964467005, 94.61928934010152, 95.22842639593908, 98.1725888324873, 98.47715736040608, 98.78172588832486, 99.08629441624363, 99.28934010152282, 99.49238578680202, 99.99999999999999]
[92.48730964467005, 94.61928934010152, 95.22842639593908, 98.1725888324873, 98.47715736040608, 98.78172588832486, 99.08629441624363, 99.28934010152282, 99.49238578680202, 99.99999999999999]
[92.48730964467005, 94.61928934010152, 95.22842639593908, 98.1725888324873, 98.47715736040608, 98.78172588832486, 99.08629441624363, 99.28934010152282, 99.49238578680202, 99.99999999999999]
[92.48730964467005, 94.61928934010152, 95.22842639593908, 98.1725888324873, 98.47715736040608, 98.78172588832486, 99.08629441624363, 99.28934010152282, 99.49238578680202, 99.99999999999999]
[92.48730964467005, 94.61928934010152, 95.22842639593908, 98.1725888324873, 98.47715736040608, 98.78172588832486, 99.08629441624363, 99.28934010152282, 99.49238578680202, 99.99999999999999]
[92.48730964467005, 94.61928934010152, 95.22842639593908, 98.1725888324873, 98.47715736040608, 98.78172588832486, 99.08629441624363, 99.28934010152282, 99.49238578680202, 99.99999999999999]
[92.48730964467005, 94.61928934010152, 95.22842639593908, 98.1725888324873, 98.47715736040608, 98.78172588832486, 99.08629441624363, 99.28934010152282, 99.49238578680202, 99.99999999999999]
[92.48730964467005, 94.61928934010152, 95.22842639593908, 98.1725888324873, 98.47715736040608, 98.78172588832486, 99.08629441624363, 99.28934010152282, 99.49238578680202, 99.99999999999999]
[92.48730964467005, 94.61928934010152, 95.22842639593908, 98.1725888324873, 98.47715736040608, 98.78172588832486, 99.08629441624363, 99.28934010152282, 99.49238578680202, 99.99999999999999]
[92.48730964467005, 94.61928934010152, 95.22842639593908, 98.1725888324873, 98.47715736040608, 98.78172588832486, 99.08629441624363, 99.28934010152282, 99.49238578680202, 99.99999999999999]
[92.48730964467005, 94.61928934010152, 95.22842639593908, 98.1725888324873, 98.47715736040608, 98.78172588832486, 99.08629441624363, 99.28934010152282, 99.49238578680202, 99.99999999999999]
[92.48730964467005, 94.61928934010152, 95.22842639593908, 98.1725888324873, 98.47715736040608, 98.78172588832486, 99.08629441624363, 99.28934010152282, 99.49238578680202, 99.99999999999999]
[92.48730964467005, 94.61928934010152, 95.22842639593908, 98.1725888324873, 98.47715736040608, 98.78172588832486, 99.08629441624363, 99.28934010152282, 99.49238578680202, 99.99999999999999]
[92.48730964467005, 94.61928934010152, 95.22842639593908, 98.1725888324873, 98.47715736040608, 98.78172588832486, 99.08629441624363, 99.28934010152282, 99.49238578680202, 99.99999999999999]
[89.44162436548223, 94.61928934010152, 95.22842639593908, 96.95431472081218, 97.36040609137055, 97.76649746192892, 98.98477157360405, 99.18781725888324, 100.0]
[89.44162436548223, 94.61928934010152, 95.22842639593908, 96.95431472081218, 97.36040609137055, 97.76649746192892, 98.98477157360405, 99.18781725888324, 100.0]
[89.44162436548223, 94.61928934010152, 95.22842639593908, 96.95431472081218, 97.36040609137055, 97.76649746192892, 98.98477157360405, 99.18781725888324, 100.0]
[89.44162436548223, 94.61928934010152, 95.22842639593908, 96.95431472081218, 97.36040609137055, 97.76649746192892, 98.98477157360405, 99.18781725888324, 100.0]
[89.44162436548223, 94.61928934010152, 95.22842639593908, 96.95431472081218, 97.36040609137055, 97.76649746192892, 98.98477157360405, 99.18781725888324, 100.0]
[89.44162436548223, 94.61928934010152, 95.22842639593908, 96.95431472081218, 97.36040609137055, 97.76649746192892, 98.98477157360405, 99.18781725888324, 100.0]
[89.44162436548223, 94.61928934010152, 95.22842639593908, 96.95431472081218, 97.36040609137055, 97.76649746192892, 98.98477157360405, 99.18781725888324, 100.0]
[89.44162436548223, 94.61928934010152, 95.22842639593908, 96.95431472081218, 97.36040609137055, 97.76649746192892, 98.98477157360405, 99.18781725888324, 100.0]
[89.44162436548223, 94.61928934010152, 95.22842639593908, 96.95431472081218, 97.36040609137055, 97.76649746192892, 98.98477157360405, 99.18781725888324, 100.0]
[89.44162436548223, 94.61928934010152, 95.22842639593908, 96.95431472081218, 97.36040609137055, 97.76649746192892, 98.98477157360405, 99.18781725888324, 100.0]
[89.44162436548223, 94.61928934010152, 95.22842639593908, 96.95431472081218, 97.36040609137055, 97.76649746192892, 98.98477157360405, 99.18781725888324, 100.0]
[89.44162436548223, 94.61928934010152, 95.22842639593908, 96.95431472081218, 97.36040609137055, 97.76649746192892, 98.98477157360405, 99.18781725888324, 100.0]
[89.44162436548223, 94.61928934010152, 95.22842639593908, 96.95431472081218, 97.36040609137055, 97.76649746192892, 98.98477157360405, 99.18781725888324, 100.0]
[89.44162436548223, 94.61928934010152, 95.22842639593908, 96.95431472081218, 97.36040609137055, 97.76649746192892, 98.98477157360405, 99.18781725888324, 100.0]
[89.44162436548223, 94.61928934010152, 95.22842639593908, 96.95431472081218, 97.36040609137055, 97.76649746192892, 98.98477157360405, 99.18781725888324, 100.0]
[89.44162436548223, 94.61928934010152, 95.22842639593908, 96.95431472081218, 97.36040609137055, 97.76649746192892, 98.98477157360405, 99.18781725888324, 100.0]
[89.44162436548223, 94.61928934010152, 95.22842639593908, 96.95431472081218, 97.36040609137055, 97.76649746192892, 98.98477157360405, 99.18781725888324, 100.0]
[89.44162436548223, 94.61928934010152, 95.22842639593908, 96.95431472081218, 97.36040609137055, 97.76649746192892, 98.98477157360405, 99.18781725888324, 100.0]
[89.44162436548223, 94.61928934010152, 95.22842639593908, 96.95431472081218, 97.36040609137055, 97.76649746192892, 98.98477157360405, 99.18781725888324, 100.0]
[89.44162436548223, 94.61928934010152, 95.22842639593908, 96.95431472081218, 97.36040609137055, 97.76649746192892, 98.98477157360405, 99.18781725888324, 100.0]
[89.44162436548223, 94.61928934010152, 95.22842639593908, 96.95431472081218, 97.36040609137055, 97.76649746192892, 98.98477157360405, 99.18781725888324, 100.0]
[89.44162436548223, 94.61928934010152, 95.22842639593908, 96.95431472081218, 97.36040609137055, 97.76649746192892, 98.98477157360405, 99.18781725888324, 100.0]
[89.44162436548223, 94.61928934010152, 95.22842639593908, 96.95431472081218, 97.36040609137055, 97.76649746192892, 98.98477157360405, 99.18781725888324, 100.0]
[89.44162436548223, 94.61928934010152, 95.22842639593908, 96.95431472081218, 97.36040609137055, 97.76649746192892, 98.98477157360405, 99.18781725888324, 100.0]
[89.44162436548223, 94.61928934010152, 95.22842639593908, 96.95431472081218, 97.36040609137055, 97.76649746192892, 98.98477157360405, 99.18781725888324, 100.0]
[89.44162436548223, 94.61928934010152, 95.22842639593908, 96.95431472081218, 97.36040609137055, 97.76649746192892, 98.98477157360405, 99.18781725888324, 100.0]
[89.44162436548223, 94.61928934010152, 95.22842639593908, 96.95431472081218, 97.36040609137055, 97.76649746192892, 98.98477157360405, 99.18781725888324, 100.0]
[89.44162436548223, 94.61928934010152, 95.22842639593908, 96.95431472081218, 97.36040609137055, 97.76649746192892, 98.98477157360405, 99.18781725888324, 100.0]
[89.44162436548223, 94.61928934010152, 95.22842639593908, 96.95431472081218, 97.36040609137055, 97.76649746192892, 98.98477157360405, 99.18781725888324, 100.0]
[89.44162436548223, 94.61928934010152, 95.22842639593908, 96.95431472081218, 97.36040609137055, 97.76649746192892, 98.98477157360405, 99.18781725888324, 100.0]
[89.44162436548223, 94.61928934010152, 95.22842639593908, 96.95431472081218, 97.36040609137055, 97.76649746192892, 98.98477157360405, 99.18781725888324, 100.0]
[89.44162436548223, 94.61928934010152, 95.22842639593908, 96.95431472081218, 97.36040609137055, 97.76649746192892, 98.98477157360405, 99.18781725888324, 100.0]
[89.44162436548223, 94.61928934010152, 95.22842639593908, 96.95431472081218, 97.36040609137055, 97.76649746192892, 98.98477157360405, 99.18781725888324, 100.0]
[89.44162436548223, 94.61928934010152, 95.22842639593908, 96.95431472081218, 97.36040609137055, 97.76649746192892, 98.98477157360405, 99.18781725888324, 100.0]
[89.44162436548223, 94.61928934010152, 95.22842639593908, 96.95431472081218, 97.36040609137055, 97.76649746192892, 98.98477157360405, 99.18781725888324, 100.0]
[89.44162436548223, 94.61928934010152, 95.22842639593908, 96.95431472081218, 97.36040609137055, 97.76649746192892, 98.98477157360405, 99.18781725888324, 100.0]
[89.44162436548223, 94.61928934010152, 95.22842639593908, 96.95431472081218, 97.36040609137055, 97.76649746192892, 98.98477157360405, 99.18781725888324, 100.0]
[89.44162436548223, 94.61928934010152, 95.22842639593908, 96.95431472081218, 97.36040609137055, 97.76649746192892, 98.98477157360405, 99.18781725888324, 100.0]
[89.44162436548223, 94.61928934010152, 95.22842639593908, 96.95431472081218, 97.36040609137055, 97.76649746192892, 98.98477157360405, 99.18781725888324, 100.0]
[89.44162436548223, 94.61928934010152, 95.22842639593908, 96.95431472081218, 97.36040609137055, 97.76649746192892, 98.98477157360405, 99.18781725888324, 100.0]
[89.44162436548223, 94.61928934010152, 95.22842639593908, 96.95431472081218, 97.36040609137055, 97.76649746192892, 98.98477157360405, 99.18781725888324, 100.0]
[89.44162436548223, 94.61928934010152, 95.22842639593908, 96.95431472081218, 97.36040609137055, 97.76649746192892, 98.98477157360405, 99.18781725888324, 100.0]
[86.497461928934, 92.08121827411166, 94.31472081218273, 97.36040609137055, 98.78172588832487, 98.98477157360406, 100.0]
[86.497461928934, 92.08121827411166, 94.31472081218273, 97.36040609137055, 98.78172588832487, 98.98477157360406, 100.0]
[86.497461928934, 92.08121827411166, 94.31472081218273, 97.36040609137055, 98.78172588832487, 98.98477157360406, 100.0]
[86.497461928934, 92.08121827411166, 94.31472081218273, 97.36040609137055, 98.78172588832487, 98.98477157360406, 100.0]
[86.497461928934, 92.08121827411166, 94.31472081218273, 97.36040609137055, 98.78172588832487, 98.98477157360406, 100.0]
[86.497461928934, 92.08121827411166, 94.31472081218273, 97.36040609137055, 98.78172588832487, 98.98477157360406, 100.0]
[86.497461928934, 92.08121827411166, 94.31472081218273, 97.36040609137055, 98.78172588832487, 98.98477157360406, 100.0]
[86.497461928934, 92.08121827411166, 94.31472081218273, 97.36040609137055, 98.78172588832487, 98.98477157360406, 100.0]
[86.497461928934, 92.08121827411166, 94.31472081218273, 97.36040609137055, 98.78172588832487, 98.98477157360406, 100.0]
[86.497461928934, 92.08121827411166, 94.31472081218273, 97.36040609137055, 98.78172588832487, 98.98477157360406, 100.0]
[86.497461928934, 92.08121827411166, 94.31472081218273, 97.36040609137055, 98.78172588832487, 98.98477157360406, 100.0]
[86.497461928934, 92.08121827411166, 94.31472081218273, 97.36040609137055, 98.78172588832487, 98.98477157360406, 100.0]
[86.497461928934, 92.08121827411166, 94.31472081218273, 97.36040609137055, 98.78172588832487, 98.98477157360406, 100.0]
[86.497461928934, 92.08121827411166, 94.31472081218273, 97.36040609137055, 98.78172588832487, 98.98477157360406, 100.0]
[86.497461928934, 92.08121827411166, 94.31472081218273, 97.36040609137055, 98.78172588832487, 98.98477157360406, 100.0]
[86.497461928934, 92.08121827411166, 94.31472081218273, 97.36040609137055, 98.78172588832487, 98.98477157360406, 100.0]
[86.497461928934, 92.08121827411166, 94.31472081218273, 97.36040609137055, 98.78172588832487, 98.98477157360406, 100.0]
[86.497461928934, 92.08121827411166, 94.31472081218273, 97.36040609137055, 98.78172588832487, 98.98477157360406, 100.0]
[86.497461928934, 92.08121827411166, 94.31472081218273, 97.36040609137055, 98.78172588832487, 98.98477157360406, 100.0]
[86.497461928934, 92.08121827411166, 94.31472081218273, 97.36040609137055, 98.78172588832487, 98.98477157360406, 100.0]
[86.497461928934, 92.08121827411166, 94.31472081218273, 97.36040609137055, 98.78172588832487, 98.98477157360406, 100.0]
[86.497461928934, 92.08121827411166, 94.31472081218273, 97.36040609137055, 98.78172588832487, 98.98477157360406, 100.0]
[86.497461928934, 92.08121827411166, 94.31472081218273, 97.36040609137055, 98.78172588832487, 98.98477157360406, 100.0]
[86.497461928934, 92.08121827411166, 94.31472081218273, 97.36040609137055, 98.78172588832487, 98.98477157360406, 100.0]
[86.497461928934, 92.08121827411166, 94.31472081218273, 97.36040609137055, 98.78172588832487, 98.98477157360406, 100.0]
[86.497461928934, 92.08121827411166, 94.31472081218273, 97.36040609137055, 98.78172588832487, 98.98477157360406, 100.0]
[86.497461928934, 92.08121827411166, 94.31472081218273, 97.36040609137055, 98.78172588832487, 98.98477157360406, 100.0]
[86.497461928934, 92.08121827411166, 94.31472081218273, 97.36040609137055, 98.78172588832487, 98.98477157360406, 100.0]
[86.497461928934, 92.08121827411166, 94.31472081218273, 97.36040609137055, 98.78172588832487, 98.98477157360406, 100.0]
[86.497461928934, 92.08121827411166, 94.31472081218273, 97.36040609137055, 98.78172588832487, 98.98477157360406, 100.0]
[86.497461928934, 92.08121827411166, 94.31472081218273, 97.36040609137055, 98.78172588832487, 98.98477157360406, 100.0]
[86.497461928934, 92.08121827411166, 94.31472081218273, 97.36040609137055, 98.78172588832487, 98.98477157360406, 100.0]
[86.497461928934, 92.08121827411166, 94.31472081218273, 97.36040609137055, 98.78172588832487, 98.98477157360406, 100.0]
[86.497461928934, 92.08121827411166, 94.31472081218273, 97.36040609137055, 98.78172588832487, 98.98477157360406, 100.0]
[86.497461928934, 92.08121827411166, 94.31472081218273, 97.36040609137055, 98.78172588832487, 98.98477157360406, 100.0]
[86.497461928934, 92.08121827411166, 94.31472081218273, 97.36040609137055, 98.78172588832487, 98.98477157360406, 100.0]
[86.497461928934, 92.08121827411166, 94.31472081218273, 97.36040609137055, 98.78172588832487, 98.98477157360406, 100.0]
[86.497461928934, 92.08121827411166, 94.31472081218273, 97.36040609137055, 98.78172588832487, 98.98477157360406, 100.0]
[86.497461928934, 92.08121827411166, 94.31472081218273, 97.36040609137055, 98.78172588832487, 98.98477157360406, 100.0]
[86.497461928934, 92.08121827411166, 94.31472081218273, 97.36040609137055, 98.78172588832487, 98.98477157360406, 100.0]
[86.497461928934, 92.08121827411166, 94.31472081218273, 97.36040609137055, 98.78172588832487, 98.98477157360406, 100.0]
[86.497461928934, 92.08121827411166, 94.31472081218273, 97.36040609137055, 98.78172588832487, 98.98477157360406, 100.0]
[90.96446700507614, 91.97969543147208, 94.21319796954315, 97.25888324873097, 97.66497461928934, 98.98477157360406, 100.0]
[90.96446700507614, 91.97969543147208, 94.21319796954315, 97.25888324873097, 97.66497461928934, 98.98477157360406, 100.0]
[90.96446700507614, 91.97969543147208, 94.21319796954315, 97.25888324873097, 97.66497461928934, 98.98477157360406, 100.0]
[90.96446700507614, 91.97969543147208, 94.21319796954315, 97.25888324873097, 97.66497461928934, 98.98477157360406, 100.0]
[90.96446700507614, 91.97969543147208, 94.21319796954315, 97.25888324873097, 97.66497461928934, 98.98477157360406, 100.0]
[90.96446700507614, 91.97969543147208, 94.21319796954315, 97.25888324873097, 97.66497461928934, 98.98477157360406, 100.0]
[90.96446700507614, 91.97969543147208, 94.21319796954315, 97.25888324873097, 97.66497461928934, 98.98477157360406, 100.0]
[90.96446700507614, 91.97969543147208, 94.21319796954315, 97.25888324873097, 97.66497461928934, 98.98477157360406, 100.0]
[90.96446700507614, 91.97969543147208, 94.21319796954315, 97.25888324873097, 97.66497461928934, 98.98477157360406, 100.0]
[96.6497461928934, 98.3756345177665, 98.57868020304569, 98.78172588832489, 100.00000000000001]
[96.6497461928934, 98.3756345177665, 98.57868020304569, 98.78172588832489, 100.00000000000001]
[96.6497461928934, 98.3756345177665, 98.57868020304569, 98.78172588832489, 100.00000000000001]
[96.6497461928934, 98.3756345177665, 98.57868020304569, 98.78172588832489, 100.00000000000001]
[96.6497461928934, 98.3756345177665, 98.57868020304569, 98.78172588832489, 100.00000000000001]
[96.6497461928934, 98.3756345177665, 98.57868020304569, 98.78172588832489, 100.00000000000001]
[96.6497461928934, 98.3756345177665, 98.57868020304569, 98.78172588832489, 100.00000000000001]
[96.6497461928934, 98.3756345177665, 98.57868020304569, 98.78172588832489, 100.00000000000001]
[96.6497461928934, 98.3756345177665, 98.57868020304569, 98.78172588832489, 100.00000000000001]
[96.6497461928934, 98.3756345177665, 98.57868020304569, 98.78172588832489, 100.00000000000001]
[96.6497461928934, 98.3756345177665, 98.57868020304569, 98.78172588832489, 100.00000000000001]
[96.6497461928934, 98.3756345177665, 98.57868020304569, 98.78172588832489, 100.00000000000001]
[96.6497461928934, 98.3756345177665, 98.57868020304569, 98.78172588832489, 100.00000000000001]
[96.6497461928934, 98.3756345177665, 98.57868020304569, 98.78172588832489, 100.00000000000001]
[96.6497461928934, 98.3756345177665, 98.57868020304569, 98.78172588832489, 100.00000000000001]
[96.6497461928934, 98.3756345177665, 98.57868020304569, 98.78172588832489, 100.00000000000001]
[96.6497461928934, 98.3756345177665, 98.57868020304569, 98.78172588832489, 100.00000000000001]
[96.6497461928934, 98.3756345177665, 98.57868020304569, 98.78172588832489, 100.00000000000001]
[96.6497461928934, 98.3756345177665, 98.57868020304569, 98.78172588832489, 100.00000000000001]
[96.6497461928934, 98.3756345177665, 98.57868020304569, 98.78172588832489, 100.00000000000001]
[96.6497461928934, 98.3756345177665, 98.57868020304569, 98.78172588832489, 100.00000000000001]
[96.6497461928934, 98.3756345177665, 98.57868020304569, 98.78172588832489, 100.00000000000001]
[96.6497461928934, 98.3756345177665, 98.57868020304569, 98.78172588832489, 100.00000000000001]
[96.6497461928934, 98.3756345177665, 98.57868020304569, 98.78172588832489, 100.00000000000001]
[96.6497461928934, 98.3756345177665, 98.57868020304569, 98.78172588832489, 100.00000000000001]
[96.6497461928934, 98.3756345177665, 98.57868020304569, 98.78172588832489, 100.00000000000001]
[96.6497461928934, 98.3756345177665, 98.57868020304569, 98.78172588832489, 100.00000000000001]
[96.6497461928934, 98.3756345177665, 98.57868020304569, 98.78172588832489, 100.00000000000001]
[96.6497461928934, 98.3756345177665, 98.57868020304569, 98.78172588832489, 100.00000000000001]
[96.6497461928934, 98.3756345177665, 98.57868020304569, 98.78172588832489, 100.00000000000001]
[96.6497461928934, 98.3756345177665, 98.57868020304569, 98.78172588832489, 100.00000000000001]
[96.6497461928934, 98.3756345177665, 98.57868020304569, 98.78172588832489, 100.00000000000001]
[96.6497461928934, 98.3756345177665, 98.57868020304569, 98.78172588832489, 100.00000000000001]
[96.6497461928934, 98.3756345177665, 98.57868020304569, 98.78172588832489, 100.00000000000001]
[96.6497461928934, 98.3756345177665, 98.57868020304569, 98.78172588832489, 100.00000000000001]
[96.6497461928934, 98.3756345177665, 98.57868020304569, 98.78172588832489, 100.00000000000001]
[96.6497461928934, 98.3756345177665, 98.57868020304569, 98.78172588832489, 100.00000000000001]
[96.6497461928934, 98.3756345177665, 98.57868020304569, 98.78172588832489, 100.00000000000001]
[96.6497461928934, 98.3756345177665, 98.57868020304569, 98.78172588832489, 100.00000000000001]
[96.6497461928934, 98.3756345177665, 98.57868020304569, 98.78172588832489, 100.00000000000001]
[96.6497461928934, 98.3756345177665, 98.57868020304569, 98.78172588832489, 100.00000000000001]
[96.6497461928934, 98.3756345177665, 98.57868020304569, 98.78172588832489, 100.00000000000001]
[96.6497461928934, 98.3756345177665, 98.57868020304569, 98.78172588832489, 100.00000000000001]
[96.6497461928934, 98.3756345177665, 98.57868020304569, 98.78172588832489, 100.00000000000001]
[96.6497461928934, 98.3756345177665, 98.57868020304569, 98.78172588832489, 100.00000000000001]
[96.6497461928934, 98.3756345177665, 98.57868020304569, 98.78172588832489, 100.00000000000001]
[96.6497461928934, 98.3756345177665, 98.57868020304569, 98.78172588832489, 100.00000000000001]
[96.6497461928934, 98.3756345177665, 98.57868020304569, 98.78172588832489, 100.00000000000001]
[96.6497461928934, 98.3756345177665, 98.57868020304569, 98.78172588832489, 100.00000000000001]
[96.6497461928934, 98.3756345177665, 98.57868020304569, 98.78172588832489, 100.00000000000001]
[96.6497461928934, 98.3756345177665, 98.57868020304569, 98.78172588832489, 100.00000000000001]
[85.48223350253808, 91.26903553299493, 97.36040609137056, 100.0]
[85.48223350253808, 91.26903553299493, 97.36040609137056, 100.0]
[85.48223350253808, 91.26903553299493, 97.36040609137056, 100.0]
[85.48223350253808, 91.26903553299493, 97.36040609137056, 100.0]
[85.48223350253808, 91.26903553299493, 97.36040609137056, 100.0]
[85.48223350253808, 91.26903553299493, 97.36040609137056, 100.0]
[85.48223350253808, 91.26903553299493, 97.36040609137056, 100.0]
[85.48223350253808, 91.26903553299493, 97.36040609137056, 100.0]
[85.48223350253808, 91.26903553299493, 97.36040609137056, 100.0]
[85.48223350253808, 91.26903553299493, 97.36040609137056, 100.0]
[85.48223350253808, 91.26903553299493, 97.36040609137056, 100.0]
[85.48223350253808, 91.26903553299493, 97.36040609137056, 100.0]
[85.48223350253808, 91.26903553299493, 97.36040609137056, 100.0]
[85.48223350253808, 91.26903553299493, 97.36040609137056, 100.0]
[85.48223350253808, 91.26903553299493, 97.36040609137056, 100.0]
[85.48223350253808, 91.26903553299493, 97.36040609137056, 100.0]
[85.48223350253808, 91.26903553299493, 97.36040609137056, 100.0]
[85.48223350253808, 91.26903553299493, 97.36040609137056, 100.0]
[85.48223350253808, 91.26903553299493, 97.36040609137056, 100.0]
[85.48223350253808, 91.26903553299493, 97.36040609137056, 100.0]
[85.48223350253808, 91.26903553299493, 97.36040609137056, 100.0]
[85.48223350253808, 91.26903553299493, 97.36040609137056, 100.0]
[85.48223350253808, 91.26903553299493, 97.36040609137056, 100.0]
[85.48223350253808, 91.26903553299493, 97.36040609137056, 100.0]
[85.48223350253808, 91.26903553299493, 97.36040609137056, 100.0]
[85.48223350253808, 91.26903553299493, 97.36040609137056, 100.0]
[85.48223350253808, 91.26903553299493, 97.36040609137056, 100.0]
[85.48223350253808, 91.26903553299493, 97.36040609137056, 100.0]
[85.48223350253808, 91.26903553299493, 97.36040609137056, 100.0]
[85.48223350253808, 91.26903553299493, 97.36040609137056, 100.0]
[85.48223350253808, 91.26903553299493, 97.36040609137056, 100.0]
[85.48223350253808, 91.26903553299493, 97.36040609137056, 100.0]
[85.48223350253808, 91.26903553299493, 97.36040609137056, 100.0]
[85.48223350253808, 91.26903553299493, 97.36040609137056, 100.0]
[85.48223350253808, 91.26903553299493, 97.36040609137056, 100.0]
[85.48223350253808, 91.26903553299493, 97.36040609137056, 100.0]
[85.48223350253808, 91.26903553299493, 97.36040609137056, 100.0]
[85.48223350253808, 91.26903553299493, 97.36040609137056, 100.0]
[85.48223350253808, 91.26903553299493, 97.36040609137056, 100.0]
[85.48223350253808, 91.26903553299493, 97.36040609137056, 100.0]
[88.83248730964468, 92.58883248730965, 97.25888324873097, 97.56345177664974, 97.86802030456852, 98.17258883248729, 99.08629441624363, 99.99999999999997]
[88.83248730964468, 92.58883248730965, 97.25888324873097, 97.56345177664974, 97.86802030456852, 98.17258883248729, 99.08629441624363, 99.99999999999997]
[88.83248730964468, 92.58883248730965, 97.25888324873097, 97.56345177664974, 97.86802030456852, 98.17258883248729, 99.08629441624363, 99.99999999999997]
[88.83248730964468, 92.58883248730965, 97.25888324873097, 97.56345177664974, 97.86802030456852, 98.17258883248729, 99.08629441624363, 99.99999999999997]
[88.83248730964468, 92.58883248730965, 97.25888324873097, 97.56345177664974, 97.86802030456852, 98.17258883248729, 99.08629441624363, 99.99999999999997]
[88.83248730964468, 92.58883248730965, 97.25888324873097, 97.56345177664974, 97.86802030456852, 98.17258883248729, 99.08629441624363, 99.99999999999997]
[88.83248730964468, 92.58883248730965, 97.25888324873097, 97.56345177664974, 97.86802030456852, 98.17258883248729, 99.08629441624363, 99.99999999999997]
[88.83248730964468, 92.58883248730965, 97.25888324873097, 97.56345177664974, 97.86802030456852, 98.17258883248729, 99.08629441624363, 99.99999999999997]
[88.83248730964468, 92.58883248730965, 97.25888324873097, 97.56345177664974, 97.86802030456852, 98.17258883248729, 99.08629441624363, 99.99999999999997]
[88.83248730964468, 92.58883248730965, 97.25888324873097, 97.56345177664974, 97.86802030456852, 98.17258883248729, 99.08629441624363, 99.99999999999997]
[88.83248730964468, 92.58883248730965, 97.25888324873097, 97.56345177664974, 97.86802030456852, 98.17258883248729, 99.08629441624363, 99.99999999999997]
[88.83248730964468, 92.58883248730965, 97.25888324873097, 97.56345177664974, 97.86802030456852, 98.17258883248729, 99.08629441624363, 99.99999999999997]
[88.83248730964468, 92.58883248730965, 97.25888324873097, 97.56345177664974, 97.86802030456852, 98.17258883248729, 99.08629441624363, 99.99999999999997]
[88.83248730964468, 92.58883248730965, 97.25888324873097, 97.56345177664974, 97.86802030456852, 98.17258883248729, 99.08629441624363, 99.99999999999997]
[88.83248730964468, 92.58883248730965, 97.25888324873097, 97.56345177664974, 97.86802030456852, 98.17258883248729, 99.08629441624363, 99.99999999999997]
[88.83248730964468, 92.58883248730965, 97.25888324873097, 97.56345177664974, 97.86802030456852, 98.17258883248729, 99.08629441624363, 99.99999999999997]
[88.83248730964468, 92.58883248730965, 97.25888324873097, 97.56345177664974, 97.86802030456852, 98.17258883248729, 99.08629441624363, 99.99999999999997]
[88.83248730964468, 92.58883248730965, 97.25888324873097, 97.56345177664974, 97.86802030456852, 98.17258883248729, 99.08629441624363, 99.99999999999997]
[88.83248730964468, 92.58883248730965, 97.25888324873097, 97.56345177664974, 97.86802030456852, 98.17258883248729, 99.08629441624363, 99.99999999999997]
[88.83248730964468, 92.58883248730965, 97.25888324873097, 97.56345177664974, 97.86802030456852, 98.17258883248729, 99.08629441624363, 99.99999999999997]
[88.83248730964468, 92.58883248730965, 97.25888324873097, 97.56345177664974, 97.86802030456852, 98.17258883248729, 99.08629441624363, 99.99999999999997]
[88.83248730964468, 92.58883248730965, 97.25888324873097, 97.56345177664974, 97.86802030456852, 98.17258883248729, 99.08629441624363, 99.99999999999997]
[88.83248730964468, 92.58883248730965, 97.25888324873097, 97.56345177664974, 97.86802030456852, 98.17258883248729, 99.08629441624363, 99.99999999999997]
[88.83248730964468, 92.58883248730965, 97.25888324873097, 97.56345177664974, 97.86802030456852, 98.17258883248729, 99.08629441624363, 99.99999999999997]
[88.83248730964468, 92.58883248730965, 97.25888324873097, 97.56345177664974, 97.86802030456852, 98.17258883248729, 99.08629441624363, 99.99999999999997]
[88.83248730964468, 92.58883248730965, 97.25888324873097, 97.56345177664974, 97.86802030456852, 98.17258883248729, 99.08629441624363, 99.99999999999997]
[88.83248730964468, 92.58883248730965, 97.25888324873097, 97.56345177664974, 97.86802030456852, 98.17258883248729, 99.08629441624363, 99.99999999999997]
[88.83248730964468, 92.58883248730965, 97.25888324873097, 97.56345177664974, 97.86802030456852, 98.17258883248729, 99.08629441624363, 99.99999999999997]
[88.83248730964468, 92.58883248730965, 97.25888324873097, 97.56345177664974, 97.86802030456852, 98.17258883248729, 99.08629441624363, 99.99999999999997]
[88.83248730964468, 92.58883248730965, 97.25888324873097, 97.56345177664974, 97.86802030456852, 98.17258883248729, 99.08629441624363, 99.99999999999997]
[88.83248730964468, 92.58883248730965, 97.25888324873097, 97.56345177664974, 97.86802030456852, 98.17258883248729, 99.08629441624363, 99.99999999999997]
[88.83248730964468, 92.58883248730965, 97.25888324873097, 97.56345177664974, 97.86802030456852, 98.17258883248729, 99.08629441624363, 99.99999999999997]
[88.83248730964468, 92.58883248730965, 97.25888324873097, 97.56345177664974, 97.86802030456852, 98.17258883248729, 99.08629441624363, 99.99999999999997]
[88.83248730964468, 92.58883248730965, 97.25888324873097, 97.56345177664974, 97.86802030456852, 98.17258883248729, 99.08629441624363, 99.99999999999997]
[88.83248730964468, 92.58883248730965, 97.25888324873097, 97.56345177664974, 97.86802030456852, 98.17258883248729, 99.08629441624363, 99.99999999999997]
[90.35532994923858, 92.69035532994924, 94.72081218274111, 95.32994923857868, 95.93908629441624, 96.5482233502538, 97.96954314720813, 99.08629441624366, 99.28934010152285, 100.00000000000001]
[90.35532994923858, 92.69035532994924, 94.72081218274111, 95.32994923857868, 95.93908629441624, 96.5482233502538, 97.96954314720813, 99.08629441624366, 99.28934010152285, 100.00000000000001]
[90.35532994923858, 92.69035532994924, 94.72081218274111, 95.32994923857868, 95.93908629441624, 96.5482233502538, 97.96954314720813, 99.08629441624366, 99.28934010152285, 100.00000000000001]
[90.35532994923858, 92.69035532994924, 94.72081218274111, 95.32994923857868, 95.93908629441624, 96.5482233502538, 97.96954314720813, 99.08629441624366, 99.28934010152285, 100.00000000000001]
[90.35532994923858, 92.69035532994924, 94.72081218274111, 95.32994923857868, 95.93908629441624, 96.5482233502538, 97.96954314720813, 99.08629441624366, 99.28934010152285, 100.00000000000001]
[90.35532994923858, 92.69035532994924, 94.72081218274111, 95.32994923857868, 95.93908629441624, 96.5482233502538, 97.96954314720813, 99.08629441624366, 99.28934010152285, 100.00000000000001]
[90.35532994923858, 92.69035532994924, 94.72081218274111, 95.32994923857868, 95.93908629441624, 96.5482233502538, 97.96954314720813, 99.08629441624366, 99.28934010152285, 100.00000000000001]
[90.35532994923858, 92.69035532994924, 94.72081218274111, 95.32994923857868, 95.93908629441624, 96.5482233502538, 97.96954314720813, 99.08629441624366, 99.28934010152285, 100.00000000000001]
[90.35532994923858, 92.69035532994924, 94.72081218274111, 95.32994923857868, 95.93908629441624, 96.5482233502538, 97.96954314720813, 99.08629441624366, 99.28934010152285, 100.00000000000001]
[90.35532994923858, 92.69035532994924, 94.72081218274111, 95.32994923857868, 95.93908629441624, 96.5482233502538, 97.96954314720813, 99.08629441624366, 99.28934010152285, 100.00000000000001]
[90.35532994923858, 92.69035532994924, 94.72081218274111, 95.32994923857868, 95.93908629441624, 96.5482233502538, 97.96954314720813, 99.08629441624366, 99.28934010152285, 100.00000000000001]
[90.35532994923858, 92.69035532994924, 94.72081218274111, 95.32994923857868, 95.93908629441624, 96.5482233502538, 97.96954314720813, 99.08629441624366, 99.28934010152285, 100.00000000000001]
[90.35532994923858, 92.69035532994924, 94.72081218274111, 95.32994923857868, 95.93908629441624, 96.5482233502538, 97.96954314720813, 99.08629441624366, 99.28934010152285, 100.00000000000001]
[90.35532994923858, 92.69035532994924, 94.72081218274111, 95.32994923857868, 95.93908629441624, 96.5482233502538, 97.96954314720813, 99.08629441624366, 99.28934010152285, 100.00000000000001]
[90.35532994923858, 92.69035532994924, 94.72081218274111, 95.32994923857868, 95.93908629441624, 96.5482233502538, 97.96954314720813, 99.08629441624366, 99.28934010152285, 100.00000000000001]
[90.35532994923858, 92.69035532994924, 94.72081218274111, 95.32994923857868, 95.93908629441624, 96.5482233502538, 97.96954314720813, 99.08629441624366, 99.28934010152285, 100.00000000000001]
[90.35532994923858, 92.69035532994924, 94.72081218274111, 95.32994923857868, 95.93908629441624, 96.5482233502538, 97.96954314720813, 99.08629441624366, 99.28934010152285, 100.00000000000001]
[90.35532994923858, 92.69035532994924, 94.72081218274111, 95.32994923857868, 95.93908629441624, 96.5482233502538, 97.96954314720813, 99.08629441624366, 99.28934010152285, 100.00000000000001]
[90.35532994923858, 92.69035532994924, 94.72081218274111, 95.32994923857868, 95.93908629441624, 96.5482233502538, 97.96954314720813, 99.08629441624366, 99.28934010152285, 100.00000000000001]
[90.35532994923858, 92.69035532994924, 94.72081218274111, 95.32994923857868, 95.93908629441624, 96.5482233502538, 97.96954314720813, 99.08629441624366, 99.28934010152285, 100.00000000000001]
[90.35532994923858, 92.69035532994924, 94.72081218274111, 95.32994923857868, 95.93908629441624, 96.5482233502538, 97.96954314720813, 99.08629441624366, 99.28934010152285, 100.00000000000001]
[90.35532994923858, 92.69035532994924, 94.72081218274111, 95.32994923857868, 95.93908629441624, 96.5482233502538, 97.96954314720813, 99.08629441624366, 99.28934010152285, 100.00000000000001]
[90.35532994923858, 92.69035532994924, 94.72081218274111, 95.32994923857868, 95.93908629441624, 96.5482233502538, 97.96954314720813, 99.08629441624366, 99.28934010152285, 100.00000000000001]
[90.35532994923858, 92.69035532994924, 94.72081218274111, 95.32994923857868, 95.93908629441624, 96.5482233502538, 97.96954314720813, 99.08629441624366, 99.28934010152285, 100.00000000000001]
[90.35532994923858, 92.69035532994924, 94.72081218274111, 95.32994923857868, 95.93908629441624, 96.5482233502538, 97.96954314720813, 99.08629441624366, 99.28934010152285, 100.00000000000001]
[90.35532994923858, 92.69035532994924, 94.72081218274111, 95.32994923857868, 95.93908629441624, 96.5482233502538, 97.96954314720813, 99.08629441624366, 99.28934010152285, 100.00000000000001]
[90.35532994923858, 92.69035532994924, 94.72081218274111, 95.32994923857868, 95.93908629441624, 96.5482233502538, 97.96954314720813, 99.08629441624366, 99.28934010152285, 100.00000000000001]
[90.35532994923858, 92.69035532994924, 94.72081218274111, 95.32994923857868, 95.93908629441624, 96.5482233502538, 97.96954314720813, 99.08629441624366, 99.28934010152285, 100.00000000000001]
[90.35532994923858, 92.69035532994924, 94.72081218274111, 95.32994923857868, 95.93908629441624, 96.5482233502538, 97.96954314720813, 99.08629441624366, 99.28934010152285, 100.00000000000001]
[90.35532994923858, 92.69035532994924, 94.72081218274111, 95.32994923857868, 95.93908629441624, 96.5482233502538, 97.96954314720813, 99.08629441624366, 99.28934010152285, 100.00000000000001]
[90.35532994923858, 92.69035532994924, 94.72081218274111, 95.32994923857868, 95.93908629441624, 96.5482233502538, 97.96954314720813, 99.08629441624366, 99.28934010152285, 100.00000000000001]
[90.35532994923858, 92.69035532994924, 94.72081218274111, 95.32994923857868, 95.93908629441624, 96.5482233502538, 97.96954314720813, 99.08629441624366, 99.28934010152285, 100.00000000000001]
[90.35532994923858, 92.69035532994924, 94.72081218274111, 95.32994923857868, 95.93908629441624, 96.5482233502538, 97.96954314720813, 99.08629441624366, 99.28934010152285, 100.00000000000001]
[90.35532994923858, 92.69035532994924, 94.72081218274111, 95.32994923857868, 95.93908629441624, 96.5482233502538, 97.96954314720813, 99.08629441624366, 99.28934010152285, 100.00000000000001]
[90.35532994923858, 92.69035532994924, 94.72081218274111, 95.32994923857868, 95.93908629441624, 96.5482233502538, 97.96954314720813, 99.08629441624366, 99.28934010152285, 100.00000000000001]
[90.35532994923858, 92.69035532994924, 94.72081218274111, 95.32994923857868, 95.93908629441624, 96.5482233502538, 97.96954314720813, 99.08629441624366, 99.28934010152285, 100.00000000000001]
[90.35532994923858, 92.69035532994924, 94.72081218274111, 95.32994923857868, 95.93908629441624, 96.5482233502538, 97.96954314720813, 99.08629441624366, 99.28934010152285, 100.00000000000001]
[90.35532994923858, 92.69035532994924, 94.72081218274111, 95.32994923857868, 95.93908629441624, 96.5482233502538, 97.96954314720813, 99.08629441624366, 99.28934010152285, 100.00000000000001]
[92.89340101522842, 95.02538071065989, 96.85279187817258, 97.25888324873095, 98.68020304568527, 98.88324873096447, 99.08629441624366, 100.0]
[92.89340101522842, 95.02538071065989, 96.85279187817258, 97.25888324873095, 98.68020304568527, 98.88324873096447, 99.08629441624366, 100.0]
[92.89340101522842, 95.02538071065989, 96.85279187817258, 97.25888324873095, 98.68020304568527, 98.88324873096447, 99.08629441624366, 100.0]
[92.89340101522842, 95.02538071065989, 96.85279187817258, 97.25888324873095, 98.68020304568527, 98.88324873096447, 99.08629441624366, 100.0]
[92.89340101522842, 95.02538071065989, 96.85279187817258, 97.25888324873095, 98.68020304568527, 98.88324873096447, 99.08629441624366, 100.0]
[92.89340101522842, 95.02538071065989, 96.85279187817258, 97.25888324873095, 98.68020304568527, 98.88324873096447, 99.08629441624366, 100.0]
[92.89340101522842, 95.02538071065989, 96.85279187817258, 97.25888324873095, 98.68020304568527, 98.88324873096447, 99.08629441624366, 100.0]
[92.89340101522842, 95.02538071065989, 96.85279187817258, 97.25888324873095, 98.68020304568527, 98.88324873096447, 99.08629441624366, 100.0]
[92.89340101522842, 95.02538071065989, 96.85279187817258, 97.25888324873095, 98.68020304568527, 98.88324873096447, 99.08629441624366, 100.0]
[92.89340101522842, 95.02538071065989, 96.85279187817258, 97.25888324873095, 98.68020304568527, 98.88324873096447, 99.08629441624366, 100.0]
[92.89340101522842, 95.02538071065989, 96.85279187817258, 97.25888324873095, 98.68020304568527, 98.88324873096447, 99.08629441624366, 100.0]
[92.89340101522842, 95.02538071065989, 96.85279187817258, 97.25888324873095, 98.68020304568527, 98.88324873096447, 99.08629441624366, 100.0]
[92.89340101522842, 95.02538071065989, 96.85279187817258, 97.25888324873095, 98.68020304568527, 98.88324873096447, 99.08629441624366, 100.0]
[92.89340101522842, 95.02538071065989, 96.85279187817258, 97.25888324873095, 98.68020304568527, 98.88324873096447, 99.08629441624366, 100.0]
[92.89340101522842, 95.02538071065989, 96.85279187817258, 97.25888324873095, 98.68020304568527, 98.88324873096447, 99.08629441624366, 100.0]
[92.89340101522842, 95.02538071065989, 96.85279187817258, 97.25888324873095, 98.68020304568527, 98.88324873096447, 99.08629441624366, 100.0]
[92.89340101522842, 95.02538071065989, 96.85279187817258, 97.25888324873095, 98.68020304568527, 98.88324873096447, 99.08629441624366, 100.0]
[92.89340101522842, 95.02538071065989, 96.85279187817258, 97.25888324873095, 98.68020304568527, 98.88324873096447, 99.08629441624366, 100.0]
[92.89340101522842, 95.02538071065989, 96.85279187817258, 97.25888324873095, 98.68020304568527, 98.88324873096447, 99.08629441624366, 100.0]
[92.89340101522842, 95.02538071065989, 96.85279187817258, 97.25888324873095, 98.68020304568527, 98.88324873096447, 99.08629441624366, 100.0]
[92.89340101522842, 95.02538071065989, 96.85279187817258, 97.25888324873095, 98.68020304568527, 98.88324873096447, 99.08629441624366, 100.0]
[92.89340101522842, 95.02538071065989, 96.85279187817258, 97.25888324873095, 98.68020304568527, 98.88324873096447, 99.08629441624366, 100.0]
[92.89340101522842, 95.02538071065989, 96.85279187817258, 97.25888324873095, 98.68020304568527, 98.88324873096447, 99.08629441624366, 100.0]
[92.89340101522842, 95.02538071065989, 96.85279187817258, 97.25888324873095, 98.68020304568527, 98.88324873096447, 99.08629441624366, 100.0]
[92.89340101522842, 95.02538071065989, 96.85279187817258, 97.25888324873095, 98.68020304568527, 98.88324873096447, 99.08629441624366, 100.0]
[92.89340101522842, 95.02538071065989, 96.85279187817258, 97.25888324873095, 98.68020304568527, 98.88324873096447, 99.08629441624366, 100.0]
[92.89340101522842, 95.02538071065989, 96.85279187817258, 97.25888324873095, 98.68020304568527, 98.88324873096447, 99.08629441624366, 100.0]
[92.89340101522842, 95.02538071065989, 96.85279187817258, 97.25888324873095, 98.68020304568527, 98.88324873096447, 99.08629441624366, 100.0]
[92.89340101522842, 95.02538071065989, 96.85279187817258, 97.25888324873095, 98.68020304568527, 98.88324873096447, 99.08629441624366, 100.0]
[92.89340101522842, 95.02538071065989, 96.85279187817258, 97.25888324873095, 98.68020304568527, 98.88324873096447, 99.08629441624366, 100.0]
[92.89340101522842, 95.02538071065989, 96.85279187817258, 97.25888324873095, 98.68020304568527, 98.88324873096447, 99.08629441624366, 100.0]
[92.89340101522842, 95.02538071065989, 96.85279187817258, 97.25888324873095, 98.68020304568527, 98.88324873096447, 99.08629441624366, 100.0]
[92.89340101522842, 95.02538071065989, 96.85279187817258, 97.25888324873095, 98.68020304568527, 98.88324873096447, 99.08629441624366, 100.0]
[92.89340101522842, 95.02538071065989, 96.85279187817258, 97.25888324873095, 98.68020304568527, 98.88324873096447, 99.08629441624366, 100.0]
[92.89340101522842, 95.02538071065989, 96.85279187817258, 97.25888324873095, 98.68020304568527, 98.88324873096447, 99.08629441624366, 100.0]
[92.89340101522842, 95.02538071065989, 96.85279187817258, 97.25888324873095, 98.68020304568527, 98.88324873096447, 99.08629441624366, 100.0]
[92.89340101522842, 95.02538071065989, 96.85279187817258, 97.25888324873095, 98.68020304568527, 98.88324873096447, 99.08629441624366, 100.0]
[83.85786802030456, 91.16751269035532, 96.04060913705582, 99.99999999999999]
[83.85786802030456, 91.16751269035532, 96.04060913705582, 99.99999999999999]
[83.85786802030456, 91.16751269035532, 96.04060913705582, 99.99999999999999]
[83.85786802030456, 91.16751269035532, 96.04060913705582, 99.99999999999999]
[83.85786802030456, 91.16751269035532, 96.04060913705582, 99.99999999999999]
[83.85786802030456, 91.16751269035532, 96.04060913705582, 99.99999999999999]
[83.85786802030456, 91.16751269035532, 96.04060913705582, 99.99999999999999]
[83.85786802030456, 91.16751269035532, 96.04060913705582, 99.99999999999999]
[83.85786802030456, 91.16751269035532, 96.04060913705582, 99.99999999999999]
[83.85786802030456, 91.16751269035532, 96.04060913705582, 99.99999999999999]
[83.85786802030456, 91.16751269035532, 96.04060913705582, 99.99999999999999]
[83.85786802030456, 91.16751269035532, 96.04060913705582, 99.99999999999999]
[83.85786802030456, 91.16751269035532, 96.04060913705582, 99.99999999999999]
[83.85786802030456, 91.16751269035532, 96.04060913705582, 99.99999999999999]
[83.85786802030456, 91.16751269035532, 96.04060913705582, 99.99999999999999]
[83.85786802030456, 91.16751269035532, 96.04060913705582, 99.99999999999999]
[83.85786802030456, 91.16751269035532, 96.04060913705582, 99.99999999999999]
[83.85786802030456, 91.16751269035532, 96.04060913705582, 99.99999999999999]
[83.85786802030456, 91.16751269035532, 96.04060913705582, 99.99999999999999]
[83.85786802030456, 91.16751269035532, 96.04060913705582, 99.99999999999999]
[83.85786802030456, 91.16751269035532, 96.04060913705582, 99.99999999999999]
[83.85786802030456, 91.16751269035532, 96.04060913705582, 99.99999999999999]
[83.85786802030456, 91.16751269035532, 96.04060913705582, 99.99999999999999]
[83.85786802030456, 91.16751269035532, 96.04060913705582, 99.99999999999999]
[83.85786802030456, 91.16751269035532, 96.04060913705582, 99.99999999999999]
[83.85786802030456, 91.16751269035532, 96.04060913705582, 99.99999999999999]
[83.85786802030456, 91.16751269035532, 96.04060913705582, 99.99999999999999]
[83.85786802030456, 91.16751269035532, 96.04060913705582, 99.99999999999999]
[83.85786802030456, 91.16751269035532, 96.04060913705582, 99.99999999999999]
[83.85786802030456, 91.16751269035532, 96.04060913705582, 99.99999999999999]
[83.85786802030456, 91.16751269035532, 96.04060913705582, 99.99999999999999]
[83.85786802030456, 91.16751269035532, 96.04060913705582, 99.99999999999999]
[83.85786802030456, 91.16751269035532, 96.04060913705582, 99.99999999999999]
[83.85786802030456, 91.16751269035532, 96.04060913705582, 99.99999999999999]
[83.85786802030456, 91.16751269035532, 96.04060913705582, 99.99999999999999]
[83.85786802030456, 91.16751269035532, 96.04060913705582, 99.99999999999999]
[83.85786802030456, 91.16751269035532, 96.04060913705582, 99.99999999999999]
[83.85786802030456, 91.16751269035532, 96.04060913705582, 99.99999999999999]
[83.85786802030456, 91.16751269035532, 96.04060913705582, 99.99999999999999]
[83.85786802030456, 91.16751269035532, 96.04060913705582, 99.99999999999999]
[83.85786802030456, 91.16751269035532, 96.04060913705582, 99.99999999999999]
[83.85786802030456, 91.16751269035532, 96.04060913705582, 99.99999999999999]
[83.85786802030456, 91.16751269035532, 96.04060913705582, 99.99999999999999]
[83.85786802030456, 91.16751269035532, 96.04060913705582, 99.99999999999999]
[83.85786802030456, 91.16751269035532, 96.04060913705582, 99.99999999999999]
[83.85786802030456, 91.16751269035532, 96.04060913705582, 99.99999999999999]
[83.85786802030456, 91.16751269035532, 96.04060913705582, 99.99999999999999]
[83.85786802030456, 91.16751269035532, 96.04060913705582, 99.99999999999999]
[83.85786802030456, 91.16751269035532, 96.04060913705582, 99.99999999999999]
[83.85786802030456, 91.16751269035532, 96.04060913705582, 99.99999999999999]
[90.65989847715737, 93.70558375634519, 96.44670050761422, 98.57868020304569, 98.78172588832489, 98.98477157360408, 100.00000000000001]
[90.65989847715737, 93.70558375634519, 96.44670050761422, 98.57868020304569, 98.78172588832489, 98.98477157360408, 100.00000000000001]
[90.65989847715737, 93.70558375634519, 96.44670050761422, 98.57868020304569, 98.78172588832489, 98.98477157360408, 100.00000000000001]
[90.65989847715737, 93.70558375634519, 96.44670050761422, 98.57868020304569, 98.78172588832489, 98.98477157360408, 100.00000000000001]
[90.65989847715737, 93.70558375634519, 96.44670050761422, 98.57868020304569, 98.78172588832489, 98.98477157360408, 100.00000000000001]
[90.65989847715737, 93.70558375634519, 96.44670050761422, 98.57868020304569, 98.78172588832489, 98.98477157360408, 100.00000000000001]
[90.65989847715737, 93.70558375634519, 96.44670050761422, 98.57868020304569, 98.78172588832489, 98.98477157360408, 100.00000000000001]
[90.65989847715737, 93.70558375634519, 96.44670050761422, 98.57868020304569, 98.78172588832489, 98.98477157360408, 100.00000000000001]
[90.65989847715737, 93.70558375634519, 96.44670050761422, 98.57868020304569, 98.78172588832489, 98.98477157360408, 100.00000000000001]
[90.65989847715737, 93.70558375634519, 96.44670050761422, 98.57868020304569, 98.78172588832489, 98.98477157360408, 100.00000000000001]
[90.65989847715737, 93.70558375634519, 96.44670050761422, 98.57868020304569, 98.78172588832489, 98.98477157360408, 100.00000000000001]
[90.65989847715737, 93.70558375634519, 96.44670050761422, 98.57868020304569, 98.78172588832489, 98.98477157360408, 100.00000000000001]
[90.65989847715737, 93.70558375634519, 96.44670050761422, 98.57868020304569, 98.78172588832489, 98.98477157360408, 100.00000000000001]
[90.65989847715737, 93.70558375634519, 96.44670050761422, 98.57868020304569, 98.78172588832489, 98.98477157360408, 100.00000000000001]
[90.65989847715737, 93.70558375634519, 96.44670050761422, 98.57868020304569, 98.78172588832489, 98.98477157360408, 100.00000000000001]
[90.65989847715737, 93.70558375634519, 96.44670050761422, 98.57868020304569, 98.78172588832489, 98.98477157360408, 100.00000000000001]
[90.65989847715737, 93.70558375634519, 96.44670050761422, 98.57868020304569, 98.78172588832489, 98.98477157360408, 100.00000000000001]
[90.65989847715737, 93.70558375634519, 96.44670050761422, 98.57868020304569, 98.78172588832489, 98.98477157360408, 100.00000000000001]
[90.65989847715737, 93.70558375634519, 96.44670050761422, 98.57868020304569, 98.78172588832489, 98.98477157360408, 100.00000000000001]
[90.65989847715737, 93.70558375634519, 96.44670050761422, 98.57868020304569, 98.78172588832489, 98.98477157360408, 100.00000000000001]
[90.65989847715737, 93.70558375634519, 96.44670050761422, 98.57868020304569, 98.78172588832489, 98.98477157360408, 100.00000000000001]
[90.65989847715737, 93.70558375634519, 96.44670050761422, 98.57868020304569, 98.78172588832489, 98.98477157360408, 100.00000000000001]
[90.65989847715737, 93.70558375634519, 96.44670050761422, 98.57868020304569, 98.78172588832489, 98.98477157360408, 100.00000000000001]
[90.65989847715737, 93.70558375634519, 96.44670050761422, 98.57868020304569, 98.78172588832489, 98.98477157360408, 100.00000000000001]
[90.65989847715737, 93.70558375634519, 96.44670050761422, 98.57868020304569, 98.78172588832489, 98.98477157360408, 100.00000000000001]
[90.65989847715737, 93.70558375634519, 96.44670050761422, 98.57868020304569, 98.78172588832489, 98.98477157360408, 100.00000000000001]
[90.65989847715737, 93.70558375634519, 96.44670050761422, 98.57868020304569, 98.78172588832489, 98.98477157360408, 100.00000000000001]
[90.65989847715737, 93.70558375634519, 96.44670050761422, 98.57868020304569, 98.78172588832489, 98.98477157360408, 100.00000000000001]
[90.65989847715737, 93.70558375634519, 96.44670050761422, 98.57868020304569, 98.78172588832489, 98.98477157360408, 100.00000000000001]
[90.65989847715737, 93.70558375634519, 96.44670050761422, 98.57868020304569, 98.78172588832489, 98.98477157360408, 100.00000000000001]
[90.65989847715737, 93.70558375634519, 96.44670050761422, 98.57868020304569, 98.78172588832489, 98.98477157360408, 100.00000000000001]
[90.65989847715737, 93.70558375634519, 96.44670050761422, 98.57868020304569, 98.78172588832489, 98.98477157360408, 100.00000000000001]
[90.65989847715737, 93.70558375634519, 96.44670050761422, 98.57868020304569, 98.78172588832489, 98.98477157360408, 100.00000000000001]
[90.65989847715737, 93.70558375634519, 96.44670050761422, 98.57868020304569, 98.78172588832489, 98.98477157360408, 100.00000000000001]
[90.65989847715737, 93.70558375634519, 96.44670050761422, 98.57868020304569, 98.78172588832489, 98.98477157360408, 100.00000000000001]
[90.65989847715737, 93.70558375634519, 96.44670050761422, 98.57868020304569, 98.78172588832489, 98.98477157360408, 100.00000000000001]
[90.65989847715737, 93.70558375634519, 96.44670050761422, 98.57868020304569, 98.78172588832489, 98.98477157360408, 100.00000000000001]
[90.65989847715737, 93.70558375634519, 96.44670050761422, 98.57868020304569, 98.78172588832489, 98.98477157360408, 100.00000000000001]
[90.65989847715737, 93.70558375634519, 96.44670050761422, 98.57868020304569, 98.78172588832489, 98.98477157360408, 100.00000000000001]
[90.65989847715737, 93.70558375634519, 96.44670050761422, 98.57868020304569, 98.78172588832489, 98.98477157360408, 100.00000000000001]
[90.65989847715737, 93.70558375634519, 96.44670050761422, 98.57868020304569, 98.78172588832489, 98.98477157360408, 100.00000000000001]
[90.65989847715737, 93.70558375634519, 96.44670050761422, 98.57868020304569, 98.78172588832489, 98.98477157360408, 100.00000000000001]
[90.65989847715737, 93.70558375634519, 96.44670050761422, 98.57868020304569, 98.78172588832489, 98.98477157360408, 100.00000000000001]
[90.65989847715737, 93.70558375634519, 96.44670050761422, 98.57868020304569, 98.78172588832489, 98.98477157360408, 100.00000000000001]
[90.65989847715737, 93.70558375634519, 96.44670050761422, 98.57868020304569, 98.78172588832489, 98.98477157360408, 100.00000000000001]
[90.65989847715737, 93.70558375634519, 96.44670050761422, 98.57868020304569, 98.78172588832489, 98.98477157360408, 100.00000000000001]
[90.65989847715737, 93.70558375634519, 96.44670050761422, 98.57868020304569, 98.78172588832489, 98.98477157360408, 100.00000000000001]
[90.65989847715737, 93.70558375634519, 96.44670050761422, 98.57868020304569, 98.78172588832489, 98.98477157360408, 100.00000000000001]
[90.65989847715737, 93.70558375634519, 96.44670050761422, 98.57868020304569, 98.78172588832489, 98.98477157360408, 100.00000000000001]
[90.65989847715737, 93.70558375634519, 96.44670050761422, 98.57868020304569, 98.78172588832489, 98.98477157360408, 100.00000000000001]
[89.13705583756345, 94.51776649746193, 95.1269035532995, 96.8527918781726, 97.25888324873097, 97.66497461928934, 98.88324873096447, 99.08629441624366, 99.28934010152285, 100.00000000000001]
[89.13705583756345, 94.51776649746193, 95.1269035532995, 96.8527918781726, 97.25888324873097, 97.66497461928934, 98.88324873096447, 99.08629441624366, 99.28934010152285, 100.00000000000001]
[89.13705583756345, 94.51776649746193, 95.1269035532995, 96.8527918781726, 97.25888324873097, 97.66497461928934, 98.88324873096447, 99.08629441624366, 99.28934010152285, 100.00000000000001]
[89.13705583756345, 94.51776649746193, 95.1269035532995, 96.8527918781726, 97.25888324873097, 97.66497461928934, 98.88324873096447, 99.08629441624366, 99.28934010152285, 100.00000000000001]
[89.13705583756345, 94.51776649746193, 95.1269035532995, 96.8527918781726, 97.25888324873097, 97.66497461928934, 98.88324873096447, 99.08629441624366, 99.28934010152285, 100.00000000000001]
[89.13705583756345, 94.51776649746193, 95.1269035532995, 96.8527918781726, 97.25888324873097, 97.66497461928934, 98.88324873096447, 99.08629441624366, 99.28934010152285, 100.00000000000001]
[89.13705583756345, 94.51776649746193, 95.1269035532995, 96.8527918781726, 97.25888324873097, 97.66497461928934, 98.88324873096447, 99.08629441624366, 99.28934010152285, 100.00000000000001]
[89.13705583756345, 94.51776649746193, 95.1269035532995, 96.8527918781726, 97.25888324873097, 97.66497461928934, 98.88324873096447, 99.08629441624366, 99.28934010152285, 100.00000000000001]
[89.13705583756345, 94.51776649746193, 95.1269035532995, 96.8527918781726, 97.25888324873097, 97.66497461928934, 98.88324873096447, 99.08629441624366, 99.28934010152285, 100.00000000000001]
[89.13705583756345, 94.51776649746193, 95.1269035532995, 96.8527918781726, 97.25888324873097, 97.66497461928934, 98.88324873096447, 99.08629441624366, 99.28934010152285, 100.00000000000001]
[89.13705583756345, 94.51776649746193, 95.1269035532995, 96.8527918781726, 97.25888324873097, 97.66497461928934, 98.88324873096447, 99.08629441624366, 99.28934010152285, 100.00000000000001]
[89.13705583756345, 94.51776649746193, 95.1269035532995, 96.8527918781726, 97.25888324873097, 97.66497461928934, 98.88324873096447, 99.08629441624366, 99.28934010152285, 100.00000000000001]
[89.13705583756345, 94.51776649746193, 95.1269035532995, 96.8527918781726, 97.25888324873097, 97.66497461928934, 98.88324873096447, 99.08629441624366, 99.28934010152285, 100.00000000000001]
[89.13705583756345, 94.51776649746193, 95.1269035532995, 96.8527918781726, 97.25888324873097, 97.66497461928934, 98.88324873096447, 99.08629441624366, 99.28934010152285, 100.00000000000001]
[89.13705583756345, 94.51776649746193, 95.1269035532995, 96.8527918781726, 97.25888324873097, 97.66497461928934, 98.88324873096447, 99.08629441624366, 99.28934010152285, 100.00000000000001]
[89.13705583756345, 94.51776649746193, 95.1269035532995, 96.8527918781726, 97.25888324873097, 97.66497461928934, 98.88324873096447, 99.08629441624366, 99.28934010152285, 100.00000000000001]
[89.13705583756345, 94.51776649746193, 95.1269035532995, 96.8527918781726, 97.25888324873097, 97.66497461928934, 98.88324873096447, 99.08629441624366, 99.28934010152285, 100.00000000000001]
[89.13705583756345, 94.51776649746193, 95.1269035532995, 96.8527918781726, 97.25888324873097, 97.66497461928934, 98.88324873096447, 99.08629441624366, 99.28934010152285, 100.00000000000001]
[89.13705583756345, 94.51776649746193, 95.1269035532995, 96.8527918781726, 97.25888324873097, 97.66497461928934, 98.88324873096447, 99.08629441624366, 99.28934010152285, 100.00000000000001]
[89.13705583756345, 94.51776649746193, 95.1269035532995, 96.8527918781726, 97.25888324873097, 97.66497461928934, 98.88324873096447, 99.08629441624366, 99.28934010152285, 100.00000000000001]
[89.13705583756345, 94.51776649746193, 95.1269035532995, 96.8527918781726, 97.25888324873097, 97.66497461928934, 98.88324873096447, 99.08629441624366, 99.28934010152285, 100.00000000000001]
[89.13705583756345, 94.51776649746193, 95.1269035532995, 96.8527918781726, 97.25888324873097, 97.66497461928934, 98.88324873096447, 99.08629441624366, 99.28934010152285, 100.00000000000001]
[89.13705583756345, 94.51776649746193, 95.1269035532995, 96.8527918781726, 97.25888324873097, 97.66497461928934, 98.88324873096447, 99.08629441624366, 99.28934010152285, 100.00000000000001]
[94.82233502538071, 95.43147208121827, 97.25888324873097, 98.78172588832487, 100.0]
[94.82233502538071, 95.43147208121827, 97.25888324873097, 98.78172588832487, 100.0]
[94.82233502538071, 95.43147208121827, 97.25888324873097, 98.78172588832487, 100.0]
[94.82233502538071, 95.43147208121827, 97.25888324873097, 98.78172588832487, 100.0]
[94.82233502538071, 95.43147208121827, 97.25888324873097, 98.78172588832487, 100.0]
[94.82233502538071, 95.43147208121827, 97.25888324873097, 98.78172588832487, 100.0]
[94.82233502538071, 95.43147208121827, 97.25888324873097, 98.78172588832487, 100.0]
[94.82233502538071, 95.43147208121827, 97.25888324873097, 98.78172588832487, 100.0]
[94.82233502538071, 95.43147208121827, 97.25888324873097, 98.78172588832487, 100.0]
[94.82233502538071, 95.43147208121827, 97.25888324873097, 98.78172588832487, 100.0]
[94.82233502538071, 95.43147208121827, 97.25888324873097, 98.78172588832487, 100.0]
[94.82233502538071, 95.43147208121827, 97.25888324873097, 98.78172588832487, 100.0]
[94.82233502538071, 95.43147208121827, 97.25888324873097, 98.78172588832487, 100.0]
[94.82233502538071, 95.43147208121827, 97.25888324873097, 98.78172588832487, 100.0]
[94.82233502538071, 95.43147208121827, 97.25888324873097, 98.78172588832487, 100.0]
[94.82233502538071, 95.43147208121827, 97.25888324873097, 98.78172588832487, 100.0]
[94.82233502538071, 95.43147208121827, 97.25888324873097, 98.78172588832487, 100.0]
[94.82233502538071, 95.43147208121827, 97.25888324873097, 98.78172588832487, 100.0]
[94.82233502538071, 95.43147208121827, 97.25888324873097, 98.78172588832487, 100.0]
[94.82233502538071, 95.43147208121827, 97.25888324873097, 98.78172588832487, 100.0]
[94.82233502538071, 95.43147208121827, 97.25888324873097, 98.78172588832487, 100.0]
[94.82233502538071, 95.43147208121827, 97.25888324873097, 98.78172588832487, 100.0]
[94.82233502538071, 95.43147208121827, 97.25888324873097, 98.78172588832487, 100.0]
[94.82233502538071, 95.43147208121827, 97.25888324873097, 98.78172588832487, 100.0]
[94.82233502538071, 95.43147208121827, 97.25888324873097, 98.78172588832487, 100.0]
[94.82233502538071, 95.43147208121827, 97.25888324873097, 98.78172588832487, 100.0]
[94.82233502538071, 95.43147208121827, 97.25888324873097, 98.78172588832487, 100.0]
[94.82233502538071, 95.43147208121827, 97.25888324873097, 98.78172588832487, 100.0]
[94.82233502538071, 95.43147208121827, 97.25888324873097, 98.78172588832487, 100.0]
[94.82233502538071, 95.43147208121827, 97.25888324873097, 98.78172588832487, 100.0]
[94.82233502538071, 95.43147208121827, 97.25888324873097, 98.78172588832487, 100.0]
[94.82233502538071, 95.43147208121827, 97.25888324873097, 98.78172588832487, 100.0]
[94.82233502538071, 95.43147208121827, 97.25888324873097, 98.78172588832487, 100.0]
[94.82233502538071, 95.43147208121827, 97.25888324873097, 98.78172588832487, 100.0]
[94.82233502538071, 95.43147208121827, 97.25888324873097, 98.78172588832487, 100.0]
[94.82233502538071, 95.43147208121827, 97.25888324873097, 98.78172588832487, 100.0]
[94.82233502538071, 95.43147208121827, 97.25888324873097, 98.78172588832487, 100.0]
[94.82233502538071, 95.43147208121827, 97.25888324873097, 98.78172588832487, 100.0]
[94.82233502538071, 95.43147208121827, 97.25888324873097, 98.78172588832487, 100.0]
[94.82233502538071, 95.43147208121827, 97.25888324873097, 98.78172588832487, 100.0]
[94.82233502538071, 95.43147208121827, 97.25888324873097, 98.78172588832487, 100.0]
[94.82233502538071, 95.43147208121827, 97.25888324873097, 98.78172588832487, 100.0]
[94.82233502538071, 95.43147208121827, 97.25888324873097, 98.78172588832487, 100.0]
[94.82233502538071, 95.43147208121827, 97.25888324873097, 98.78172588832487, 100.0]
[94.82233502538071, 95.43147208121827, 97.25888324873097, 98.78172588832487, 100.0]
[94.82233502538071, 95.43147208121827, 97.25888324873097, 98.78172588832487, 100.0]
[94.82233502538071, 95.43147208121827, 97.25888324873097, 98.78172588832487, 100.0]
[94.82233502538071, 95.43147208121827, 97.25888324873097, 98.78172588832487, 100.0]
[94.82233502538071, 95.43147208121827, 97.25888324873097, 98.78172588832487, 100.0]
[94.82233502538071, 95.43147208121827, 97.25888324873097, 98.78172588832487, 100.0]
[94.82233502538071, 95.43147208121827, 97.25888324873097, 98.78172588832487, 100.0]
[92.48730964467005, 94.61928934010152, 96.44670050761421, 96.85279187817258, 97.25888324873095, 97.66497461928932, 98.0710659898477, 99.18781725888323, 99.99999999999999]
[92.48730964467005, 94.61928934010152, 96.44670050761421, 96.85279187817258, 97.25888324873095, 97.66497461928932, 98.0710659898477, 99.18781725888323, 99.99999999999999]
[92.48730964467005, 94.61928934010152, 96.44670050761421, 96.85279187817258, 97.25888324873095, 97.66497461928932, 98.0710659898477, 99.18781725888323, 99.99999999999999]
[92.48730964467005, 94.61928934010152, 96.44670050761421, 96.85279187817258, 97.25888324873095, 97.66497461928932, 98.0710659898477, 99.18781725888323, 99.99999999999999]
[92.48730964467005, 94.61928934010152, 96.44670050761421, 96.85279187817258, 97.25888324873095, 97.66497461928932, 98.0710659898477, 99.18781725888323, 99.99999999999999]
[92.48730964467005, 94.61928934010152, 96.44670050761421, 96.85279187817258, 97.25888324873095, 97.66497461928932, 98.0710659898477, 99.18781725888323, 99.99999999999999]
[92.48730964467005, 94.61928934010152, 96.44670050761421, 96.85279187817258, 97.25888324873095, 97.66497461928932, 98.0710659898477, 99.18781725888323, 99.99999999999999]
[92.48730964467005, 94.61928934010152, 96.44670050761421, 96.85279187817258, 97.25888324873095, 97.66497461928932, 98.0710659898477, 99.18781725888323, 99.99999999999999]
[92.48730964467005, 94.61928934010152, 96.44670050761421, 96.85279187817258, 97.25888324873095, 97.66497461928932, 98.0710659898477, 99.18781725888323, 99.99999999999999]
[92.48730964467005, 94.61928934010152, 96.44670050761421, 96.85279187817258, 97.25888324873095, 97.66497461928932, 98.0710659898477, 99.18781725888323, 99.99999999999999]
[92.48730964467005, 94.61928934010152, 96.44670050761421, 96.85279187817258, 97.25888324873095, 97.66497461928932, 98.0710659898477, 99.18781725888323, 99.99999999999999]
[92.48730964467005, 94.61928934010152, 96.44670050761421, 96.85279187817258, 97.25888324873095, 97.66497461928932, 98.0710659898477, 99.18781725888323, 99.99999999999999]
[92.48730964467005, 94.61928934010152, 96.44670050761421, 96.85279187817258, 97.25888324873095, 97.66497461928932, 98.0710659898477, 99.18781725888323, 99.99999999999999]
[92.48730964467005, 94.61928934010152, 96.44670050761421, 96.85279187817258, 97.25888324873095, 97.66497461928932, 98.0710659898477, 99.18781725888323, 99.99999999999999]
[92.48730964467005, 94.61928934010152, 96.44670050761421, 96.85279187817258, 97.25888324873095, 97.66497461928932, 98.0710659898477, 99.18781725888323, 99.99999999999999]
[92.48730964467005, 94.61928934010152, 96.44670050761421, 96.85279187817258, 97.25888324873095, 97.66497461928932, 98.0710659898477, 99.18781725888323, 99.99999999999999]
[92.48730964467005, 94.61928934010152, 96.44670050761421, 96.85279187817258, 97.25888324873095, 97.66497461928932, 98.0710659898477, 99.18781725888323, 99.99999999999999]
[92.48730964467005, 94.61928934010152, 96.44670050761421, 96.85279187817258, 97.25888324873095, 97.66497461928932, 98.0710659898477, 99.18781725888323, 99.99999999999999]
[92.48730964467005, 94.61928934010152, 96.44670050761421, 96.85279187817258, 97.25888324873095, 97.66497461928932, 98.0710659898477, 99.18781725888323, 99.99999999999999]
[92.48730964467005, 94.61928934010152, 96.44670050761421, 96.85279187817258, 97.25888324873095, 97.66497461928932, 98.0710659898477, 99.18781725888323, 99.99999999999999]
[92.48730964467005, 94.61928934010152, 96.44670050761421, 96.85279187817258, 97.25888324873095, 97.66497461928932, 98.0710659898477, 99.18781725888323, 99.99999999999999]
[92.48730964467005, 94.61928934010152, 96.44670050761421, 96.85279187817258, 97.25888324873095, 97.66497461928932, 98.0710659898477, 99.18781725888323, 99.99999999999999]
[92.48730964467005, 94.61928934010152, 96.44670050761421, 96.85279187817258, 97.25888324873095, 97.66497461928932, 98.0710659898477, 99.18781725888323, 99.99999999999999]
[92.48730964467005, 94.61928934010152, 96.44670050761421, 96.85279187817258, 97.25888324873095, 97.66497461928932, 98.0710659898477, 99.18781725888323, 99.99999999999999]
[92.48730964467005, 94.61928934010152, 96.44670050761421, 96.85279187817258, 97.25888324873095, 97.66497461928932, 98.0710659898477, 99.18781725888323, 99.99999999999999]
[92.48730964467005, 94.61928934010152, 96.44670050761421, 96.85279187817258, 97.25888324873095, 97.66497461928932, 98.0710659898477, 99.18781725888323, 99.99999999999999]
[92.48730964467005, 94.61928934010152, 96.44670050761421, 96.85279187817258, 97.25888324873095, 97.66497461928932, 98.0710659898477, 99.18781725888323, 99.99999999999999]
[92.48730964467005, 94.61928934010152, 96.44670050761421, 96.85279187817258, 97.25888324873095, 97.66497461928932, 98.0710659898477, 99.18781725888323, 99.99999999999999]
[92.48730964467005, 94.61928934010152, 96.44670050761421, 96.85279187817258, 97.25888324873095, 97.66497461928932, 98.0710659898477, 99.18781725888323, 99.99999999999999]
[92.48730964467005, 94.61928934010152, 96.44670050761421, 96.85279187817258, 97.25888324873095, 97.66497461928932, 98.0710659898477, 99.18781725888323, 99.99999999999999]
[92.48730964467005, 94.61928934010152, 96.44670050761421, 96.85279187817258, 97.25888324873095, 97.66497461928932, 98.0710659898477, 99.18781725888323, 99.99999999999999]
[92.48730964467005, 94.61928934010152, 96.44670050761421, 96.85279187817258, 97.25888324873095, 97.66497461928932, 98.0710659898477, 99.18781725888323, 99.99999999999999]
[92.48730964467005, 94.61928934010152, 96.44670050761421, 96.85279187817258, 97.25888324873095, 97.66497461928932, 98.0710659898477, 99.18781725888323, 99.99999999999999]
[92.48730964467005, 94.61928934010152, 96.44670050761421, 96.85279187817258, 97.25888324873095, 97.66497461928932, 98.0710659898477, 99.18781725888323, 99.99999999999999]
[92.48730964467005, 94.61928934010152, 96.44670050761421, 96.85279187817258, 97.25888324873095, 97.66497461928932, 98.0710659898477, 99.18781725888323, 99.99999999999999]
[89.34010152284264, 91.8781725888325, 95.32994923857869, 97.05583756345179, 97.46192893401016, 97.86802030456853, 99.08629441624366, 100.0]
[89.34010152284264, 91.8781725888325, 95.32994923857869, 97.05583756345179, 97.46192893401016, 97.86802030456853, 99.08629441624366, 100.0]
[89.34010152284264, 91.8781725888325, 95.32994923857869, 97.05583756345179, 97.46192893401016, 97.86802030456853, 99.08629441624366, 100.0]
[89.34010152284264, 91.8781725888325, 95.32994923857869, 97.05583756345179, 97.46192893401016, 97.86802030456853, 99.08629441624366, 100.0]
[89.34010152284264, 91.8781725888325, 95.32994923857869, 97.05583756345179, 97.46192893401016, 97.86802030456853, 99.08629441624366, 100.0]
[89.34010152284264, 91.8781725888325, 95.32994923857869, 97.05583756345179, 97.46192893401016, 97.86802030456853, 99.08629441624366, 100.0]
[89.34010152284264, 91.8781725888325, 95.32994923857869, 97.05583756345179, 97.46192893401016, 97.86802030456853, 99.08629441624366, 100.0]
[89.34010152284264, 91.8781725888325, 95.32994923857869, 97.05583756345179, 97.46192893401016, 97.86802030456853, 99.08629441624366, 100.0]
[89.34010152284264, 91.8781725888325, 95.32994923857869, 97.05583756345179, 97.46192893401016, 97.86802030456853, 99.08629441624366, 100.0]
[89.34010152284264, 91.8781725888325, 95.32994923857869, 97.05583756345179, 97.46192893401016, 97.86802030456853, 99.08629441624366, 100.0]
[89.34010152284264, 91.8781725888325, 95.32994923857869, 97.05583756345179, 97.46192893401016, 97.86802030456853, 99.08629441624366, 100.0]
[89.34010152284264, 91.8781725888325, 95.32994923857869, 97.05583756345179, 97.46192893401016, 97.86802030456853, 99.08629441624366, 100.0]
[89.34010152284264, 91.8781725888325, 95.32994923857869, 97.05583756345179, 97.46192893401016, 97.86802030456853, 99.08629441624366, 100.0]
[89.34010152284264, 91.8781725888325, 95.32994923857869, 97.05583756345179, 97.46192893401016, 97.86802030456853, 99.08629441624366, 100.0]
[89.34010152284264, 91.8781725888325, 95.32994923857869, 97.05583756345179, 97.46192893401016, 97.86802030456853, 99.08629441624366, 100.0]
[89.34010152284264, 91.8781725888325, 95.32994923857869, 97.05583756345179, 97.46192893401016, 97.86802030456853, 99.08629441624366, 100.0]
[89.34010152284264, 91.8781725888325, 95.32994923857869, 97.05583756345179, 97.46192893401016, 97.86802030456853, 99.08629441624366, 100.0]
[89.34010152284264, 91.8781725888325, 95.32994923857869, 97.05583756345179, 97.46192893401016, 97.86802030456853, 99.08629441624366, 100.0]
[89.34010152284264, 91.8781725888325, 95.32994923857869, 97.05583756345179, 97.46192893401016, 97.86802030456853, 99.08629441624366, 100.0]
[89.34010152284264, 91.8781725888325, 95.32994923857869, 97.05583756345179, 97.46192893401016, 97.86802030456853, 99.08629441624366, 100.0]
[89.34010152284264, 91.8781725888325, 95.32994923857869, 97.05583756345179, 97.46192893401016, 97.86802030456853, 99.08629441624366, 100.0]
[89.34010152284264, 91.8781725888325, 95.32994923857869, 97.05583756345179, 97.46192893401016, 97.86802030456853, 99.08629441624366, 100.0]
[89.34010152284264, 91.8781725888325, 95.32994923857869, 97.05583756345179, 97.46192893401016, 97.86802030456853, 99.08629441624366, 100.0]
[89.34010152284264, 91.8781725888325, 95.32994923857869, 97.05583756345179, 97.46192893401016, 97.86802030456853, 99.08629441624366, 100.0]
[89.34010152284264, 91.8781725888325, 95.32994923857869, 97.05583756345179, 97.46192893401016, 97.86802030456853, 99.08629441624366, 100.0]
[89.34010152284264, 91.8781725888325, 95.32994923857869, 97.05583756345179, 97.46192893401016, 97.86802030456853, 99.08629441624366, 100.0]
[89.34010152284264, 91.8781725888325, 95.32994923857869, 97.05583756345179, 97.46192893401016, 97.86802030456853, 99.08629441624366, 100.0]
[89.34010152284264, 91.8781725888325, 95.32994923857869, 97.05583756345179, 97.46192893401016, 97.86802030456853, 99.08629441624366, 100.0]
[89.34010152284264, 91.8781725888325, 95.32994923857869, 97.05583756345179, 97.46192893401016, 97.86802030456853, 99.08629441624366, 100.0]
[89.34010152284264, 91.8781725888325, 95.32994923857869, 97.05583756345179, 97.46192893401016, 97.86802030456853, 99.08629441624366, 100.0]
[89.34010152284264, 91.8781725888325, 95.32994923857869, 97.05583756345179, 97.46192893401016, 97.86802030456853, 99.08629441624366, 100.0]
[89.34010152284264, 91.8781725888325, 95.32994923857869, 97.05583756345179, 97.46192893401016, 97.86802030456853, 99.08629441624366, 100.0]
[89.34010152284264, 91.8781725888325, 95.32994923857869, 97.05583756345179, 97.46192893401016, 97.86802030456853, 99.08629441624366, 100.0]
[89.34010152284264, 91.8781725888325, 95.32994923857869, 97.05583756345179, 97.46192893401016, 97.86802030456853, 99.08629441624366, 100.0]
[89.34010152284264, 91.8781725888325, 95.32994923857869, 97.05583756345179, 97.46192893401016, 97.86802030456853, 99.08629441624366, 100.0]
[89.34010152284264, 91.8781725888325, 95.32994923857869, 97.05583756345179, 97.46192893401016, 97.86802030456853, 99.08629441624366, 100.0]
[89.34010152284264, 91.8781725888325, 95.32994923857869, 97.05583756345179, 97.46192893401016, 97.86802030456853, 99.08629441624366, 100.0]
[89.84771573604061, 93.70558375634518, 95.73604060913705, 97.46192893401015, 98.88324873096447, 100.0]
[89.84771573604061, 93.70558375634518, 95.73604060913705, 97.46192893401015, 98.88324873096447, 100.0]
[89.84771573604061, 93.70558375634518, 95.73604060913705, 97.46192893401015, 98.88324873096447, 100.0]
[89.84771573604061, 93.70558375634518, 95.73604060913705, 97.46192893401015, 98.88324873096447, 100.0]
[89.84771573604061, 93.70558375634518, 95.73604060913705, 97.46192893401015, 98.88324873096447, 100.0]
[89.84771573604061, 93.70558375634518, 95.73604060913705, 97.46192893401015, 98.88324873096447, 100.0]
[89.84771573604061, 93.70558375634518, 95.73604060913705, 97.46192893401015, 98.88324873096447, 100.0]
[89.84771573604061, 93.70558375634518, 95.73604060913705, 97.46192893401015, 98.88324873096447, 100.0]
[89.84771573604061, 93.70558375634518, 95.73604060913705, 97.46192893401015, 98.88324873096447, 100.0]
[89.84771573604061, 93.70558375634518, 95.73604060913705, 97.46192893401015, 98.88324873096447, 100.0]
[89.84771573604061, 93.70558375634518, 95.73604060913705, 97.46192893401015, 98.88324873096447, 100.0]
[89.84771573604061, 93.70558375634518, 95.73604060913705, 97.46192893401015, 98.88324873096447, 100.0]
[89.84771573604061, 93.70558375634518, 95.73604060913705, 97.46192893401015, 98.88324873096447, 100.0]
[89.84771573604061, 93.70558375634518, 95.73604060913705, 97.46192893401015, 98.88324873096447, 100.0]
[89.84771573604061, 93.70558375634518, 95.73604060913705, 97.46192893401015, 98.88324873096447, 100.0]
[89.84771573604061, 93.70558375634518, 95.73604060913705, 97.46192893401015, 98.88324873096447, 100.0]
[89.84771573604061, 93.70558375634518, 95.73604060913705, 97.46192893401015, 98.88324873096447, 100.0]
[89.84771573604061, 93.70558375634518, 95.73604060913705, 97.46192893401015, 98.88324873096447, 100.0]
[89.84771573604061, 93.70558375634518, 95.73604060913705, 97.46192893401015, 98.88324873096447, 100.0]
[89.84771573604061, 93.70558375634518, 95.73604060913705, 97.46192893401015, 98.88324873096447, 100.0]
[89.84771573604061, 93.70558375634518, 95.73604060913705, 97.46192893401015, 98.88324873096447, 100.0]
[89.84771573604061, 93.70558375634518, 95.73604060913705, 97.46192893401015, 98.88324873096447, 100.0]
[89.84771573604061, 93.70558375634518, 95.73604060913705, 97.46192893401015, 98.88324873096447, 100.0]
[89.84771573604061, 93.70558375634518, 95.73604060913705, 97.46192893401015, 98.88324873096447, 100.0]
[89.84771573604061, 93.70558375634518, 95.73604060913705, 97.46192893401015, 98.88324873096447, 100.0]
[89.84771573604061, 93.70558375634518, 95.73604060913705, 97.46192893401015, 98.88324873096447, 100.0]
[89.84771573604061, 93.70558375634518, 95.73604060913705, 97.46192893401015, 98.88324873096447, 100.0]
[89.84771573604061, 93.70558375634518, 95.73604060913705, 97.46192893401015, 98.88324873096447, 100.0]
[89.84771573604061, 93.70558375634518, 95.73604060913705, 97.46192893401015, 98.88324873096447, 100.0]
[89.84771573604061, 93.70558375634518, 95.73604060913705, 97.46192893401015, 98.88324873096447, 100.0]
[89.84771573604061, 93.70558375634518, 95.73604060913705, 97.46192893401015, 98.88324873096447, 100.0]
[89.84771573604061, 93.70558375634518, 95.73604060913705, 97.46192893401015, 98.88324873096447, 100.0]
[89.84771573604061, 93.70558375634518, 95.73604060913705, 97.46192893401015, 98.88324873096447, 100.0]
[89.84771573604061, 93.70558375634518, 95.73604060913705, 97.46192893401015, 98.88324873096447, 100.0]
[89.84771573604061, 93.70558375634518, 95.73604060913705, 97.46192893401015, 98.88324873096447, 100.0]
[89.84771573604061, 93.70558375634518, 95.73604060913705, 97.46192893401015, 98.88324873096447, 100.0]
[88.3248730964467, 93.80710659898476, 95.02538071065989, 95.63451776649745, 96.24365482233502, 96.85279187817258, 99.08629441624365, 99.99999999999999]
[88.3248730964467, 93.80710659898476, 95.02538071065989, 95.63451776649745, 96.24365482233502, 96.85279187817258, 99.08629441624365, 99.99999999999999]
[88.3248730964467, 93.80710659898476, 95.02538071065989, 95.63451776649745, 96.24365482233502, 96.85279187817258, 99.08629441624365, 99.99999999999999]
[88.3248730964467, 93.80710659898476, 95.02538071065989, 95.63451776649745, 96.24365482233502, 96.85279187817258, 99.08629441624365, 99.99999999999999]
[88.3248730964467, 93.80710659898476, 95.02538071065989, 95.63451776649745, 96.24365482233502, 96.85279187817258, 99.08629441624365, 99.99999999999999]
[88.3248730964467, 93.80710659898476, 95.02538071065989, 95.63451776649745, 96.24365482233502, 96.85279187817258, 99.08629441624365, 99.99999999999999]
[88.3248730964467, 93.80710659898476, 95.02538071065989, 95.63451776649745, 96.24365482233502, 96.85279187817258, 99.08629441624365, 99.99999999999999]
[88.3248730964467, 93.80710659898476, 95.02538071065989, 95.63451776649745, 96.24365482233502, 96.85279187817258, 99.08629441624365, 99.99999999999999]
[88.3248730964467, 93.80710659898476, 95.02538071065989, 95.63451776649745, 96.24365482233502, 96.85279187817258, 99.08629441624365, 99.99999999999999]
[88.3248730964467, 93.80710659898476, 95.02538071065989, 95.63451776649745, 96.24365482233502, 96.85279187817258, 99.08629441624365, 99.99999999999999]
[88.3248730964467, 93.80710659898476, 95.02538071065989, 95.63451776649745, 96.24365482233502, 96.85279187817258, 99.08629441624365, 99.99999999999999]
[88.3248730964467, 93.80710659898476, 95.02538071065989, 95.63451776649745, 96.24365482233502, 96.85279187817258, 99.08629441624365, 99.99999999999999]
[88.3248730964467, 93.80710659898476, 95.02538071065989, 95.63451776649745, 96.24365482233502, 96.85279187817258, 99.08629441624365, 99.99999999999999]
[88.3248730964467, 93.80710659898476, 95.02538071065989, 95.63451776649745, 96.24365482233502, 96.85279187817258, 99.08629441624365, 99.99999999999999]
[88.3248730964467, 93.80710659898476, 95.02538071065989, 95.63451776649745, 96.24365482233502, 96.85279187817258, 99.08629441624365, 99.99999999999999]
[88.3248730964467, 93.80710659898476, 95.02538071065989, 95.63451776649745, 96.24365482233502, 96.85279187817258, 99.08629441624365, 99.99999999999999]
[88.3248730964467, 93.80710659898476, 95.02538071065989, 95.63451776649745, 96.24365482233502, 96.85279187817258, 99.08629441624365, 99.99999999999999]
[88.3248730964467, 93.80710659898476, 95.02538071065989, 95.63451776649745, 96.24365482233502, 96.85279187817258, 99.08629441624365, 99.99999999999999]
[88.3248730964467, 93.80710659898476, 95.02538071065989, 95.63451776649745, 96.24365482233502, 96.85279187817258, 99.08629441624365, 99.99999999999999]
[88.3248730964467, 93.80710659898476, 95.02538071065989, 95.63451776649745, 96.24365482233502, 96.85279187817258, 99.08629441624365, 99.99999999999999]
[88.3248730964467, 93.80710659898476, 95.02538071065989, 95.63451776649745, 96.24365482233502, 96.85279187817258, 99.08629441624365, 99.99999999999999]
[88.3248730964467, 93.80710659898476, 95.02538071065989, 95.63451776649745, 96.24365482233502, 96.85279187817258, 99.08629441624365, 99.99999999999999]
[88.3248730964467, 93.80710659898476, 95.02538071065989, 95.63451776649745, 96.24365482233502, 96.85279187817258, 99.08629441624365, 99.99999999999999]
[88.3248730964467, 93.80710659898476, 95.02538071065989, 95.63451776649745, 96.24365482233502, 96.85279187817258, 99.08629441624365, 99.99999999999999]
[88.3248730964467, 93.80710659898476, 95.02538071065989, 95.63451776649745, 96.24365482233502, 96.85279187817258, 99.08629441624365, 99.99999999999999]
[88.3248730964467, 93.80710659898476, 95.02538071065989, 95.63451776649745, 96.24365482233502, 96.85279187817258, 99.08629441624365, 99.99999999999999]
[88.3248730964467, 93.80710659898476, 95.02538071065989, 95.63451776649745, 96.24365482233502, 96.85279187817258, 99.08629441624365, 99.99999999999999]
[88.3248730964467, 93.80710659898476, 95.02538071065989, 95.63451776649745, 96.24365482233502, 96.85279187817258, 99.08629441624365, 99.99999999999999]
[88.3248730964467, 93.80710659898476, 95.02538071065989, 95.63451776649745, 96.24365482233502, 96.85279187817258, 99.08629441624365, 99.99999999999999]
[88.3248730964467, 93.80710659898476, 95.02538071065989, 95.63451776649745, 96.24365482233502, 96.85279187817258, 99.08629441624365, 99.99999999999999]
[88.3248730964467, 93.80710659898476, 95.02538071065989, 95.63451776649745, 96.24365482233502, 96.85279187817258, 99.08629441624365, 99.99999999999999]
[88.3248730964467, 93.80710659898476, 95.02538071065989, 95.63451776649745, 96.24365482233502, 96.85279187817258, 99.08629441624365, 99.99999999999999]
[88.3248730964467, 93.80710659898476, 95.02538071065989, 95.63451776649745, 96.24365482233502, 96.85279187817258, 99.08629441624365, 99.99999999999999]
[88.3248730964467, 93.80710659898476, 95.02538071065989, 95.63451776649745, 96.24365482233502, 96.85279187817258, 99.08629441624365, 99.99999999999999]
[88.3248730964467, 93.80710659898476, 95.02538071065989, 95.63451776649745, 96.24365482233502, 96.85279187817258, 99.08629441624365, 99.99999999999999]
[88.3248730964467, 93.80710659898476, 95.02538071065989, 95.63451776649745, 96.24365482233502, 96.85279187817258, 99.08629441624365, 99.99999999999999]
[88.3248730964467, 93.80710659898476, 95.02538071065989, 95.63451776649745, 96.24365482233502, 96.85279187817258, 99.08629441624365, 99.99999999999999]
[88.3248730964467, 93.80710659898476, 95.02538071065989, 95.63451776649745, 96.24365482233502, 96.85279187817258, 99.08629441624365, 99.99999999999999]
[88.3248730964467, 93.80710659898476, 95.02538071065989, 95.63451776649745, 96.24365482233502, 96.85279187817258, 99.08629441624365, 99.99999999999999]
[88.3248730964467, 93.80710659898476, 95.02538071065989, 95.63451776649745, 96.24365482233502, 96.85279187817258, 99.08629441624365, 99.99999999999999]
[88.3248730964467, 93.80710659898476, 95.02538071065989, 95.63451776649745, 96.24365482233502, 96.85279187817258, 99.08629441624365, 99.99999999999999]
[88.3248730964467, 93.80710659898476, 95.02538071065989, 95.63451776649745, 96.24365482233502, 96.85279187817258, 99.08629441624365, 99.99999999999999]
[88.83248730964468, 91.37055837563453, 93.6040609137056, 96.64974619289342, 97.05583756345179, 97.46192893401016, 97.86802030456853, 98.2741116751269, 99.28934010152284, 100.0]
[88.83248730964468, 91.37055837563453, 93.6040609137056, 96.64974619289342, 97.05583756345179, 97.46192893401016, 97.86802030456853, 98.2741116751269, 99.28934010152284, 100.0]
[88.83248730964468, 91.37055837563453, 93.6040609137056, 96.64974619289342, 97.05583756345179, 97.46192893401016, 97.86802030456853, 98.2741116751269, 99.28934010152284, 100.0]
[88.83248730964468, 91.37055837563453, 93.6040609137056, 96.64974619289342, 97.05583756345179, 97.46192893401016, 97.86802030456853, 98.2741116751269, 99.28934010152284, 100.0]
[88.83248730964468, 91.37055837563453, 93.6040609137056, 96.64974619289342, 97.05583756345179, 97.46192893401016, 97.86802030456853, 98.2741116751269, 99.28934010152284, 100.0]
[88.83248730964468, 91.37055837563453, 93.6040609137056, 96.64974619289342, 97.05583756345179, 97.46192893401016, 97.86802030456853, 98.2741116751269, 99.28934010152284, 100.0]
[88.83248730964468, 91.37055837563453, 93.6040609137056, 96.64974619289342, 97.05583756345179, 97.46192893401016, 97.86802030456853, 98.2741116751269, 99.28934010152284, 100.0]
[88.83248730964468, 91.37055837563453, 93.6040609137056, 96.64974619289342, 97.05583756345179, 97.46192893401016, 97.86802030456853, 98.2741116751269, 99.28934010152284, 100.0]
[88.83248730964468, 91.37055837563453, 93.6040609137056, 96.64974619289342, 97.05583756345179, 97.46192893401016, 97.86802030456853, 98.2741116751269, 99.28934010152284, 100.0]
[88.83248730964468, 91.37055837563453, 93.6040609137056, 96.64974619289342, 97.05583756345179, 97.46192893401016, 97.86802030456853, 98.2741116751269, 99.28934010152284, 100.0]
[88.83248730964468, 91.37055837563453, 93.6040609137056, 96.64974619289342, 97.05583756345179, 97.46192893401016, 97.86802030456853, 98.2741116751269, 99.28934010152284, 100.0]
[88.83248730964468, 91.37055837563453, 93.6040609137056, 96.64974619289342, 97.05583756345179, 97.46192893401016, 97.86802030456853, 98.2741116751269, 99.28934010152284, 100.0]
[88.83248730964468, 91.37055837563453, 93.6040609137056, 96.64974619289342, 97.05583756345179, 97.46192893401016, 97.86802030456853, 98.2741116751269, 99.28934010152284, 100.0]
[88.83248730964468, 91.37055837563453, 93.6040609137056, 96.64974619289342, 97.05583756345179, 97.46192893401016, 97.86802030456853, 98.2741116751269, 99.28934010152284, 100.0]
[88.83248730964468, 91.37055837563453, 93.6040609137056, 96.64974619289342, 97.05583756345179, 97.46192893401016, 97.86802030456853, 98.2741116751269, 99.28934010152284, 100.0]
[88.83248730964468, 91.37055837563453, 93.6040609137056, 96.64974619289342, 97.05583756345179, 97.46192893401016, 97.86802030456853, 98.2741116751269, 99.28934010152284, 100.0]
[88.83248730964468, 91.37055837563453, 93.6040609137056, 96.64974619289342, 97.05583756345179, 97.46192893401016, 97.86802030456853, 98.2741116751269, 99.28934010152284, 100.0]
[88.83248730964468, 91.37055837563453, 93.6040609137056, 96.64974619289342, 97.05583756345179, 97.46192893401016, 97.86802030456853, 98.2741116751269, 99.28934010152284, 100.0]
[88.83248730964468, 91.37055837563453, 93.6040609137056, 96.64974619289342, 97.05583756345179, 97.46192893401016, 97.86802030456853, 98.2741116751269, 99.28934010152284, 100.0]
[88.83248730964468, 91.37055837563453, 93.6040609137056, 96.64974619289342, 97.05583756345179, 97.46192893401016, 97.86802030456853, 98.2741116751269, 99.28934010152284, 100.0]
[88.83248730964468, 91.37055837563453, 93.6040609137056, 96.64974619289342, 97.05583756345179, 97.46192893401016, 97.86802030456853, 98.2741116751269, 99.28934010152284, 100.0]
[88.83248730964468, 91.37055837563453, 93.6040609137056, 96.64974619289342, 97.05583756345179, 97.46192893401016, 97.86802030456853, 98.2741116751269, 99.28934010152284, 100.0]
[88.83248730964468, 91.37055837563453, 93.6040609137056, 96.64974619289342, 97.05583756345179, 97.46192893401016, 97.86802030456853, 98.2741116751269, 99.28934010152284, 100.0]
[88.83248730964468, 91.37055837563453, 93.6040609137056, 96.64974619289342, 97.05583756345179, 97.46192893401016, 97.86802030456853, 98.2741116751269, 99.28934010152284, 100.0]
[88.83248730964468, 91.37055837563453, 93.6040609137056, 96.64974619289342, 97.05583756345179, 97.46192893401016, 97.86802030456853, 98.2741116751269, 99.28934010152284, 100.0]
[88.83248730964468, 91.37055837563453, 93.6040609137056, 96.64974619289342, 97.05583756345179, 97.46192893401016, 97.86802030456853, 98.2741116751269, 99.28934010152284, 100.0]
[88.83248730964468, 91.37055837563453, 93.6040609137056, 96.64974619289342, 97.05583756345179, 97.46192893401016, 97.86802030456853, 98.2741116751269, 99.28934010152284, 100.0]
[88.83248730964468, 91.37055837563453, 93.6040609137056, 96.64974619289342, 97.05583756345179, 97.46192893401016, 97.86802030456853, 98.2741116751269, 99.28934010152284, 100.0]
[88.83248730964468, 91.37055837563453, 93.6040609137056, 96.64974619289342, 97.05583756345179, 97.46192893401016, 97.86802030456853, 98.2741116751269, 99.28934010152284, 100.0]
[88.83248730964468, 91.37055837563453, 93.6040609137056, 96.64974619289342, 97.05583756345179, 97.46192893401016, 97.86802030456853, 98.2741116751269, 99.28934010152284, 100.0]
[88.83248730964468, 91.37055837563453, 93.6040609137056, 96.64974619289342, 97.05583756345179, 97.46192893401016, 97.86802030456853, 98.2741116751269, 99.28934010152284, 100.0]
[88.83248730964468, 91.37055837563453, 93.6040609137056, 96.64974619289342, 97.05583756345179, 97.46192893401016, 97.86802030456853, 98.2741116751269, 99.28934010152284, 100.0]
[88.83248730964468, 91.37055837563453, 93.6040609137056, 96.64974619289342, 97.05583756345179, 97.46192893401016, 97.86802030456853, 98.2741116751269, 99.28934010152284, 100.0]
[88.83248730964468, 91.37055837563453, 93.6040609137056, 96.64974619289342, 97.05583756345179, 97.46192893401016, 97.86802030456853, 98.2741116751269, 99.28934010152284, 100.0]
[88.83248730964468, 91.37055837563453, 93.6040609137056, 96.64974619289342, 97.05583756345179, 97.46192893401016, 97.86802030456853, 98.2741116751269, 99.28934010152284, 100.0]
[88.83248730964468, 91.37055837563453, 93.6040609137056, 96.64974619289342, 97.05583756345179, 97.46192893401016, 97.86802030456853, 98.2741116751269, 99.28934010152284, 100.0]
[88.83248730964468, 91.37055837563453, 93.6040609137056, 96.64974619289342, 97.05583756345179, 97.46192893401016, 97.86802030456853, 98.2741116751269, 99.28934010152284, 100.0]
[88.83248730964468, 91.37055837563453, 93.6040609137056, 96.64974619289342, 97.05583756345179, 97.46192893401016, 97.86802030456853, 98.2741116751269, 99.28934010152284, 100.0]
[88.83248730964468, 91.37055837563453, 93.6040609137056, 96.64974619289342, 97.05583756345179, 97.46192893401016, 97.86802030456853, 98.2741116751269, 99.28934010152284, 100.0]
[88.83248730964468, 91.37055837563453, 93.6040609137056, 96.64974619289342, 97.05583756345179, 97.46192893401016, 97.86802030456853, 98.2741116751269, 99.28934010152284, 100.0]
[88.83248730964468, 91.37055837563453, 93.6040609137056, 96.64974619289342, 97.05583756345179, 97.46192893401016, 97.86802030456853, 98.2741116751269, 99.28934010152284, 100.0]
[88.83248730964468, 91.37055837563453, 93.6040609137056, 96.64974619289342, 97.05583756345179, 97.46192893401016, 97.86802030456853, 98.2741116751269, 99.28934010152284, 100.0]
[88.83248730964468, 91.37055837563453, 93.6040609137056, 96.64974619289342, 97.05583756345179, 97.46192893401016, 97.86802030456853, 98.2741116751269, 99.28934010152284, 100.0]
[88.83248730964468, 91.37055837563453, 93.6040609137056, 96.64974619289342, 97.05583756345179, 97.46192893401016, 97.86802030456853, 98.2741116751269, 99.28934010152284, 100.0]
[88.83248730964468, 91.37055837563453, 93.6040609137056, 96.64974619289342, 97.05583756345179, 97.46192893401016, 97.86802030456853, 98.2741116751269, 99.28934010152284, 100.0]
[88.83248730964468, 91.37055837563453, 93.6040609137056, 96.64974619289342, 97.05583756345179, 97.46192893401016, 97.86802030456853, 98.2741116751269, 99.28934010152284, 100.0]
[88.83248730964468, 91.37055837563453, 93.6040609137056, 96.64974619289342, 97.05583756345179, 97.46192893401016, 97.86802030456853, 98.2741116751269, 99.28934010152284, 100.0]
[91.47208121827411, 93.80710659898477, 98.2741116751269, 98.4771573604061, 98.68020304568529, 98.88324873096448, 99.08629441624367, 100.00000000000001]
[91.47208121827411, 93.80710659898477, 98.2741116751269, 98.4771573604061, 98.68020304568529, 98.88324873096448, 99.08629441624367, 100.00000000000001]
[91.47208121827411, 93.80710659898477, 98.2741116751269, 98.4771573604061, 98.68020304568529, 98.88324873096448, 99.08629441624367, 100.00000000000001]
[91.47208121827411, 93.80710659898477, 98.2741116751269, 98.4771573604061, 98.68020304568529, 98.88324873096448, 99.08629441624367, 100.00000000000001]
[91.47208121827411, 93.80710659898477, 98.2741116751269, 98.4771573604061, 98.68020304568529, 98.88324873096448, 99.08629441624367, 100.00000000000001]
[91.47208121827411, 93.80710659898477, 98.2741116751269, 98.4771573604061, 98.68020304568529, 98.88324873096448, 99.08629441624367, 100.00000000000001]
[91.47208121827411, 93.80710659898477, 98.2741116751269, 98.4771573604061, 98.68020304568529, 98.88324873096448, 99.08629441624367, 100.00000000000001]
[91.47208121827411, 93.80710659898477, 98.2741116751269, 98.4771573604061, 98.68020304568529, 98.88324873096448, 99.08629441624367, 100.00000000000001]
[91.47208121827411, 93.80710659898477, 98.2741116751269, 98.4771573604061, 98.68020304568529, 98.88324873096448, 99.08629441624367, 100.00000000000001]
[91.47208121827411, 93.80710659898477, 98.2741116751269, 98.4771573604061, 98.68020304568529, 98.88324873096448, 99.08629441624367, 100.00000000000001]
[91.47208121827411, 93.80710659898477, 98.2741116751269, 98.4771573604061, 98.68020304568529, 98.88324873096448, 99.08629441624367, 100.00000000000001]
[91.47208121827411, 93.80710659898477, 98.2741116751269, 98.4771573604061, 98.68020304568529, 98.88324873096448, 99.08629441624367, 100.00000000000001]
[91.47208121827411, 93.80710659898477, 98.2741116751269, 98.4771573604061, 98.68020304568529, 98.88324873096448, 99.08629441624367, 100.00000000000001]
[91.47208121827411, 93.80710659898477, 98.2741116751269, 98.4771573604061, 98.68020304568529, 98.88324873096448, 99.08629441624367, 100.00000000000001]
[91.47208121827411, 93.80710659898477, 98.2741116751269, 98.4771573604061, 98.68020304568529, 98.88324873096448, 99.08629441624367, 100.00000000000001]
[91.47208121827411, 93.80710659898477, 98.2741116751269, 98.4771573604061, 98.68020304568529, 98.88324873096448, 99.08629441624367, 100.00000000000001]
[91.47208121827411, 93.80710659898477, 98.2741116751269, 98.4771573604061, 98.68020304568529, 98.88324873096448, 99.08629441624367, 100.00000000000001]
[91.47208121827411, 93.80710659898477, 98.2741116751269, 98.4771573604061, 98.68020304568529, 98.88324873096448, 99.08629441624367, 100.00000000000001]
[91.47208121827411, 93.80710659898477, 98.2741116751269, 98.4771573604061, 98.68020304568529, 98.88324873096448, 99.08629441624367, 100.00000000000001]
[91.47208121827411, 93.80710659898477, 98.2741116751269, 98.4771573604061, 98.68020304568529, 98.88324873096448, 99.08629441624367, 100.00000000000001]
[91.47208121827411, 93.80710659898477, 98.2741116751269, 98.4771573604061, 98.68020304568529, 98.88324873096448, 99.08629441624367, 100.00000000000001]
[91.47208121827411, 93.80710659898477, 98.2741116751269, 98.4771573604061, 98.68020304568529, 98.88324873096448, 99.08629441624367, 100.00000000000001]
[91.47208121827411, 93.80710659898477, 98.2741116751269, 98.4771573604061, 98.68020304568529, 98.88324873096448, 99.08629441624367, 100.00000000000001]
[91.47208121827411, 93.80710659898477, 98.2741116751269, 98.4771573604061, 98.68020304568529, 98.88324873096448, 99.08629441624367, 100.00000000000001]
[91.47208121827411, 93.80710659898477, 98.2741116751269, 98.4771573604061, 98.68020304568529, 98.88324873096448, 99.08629441624367, 100.00000000000001]
[91.47208121827411, 93.80710659898477, 98.2741116751269, 98.4771573604061, 98.68020304568529, 98.88324873096448, 99.08629441624367, 100.00000000000001]
[91.47208121827411, 93.80710659898477, 98.2741116751269, 98.4771573604061, 98.68020304568529, 98.88324873096448, 99.08629441624367, 100.00000000000001]
[91.47208121827411, 93.80710659898477, 98.2741116751269, 98.4771573604061, 98.68020304568529, 98.88324873096448, 99.08629441624367, 100.00000000000001]
[91.47208121827411, 93.80710659898477, 98.2741116751269, 98.4771573604061, 98.68020304568529, 98.88324873096448, 99.08629441624367, 100.00000000000001]
[91.47208121827411, 93.80710659898477, 98.2741116751269, 98.4771573604061, 98.68020304568529, 98.88324873096448, 99.08629441624367, 100.00000000000001]
[91.47208121827411, 93.80710659898477, 98.2741116751269, 98.4771573604061, 98.68020304568529, 98.88324873096448, 99.08629441624367, 100.00000000000001]
[91.47208121827411, 93.80710659898477, 98.2741116751269, 98.4771573604061, 98.68020304568529, 98.88324873096448, 99.08629441624367, 100.00000000000001]
[91.47208121827411, 93.80710659898477, 98.2741116751269, 98.4771573604061, 98.68020304568529, 98.88324873096448, 99.08629441624367, 100.00000000000001]
[91.47208121827411, 93.80710659898477, 98.2741116751269, 98.4771573604061, 98.68020304568529, 98.88324873096448, 99.08629441624367, 100.00000000000001]
[91.47208121827411, 93.80710659898477, 98.2741116751269, 98.4771573604061, 98.68020304568529, 98.88324873096448, 99.08629441624367, 100.00000000000001]
[91.47208121827411, 93.80710659898477, 98.2741116751269, 98.4771573604061, 98.68020304568529, 98.88324873096448, 99.08629441624367, 100.00000000000001]
[91.47208121827411, 93.80710659898477, 98.2741116751269, 98.4771573604061, 98.68020304568529, 98.88324873096448, 99.08629441624367, 100.00000000000001]
[91.47208121827411, 93.80710659898477, 98.2741116751269, 98.4771573604061, 98.68020304568529, 98.88324873096448, 99.08629441624367, 100.00000000000001]
[91.47208121827411, 93.80710659898477, 98.2741116751269, 98.4771573604061, 98.68020304568529, 98.88324873096448, 99.08629441624367, 100.00000000000001]
[86.80203045685279, 92.38578680203045, 97.05583756345177, 98.57868020304568, 98.78172588832487, 98.98477157360406, 100.0]
[86.80203045685279, 92.38578680203045, 97.05583756345177, 98.57868020304568, 98.78172588832487, 98.98477157360406, 100.0]
[86.80203045685279, 92.38578680203045, 97.05583756345177, 98.57868020304568, 98.78172588832487, 98.98477157360406, 100.0]
[86.80203045685279, 92.38578680203045, 97.05583756345177, 98.57868020304568, 98.78172588832487, 98.98477157360406, 100.0]
[86.80203045685279, 92.38578680203045, 97.05583756345177, 98.57868020304568, 98.78172588832487, 98.98477157360406, 100.0]
[86.80203045685279, 92.38578680203045, 97.05583756345177, 98.57868020304568, 98.78172588832487, 98.98477157360406, 100.0]
[86.80203045685279, 92.38578680203045, 97.05583756345177, 98.57868020304568, 98.78172588832487, 98.98477157360406, 100.0]
[86.80203045685279, 92.38578680203045, 97.05583756345177, 98.57868020304568, 98.78172588832487, 98.98477157360406, 100.0]
[86.80203045685279, 92.38578680203045, 97.05583756345177, 98.57868020304568, 98.78172588832487, 98.98477157360406, 100.0]
[86.80203045685279, 92.38578680203045, 97.05583756345177, 98.57868020304568, 98.78172588832487, 98.98477157360406, 100.0]
[86.80203045685279, 92.38578680203045, 97.05583756345177, 98.57868020304568, 98.78172588832487, 98.98477157360406, 100.0]
[86.80203045685279, 92.38578680203045, 97.05583756345177, 98.57868020304568, 98.78172588832487, 98.98477157360406, 100.0]
[86.80203045685279, 92.38578680203045, 97.05583756345177, 98.57868020304568, 98.78172588832487, 98.98477157360406, 100.0]
[86.80203045685279, 92.38578680203045, 97.05583756345177, 98.57868020304568, 98.78172588832487, 98.98477157360406, 100.0]
[86.80203045685279, 92.38578680203045, 97.05583756345177, 98.57868020304568, 98.78172588832487, 98.98477157360406, 100.0]
[86.80203045685279, 92.38578680203045, 97.05583756345177, 98.57868020304568, 98.78172588832487, 98.98477157360406, 100.0]
[86.80203045685279, 92.38578680203045, 97.05583756345177, 98.57868020304568, 98.78172588832487, 98.98477157360406, 100.0]
[86.80203045685279, 92.38578680203045, 97.05583756345177, 98.57868020304568, 98.78172588832487, 98.98477157360406, 100.0]
[86.80203045685279, 92.38578680203045, 97.05583756345177, 98.57868020304568, 98.78172588832487, 98.98477157360406, 100.0]
[86.80203045685279, 92.38578680203045, 97.05583756345177, 98.57868020304568, 98.78172588832487, 98.98477157360406, 100.0]
[86.80203045685279, 92.38578680203045, 97.05583756345177, 98.57868020304568, 98.78172588832487, 98.98477157360406, 100.0]
[86.80203045685279, 92.38578680203045, 97.05583756345177, 98.57868020304568, 98.78172588832487, 98.98477157360406, 100.0]
[86.80203045685279, 92.38578680203045, 97.05583756345177, 98.57868020304568, 98.78172588832487, 98.98477157360406, 100.0]
[86.80203045685279, 92.38578680203045, 97.05583756345177, 98.57868020304568, 98.78172588832487, 98.98477157360406, 100.0]
[86.80203045685279, 92.38578680203045, 97.05583756345177, 98.57868020304568, 98.78172588832487, 98.98477157360406, 100.0]
[86.80203045685279, 92.38578680203045, 97.05583756345177, 98.57868020304568, 98.78172588832487, 98.98477157360406, 100.0]
[86.80203045685279, 92.38578680203045, 97.05583756345177, 98.57868020304568, 98.78172588832487, 98.98477157360406, 100.0]
[86.80203045685279, 92.38578680203045, 97.05583756345177, 98.57868020304568, 98.78172588832487, 98.98477157360406, 100.0]
[86.80203045685279, 92.38578680203045, 97.05583756345177, 98.57868020304568, 98.78172588832487, 98.98477157360406, 100.0]
[86.80203045685279, 92.38578680203045, 97.05583756345177, 98.57868020304568, 98.78172588832487, 98.98477157360406, 100.0]
[86.80203045685279, 92.38578680203045, 97.05583756345177, 98.57868020304568, 98.78172588832487, 98.98477157360406, 100.0]
[86.80203045685279, 92.38578680203045, 97.05583756345177, 98.57868020304568, 98.78172588832487, 98.98477157360406, 100.0]
[86.80203045685279, 92.38578680203045, 97.05583756345177, 98.57868020304568, 98.78172588832487, 98.98477157360406, 100.0]
[86.80203045685279, 92.38578680203045, 97.05583756345177, 98.57868020304568, 98.78172588832487, 98.98477157360406, 100.0]
[86.80203045685279, 92.38578680203045, 97.05583756345177, 98.57868020304568, 98.78172588832487, 98.98477157360406, 100.0]
[86.80203045685279, 92.38578680203045, 97.05583756345177, 98.57868020304568, 98.78172588832487, 98.98477157360406, 100.0]
[86.80203045685279, 92.38578680203045, 97.05583756345177, 98.57868020304568, 98.78172588832487, 98.98477157360406, 100.0]
[96.14213197969544, 96.5482233502538, 96.95431472081218, 97.36040609137055, 98.78172588832487, 98.98477157360406, 100.0]
[96.14213197969544, 96.5482233502538, 96.95431472081218, 97.36040609137055, 98.78172588832487, 98.98477157360406, 100.0]
[96.14213197969544, 96.5482233502538, 96.95431472081218, 97.36040609137055, 98.78172588832487, 98.98477157360406, 100.0]
[96.14213197969544, 96.5482233502538, 96.95431472081218, 97.36040609137055, 98.78172588832487, 98.98477157360406, 100.0]
[96.14213197969544, 96.5482233502538, 96.95431472081218, 97.36040609137055, 98.78172588832487, 98.98477157360406, 100.0]
[96.14213197969544, 96.5482233502538, 96.95431472081218, 97.36040609137055, 98.78172588832487, 98.98477157360406, 100.0]
[96.14213197969544, 96.5482233502538, 96.95431472081218, 97.36040609137055, 98.78172588832487, 98.98477157360406, 100.0]
[96.14213197969544, 96.5482233502538, 96.95431472081218, 97.36040609137055, 98.78172588832487, 98.98477157360406, 100.0]
[96.14213197969544, 96.5482233502538, 96.95431472081218, 97.36040609137055, 98.78172588832487, 98.98477157360406, 100.0]
[96.14213197969544, 96.5482233502538, 96.95431472081218, 97.36040609137055, 98.78172588832487, 98.98477157360406, 100.0]
[96.14213197969544, 96.5482233502538, 96.95431472081218, 97.36040609137055, 98.78172588832487, 98.98477157360406, 100.0]
[96.14213197969544, 96.5482233502538, 96.95431472081218, 97.36040609137055, 98.78172588832487, 98.98477157360406, 100.0]
[96.14213197969544, 96.5482233502538, 96.95431472081218, 97.36040609137055, 98.78172588832487, 98.98477157360406, 100.0]
[96.14213197969544, 96.5482233502538, 96.95431472081218, 97.36040609137055, 98.78172588832487, 98.98477157360406, 100.0]
[96.14213197969544, 96.5482233502538, 96.95431472081218, 97.36040609137055, 98.78172588832487, 98.98477157360406, 100.0]
[96.14213197969544, 96.5482233502538, 96.95431472081218, 97.36040609137055, 98.78172588832487, 98.98477157360406, 100.0]
[96.14213197969544, 96.5482233502538, 96.95431472081218, 97.36040609137055, 98.78172588832487, 98.98477157360406, 100.0]
[96.14213197969544, 96.5482233502538, 96.95431472081218, 97.36040609137055, 98.78172588832487, 98.98477157360406, 100.0]
[96.14213197969544, 96.5482233502538, 96.95431472081218, 97.36040609137055, 98.78172588832487, 98.98477157360406, 100.0]
[96.14213197969544, 96.5482233502538, 96.95431472081218, 97.36040609137055, 98.78172588832487, 98.98477157360406, 100.0]
[96.14213197969544, 96.5482233502538, 96.95431472081218, 97.36040609137055, 98.78172588832487, 98.98477157360406, 100.0]
[96.14213197969544, 96.5482233502538, 96.95431472081218, 97.36040609137055, 98.78172588832487, 98.98477157360406, 100.0]
[96.14213197969544, 96.5482233502538, 96.95431472081218, 97.36040609137055, 98.78172588832487, 98.98477157360406, 100.0]
[96.14213197969544, 96.5482233502538, 96.95431472081218, 97.36040609137055, 98.78172588832487, 98.98477157360406, 100.0]
[96.14213197969544, 96.5482233502538, 96.95431472081218, 97.36040609137055, 98.78172588832487, 98.98477157360406, 100.0]
[96.14213197969544, 96.5482233502538, 96.95431472081218, 97.36040609137055, 98.78172588832487, 98.98477157360406, 100.0]
[96.14213197969544, 96.5482233502538, 96.95431472081218, 97.36040609137055, 98.78172588832487, 98.98477157360406, 100.0]
[96.14213197969544, 96.5482233502538, 96.95431472081218, 97.36040609137055, 98.78172588832487, 98.98477157360406, 100.0]
[96.14213197969544, 96.5482233502538, 96.95431472081218, 97.36040609137055, 98.78172588832487, 98.98477157360406, 100.0]
[96.14213197969544, 96.5482233502538, 96.95431472081218, 97.36040609137055, 98.78172588832487, 98.98477157360406, 100.0]
[96.14213197969544, 96.5482233502538, 96.95431472081218, 97.36040609137055, 98.78172588832487, 98.98477157360406, 100.0]
[96.14213197969544, 96.5482233502538, 96.95431472081218, 97.36040609137055, 98.78172588832487, 98.98477157360406, 100.0]
[96.14213197969544, 96.5482233502538, 96.95431472081218, 97.36040609137055, 98.78172588832487, 98.98477157360406, 100.0]
[96.14213197969544, 96.5482233502538, 96.95431472081218, 97.36040609137055, 98.78172588832487, 98.98477157360406, 100.0]
[96.14213197969544, 96.5482233502538, 96.95431472081218, 97.36040609137055, 98.78172588832487, 98.98477157360406, 100.0]
[96.14213197969544, 96.5482233502538, 96.95431472081218, 97.36040609137055, 98.78172588832487, 98.98477157360406, 100.0]
[96.14213197969544, 96.5482233502538, 96.95431472081218, 97.36040609137055, 98.78172588832487, 98.98477157360406, 100.0]
[96.14213197969544, 96.5482233502538, 96.95431472081218, 97.36040609137055, 98.78172588832487, 98.98477157360406, 100.0]
[96.14213197969544, 96.5482233502538, 96.95431472081218, 97.36040609137055, 98.78172588832487, 98.98477157360406, 100.0]
[96.14213197969544, 96.5482233502538, 96.95431472081218, 97.36040609137055, 98.78172588832487, 98.98477157360406, 100.0]
[96.14213197969544, 96.5482233502538, 96.95431472081218, 97.36040609137055, 98.78172588832487, 98.98477157360406, 100.0]
[96.14213197969544, 96.5482233502538, 96.95431472081218, 97.36040609137055, 98.78172588832487, 98.98477157360406, 100.0]
[96.14213197969544, 96.5482233502538, 96.95431472081218, 97.36040609137055, 98.78172588832487, 98.98477157360406, 100.0]
[96.14213197969544, 96.5482233502538, 96.95431472081218, 97.36040609137055, 98.78172588832487, 98.98477157360406, 100.0]
[96.14213197969544, 96.5482233502538, 96.95431472081218, 97.36040609137055, 98.78172588832487, 98.98477157360406, 100.0]
[96.14213197969544, 96.5482233502538, 96.95431472081218, 97.36040609137055, 98.78172588832487, 98.98477157360406, 100.0]
[96.14213197969544, 96.5482233502538, 96.95431472081218, 97.36040609137055, 98.78172588832487, 98.98477157360406, 100.0]
[96.14213197969544, 96.5482233502538, 96.95431472081218, 97.36040609137055, 98.78172588832487, 98.98477157360406, 100.0]
[96.14213197969544, 96.5482233502538, 96.95431472081218, 97.36040609137055, 98.78172588832487, 98.98477157360406, 100.0]
[89.44162436548223, 91.97969543147208, 95.43147208121827, 98.2741116751269, 98.4771573604061, 98.68020304568529, 98.88324873096448, 99.08629441624367, 99.28934010152287, 100.00000000000003]
[89.44162436548223, 91.97969543147208, 95.43147208121827, 98.2741116751269, 98.4771573604061, 98.68020304568529, 98.88324873096448, 99.08629441624367, 99.28934010152287, 100.00000000000003]
[89.44162436548223, 91.97969543147208, 95.43147208121827, 98.2741116751269, 98.4771573604061, 98.68020304568529, 98.88324873096448, 99.08629441624367, 99.28934010152287, 100.00000000000003]
[89.44162436548223, 91.97969543147208, 95.43147208121827, 98.2741116751269, 98.4771573604061, 98.68020304568529, 98.88324873096448, 99.08629441624367, 99.28934010152287, 100.00000000000003]
[89.44162436548223, 91.97969543147208, 95.43147208121827, 98.2741116751269, 98.4771573604061, 98.68020304568529, 98.88324873096448, 99.08629441624367, 99.28934010152287, 100.00000000000003]
[89.44162436548223, 91.97969543147208, 95.43147208121827, 98.2741116751269, 98.4771573604061, 98.68020304568529, 98.88324873096448, 99.08629441624367, 99.28934010152287, 100.00000000000003]
[89.44162436548223, 91.97969543147208, 95.43147208121827, 98.2741116751269, 98.4771573604061, 98.68020304568529, 98.88324873096448, 99.08629441624367, 99.28934010152287, 100.00000000000003]
[89.44162436548223, 91.97969543147208, 95.43147208121827, 98.2741116751269, 98.4771573604061, 98.68020304568529, 98.88324873096448, 99.08629441624367, 99.28934010152287, 100.00000000000003]
[89.44162436548223, 91.97969543147208, 95.43147208121827, 98.2741116751269, 98.4771573604061, 98.68020304568529, 98.88324873096448, 99.08629441624367, 99.28934010152287, 100.00000000000003]
[89.44162436548223, 91.97969543147208, 95.43147208121827, 98.2741116751269, 98.4771573604061, 98.68020304568529, 98.88324873096448, 99.08629441624367, 99.28934010152287, 100.00000000000003]
[89.44162436548223, 91.97969543147208, 95.43147208121827, 98.2741116751269, 98.4771573604061, 98.68020304568529, 98.88324873096448, 99.08629441624367, 99.28934010152287, 100.00000000000003]
[89.44162436548223, 91.97969543147208, 95.43147208121827, 98.2741116751269, 98.4771573604061, 98.68020304568529, 98.88324873096448, 99.08629441624367, 99.28934010152287, 100.00000000000003]
[89.44162436548223, 91.97969543147208, 95.43147208121827, 98.2741116751269, 98.4771573604061, 98.68020304568529, 98.88324873096448, 99.08629441624367, 99.28934010152287, 100.00000000000003]
[89.44162436548223, 91.97969543147208, 95.43147208121827, 98.2741116751269, 98.4771573604061, 98.68020304568529, 98.88324873096448, 99.08629441624367, 99.28934010152287, 100.00000000000003]
[89.44162436548223, 91.97969543147208, 95.43147208121827, 98.2741116751269, 98.4771573604061, 98.68020304568529, 98.88324873096448, 99.08629441624367, 99.28934010152287, 100.00000000000003]
[89.44162436548223, 91.97969543147208, 95.43147208121827, 98.2741116751269, 98.4771573604061, 98.68020304568529, 98.88324873096448, 99.08629441624367, 99.28934010152287, 100.00000000000003]
[89.44162436548223, 91.97969543147208, 95.43147208121827, 98.2741116751269, 98.4771573604061, 98.68020304568529, 98.88324873096448, 99.08629441624367, 99.28934010152287, 100.00000000000003]
[89.44162436548223, 91.97969543147208, 95.43147208121827, 98.2741116751269, 98.4771573604061, 98.68020304568529, 98.88324873096448, 99.08629441624367, 99.28934010152287, 100.00000000000003]
[89.44162436548223, 91.97969543147208, 95.43147208121827, 98.2741116751269, 98.4771573604061, 98.68020304568529, 98.88324873096448, 99.08629441624367, 99.28934010152287, 100.00000000000003]
[89.44162436548223, 91.97969543147208, 95.43147208121827, 98.2741116751269, 98.4771573604061, 98.68020304568529, 98.88324873096448, 99.08629441624367, 99.28934010152287, 100.00000000000003]
[89.44162436548223, 91.97969543147208, 95.43147208121827, 98.2741116751269, 98.4771573604061, 98.68020304568529, 98.88324873096448, 99.08629441624367, 99.28934010152287, 100.00000000000003]
[89.44162436548223, 91.97969543147208, 95.43147208121827, 98.2741116751269, 98.4771573604061, 98.68020304568529, 98.88324873096448, 99.08629441624367, 99.28934010152287, 100.00000000000003]
[89.44162436548223, 91.97969543147208, 95.43147208121827, 98.2741116751269, 98.4771573604061, 98.68020304568529, 98.88324873096448, 99.08629441624367, 99.28934010152287, 100.00000000000003]
[89.44162436548223, 91.97969543147208, 95.43147208121827, 98.2741116751269, 98.4771573604061, 98.68020304568529, 98.88324873096448, 99.08629441624367, 99.28934010152287, 100.00000000000003]
[89.44162436548223, 91.97969543147208, 95.43147208121827, 98.2741116751269, 98.4771573604061, 98.68020304568529, 98.88324873096448, 99.08629441624367, 99.28934010152287, 100.00000000000003]
[89.44162436548223, 91.97969543147208, 95.43147208121827, 98.2741116751269, 98.4771573604061, 98.68020304568529, 98.88324873096448, 99.08629441624367, 99.28934010152287, 100.00000000000003]
[89.44162436548223, 91.97969543147208, 95.43147208121827, 98.2741116751269, 98.4771573604061, 98.68020304568529, 98.88324873096448, 99.08629441624367, 99.28934010152287, 100.00000000000003]
[89.44162436548223, 91.97969543147208, 95.43147208121827, 98.2741116751269, 98.4771573604061, 98.68020304568529, 98.88324873096448, 99.08629441624367, 99.28934010152287, 100.00000000000003]
[89.44162436548223, 91.97969543147208, 95.43147208121827, 98.2741116751269, 98.4771573604061, 98.68020304568529, 98.88324873096448, 99.08629441624367, 99.28934010152287, 100.00000000000003]
[84.77157360406092, 93.2994923857868, 95.43147208121827, 98.3756345177665, 98.68020304568527, 98.88324873096447, 99.08629441624366, 100.0]
[84.77157360406092, 93.2994923857868, 95.43147208121827, 98.3756345177665, 98.68020304568527, 98.88324873096447, 99.08629441624366, 100.0]
[84.77157360406092, 93.2994923857868, 95.43147208121827, 98.3756345177665, 98.68020304568527, 98.88324873096447, 99.08629441624366, 100.0]
[84.77157360406092, 93.2994923857868, 95.43147208121827, 98.3756345177665, 98.68020304568527, 98.88324873096447, 99.08629441624366, 100.0]
[84.77157360406092, 93.2994923857868, 95.43147208121827, 98.3756345177665, 98.68020304568527, 98.88324873096447, 99.08629441624366, 100.0]
[84.77157360406092, 93.2994923857868, 95.43147208121827, 98.3756345177665, 98.68020304568527, 98.88324873096447, 99.08629441624366, 100.0]
[84.77157360406092, 93.2994923857868, 95.43147208121827, 98.3756345177665, 98.68020304568527, 98.88324873096447, 99.08629441624366, 100.0]
[84.77157360406092, 93.2994923857868, 95.43147208121827, 98.3756345177665, 98.68020304568527, 98.88324873096447, 99.08629441624366, 100.0]
[84.77157360406092, 93.2994923857868, 95.43147208121827, 98.3756345177665, 98.68020304568527, 98.88324873096447, 99.08629441624366, 100.0]
[84.77157360406092, 93.2994923857868, 95.43147208121827, 98.3756345177665, 98.68020304568527, 98.88324873096447, 99.08629441624366, 100.0]
[84.77157360406092, 93.2994923857868, 95.43147208121827, 98.3756345177665, 98.68020304568527, 98.88324873096447, 99.08629441624366, 100.0]
[84.77157360406092, 93.2994923857868, 95.43147208121827, 98.3756345177665, 98.68020304568527, 98.88324873096447, 99.08629441624366, 100.0]
[84.77157360406092, 93.2994923857868, 95.43147208121827, 98.3756345177665, 98.68020304568527, 98.88324873096447, 99.08629441624366, 100.0]
[84.77157360406092, 93.2994923857868, 95.43147208121827, 98.3756345177665, 98.68020304568527, 98.88324873096447, 99.08629441624366, 100.0]
[84.77157360406092, 93.2994923857868, 95.43147208121827, 98.3756345177665, 98.68020304568527, 98.88324873096447, 99.08629441624366, 100.0]
[84.77157360406092, 93.2994923857868, 95.43147208121827, 98.3756345177665, 98.68020304568527, 98.88324873096447, 99.08629441624366, 100.0]
[84.77157360406092, 93.2994923857868, 95.43147208121827, 98.3756345177665, 98.68020304568527, 98.88324873096447, 99.08629441624366, 100.0]
[84.77157360406092, 93.2994923857868, 95.43147208121827, 98.3756345177665, 98.68020304568527, 98.88324873096447, 99.08629441624366, 100.0]
[84.77157360406092, 93.2994923857868, 95.43147208121827, 98.3756345177665, 98.68020304568527, 98.88324873096447, 99.08629441624366, 100.0]
[84.77157360406092, 93.2994923857868, 95.43147208121827, 98.3756345177665, 98.68020304568527, 98.88324873096447, 99.08629441624366, 100.0]
[84.77157360406092, 93.2994923857868, 95.43147208121827, 98.3756345177665, 98.68020304568527, 98.88324873096447, 99.08629441624366, 100.0]
[84.77157360406092, 93.2994923857868, 95.43147208121827, 98.3756345177665, 98.68020304568527, 98.88324873096447, 99.08629441624366, 100.0]
[84.77157360406092, 93.2994923857868, 95.43147208121827, 98.3756345177665, 98.68020304568527, 98.88324873096447, 99.08629441624366, 100.0]
[84.77157360406092, 93.2994923857868, 95.43147208121827, 98.3756345177665, 98.68020304568527, 98.88324873096447, 99.08629441624366, 100.0]
[84.77157360406092, 93.2994923857868, 95.43147208121827, 98.3756345177665, 98.68020304568527, 98.88324873096447, 99.08629441624366, 100.0]
[84.77157360406092, 93.2994923857868, 95.43147208121827, 98.3756345177665, 98.68020304568527, 98.88324873096447, 99.08629441624366, 100.0]
[84.77157360406092, 93.2994923857868, 95.43147208121827, 98.3756345177665, 98.68020304568527, 98.88324873096447, 99.08629441624366, 100.0]
[84.77157360406092, 93.2994923857868, 95.43147208121827, 98.3756345177665, 98.68020304568527, 98.88324873096447, 99.08629441624366, 100.0]
[84.77157360406092, 93.2994923857868, 95.43147208121827, 98.3756345177665, 98.68020304568527, 98.88324873096447, 99.08629441624366, 100.0]
[84.77157360406092, 93.2994923857868, 95.43147208121827, 98.3756345177665, 98.68020304568527, 98.88324873096447, 99.08629441624366, 100.0]
[84.77157360406092, 93.2994923857868, 95.43147208121827, 98.3756345177665, 98.68020304568527, 98.88324873096447, 99.08629441624366, 100.0]
[84.77157360406092, 93.2994923857868, 95.43147208121827, 98.3756345177665, 98.68020304568527, 98.88324873096447, 99.08629441624366, 100.0]
[84.77157360406092, 93.2994923857868, 95.43147208121827, 98.3756345177665, 98.68020304568527, 98.88324873096447, 99.08629441624366, 100.0]
[93.90862944162437, 95.83756345177666, 96.24365482233503, 96.6497461928934, 97.05583756345177, 97.46192893401015, 97.86802030456852, 98.27411167512689, 99.28934010152282, 99.99999999999999]
[93.90862944162437, 95.83756345177666, 96.24365482233503, 96.6497461928934, 97.05583756345177, 97.46192893401015, 97.86802030456852, 98.27411167512689, 99.28934010152282, 99.99999999999999]
[93.90862944162437, 95.83756345177666, 96.24365482233503, 96.6497461928934, 97.05583756345177, 97.46192893401015, 97.86802030456852, 98.27411167512689, 99.28934010152282, 99.99999999999999]
[93.90862944162437, 95.83756345177666, 96.24365482233503, 96.6497461928934, 97.05583756345177, 97.46192893401015, 97.86802030456852, 98.27411167512689, 99.28934010152282, 99.99999999999999]
[93.90862944162437, 95.83756345177666, 96.24365482233503, 96.6497461928934, 97.05583756345177, 97.46192893401015, 97.86802030456852, 98.27411167512689, 99.28934010152282, 99.99999999999999]
[93.90862944162437, 95.83756345177666, 96.24365482233503, 96.6497461928934, 97.05583756345177, 97.46192893401015, 97.86802030456852, 98.27411167512689, 99.28934010152282, 99.99999999999999]
[93.90862944162437, 95.83756345177666, 96.24365482233503, 96.6497461928934, 97.05583756345177, 97.46192893401015, 97.86802030456852, 98.27411167512689, 99.28934010152282, 99.99999999999999]
[93.90862944162437, 95.83756345177666, 96.24365482233503, 96.6497461928934, 97.05583756345177, 97.46192893401015, 97.86802030456852, 98.27411167512689, 99.28934010152282, 99.99999999999999]
[93.90862944162437, 95.83756345177666, 96.24365482233503, 96.6497461928934, 97.05583756345177, 97.46192893401015, 97.86802030456852, 98.27411167512689, 99.28934010152282, 99.99999999999999]
[93.90862944162437, 95.83756345177666, 96.24365482233503, 96.6497461928934, 97.05583756345177, 97.46192893401015, 97.86802030456852, 98.27411167512689, 99.28934010152282, 99.99999999999999]
[93.90862944162437, 95.83756345177666, 96.24365482233503, 96.6497461928934, 97.05583756345177, 97.46192893401015, 97.86802030456852, 98.27411167512689, 99.28934010152282, 99.99999999999999]
[93.90862944162437, 95.83756345177666, 96.24365482233503, 96.6497461928934, 97.05583756345177, 97.46192893401015, 97.86802030456852, 98.27411167512689, 99.28934010152282, 99.99999999999999]
[93.90862944162437, 95.83756345177666, 96.24365482233503, 96.6497461928934, 97.05583756345177, 97.46192893401015, 97.86802030456852, 98.27411167512689, 99.28934010152282, 99.99999999999999]
[93.90862944162437, 95.83756345177666, 96.24365482233503, 96.6497461928934, 97.05583756345177, 97.46192893401015, 97.86802030456852, 98.27411167512689, 99.28934010152282, 99.99999999999999]
[93.90862944162437, 95.83756345177666, 96.24365482233503, 96.6497461928934, 97.05583756345177, 97.46192893401015, 97.86802030456852, 98.27411167512689, 99.28934010152282, 99.99999999999999]
[93.90862944162437, 95.83756345177666, 96.24365482233503, 96.6497461928934, 97.05583756345177, 97.46192893401015, 97.86802030456852, 98.27411167512689, 99.28934010152282, 99.99999999999999]
[93.90862944162437, 95.83756345177666, 96.24365482233503, 96.6497461928934, 97.05583756345177, 97.46192893401015, 97.86802030456852, 98.27411167512689, 99.28934010152282, 99.99999999999999]
[93.90862944162437, 95.83756345177666, 96.24365482233503, 96.6497461928934, 97.05583756345177, 97.46192893401015, 97.86802030456852, 98.27411167512689, 99.28934010152282, 99.99999999999999]
[93.90862944162437, 95.83756345177666, 96.24365482233503, 96.6497461928934, 97.05583756345177, 97.46192893401015, 97.86802030456852, 98.27411167512689, 99.28934010152282, 99.99999999999999]
[93.90862944162437, 95.83756345177666, 96.24365482233503, 96.6497461928934, 97.05583756345177, 97.46192893401015, 97.86802030456852, 98.27411167512689, 99.28934010152282, 99.99999999999999]
[93.90862944162437, 95.83756345177666, 96.24365482233503, 96.6497461928934, 97.05583756345177, 97.46192893401015, 97.86802030456852, 98.27411167512689, 99.28934010152282, 99.99999999999999]
[93.90862944162437, 95.83756345177666, 96.24365482233503, 96.6497461928934, 97.05583756345177, 97.46192893401015, 97.86802030456852, 98.27411167512689, 99.28934010152282, 99.99999999999999]
[93.90862944162437, 95.83756345177666, 96.24365482233503, 96.6497461928934, 97.05583756345177, 97.46192893401015, 97.86802030456852, 98.27411167512689, 99.28934010152282, 99.99999999999999]
[93.90862944162437, 95.83756345177666, 96.24365482233503, 96.6497461928934, 97.05583756345177, 97.46192893401015, 97.86802030456852, 98.27411167512689, 99.28934010152282, 99.99999999999999]
[93.90862944162437, 95.83756345177666, 96.24365482233503, 96.6497461928934, 97.05583756345177, 97.46192893401015, 97.86802030456852, 98.27411167512689, 99.28934010152282, 99.99999999999999]
[93.90862944162437, 95.83756345177666, 96.24365482233503, 96.6497461928934, 97.05583756345177, 97.46192893401015, 97.86802030456852, 98.27411167512689, 99.28934010152282, 99.99999999999999]
[93.90862944162437, 95.83756345177666, 96.24365482233503, 96.6497461928934, 97.05583756345177, 97.46192893401015, 97.86802030456852, 98.27411167512689, 99.28934010152282, 99.99999999999999]
[93.90862944162437, 95.83756345177666, 96.24365482233503, 96.6497461928934, 97.05583756345177, 97.46192893401015, 97.86802030456852, 98.27411167512689, 99.28934010152282, 99.99999999999999]
[93.90862944162437, 95.83756345177666, 96.24365482233503, 96.6497461928934, 97.05583756345177, 97.46192893401015, 97.86802030456852, 98.27411167512689, 99.28934010152282, 99.99999999999999]
[93.90862944162437, 95.83756345177666, 96.24365482233503, 96.6497461928934, 97.05583756345177, 97.46192893401015, 97.86802030456852, 98.27411167512689, 99.28934010152282, 99.99999999999999]
[93.90862944162437, 95.83756345177666, 96.24365482233503, 96.6497461928934, 97.05583756345177, 97.46192893401015, 97.86802030456852, 98.27411167512689, 99.28934010152282, 99.99999999999999]
[93.90862944162437, 95.83756345177666, 96.24365482233503, 96.6497461928934, 97.05583756345177, 97.46192893401015, 97.86802030456852, 98.27411167512689, 99.28934010152282, 99.99999999999999]
[93.90862944162437, 95.83756345177666, 96.24365482233503, 96.6497461928934, 97.05583756345177, 97.46192893401015, 97.86802030456852, 98.27411167512689, 99.28934010152282, 99.99999999999999]
[93.90862944162437, 95.83756345177666, 96.24365482233503, 96.6497461928934, 97.05583756345177, 97.46192893401015, 97.86802030456852, 98.27411167512689, 99.28934010152282, 99.99999999999999]
[93.90862944162437, 95.83756345177666, 96.24365482233503, 96.6497461928934, 97.05583756345177, 97.46192893401015, 97.86802030456852, 98.27411167512689, 99.28934010152282, 99.99999999999999]
[93.90862944162437, 95.83756345177666, 96.24365482233503, 96.6497461928934, 97.05583756345177, 97.46192893401015, 97.86802030456852, 98.27411167512689, 99.28934010152282, 99.99999999999999]
[93.90862944162437, 95.83756345177666, 96.24365482233503, 96.6497461928934, 97.05583756345177, 97.46192893401015, 97.86802030456852, 98.27411167512689, 99.28934010152282, 99.99999999999999]
[93.90862944162437, 95.83756345177666, 96.24365482233503, 96.6497461928934, 97.05583756345177, 97.46192893401015, 97.86802030456852, 98.27411167512689, 99.28934010152282, 99.99999999999999]
[93.90862944162437, 95.83756345177666, 96.24365482233503, 96.6497461928934, 97.05583756345177, 97.46192893401015, 97.86802030456852, 98.27411167512689, 99.28934010152282, 99.99999999999999]
[93.90862944162437, 95.83756345177666, 96.24365482233503, 96.6497461928934, 97.05583756345177, 97.46192893401015, 97.86802030456852, 98.27411167512689, 99.28934010152282, 99.99999999999999]
[90.76142131979695, 93.09644670050761, 93.90862944162437, 95.83756345177666, 97.46192893401016, 97.86802030456853, 99.08629441624366, 100.0]
[90.76142131979695, 93.09644670050761, 93.90862944162437, 95.83756345177666, 97.46192893401016, 97.86802030456853, 99.08629441624366, 100.0]
[90.76142131979695, 93.09644670050761, 93.90862944162437, 95.83756345177666, 97.46192893401016, 97.86802030456853, 99.08629441624366, 100.0]
[90.76142131979695, 93.09644670050761, 93.90862944162437, 95.83756345177666, 97.46192893401016, 97.86802030456853, 99.08629441624366, 100.0]
[90.76142131979695, 93.09644670050761, 93.90862944162437, 95.83756345177666, 97.46192893401016, 97.86802030456853, 99.08629441624366, 100.0]
[90.76142131979695, 93.09644670050761, 93.90862944162437, 95.83756345177666, 97.46192893401016, 97.86802030456853, 99.08629441624366, 100.0]
[90.76142131979695, 93.09644670050761, 93.90862944162437, 95.83756345177666, 97.46192893401016, 97.86802030456853, 99.08629441624366, 100.0]
[90.76142131979695, 93.09644670050761, 93.90862944162437, 95.83756345177666, 97.46192893401016, 97.86802030456853, 99.08629441624366, 100.0]
[90.76142131979695, 93.09644670050761, 93.90862944162437, 95.83756345177666, 97.46192893401016, 97.86802030456853, 99.08629441624366, 100.0]
[90.76142131979695, 93.09644670050761, 93.90862944162437, 95.83756345177666, 97.46192893401016, 97.86802030456853, 99.08629441624366, 100.0]
[90.76142131979695, 93.09644670050761, 93.90862944162437, 95.83756345177666, 97.46192893401016, 97.86802030456853, 99.08629441624366, 100.0]
[90.76142131979695, 93.09644670050761, 93.90862944162437, 95.83756345177666, 97.46192893401016, 97.86802030456853, 99.08629441624366, 100.0]
[90.76142131979695, 93.09644670050761, 93.90862944162437, 95.83756345177666, 97.46192893401016, 97.86802030456853, 99.08629441624366, 100.0]
[90.76142131979695, 93.09644670050761, 93.90862944162437, 95.83756345177666, 97.46192893401016, 97.86802030456853, 99.08629441624366, 100.0]
[90.76142131979695, 93.09644670050761, 93.90862944162437, 95.83756345177666, 97.46192893401016, 97.86802030456853, 99.08629441624366, 100.0]
[90.76142131979695, 93.09644670050761, 93.90862944162437, 95.83756345177666, 97.46192893401016, 97.86802030456853, 99.08629441624366, 100.0]
[90.76142131979695, 93.09644670050761, 93.90862944162437, 95.83756345177666, 97.46192893401016, 97.86802030456853, 99.08629441624366, 100.0]
[90.76142131979695, 93.09644670050761, 93.90862944162437, 95.83756345177666, 97.46192893401016, 97.86802030456853, 99.08629441624366, 100.0]
[90.76142131979695, 93.09644670050761, 93.90862944162437, 95.83756345177666, 97.46192893401016, 97.86802030456853, 99.08629441624366, 100.0]
[90.76142131979695, 93.09644670050761, 93.90862944162437, 95.83756345177666, 97.46192893401016, 97.86802030456853, 99.08629441624366, 100.0]
[90.76142131979695, 93.09644670050761, 93.90862944162437, 95.83756345177666, 97.46192893401016, 97.86802030456853, 99.08629441624366, 100.0]
[90.76142131979695, 93.09644670050761, 93.90862944162437, 95.83756345177666, 97.46192893401016, 97.86802030456853, 99.08629441624366, 100.0]
[90.76142131979695, 93.09644670050761, 93.90862944162437, 95.83756345177666, 97.46192893401016, 97.86802030456853, 99.08629441624366, 100.0]
[90.76142131979695, 93.09644670050761, 93.90862944162437, 95.83756345177666, 97.46192893401016, 97.86802030456853, 99.08629441624366, 100.0]
[90.76142131979695, 93.09644670050761, 93.90862944162437, 95.83756345177666, 97.46192893401016, 97.86802030456853, 99.08629441624366, 100.0]
[90.76142131979695, 93.09644670050761, 93.90862944162437, 95.83756345177666, 97.46192893401016, 97.86802030456853, 99.08629441624366, 100.0]
[90.76142131979695, 93.09644670050761, 93.90862944162437, 95.83756345177666, 97.46192893401016, 97.86802030456853, 99.08629441624366, 100.0]
[90.76142131979695, 93.09644670050761, 93.90862944162437, 95.83756345177666, 97.46192893401016, 97.86802030456853, 99.08629441624366, 100.0]
[90.76142131979695, 93.09644670050761, 93.90862944162437, 95.83756345177666, 97.46192893401016, 97.86802030456853, 99.08629441624366, 100.0]
[90.76142131979695, 93.09644670050761, 93.90862944162437, 95.83756345177666, 97.46192893401016, 97.86802030456853, 99.08629441624366, 100.0]
[90.76142131979695, 93.09644670050761, 93.90862944162437, 95.83756345177666, 97.46192893401016, 97.86802030456853, 99.08629441624366, 100.0]
[90.76142131979695, 93.09644670050761, 93.90862944162437, 95.83756345177666, 97.46192893401016, 97.86802030456853, 99.08629441624366, 100.0]
[90.76142131979695, 93.09644670050761, 93.90862944162437, 95.83756345177666, 97.46192893401016, 97.86802030456853, 99.08629441624366, 100.0]
[90.76142131979695, 93.09644670050761, 93.90862944162437, 95.83756345177666, 97.46192893401016, 97.86802030456853, 99.08629441624366, 100.0]
[90.76142131979695, 93.09644670050761, 93.90862944162437, 95.83756345177666, 97.46192893401016, 97.86802030456853, 99.08629441624366, 100.0]
[90.76142131979695, 93.09644670050761, 93.90862944162437, 95.83756345177666, 97.46192893401016, 97.86802030456853, 99.08629441624366, 100.0]
[90.76142131979695, 93.09644670050761, 93.90862944162437, 95.83756345177666, 97.46192893401016, 97.86802030456853, 99.08629441624366, 100.0]
[90.76142131979695, 93.09644670050761, 93.90862944162437, 95.83756345177666, 97.46192893401016, 97.86802030456853, 99.08629441624366, 100.0]
[90.76142131979695, 93.09644670050761, 93.90862944162437, 95.83756345177666, 97.46192893401016, 97.86802030456853, 99.08629441624366, 100.0]
[90.76142131979695, 93.09644670050761, 93.90862944162437, 95.83756345177666, 97.46192893401016, 97.86802030456853, 99.08629441624366, 100.0]
[92.48730964467005, 93.2994923857868, 95.32994923857868, 97.05583756345177, 97.46192893401015, 98.78172588832487, 98.98477157360406, 99.18781725888326, 100.00000000000001]
[92.48730964467005, 93.2994923857868, 95.32994923857868, 97.05583756345177, 97.46192893401015, 98.78172588832487, 98.98477157360406, 99.18781725888326, 100.00000000000001]
[92.48730964467005, 93.2994923857868, 95.32994923857868, 97.05583756345177, 97.46192893401015, 98.78172588832487, 98.98477157360406, 99.18781725888326, 100.00000000000001]
[92.48730964467005, 93.2994923857868, 95.32994923857868, 97.05583756345177, 97.46192893401015, 98.78172588832487, 98.98477157360406, 99.18781725888326, 100.00000000000001]
[92.48730964467005, 93.2994923857868, 95.32994923857868, 97.05583756345177, 97.46192893401015, 98.78172588832487, 98.98477157360406, 99.18781725888326, 100.00000000000001]
[92.48730964467005, 93.2994923857868, 95.32994923857868, 97.05583756345177, 97.46192893401015, 98.78172588832487, 98.98477157360406, 99.18781725888326, 100.00000000000001]
[92.48730964467005, 93.2994923857868, 95.32994923857868, 97.05583756345177, 97.46192893401015, 98.78172588832487, 98.98477157360406, 99.18781725888326, 100.00000000000001]
[92.48730964467005, 93.2994923857868, 95.32994923857868, 97.05583756345177, 97.46192893401015, 98.78172588832487, 98.98477157360406, 99.18781725888326, 100.00000000000001]
[92.48730964467005, 93.2994923857868, 95.32994923857868, 97.05583756345177, 97.46192893401015, 98.78172588832487, 98.98477157360406, 99.18781725888326, 100.00000000000001]
[92.48730964467005, 93.2994923857868, 95.32994923857868, 97.05583756345177, 97.46192893401015, 98.78172588832487, 98.98477157360406, 99.18781725888326, 100.00000000000001]
[92.48730964467005, 93.2994923857868, 95.32994923857868, 97.05583756345177, 97.46192893401015, 98.78172588832487, 98.98477157360406, 99.18781725888326, 100.00000000000001]
[92.48730964467005, 93.2994923857868, 95.32994923857868, 97.05583756345177, 97.46192893401015, 98.78172588832487, 98.98477157360406, 99.18781725888326, 100.00000000000001]
[92.48730964467005, 93.2994923857868, 95.32994923857868, 97.05583756345177, 97.46192893401015, 98.78172588832487, 98.98477157360406, 99.18781725888326, 100.00000000000001]
[92.48730964467005, 93.2994923857868, 95.32994923857868, 97.05583756345177, 97.46192893401015, 98.78172588832487, 98.98477157360406, 99.18781725888326, 100.00000000000001]
[92.48730964467005, 93.2994923857868, 95.32994923857868, 97.05583756345177, 97.46192893401015, 98.78172588832487, 98.98477157360406, 99.18781725888326, 100.00000000000001]
[92.48730964467005, 93.2994923857868, 95.32994923857868, 97.05583756345177, 97.46192893401015, 98.78172588832487, 98.98477157360406, 99.18781725888326, 100.00000000000001]
[92.48730964467005, 93.2994923857868, 95.32994923857868, 97.05583756345177, 97.46192893401015, 98.78172588832487, 98.98477157360406, 99.18781725888326, 100.00000000000001]
[92.48730964467005, 93.2994923857868, 95.32994923857868, 97.05583756345177, 97.46192893401015, 98.78172588832487, 98.98477157360406, 99.18781725888326, 100.00000000000001]
[92.48730964467005, 93.2994923857868, 95.32994923857868, 97.05583756345177, 97.46192893401015, 98.78172588832487, 98.98477157360406, 99.18781725888326, 100.00000000000001]
[92.48730964467005, 93.2994923857868, 95.32994923857868, 97.05583756345177, 97.46192893401015, 98.78172588832487, 98.98477157360406, 99.18781725888326, 100.00000000000001]
[92.48730964467005, 93.2994923857868, 95.32994923857868, 97.05583756345177, 97.46192893401015, 98.78172588832487, 98.98477157360406, 99.18781725888326, 100.00000000000001]
[92.48730964467005, 93.2994923857868, 95.32994923857868, 97.05583756345177, 97.46192893401015, 98.78172588832487, 98.98477157360406, 99.18781725888326, 100.00000000000001]
[92.48730964467005, 93.2994923857868, 95.32994923857868, 97.05583756345177, 97.46192893401015, 98.78172588832487, 98.98477157360406, 99.18781725888326, 100.00000000000001]
[92.48730964467005, 93.2994923857868, 95.32994923857868, 97.05583756345177, 97.46192893401015, 98.78172588832487, 98.98477157360406, 99.18781725888326, 100.00000000000001]
[92.48730964467005, 93.2994923857868, 95.32994923857868, 97.05583756345177, 97.46192893401015, 98.78172588832487, 98.98477157360406, 99.18781725888326, 100.00000000000001]
[92.48730964467005, 93.2994923857868, 95.32994923857868, 97.05583756345177, 97.46192893401015, 98.78172588832487, 98.98477157360406, 99.18781725888326, 100.00000000000001]
[92.48730964467005, 93.2994923857868, 95.32994923857868, 97.05583756345177, 97.46192893401015, 98.78172588832487, 98.98477157360406, 99.18781725888326, 100.00000000000001]
[92.48730964467005, 93.2994923857868, 95.32994923857868, 97.05583756345177, 97.46192893401015, 98.78172588832487, 98.98477157360406, 99.18781725888326, 100.00000000000001]
[92.48730964467005, 93.2994923857868, 95.32994923857868, 97.05583756345177, 97.46192893401015, 98.78172588832487, 98.98477157360406, 99.18781725888326, 100.00000000000001]
[92.48730964467005, 93.2994923857868, 95.32994923857868, 97.05583756345177, 97.46192893401015, 98.78172588832487, 98.98477157360406, 99.18781725888326, 100.00000000000001]
[92.48730964467005, 93.2994923857868, 95.32994923857868, 97.05583756345177, 97.46192893401015, 98.78172588832487, 98.98477157360406, 99.18781725888326, 100.00000000000001]
[92.48730964467005, 93.2994923857868, 95.32994923857868, 97.05583756345177, 97.46192893401015, 98.78172588832487, 98.98477157360406, 99.18781725888326, 100.00000000000001]
[92.48730964467005, 93.2994923857868, 95.32994923857868, 97.05583756345177, 97.46192893401015, 98.78172588832487, 98.98477157360406, 99.18781725888326, 100.00000000000001]
[92.48730964467005, 93.2994923857868, 95.32994923857868, 97.05583756345177, 97.46192893401015, 98.78172588832487, 98.98477157360406, 99.18781725888326, 100.00000000000001]
[92.48730964467005, 93.2994923857868, 95.32994923857868, 97.05583756345177, 97.46192893401015, 98.78172588832487, 98.98477157360406, 99.18781725888326, 100.00000000000001]
[92.48730964467005, 93.2994923857868, 95.32994923857868, 97.05583756345177, 97.46192893401015, 98.78172588832487, 98.98477157360406, 99.18781725888326, 100.00000000000001]
[92.48730964467005, 93.2994923857868, 95.32994923857868, 97.05583756345177, 97.46192893401015, 98.78172588832487, 98.98477157360406, 99.18781725888326, 100.00000000000001]
[92.48730964467005, 93.2994923857868, 95.32994923857868, 97.05583756345177, 97.46192893401015, 98.78172588832487, 98.98477157360406, 99.18781725888326, 100.00000000000001]
[92.48730964467005, 93.2994923857868, 95.32994923857868, 97.05583756345177, 97.46192893401015, 98.78172588832487, 98.98477157360406, 99.18781725888326, 100.00000000000001]
[92.48730964467005, 93.2994923857868, 95.32994923857868, 97.05583756345177, 97.46192893401015, 98.78172588832487, 98.98477157360406, 99.18781725888326, 100.00000000000001]
[92.48730964467005, 93.2994923857868, 95.32994923857868, 97.05583756345177, 97.46192893401015, 98.78172588832487, 98.98477157360406, 99.18781725888326, 100.00000000000001]
[92.48730964467005, 93.2994923857868, 95.32994923857868, 97.05583756345177, 97.46192893401015, 98.78172588832487, 98.98477157360406, 99.18781725888326, 100.00000000000001]
[92.48730964467005, 93.2994923857868, 95.32994923857868, 97.05583756345177, 97.46192893401015, 98.78172588832487, 98.98477157360406, 99.18781725888326, 100.00000000000001]
[89.64467005076142, 91.57360406091371, 94.11167512690356, 96.64974619289342, 97.05583756345179, 97.46192893401016, 97.86802030456853, 98.2741116751269, 99.28934010152284, 100.0]
[89.64467005076142, 91.57360406091371, 94.11167512690356, 96.64974619289342, 97.05583756345179, 97.46192893401016, 97.86802030456853, 98.2741116751269, 99.28934010152284, 100.0]
[89.64467005076142, 91.57360406091371, 94.11167512690356, 96.64974619289342, 97.05583756345179, 97.46192893401016, 97.86802030456853, 98.2741116751269, 99.28934010152284, 100.0]
[89.64467005076142, 91.57360406091371, 94.11167512690356, 96.64974619289342, 97.05583756345179, 97.46192893401016, 97.86802030456853, 98.2741116751269, 99.28934010152284, 100.0]
[89.64467005076142, 91.57360406091371, 94.11167512690356, 96.64974619289342, 97.05583756345179, 97.46192893401016, 97.86802030456853, 98.2741116751269, 99.28934010152284, 100.0]
[89.64467005076142, 91.57360406091371, 94.11167512690356, 96.64974619289342, 97.05583756345179, 97.46192893401016, 97.86802030456853, 98.2741116751269, 99.28934010152284, 100.0]
[89.64467005076142, 91.57360406091371, 94.11167512690356, 96.64974619289342, 97.05583756345179, 97.46192893401016, 97.86802030456853, 98.2741116751269, 99.28934010152284, 100.0]
[89.64467005076142, 91.57360406091371, 94.11167512690356, 96.64974619289342, 97.05583756345179, 97.46192893401016, 97.86802030456853, 98.2741116751269, 99.28934010152284, 100.0]
[89.64467005076142, 91.57360406091371, 94.11167512690356, 96.64974619289342, 97.05583756345179, 97.46192893401016, 97.86802030456853, 98.2741116751269, 99.28934010152284, 100.0]
[89.64467005076142, 91.57360406091371, 94.11167512690356, 96.64974619289342, 97.05583756345179, 97.46192893401016, 97.86802030456853, 98.2741116751269, 99.28934010152284, 100.0]
[89.64467005076142, 91.57360406091371, 94.11167512690356, 96.64974619289342, 97.05583756345179, 97.46192893401016, 97.86802030456853, 98.2741116751269, 99.28934010152284, 100.0]
[89.64467005076142, 91.57360406091371, 94.11167512690356, 96.64974619289342, 97.05583756345179, 97.46192893401016, 97.86802030456853, 98.2741116751269, 99.28934010152284, 100.0]
[89.64467005076142, 91.57360406091371, 94.11167512690356, 96.64974619289342, 97.05583756345179, 97.46192893401016, 97.86802030456853, 98.2741116751269, 99.28934010152284, 100.0]
[89.64467005076142, 91.57360406091371, 94.11167512690356, 96.64974619289342, 97.05583756345179, 97.46192893401016, 97.86802030456853, 98.2741116751269, 99.28934010152284, 100.0]
[89.64467005076142, 91.57360406091371, 94.11167512690356, 96.64974619289342, 97.05583756345179, 97.46192893401016, 97.86802030456853, 98.2741116751269, 99.28934010152284, 100.0]
[89.64467005076142, 91.57360406091371, 94.11167512690356, 96.64974619289342, 97.05583756345179, 97.46192893401016, 97.86802030456853, 98.2741116751269, 99.28934010152284, 100.0]
[89.64467005076142, 91.57360406091371, 94.11167512690356, 96.64974619289342, 97.05583756345179, 97.46192893401016, 97.86802030456853, 98.2741116751269, 99.28934010152284, 100.0]
[89.64467005076142, 91.57360406091371, 94.11167512690356, 96.64974619289342, 97.05583756345179, 97.46192893401016, 97.86802030456853, 98.2741116751269, 99.28934010152284, 100.0]
[89.64467005076142, 91.57360406091371, 94.11167512690356, 96.64974619289342, 97.05583756345179, 97.46192893401016, 97.86802030456853, 98.2741116751269, 99.28934010152284, 100.0]
[89.64467005076142, 91.57360406091371, 94.11167512690356, 96.64974619289342, 97.05583756345179, 97.46192893401016, 97.86802030456853, 98.2741116751269, 99.28934010152284, 100.0]
[89.64467005076142, 91.57360406091371, 94.11167512690356, 96.64974619289342, 97.05583756345179, 97.46192893401016, 97.86802030456853, 98.2741116751269, 99.28934010152284, 100.0]
[89.64467005076142, 91.57360406091371, 94.11167512690356, 96.64974619289342, 97.05583756345179, 97.46192893401016, 97.86802030456853, 98.2741116751269, 99.28934010152284, 100.0]
[89.64467005076142, 91.57360406091371, 94.11167512690356, 96.64974619289342, 97.05583756345179, 97.46192893401016, 97.86802030456853, 98.2741116751269, 99.28934010152284, 100.0]
[89.64467005076142, 91.57360406091371, 94.11167512690356, 96.64974619289342, 97.05583756345179, 97.46192893401016, 97.86802030456853, 98.2741116751269, 99.28934010152284, 100.0]
[89.64467005076142, 91.57360406091371, 94.11167512690356, 96.64974619289342, 97.05583756345179, 97.46192893401016, 97.86802030456853, 98.2741116751269, 99.28934010152284, 100.0]
[89.64467005076142, 91.57360406091371, 94.11167512690356, 96.64974619289342, 97.05583756345179, 97.46192893401016, 97.86802030456853, 98.2741116751269, 99.28934010152284, 100.0]
[89.64467005076142, 91.57360406091371, 94.11167512690356, 96.64974619289342, 97.05583756345179, 97.46192893401016, 97.86802030456853, 98.2741116751269, 99.28934010152284, 100.0]
[89.64467005076142, 91.57360406091371, 94.11167512690356, 96.64974619289342, 97.05583756345179, 97.46192893401016, 97.86802030456853, 98.2741116751269, 99.28934010152284, 100.0]
[89.64467005076142, 91.57360406091371, 94.11167512690356, 96.64974619289342, 97.05583756345179, 97.46192893401016, 97.86802030456853, 98.2741116751269, 99.28934010152284, 100.0]
[89.64467005076142, 91.57360406091371, 94.11167512690356, 96.64974619289342, 97.05583756345179, 97.46192893401016, 97.86802030456853, 98.2741116751269, 99.28934010152284, 100.0]
[89.64467005076142, 91.57360406091371, 94.11167512690356, 96.64974619289342, 97.05583756345179, 97.46192893401016, 97.86802030456853, 98.2741116751269, 99.28934010152284, 100.0]
[89.64467005076142, 91.57360406091371, 94.11167512690356, 96.64974619289342, 97.05583756345179, 97.46192893401016, 97.86802030456853, 98.2741116751269, 99.28934010152284, 100.0]
[89.64467005076142, 91.57360406091371, 94.11167512690356, 96.64974619289342, 97.05583756345179, 97.46192893401016, 97.86802030456853, 98.2741116751269, 99.28934010152284, 100.0]
[89.64467005076142, 91.57360406091371, 94.11167512690356, 96.64974619289342, 97.05583756345179, 97.46192893401016, 97.86802030456853, 98.2741116751269, 99.28934010152284, 100.0]
[89.64467005076142, 91.57360406091371, 94.11167512690356, 96.64974619289342, 97.05583756345179, 97.46192893401016, 97.86802030456853, 98.2741116751269, 99.28934010152284, 100.0]
[89.64467005076142, 91.57360406091371, 94.11167512690356, 96.64974619289342, 97.05583756345179, 97.46192893401016, 97.86802030456853, 98.2741116751269, 99.28934010152284, 100.0]
[89.64467005076142, 91.57360406091371, 94.11167512690356, 96.64974619289342, 97.05583756345179, 97.46192893401016, 97.86802030456853, 98.2741116751269, 99.28934010152284, 100.0]
[89.64467005076142, 91.57360406091371, 94.11167512690356, 96.64974619289342, 97.05583756345179, 97.46192893401016, 97.86802030456853, 98.2741116751269, 99.28934010152284, 100.0]
[89.64467005076142, 91.57360406091371, 94.11167512690356, 96.64974619289342, 97.05583756345179, 97.46192893401016, 97.86802030456853, 98.2741116751269, 99.28934010152284, 100.0]
[89.64467005076142, 91.57360406091371, 94.11167512690356, 96.64974619289342, 97.05583756345179, 97.46192893401016, 97.86802030456853, 98.2741116751269, 99.28934010152284, 100.0]
[89.64467005076142, 91.57360406091371, 94.11167512690356, 96.64974619289342, 97.05583756345179, 97.46192893401016, 97.86802030456853, 98.2741116751269, 99.28934010152284, 100.0]
[89.64467005076142, 91.57360406091371, 94.11167512690356, 96.64974619289342, 97.05583756345179, 97.46192893401016, 97.86802030456853, 98.2741116751269, 99.28934010152284, 100.0]
[90.86294416243655, 93.19796954314721, 96.44670050761421, 96.85279187817258, 97.25888324873095, 97.66497461928932, 98.0710659898477, 99.18781725888323, 99.99999999999999]
[90.86294416243655, 93.19796954314721, 96.44670050761421, 96.85279187817258, 97.25888324873095, 97.66497461928932, 98.0710659898477, 99.18781725888323, 99.99999999999999]
[90.86294416243655, 93.19796954314721, 96.44670050761421, 96.85279187817258, 97.25888324873095, 97.66497461928932, 98.0710659898477, 99.18781725888323, 99.99999999999999]
[90.86294416243655, 93.19796954314721, 96.44670050761421, 96.85279187817258, 97.25888324873095, 97.66497461928932, 98.0710659898477, 99.18781725888323, 99.99999999999999]
[90.86294416243655, 93.19796954314721, 96.44670050761421, 96.85279187817258, 97.25888324873095, 97.66497461928932, 98.0710659898477, 99.18781725888323, 99.99999999999999]
[90.86294416243655, 93.19796954314721, 96.44670050761421, 96.85279187817258, 97.25888324873095, 97.66497461928932, 98.0710659898477, 99.18781725888323, 99.99999999999999]
[90.86294416243655, 93.19796954314721, 96.44670050761421, 96.85279187817258, 97.25888324873095, 97.66497461928932, 98.0710659898477, 99.18781725888323, 99.99999999999999]
[90.86294416243655, 93.19796954314721, 96.44670050761421, 96.85279187817258, 97.25888324873095, 97.66497461928932, 98.0710659898477, 99.18781725888323, 99.99999999999999]
[90.86294416243655, 93.19796954314721, 96.44670050761421, 96.85279187817258, 97.25888324873095, 97.66497461928932, 98.0710659898477, 99.18781725888323, 99.99999999999999]
[90.86294416243655, 93.19796954314721, 96.44670050761421, 96.85279187817258, 97.25888324873095, 97.66497461928932, 98.0710659898477, 99.18781725888323, 99.99999999999999]
[90.86294416243655, 93.19796954314721, 96.44670050761421, 96.85279187817258, 97.25888324873095, 97.66497461928932, 98.0710659898477, 99.18781725888323, 99.99999999999999]
[90.86294416243655, 93.19796954314721, 96.44670050761421, 96.85279187817258, 97.25888324873095, 97.66497461928932, 98.0710659898477, 99.18781725888323, 99.99999999999999]
[90.86294416243655, 93.19796954314721, 96.44670050761421, 96.85279187817258, 97.25888324873095, 97.66497461928932, 98.0710659898477, 99.18781725888323, 99.99999999999999]
[90.86294416243655, 93.19796954314721, 96.44670050761421, 96.85279187817258, 97.25888324873095, 97.66497461928932, 98.0710659898477, 99.18781725888323, 99.99999999999999]
[90.86294416243655, 93.19796954314721, 96.44670050761421, 96.85279187817258, 97.25888324873095, 97.66497461928932, 98.0710659898477, 99.18781725888323, 99.99999999999999]
[90.86294416243655, 93.19796954314721, 96.44670050761421, 96.85279187817258, 97.25888324873095, 97.66497461928932, 98.0710659898477, 99.18781725888323, 99.99999999999999]
[90.86294416243655, 93.19796954314721, 96.44670050761421, 96.85279187817258, 97.25888324873095, 97.66497461928932, 98.0710659898477, 99.18781725888323, 99.99999999999999]
[90.86294416243655, 93.19796954314721, 96.44670050761421, 96.85279187817258, 97.25888324873095, 97.66497461928932, 98.0710659898477, 99.18781725888323, 99.99999999999999]
[90.86294416243655, 93.19796954314721, 96.44670050761421, 96.85279187817258, 97.25888324873095, 97.66497461928932, 98.0710659898477, 99.18781725888323, 99.99999999999999]
[90.86294416243655, 93.19796954314721, 96.44670050761421, 96.85279187817258, 97.25888324873095, 97.66497461928932, 98.0710659898477, 99.18781725888323, 99.99999999999999]
[90.86294416243655, 93.19796954314721, 96.44670050761421, 96.85279187817258, 97.25888324873095, 97.66497461928932, 98.0710659898477, 99.18781725888323, 99.99999999999999]
[90.86294416243655, 93.19796954314721, 96.44670050761421, 96.85279187817258, 97.25888324873095, 97.66497461928932, 98.0710659898477, 99.18781725888323, 99.99999999999999]
[90.86294416243655, 93.19796954314721, 96.44670050761421, 96.85279187817258, 97.25888324873095, 97.66497461928932, 98.0710659898477, 99.18781725888323, 99.99999999999999]
[90.86294416243655, 93.19796954314721, 96.44670050761421, 96.85279187817258, 97.25888324873095, 97.66497461928932, 98.0710659898477, 99.18781725888323, 99.99999999999999]
[90.86294416243655, 93.19796954314721, 96.44670050761421, 96.85279187817258, 97.25888324873095, 97.66497461928932, 98.0710659898477, 99.18781725888323, 99.99999999999999]
[90.86294416243655, 93.19796954314721, 96.44670050761421, 96.85279187817258, 97.25888324873095, 97.66497461928932, 98.0710659898477, 99.18781725888323, 99.99999999999999]
[90.86294416243655, 93.19796954314721, 96.44670050761421, 96.85279187817258, 97.25888324873095, 97.66497461928932, 98.0710659898477, 99.18781725888323, 99.99999999999999]
[90.86294416243655, 93.19796954314721, 96.44670050761421, 96.85279187817258, 97.25888324873095, 97.66497461928932, 98.0710659898477, 99.18781725888323, 99.99999999999999]
[90.86294416243655, 93.19796954314721, 96.44670050761421, 96.85279187817258, 97.25888324873095, 97.66497461928932, 98.0710659898477, 99.18781725888323, 99.99999999999999]
[90.86294416243655, 93.19796954314721, 96.44670050761421, 96.85279187817258, 97.25888324873095, 97.66497461928932, 98.0710659898477, 99.18781725888323, 99.99999999999999]
[90.86294416243655, 93.19796954314721, 96.44670050761421, 96.85279187817258, 97.25888324873095, 97.66497461928932, 98.0710659898477, 99.18781725888323, 99.99999999999999]
[90.86294416243655, 93.19796954314721, 96.44670050761421, 96.85279187817258, 97.25888324873095, 97.66497461928932, 98.0710659898477, 99.18781725888323, 99.99999999999999]
[90.86294416243655, 93.19796954314721, 96.44670050761421, 96.85279187817258, 97.25888324873095, 97.66497461928932, 98.0710659898477, 99.18781725888323, 99.99999999999999]
[90.86294416243655, 93.19796954314721, 96.44670050761421, 96.85279187817258, 97.25888324873095, 97.66497461928932, 98.0710659898477, 99.18781725888323, 99.99999999999999]
[90.86294416243655, 93.19796954314721, 96.44670050761421, 96.85279187817258, 97.25888324873095, 97.66497461928932, 98.0710659898477, 99.18781725888323, 99.99999999999999]
[90.86294416243655, 93.19796954314721, 96.44670050761421, 96.85279187817258, 97.25888324873095, 97.66497461928932, 98.0710659898477, 99.18781725888323, 99.99999999999999]
[90.86294416243655, 93.19796954314721, 96.44670050761421, 96.85279187817258, 97.25888324873095, 97.66497461928932, 98.0710659898477, 99.18781725888323, 99.99999999999999]
[90.86294416243655, 93.19796954314721, 96.44670050761421, 96.85279187817258, 97.25888324873095, 97.66497461928932, 98.0710659898477, 99.18781725888323, 99.99999999999999]
[90.86294416243655, 93.19796954314721, 96.44670050761421, 96.85279187817258, 97.25888324873095, 97.66497461928932, 98.0710659898477, 99.18781725888323, 99.99999999999999]
[90.86294416243655, 93.19796954314721, 96.44670050761421, 96.85279187817258, 97.25888324873095, 97.66497461928932, 98.0710659898477, 99.18781725888323, 99.99999999999999]
[90.86294416243655, 93.19796954314721, 96.44670050761421, 96.85279187817258, 97.25888324873095, 97.66497461928932, 98.0710659898477, 99.18781725888323, 99.99999999999999]
[90.86294416243655, 93.19796954314721, 96.44670050761421, 96.85279187817258, 97.25888324873095, 97.66497461928932, 98.0710659898477, 99.18781725888323, 99.99999999999999]
[90.86294416243655, 93.19796954314721, 96.44670050761421, 96.85279187817258, 97.25888324873095, 97.66497461928932, 98.0710659898477, 99.18781725888323, 99.99999999999999]
[90.86294416243655, 93.19796954314721, 96.44670050761421, 96.85279187817258, 97.25888324873095, 97.66497461928932, 98.0710659898477, 99.18781725888323, 99.99999999999999]
[90.86294416243655, 93.19796954314721, 96.44670050761421, 96.85279187817258, 97.25888324873095, 97.66497461928932, 98.0710659898477, 99.18781725888323, 99.99999999999999]
[90.86294416243655, 93.19796954314721, 96.44670050761421, 96.85279187817258, 97.25888324873095, 97.66497461928932, 98.0710659898477, 99.18781725888323, 99.99999999999999]
[90.86294416243655, 93.19796954314721, 96.44670050761421, 96.85279187817258, 97.25888324873095, 97.66497461928932, 98.0710659898477, 99.18781725888323, 99.99999999999999]
[90.86294416243655, 93.19796954314721, 96.44670050761421, 96.85279187817258, 97.25888324873095, 97.66497461928932, 98.0710659898477, 99.18781725888323, 99.99999999999999]
