0,25,[]
31,7,[]
44,9,[]
59,8,[]
73,10,[]
89,12,[]
107,11,[]
124,12,[]
142,12,[]
160,11,[]
177,11,[]
194,13,[2, 3, 4, 5, 6, 7, 8, 9, 10]
213,10,[]
229,10,[]
245,10,[]
261,11,[]
278,9,[]
293,10,[]
309,11,[]
326,10,[]
342,9,[]
357,11,[]
374,11,[]
391,10,[]
407,11,[]
424,10,[]
440,10,[]
456,10,[]
472,9,[]
487,9,[]
502,57,[]
584,8,[]
598,8,[]
612,10,[]
628,8,[]
642,10,[]
658,9,[2, 3, 4, 5, 6, 7, 8]
673,8,[]
687,9,[]
702,9,[]
717,7,[]
730,4,[]
740,4,[]
750,6,[]
762,5,[]
773,5,[]
784,5,[]
795,6,[]
807,6,[]
819,6,[]
831,7,[]
844,7,[]
857,6,[]
869,6,[]
881,6,[]
893,6,[]
905,5,[]
916,5,[]
927,5,[]
938,5,[]
949,33,[]
988,2,[]
996,3,[]
1005,5,[]
1016,5,[]
1027,5,[]
1038,4,[]
1048,4,[]
1058,6,[]
1070,5,[]
1081,5,[]
1092,4,[]
1102,4,[]
1112,5,[]
1123,5,[]
1134,5,[]
1145,5,[]
1156,4,[]
1166,5,[]
1177,4,[]
1187,4,[]
1197,4,[]
1207,5,[]
1218,4,[]
1228,6,[]
1240,6,[]
1252,6,[]
1264,6,[]
1276,6,[]
1288,9,[0, 1, 2, 3, 4, 5, 6]
1303,27,[]
1336,6,[]
1348,5,[]
1359,6,[]
1371,7,[]
1384,6,[]
1396,5,[]
1407,6,[]
1419,8,[]
1433,8,[]
1447,6,[]
1459,5,[]
1470,6,[]
1482,5,[]
1493,5,[]
1504,7,[]
1517,5,[]
1528,5,[]
1539,6,[]
1551,6,[]
1563,6,[]
1575,7,[]
1588,6,[]
1600,6,[]
1612,6,[]
1624,6,[]
1636,6,[]
1648,6,[]
1660,7,[]
1673,6,[]
1685,33,[]
1724,3,[]
1733,8,[]
1747,6,[]
1759,6,[]
1771,7,[]
1784,9,[]
1799,8,[]
1813,7,[]
1826,6,[]
1838,6,[]
1850,7,[]
1863,7,[]
1876,6,[]
1888,8,[]
1902,8,[]
1916,9,[]
1931,8,[]
1945,8,[1, 2, 3, 4, 5, 6, 7]
1959,7,[0, 1, 2, 3, 4, 5, 6]
1972,7,[]
1985,6,[]
1997,7,[]
2010,6,[]
2022,7,[]
2035,6,[]
2047,6,[]
2059,6,[]
2071,6,[]
2083,5,[]
2094,27,[]
2127,4,[]
2137,5,[]
2148,6,[]
2160,5,[]
2171,5,[]
2182,5,[]
2193,6,[]
2205,7,[]
2218,6,[]
2230,7,[]
2243,5,[]
2254,6,[]
2266,9,[]
2281,8,[]
2295,8,[0, 1, 2, 3, 4, 5, 6, 7]
2309,8,[]
2323,8,[]
2337,7,[]
2350,8,[]
2364,8,[]
2378,8,[]
2392,8,[]
2406,7,[]
2419,6,[]
2431,6,[]
2443,6,[]
2455,5,[]
2466,5,[]
2477,6,[]
2489,21,[]
2516,4,[]
2526,6,[]
2538,5,[]
2549,5,[]
2560,6,[]
2572,5,[]
2583,5,[]
2594,5,[]
2605,5,[]
2616,5,[]
2627,4,[]
2637,5,[]
2648,5,[]
2659,5,[]
2670,5,[]
2681,5,[]
2692,6,[]
2704,5,[]
2715,6,[]
2727,6,[]
2739,6,[]
2751,6,[]
2763,7,[]
2776,6,[]
2788,6,[]
2800,6,[]
2812,7,[]
2825,6,[]
2837,7,[]
2850,35,[]
2910,3,[]
2919,4,[]
2929,6,[]
2941,5,[]
2952,5,[]
2963,5,[]
2974,3,[]
2983,6,[]
2995,6,[]
3007,5,[]
3018,5,[]
3029,6,[]
3041,5,[]
3052,5,[]
3063,6,[]
3075,5,[]
3086,5,[]
3097,5,[]
3108,6,[]
3120,5,[]
3131,6,[]
3143,6,[]
3155,6,[]
3167,6,[]
3179,6,[]
3191,6,[]
3203,5,[]
3214,5,[]
3225,6,[]
3237,22,[]
3265,6,[]
3277,7,[]
3290,6,[]
3302,6,[]
3314,5,[]
3325,7,[]
3338,5,[]
3349,6,[]
3361,6,[]
3373,6,[]
3385,5,[]
3396,4,[]
3406,5,[]
3417,5,[]
3428,5,[]
3439,5,[]
3450,6,[]
3462,6,[]
3474,6,[]
3486,6,[]
3498,5,[]
3509,6,[]
3521,5,[]
3532,5,[]
3543,8,[]
3557,6,[]
3569,6,[]
3581,6,[]
3593,6,[]
3605,23,[]
3634,5,[]
3645,5,[]
3656,5,[]
3667,7,[]
3680,7,[]
3693,8,[]
3707,6,[]
3719,6,[]
3731,7,[]
3744,6,[]
3756,6,[]
3768,6,[]
3780,7,[]
3793,6,[]
3805,6,[]
3817,5,[]
3828,6,[]
3840,5,[]
3851,5,[]
3862,6,[]
3874,7,[]
3887,7,[]
3900,6,[]
3912,8,[]
3926,7,[]
3939,6,[]
3951,7,[]
3964,6,[]
3976,2,[]
0,15,[]
21,1,[]
28,4,[]
38,8,[]
52,8,[]
66,2,[]
74,2,[]
82,11,[]
99,1,[]
106,2,[]
114,2,[]
122,11,[]
139,2,[]
147,3,[]
156,8,[]
170,3,[]
179,8,[]
193,8,[]
207,6,[]
219,4,[]
229,13,[]
248,8,[]
262,2,[]
270,6,[]
282,6,[]
294,13,[]
313,2,[]
321,9,[]
336,7,[]
349,7,[]
362,52,[]
446,13,[]
465,6,[]
477,1,[]
484,7,[]
497,7,[]
510,2,[]
518,3,[]
527,2,[]
535,9,[]
550,6,[]
562,5,[]
573,5,[]
584,11,[]
601,7,[]
614,10,[0, 1, 2, 3, 4, 5, 6]
630,9,[]
645,8,[]
659,4,[]
669,4,[]
679,10,[]
695,6,[]
707,8,[]
721,7,[0, 1, 2, 3, 4, 5, 6]
734,6,[]
746,7,[]
759,11,[]
776,11,[]
793,6,[]
805,9,[]
820,46,[]
898,13,[]
917,3,[]
926,8,[]
940,13,[]
959,8,[]
973,5,[]
984,13,[]
1003,10,[]
1019,7,[]
1032,12,[]
1050,9,[]
1065,5,[]
1076,3,[]
1085,4,[]
1095,12,[0, 1, 2, 3, 4, 5, 6]
1113,9,[]
1128,4,[]
1138,7,[]
1151,10,[]
1167,5,[]
1178,13,[]
1197,11,[]
1214,5,[]
1225,9,[]
1240,13,[]
1259,10,[]
1275,6,[]
1287,12,[]
1305,5,[]
1316,48,[]
1396,1,[]
1403,9,[]
1418,8,[]
1432,6,[]
1444,6,[]
1456,7,[]
1469,16,[]
1491,3,[]
1500,10,[]
1516,10,[]
1532,7,[]
1545,6,[]
1557,11,[]
1574,10,[]
1590,7,[0, 1, 2, 3, 4, 5, 6]
1603,10,[]
1619,5,[]
1630,10,[]
1646,7,[]
1659,9,[]
1674,10,[]
1690,6,[]
1702,6,[]
1714,5,[]
1725,12,[]
1743,7,[0, 1, 2, 3, 4, 5, 6]
1756,6,[]
1768,11,[]
1785,5,[]
1796,43,[]
1871,6,[]
1883,8,[]
1897,5,[]
1908,9,[]
1923,8,[]
1937,7,[]
1950,7,[]
1963,9,[]
1978,10,[]
1994,7,[]
2007,4,[]
2017,4,[]
2027,9,[]
2042,7,[]
2055,7,[]
2068,11,[]
2085,5,[]
2096,6,[]
2108,11,[]
2125,8,[]
2139,6,[]
2151,10,[]
2167,9,[]
2182,5,[]
2193,8,[]
2207,9,[]
2222,9,[]
2237,6,[]
2249,7,[]
2262,41,[]
2335,9,[]
2350,1,[]
2357,5,[]
2368,7,[]
2381,9,[]
2396,5,[]
2407,5,[]
2418,9,[]
2433,6,[]
2445,9,[]
2460,7,[]
2473,5,[]
2484,7,[]
2497,9,[]
2512,10,[0, 1, 2, 3, 4, 5, 6, 7, 8, 9]
2528,8,[]
2542,6,[]
2554,9,[]
2569,11,[]
2586,6,[]
2598,6,[]
2610,9,[]
2625,5,[]
2636,7,[]
2649,10,[]
2665,9,[]
2680,5,[]
2691,8,[]
2705,8,[]
2719,37,[]
2788,1,[]
2795,5,[]
2806,6,[]
2818,5,[]
2829,6,[]
2841,6,[]
2853,9,[]
2868,5,[]
2879,6,[]
2891,7,[]
2904,6,[]
2916,5,[]
2927,8,[]
2941,6,[]
2953,5,[]
2964,9,[]
2979,8,[]
2993,5,[]
3004,6,[]
3016,10,[]
3032,7,[]
3045,6,[]
3057,7,[]
3070,8,[]
3084,13,[]
3103,4,[]
3113,5,[]
3124,9,[]
3139,3,[]
3148,38,[]
3218,3,[]
3227,4,[]
3237,4,[]
3247,5,[]
3258,5,[]
3269,3,[]
3278,3,[]
3287,6,[]
3299,7,[]
3312,3,[]
3321,2,[]
3329,3,[]
3338,10,[]
3354,4,[]
3364,4,[]
3374,10,[]
3390,8,[]
3404,4,[]
3414,5,[]
3425,9,[]
3440,5,[]
3451,9,[]
3466,7,[]
3479,3,[]
3488,4,[]
3498,10,[]
3514,9,[]
3529,4,[]
3539,9,[]
3554,38,[]
3624,3,[]
3633,4,[]
3643,2,[]
3651,8,[]
3665,4,[]
3675,5,[]
3686,6,[]
3698,7,[]
3711,5,[]
3722,8,[]
3736,7,[]
3749,2,[]
3757,4,[]
3767,9,[]
3782,7,[0, 1, 2, 3, 4, 5, 6]
3795,5,[]
3806,5,[]
3817,4,[]
3827,10,[]
3843,4,[]
3853,3,[]
3862,8,[]
3876,3,[]
3885,5,[]
3896,11,[]
3913,8,[]
3927,3,[]
3936,10,[]
3952,8,[]
3966,36,[]
4034,1,[]
4041,6,[]
4053,6,[]
4065,3,[]
4074,4,[]
4084,5,[]
4095,13,[]
4114,3,[]
4123,3,[]
4132,9,[]
4147,7,[]
4160,3,[]
4169,3,[]
4178,9,[]
4193,4,[]
4203,9,[]
4218,9,[]
4233,3,[]
4242,6,[]
4254,9,[]
4269,9,[]
4284,3,[]
4293,5,[]
4304,5,[]
4315,13,[]
4334,5,[]
4345,8,[]
4359,9,[]
4374,9,[]
0,21,[]
27,4,[]
37,7,[]
50,6,[]
62,5,[]
73,4,[]
83,9,[]
98,6,[]
110,8,[]
124,5,[]
135,6,[]
147,9,[]
162,9,[]
177,9,[]
192,8,[]
206,6,[]
218,6,[]
230,6,[]
242,6,[]
254,6,[]
266,5,[]
277,5,[]
288,2,[]
296,3,[]
305,4,[]
315,4,[]
325,4,[]
335,5,[]
346,4,[]
356,4,[]
366,50,[]
462,1,[]
469,2,[]
477,3,[]
486,3,[]
495,4,[]
505,4,[]
515,4,[]
525,4,[]
535,4,[]
545,4,[]
555,4,[]
565,3,[]
574,5,[]
585,4,[]
595,3,[]
604,4,[]
614,6,[]
626,4,[]
636,8,[]
650,8,[]
664,7,[]
677,10,[]
693,5,[]
704,6,[]
716,9,[]
731,12,[]
749,9,[0, 1, 2, 3, 4, 5, 6, 7, 8]
764,6,[]
776,5,[]
787,74,[]
907,2,[]
915,3,[]
924,4,[]
934,4,[]
944,4,[]
954,4,[]
964,5,[]
975,5,[]
986,4,[]
996,5,[]
1007,5,[]
1018,5,[]
1029,5,[]
1040,5,[]
1051,4,[]
1061,6,[]
1073,4,[]
1083,4,[]
1093,6,[]
1105,6,[]
1117,6,[]
1129,6,[]
1141,6,[]
1153,8,[]
1167,10,[]
1183,11,[]
1200,10,[]
1216,11,[]
1233,14,[]
1253,70,[]
1369,12,[]
1387,12,[]
1405,12,[]
1423,14,[]
1443,13,[]
1462,12,[]
1480,16,[7, 8, 9, 10, 11, 12, 13, 14, 15]
1502,13,[]
1521,15,[]
1542,15,[]
1563,16,[]
1585,13,[]
1604,16,[8, 9, 10, 11, 12, 13, 14]
1626,16,[]
1648,15,[]
1669,15,[]
1690,17,[]
1713,20,[]
1739,15,[]
1760,15,[]
1781,13,[]
1800,12,[]
1818,12,[]
1836,11,[]
1853,11,[0, 1, 2, 3, 4, 5, 6, 7]
1870,10,[]
1886,9,[]
1901,10,[]
1917,9,[]
1932,63,[]
2041,3,[]
2050,3,[]
2059,4,[]
2069,4,[]
2079,4,[]
2089,4,[]
2099,4,[]
2109,5,[]
2120,5,[]
2131,4,[]
2141,6,[]
2153,5,[]
2164,5,[]
2175,6,[]
2187,5,[]
2198,5,[]
2209,4,[]
2219,5,[]
2230,5,[]
2241,6,[]
2253,4,[]
2263,5,[]
2274,6,[]
2286,5,[]
2297,6,[]
2309,5,[]
2320,6,[]
2332,6,[]
2344,4,[]
2354,57,[]
2457,2,[]
2465,3,[]
2474,3,[]
2483,4,[]
2493,4,[]
2503,4,[]
2513,4,[]
2523,4,[]
2533,4,[]
2543,4,[]
2553,4,[]
2563,5,[]
2574,6,[]
2586,5,[]
2597,5,[]
2608,7,[]
2621,7,[]
2634,7,[]
2647,8,[]
2661,8,[]
2675,7,[]
2688,8,[]
2702,8,[]
2716,8,[]
2730,8,[]
2744,9,[]
2759,9,[]
2774,9,[]
2789,9,[]
2804,58,[]
2908,3,[]
2917,4,[]
2927,4,[]
2937,5,[]
2948,6,[]
2960,6,[]
2972,6,[]
2984,7,[]
2997,7,[]
3010,7,[]
3023,7,[]
3036,7,[]
3049,7,[]
3062,8,[]
3076,7,[]
3089,7,[0, 1, 2, 3, 4, 5, 6]
3102,7,[]
3115,6,[]
3127,7,[]
3140,7,[]
3153,7,[]
3166,6,[]
3178,6,[]
3190,6,[]
3202,5,[]
3213,6,[]
3225,7,[]
3238,6,[]
3250,5,[]
3261,51,[]
3358,2,[]
3366,3,[]
3375,3,[]
3384,4,[]
3394,4,[]
3404,4,[]
3414,4,[]
3424,5,[]
3435,5,[]
3446,5,[]
3457,5,[]
3468,5,[]
3479,5,[]
3490,5,[]
3501,6,[]
3513,6,[]
3525,5,[]
3536,5,[]
3547,5,[]
3558,5,[]
3569,5,[]
3580,7,[]
3593,5,[]
3604,5,[]
3615,5,[]
3626,6,[]
3638,6,[]
3650,5,[]
3661,5,[]
3672,59,[]
3777,2,[]
3785,2,[]
3793,3,[]
3802,4,[]
3812,5,[]
3823,5,[]
3834,4,[]
3844,5,[]
3855,4,[]
3865,6,[]
3877,5,[]
3888,5,[]
3899,5,[]
3910,6,[]
3922,6,[]
3934,6,[]
3946,4,[]
3956,4,[]
3966,5,[]
3977,5,[]
3988,4,[]
3998,4,[]
4008,4,[]
4018,5,[]
4029,5,[]
4040,6,[]
4052,5,[]
4063,6,[]
4075,5,[]
4086,81,[]
4213,2,[]
4221,3,[]
4230,3,[]
4239,4,[]
4249,4,[]
4259,5,[]
4270,4,[]
4280,4,[]
4290,6,[]
4302,4,[]
4312,4,[]
4322,5,[]
4333,4,[]
4343,4,[]
4353,6,[]
4365,5,[]
4376,5,[]
4387,5,[]
4398,5,[]
4409,5,[]
4420,4,[]
4430,4,[]
4440,4,[]
4450,5,[]
4461,4,[]
4471,5,[]
4482,5,[]
4493,5,[]
4504,4,[]
0,10,[]
17,5,[]
29,6,[]
42,7,[]
56,5,[]
68,9,[]
84,7,[]
98,7,[]
112,7,[]
126,4,[]
137,7,[]
151,6,[]
164,7,[]
178,6,[]
191,7,[]
205,7,[]
219,4,[]
230,8,[]
245,7,[]
259,7,[]
273,8,[]
288,4,[]
299,6,[]
312,8,[]
327,9,[0, 1, 2, 3, 4, 5, 6, 7, 8]
343,8,[]
358,9,[]
374,7,[]
388,4,[]
399,8,[]
414,18,[]
439,7,[]
453,7,[]
467,4,[]
478,9,[]
494,8,[]
509,8,[]
524,7,[]
538,8,[]
553,8,[]
568,4,[]
579,9,[]
595,9,[]
611,9,[]
627,2,[]
636,8,[]
651,9,[]
667,7,[]
681,7,[]
695,7,[]
709,8,[]
724,4,[]
735,8,[]
750,7,[]
764,8,[]
779,7,[]
793,4,[]
804,8,[]
819,9,[]
835,8,[]
850,21,[]
878,6,[]
891,8,[]
906,3,[]
916,9,[]
932,8,[]
947,8,[]
962,8,[]
977,5,[]
989,9,[]
1005,8,[]
1020,8,[]
1035,8,[]
1050,8,[]
1065,8,[]
1080,3,[]
1090,8,[0, 1, 2, 3, 4, 5, 6, 7]
1105,9,[]
1121,9,[]
1137,8,[]
1152,3,[]
1162,9,[]
1178,10,[]
1195,7,[]
1209,8,[]
1224,8,[]
1239,8,[]
1254,4,[]
1265,9,[]
1281,9,[]
1297,23,[]
1327,6,[]
1340,3,[]
1350,8,[0, 1, 2, 3, 4, 5, 6, 7]
1365,9,[]
1381,8,[]
1396,9,[]
1412,7,[]
1426,8,[]
1441,5,[]
1453,8,[]
1468,8,[]
1483,9,[]
1499,9,[]
1515,1,[]
1523,8,[]
1538,9,[]
1554,9,[]
1570,8,[]
1585,8,[]
1600,5,[]
1612,9,[]
1628,8,[]
1643,9,[]
1659,9,[]
1675,5,[]
1687,9,[]
1703,9,[]
1719,9,[]
1735,8,[]
1750,23,[]
1780,6,[]
1793,3,[]
1803,9,[]
1819,8,[]
1834,8,[]
1849,8,[]
1864,4,[]
1875,9,[]
1891,9,[]
1907,8,[]
1922,8,[]
1937,10,[]
1954,8,[]
1969,3,[]
1979,9,[]
1995,9,[]
2011,8,[]
2026,8,[]
2041,3,[]
2051,10,[]
2068,10,[]
2085,10,[]
2102,10,[]
2119,9,[]
2135,11,[]
2153,5,[]
2165,12,[]
2184,11,[]
2202,11,[]
2220,25,[]
2252,1,[]
2260,11,[]
2278,11,[]
2296,12,[]
2315,11,[]
2333,10,[]
2350,10,[]
2367,4,[]
2378,10,[]
2395,10,[]
2412,10,[]
2429,10,[]
2446,2,[]
2455,9,[]
2471,9,[]
2487,10,[]
2504,8,[]
2519,11,[]
2537,9,[]
2553,4,[]
2564,11,[]
2582,9,[]
2598,8,[]
2613,9,[0, 1, 2, 3, 4, 5, 6, 7, 8]
2629,4,[]
2640,9,[]
2656,9,[]
2672,9,[]
2688,10,[]
2705,23,[]
2735,1,[]
2743,10,[]
2760,10,[]
2777,9,[]
2793,9,[]
2809,4,[]
2820,10,[]
2837,9,[]
2853,9,[]
2869,9,[]
2885,8,[]
2900,8,[]
2915,4,[]
2926,9,[]
2942,10,[0, 1, 2, 3, 4, 5, 6, 7, 8]
2959,8,[]
2974,8,[]
2989,4,[]
3000,8,[]
3015,9,[]
3031,9,[]
3047,9,[]
3063,9,[]
3079,10,[]
3096,4,[]
3107,10,[]
3124,8,[]
3139,8,[]
3154,9,[]
3170,25,[0, 1, 2, 3, 4, 5, 6, 7, 8, 9]
3202,7,[]
3216,8,[]
3231,9,[]
3247,7,[]
3261,8,[]
3276,8,[]
3291,4,[]
3302,9,[]
3318,9,[]
3334,8,[]
3349,8,[]
3364,5,[]
3376,9,[]
3392,10,[]
3409,7,[]
3423,8,[]
3438,8,[]
3453,8,[0, 1, 2, 3, 4, 5, 6, 7]
3468,4,[]
3479,9,[]
3495,10,[]
3512,8,[]
3527,8,[]
3542,4,[]
3553,10,[]
3570,8,[]
3585,9,[]
3601,4,[]
3612,9,[]
3628,25,[]
3660,8,[0, 1, 2, 3, 4, 5, 6, 7]
3675,7,[]
3689,7,[]
3703,8,[]
3718,4,[]
3729,9,[]
3745,8,[]
3760,8,[]
3775,8,[]
3790,5,[]
3802,9,[]
3818,9,[]
3834,7,[]
3848,8,[]
3863,7,[]
3877,7,[]
3891,5,[]
3903,8,[]
3918,8,[]
3933,8,[]
3948,8,[]
3963,4,[]
3974,8,[]
3989,9,[]
4005,7,[]
4019,8,[]
4034,8,[]
4049,8,[]
4064,4,[]
4075,24,[]
4106,7,[]
4120,7,[]
4134,7,[]
4148,4,[]
4159,8,[]
4174,8,[]
4189,10,[]
4206,7,[]
4220,7,[]
4234,7,[]
4248,5,[]
4260,9,[0, 1, 2, 3, 4, 5, 6, 7, 8]
4276,7,[]
4290,8,[]
4305,7,[]
4319,4,[]
4330,8,[]
4345,8,[]
4360,8,[]
4375,9,[]
4391,9,[]
4407,7,[]
4421,4,[]
4432,9,[]
4448,8,[]
4463,8,[]
4478,9,[]
4494,2,[]
4503,7,[]
0,35,[]
94,1,[]
100,8,[]
113,8,[]
126,9,[]
140,8,[]
153,10,[]
168,7,[]
180,6,[]
191,7,[]
203,7,[]
215,9,[]
229,9,[]
243,7,[]
255,8,[]
268,8,[]
281,7,[0, 1, 2, 3, 4, 5, 6]
293,7,[]
305,9,[]
319,10,[]
334,9,[]
348,7,[]
360,4,[]
369,3,[]
377,6,[]
388,5,[]
398,5,[]
408,4,[]
417,4,[]
426,5,[]
436,74,[]
569,2,[]
576,2,[]
583,3,[]
591,5,[]
601,7,[]
613,6,[]
624,6,[]
635,6,[]
646,5,[]
656,7,[]
668,5,[]
678,6,[]
689,4,[]
698,5,[]
708,5,[]
718,6,[]
729,5,[]
739,5,[]
749,8,[]
762,5,[]
772,4,[]
781,4,[]
790,4,[]
799,6,[]
810,6,[]
821,6,[0, 1, 2, 3, 4, 5]
832,4,[]
841,4,[]
850,4,[]
859,80,[]
998,2,[]
1005,2,[]
1012,3,[]
1020,5,[]
1030,6,[]
1041,5,[]
1051,4,[]
1060,6,[0, 1, 2, 3, 4, 5]
1071,6,[]
1082,6,[]
1093,6,[]
1104,7,[]
1116,7,[]
1128,6,[]
1139,6,[]
1150,7,[]
1162,5,[]
1172,8,[]
1185,7,[]
1197,8,[]
1210,5,[]
1220,6,[]
1231,7,[]
1243,9,[]
1257,7,[]
1269,8,[]
1282,7,[]
1294,8,[]
1307,7,[]
1319,82,[]
1460,3,[]
1468,4,[]
1477,7,[]
1489,7,[]
1501,8,[]
1514,7,[]
1526,7,[]
1538,7,[]
1550,6,[]
1561,7,[]
1573,8,[]
1586,8,[]
1599,7,[]
1611,6,[]
1622,9,[]
1636,8,[]
1649,6,[]
1660,7,[]
1672,7,[]
1684,8,[]
1697,6,[]
1708,6,[]
1719,6,[]
1730,7,[]
1742,6,[0, 1, 2, 3, 4, 5]
1753,7,[]
1765,6,[]
1776,7,[]
1788,9,[]
1802,83,[]
1944,5,[]
1954,3,[]
1962,6,[]
1973,7,[]
1985,5,[]
1995,7,[]
2007,8,[]
2020,8,[]
2033,6,[]
2044,6,[]
2055,6,[]
2066,8,[]
2079,6,[]
2090,7,[]
2102,6,[]
2113,9,[]
2127,6,[]
2138,6,[]
2149,7,[]
2161,8,[]
2174,6,[]
2185,5,[]
2195,4,[]
2204,6,[]
2215,4,[]
2224,7,[]
2236,7,[]
2248,7,[0, 1, 2, 3, 4, 5, 6]
2260,5,[]
2270,97,[]
2426,3,[]
2434,3,[]
2442,4,[]
2451,5,[]
2461,5,[]
2471,5,[]
2481,6,[]
2492,7,[]
2504,7,[]
2516,7,[0, 1, 2, 3, 4, 5, 6]
2528,8,[]
2541,8,[]
2554,9,[]
2568,8,[]
2581,8,[]
2594,9,[]
2608,8,[]
2621,8,[]
2634,9,[]
2648,7,[]
2660,6,[]
2671,8,[]
2684,6,[]
2695,7,[]
2707,8,[]
2720,8,[]
2733,8,[]
2746,8,[]
2759,7,[]
2771,77,[]
2907,2,[]
2914,4,[]
2923,3,[]
2931,5,[]
2941,5,[]
2951,5,[]
2961,5,[]
2971,5,[]
2981,5,[]
2991,5,[]
3001,7,[0, 1, 2, 3, 4, 5, 6]
3013,5,[]
3023,5,[]
3033,5,[]
3043,6,[]
3054,6,[]
3065,6,[]
3076,5,[]
3086,7,[]
3098,4,[]
3107,5,[]
3117,5,[]
3127,6,[]
3138,6,[0, 1, 2, 3, 4, 5]
3149,5,[]
3159,6,[]
3170,6,[]
3181,6,[]
3192,7,[]
3204,81,[]
3344,2,[]
3351,4,[]
3360,3,[]
3368,4,[]
3377,6,[]
3388,6,[]
3399,6,[]
3410,7,[]
3422,7,[]
3434,6,[]
3445,6,[]
3456,6,[]
3467,6,[]
3478,7,[]
3490,5,[]
3500,6,[]
3511,6,[]
3522,7,[]
3534,6,[]
3545,7,[]
3557,5,[]
3567,6,[]
3578,6,[]
3589,6,[]
3600,5,[]
3610,6,[]
3621,7,[]
3633,6,[]
3644,7,[]
3656,65,[]
3780,2,[]
3787,4,[]
3796,4,[]
3805,5,[]
3815,4,[]
3824,4,[]
3833,4,[]
3842,4,[]
3851,4,[]
3860,4,[]
3869,5,[]
3879,7,[]
3891,5,[]
3901,6,[]
3912,5,[]
3922,5,[]
3932,6,[]
3943,5,[]
3953,5,[]
3963,7,[]
3975,6,[]
3986,6,[0, 1, 2, 3, 4, 5]
3997,5,[]
4007,7,[]
4019,7,[]
4031,7,[]
4043,7,[]
4055,7,[]
4067,8,[]
4080,75,[]
4214,2,[]
4221,5,[]
4231,4,[]
4240,4,[]
4249,4,[]
4258,5,[]
4268,6,[]
4279,5,[]
4289,6,[]
4300,6,[]
4311,5,[]
4321,6,[]
4332,5,[]
4342,6,[]
4353,6,[]
4364,7,[]
4376,6,[]
4387,6,[]
4398,6,[]
4409,7,[]
4421,7,[]
4433,7,[]
4445,5,[]
4455,5,[]
4465,6,[]
4476,6,[]
4487,6,[]
4498,7,[]
4510,8,[]
0,26,[]
33,12,[]
52,2,[]
61,15,[]
83,14,[]
104,12,[]
123,9,[0, 1, 2, 3, 4, 5, 6, 7, 8]
139,3,[]
149,11,[]
167,10,[]
184,8,[]
199,9,[]
215,2,[]
224,10,[]
241,10,[]
258,10,[]
275,10,[]
292,2,[]
301,10,[]
318,9,[]
334,10,[]
351,11,[]
369,1,[]
377,10,[]
394,9,[]
410,9,[]
426,10,[]
443,2,[]
452,10,[]
469,10,[]
486,52,[]
561,1,[]
569,13,[]
589,9,[]
605,9,[]
621,12,[]
640,12,[]
659,3,[]
669,13,[]
689,9,[]
705,7,[]
719,4,[]
730,4,[]
741,6,[]
754,6,[]
767,12,[0, 1, 2, 3, 4, 5, 6, 7]
786,5,[]
798,7,[]
812,4,[]
823,9,[]
839,10,[]
856,10,[]
873,7,[]
887,2,[]
896,7,[]
910,7,[]
924,6,[]
937,3,[]
947,7,[]
961,7,[]
975,33,[]
1015,3,[]
1025,5,[]
1037,3,[]
1047,7,[]
1061,7,[]
1075,7,[]
1089,6,[]
1102,2,[]
1111,14,[]
1132,8,[]
1147,5,[]
1159,7,[]
1173,4,[]
1184,11,[]
1202,11,[]
1220,11,[]
1238,6,[]
1251,3,[]
1261,7,[]
1275,12,[]
1294,9,[]
1310,7,[]
1324,4,[]
1335,8,[]
1350,12,[]
1369,11,[]
1387,11,[]
1405,4,[]
1416,11,[]
1434,26,[]
1467,8,[]
1482,7,[]
1496,3,[]
1506,8,[]
1521,9,[]
1537,7,[]
1551,6,[]
1564,3,[]
1574,7,[]
1588,7,[]
1602,6,[]
1615,6,[]
1628,3,[]
1638,8,[]
1653,6,[]
1666,6,[]
1679,7,[]
1693,3,[]
1703,10,[]
1720,9,[]
1736,12,[]
1755,9,[]
1771,2,[]
1780,7,[]
1794,8,[]
1809,11,[]
1827,11,[]
1845,3,[]
1855,11,[]
1873,18,[]
1898,4,[]
1909,7,[]
1923,3,[]
1933,9,[]
1949,14,[]
1970,7,[]
1984,8,[]
1999,4,[]
2010,13,[]
2030,12,[]
2049,6,[]
2062,7,[]
2076,4,[]
2087,8,[]
2102,7,[]
2116,7,[]
2130,11,[]
2148,10,[]
2165,4,[]
2176,10,[]
2193,8,[]
2208,9,[]
2224,5,[]
2236,7,[]
2250,8,[]
2265,9,[]
2281,8,[]
2296,3,[]
2306,9,[]
2322,29,[]
2358,11,[]
2376,8,[]
2391,5,[]
2403,3,[]
2413,8,[]
2428,11,[]
2446,11,[]
2464,8,[]
2479,4,[]
2490,7,[]
2504,9,[]
2520,12,[]
2539,4,[]
2550,8,[]
2565,6,[]
2578,12,[]
2597,11,[]
2615,11,[]
2633,3,[]
2643,10,[]
2660,8,[]
2675,7,[]
2689,9,[]
2705,3,[]
2715,8,[]
2730,8,[]
2745,8,[]
2760,7,[]
2774,4,[]
2785,31,[]
2823,3,[]
2833,5,[]
2845,6,[]
2858,3,[]
2868,8,[]
2883,7,[]
2897,7,[]
2911,7,[]
2925,3,[]
2935,8,[]
2950,7,[]
2964,13,[]
2984,1,[]
2992,8,[]
3007,6,[]
3020,11,[]
3038,11,[]
3056,9,[]
3072,2,[]
3081,8,[]
3096,6,[]
3109,7,[]
3123,5,[]
3135,4,[]
3146,7,[]
3160,15,[]
3182,7,[]
3196,7,[]
3210,3,[]
3220,26,[12, 13, 14, 15, 16, 17, 18, 19, 20, 21, 22, 23, 24, 25]
3253,8,[]
3268,8,[]
3283,8,[]
3298,3,[]
3308,7,[]
3322,8,[]
3337,5,[]
3349,5,[]
3361,4,[]
3372,9,[]
3388,5,[]
3400,6,[]
3413,7,[]
3427,3,[]
3437,7,[]
3451,7,[]
3465,6,[]
3478,7,[]
3492,3,[]
3502,9,[0, 1, 2, 3, 4, 5, 6, 7, 8]
3518,11,[]
3536,7,[]
3550,5,[]
3562,10,[]
3579,2,[]
3588,12,[]
3607,10,[]
3624,9,[]
3640,9,[]
3656,18,[]
3681,4,[]
3692,8,[]
3707,12,[]
3726,3,[]
3736,9,[]
3752,7,[]
3766,11,[]
3784,11,[]
3802,11,[]
3820,3,[]
3830,11,[]
3848,12,[]
3867,11,[3, 4, 5, 6, 7, 8, 9, 10]
3885,9,[]
3901,3,[]
3911,9,[]
3927,10,[]
3944,8,[]
3959,8,[]
3974,3,[]
3984,8,[]
3999,8,[]
4014,9,[]
4030,8,[]
4045,3,[]
4055,8,[]
4070,8,[]
4085,7,[]
4099,8,[]
4114,25,[]
4146,5,[]
4158,6,[]
4171,11,[]
4189,7,[]
4203,2,[]
4212,6,[]
4225,7,[]
4239,6,[]
4252,6,[]
4265,3,[]
4275,7,[]
4289,12,[]
4308,12,[]
4327,8,[]
4342,2,[]
4351,7,[]
4365,8,[]
4380,7,[]
4394,8,[]
4409,4,[]
4420,8,[]
4435,8,[]
4450,6,[]
4463,7,[]
4477,3,[]
4487,7,[]
4501,8,[]
4516,7,[]
4530,6,[]
0,15,[]
22,2,[]
31,4,[]
42,7,[]
56,6,[]
69,8,[]
84,8,[]
99,7,[]
113,6,[]
126,6,[]
139,7,[]
153,7,[]
167,7,[]
181,7,[]
195,8,[]
210,7,[]
224,8,[]
239,7,[]
253,7,[]
267,7,[]
281,7,[]
295,7,[]
309,2,[]
318,7,[]
332,9,[]
348,6,[]
361,7,[]
375,5,[]
387,7,[]
401,7,[]
415,38,[]
474,6,[]
487,8,[]
502,9,[]
518,10,[]
535,11,[]
553,11,[]
571,13,[]
591,11,[0, 1, 2, 3, 4, 5, 6, 7, 8, 9, 10]
609,11,[]
627,12,[]
646,12,[]
665,12,[]
684,13,[]
704,11,[]
722,13,[]
742,13,[]
762,10,[]
779,10,[]
796,9,[]
812,12,[]
831,11,[0, 1, 2, 3, 4, 5, 6, 7, 8, 9, 10]
849,12,[]
868,10,[]
885,10,[]
902,11,[]
920,10,[]
937,7,[]
951,9,[]
967,10,[0, 1, 2, 3, 4, 5, 6, 7, 8, 9]
984,22,[]
1013,8,[]
1028,7,[]
1042,9,[]
1058,10,[]
1075,8,[]
1090,7,[]
1104,7,[]
1118,8,[]
1133,8,[]
1148,9,[]
1164,7,[]
1178,8,[]
1193,9,[]
1209,9,[]
1225,7,[]
1239,7,[]
1253,7,[]
1267,8,[]
1282,7,[]
1296,7,[]
1310,7,[]
1324,8,[]
1339,8,[]
1354,8,[]
1369,8,[]
1384,7,[]
1398,7,[]
1412,8,[]
1427,8,[]
1442,22,[]
1471,6,[]
1484,7,[]
1498,7,[]
1512,8,[]
1527,6,[]
1540,6,[]
1553,7,[]
1567,8,[]
1582,8,[]
1597,8,[]
1612,6,[]
1625,7,[]
1639,8,[]
1654,8,[]
1669,8,[0, 1, 2, 3, 4, 5, 6, 7]
1684,8,[]
1699,7,[]
1713,7,[]
1727,7,[]
1741,7,[]
1755,8,[]
1770,6,[]
1783,7,[]
1797,7,[]
1811,8,[]
1826,9,[]
1842,6,[]
1855,8,[]
1870,6,[]
1883,16,[]
1906,6,[]
1919,6,[]
1932,7,[]
1946,8,[]
1961,9,[]
1977,9,[]
1993,7,[]
2007,7,[]
2021,8,[]
2036,8,[]
2051,7,[]
2065,6,[]
2078,7,[]
2092,7,[]
2106,7,[]
2120,6,[]
2133,7,[]
2147,7,[]
2161,6,[]
2174,6,[]
2187,6,[]
2200,6,[]
2213,7,[]
2227,7,[]
2241,8,[]
2256,7,[]
2270,7,[]
2284,8,[]
2299,7,[]
2313,22,[]
2342,4,[]
2353,5,[]
2365,5,[]
2377,6,[]
2390,6,[]
2403,5,[]
2415,5,[]
2427,7,[]
2441,5,[]
2453,5,[]
2465,5,[]
2477,6,[]
2490,5,[]
2502,5,[]
2514,6,[]
2527,5,[]
2539,5,[]
2551,6,[]
2564,5,[]
2576,6,[]
2589,5,[]
2601,6,[]
2614,6,[]
2627,6,[]
2640,5,[]
2652,6,[]
2665,6,[]
2678,7,[]
2692,7,[]
2706,28,[0, 1, 2, 3, 4, 5, 6, 7, 8, 9, 10, 11, 12, 13]
2741,5,[]
2753,6,[]
2766,6,[]
2779,8,[]
2794,7,[]
2808,8,[]
2823,8,[]
2838,8,[]
2853,8,[]
2868,8,[]
2883,6,[]
2896,6,[]
2909,7,[]
2923,9,[]
2939,6,[]
2952,8,[]
2967,7,[]
2981,7,[]
2995,8,[]
3010,7,[]
3024,6,[]
3037,7,[]
3051,7,[]
3065,7,[]
3079,7,[]
3093,6,[]
3106,7,[]
3120,7,[]
3134,8,[]
3149,32,[]
3188,2,[]
3197,3,[]
3207,5,[]
3219,4,[]
3230,5,[]
3242,6,[]
3255,7,[]
3269,7,[]
3283,6,[]
3296,7,[]
3310,7,[]
3324,7,[]
3338,6,[]
3351,7,[]
3365,4,[]
3376,8,[]
3391,6,[]
3404,7,[]
3418,6,[]
3431,7,[]
3445,7,[]
3459,7,[]
3473,7,[]
3487,6,[]
3500,6,[]
3513,6,[]
3526,7,[]
3540,6,[]
3553,6,[]
3566,37,[]
3624,3,[]
3634,4,[]
3645,4,[]
3656,6,[]
3669,5,[]
3681,7,[]
3695,7,[]
3709,7,[]
3723,6,[]
3736,8,[]
3751,7,[]
3765,6,[]
3778,5,[]
3790,7,[]
3804,6,[]
3817,6,[]
3830,6,[]
3843,5,[]
3855,5,[]
3867,7,[]
3881,6,[]
3894,8,[]
3909,7,[]
3923,8,[]
3938,8,[]
3953,7,[]
3967,8,[]
3982,8,[]
3997,8,[]
4012,36,[]
4069,4,[]
4080,5,[]
4092,6,[]
4105,6,[]
4118,7,[]
4132,5,[]
4144,8,[]
4159,7,[]
4173,5,[]
4185,6,[]
4198,6,[]
4211,6,[]
4224,7,[]
4238,7,[]
4252,6,[]
4265,9,[]
4281,8,[]
4296,9,[]
4312,9,[]
4328,8,[]
4343,7,[]
4357,7,[]
4371,7,[]
4385,8,[]
4400,7,[]
4414,8,[]
4429,6,[]
4442,9,[]
4458,8,[]
0,38,[]
95,2,[]
102,1,[]
108,4,[]
117,5,[]
127,5,[]
137,8,[]
150,2,[]
157,6,[]
168,8,[]
181,8,[]
194,10,[]
209,5,[]
219,11,[]
235,11,[]
251,11,[]
267,13,[]
285,3,[]
293,18,[]
316,17,[]
338,17,[]
360,16,[]
381,1,[]
387,8,[]
400,11,[]
416,12,[0, 1, 2, 3, 4, 5]
433,16,[]
454,3,[]
462,11,[]
478,12,[]
495,70,[]
622,3,[]
630,2,[]
637,6,[]
648,6,[]
659,5,[]
669,7,[]
681,6,[]
692,8,[]
705,10,[]
720,10,[]
735,11,[]
751,4,[]
760,11,[]
776,11,[]
792,10,[]
807,15,[]
827,4,[]
836,8,[]
849,10,[]
864,6,[]
875,7,[]
887,4,[]
896,7,[]
908,7,[1, 2, 3, 4, 5, 6]
920,8,[0, 1, 2, 3, 4, 5, 6, 7]
933,9,[]
947,4,[]
956,8,[]
969,8,[]
982,60,[]
1099,3,[]
1107,2,[]
1114,5,[]
1124,7,[]
1136,6,[]
1147,6,[]
1158,6,[]
1169,5,[]
1179,7,[]
1191,7,[]
1203,5,[]
1213,4,[]
1222,6,[]
1233,7,[]
1245,5,[]
1255,6,[]
1266,3,[]
1274,7,[]
1286,5,[]
1296,5,[]
1306,6,[]
1317,2,[]
1324,6,[]
1335,5,[]
1345,5,[]
1355,6,[]
1366,4,[]
1375,5,[]
1385,4,[]
1394,67,[]
1518,1,[]
1524,1,[]
1530,4,[]
1539,3,[]
1547,4,[]
1556,5,[]
1566,5,[]
1576,6,[]
1587,4,[]
1596,5,[]
1606,6,[]
1617,3,[]
1625,4,[]
1634,5,[]
1644,5,[]
1654,5,[]
1664,3,[]
1672,6,[]
1683,7,[0, 1, 2, 3, 4, 5, 6]
1695,5,[]
1705,6,[]
1716,5,[]
1726,6,[]
1737,4,[]
1746,4,[]
1755,5,[]
1765,4,[]
1774,3,[]
1782,7,[]
1794,75,[]
1926,1,[]
1932,1,[]
1938,3,[]
1946,4,[]
1955,3,[]
1963,5,[]
1973,6,[]
1984,5,[]
1994,6,[]
2005,4,[]
2014,4,[]
2023,5,[]
2033,6,[]
2044,5,[]
2054,5,[]
2064,6,[]
2075,4,[]
2084,7,[]
2096,7,[]
2108,5,[]
2118,14,[0, 1, 2, 3, 4, 5, 6]
2137,5,[]
2147,8,[]
2160,6,[]
2171,4,[]
2180,5,[]
2190,5,[]
2200,7,[]
2212,8,[]
2225,81,[]
2363,1,[]
2369,1,[]
2375,2,[]
2382,5,[]
2392,3,[]
2400,6,[]
2411,4,[]
2420,5,[]
2430,6,[]
2441,6,[]
2452,6,[]
2463,4,[]
2472,6,[]
2483,7,[]
2495,7,[0, 1, 2, 3, 4, 5, 6]
2507,7,[]
2519,4,[]
2528,8,[]
2541,8,[]
2554,7,[]
2566,7,[]
2578,6,[]
2589,10,[]
2604,9,[]
2618,8,[]
2631,9,[]
2645,5,[]
2655,10,[]
2670,8,[]
2683,83,[]
2823,3,[]
2831,2,[]
2838,7,[]
2850,6,[]
2861,8,[]
2874,9,[]
2888,6,[]
2899,10,[]
2914,5,[]
2924,7,[]
2936,8,[]
2949,4,[]
2958,8,[]
2971,7,[]
2983,9,[]
2997,10,[]
3012,4,[]
3021,11,[]
3037,9,[]
3051,8,[]
3064,7,[]
3076,6,[]
3087,8,[]
3100,9,[]
3114,7,[]
3126,7,[1, 2, 3, 4, 5, 6]
3138,3,[]
3146,11,[]
3162,9,[]
3176,81,[]
3314,2,[]
3321,3,[]
3329,2,[]
3336,4,[]
3345,4,[]
3354,4,[]
3363,5,[]
3373,4,[]
3382,5,[]
3392,5,[]
3402,4,[]
3411,4,[]
3420,4,[]
3429,5,[]
3439,5,[]
3449,5,[]
3459,4,[]
3468,6,[]
3479,5,[]
3489,5,[]
3499,5,[]
3509,5,[]
3519,5,[]
3529,6,[]
3540,6,[]
3551,6,[]
3562,3,[]
3570,4,[]
3579,6,[]
3590,83,[]
3730,1,[]
3736,1,[]
3742,2,[]
3749,2,[]
3756,6,[]
3767,3,[]
3775,5,[]
3785,5,[]
3795,4,[]
3804,6,[]
3815,3,[]
3823,4,[]
3832,5,[]
3842,5,[]
3852,5,[]
3862,6,[]
3873,5,[]
3883,6,[]
3894,5,[]
3904,4,[]
3913,5,[]
3923,6,[]
3934,5,[]
3944,4,[]
3953,2,[]
3960,5,[]
3970,4,[]
3979,6,[]
3990,6,[]
4001,89,[]
4147,3,[]
4155,1,[]
4161,5,[]
4171,4,[]
4180,4,[]
4189,5,[]
4199,3,[]
4207,9,[]
4221,8,[]
4234,7,[]
4246,8,[]
4259,4,[]
4268,9,[]
4282,8,[]
4295,8,[]
4308,8,[2, 3, 4, 5, 6, 7]
4321,3,[]
4329,9,[]
4343,8,[]
4356,8,[]
4369,8,[]
4382,5,[]
4392,8,[]
4405,6,[]
4416,8,[]
4429,7,[]
4441,2,[]
4448,8,[]
4461,10,[]
0,15,[]
21,5,[]
32,5,[]
43,6,[]
55,6,[]
67,5,[]
78,5,[]
89,7,[]
102,1,[]
109,7,[]
122,6,[]
134,7,[]
147,8,[]
161,1,[]
168,6,[]
180,8,[0, 1, 2, 3, 4, 5, 6, 7]
194,5,[]
205,2,[]
213,8,[]
227,7,[]
240,7,[]
253,6,[]
265,2,[]
273,9,[0, 1, 2, 3, 4, 5, 6, 7, 8]
288,7,[]
301,7,[]
314,7,[]
327,7,[]
340,6,[]
352,7,[]
365,24,[]
395,10,[]
411,7,[]
424,7,[]
437,6,[]
449,5,[]
460,6,[]
472,6,[]
484,5,[]
495,1,[]
502,8,[]
516,6,[]
528,1,[]
535,9,[]
550,7,[]
563,6,[]
575,6,[]
587,3,[]
596,11,[]
613,8,[]
627,2,[]
635,8,[]
649,7,[]
662,8,[]
676,6,[]
688,7,[]
701,8,[]
715,10,[]
731,2,[]
739,8,[]
753,30,[]
789,6,[]
801,7,[]
814,8,[]
828,3,[]
837,7,[]
850,7,[]
863,6,[]
875,7,[]
888,2,[]
896,6,[]
908,5,[]
919,5,[]
930,7,[]
943,2,[]
951,6,[]
963,6,[]
975,7,[]
988,8,[]
1002,3,[]
1011,11,[0, 1, 2, 3, 4, 5, 6, 7, 8, 9]
1028,9,[]
1043,7,[]
1056,6,[]
1068,8,[]
1082,3,[]
1091,8,[]
1105,8,[]
1119,9,[]
1134,9,[]
1149,35,[]
1205,5,[]
1216,5,[]
1227,6,[]
1239,8,[]
1253,7,[]
1266,3,[]
1275,9,[]
1290,6,[]
1302,2,[]
1310,8,[]
1324,6,[]
1336,7,[]
1349,7,[]
1362,6,[]
1374,6,[]
1386,2,[]
1394,7,[]
1407,6,[]
1419,3,[]
1428,8,[]
1442,7,[]
1455,5,[]
1466,6,[]
1478,6,[]
1490,6,[]
1502,3,[]
1511,7,[]
1524,6,[]
1536,8,[]
1550,28,[]
1584,4,[]
1594,6,[]
1606,6,[]
1618,7,[]
1631,8,[]
1645,3,[]
1654,7,[]
1667,7,[]
1680,7,[]
1693,7,[]
1706,8,[]
1720,3,[]
1729,7,[]
1742,6,[]
1754,7,[]
1767,7,[]
1780,9,[]
1795,5,[]
1806,8,[]
1820,8,[]
1834,4,[]
1844,7,[]
1857,8,[]
1871,7,[]
1884,7,[]
1897,3,[]
1906,6,[]
1918,6,[]
1930,5,[]
1941,29,[]
1976,4,[]
1986,5,[]
1997,5,[]
2008,6,[]
2020,4,[]
2030,7,[]
2043,6,[]
2055,8,[]
2069,7,[]
2082,8,[]
2096,2,[]
2104,8,[]
2118,3,[]
2127,8,[]
2141,7,[]
2154,7,[]
2167,7,[]
2180,3,[]
2189,7,[]
2202,7,[]
2215,8,[]
2229,3,[]
2238,8,[]
2252,7,[]
2265,7,[]
2278,8,[]
2292,4,[]
2302,10,[]
2318,7,[]
2331,25,[]
2362,6,[]
2374,3,[]
2383,7,[]
2396,5,[]
2407,4,[]
2417,6,[]
2429,6,[]
2441,13,[]
2460,3,[]
2469,8,[]
2483,6,[]
2495,6,[]
2507,4,[]
2517,7,[]
2530,7,[]
2543,5,[]
2554,8,[]
2568,6,[]
2580,6,[]
2592,7,[]
2605,3,[]
2614,6,[]
2626,8,[]
2640,4,[]
2650,6,[]
2662,7,[]
2675,6,[]
2687,9,[]
2702,4,[]
2712,30,[]
2748,6,[]
2760,6,[]
2772,6,[]
2784,6,[]
2796,7,[]
2809,3,[]
2818,8,[]
2832,7,[]
2845,7,[]
2858,7,[]
2871,4,[]
2881,7,[]
2894,6,[]
2906,7,[]
2919,7,[]
2932,5,[]
2943,9,[]
2958,6,[]
2970,8,[]
2984,7,[]
2997,4,[]
3007,7,[0, 1, 2, 3, 4, 5, 6]
3020,8,[]
3034,5,[]
3045,7,[]
3058,6,[]
3070,9,[]
3085,7,[]
3098,5,[]
3109,27,[]
3142,1,[]
3149,6,[]
3161,6,[]
3173,6,[]
3185,6,[]
3197,4,[]
3207,6,[]
3219,6,[]
3231,6,[]
3243,5,[]
3254,8,[]
3268,6,[]
3280,6,[]
3292,6,[]
3304,4,[]
3314,8,[]
3328,7,[]
3341,6,[]
3353,6,[]
3365,6,[]
3377,8,[0, 1, 2, 3, 4, 5, 6, 7]
3391,6,[]
3403,6,[]
3415,6,[]
3427,6,[]
3439,7,[]
3452,5,[]
3463,10,[]
3479,6,[]
3491,21,[]
3518,6,[]
3530,7,[]
3543,6,[]
3555,6,[]
3567,6,[]
3579,7,[]
3592,7,[]
3605,5,[]
3616,7,[]
3629,6,[]
3641,4,[]
3651,5,[]
3662,6,[]
3674,7,[]
3687,4,[]
3697,8,[]
3711,6,[]
3723,7,[]
3736,6,[]
3748,7,[]
3761,6,[]
3773,8,[]
3787,4,[]
3797,7,[]
3810,7,[]
3823,7,[]
3836,7,[]
3849,6,[]
3861,6,[]
0,27,[]
33,1,[]
40,3,[]
49,2,[]
57,4,[]
67,6,[]
79,3,[]
88,4,[]
98,3,[]
107,4,[]
117,5,[]
128,6,[]
140,5,[]
151,5,[]
162,5,[]
173,5,[]
184,5,[]
195,6,[]
207,6,[]
219,9,[]
234,9,[]
249,8,[]
263,9,[]
278,5,[]
289,5,[]
300,8,[]
314,11,[]
331,5,[]
342,6,[]
354,7,[]
367,75,[]
497,3,[]
506,6,[]
518,5,[]
529,5,[]
540,6,[]
552,8,[]
566,9,[]
581,7,[]
594,9,[]
609,8,[]
623,6,[]
635,5,[]
646,6,[]
658,7,[]
671,7,[]
684,9,[]
699,6,[]
711,9,[]
726,5,[]
737,6,[]
749,9,[]
764,4,[]
774,8,[1, 2, 3, 4, 5, 6, 7]
788,6,[]
800,5,[]
811,8,[]
825,7,[]
838,8,[]
852,6,[]
864,74,[]
993,2,[]
1001,2,[]
1009,3,[]
1018,4,[]
1028,5,[]
1039,5,[]
1050,6,[]
1062,5,[]
1073,7,[]
1086,5,[]
1097,6,[]
1109,6,[]
1121,7,[]
1134,5,[]
1145,9,[]
1160,6,[]
1172,4,[]
1182,6,[]
1194,7,[]
1207,6,[]
1219,6,[]
1231,5,[]
1242,6,[]
1254,6,[]
1266,6,[]
1278,7,[]
1291,6,[]
1303,7,[]
1316,7,[]
1329,80,[]
1464,3,[]
1473,5,[]
1484,5,[]
1495,6,[]
1507,6,[]
1519,9,[0, 1, 2, 3, 4, 5, 6, 7, 8]
1534,8,[]
1548,8,[]
1562,8,[]
1576,7,[]
1589,9,[]
1604,9,[]
1619,8,[]
1633,8,[]
1647,8,[]
1661,8,[]
1675,8,[]
1689,7,[]
1702,9,[]
1717,8,[]
1731,7,[]
1744,7,[]
1757,7,[]
1770,7,[]
1783,10,[0, 1, 2, 3, 4, 5, 6, 7, 8, 9]
1799,7,[]
1812,8,[]
1826,8,[]
1840,7,[]
1853,74,[]
1982,6,[]
1994,6,[]
2006,7,[]
2019,7,[]
2032,9,[]
2047,9,[]
2062,9,[]
2077,8,[]
2091,8,[]
2105,8,[]
2119,8,[]
2133,7,[]
2146,7,[]
2159,7,[]
2172,7,[]
2185,9,[]
2200,8,[]
2214,8,[]
2228,9,[]
2243,9,[]
2258,7,[]
2271,7,[]
2284,7,[]
2297,7,[]
2310,7,[]
2323,7,[]
2336,7,[]
2349,6,[]
2361,9,[]
2376,67,[]
2498,2,[]
2506,2,[]
2514,4,[]
2524,4,[]
2534,4,[]
2544,6,[]
2556,5,[]
2567,7,[]
2580,7,[]
2593,6,[]
2605,7,[]
2618,6,[]
2630,6,[]
2642,6,[]
2654,7,[]
2667,6,[]
2679,6,[]
2691,7,[]
2704,6,[]
2716,7,[]
2729,7,[]
2742,8,[]
2756,7,[]
2769,7,[]
2782,8,[]
2796,8,[]
2810,7,[]
2823,8,[]
2837,8,[]
2851,68,[]
2974,2,[]
2982,3,[]
2991,4,[]
3001,5,[]
3012,5,[]
3023,6,[]
3035,6,[]
3047,6,[]
3059,6,[]
3071,8,[0, 1, 2, 3, 4, 5, 6, 7]
3085,6,[]
3097,6,[]
3109,6,[]
3121,8,[]
3135,7,[]
3148,5,[]
3159,7,[]
3172,6,[]
3184,6,[]
3196,6,[]
3208,6,[]
3220,7,[]
3233,6,[]
3245,6,[]
3257,6,[]
3269,6,[]
3281,5,[]
3292,6,[]
3304,5,[]
3315,65,[]
3435,2,[]
3443,2,[]
3451,3,[]
3460,5,[]
3471,5,[]
3482,5,[]
3493,5,[]
3504,5,[]
3515,6,[]
3527,6,[]
3539,6,[]
3551,4,[]
3561,4,[]
3571,4,[]
3581,6,[]
3593,7,[]
3606,5,[]
3617,4,[]
3627,6,[]
3639,4,[]
3649,6,[]
3661,9,[]
3676,7,[]
3689,6,[]
3701,5,[]
3712,6,[]
3724,6,[]
3736,9,[]
3751,7,[]
3764,84,[]
3903,1,[]
3910,1,[]
3917,3,[]
3926,3,[]
3935,2,[]
3943,5,[]
3954,4,[]
3964,4,[]
3974,4,[]
3984,6,[]
3996,5,[]
4007,6,[]
4019,6,[]
4031,5,[]
4042,4,[]
4052,4,[]
4062,5,[]
4073,5,[]
4084,6,[]
4096,6,[]
4108,6,[]
4120,7,[]
4133,5,[]
4144,4,[]
4154,6,[]
4166,6,[]
4178,6,[]
4190,6,[]
4202,7,[]
4215,81,[]
4351,2,[]
4359,3,[]
4368,4,[]
4378,4,[]
4388,5,[]
4399,5,[]
4410,6,[]
4422,5,[]
4433,6,[]
4445,6,[]
4457,5,[]
4468,6,[]
4480,7,[]
4493,9,[]
4508,7,[]
4521,6,[]
4533,6,[]
4545,7,[]
4558,6,[]
4570,6,[]
4582,7,[]
4595,7,[]
4608,6,[]
4620,6,[]
4632,6,[]
4644,5,[]
4655,6,[]
4667,5,[]
4678,4,[]
0,10,[]
17,3,[]
27,7,[]
41,7,[]
55,6,[]
68,6,[]
81,6,[]
94,6,[]
107,6,[]
120,6,[]
133,6,[]
146,6,[]
159,6,[]
172,7,[]
186,6,[]
199,7,[]
213,7,[]
227,7,[]
241,7,[]
255,7,[]
269,7,[]
283,6,[]
296,4,[]
307,9,[]
323,7,[]
337,7,[]
351,8,[]
366,8,[]
381,9,[]
397,9,[]
413,24,[]
444,6,[]
457,7,[]
471,7,[]
485,9,[]
501,8,[]
516,8,[]
531,9,[]
547,9,[]
563,9,[]
579,9,[]
595,9,[]
611,10,[]
628,10,[0, 1, 2, 3, 4, 5, 6, 7, 8]
645,10,[]
662,9,[]
678,10,[]
695,9,[]
711,10,[]
728,10,[]
745,11,[0, 1, 2, 3, 4, 5, 6, 7, 8, 9, 10]
763,11,[]
781,10,[]
798,10,[]
815,11,[]
833,10,[]
850,11,[]
868,10,[]
885,11,[]
903,10,[]
920,27,[]
954,8,[]
969,10,[]
986,10,[]
1003,10,[0, 1, 2, 3, 4, 5, 6, 7, 8, 9]
1020,9,[]
1036,9,[]
1052,9,[]
1068,9,[]
1084,9,[]
1100,9,[]
1116,9,[]
1132,9,[]
1148,9,[]
1164,9,[]
1180,9,[]
1196,9,[]
1212,9,[]
1228,9,[]
1244,9,[]
1260,8,[]
1275,8,[]
1290,8,[]
1305,8,[]
1320,9,[]
1336,9,[]
1352,9,[]
1368,8,[]
1383,9,[]
1399,8,[]
1414,28,[]
1449,6,[]
1462,7,[]
1476,8,[]
1491,8,[]
1506,8,[]
1521,8,[]
1536,8,[]
1551,8,[]
1566,8,[0, 1, 2, 3, 4, 5, 6, 7]
1581,8,[]
1596,8,[]
1611,8,[]
1626,8,[]
1641,8,[]
1656,8,[]
1671,8,[]
1686,8,[]
1701,8,[]
1716,8,[]
1731,8,[]
1746,7,[]
1760,8,[]
1775,9,[]
1791,8,[]
1806,8,[]
1821,9,[]
1837,9,[]
1853,9,[]
1869,8,[]
1884,26,[]
1917,7,[]
1931,7,[]
1945,7,[]
1959,8,[]
1974,8,[]
1989,8,[0, 1, 2, 3, 4, 5, 6, 7]
2004,8,[]
2019,8,[]
2034,8,[]
2049,8,[]
2064,8,[]
2079,9,[]
2095,8,[]
2110,9,[]
2126,8,[]
2141,9,[]
2157,8,[]
2172,8,[]
2187,8,[]
2202,8,[]
2217,8,[]
2232,8,[]
2247,8,[]
2262,8,[]
2277,8,[]
2292,8,[0, 1, 2, 3, 4, 5, 6, 7]
2307,8,[]
2322,8,[]
2337,9,[]
2353,26,[]
2386,6,[]
2399,7,[]
2413,7,[]
2427,7,[]
2441,8,[]
2456,8,[]
2471,8,[]
2486,8,[]
2501,8,[]
2516,8,[]
2531,7,[]
2545,7,[]
2559,6,[]
2572,6,[]
2585,7,[]
2599,6,[]
2612,6,[]
2625,6,[]
2638,6,[]
2651,6,[]
2664,5,[]
2676,6,[]
2689,5,[]
2701,6,[]
2714,6,[]
2727,5,[]
2739,6,[]
2752,6,[]
2765,6,[]
2778,19,[]
2804,4,[]
2815,5,[]
2827,6,[]
2840,6,[]
2853,6,[]
2866,6,[]
2879,7,[]
2893,7,[]
2907,7,[]
2921,6,[]
2934,6,[]
2947,6,[]
2960,6,[]
2973,8,[]
2988,7,[]
3002,7,[]
3016,7,[]
3030,7,[]
3044,7,[]
3058,7,[]
3072,7,[]
3086,7,[]
3100,7,[]
3114,7,[]
3128,7,[]
3142,7,[]
3156,7,[]
3170,7,[]
3184,7,[]
3198,20,[]
3225,5,[]
3237,6,[]
3250,7,[]
3264,8,[]
3279,3,[]
3289,9,[]
3305,7,[]
3319,8,[]
3334,8,[]
3349,8,[]
3364,8,[]
3379,8,[]
3394,7,[]
3408,8,[]
3423,8,[]
3438,8,[]
3453,7,[]
3467,8,[]
3482,8,[]
3497,8,[]
3512,7,[]
3526,8,[]
3541,8,[]
3556,8,[]
3571,8,[]
3586,8,[]
3601,8,[]
3616,7,[]
3630,7,[]
3644,22,[]
3673,5,[]
3685,5,[]
3697,7,[]
3711,7,[]
3725,7,[]
3739,7,[]
3753,7,[]
3767,7,[]
3781,7,[]
3795,7,[]
3809,7,[]
3823,7,[]
3837,6,[]
3850,7,[]
3864,7,[]
3878,6,[]
3891,6,[]
3904,6,[]
3917,6,[]
3930,6,[]
3943,6,[]
3956,6,[]
3969,6,[]
3982,8,[]
3997,7,[]
4011,7,[]
4025,7,[]
4039,7,[]
4053,7,[]
4067,22,[]
4096,4,[]
4107,6,[]
4120,6,[]
4133,6,[]
4146,7,[]
4160,7,[]
4174,8,[]
4189,6,[]
4202,6,[]
4215,6,[]
4228,7,[]
4242,7,[]
4256,7,[]
4270,7,[]
4284,7,[]
4298,7,[]
4312,7,[]
4326,7,[]
4340,7,[]
4354,7,[]
4368,7,[]
4382,7,[]
4396,7,[]
4410,7,[]
4424,7,[]
4438,6,[]
4451,6,[]
4464,6,[]
4477,5,[]
0,30,[]
35,1,[]
41,3,[]
49,4,[]
58,4,[]
67,3,[]
75,6,[]
86,4,[]
95,5,[]
105,8,[]
118,8,[]
131,7,[]
143,6,[]
154,4,[]
163,4,[]
172,5,[]
182,5,[]
192,4,[]
201,5,[]
211,4,[]
220,5,[]
230,5,[]
240,7,[]
252,8,[]
265,9,[]
279,3,[]
287,6,[]
298,8,[]
311,6,[]
322,3,[]
330,91,[]
478,1,[]
484,1,[]
490,1,[]
496,3,[]
504,3,[]
512,4,[]
521,6,[]
532,6,[]
543,4,[]
552,5,[]
562,8,[]
575,5,[]
585,4,[]
594,5,[]
604,6,[]
615,8,[]
628,4,[]
637,5,[]
647,7,[]
659,7,[]
671,4,[]
680,6,[]
691,5,[]
701,7,[]
713,7,[]
725,6,[]
736,5,[]
746,7,[]
758,10,[]
773,91,[]
921,2,[]
928,2,[]
935,4,[]
944,5,[]
954,6,[]
965,6,[]
976,8,[]
989,9,[]
1003,5,[]
1013,7,[]
1025,9,[]
1039,9,[]
1053,7,[0, 1, 2, 3, 4, 5, 6]
1065,5,[]
1075,6,[]
1086,9,[]
1100,5,[]
1110,6,[]
1121,8,[]
1134,8,[]
1147,7,[]
1159,8,[]
1172,7,[]
1184,7,[]
1196,9,[]
1210,12,[]
1227,6,[]
1238,11,[]
1254,8,[]
1267,95,[]
1419,6,[]
1430,5,[]
1440,7,[]
1452,8,[]
1465,10,[]
1480,7,[]
1492,9,[]
1506,10,[0, 1, 2, 3, 4, 5, 6]
1521,7,[]
1533,9,[]
1547,8,[]
1560,10,[]
1575,7,[]
1587,10,[]
1602,8,[]
1615,10,[]
1630,8,[]
1643,10,[]
1658,9,[]
1672,10,[]
1687,8,[]
1700,8,[]
1713,8,[]
1726,9,[]
1740,6,[]
1751,7,[]
1763,7,[]
1775,9,[0, 1, 2, 3, 4, 5, 6, 7, 8]
1789,6,[0, 1, 2, 3, 4, 5]
1800,85,[]
1942,1,[]
1948,2,[]
1955,2,[]
1962,5,[]
1972,5,[]
1982,5,[]
1992,5,[]
2002,7,[]
2014,6,[]
2025,7,[]
2037,6,[]
2048,6,[0, 1, 2, 3, 4, 5]
2059,5,[]
2069,7,[]
2081,7,[]
2093,6,[]
2104,6,[]
2115,7,[]
2127,7,[]
2139,7,[]
2151,6,[]
2162,8,[]
2175,7,[]
2187,8,[]
2200,7,[]
2212,8,[]
2225,7,[]
2237,8,[]
2250,7,[]
2262,75,[]
2394,2,[]
2401,3,[]
2409,5,[]
2419,3,[]
2427,3,[]
2435,5,[]
2445,4,[]
2454,7,[]
2466,5,[]
2476,5,[]
2486,7,[]
2498,6,[]
2509,6,[]
2520,6,[]
2531,6,[]
2542,6,[]
2553,6,[]
2564,7,[]
2576,4,[]
2585,7,[]
2597,7,[]
2609,7,[]
2621,5,[]
2631,6,[]
2642,7,[]
2654,6,[]
2665,6,[]
2676,7,[]
2688,4,[]
2697,69,[]
2823,2,[]
2830,3,[]
2838,3,[]
2846,5,[]
2856,6,[]
2867,7,[]
2879,7,[]
2891,7,[]
2903,8,[]
2916,5,[]
2926,8,[]
2939,7,[]
2951,8,[]
2964,7,[]
2976,6,[0, 1, 2, 3, 4, 5]
2987,8,[]
3000,6,[]
3011,8,[]
3024,7,[]
3036,6,[]
3047,7,[]
3059,6,[]
3070,6,[]
3081,5,[]
3091,7,[]
3103,6,[]
3114,6,[]
3125,6,[]
3136,9,[]
3150,60,[]
3267,2,[]
3274,4,[]
3283,4,[]
3292,4,[]
3301,4,[]
3310,5,[]
3320,6,[]
3331,7,[]
3343,7,[]
3355,6,[]
3366,6,[]
3377,5,[]
3387,6,[]
3398,6,[]
3409,6,[]
3420,5,[]
3430,7,[]
3442,5,[]
3452,6,[]
3463,5,[]
3473,6,[]
3484,7,[]
3496,6,[]
3507,7,[]
3519,8,[]
3532,9,[]
3546,6,[]
3557,7,[]
3569,7,[0, 1, 2, 3, 4, 5, 6]
3581,64,[]
3702,2,[]
3709,3,[]
3717,2,[]
3724,4,[]
3733,3,[]
3741,4,[]
3750,5,[]
3760,5,[]
3770,4,[]
3779,6,[]
3790,4,[]
3799,6,[]
3810,5,[]
3820,5,[]
3830,6,[]
3841,7,[]
3853,6,[]
3864,7,[]
3876,7,[1, 2, 3, 4, 5, 6]
3888,7,[0, 1, 2, 3, 4, 5, 6]
3900,6,[]
3911,7,[]
3923,6,[]
3934,6,[]
3945,7,[]
3957,8,[]
3970,6,[]
3981,7,[]
3993,6,[]
4004,63,[]
4124,2,[]
4131,3,[]
4139,3,[]
4147,4,[]
4156,4,[]
4165,7,[]
4177,6,[]
4188,7,[]
4200,6,[]
4211,6,[]
4222,7,[]
4234,5,[]
4244,7,[]
4256,6,[]
4267,6,[]
4278,6,[]
4289,5,[]
4299,6,[]
4310,5,[]
4320,7,[]
4332,4,[]
4341,6,[]
4352,5,[]
4362,6,[]
4373,5,[]
4383,6,[]
4394,6,[]
4405,7,[]
4417,4,[]
0,12,[]
18,1,[]
25,6,[]
37,4,[]
47,7,[]
60,7,[]
73,2,[]
81,3,[]
90,7,[]
103,6,[]
115,4,[]
125,4,[]
135,7,[0, 1, 2, 3, 4, 5, 6]
148,5,[]
159,5,[]
170,7,[]
183,7,[]
196,2,[]
204,7,[]
217,6,[]
229,9,[]
244,3,[]
253,8,[]
267,11,[]
284,9,[]
299,7,[]
312,7,[]
325,7,[]
338,7,[]
351,12,[]
369,43,[]
447,1,[]
454,7,[]
467,8,[]
481,6,[]
493,10,[]
509,7,[]
522,9,[]
537,7,[]
550,4,[]
560,11,[2, 3, 4, 5, 6, 7, 8, 9, 10]
577,10,[]
593,7,[]
606,12,[]
624,5,[]
635,5,[]
646,10,[]
662,9,[]
677,8,[]
691,10,[]
707,7,[]
720,5,[]
731,10,[]
747,4,[]
757,10,[]
773,5,[]
784,9,[]
799,7,[]
812,7,[0, 1, 2, 3, 4, 5, 6]
825,11,[]
842,43,[]
920,4,[]
930,3,[]
939,7,[]
952,4,[]
962,8,[]
976,6,[]
988,4,[]
998,10,[]
1014,8,[]
1028,6,[]
1040,9,[]
1055,4,[]
1065,9,[]
1080,4,[]
1090,9,[]
1105,8,[]
1119,9,[]
1134,4,[]
1144,9,[]
1159,9,[]
1174,9,[]
1189,4,[]
1199,9,[]
1214,4,[]
1224,9,[]
1239,6,[]
1251,8,[]
1265,6,[]
1277,8,[]
1291,45,[]
1371,1,[]
1378,6,[]
1390,4,[]
1400,8,[]
1414,8,[]
1428,6,[]
1440,9,[]
1455,4,[]
1465,9,[]
1480,4,[]
1490,9,[]
1505,4,[]
1515,10,[]
1531,4,[]
1541,10,[]
1557,10,[]
1573,4,[]
1583,8,[]
1597,6,[]
1609,9,[]
1624,6,[]
1636,9,[]
1651,9,[0, 1, 2, 3, 4, 5, 6, 7, 8]
1666,5,[]
1677,10,[]
1693,4,[]
1703,8,[]
1717,9,[]
1732,10,[]
1748,44,[]
1827,4,[]
1837,4,[]
1847,7,[]
1860,7,[]
1873,4,[]
1883,8,[]
1897,3,[]
1906,9,[]
1921,3,[]
1930,10,[]
1946,9,[]
1961,4,[]
1971,9,[]
1986,9,[]
2001,9,[]
2016,5,[]
2027,11,[]
2044,4,[]
2054,4,[]
2064,9,[]
2079,6,[]
2091,9,[]
2106,5,[]
2117,8,[]
2131,3,[]
2140,10,[]
2156,5,[]
2167,11,[0, 1, 2, 3, 4, 5, 6, 7, 8, 9]
2184,8,[]
2198,53,[]
2286,1,[]
2293,5,[]
2304,8,[]
2318,4,[]
2328,7,[]
2341,9,[]
2356,9,[]
2371,4,[]
2381,5,[]
2392,10,[]
2408,3,[]
2417,10,[]
2433,3,[]
2442,10,[]
2458,6,[]
2470,11,[0, 1, 2, 3, 4, 5, 6, 7, 8, 9, 10]
2487,9,[]
2502,7,[]
2515,10,[]
2531,5,[]
2542,9,[]
2557,6,[]
2569,10,[]
2585,3,[]
2594,11,[]
2611,6,[]
2623,7,[]
2636,12,[]
2654,6,[]
2666,52,[]
2753,1,[]
2760,7,[]
2773,4,[]
2783,9,[]
2798,9,[]
2813,7,[]
2826,10,[]
2842,6,[]
2854,11,[]
2871,4,[]
2881,9,[]
2896,10,[]
2912,9,[]
2927,6,[]
2939,4,[]
2949,11,[0, 1, 2, 3, 4, 5, 6, 7, 8, 9, 10]
2966,6,[]
2978,11,[]
2995,10,[]
3011,7,[]
3024,5,[]
3035,10,[]
3051,10,[]
3067,4,[]
3077,5,[]
3088,10,[]
3104,6,[]
3116,10,[]
3132,9,[]
3147,50,[]
3232,5,[]
3243,4,[]
3253,8,[]
3267,6,[]
3279,10,[]
3295,4,[]
3305,8,[]
3319,9,[]
3334,6,[]
3346,9,[]
3361,9,[]
3376,4,[]
3386,10,[]
3402,6,[]
3414,10,[]
3430,4,[]
3440,11,[]
3457,4,[]
3467,7,[]
3480,11,[]
3497,10,[]
3513,7,[]
3526,9,[]
3541,7,[]
3554,10,[]
3570,5,[]
3581,5,[]
3592,11,[]
3609,6,[]
3621,50,[]
3706,4,[]
3716,4,[]
3726,7,[]
3739,5,[]
3750,8,[]
3764,6,[]
3776,4,[]
3786,9,[]
3801,4,[]
3811,9,[0, 1, 2, 3, 4, 5, 6, 7, 8]
3826,6,[]
3838,9,[]
3853,4,[]
3863,9,[]
3878,4,[]
3888,10,[]
3904,7,[]
3917,6,[]
3929,4,[]
3939,9,[]
3954,6,[]
3966,8,[]
3980,8,[0, 1, 2, 3, 4, 5, 6, 7]
3994,6,[]
4006,9,[]
4021,5,[]
4032,8,[]
4046,4,[]
4056,9,[]
4071,44,[]
4150,3,[]
4159,4,[]
4169,3,[]
4178,6,[]
4190,6,[]
4202,5,[]
4213,8,[]
4227,4,[]
4237,7,[]
4250,5,[]
4261,10,[]
4277,5,[]
4288,5,[]
4299,8,[]
4313,8,[]
4327,4,[]
4337,8,[]
4351,6,[]
4363,8,[]
4377,5,[]
4388,7,[]
4401,8,[0, 1, 2, 3, 4, 5, 6, 7]
4415,8,[0, 1, 2, 3, 4, 5, 6, 7]
4429,5,[]
4440,5,[]
4451,10,[]
4467,8,[]
4481,4,[]
4491,12,[]
0,8,[]
15,4,[]
26,6,[]
39,6,[]
52,6,[]
65,6,[]
78,5,[]
90,6,[]
103,4,[]
114,5,[]
126,6,[]
139,7,[]
153,6,[]
166,5,[]
178,6,[]
191,5,[]
203,5,[]
215,4,[]
226,4,[]
237,5,[]
249,7,[]
263,7,[]
277,10,[]
294,6,[]
307,6,[]
320,7,[]
334,6,[]
347,7,[]
361,7,[]
375,10,[]
392,21,[]
420,6,[]
433,7,[]
447,7,[]
461,8,[]
476,7,[]
490,8,[]
505,8,[]
520,8,[]
535,8,[]
550,10,[]
567,8,[]
582,8,[]
597,9,[]
613,8,[]
628,9,[]
644,9,[]
660,8,[]
675,7,[]
689,9,[]
705,8,[]
720,8,[]
735,6,[]
748,8,[]
763,7,[]
777,7,[]
791,8,[]
806,8,[]
821,8,[]
836,8,[]
851,20,[]
878,6,[]
891,7,[]
905,7,[]
919,11,[]
937,11,[]
955,12,[]
974,12,[]
993,12,[]
1012,11,[]
1030,9,[]
1046,10,[]
1063,11,[]
1081,10,[]
1098,9,[]
1114,10,[]
1131,10,[]
1148,10,[]
1165,10,[0, 1, 2, 3, 4, 5, 6, 7, 8, 9]
1182,9,[]
1198,9,[]
1214,9,[]
1230,10,[]
1247,11,[]
1265,12,[]
1284,11,[]
1302,11,[]
1320,10,[]
1337,10,[]
1354,11,[]
1372,25,[0, 1, 2, 3, 4, 5, 6, 7, 8, 9]
1404,7,[]
1418,8,[]
1433,8,[]
1448,7,[]
1462,7,[]
1476,7,[]
1490,7,[]
1504,8,[]
1519,8,[]
1534,8,[]
1549,8,[]
1564,8,[]
1579,8,[]
1594,7,[]
1608,7,[]
1622,8,[]
1637,7,[]
1651,7,[]
1665,10,[]
1682,9,[]
1698,9,[]
1714,8,[0, 1, 2, 3, 4, 5, 6, 7]
1729,9,[]
1745,8,[]
1760,8,[]
1775,7,[]
1789,7,[]
1803,9,[]
1819,8,[]
1834,21,[]
1862,6,[]
1875,6,[]
1888,7,[]
1902,7,[]
1916,7,[]
1930,6,[]
1943,7,[]
1957,7,[]
1971,8,[]
1986,7,[]
2000,9,[]
2016,8,[]
2031,9,[]
2047,9,[]
2063,9,[]
2079,7,[]
2093,7,[]
2107,7,[]
2121,7,[]
2135,8,[]
2150,8,[]
2165,8,[]
2180,7,[]
2194,7,[]
2208,9,[]
2224,7,[]
2238,9,[]
2254,7,[]
2268,8,[]
2283,20,[]
2310,5,[]
2322,7,[]
2336,3,[]
2346,7,[]
2360,7,[]
2374,7,[]
2388,6,[]
2401,6,[]
2414,6,[]
2427,7,[]
2441,9,[]
2457,8,[]
2472,9,[]
2488,10,[]
2505,8,[]
2520,6,[]
2533,8,[]
2548,8,[]
2563,7,[]
2577,8,[]
2592,8,[]
2607,11,[]
2625,7,[]
2639,8,[]
2654,8,[]
2669,8,[]
2684,10,[]
2701,7,[]
2715,8,[]
2730,27,[]
2764,4,[]
2775,5,[]
2787,5,[]
2799,7,[]
2813,7,[]
2827,7,[]
2841,7,[]
2855,7,[]
2869,7,[]
2883,7,[]
2897,7,[]
2911,6,[]
2924,7,[]
2938,6,[]
2951,6,[]
2964,8,[]
2979,6,[]
2992,6,[]
3005,6,[]
3018,8,[]
3033,7,[]
3047,7,[]
3061,7,[]
3075,6,[]
3088,6,[]
3101,7,[]
3115,5,[]
3127,8,[]
3142,8,[]
3157,30,[3, 6, 20, 23, 24, 25, 26, 27, 28, 29]
3194,4,[]
3205,5,[]
3217,5,[]
3229,6,[]
3242,7,[]
3256,6,[]
3269,6,[]
3282,7,[]
3296,6,[]
3309,6,[]
3322,7,[]
3336,6,[]
3349,6,[]
3362,8,[]
3377,7,[]
3391,7,[]
3405,7,[]
3419,7,[]
3433,7,[]
3447,7,[]
3461,6,[]
3474,6,[]
3487,6,[]
3500,10,[0, 1, 2, 3, 4, 5, 6, 7, 8, 9]
3517,7,[]
3531,7,[]
3545,6,[]
3558,6,[]
3571,8,[]
3586,34,[]
3627,3,[]
3637,5,[]
3649,5,[]
3661,7,[]
3675,7,[]
3689,7,[]
3703,7,[]
3717,6,[]
3730,6,[]
3743,7,[]
3757,6,[]
3770,6,[]
3783,8,[]
3798,7,[]
3812,6,[]
3825,6,[]
3838,8,[]
3853,8,[]
3868,9,[]
3884,8,[]
3899,8,[0, 1, 2, 3, 4, 5, 6, 7]
3914,9,[0, 1, 2, 3, 4, 5, 6, 7]
3930,7,[]
3944,8,[]
3959,8,[]
3974,8,[]
3989,8,[]
4004,8,[]
4019,8,[]
4034,23,[]
4064,7,[]
4078,7,[]
4092,8,[]
4107,4,[]
4118,8,[]
4133,8,[]
4148,8,[]
4163,10,[]
4180,11,[]
4198,10,[]
4215,10,[]
4232,8,[]
4247,7,[]
4261,9,[]
4277,8,[]
4292,8,[]
4307,8,[]
4322,9,[]
4338,9,[]
4354,8,[]
4369,8,[]
4384,8,[]
4399,8,[]
4414,7,[]
4428,7,[]
4442,7,[]
4456,8,[]
4471,7,[]
4485,3,[]
0,22,[]
28,1,[]
35,9,[]
50,5,[]
61,13,[]
80,3,[]
89,8,[]
103,2,[]
111,16,[]
133,4,[]
143,15,[]
164,4,[]
174,2,[]
182,3,[]
191,16,[8, 9, 10, 11, 12, 13, 14, 15]
213,14,[]
233,3,[]
242,3,[]
251,7,[]
264,17,[]
287,14,[]
307,8,[]
321,1,[]
328,2,[]
336,10,[]
352,10,[]
368,7,[0, 1, 2, 3, 4, 5, 6]
381,9,[]
396,9,[]
411,6,[]
423,61,[]
523,8,[]
537,1,[]
544,7,[]
557,7,[]
570,10,[]
586,5,[]
597,10,[]
613,7,[]
626,11,[]
643,7,[]
656,12,[]
674,4,[]
684,12,[]
702,6,[]
714,3,[]
723,15,[]
744,3,[]
753,13,[]
772,6,[]
784,13,[]
803,4,[]
813,9,[]
828,6,[]
840,5,[]
851,21,[]
878,3,[]
887,13,[]
906,4,[]
916,10,[]
932,52,[]
1023,1,[]
1030,1,[]
1037,1,[]
1044,14,[]
1064,5,[]
1075,7,[]
1088,6,[]
1100,5,[]
1111,6,[]
1123,5,[]
1134,24,[]
1164,1,[]
1171,1,[]
1178,11,[]
1195,4,[]
1205,7,[]
1218,9,[]
1233,9,[]
1248,8,[]
1262,22,[]
1290,2,[]
1298,2,[]
1306,3,[]
1315,14,[]
1335,4,[]
1345,11,[]
1362,4,[]
1372,7,[]
1385,9,[]
1400,49,[]
1488,1,[]
1495,1,[]
1502,11,[]
1519,4,[]
1529,3,[]
1538,11,[]
1555,5,[]
1566,11,[]
1583,5,[]
1594,8,[]
1608,12,[]
1626,3,[]
1635,7,[0, 1, 2, 3, 4, 5, 6]
1648,3,[]
1657,6,[]
1669,6,[]
1681,22,[]
1709,1,[]
1716,10,[]
1732,5,[]
1743,7,[]
1756,11,[]
1773,5,[]
1784,4,[]
1794,10,[]
1810,5,[]
1821,11,[]
1838,3,[]
1847,11,[]
1864,45,[]
1948,6,[]
1960,3,[]
1969,7,[]
1982,11,[]
1999,2,[]
2007,7,[]
2020,9,[]
2035,7,[]
2048,14,[]
2068,2,[]
2076,9,[0, 1, 2, 3, 4, 5, 6, 7, 8]
2091,6,[]
2103,6,[]
2115,9,[]
2130,15,[]
2151,2,[]
2159,4,[]
2169,9,[]
2184,14,[]
2204,2,[]
2212,4,[]
2222,11,[]
2239,5,[]
2250,6,[]
2262,11,[]
2279,5,[]
2290,10,[]
2306,5,[]
2317,10,[]
2333,44,[]
2416,1,[]
2423,5,[]
2434,5,[]
2445,7,[]
2458,4,[]
2468,6,[]
2480,6,[]
2492,5,[]
2503,12,[0, 1, 2, 3, 4, 5, 6, 7, 8, 9, 10, 11]
2521,2,[]
2529,7,[]
2542,5,[]
2553,11,[]
2570,4,[]
2580,8,[]
2594,4,[]
2604,7,[]
2617,7,[]
2630,12,[]
2648,1,[]
2655,6,[]
2667,9,[]
2682,12,[]
2700,2,[]
2708,8,[]
2722,5,[]
2733,8,[]
2747,10,[]
2763,4,[]
2773,44,[]
2856,1,[]
2863,7,[]
2876,5,[]
2887,3,[]
2896,6,[]
2908,10,[0, 1, 2, 3, 4, 5, 6, 7, 8, 9]
2924,6,[]
2936,8,[]
2950,4,[]
2960,8,[]
2974,5,[]
2985,5,[]
2996,7,[]
3009,8,[]
3023,13,[]
3042,5,[]
3053,6,[]
3065,10,[]
3081,2,[]
3089,9,[]
3104,5,[]
3115,5,[]
3126,6,[]
3138,15,[]
3159,2,[]
3167,5,[]
3178,6,[]
3190,12,[]
3208,3,[]
3217,48,[]
3304,1,[]
3311,1,[]
3318,6,[]
3330,4,[]
3340,5,[]
3351,7,[]
3364,4,[]
3374,10,[]
3390,2,[]
3398,4,[]
3408,9,[]
3423,5,[]
3434,7,[]
3447,9,[]
3462,2,[]
3470,7,[]
3483,4,[]
3493,11,[]
3510,2,[]
3518,7,[]
3531,6,[]
3543,5,[]
3554,5,[]
3565,2,[]
3573,12,[]
3591,2,[]
3599,7,[]
3612,2,[]
3620,11,[]
3637,55,[]
3731,1,[]
3738,1,[]
3745,1,[]
3752,7,[]
3765,4,[]
3775,7,[0, 1, 2, 3, 4, 5, 6]
3788,3,[]
3797,5,[]
3808,5,[]
3819,9,[]
3834,4,[]
3844,9,[]
3859,4,[]
3869,5,[]
3880,5,[]
3891,9,[]
3906,6,[]
3918,9,[]
3933,6,[]
3945,5,[]
3956,7,[]
3969,11,[]
3986,3,[]
3995,4,[]
4005,5,[]
4016,6,[]
4028,9,[]
4043,3,[]
4052,17,[]
4075,65,[]
4179,1,[]
4186,1,[]
4193,1,[]
4200,1,[]
4207,1,[]
4214,1,[]
4221,13,[]
4240,3,[]
4249,4,[]
4259,9,[]
4274,8,[]
4288,5,[]
4299,4,[]
4309,9,[]
4324,4,[]
4334,10,[]
4350,5,[]
4361,11,[]
4378,3,[]
4387,7,[]
4400,12,[]
4418,4,[]
4428,2,[]
4436,11,[]
4453,2,[]
4461,7,[]
4474,2,[]
4482,2,[]
4490,8,[]
0,20,[]
27,12,[]
46,14,[]
67,13,[]
87,1,[]
95,1,[]
103,14,[]
124,2,[]
133,15,[6, 7, 8, 9, 10, 11, 12, 13, 14]
155,13,[]
175,15,[]
197,2,[]
206,1,[]
214,13,[]
234,16,[]
257,1,[]
265,12,[]
284,9,[]
300,3,[]
310,13,[2, 3, 4, 5, 6, 7, 8, 9, 10, 11, 12]
330,1,[]
338,3,[]
348,15,[]
370,11,[]
388,1,[]
396,10,[]
413,2,[]
422,10,[]
439,3,[]
449,14,[]
470,38,[]
536,1,[]
544,15,[]
566,14,[]
587,1,[]
595,15,[]
617,1,[]
625,17,[]
649,1,[]
657,13,[]
677,8,[]
692,5,[]
704,1,[]
712,5,[]
724,5,[]
736,2,[]
745,8,[]
760,10,[]
777,3,[]
787,7,[]
801,3,[]
811,12,[]
830,8,[]
845,4,[]
856,9,[]
872,3,[]
882,4,[]
893,10,[]
910,4,[]
921,4,[]
932,39,[]
999,1,[]
1007,9,[]
1023,4,[]
1034,4,[]
1045,11,[]
1063,3,[]
1073,3,[]
1083,11,[]
1101,4,[]
1112,10,[]
1129,2,[]
1138,3,[]
1148,9,[]
1164,3,[]
1174,10,[]
1191,2,[]
1200,11,[]
1218,4,[]
1229,11,[]
1247,3,[]
1257,2,[]
1266,10,[]
1283,3,[]
1293,10,[]
1310,5,[]
1322,10,[]
1339,11,[]
1357,3,[]
1367,4,[]
1378,40,[]
1446,13,[]
1466,2,[]
1475,11,[]
1493,3,[]
1503,12,[]
1522,10,[]
1539,4,[]
1550,15,[]
1572,3,[]
1582,10,[]
1599,9,[]
1615,9,[]
1631,4,[]
1642,10,[0, 1, 2, 3, 4, 5, 6, 7]
1659,8,[]
1674,9,[]
1690,9,[]
1706,2,[]
1715,11,[]
1733,11,[]
1751,4,[]
1762,12,[]
1781,4,[]
1792,12,[]
1811,5,[]
1823,12,[]
1842,9,[]
1858,5,[]
1870,11,[]
1888,37,[]
1953,1,[]
1961,9,[]
1977,9,[]
1993,4,[]
2004,10,[]
2021,9,[]
2037,4,[]
2048,9,[]
2064,10,[0, 1, 2, 3, 4, 5, 6, 7, 8, 9]
2081,9,[]
2097,3,[]
2107,9,[]
2123,4,[]
2134,10,[]
2151,9,[]
2167,9,[]
2183,3,[]
2193,10,[]
2210,4,[]
2221,11,[]
2239,3,[]
2249,9,[]
2265,10,[]
2282,7,[]
2296,5,[]
2308,9,[]
2324,8,[]
2339,4,[]
2350,11,[1, 2, 3, 4, 5, 6, 7, 8, 9, 10]
2368,31,[]
2406,8,[]
2421,3,[]
2431,12,[]
2450,3,[]
2460,10,[]
2477,5,[]
2489,5,[]
2501,10,[]
2518,8,[]
2533,4,[]
2544,8,[0, 1, 2, 3, 4, 5, 6, 7]
2559,4,[]
2570,9,[]
2586,6,[]
2599,5,[]
2611,4,[]
2622,9,[]
2638,6,[]
2651,5,[]
2663,9,[]
2679,6,[]
2692,6,[]
2705,7,[]
2719,4,[]
2730,10,[]
2747,4,[]
2758,10,[]
2775,7,[]
2789,8,[]
2804,33,[]
2844,6,[]
2857,7,[]
2871,4,[]
2882,7,[]
2896,6,[]
2909,4,[]
2920,8,[]
2935,4,[]
2946,9,[]
2962,5,[]
2974,5,[]
2986,8,[]
3001,8,[]
3016,7,[]
3030,5,[]
3042,9,[]
3058,6,[]
3071,11,[]
3089,7,[]
3103,8,[]
3118,5,[]
3130,9,[]
3146,8,[]
3161,6,[]
3174,3,[]
3184,8,[]
3199,4,[]
3210,8,[]
3225,6,[]
3238,33,[18, 24, 25, 26, 27, 28, 29, 30]
3278,1,[]
3286,8,[]
3301,7,[]
3315,6,[]
3328,10,[]
3345,5,[]
3357,8,[]
3372,7,[]
3386,7,[]
3400,5,[]
3412,9,[]
3428,6,[]
3441,10,[]
3458,10,[]
3475,5,[]
3487,8,[]
3502,7,[]
3516,5,[]
3528,10,[]
3545,10,[]
3562,3,[]
3572,11,[]
3590,4,[]
3601,10,[]
3618,5,[]
3630,9,[]
3646,7,[]
3660,11,[]
3678,8,[]
3693,38,[]
3759,7,[]
3773,4,[]
3784,4,[]
3795,9,[]
3811,4,[]
3822,9,[]
3838,7,[]
3852,7,[]
3866,4,[]
3877,8,[]
3892,6,[]
3905,7,[]
3919,7,[]
3933,5,[]
3945,6,[]
3958,12,[]
3977,8,[]
3992,7,[]
4006,8,[]
4021,5,[]
4033,9,[]
4049,7,[]
4063,8,[]
4078,6,[]
4091,9,[]
4107,8,[]
4122,8,[]
4137,8,[]
4152,6,[]
4165,35,[]
4228,6,[]
4241,5,[]
4253,9,[]
4269,8,[]
4284,4,[]
4295,9,[]
4311,7,[]
4325,8,[]
4340,6,[]
4353,6,[]
4366,4,[]
4377,7,[]
4391,7,[]
4405,7,[]
4419,7,[]
4433,4,[]
4444,7,[]
4458,7,[]
4472,6,[]
4485,7,[]
4499,4,[]
4510,5,[]
4522,10,[]
4539,8,[]
4554,6,[]
4567,7,[]
4581,4,[]
4592,8,[]
4607,5,[]
0,33,[5, 6, 7, 8, 9, 10, 11, 12, 13, 14, 15, 16]
39,1,[]
46,7,[]
59,5,[]
70,11,[]
87,11,[]
104,4,[]
114,9,[]
129,9,[]
144,4,[]
154,11,[]
171,4,[]
181,12,[]
199,12,[]
217,12,[]
235,3,[]
244,13,[]
263,10,[]
279,3,[]
288,11,[]
305,12,[]
323,2,[]
331,10,[]
347,1,[]
354,5,[]
365,8,[]
379,7,[]
392,4,[]
402,11,[]
419,10,[]
435,51,[]
523,10,[]
539,12,[]
557,5,[]
568,10,[]
584,5,[]
595,11,[]
612,9,[]
627,13,[]
646,3,[]
655,12,[4, 5, 6, 7, 8, 9, 10, 11]
673,11,[]
690,4,[]
700,11,[]
717,11,[]
734,2,[]
742,10,[]
758,4,[]
768,11,[]
785,11,[]
802,10,[]
818,3,[]
827,12,[]
845,10,[]
861,3,[]
870,9,[]
885,9,[]
900,4,[]
910,9,[]
925,6,[]
937,45,[]
1019,4,[]
1029,6,[]
1041,3,[]
1050,7,[]
1063,8,[]
1077,3,[]
1086,7,[]
1099,8,[]
1113,4,[]
1123,8,[]
1137,5,[]
1148,8,[]
1162,6,[]
1174,9,[]
1189,6,[]
1201,8,[]
1215,8,[]
1229,6,[]
1241,7,[]
1254,7,[]
1267,4,[]
1277,8,[]
1291,3,[]
1300,8,[]
1314,8,[]
1328,9,[]
1343,3,[]
1352,8,[]
1366,7,[]
1379,46,[]
1462,4,[]
1472,5,[]
1483,3,[]
1492,8,[]
1506,3,[]
1515,9,[]
1530,6,[]
1542,9,[]
1557,5,[]
1568,9,[]
1583,6,[]
1595,5,[]
1606,9,[]
1621,7,[]
1634,3,[]
1643,10,[]
1659,4,[]
1669,10,[]
1685,7,[]
1698,8,[]
1712,5,[]
1723,6,[]
1735,9,[]
1750,2,[]
1758,10,[]
1774,7,[]
1787,3,[]
1796,9,[]
1811,6,[]
1823,46,[]
1906,4,[]
1916,7,[]
1929,4,[]
1939,8,[]
1953,8,[]
1967,3,[]
1976,9,[]
1991,7,[]
2004,2,[]
2012,10,[]
2028,6,[]
2040,8,[]
2054,6,[]
2066,9,[]
2081,5,[]
2092,9,[]
2107,8,[]
2121,5,[]
2132,9,[]
2147,6,[]
2159,6,[]
2171,9,[]
2186,3,[]
2195,9,[]
2210,6,[]
2222,10,[]
2238,5,[]
2249,9,[]
2264,9,[]
2279,45,[]
2361,6,[]
2373,6,[]
2385,4,[]
2395,9,[]
2410,5,[]
2421,9,[]
2436,7,[]
2449,9,[]
2464,6,[]
2476,8,[]
2490,8,[]
2504,5,[]
2515,10,[]
2531,8,[]
2545,3,[]
2554,10,[]
2570,3,[]
2579,8,[]
2593,8,[]
2607,9,[]
2622,6,[]
2634,7,[]
2647,9,[]
2662,6,[]
2674,8,[]
2688,7,[]
2701,5,[]
2712,9,[]
2727,6,[]
2739,49,[]
2825,4,[]
2835,5,[]
2846,4,[]
2856,6,[]
2868,7,[]
2881,5,[]
2892,6,[]
2904,7,[]
2917,5,[]
2928,9,[]
2943,5,[]
2954,8,[]
2968,7,[]
2981,7,[]
2994,4,[]
3004,7,[]
3017,8,[]
3031,5,[]
3042,7,[]
3055,7,[]
3068,5,[]
3079,8,[]
3093,5,[]
3104,7,[]
3117,8,[]
3131,6,[]
3143,3,[]
3152,7,[]
3165,7,[]
3178,47,[]
3262,1,[]
3269,4,[]
3279,5,[]
3290,5,[]
3301,5,[]
3312,5,[]
3323,8,[]
3337,5,[]
3348,4,[]
3358,8,[]
3372,7,[]
3385,5,[]
3396,7,[]
3409,7,[]
3422,5,[]
3433,7,[]
3446,3,[]
3455,6,[]
3467,9,[]
3482,6,[]
3494,4,[]
3504,7,[]
3517,6,[]
3529,3,[]
3538,6,[]
3550,8,[]
3564,3,[]
3573,6,[]
3585,4,[]
3595,53,[]
3685,3,[]
3694,3,[]
3703,4,[]
3713,7,[0, 1, 2, 3, 4, 5, 6]
3726,6,[]
3738,3,[]
3747,7,[]
3760,8,[]
3774,3,[]
3783,6,[]
3795,5,[]
3806,8,[]
3820,6,[]
3832,6,[]
3844,3,[]
3853,9,[]
3868,8,[]
3882,3,[]
3891,8,[]
3905,9,[]
3920,3,[]
3929,7,[]
3942,3,[]
3951,9,[]
3966,8,[]
3980,8,[1, 2, 3, 4, 5, 6, 7]
3994,3,[]
4003,9,[]
4018,7,[]
4031,53,[]
4121,4,[]
4131,5,[]
4142,4,[]
4152,8,[]
4166,3,[]
4175,9,[]
4190,8,[]
4204,7,[]
4217,5,[]
4228,10,[2, 3, 4, 5, 6, 7, 8]
4244,9,[]
4259,3,[]
4268,11,[]
4285,8,[]
4299,3,[]
4308,11,[]
4325,6,[]
4337,10,[]
4353,9,[]
4368,9,[]
4383,3,[]
4392,10,[]
4408,8,[]
4422,3,[]
4431,10,[]
4447,8,[]
4461,6,[]
4473,9,[]
4488,4,[]
0,21,[1, 13, 14, 15, 16, 17, 18, 19, 20]
26,1,[]
32,2,[]
39,4,[]
48,4,[]
57,3,[]
65,2,[]
72,3,[]
80,2,[]
87,4,[]
96,2,[]
103,3,[]
111,3,[]
119,2,[]
126,7,[]
138,9,[]
152,8,[]
165,6,[]
176,2,[]
183,4,[]
192,5,[]
202,7,[]
214,8,[]
227,11,[]
243,9,[]
257,6,[]
268,9,[]
282,9,[]
296,9,[]
310,8,[]
323,91,[]
478,3,[]
486,2,[]
493,6,[]
504,5,[]
514,7,[]
526,7,[]
538,3,[]
546,4,[]
555,6,[]
566,4,[]
575,7,[]
587,4,[]
596,5,[]
606,5,[]
616,5,[]
626,3,[]
634,6,[]
645,6,[]
656,3,[]
664,4,[]
673,5,[]
683,3,[]
691,5,[]
701,3,[]
709,6,[]
720,3,[]
728,6,[]
739,3,[]
747,6,[]
758,86,[]
908,3,[]
916,1,[]
922,5,[]
932,4,[]
941,6,[]
952,6,[]
963,7,[]
975,4,[]
984,8,[]
997,4,[]
1006,7,[]
1018,7,[]
1030,7,[]
1042,6,[]
1053,7,[]
1065,6,[]
1076,7,[]
1088,6,[0, 1, 2, 3, 4, 5]
1099,8,[0, 1, 2, 3, 4, 5, 6, 7]
1112,5,[]
1122,8,[]
1135,4,[]
1144,8,[]
1157,5,[]
1167,9,[]
1181,4,[]
1190,8,[]
1203,6,[]
1214,8,[]
1227,88,[]
1379,3,[]
1387,2,[]
1394,7,[]
1406,3,[]
1414,7,[]
1426,6,[]
1437,8,[]
1450,6,[]
1461,9,[]
1475,6,[]
1486,8,[]
1499,6,[]
1510,8,[]
1523,6,[]
1534,9,[]
1548,6,[]
1559,8,[]
1572,6,[]
1583,10,[]
1598,5,[]
1608,9,[]
1622,4,[]
1631,9,[]
1645,5,[]
1655,10,[]
1670,4,[]
1679,9,[]
1693,5,[]
1703,9,[]
1717,89,[]
1870,4,[]
1879,2,[]
1886,7,[]
1898,4,[]
1907,7,[]
1919,6,[]
1930,8,[]
1943,5,[]
1953,8,[]
1966,4,[]
1975,9,[]
1989,5,[]
1999,9,[]
2013,4,[]
2022,8,[]
2035,5,[]
2045,8,[]
2058,4,[]
2067,8,[]
2080,5,[]
2090,8,[]
2103,4,[]
2112,9,[]
2126,5,[]
2136,8,[]
2149,6,[]
2160,10,[]
2175,5,[]
2185,9,[]
2199,94,[]
2357,4,[]
2366,3,[]
2374,6,[]
2385,5,[]
2395,7,[]
2407,4,[]
2416,9,[]
2430,5,[]
2440,9,[]
2454,4,[]
2463,9,[]
2477,4,[]
2486,9,[]
2500,4,[]
2509,8,[]
2522,6,[]
2533,8,[]
2546,4,[]
2555,9,[]
2569,5,[]
2579,8,[]
2592,4,[]
2601,9,[]
2615,5,[]
2625,8,[]
2638,4,[]
2647,8,[]
2660,5,[]
2670,8,[]
2683,96,[]
2843,2,[]
2850,3,[]
2858,4,[]
2867,6,[]
2878,5,[]
2888,5,[]
2898,7,[]
2910,3,[]
2918,7,[]
2930,6,[]
2941,6,[]
2952,6,[]
2963,7,[]
2975,6,[]
2986,8,[]
2999,4,[]
3008,8,[]
3021,4,[]
3030,8,[]
3043,4,[]
3052,8,[]
3065,6,[]
3076,9,[]
3090,5,[]
3100,9,[]
3114,4,[]
3123,9,[]
3137,4,[]
3146,9,[]
3160,94,[]
3318,3,[]
3326,3,[]
3334,3,[]
3342,4,[]
3351,4,[]
3360,3,[]
3368,5,[]
3378,5,[]
3388,5,[]
3398,4,[]
3407,4,[]
3416,5,[]
3426,4,[]
3435,4,[]
3444,6,[]
3455,3,[]
3463,6,[]
3474,4,[]
3483,6,[]
3494,5,[]
3504,7,[]
3516,5,[]
3526,7,[]
3538,6,[]
3549,8,[]
3562,3,[]
3570,7,[]
3582,5,[]
3592,7,[]
3604,82,[]
3750,2,[]
3757,4,[]
3766,3,[]
3774,6,[]
3785,4,[]
3794,6,[]
3805,5,[]
3815,5,[]
3825,4,[]
3834,4,[]
3843,5,[]
3853,5,[]
3863,6,[]
3874,3,[]
3882,6,[]
3893,5,[]
3903,6,[]
3914,4,[]
3923,7,[]
3935,4,[]
3944,7,[]
3956,6,[]
3967,7,[]
3979,6,[]
3990,9,[]
4004,4,[]
4013,7,[]
4025,8,[]
4038,8,[]
4051,79,[]
4194,2,[]
4201,4,[]
4210,5,[]
4220,3,[]
4228,3,[]
4236,4,[]
4245,5,[]
4255,5,[]
4265,5,[]
4275,4,[]
4284,3,[]
4292,6,[]
4303,5,[]
4313,6,[]
4324,2,[]
4331,6,[]
4342,4,[]
4351,6,[]
4362,6,[]
4373,4,[]
4382,6,[]
4393,6,[0, 1, 2, 3, 4, 5]
4404,5,[]
4414,8,[]
4427,3,[]
4435,8,[]
4448,4,[]
4457,8,[]
4470,7,[]
0,22,[]
28,4,[]
38,6,[]
50,7,[]
63,7,[]
76,8,[]
90,8,[]
104,9,[]
119,9,[0, 1, 2, 3, 4, 5, 6, 7, 8]
134,7,[]
147,6,[]
159,6,[]
171,6,[]
183,7,[]
196,7,[]
209,7,[]
222,9,[]
237,7,[]
250,6,[]
262,6,[]
274,5,[]
285,5,[]
296,2,[]
304,3,[]
313,4,[]
323,4,[]
333,5,[]
344,5,[]
355,6,[]
367,5,[]
378,55,[]
474,2,[]
482,3,[]
491,5,[]
502,4,[]
512,5,[]
523,5,[]
534,5,[]
545,6,[]
557,5,[]
568,5,[]
579,5,[]
590,5,[]
601,6,[]
613,6,[]
625,5,[]
636,6,[]
648,7,[]
661,7,[]
674,6,[]
686,7,[]
699,8,[]
713,7,[]
726,8,[]
740,8,[]
754,8,[]
768,8,[]
782,9,[]
797,9,[]
812,9,[]
827,41,[]
909,8,[]
923,9,[]
938,10,[]
954,8,[]
968,9,[]
983,8,[]
997,9,[]
1012,9,[]
1027,9,[]
1042,9,[]
1057,10,[]
1073,10,[]
1089,9,[]
1104,8,[]
1118,8,[]
1132,8,[]
1146,8,[]
1160,9,[]
1175,7,[]
1188,8,[]
1202,9,[]
1217,7,[]
1230,8,[0, 1, 2, 3, 4, 5, 6, 7]
1244,8,[0, 1, 2, 3, 4, 5, 6, 7]
1258,7,[]
1271,6,[]
1283,7,[]
1296,7,[]
1309,7,[]
1322,53,[]
1416,4,[]
1426,4,[]
1436,5,[]
1447,7,[]
1460,6,[]
1472,8,[]
1486,7,[]
1499,8,[]
1513,7,[]
1526,7,[]
1539,7,[]
1552,9,[]
1567,7,[]
1580,7,[]
1593,7,[]
1606,8,[]
1620,5,[]
1631,8,[]
1645,7,[]
1658,7,[]
1671,6,[]
1683,8,[]
1697,6,[]
1709,6,[]
1721,6,[]
1733,5,[]
1744,6,[]
1756,6,[]
1768,7,[]
1781,57,[]
1879,3,[]
1888,4,[]
1898,5,[]
1909,7,[]
1922,6,[]
1934,7,[]
1947,8,[]
1961,8,[]
1975,6,[]
1987,6,[]
1999,5,[]
2010,7,[]
2023,7,[]
2036,7,[]
2049,7,[]
2062,8,[]
2076,7,[]
2089,8,[]
2103,7,[]
2116,8,[]
2130,9,[]
2145,8,[]
2159,11,[]
2176,6,[]
2188,10,[]
2204,8,[]
2218,9,[]
2233,9,[]
2248,10,[]
2264,48,[]
2353,6,[]
2365,10,[]
2381,8,[]
2395,9,[]
2410,9,[]
2425,10,[]
2441,9,[]
2456,9,[]
2471,8,[0, 1, 2, 3, 4, 5, 6, 7]
2485,7,[]
2498,7,[]
2511,6,[]
2523,7,[]
2536,7,[]
2549,6,[]
2561,7,[]
2574,6,[]
2586,6,[]
2598,7,[]
2611,5,[]
2622,5,[]
2633,10,[]
2649,8,[]
2663,7,[]
2676,6,[]
2688,8,[]
2702,7,[]
2715,7,[]
2728,6,[]
2740,56,[]
2837,2,[]
2845,5,[]
2856,5,[]
2867,7,[]
2880,7,[]
2893,6,[]
2905,7,[]
2918,8,[]
2932,7,[]
2945,7,[]
2958,7,[]
2971,8,[]
2985,7,[]
2998,9,[]
3013,7,[]
3026,6,[]
3038,8,[]
3052,6,[]
3064,7,[]
3077,6,[]
3089,6,[]
3101,7,[0, 1, 2, 3, 4, 5, 6]
3114,7,[]
3127,8,[]
3141,6,[]
3153,8,[]
3167,6,[]
3179,7,[]
3192,6,[]
3204,59,[]
3304,2,[]
3312,3,[]
3321,6,[]
3333,4,[]
3343,4,[]
3353,6,[]
3365,7,[]
3378,8,[]
3392,8,[]
3406,7,[]
3419,6,[]
3431,6,[]
3443,6,[]
3455,7,[]
3468,6,[]
3480,7,[]
3493,6,[]
3505,9,[]
3520,5,[]
3531,6,[]
3543,6,[]
3555,6,[]
3567,7,[]
3580,7,[]
3593,7,[]
3606,8,[]
3620,5,[]
3631,7,[]
3644,10,[]
3660,63,[]
3764,2,[]
3772,4,[]
3782,4,[]
3792,5,[]
3803,6,[]
3815,5,[]
3826,6,[]
3838,7,[]
3851,6,[]
3863,7,[]
3876,7,[]
3889,7,[]
3902,7,[]
3915,7,[]
3928,7,[]
3941,8,[]
3955,7,[]
3968,9,[]
3983,6,[]
3995,6,[]
4007,7,[]
4020,6,[]
4032,7,[]
4045,6,[]
4057,7,[]
4070,8,[]
4084,7,[]
4097,6,[]
4109,7,[]
4122,60,[]
4223,2,[]
4231,4,[]
4241,4,[]
4251,5,[]
4262,6,[]
4274,6,[]
4286,5,[]
4297,6,[]
4309,7,[]
4322,8,[]
4336,7,[]
4349,8,[]
4363,8,[]
4377,8,[]
4391,8,[]
4405,8,[]
4419,7,[]
4432,8,[]
4446,8,[]
4460,8,[]
4474,8,[0, 1, 2, 3, 4, 5, 6, 7]
4488,8,[]
4502,8,[]
4516,8,[]
4530,7,[]
4543,7,[]
4556,9,[]
4571,7,[]
4584,7,[]
0,25,[1, 2, 3, 4, 5, 6, 7, 8, 9, 10, 11, 12, 13, 14, 15, 16, 17, 18]
31,3,[]
40,3,[]
49,4,[]
59,7,[]
72,7,[]
85,8,[]
99,9,[]
114,5,[]
125,8,[]
139,8,[]
153,9,[]
168,7,[]
181,9,[]
196,8,[]
210,9,[]
225,9,[]
240,8,[]
254,7,[]
267,8,[]
281,8,[]
295,8,[]
309,2,[]
317,2,[]
325,6,[]
337,6,[]
349,5,[]
360,6,[]
372,8,[]
386,3,[]
395,71,[]
518,3,[]
527,4,[]
537,3,[]
546,6,[]
558,6,[]
570,8,[]
584,3,[]
593,9,[]
608,6,[]
620,7,[]
633,6,[]
645,7,[]
658,4,[]
668,7,[]
681,7,[]
694,9,[]
709,5,[]
720,6,[]
732,6,[]
744,6,[]
756,6,[]
768,5,[]
779,7,[]
792,8,[]
806,6,[]
818,6,[]
830,8,[]
844,8,[]
858,7,[]
871,75,[]
998,2,[]
1006,2,[]
1014,5,[]
1025,6,[]
1037,5,[]
1048,8,[]
1062,6,[]
1074,5,[]
1085,8,[]
1099,8,[]
1113,7,[]
1126,7,[]
1139,5,[]
1150,8,[]
1164,5,[]
1175,9,[]
1190,8,[]
1204,4,[]
1214,7,[]
1227,8,[]
1241,7,[]
1254,6,[]
1266,4,[]
1276,7,[]
1289,7,[]
1302,9,[]
1317,10,[]
1333,5,[]
1344,11,[]
1361,72,[]
1485,8,[]
1499,5,[]
1510,4,[]
1520,9,[]
1535,7,[]
1548,6,[]
1560,7,[]
1573,8,[]
1587,8,[]
1601,9,[]
1616,7,[]
1629,9,[]
1644,4,[]
1654,7,[]
1667,7,[]
1680,7,[]
1693,8,[]
1707,7,[]
1720,8,[]
1734,7,[]
1747,6,[]
1759,7,[]
1772,3,[]
1781,9,[]
1796,7,[]
1809,4,[]
1819,8,[]
1833,8,[]
1847,7,[]
1860,83,[]
1995,2,[]
2003,1,[]
2010,3,[]
2019,6,[]
2031,4,[]
2041,6,[]
2053,7,[]
2066,4,[]
2076,7,[]
2089,9,[]
2104,10,[]
2120,6,[]
2132,8,[]
2146,9,[]
2161,7,[]
2174,8,[]
2188,6,[]
2200,4,[]
2210,8,[]
2224,9,[]
2239,5,[]
2250,8,[]
2264,4,[]
2274,5,[]
2285,7,[]
2298,9,[]
2313,3,[]
2322,9,[0, 1, 2, 3, 4, 5, 6, 7]
2337,8,[]
2351,87,[]
2490,2,[]
2498,2,[]
2506,5,[]
2517,3,[]
2526,5,[]
2537,4,[]
2547,5,[]
2558,5,[]
2569,6,[]
2581,6,[]
2593,5,[]
2604,9,[]
2619,6,[]
2631,8,[]
2645,7,[]
2658,7,[]
2671,7,[]
2684,6,[]
2696,10,[]
2712,10,[]
2728,11,[]
2745,2,[]
2753,14,[]
2773,3,[]
2782,11,[]
2799,7,[]
2812,7,[]
2825,6,[]
2837,10,[]
2853,65,[]
2970,2,[]
2978,4,[]
2988,4,[]
2998,4,[]
3008,4,[]
3018,4,[]
3028,5,[]
3039,4,[]
3049,7,[]
3062,7,[]
3075,6,[]
3087,4,[]
3097,8,[]
3111,5,[]
3122,5,[]
3133,6,[]
3145,6,[]
3157,3,[]
3166,5,[]
3177,7,[]
3190,5,[]
3201,6,[]
3213,4,[]
3223,9,[]
3238,9,[]
3253,11,[]
3270,4,[]
3280,11,[]
3297,12,[]
3315,55,[]
3422,3,[]
3431,3,[]
3440,5,[]
3451,4,[]
3461,6,[]
3473,5,[]
3484,6,[]
3496,5,[]
3507,6,[]
3519,5,[]
3530,6,[]
3542,5,[]
3553,6,[]
3565,8,[]
3579,6,[]
3591,6,[]
3603,6,[]
3615,4,[]
3625,8,[]
3639,6,[]
3651,5,[]
3662,7,[]
3675,6,[]
3687,4,[]
3697,7,[]
3710,8,[]
3724,7,[]
3737,5,[]
3748,7,[]
3761,65,[]
3878,1,[]
3885,2,[]
3893,2,[]
3901,4,[]
3911,3,[]
3920,4,[]
3930,6,[]
3942,4,[]
3952,4,[]
3962,4,[]
3972,4,[]
3982,4,[]
3992,4,[]
4002,3,[]
4011,7,[]
4024,6,[]
4036,4,[]
4046,6,[]
4058,5,[]
4069,7,[]
4082,6,[]
4094,7,[]
4107,5,[]
4118,6,[]
4130,5,[]
4141,5,[]
4152,6,[]
4164,10,[]
4180,9,[]
4195,68,[]
4315,3,[]
4324,5,[]
4335,3,[]
4344,5,[]
4355,5,[]
4366,5,[]
4377,6,[]
4389,6,[]
4401,6,[]
4413,6,[]
4425,7,[]
4438,6,[]
4450,6,[]
4462,8,[]
4476,9,[]
4491,8,[]
4505,6,[]
4517,7,[]
4530,9,[0, 1, 2, 3, 4, 5, 6, 7, 8]
4545,9,[]
4560,8,[]
4574,7,[]
4587,7,[]
4600,5,[]
4611,8,[]
4625,8,[]
4639,8,[]
4653,7,[]
4666,7,[]
0,13,[]
20,2,[]
29,7,[]
43,8,[]
58,7,[]
72,6,[]
85,8,[]
100,6,[]
113,6,[]
126,6,[]
139,6,[]
152,7,[]
166,7,[]
180,7,[]
194,7,[]
208,6,[]
221,7,[]
235,6,[]
248,6,[]
261,7,[]
275,7,[]
289,7,[]
303,3,[]
313,7,[]
327,8,[]
342,7,[]
356,7,[]
370,7,[]
384,7,[]
398,8,[]
413,30,[]
450,3,[]
460,5,[]
472,6,[]
485,8,[]
500,8,[]
515,7,[]
529,8,[]
544,8,[]
559,8,[]
574,8,[]
589,7,[]
603,7,[]
617,7,[]
631,8,[]
646,8,[]
661,8,[]
676,10,[]
693,9,[]
709,7,[]
723,7,[]
737,7,[]
751,8,[]
766,8,[]
781,7,[]
795,9,[]
811,8,[]
826,8,[]
841,7,[]
855,9,[]
871,36,[]
936,3,[]
946,5,[]
958,6,[]
971,6,[]
984,7,[]
998,7,[]
1012,7,[]
1026,6,[]
1039,7,[]
1053,8,[]
1068,7,[]
1082,6,[]
1095,8,[]
1110,5,[]
1122,7,[]
1136,7,[]
1150,8,[]
1165,8,[]
1180,7,[]
1194,8,[]
1209,7,[]
1223,7,[]
1237,7,[]
1251,7,[]
1265,6,[]
1278,8,[]
1293,8,[]
1308,7,[]
1322,6,[]
1335,42,[]
1406,4,[]
1417,5,[]
1429,5,[]
1441,7,[]
1455,7,[]
1469,8,[]
1484,7,[]
1498,8,[]
1513,8,[]
1528,8,[]
1543,8,[]
1558,7,[]
1572,8,[]
1587,8,[]
1602,8,[]
1617,9,[]
1633,7,[]
1647,10,[]
1664,7,[]
1678,9,[]
1694,8,[]
1709,8,[]
1724,8,[]
1739,8,[]
1754,7,[]
1768,8,[]
1783,8,[]
1798,7,[]
1812,8,[]
1827,37,[]
1893,2,[]
1902,5,[]
1914,5,[]
1926,6,[]
1939,6,[]
1952,7,[]
1966,9,[]
1982,7,[]
1996,8,[]
2011,7,[]
2025,8,[]
2040,8,[]
2055,8,[]
2070,8,[]
2085,7,[]
2099,8,[]
2114,7,[]
2128,7,[]
2142,7,[]
2156,7,[]
2170,7,[]
2184,8,[]
2199,7,[]
2213,8,[]
2228,10,[]
2245,8,[]
2260,9,[]
2276,8,[]
2291,9,[]
2307,39,[]
2375,3,[]
2385,6,[]
2398,7,[]
2412,7,[]
2426,6,[]
2439,8,[]
2454,8,[]
2469,9,[]
2485,9,[]
2501,9,[]
2517,7,[]
2531,8,[]
2546,8,[]
2561,9,[]
2577,9,[]
2593,8,[]
2608,9,[]
2624,9,[]
2640,9,[]
2656,8,[]
2671,7,[]
2685,8,[]
2700,7,[]
2714,8,[]
2729,7,[]
2743,8,[]
2758,9,[]
2774,8,[]
2789,8,[]
2804,44,[]
2877,2,[]
2886,4,[]
2897,7,[]
2911,7,[]
2925,9,[0, 1, 2, 3, 4, 5, 6, 7, 8]
2941,9,[]
2957,7,[]
2971,9,[]
2987,7,[]
3001,7,[]
3015,7,[]
3029,8,[]
3044,7,[]
3058,8,[]
3073,8,[]
3088,10,[]
3105,8,[]
3120,7,[]
3134,8,[]
3149,9,[]
3165,8,[]
3180,6,[]
3193,8,[]
3208,9,[]
3224,8,[]
3239,8,[]
3254,8,[]
3269,8,[]
3284,9,[0, 1, 2, 3, 4, 5, 6, 7, 8]
3300,44,[]
3373,2,[]
3382,5,[]
3394,6,[]
3407,6,[]
3420,6,[]
3433,8,[]
3448,7,[]
3462,8,[]
3477,7,[]
3491,8,[]
3506,9,[]
3522,10,[]
3539,9,[0, 1, 2, 3, 4, 5, 6, 7, 8]
3555,9,[]
3571,9,[]
3587,9,[]
3603,9,[]
3619,7,[]
3633,8,[]
3648,7,[]
3662,9,[]
3678,9,[]
3694,5,[]
3706,8,[]
3721,9,[]
3737,9,[]
3753,8,[]
3768,8,[]
3783,8,[]
3798,40,[]
3867,2,[]
3876,5,[]
3888,5,[]
3900,7,[]
3914,6,[]
3927,6,[]
3940,7,[]
3954,8,[0, 1, 2, 3, 4, 5, 6, 7]
3969,9,[]
3985,7,[]
3999,9,[]
4015,6,[]
4028,6,[]
4041,7,[]
4055,8,[]
4070,9,[]
4086,7,[]
4100,7,[]
4114,7,[]
4128,8,[]
4143,7,[]
4157,7,[]
4171,6,[]
4184,7,[]
4198,7,[]
4212,8,[]
4227,7,[]
4241,8,[]
4256,8,[]
4271,45,[]
4345,4,[]
4356,4,[]
4367,5,[]
4379,6,[]
4392,6,[]
4405,6,[]
4418,8,[]
4433,8,[]
4448,7,[]
4462,7,[]
4476,7,[]
4490,6,[]
4503,6,[]
4516,6,[]
4529,6,[]
4542,7,[]
4556,6,[]
4569,6,[]
4582,6,[]
4595,6,[]
4608,6,[]
4621,6,[]
4634,6,[]
4647,6,[]
4660,6,[]
4673,5,[]
4685,7,[]
4699,8,[]
4714,7,[]
0,19,[]
25,4,[]
35,3,[]
44,6,[]
56,3,[]
65,4,[]
75,7,[]
88,5,[]
99,2,[]
107,8,[]
121,6,[]
133,7,[]
146,10,[]
162,9,[]
177,6,[]
189,7,[]
202,7,[]
215,7,[]
228,8,[]
242,7,[]
255,7,[]
268,7,[]
281,4,[]
291,4,[]
301,4,[]
311,6,[]
323,7,[]
336,7,[]
349,6,[]
361,4,[]
371,53,[]
470,4,[]
480,6,[]
492,3,[]
501,7,[]
514,6,[]
526,7,[]
539,6,[]
551,6,[]
563,3,[]
572,7,[]
585,7,[]
598,6,[]
610,3,[]
619,7,[]
632,7,[]
645,8,[]
659,7,[]
672,7,[]
685,4,[]
695,6,[]
707,6,[]
719,7,[]
732,3,[]
741,7,[0, 1, 2, 3, 4, 5, 6]
754,8,[]
768,8,[]
782,7,[]
795,4,[]
805,8,[]
819,52,[]
917,6,[]
929,6,[]
941,7,[]
954,5,[]
965,6,[]
977,8,[]
991,8,[]
1005,4,[]
1015,8,[]
1029,8,[]
1043,7,[]
1056,7,[]
1069,8,[0, 1, 2, 3, 4, 5, 6, 7]
1083,3,[]
1092,8,[]
1106,8,[]
1120,7,[]
1133,2,[]
1141,8,[]
1155,7,[]
1168,6,[]
1180,6,[]
1192,7,[]
1205,2,[]
1213,8,[]
1227,8,[]
1241,7,[]
1254,8,[]
1268,4,[]
1278,56,[]
1380,6,[]
1392,7,[]
1405,3,[]
1414,8,[]
1428,7,[]
1441,7,[]
1454,6,[]
1466,7,[]
1479,6,[]
1491,8,[]
1505,7,[]
1518,8,[]
1532,4,[]
1542,8,[]
1556,7,[]
1569,7,[]
1582,7,[]
1595,7,[]
1608,4,[]
1618,8,[]
1632,8,[]
1646,6,[]
1658,5,[]
1669,7,[]
1682,7,[]
1695,6,[]
1707,7,[]
1720,6,[]
1732,6,[]
1744,63,[]
1853,3,[]
1862,5,[]
1873,6,[]
1885,2,[]
1893,6,[]
1905,6,[]
1917,6,[]
1929,6,[]
1941,7,[]
1954,6,[]
1966,6,[]
1978,8,[]
1992,6,[]
2004,6,[]
2016,7,[0, 1, 2, 3, 4, 5, 6]
2029,6,[]
2041,5,[]
2052,4,[]
2062,6,[]
2074,7,[]
2087,6,[]
2099,6,[]
2111,7,[]
2124,4,[]
2134,6,[]
2146,7,[]
2159,7,[]
2172,9,[]
2187,5,[]
2198,72,[]
2316,5,[]
2327,5,[]
2338,3,[]
2347,7,[]
2360,7,[]
2373,8,[]
2387,7,[]
2400,7,[]
2413,6,[]
2425,7,[0, 1, 2, 3, 4, 5, 6]
2438,7,[]
2451,8,[]
2465,6,[]
2477,8,[]
2491,7,[]
2504,7,[]
2517,7,[]
2530,8,[]
2544,4,[]
2554,8,[]
2568,7,[]
2581,8,[]
2595,3,[]
2604,8,[]
2618,8,[0, 1, 2, 3, 4, 5, 6, 7]
2632,8,[]
2646,7,[]
2659,4,[]
2669,8,[]
2683,67,[]
2796,4,[]
2806,6,[]
2818,6,[]
2830,3,[]
2839,8,[]
2853,8,[]
2867,7,[]
2880,4,[]
2890,8,[]
2904,7,[]
2917,7,[]
2930,7,[]
2943,6,[]
2955,5,[]
2966,8,[]
2980,7,[]
2993,7,[]
3006,5,[]
3017,9,[]
3032,8,[]
3046,8,[]
3060,7,[]
3073,8,[]
3087,3,[]
3096,8,[]
3110,8,[]
3124,8,[]
3138,7,[]
3151,5,[]
3162,67,[]
3275,5,[]
3286,6,[]
3298,3,[]
3307,8,[]
3321,8,[]
3335,8,[]
3349,7,[]
3362,7,[]
3375,5,[]
3386,7,[0, 1, 2, 3, 4, 5, 6]
3399,9,[]
3414,8,[]
3428,5,[]
3439,10,[]
3455,8,[]
3469,8,[]
3483,7,[]
3496,7,[]
3509,3,[]
3518,8,[]
3532,6,[]
3544,7,[]
3557,4,[]
3567,8,[]
3581,8,[]
3595,8,[]
3609,9,[]
3624,3,[]
3633,9,[]
3648,67,[]
3761,6,[]
3773,7,[]
3786,8,[]
3800,4,[]
3810,9,[]
3825,10,[]
3841,10,[]
3857,3,[]
3866,10,[]
3882,9,[]
3897,8,[]
3911,7,[]
3924,7,[]
3937,5,[]
3948,9,[]
3963,9,[]
3978,10,[]
3994,5,[]
4005,10,[]
4021,9,[]
4036,10,[]
4052,8,[]
4066,8,[]
4080,3,[]
4089,8,[]
4103,7,[]
4116,8,[0, 1, 2, 3, 4, 5, 6, 7]
4130,6,[]
4142,6,[]
4154,65,[]
4265,4,[]
4275,6,[]
4287,3,[]
4296,7,[]
4309,6,[]
4321,5,[]
4332,5,[]
4343,5,[]
4354,3,[]
4363,6,[]
4375,7,[]
4388,7,[]
4401,4,[]
4411,7,[]
4424,7,[]
4437,8,[]
4451,7,[]
4464,7,[]
4477,5,[]
4488,7,[]
4501,6,[]
4513,7,[]
4526,6,[]
4538,7,[]
4551,6,[]
4563,8,[]
4577,8,[]
4591,4,[]
4601,4,[]
0,27,[]
33,1,[]
40,1,[]
47,9,[0, 1, 2, 3, 4, 5, 6, 7]
62,1,[]
69,2,[]
77,13,[]
96,2,[]
104,2,[]
112,12,[]
130,2,[]
138,1,[]
145,10,[]
161,1,[]
168,2,[]
176,9,[]
191,2,[]
199,1,[]
206,10,[]
222,1,[]
229,1,[]
236,8,[]
250,3,[]
259,3,[]
268,17,[]
291,1,[]
298,1,[]
305,14,[]
325,2,[]
333,5,[]
344,68,[]
457,1,[]
464,1,[]
471,12,[]
489,2,[]
497,2,[]
505,11,[]
522,2,[]
530,1,[]
537,10,[]
553,2,[]
561,2,[]
569,9,[]
584,1,[]
591,2,[]
599,15,[]
620,3,[]
629,3,[]
638,24,[]
668,2,[]
676,4,[]
686,16,[9, 10, 11, 12, 13, 14, 15]
708,2,[]
716,2,[]
724,21,[]
751,2,[]
759,3,[]
768,14,[]
788,2,[]
796,3,[]
805,67,[]
917,1,[]
924,1,[]
931,20,[]
957,2,[]
965,4,[]
975,18,[]
999,3,[]
1008,4,[]
1018,23,[]
1047,1,[]
1054,4,[]
1064,15,[]
1085,2,[]
1093,3,[]
1102,20,[]
1128,2,[]
1136,3,[]
1145,17,[]
1168,2,[]
1176,3,[]
1185,31,[]
1222,2,[]
1230,2,[]
1238,17,[]
1261,2,[]
1269,3,[]
1278,27,[]
1311,1,[]
1318,3,[]
1327,52,[]
1424,1,[]
1431,1,[]
1438,20,[]
1464,2,[]
1472,3,[]
1481,22,[]
1509,2,[]
1517,2,[]
1525,16,[7, 8, 9, 10, 11, 12, 13, 14]
1547,3,[]
1556,2,[]
1564,10,[]
1580,2,[]
1588,3,[]
1597,20,[]
1623,3,[]
1632,3,[]
1641,16,[]
1663,2,[]
1671,2,[]
1679,30,[6, 7, 19, 20, 22, 23, 24, 25, 26, 27, 28]
1715,2,[]
1723,1,[]
1730,19,[]
1755,2,[]
1763,3,[]
1772,17,[]
1795,2,[]
1803,3,[]
1812,62,[]
1919,1,[]
1926,1,[]
1933,7,[]
1946,2,[]
1954,3,[]
1963,11,[]
1980,2,[]
1988,1,[]
1995,10,[]
2011,2,[]
2019,2,[]
2027,8,[1, 2, 3, 4, 5, 6, 7]
2041,4,[]
2051,4,[]
2061,8,[]
2075,6,[]
2087,5,[]
2098,7,[]
2111,7,[]
2124,7,[]
2137,7,[]
2150,6,[]
2162,4,[]
2172,8,[]
2186,6,[]
2198,5,[]
2209,8,[]
2223,6,[]
2235,5,[]
2246,63,[]
2354,1,[]
2361,1,[]
2368,6,[]
2380,7,[]
2393,6,[]
2405,7,[]
2418,7,[]
2431,6,[]
2443,7,[]
2456,4,[]
2466,4,[]
2476,6,[]
2488,3,[]
2497,3,[]
2506,7,[]
2519,5,[]
2530,4,[]
2540,7,[]
2553,4,[]
2563,5,[]
2574,7,[]
2587,5,[]
2598,6,[]
2610,11,[]
2627,6,[]
2639,9,[]
2654,13,[]
2673,6,[]
2685,9,[]
2700,68,[]
2813,1,[]
2820,1,[]
2827,10,[]
2843,4,[]
2853,5,[]
2864,10,[]
2880,6,[]
2892,8,[]
2906,10,[]
2922,5,[]
2933,4,[]
2943,6,[]
2955,2,[]
2963,5,[]
2974,11,[]
2991,4,[]
3001,7,[]
3014,10,[]
3030,6,[]
3042,6,[]
3054,8,[0, 1, 2, 3, 4, 5, 6, 7]
3068,5,[]
3079,6,[]
3091,12,[]
3109,5,[]
3120,5,[]
3131,11,[]
3148,5,[]
3159,6,[]
3171,64,[]
3280,1,[]
3287,1,[]
3294,10,[]
3310,3,[]
3319,6,[]
3331,12,[]
3349,4,[]
3359,6,[]
3371,13,[]
3390,3,[]
3399,4,[]
3409,7,[]
3422,3,[]
3431,5,[]
3442,12,[]
3460,4,[]
3470,7,[]
3483,17,[]
3506,3,[]
3515,5,[]
3526,13,[]
3545,3,[]
3554,4,[]
3564,13,[]
3583,4,[]
3593,5,[]
3604,15,[]
3625,3,[]
3634,4,[]
3644,41,[]
3730,1,[]
3737,1,[]
3744,15,[]
3765,3,[]
3774,4,[]
3784,14,[]
3804,3,[]
3813,3,[]
3822,8,[]
3836,2,[]
3844,3,[]
3853,9,[]
3868,2,[]
3876,3,[]
3885,11,[]
3902,4,[]
3912,3,[]
3921,14,[]
3941,3,[]
3950,3,[]
3959,17,[]
3982,2,[]
3990,3,[]
3999,12,[]
4017,2,[]
4025,4,[]
4035,13,[6, 7, 8, 9, 10, 11, 12]
4054,3,[]
4063,3,[]
4072,56,[]
4173,1,[]
4180,1,[]
4187,7,[]
4200,2,[]
4208,4,[]
4218,13,[]
4237,3,[]
4246,3,[]
4255,14,[]
4275,3,[]
4284,2,[]
4292,12,[]
4310,2,[]
4318,3,[]
4327,16,[]
4349,3,[]
4358,3,[]
4367,16,[]
4389,2,[]
4397,2,[]
4405,24,[]
4435,2,[]
4443,3,[]
4452,13,[]
4471,2,[]
4479,3,[]
4488,14,[]
4508,2,[]
4516,3,[]
0,20,[]
26,4,[]
36,4,[]
46,3,[]
55,4,[]
65,6,[]
77,6,[]
89,3,[]
98,5,[]
109,5,[]
120,3,[]
129,4,[]
139,4,[]
149,4,[]
159,4,[]
169,4,[]
179,5,[]
190,4,[]
200,4,[]
210,5,[]
221,5,[]
232,11,[]
249,8,[]
263,5,[]
274,3,[]
283,7,[]
296,9,[]
311,5,[]
322,5,[]
333,6,[]
345,62,[]
453,2,[]
461,5,[]
472,5,[]
483,5,[]
494,6,[]
506,6,[]
518,5,[]
529,7,[]
542,6,[]
554,7,[]
567,6,[]
579,7,[]
592,6,[]
604,6,[]
616,6,[]
628,7,[]
641,7,[]
654,6,[]
666,7,[]
679,7,[]
692,6,[]
704,5,[]
715,5,[]
726,6,[]
738,6,[]
750,7,[]
763,7,[0, 1, 2, 3, 4, 5, 6]
776,8,[]
790,5,[]
801,62,[]
909,2,[]
917,6,[]
929,5,[]
940,5,[]
951,5,[]
962,7,[]
975,7,[]
988,7,[]
1001,7,[]
1014,7,[]
1027,7,[]
1040,6,[]
1052,7,[]
1065,7,[]
1078,8,[]
1092,10,[]
1108,7,[]
1121,7,[]
1134,6,[]
1146,7,[]
1159,7,[]
1172,8,[]
1186,6,[]
1198,6,[]
1210,8,[]
1224,8,[]
1238,7,[]
1251,7,[]
1264,7,[]
1277,59,[]
1382,3,[]
1391,6,[]
1403,5,[]
1414,8,[]
1428,5,[]
1439,7,[]
1452,7,[]
1465,8,[]
1479,9,[]
1494,8,[]
1508,7,[]
1521,7,[]
1534,8,[0, 1, 2, 3, 4, 5, 6, 7]
1548,7,[]
1561,7,[]
1574,7,[]
1587,8,[]
1601,8,[]
1615,7,[]
1628,7,[]
1641,7,[]
1654,6,[]
1666,6,[]
1678,8,[]
1692,8,[]
1706,7,[]
1719,7,[]
1732,7,[]
1745,8,[]
1759,58,[]
1863,3,[]
1872,5,[]
1883,5,[]
1894,7,[]
1907,7,[0, 1, 2, 3, 4, 5, 6]
1920,6,[]
1932,6,[]
1944,7,[]
1957,7,[]
1970,7,[]
1983,7,[]
1996,8,[]
2010,7,[]
2023,6,[]
2035,7,[]
2048,7,[]
2061,7,[]
2074,8,[]
2088,7,[]
2101,6,[]
2113,7,[]
2126,7,[0, 1, 2, 3, 4, 5, 6]
2139,6,[]
2151,5,[]
2162,7,[]
2175,7,[]
2188,6,[]
2200,7,[]
2213,6,[]
2225,57,[]
2328,3,[]
2337,5,[]
2348,6,[]
2360,6,[]
2372,7,[]
2385,8,[]
2399,6,[]
2411,6,[]
2423,7,[]
2436,8,[]
2450,7,[]
2463,7,[]
2476,8,[]
2490,6,[]
2502,7,[]
2515,7,[]
2528,7,[]
2541,7,[]
2554,8,[]
2568,8,[]
2582,8,[]
2596,8,[]
2610,8,[]
2624,7,[]
2637,7,[]
2650,8,[]
2664,8,[]
2678,6,[]
2690,8,[]
2704,57,[]
2807,3,[]
2816,6,[]
2828,6,[]
2840,6,[]
2852,6,[]
2864,7,[]
2877,7,[]
2890,7,[0, 1, 2, 3, 4, 5, 6]
2903,7,[0, 1, 2, 3, 4, 5, 6]
2916,6,[]
2928,6,[]
2940,7,[]
2953,7,[]
2966,6,[]
2978,7,[]
2991,7,[]
3004,6,[]
3016,6,[]
3028,7,[]
3041,7,[]
3054,7,[]
3067,6,[]
3079,6,[]
3091,7,[]
3104,6,[]
3116,6,[]
3128,7,[0, 1, 2, 3, 4, 5, 6]
3141,7,[]
3154,6,[]
3166,64,[]
3276,3,[]
3285,5,[]
3296,6,[]
3308,5,[]
3319,5,[]
3330,6,[]
3342,6,[]
3354,7,[]
3367,6,[]
3379,7,[]
3392,7,[]
3405,7,[]
3418,7,[]
3431,6,[]
3443,6,[]
3455,7,[]
3468,7,[]
3481,8,[]
3495,7,[]
3508,7,[]
3521,7,[]
3534,6,[]
3546,6,[]
3558,5,[]
3569,6,[]
3581,8,[0, 1, 2, 3, 4, 5, 6]
3595,7,[]
3608,7,[]
3621,5,[]
3632,65,[]
3743,3,[]
3752,6,[]
3764,5,[]
3775,6,[]
3787,6,[]
3799,7,[]
3812,6,[]
3824,6,[]
3836,6,[]
3848,7,[]
3861,7,[]
3874,7,[]
3887,7,[]
3900,6,[]
3912,6,[]
3924,6,[]
3936,6,[]
3948,6,[]
3960,7,[]
3973,6,[]
3985,6,[]
3997,6,[]
4009,6,[]
4021,6,[]
4033,6,[]
4045,7,[]
4058,6,[]
4070,6,[]
4082,6,[]
4094,68,[]
4208,3,[]
4217,5,[]
4228,4,[]
4238,5,[]
4249,6,[]
4261,6,[]
4273,6,[]
4285,6,[]
4297,7,[0, 1, 2, 3, 4, 5, 6]
4310,6,[]
4322,7,[]
4335,6,[]
4347,5,[]
4358,6,[]
4370,7,[]
4383,7,[]
4396,5,[]
4407,5,[]
4418,5,[]
4429,5,[]
4440,4,[]
4450,5,[]
4461,4,[]
4471,5,[]
4482,4,[]
4492,6,[]
4504,6,[]
4516,10,[]
4532,6,[]
0,15,[]
22,3,[]
32,7,[]
46,7,[]
60,2,[]
69,6,[]
82,7,[]
96,7,[]
110,8,[]
125,6,[]
138,9,[]
154,7,[]
168,8,[]
183,7,[]
197,7,[]
211,7,[]
225,7,[]
239,8,[]
254,6,[]
267,7,[]
281,8,[]
296,4,[]
307,4,[]
318,6,[]
331,7,[]
345,6,[]
358,8,[]
373,7,[]
387,9,[]
403,8,[]
418,38,[]
478,3,[]
488,5,[]
500,3,[]
510,6,[]
523,7,[]
537,7,[]
551,7,[]
565,7,[]
579,8,[]
594,6,[]
607,8,[]
622,9,[]
638,8,[]
653,8,[]
668,7,[]
682,8,[]
697,7,[]
711,8,[]
726,8,[]
741,8,[0, 1, 2, 3, 4, 5, 6, 7]
756,7,[]
770,7,[]
784,7,[]
798,7,[]
812,6,[]
825,7,[]
839,5,[]
851,9,[]
867,8,[]
882,42,[]
946,4,[]
957,5,[]
969,7,[]
983,7,[]
997,4,[]
1008,8,[]
1023,7,[]
1037,11,[]
1055,5,[]
1067,8,[]
1082,7,[]
1096,6,[]
1109,6,[]
1122,7,[]
1136,9,[]
1152,9,[]
1168,5,[]
1180,10,[]
1197,8,[]
1212,9,[]
1228,8,[0, 1, 2, 3, 4, 5, 6, 7]
1243,5,[]
1255,9,[]
1271,9,[]
1287,8,[]
1302,9,[]
1318,8,[]
1333,9,[]
1349,5,[]
1361,39,[]
1422,5,[]
1434,7,[]
1448,9,[]
1464,3,[]
1474,11,[]
1492,10,[]
1509,9,[]
1525,8,[]
1540,7,[]
1554,7,[]
1568,7,[]
1582,4,[]
1593,8,[]
1608,10,[]
1625,8,[]
1640,8,[]
1655,9,[]
1671,9,[]
1687,5,[]
1699,10,[]
1716,10,[]
1733,10,[]
1750,8,[]
1765,4,[]
1776,10,[]
1793,9,[]
1809,11,[]
1827,7,[]
1841,7,[]
1855,24,[]
1886,1,[]
1894,5,[]
1906,7,[]
1920,7,[]
1934,8,[]
1949,4,[]
1960,8,[]
1975,7,[]
1989,7,[]
2003,6,[]
2016,7,[]
2030,8,[]
2045,3,[]
2055,8,[]
2070,9,[]
2086,9,[]
2102,11,[]
2120,4,[]
2131,9,[]
2147,10,[]
2164,9,[]
2180,8,[]
2195,7,[]
2209,8,[]
2224,4,[]
2235,8,[]
2250,7,[]
2264,7,[]
2278,8,[]
2293,25,[]
2325,1,[]
2333,6,[]
2346,8,[0, 1, 2, 3, 4, 5, 6, 7]
2361,8,[]
2376,8,[]
2391,8,[]
2406,7,[]
2420,5,[]
2432,8,[]
2447,9,[]
2463,8,[]
2478,8,[]
2493,3,[]
2503,10,[]
2520,9,[]
2536,9,[]
2552,9,[]
2568,10,[]
2585,10,[]
2602,2,[]
2611,9,[]
2627,10,[]
2644,11,[]
2662,11,[]
2680,4,[]
2691,14,[]
2712,12,[]
2731,11,[]
2749,13,[]
2769,31,[]
2807,11,[]
2825,3,[]
2835,12,[]
2854,13,[]
2874,12,[]
2893,11,[]
2911,4,[]
2922,11,[]
2940,10,[]
2957,15,[]
2979,12,[]
2998,13,[]
3018,15,[]
3040,4,[]
3051,16,[]
3074,12,[]
3093,10,[]
3110,8,[]
3125,8,[0, 1, 2, 3, 4, 5, 6, 7]
3140,8,[]
3155,8,[]
3170,8,[]
3185,10,[]
3202,8,[]
3217,10,[]
3234,13,[]
3254,4,[]
3265,15,[]
3287,11,[]
3305,17,[]
3329,6,[]
3342,4,[]
3353,10,[]
3370,8,[]
3385,7,[]
3399,8,[]
3414,7,[]
3428,6,[]
3441,6,[]
3454,6,[]
3467,4,[]
3478,8,[]
3493,8,[]
3508,9,[]
3524,11,[]
3542,5,[]
3554,9,[]
3570,7,[]
3584,7,[]
3598,7,[]
3612,8,[]
3627,8,[]
3642,4,[]
3653,8,[]
3668,9,[]
3684,7,[]
3698,6,[]
3711,7,[]
3725,6,[]
3738,20,[]
3765,6,[]
3778,7,[]
3792,8,[]
3807,4,[]
3818,8,[]
3833,7,[]
3847,7,[]
3861,8,[]
3876,7,[]
3890,4,[]
3901,9,[]
3917,6,[]
3930,8,[]
3945,9,[]
3961,9,[]
3977,8,[]
3992,8,[]
4007,5,[]
4019,8,[]
4034,9,[]
4050,8,[]
4065,8,[]
4080,6,[]
4093,5,[]
4105,6,[]
4118,6,[]
4131,7,[]
4145,8,[]
4160,5,[]
4172,23,[0, 9, 10, 11, 12, 13, 19, 20, 21]
4202,3,[]
4212,5,[]
4224,6,[]
4237,5,[]
4249,7,[]
4263,10,[]
4280,5,[]
4292,6,[]
4305,7,[]
4319,7,[]
4333,5,[]
4345,7,[]
4359,7,[]
4373,6,[]
4386,8,[]
4401,5,[]
4413,7,[]
4427,8,[]
4442,6,[]
4455,7,[]
4469,6,[]
4482,7,[]
4496,4,[]
4507,7,[]
4521,7,[]
4535,7,[]
4549,7,[]
4563,7,[]
4577,3,[]
0,14,[]
20,6,[]
32,9,[]
47,8,[]
61,7,[]
74,10,[]
90,10,[]
106,10,[0, 1, 2, 3, 4, 5, 6, 7, 8, 9]
122,10,[]
138,7,[]
151,7,[]
164,8,[]
178,10,[]
194,9,[]
209,7,[]
222,5,[]
233,6,[]
245,7,[]
258,7,[]
271,6,[]
283,6,[]
295,6,[]
307,6,[]
319,7,[]
332,9,[0, 1, 2, 3, 4, 5, 6, 7, 8]
347,8,[]
361,7,[]
374,9,[]
389,7,[]
402,8,[]
416,32,[]
454,8,[]
468,9,[0, 1, 2, 3, 4, 5, 6, 7, 8]
483,9,[]
498,10,[]
514,8,[]
528,10,[]
544,9,[]
559,10,[]
575,8,[]
589,5,[]
600,7,[]
613,9,[]
628,8,[]
642,7,[]
655,6,[]
667,8,[]
681,6,[]
693,5,[]
704,6,[]
716,5,[]
727,5,[]
738,5,[]
749,5,[]
760,7,[]
773,7,[]
786,5,[]
797,5,[]
808,7,[]
821,8,[]
835,32,[]
873,3,[]
882,5,[]
893,8,[]
907,5,[]
918,5,[]
929,6,[]
941,5,[]
952,6,[]
964,6,[]
976,6,[]
988,9,[]
1003,7,[]
1016,6,[]
1028,9,[]
1043,7,[]
1056,6,[]
1068,7,[]
1081,9,[]
1096,8,[]
1110,6,[]
1122,5,[]
1133,6,[]
1145,7,[]
1158,7,[]
1171,8,[]
1185,6,[]
1197,5,[]
1208,7,[]
1221,6,[]
1233,29,[]
1268,3,[]
1277,6,[]
1289,5,[]
1300,5,[]
1311,5,[]
1322,6,[]
1334,5,[]
1345,6,[]
1357,6,[]
1369,6,[]
1381,5,[]
1392,5,[]
1403,6,[]
1415,9,[]
1430,6,[]
1442,5,[]
1453,6,[]
1465,5,[]
1476,6,[]
1488,7,[]
1501,7,[]
1514,6,[]
1526,7,[]
1539,7,[0, 1, 2, 3, 4, 5, 6]
1552,6,[]
1564,7,[]
1577,6,[]
1589,6,[]
1601,6,[]
1613,37,[]
1675,2,[]
1683,5,[]
1694,5,[]
1705,5,[]
1716,6,[]
1728,7,[]
1741,6,[]
1753,7,[]
1766,8,[]
1780,7,[]
1793,6,[]
1805,5,[]
1816,5,[]
1827,7,[]
1840,7,[]
1853,6,[]
1865,7,[]
1878,7,[]
1891,6,[]
1903,7,[]
1916,6,[]
1928,6,[]
1940,7,[]
1953,6,[]
1965,6,[]
1977,7,[]
1990,7,[]
2003,6,[]
2015,7,[]
2028,34,[]
2068,2,[]
2076,5,[]
2087,5,[]
2098,6,[]
2110,6,[]
2122,7,[]
2135,7,[]
2148,7,[]
2161,8,[]
2175,7,[]
2188,7,[]
2201,6,[]
2213,9,[]
2228,7,[]
2241,7,[]
2254,8,[]
2268,7,[]
2281,8,[]
2295,9,[]
2310,8,[]
2324,9,[]
2339,8,[]
2353,9,[]
2368,9,[]
2383,6,[]
2395,7,[]
2408,7,[]
2421,9,[]
2436,7,[0, 1, 2, 3, 4, 5, 6]
2449,35,[]
2509,5,[]
2520,6,[]
2532,8,[]
2546,7,[]
2559,9,[]
2574,7,[]
2587,8,[]
2601,8,[]
2615,8,[]
2629,8,[]
2643,7,[]
2656,7,[]
2669,7,[]
2682,7,[]
2695,7,[]
2708,7,[]
2721,8,[]
2735,6,[]
2747,7,[]
2760,7,[]
2773,6,[]
2785,7,[]
2798,7,[]
2811,8,[]
2825,7,[]
2838,7,[]
2851,8,[]
2865,8,[]
2879,7,[]
2892,35,[]
2952,2,[]
2960,4,[]
2970,6,[]
2982,6,[]
2994,6,[]
3006,7,[]
3019,6,[]
3031,7,[]
3044,6,[]
3056,7,[]
3069,7,[]
3082,5,[]
3093,6,[]
3105,6,[]
3117,6,[]
3129,8,[]
3143,7,[]
3156,7,[]
3169,6,[]
3181,7,[]
3194,6,[]
3206,6,[]
3218,6,[]
3230,7,[]
3243,6,[]
3255,6,[]
3267,6,[]
3279,7,[]
3292,6,[]
3304,40,[]
3369,4,[]
3379,7,[]
3392,7,[]
3405,6,[]
3417,7,[]
3430,7,[0, 1, 2, 3, 4, 5, 6]
3443,8,[]
3457,8,[]
3471,8,[]
3485,8,[]
3499,8,[]
3513,5,[]
3524,5,[]
3535,6,[]
3547,6,[]
3559,7,[]
3572,9,[]
3587,7,[]
3600,8,[]
3614,8,[]
3628,7,[]
3641,8,[]
3655,6,[]
3667,7,[]
3680,7,[]
3693,10,[]
3709,9,[]
3724,8,[]
3738,8,[]
3752,29,[]
3787,6,[]
3799,6,[]
3811,7,[]
3824,7,[]
3837,6,[]
3849,7,[]
3862,7,[]
3875,8,[]
3889,8,[]
3903,7,[]
3916,7,[]
3929,9,[]
3944,8,[]
3958,9,[]
3973,8,[]
3987,8,[]
4001,9,[]
4016,8,[]
4030,8,[]
4044,9,[]
4059,8,[]
4073,9,[]
4088,8,[]
4102,8,[]
4116,8,[]
4130,8,[]
4144,7,[]
4157,8,[0, 1, 2, 3, 4, 5, 6]
4171,4,[]
0,25,[]
31,3,[]
40,7,[]
53,5,[]
64,7,[]
77,6,[]
89,6,[]
101,7,[]
114,7,[]
127,8,[]
141,7,[]
154,7,[]
167,8,[]
181,8,[]
195,9,[]
210,8,[]
224,9,[]
239,10,[0, 1, 2, 3, 4, 5, 6, 7, 8, 9]
255,9,[]
270,10,[]
286,9,[]
301,7,[]
314,4,[]
324,5,[]
335,7,[]
348,8,[]
362,8,[]
376,10,[]
392,11,[]
409,10,[]
425,51,[]
522,10,[]
538,12,[]
556,12,[]
574,10,[]
590,10,[]
606,11,[]
623,9,[]
638,10,[]
654,9,[]
669,10,[]
685,10,[]
701,10,[]
717,9,[]
732,10,[]
748,10,[0, 1, 2, 3, 4, 5, 6, 7, 8, 9]
764,9,[]
779,8,[]
793,8,[]
807,9,[]
822,7,[]
835,9,[]
850,9,[]
865,8,[]
879,7,[]
892,7,[]
905,7,[]
918,5,[]
929,7,[]
942,8,[]
956,50,[]
1052,5,[]
1063,6,[]
1075,6,[]
1087,7,[]
1100,6,[]
1112,6,[]
1124,7,[]
1137,6,[]
1149,7,[]
1162,6,[]
1174,7,[]
1187,6,[]
1199,6,[]
1211,7,[]
1224,5,[]
1235,6,[]
1247,7,[]
1260,7,[]
1273,6,[]
1285,7,[0, 1, 2, 3, 4, 5, 6]
1298,4,[]
1308,8,[]
1322,6,[]
1334,6,[]
1346,7,[]
1359,5,[]
1370,6,[]
1382,7,[]
1395,6,[]
1407,49,[]
1502,3,[]
1511,4,[]
1521,5,[]
1532,6,[]
1544,6,[]
1556,6,[]
1568,5,[]
1579,7,[]
1592,6,[]
1604,6,[]
1616,5,[]
1627,7,[]
1640,7,[]
1653,6,[]
1665,5,[]
1676,6,[]
1688,6,[]
1700,6,[]
1712,6,[]
1724,7,[]
1737,7,[]
1750,6,[]
1762,6,[]
1774,5,[]
1785,6,[]
1797,6,[]
1809,5,[]
1820,5,[]
1831,5,[]
1842,51,[]
1939,3,[]
1948,3,[]
1957,4,[]
1967,5,[]
1978,5,[]
1989,6,[]
2001,5,[]
2012,5,[]
2023,5,[]
2034,5,[]
2045,5,[]
2056,5,[]
2067,5,[]
2078,4,[]
2088,5,[]
2099,5,[]
2110,6,[]
2122,5,[]
2133,5,[]
2144,5,[]
2155,5,[]
2166,4,[]
2176,5,[]
2187,5,[]
2198,4,[]
2208,5,[]
2219,5,[]
2230,5,[]
2241,5,[]
2252,63,[]
2361,2,[]
2369,4,[]
2379,4,[]
2389,5,[]
2400,6,[]
2412,6,[]
2424,7,[]
2437,7,[]
2450,6,[]
2462,6,[]
2474,6,[]
2486,6,[]
2498,6,[]
2510,6,[]
2522,5,[]
2533,6,[]
2545,6,[]
2557,5,[]
2568,5,[]
2579,5,[]
2590,6,[]
2602,5,[]
2613,4,[]
2623,7,[]
2636,4,[]
2646,6,[]
2658,6,[]
2670,6,[]
2682,5,[]
2693,68,[]
2807,2,[]
2815,3,[]
2824,3,[]
2833,4,[]
2843,4,[]
2853,5,[]
2864,5,[]
2875,5,[]
2886,4,[]
2896,4,[]
2906,5,[]
2917,5,[]
2928,6,[]
2940,6,[]
2952,5,[]
2963,6,[]
2975,4,[]
2985,5,[]
2996,4,[]
3006,6,[]
3018,4,[]
3028,5,[]
3039,6,[]
3051,5,[]
3062,6,[]
3074,6,[]
3086,6,[]
3098,8,[]
3112,7,[]
3125,75,[]
3246,5,[]
3257,6,[]
3269,7,[]
3282,6,[]
3294,8,[]
3308,8,[]
3322,7,[]
3335,8,[]
3349,6,[]
3361,6,[]
3373,6,[]
3385,7,[]
3398,6,[]
3410,6,[]
3422,7,[]
3435,6,[]
3447,6,[]
3459,5,[]
3470,5,[]
3481,6,[]
3493,7,[]
3506,6,[]
3518,6,[]
3530,6,[]
3542,6,[]
3554,6,[]
3566,7,[]
3579,6,[]
3591,6,[]
3603,69,[]
3718,3,[]
3727,4,[]
3737,4,[]
3747,5,[]
3758,4,[]
3768,6,[]
3780,5,[]
3791,6,[]
3803,5,[]
3814,5,[]
3825,6,[]
3837,6,[]
3849,4,[]
3859,8,[]
3873,5,[]
3884,5,[]
3895,6,[]
3907,4,[]
3917,5,[]
3928,5,[]
3939,5,[]
3950,6,[]
3962,5,[]
3973,6,[]
3985,4,[]
3995,6,[]
4007,5,[]
4018,6,[]
4030,6,[]
4042,76,[]
4164,3,[]
4173,3,[]
4182,4,[]
4192,5,[]
4203,6,[]
4215,6,[]
4227,6,[]
4239,6,[]
4251,7,[]
4264,8,[]
4278,9,[]
4293,8,[]
4307,9,[]
4322,9,[]
4337,9,[]
4352,8,[]
4366,8,[]
4380,7,[]
4393,6,[]
4405,8,[]
4419,7,[]
4432,8,[]
4446,7,[]
4459,7,[]
4472,6,[]
4484,8,[]
4498,6,[]
4510,7,[]
4523,6,[]
0,14,[]
21,1,[]
29,8,[]
44,6,[]
57,6,[]
70,9,[]
86,6,[]
99,7,[]
113,7,[]
127,8,[]
142,5,[]
154,5,[]
166,7,[]
180,5,[]
192,6,[]
205,5,[]
217,7,[]
231,6,[]
244,7,[]
258,6,[]
271,10,[]
288,8,[]
303,9,[]
319,5,[]
331,5,[]
343,4,[]
354,4,[]
365,6,[]
378,6,[]
391,4,[]
402,56,[]
488,2,[]
497,4,[]
508,5,[]
520,5,[]
532,9,[]
548,9,[]
564,12,[]
583,12,[]
602,12,[]
621,12,[]
640,13,[]
660,14,[]
681,12,[]
700,12,[]
719,12,[]
738,12,[]
757,10,[]
774,11,[]
792,11,[]
810,10,[]
827,10,[]
844,11,[]
862,11,[]
880,11,[]
898,12,[]
917,12,[1, 2, 3, 4, 5, 6, 7, 8, 9, 10, 11]
936,13,[]
956,12,[]
975,14,[]
996,36,[]
1062,8,[]
1077,10,[]
1094,10,[]
1111,10,[]
1128,10,[]
1145,9,[]
1161,10,[1, 2, 3, 4, 5, 6, 7, 8, 9]
1178,9,[]
1194,9,[]
1210,9,[]
1226,8,[]
1241,8,[]
1256,9,[]
1272,7,[]
1286,7,[]
1300,6,[]
1313,7,[]
1327,7,[]
1341,7,[]
1355,8,[]
1370,7,[]
1384,5,[]
1396,7,[]
1410,6,[]
1423,5,[]
1435,5,[]
1447,7,[]
1461,6,[]
1474,5,[]
1486,33,[]
1526,2,[]
1535,4,[]
1546,5,[]
1558,4,[]
1569,6,[]
1582,5,[]
1594,4,[]
1605,5,[]
1617,6,[]
1630,5,[]
1642,3,[]
1652,4,[]
1663,5,[]
1675,4,[]
1686,5,[]
1698,4,[]
1709,7,[]
1723,4,[]
1734,4,[]
1745,5,[]
1757,5,[]
1769,4,[]
1780,5,[]
1792,6,[]
1805,6,[]
1818,5,[]
1830,6,[]
1843,5,[]
1855,4,[]
1866,37,[]
1933,2,[]
1942,3,[]
1952,3,[]
1962,5,[]
1974,3,[]
1984,7,[]
1998,4,[]
2009,5,[]
2021,4,[]
2032,5,[]
2044,5,[]
2056,6,[]
2069,5,[]
2081,5,[]
2093,7,[]
2107,6,[]
2120,5,[]
2132,5,[]
2144,5,[]
2156,4,[]
2167,5,[]
2179,5,[]
2191,4,[]
2202,5,[]
2214,5,[]
2226,5,[]
2238,14,[]
2259,9,[]
2275,4,[]
2286,38,[]
2354,2,[]
2363,3,[]
2373,5,[]
2385,7,[]
2399,6,[]
2412,7,[]
2426,8,[]
2441,9,[]
2457,9,[]
2473,10,[0, 1, 2, 3, 4, 5, 6, 7]
2490,11,[]
2508,10,[]
2525,10,[]
2542,10,[]
2559,9,[]
2575,10,[]
2592,10,[]
2609,9,[]
2625,13,[]
2645,13,[]
2665,10,[]
2682,10,[]
2699,10,[]
2716,8,[]
2731,9,[]
2747,8,[]
2762,8,[]
2777,8,[]
2792,12,[]
2811,33,[]
2851,7,[]
2865,8,[]
2880,8,[]
2895,8,[]
2910,8,[]
2925,9,[]
2941,8,[]
2956,8,[]
2971,9,[]
2987,7,[]
3001,7,[]
3015,8,[]
3030,8,[]
3045,8,[]
3060,8,[]
3075,8,[]
3090,7,[]
3104,6,[]
3117,6,[]
3130,8,[]
3145,9,[]
3161,5,[]
3173,7,[]
3187,6,[]
3200,7,[]
3214,7,[]
3228,7,[]
3242,6,[]
3255,7,[]
3269,33,[]
3309,4,[]
3320,5,[]
3332,5,[]
3344,6,[]
3357,5,[]
3369,5,[]
3381,5,[]
3393,6,[]
3406,5,[]
3418,7,[]
3432,6,[]
3445,5,[]
3457,5,[]
3469,5,[]
3481,7,[]
3495,4,[]
3506,5,[]
3518,7,[]
3532,5,[]
3544,5,[]
3556,5,[]
3568,5,[]
3580,5,[]
3592,6,[]
3605,4,[]
3616,6,[]
3629,4,[]
3640,5,[]
3652,5,[]
3664,44,[]
3738,2,[]
3747,1,[]
3755,4,[]
3766,4,[]
3777,4,[]
3788,4,[]
3799,4,[]
3810,5,[]
3822,4,[]
3833,5,[]
3845,5,[]
3857,5,[]
3869,4,[]
3880,7,[]
3894,5,[]
3906,5,[]
3918,5,[]
3930,6,[]
3943,5,[]
3955,5,[]
3967,5,[]
3979,5,[]
3991,7,[]
4005,5,[]
4017,6,[]
4030,5,[]
4042,5,[]
4054,6,[]
4067,5,[]
4079,51,[]
4160,3,[]
4170,5,[]
4182,6,[]
4195,7,[]
4209,8,[]
4224,9,[]
4240,9,[]
4256,10,[]
4273,9,[]
4289,10,[]
4306,10,[]
4323,11,[]
4341,11,[]
4359,11,[0, 1, 2, 3, 4, 5, 6, 7, 8, 9, 10]
4377,11,[]
4395,11,[]
4413,11,[]
4431,11,[]
4449,12,[]
4468,13,[]
4488,14,[]
4509,12,[]
4528,12,[]
4547,11,[]
4565,11,[]
4583,12,[0, 1, 2, 3, 4, 5, 6, 7, 8, 9, 10, 11]
4602,11,[]
4620,11,[]
4638,4,[]
0,40,[]
79,10,[]
95,10,[]
111,2,[]
119,12,[]
137,12,[]
155,11,[]
172,12,[]
190,8,[]
204,13,[]
223,2,[]
231,11,[]
248,13,[]
267,14,[]
287,10,[]
303,1,[]
310,11,[]
327,9,[]
342,11,[]
359,8,[]
373,10,[]
389,1,[]
396,11,[]
413,11,[]
430,10,[]
446,11,[]
463,12,[]
481,1,[]
488,11,[]
505,10,[]
521,103,[]
663,7,[]
676,4,[]
686,1,[]
693,9,[]
708,12,[]
726,9,[]
741,9,[]
756,10,[]
772,1,[]
779,7,[]
792,10,[]
808,6,[]
820,8,[]
834,8,[]
848,2,[]
856,8,[]
870,7,[]
883,8,[]
897,8,[]
911,3,[]
920,9,[]
935,7,[]
948,7,[]
961,7,[]
974,8,[]
988,2,[]
996,9,[]
1011,7,[]
1024,8,[]
1038,51,[]
1128,4,[]
1138,2,[]
1146,5,[]
1157,4,[]
1167,6,[]
1179,6,[]
1191,6,[]
1203,2,[]
1211,7,[]
1224,4,[]
1234,5,[]
1245,4,[]
1255,1,[]
1262,5,[]
1273,6,[]
1285,6,[]
1297,6,[]
1309,5,[]
1320,2,[]
1328,9,[]
1343,8,[]
1357,7,[]
1370,9,[]
1385,8,[]
1399,3,[]
1408,9,[]
1423,7,[]
1436,7,[]
1449,8,[]
1463,42,[]
1544,1,[]
1551,5,[]
1562,5,[]
1573,7,[]
1586,5,[]
1597,6,[]
1609,3,[]
1618,7,[]
1631,9,[]
1646,5,[]
1657,5,[]
1668,7,[]
1681,2,[]
1689,6,[]
1701,6,[]
1713,9,[]
1728,7,[]
1741,5,[]
1752,4,[]
1762,9,[]
1777,5,[]
1788,5,[]
1799,4,[]
1809,8,[]
1823,3,[]
1832,6,[]
1844,5,[]
1855,5,[]
1866,12,[]
1884,38,[]
1961,5,[]
1972,7,[0, 1, 2, 3, 4, 5, 6]
1985,6,[]
1997,7,[]
2010,8,[]
2024,8,[]
2038,3,[]
2047,9,[]
2062,8,[]
2076,7,[]
2089,6,[]
2101,2,[]
2109,9,[]
2124,8,[]
2138,7,[]
2151,6,[]
2163,8,[]
2177,4,[]
2187,10,[]
2203,7,[]
2216,8,[]
2230,7,[]
2243,6,[]
2255,7,[]
2268,4,[]
2278,8,[]
2292,8,[]
2306,6,[]
2318,12,[]
2336,29,[]
2371,6,[]
2383,6,[]
2395,5,[]
2406,5,[]
2417,10,[]
2433,3,[]
2442,9,[]
2457,7,[]
2470,11,[]
2487,9,[]
2502,4,[]
2512,10,[]
2528,8,[]
2542,8,[]
2556,9,[]
2571,8,[0, 1, 2, 3, 4, 5, 6, 7]
2585,9,[]
2600,3,[]
2609,14,[]
2629,11,[]
2646,5,[]
2657,6,[]
2669,8,[]
2683,4,[]
2693,8,[]
2707,7,[]
2720,6,[]
2732,8,[]
2746,9,[0, 1, 2, 3, 4, 5, 6, 7, 8]
2761,42,[]
2842,3,[]
2851,5,[]
2862,5,[]
2873,6,[]
2885,6,[]
2897,4,[]
2907,7,[]
2920,4,[]
2930,7,[]
2943,5,[]
2954,5,[]
2965,3,[]
2974,5,[]
2985,6,[]
2997,9,[0, 1, 2, 3, 4, 5, 6, 7, 8]
3012,6,[]
3024,6,[]
3036,4,[]
3046,9,[]
3061,8,[]
3075,8,[]
3089,7,[]
3102,6,[]
3114,5,[]
3125,7,[]
3138,7,[]
3151,5,[]
3162,8,[]
3176,3,[]
3185,44,[]
3268,1,[]
3275,2,[]
3283,4,[]
3293,3,[]
3302,5,[]
3313,4,[]
3323,6,[]
3335,6,[]
3347,5,[]
3358,5,[]
3369,5,[]
3380,3,[]
3389,5,[]
3400,6,[]
3412,7,[]
3425,7,[]
3438,7,[]
3451,4,[]
3461,8,[]
3475,8,[]
3489,6,[]
3501,9,[]
3516,3,[]
3525,6,[]
3537,8,[]
3551,7,[]
3564,9,[]
3579,7,[]
3592,5,[]
3603,52,[]
3694,5,[]
3705,4,[]
3715,5,[]
3726,4,[]
3736,4,[]
3746,7,[]
3759,6,[]
3771,6,[]
3783,5,[]
3794,5,[]
3805,7,[]
3818,4,[]
3828,4,[]
3838,6,[]
3850,5,[]
3861,4,[]
3871,8,[]
3885,8,[]
3899,8,[]
3913,6,[]
3925,4,[]
3935,9,[]
3950,5,[]
3961,8,[]
3975,6,[]
3987,7,[]
4000,9,[]
4015,4,[]
4025,9,[]
4040,59,[]
4138,3,[]
4147,4,[]
4157,5,[]
4168,4,[]
4178,7,[]
4191,8,[]
4205,8,[]
4219,8,[]
4233,9,[]
4248,5,[]
4259,10,[]
4275,7,[]
4288,8,[]
4302,7,[]
4315,9,[]
4330,3,[]
4339,9,[]
4354,8,[]
4368,9,[]
4383,11,[]
4400,8,[]
4414,3,[]
4423,8,[]
4437,8,[]
4451,9,[]
4466,9,[]
4481,7,[0, 1, 2, 3, 4, 5, 6]
4494,4,[]
4504,5,[]
0,43,[]
99,6,[]
110,8,[]
123,10,[]
138,3,[]
146,9,[3, 4, 5, 6, 7, 8]
160,11,[]
176,13,[]
194,13,[]
212,5,[]
222,11,[]
238,14,[]
257,12,[]
274,2,[]
281,11,[]
297,12,[]
314,12,[]
331,15,[]
351,3,[]
359,11,[]
375,13,[]
393,11,[]
409,10,[]
424,4,[]
433,4,[]
442,6,[]
453,10,[]
468,8,[]
481,7,[]
493,5,[]
503,87,[]
646,2,[]
653,4,[]
662,3,[]
670,8,[]
683,6,[]
694,7,[]
706,7,[]
718,4,[]
727,9,[]
741,8,[]
754,8,[]
767,7,[]
779,8,[]
792,4,[]
801,8,[]
814,6,[0, 1, 2, 3, 4, 5]
825,6,[0, 1, 2, 3, 4, 5]
836,8,[]
849,4,[]
858,9,[]
872,7,[]
884,5,[]
894,3,[]
902,8,[]
915,6,[]
926,6,[]
937,6,[]
948,6,[]
959,4,[]
968,63,[]
1087,2,[]
1094,4,[]
1103,3,[]
1111,5,[]
1121,5,[]
1131,8,[]
1144,6,[]
1155,4,[]
1164,6,[]
1175,8,[]
1188,7,[]
1200,6,[]
1211,8,[]
1224,7,[]
1236,6,[]
1247,6,[]
1258,7,[]
1270,7,[]
1282,7,[]
1294,4,[]
1303,5,[]
1313,5,[]
1323,6,[]
1334,4,[]
1343,8,[]
1356,4,[]
1365,7,[]
1377,5,[]
1387,10,[]
1402,69,[]
1527,2,[]
1534,5,[]
1544,3,[]
1552,9,[]
1566,8,[]
1579,7,[]
1591,4,[]
1600,9,[]
1614,6,[]
1625,8,[]
1638,5,[]
1648,8,[]
1661,7,[]
1673,7,[]
1685,7,[0, 1, 2, 3, 4, 5, 6]
1697,5,[]
1707,9,[]
1721,7,[]
1733,6,[]
1744,9,[]
1758,5,[]
1768,8,[]
1781,6,[]
1792,6,[]
1803,8,[]
1816,4,[]
1825,7,[]
1837,6,[]
1848,7,[]
1860,71,[]
1987,1,[]
1993,2,[]
2000,3,[]
2008,4,[]
2017,5,[]
2027,6,[]
2038,5,[]
2048,6,[]
2059,5,[]
2069,6,[]
2080,6,[]
2091,6,[]
2102,6,[]
2113,6,[]
2124,7,[]
2136,8,[]
2149,4,[]
2158,9,[]
2172,6,[]
2183,8,[]
2196,4,[]
2205,9,[]
2219,7,[]
2231,8,[]
2244,3,[]
2252,9,[]
2266,7,[]
2278,8,[]
2291,6,[]
2302,74,[]
2432,2,[]
2439,2,[]
2446,4,[]
2455,5,[]
2465,5,[]
2475,5,[]
2485,6,[]
2496,5,[]
2506,7,[]
2518,7,[]
2530,3,[]
2538,7,[]
2550,6,[]
2561,6,[]
2572,5,[]
2582,5,[]
2592,7,[]
2604,6,[]
2615,7,[]
2627,4,[]
2636,9,[]
2650,8,[]
2663,5,[]
2673,6,[]
2684,4,[]
2693,5,[]
2703,7,[]
2715,7,[1, 2, 3, 4, 5, 6]
2727,8,[]
2740,80,[]
2876,1,[]
2882,1,[]
2888,2,[]
2895,2,[]
2902,3,[]
2910,2,[]
2917,4,[]
2926,4,[]
2935,7,[]
2947,4,[]
2956,7,[]
2968,6,[]
2979,6,[]
2990,5,[]
3000,6,[]
3011,5,[]
3021,5,[]
3031,6,[0, 1, 2, 3, 4, 5]
3042,5,[]
3052,5,[]
3062,5,[]
3072,5,[]
3082,5,[]
3092,6,[]
3103,3,[]
3111,6,[]
3122,6,[]
3133,6,[]
3144,9,[]
3158,66,[]
3280,2,[]
3287,3,[]
3295,3,[]
3303,4,[]
3312,5,[]
3322,4,[]
3331,4,[]
3340,6,[]
3351,5,[]
3361,5,[]
3371,6,[]
3382,4,[]
3391,7,[]
3403,8,[]
3416,6,[]
3427,7,[]
3439,7,[]
3451,6,[]
3462,4,[]
3471,8,[]
3484,8,[]
3497,9,[]
3511,4,[]
3520,7,[]
3532,8,[]
3545,8,[]
3558,3,[]
3566,7,[]
3578,9,[]
3592,73,[]
3721,2,[]
3728,3,[]
3736,5,[]
3746,2,[]
3753,5,[]
3763,5,[]
3773,6,[]
3784,6,[]
3795,4,[]
3804,5,[]
3814,7,[]
3826,4,[]
3835,4,[]
3844,6,[0, 1, 2, 3, 4, 5]
3855,7,[]
3867,4,[]
3876,6,[]
3887,6,[]
3898,4,[]
3907,9,[]
3921,6,[]
3932,7,[]
3944,7,[]
3956,10,[]
3971,5,[]
3981,6,[]
3992,7,[]
4004,7,[]
4016,8,[]
4029,86,[]
4171,1,[]
4177,1,[]
4183,1,[]
4189,3,[]
4197,4,[]
4206,4,[]
4215,4,[]
4224,6,[0, 1, 2, 3, 4, 5]
4235,4,[]
4244,5,[]
4254,2,[]
4261,5,[]
4271,4,[]
4280,6,[]
4291,7,[]
4303,4,[]
4312,5,[]
4322,5,[]
4332,3,[]
4340,6,[]
4351,5,[]
4361,5,[]
4371,6,[]
4382,2,[]
4389,8,[]
4402,6,[]
4413,7,[]
4425,4,[]
4434,8,[]
0,14,[]
20,1,[]
27,4,[]
37,8,[]
51,6,[]
63,7,[]
76,5,[]
87,4,[]
97,5,[]
108,6,[]
120,5,[]
131,6,[]
143,4,[]
153,5,[]
164,5,[]
175,5,[]
186,5,[]
197,6,[]
209,8,[]
223,4,[]
233,5,[]
244,7,[]
257,8,[]
271,9,[]
286,9,[]
301,5,[]
312,5,[]
323,5,[]
334,7,[]
347,8,[]
361,46,[]
453,2,[]
461,4,[]
471,4,[]
481,5,[]
492,6,[]
504,6,[]
516,7,[]
529,6,[]
541,7,[]
554,7,[]
567,5,[]
578,7,[]
591,6,[]
603,6,[]
615,6,[]
627,6,[]
639,6,[]
651,7,[]
664,6,[]
676,7,[]
689,7,[]
702,7,[]
715,8,[]
729,7,[]
742,7,[]
755,7,[]
768,8,[]
782,9,[]
797,6,[]
809,47,[]
902,4,[]
912,4,[]
922,5,[]
933,6,[]
945,5,[]
956,6,[]
968,7,[]
981,8,[]
995,5,[]
1006,6,[]
1018,6,[]
1030,6,[]
1042,8,[]
1056,8,[0, 1, 2, 3, 4, 5, 6, 7]
1070,6,[]
1082,8,[]
1096,8,[]
1110,7,[]
1123,9,[]
1138,8,[]
1152,9,[]
1167,8,[]
1181,9,[]
1196,8,[]
1210,7,[]
1223,8,[]
1237,7,[]
1250,7,[]
1263,9,[]
1278,52,[]
1376,2,[]
1384,4,[]
1394,5,[]
1405,5,[]
1416,8,[]
1430,6,[]
1442,5,[]
1453,7,[]
1466,5,[]
1477,5,[]
1488,5,[]
1499,6,[]
1511,5,[]
1522,8,[]
1536,8,[]
1550,7,[]
1563,8,[]
1577,8,[]
1591,7,[]
1604,8,[]
1618,8,[]
1632,7,[]
1645,6,[]
1657,7,[]
1670,7,[]
1683,7,[]
1696,8,[]
1710,8,[]
1724,6,[]
1736,53,[]
1835,3,[]
1844,5,[]
1855,7,[]
1868,8,[]
1882,6,[]
1894,8,[]
1908,7,[]
1921,6,[]
1933,9,[]
1948,9,[]
1963,13,[]
1982,7,[]
1995,7,[]
2008,6,[]
2020,8,[]
2034,7,[]
2047,8,[]
2061,8,[]
2075,8,[]
2089,6,[]
2101,7,[]
2114,6,[]
2126,5,[]
2137,7,[]
2150,6,[]
2162,6,[]
2174,6,[]
2186,8,[]
2200,5,[]
2211,61,[]
2318,3,[]
2327,5,[]
2338,5,[]
2349,6,[]
2361,8,[]
2375,6,[]
2387,6,[]
2399,7,[]
2412,6,[]
2424,7,[]
2437,6,[]
2449,6,[]
2461,6,[]
2473,7,[]
2486,5,[]
2497,6,[]
2509,5,[]
2520,5,[]
2531,6,[]
2543,7,[]
2556,5,[]
2567,5,[]
2578,6,[]
2590,5,[]
2601,6,[]
2613,5,[]
2624,4,[]
2634,7,[]
2647,3,[]
2656,64,[]
2766,3,[]
2775,3,[]
2784,4,[]
2794,5,[]
2805,6,[]
2817,6,[]
2829,7,[]
2842,7,[]
2855,6,[]
2867,5,[]
2878,7,[]
2891,6,[]
2903,6,[]
2915,5,[]
2926,4,[]
2936,5,[]
2947,6,[]
2959,5,[]
2970,7,[0, 1, 2, 3, 4, 5, 6]
2983,5,[]
2994,6,[]
3006,5,[]
3017,4,[]
3027,5,[]
3038,4,[]
3048,4,[]
3058,4,[]
3068,4,[]
3078,3,[]
3087,80,[]
3213,2,[]
3221,2,[]
3229,3,[]
3238,3,[]
3247,6,[]
3259,3,[]
3268,4,[]
3278,5,[]
3289,4,[]
3299,5,[]
3310,6,[]
3322,7,[]
3335,4,[]
3345,5,[]
3356,5,[]
3367,6,[]
3379,6,[]
3391,6,[]
3403,6,[]
3415,5,[]
3426,5,[]
3437,6,[]
3449,6,[]
3461,8,[]
3475,5,[]
3486,5,[]
3497,7,[]
3510,6,[]
3522,5,[]
3533,79,[]
3658,3,[]
3667,4,[]
3677,7,[]
3690,9,[]
3705,9,[]
3720,10,[]
3736,10,[]
3752,9,[]
3767,12,[]
3785,8,[]
3799,10,[]
3815,9,[]
3830,6,[]
3842,6,[]
3854,5,[]
3865,9,[]
3880,6,[]
3892,5,[]
3903,7,[]
3916,9,[]
3931,7,[]
3944,6,[]
3956,6,[]
3968,5,[]
3979,6,[]
3991,6,[]
4003,5,[]
4014,6,[]
4026,6,[]
4038,78,[]
4162,2,[]
4170,4,[]
4180,4,[]
4190,6,[]
4202,7,[]
4215,8,[]
4229,4,[]
4239,8,[]
4253,6,[]
4265,5,[]
4276,6,[]
4288,7,[]
4301,5,[]
4312,5,[]
4323,7,[]
4336,6,[]
4348,5,[]
4359,6,[]
4371,6,[]
4383,4,[]
4393,5,[]
4404,6,[]
4416,3,[]
4425,5,[]
4436,5,[]
4447,3,[]
4456,4,[]
4466,6,[]
4478,7,[]
0,21,[]
27,5,[]
38,3,[]
47,6,[]
59,4,[]
69,7,[]
82,7,[0, 1, 2, 3, 4, 5, 6]
95,2,[]
103,7,[]
116,2,[]
124,3,[]
133,8,[]
147,7,[]
160,2,[]
168,8,[]
182,6,[]
194,9,[]
209,9,[]
224,6,[]
236,10,[]
252,6,[]
264,9,[]
279,1,[]
286,6,[]
298,6,[]
310,3,[]
319,7,[]
332,4,[]
342,7,[]
355,6,[]
367,48,[]
457,1,[]
464,6,[]
476,6,[]
488,4,[]
498,8,[]
512,4,[]
522,8,[]
536,8,[]
550,3,[]
559,8,[]
573,4,[]
583,8,[]
597,4,[]
607,9,[]
622,10,[]
638,4,[]
648,10,[]
664,3,[]
673,11,[]
690,2,[]
698,11,[]
715,2,[]
723,8,[]
737,9,[]
752,4,[]
762,10,[]
778,3,[]
787,11,[]
804,9,[]
819,56,[]
917,6,[]
929,2,[]
937,8,[]
951,4,[]
961,9,[]
976,10,[]
992,5,[]
1003,10,[]
1019,4,[]
1029,12,[]
1047,6,[]
1059,11,[]
1076,5,[]
1087,12,[]
1105,11,[]
1122,3,[]
1131,13,[]
1150,3,[]
1159,9,[]
1174,9,[]
1189,5,[]
1200,10,[]
1216,3,[]
1225,10,[]
1241,3,[]
1250,10,[]
1266,3,[]
1275,10,[]
1291,9,[]
1306,53,[]
1401,6,[]
1413,2,[]
1421,8,[]
1435,4,[]
1445,10,[]
1461,8,[]
1475,3,[]
1484,8,[]
1498,5,[]
1509,9,[]
1524,3,[]
1533,8,[]
1547,8,[]
1561,4,[]
1571,9,[]
1586,3,[]
1595,9,[]
1610,3,[]
1619,9,[]
1634,8,[]
1648,4,[]
1658,9,[0, 1, 2, 3, 4, 5, 6, 7, 8]
1673,3,[]
1682,10,[]
1698,3,[]
1707,10,[]
1723,7,[]
1736,5,[]
1747,8,[]
1761,60,[]
1863,5,[]
1874,3,[]
1883,9,[]
1898,3,[]
1907,8,[]
1921,5,[]
1932,9,[]
1947,9,[]
1962,4,[]
1972,11,[]
1989,3,[]
1998,10,[]
2014,3,[]
2023,10,[]
2039,9,[]
2054,5,[]
2065,10,[]
2081,3,[]
2090,10,[0, 1, 2, 3, 4, 5, 6, 7, 8, 9]
2106,3,[]
2115,9,[]
2130,10,[]
2146,3,[]
2155,9,[]
2170,7,[]
2183,9,[]
2198,6,[]
2210,10,[]
2226,9,[]
2241,58,[]
2341,5,[]
2352,3,[]
2361,10,[]
2377,4,[]
2387,8,[]
2401,9,[]
2416,3,[]
2425,10,[]
2441,3,[]
2450,11,[]
2467,3,[]
2476,10,[]
2492,10,[0, 1, 2, 3, 4, 5, 6, 7, 8, 9]
2508,3,[]
2517,10,[]
2533,3,[]
2542,10,[]
2558,6,[]
2570,9,[]
2585,6,[]
2597,9,[]
2612,9,[]
2627,5,[]
2638,10,[]
2654,3,[]
2663,10,[]
2679,3,[]
2688,10,[2, 3, 4, 5, 6, 7, 8]
2704,9,[]
2719,61,[]
2822,5,[]
2833,3,[]
2842,9,[]
2857,3,[]
2866,9,[]
2881,5,[]
2892,10,[]
2908,9,[]
2923,5,[]
2934,10,[]
2950,3,[]
2959,10,[]
2975,9,[]
2990,5,[]
3001,10,[]
3017,3,[]
3026,10,[]
3042,7,[]
3055,9,[]
3070,10,[]
3086,2,[]
3094,10,[]
3110,3,[]
3119,10,[1, 2, 3, 4, 5, 6, 7, 8, 9]
3135,6,[]
3147,9,[]
3162,6,[]
3174,10,[]
3190,9,[]
3205,61,[]
3308,4,[]
3318,4,[]
3328,7,[]
3341,5,[]
3352,8,[0, 1, 2, 3, 4, 5, 6, 7]
3366,9,[]
3381,5,[]
3392,10,[]
3408,6,[]
3420,9,[]
3435,3,[]
3444,8,[]
3458,5,[]
3469,8,[]
3483,10,[]
3499,3,[]
3508,9,[]
3523,3,[]
3532,9,[]
3547,9,[]
3562,5,[]
3573,10,[]
3589,3,[]
3598,9,[0, 1, 2, 3, 4, 5, 6]
3613,6,[]
3625,10,[]
3641,9,[]
3656,3,[]
3665,9,[]
3680,60,[]
3782,3,[]
3791,3,[]
3800,5,[]
3811,6,[]
3823,6,[]
3835,6,[]
3847,5,[]
3858,7,[]
3871,5,[]
3882,8,[]
3896,6,[]
3908,4,[]
3918,9,[]
3933,5,[]
3944,9,[]
3959,5,[]
3970,10,[]
3986,8,[]
4000,5,[]
4011,10,[]
4027,5,[]
4038,9,[]
4053,5,[]
4064,10,[]
4080,5,[]
4091,10,[0, 1, 2, 3, 4, 5, 6, 7, 8, 9]
4107,9,[]
4122,3,[]
4131,8,[]
4145,53,[]
4240,4,[]
4250,5,[]
4261,4,[]
4271,6,[]
4283,4,[]
4293,7,[]
4306,4,[]
4316,7,[]
4329,6,[]
4341,6,[]
4353,6,[]
4365,3,[]
4374,7,[]
4387,3,[]
4396,7,[]
4409,3,[]
4418,7,[]
4431,5,[]
4442,7,[]
4455,7,[]
4468,4,[]
4478,9,[]
4493,5,[]
4504,9,[]
4519,9,[]
4534,3,[]
4543,8,[]
4557,5,[]
4568,6,[]
0,27,[9, 10, 11, 12, 13, 14, 15, 16, 17, 18, 19, 20, 21, 22, 23, 24, 25, 26]
33,7,[]
46,1,[]
53,9,[]
68,9,[]
83,9,[]
98,1,[]
105,11,[]
122,1,[]
129,8,[]
143,10,[]
159,8,[]
173,2,[]
181,8,[]
195,10,[]
211,1,[]
218,11,[]
235,10,[]
251,1,[]
258,1,[]
265,11,[]
282,9,[]
297,11,[]
314,1,[]
321,2,[]
329,12,[]
347,1,[]
354,10,[]
370,11,[]
387,1,[]
394,60,[]
489,1,[]
496,12,[]
514,1,[]
521,9,[]
536,9,[]
551,9,[]
566,10,[]
582,1,[]
589,10,[]
605,8,[0, 1, 2, 3, 4, 5, 6, 7]
619,4,[]
629,2,[]
637,9,[]
652,1,[]
659,8,[]
673,8,[]
687,8,[]
701,3,[]
710,10,[]
726,8,[]
740,2,[]
748,9,[]
763,10,[]
779,3,[]
788,10,[]
804,4,[]
814,8,[]
828,9,[]
843,10,[]
859,53,[]
947,4,[]
957,3,[]
966,7,[]
979,10,[]
995,1,[]
1002,2,[]
1010,10,[0, 1, 2, 3, 4, 5, 6, 7, 8]
1026,10,[]
1042,2,[]
1050,9,[]
1065,9,[]
1080,1,[]
1087,3,[]
1096,3,[]
1105,11,[]
1122,9,[]
1137,4,[]
1147,3,[]
1156,13,[]
1175,3,[]
1184,10,[]
1200,9,[]
1215,9,[]
1230,9,[]
1245,9,[]
1260,10,[]
1276,3,[]
1285,11,[]
1302,9,[]
1317,46,[]
1398,5,[]
1409,3,[]
1418,9,[]
1433,9,[]
1448,8,[]
1462,5,[]
1473,9,[]
1488,4,[]
1498,11,[0, 1, 2, 3, 4, 5, 6, 7, 8, 9, 10]
1515,9,[]
1530,7,[]
1543,3,[]
1552,10,[]
1568,9,[]
1583,3,[]
1592,9,[]
1607,9,[]
1622,3,[]
1631,10,[]
1647,3,[]
1656,9,[]
1671,8,[]
1685,9,[]
1700,4,[]
1710,10,[]
1726,3,[]
1735,13,[4, 5, 6, 7, 8, 9, 10, 11, 12]
1754,9,[]
1769,4,[]
1779,44,[]
1858,5,[]
1869,7,[]
1882,4,[]
1892,4,[]
1902,10,[]
1918,5,[]
1929,6,[]
1941,9,[]
1956,8,[]
1970,9,[]
1985,3,[]
1994,3,[]
2003,11,[]
2020,4,[]
2030,10,[]
2046,9,[]
2061,8,[]
2075,7,[]
2088,8,[]
2102,11,[]
2119,3,[]
2128,7,[]
2141,8,[]
2155,4,[]
2165,8,[]
2179,4,[]
2189,9,[]
2204,8,[]
2218,8,[]
2232,47,[]
2314,3,[]
2323,2,[]
2331,7,[]
2344,7,[]
2357,8,[]
2371,3,[]
2380,8,[]
2394,8,[]
2408,4,[]
2418,9,[]
2433,7,[]
2446,3,[]
2455,4,[]
2465,10,[]
2481,9,[]
2496,9,[]
2511,8,[]
2525,3,[]
2534,8,[]
2548,3,[]
2557,9,[]
2572,9,[]
2587,8,[]
2601,3,[]
2610,4,[]
2620,12,[]
2638,4,[]
2648,3,[]
2657,8,[]
2671,45,[]
2751,1,[]
2758,1,[]
2765,6,[]
2777,4,[]
2787,7,[]
2800,5,[]
2811,7,[]
2824,5,[]
2835,6,[]
2847,9,[]
2862,7,[]
2875,6,[]
2887,9,[]
2902,9,[]
2917,2,[]
2925,8,[]
2939,9,[]
2954,4,[]
2964,11,[]
2981,3,[]
2990,9,[]
3005,8,[]
3019,8,[]
3033,4,[]
3043,10,[]
3059,3,[]
3068,10,[]
3084,8,[]
3098,9,[]
3113,35,[]
3183,1,[]
3190,7,[]
3203,4,[]
3213,8,[0, 1, 2, 3, 4, 5, 6, 7]
3227,6,[]
3239,3,[]
3248,5,[]
3259,11,[]
3276,7,[]
3289,8,[]
3303,7,[]
3316,2,[]
3324,6,[]
3336,5,[]
3347,7,[]
3360,8,[]
3374,7,[]
3387,4,[]
3397,9,[]
3412,10,[]
3428,4,[]
3438,4,[]
3448,10,[]
3464,7,[]
3477,4,[]
3487,7,[]
3500,8,[]
3514,4,[]
3524,11,[0, 1, 2, 3, 4, 5, 6, 7, 8, 9, 10]
3541,31,[]
3578,6,[]
3590,3,[]
3599,4,[]
3609,7,[]
3622,7,[]
3635,4,[]
3645,9,[]
3660,10,[]
3676,7,[]
3689,9,[]
3704,6,[]
3716,3,[]
3725,8,[]
3739,3,[]
3748,9,[]
3763,7,[]
3776,7,[]
3789,4,[]
3799,7,[]
3812,5,[]
3823,9,[1, 2, 3, 4, 5, 6, 7, 8]
3838,8,[]
3852,8,[]
3866,5,[]
3877,8,[]
3891,9,[]
3906,5,[]
3917,10,[]
3933,12,[]
3951,48,[]
4034,1,[]
4041,5,[]
4052,7,[]
4065,8,[]
4079,7,[]
4092,4,[]
4102,11,[]
4119,5,[]
4130,10,[]
4146,9,[]
4161,9,[]
4176,3,[]
4185,9,[]
4200,4,[]
4210,9,[]
4225,5,[]
4236,9,[]
4251,5,[]
4262,6,[]
4274,9,[]
4289,8,[]
4303,8,[]
4317,4,[]
4327,7,[]
4340,11,[]
4357,8,[]
4371,7,[]
4384,10,[]
4400,5,[]
0,28,[2, 9, 10, 11, 12, 13, 14, 15, 16, 17, 18]
33,3,[]
41,5,[]
51,6,[]
62,6,[]
73,7,[]
85,6,[]
96,7,[]
108,6,[]
119,5,[]
129,7,[]
141,5,[]
151,6,[0, 1, 2, 3, 4, 5]
162,6,[]
173,7,[]
185,7,[]
197,9,[]
211,6,[]
222,7,[]
234,6,[]
245,7,[]
257,10,[]
272,7,[]
284,8,[0, 1, 2, 3, 4, 5, 6, 7]
297,5,[]
307,7,[]
319,6,[]
330,6,[]
341,6,[]
352,6,[]
363,51,[]
447,6,[]
458,5,[]
468,8,[0, 1, 2, 3, 4, 5, 6, 7]
481,5,[]
491,6,[]
502,7,[]
514,6,[]
525,6,[]
536,6,[]
547,5,[]
557,4,[]
566,4,[]
575,5,[]
585,8,[]
598,3,[]
606,8,[]
619,5,[]
629,6,[]
640,7,[]
652,8,[]
665,8,[]
678,8,[]
691,7,[]
703,8,[]
716,6,[]
727,6,[]
738,5,[]
748,7,[]
760,8,[]
773,55,[]
861,3,[]
869,5,[]
879,6,[]
890,6,[]
901,8,[]
914,9,[]
928,7,[]
940,7,[]
952,2,[]
959,13,[]
977,8,[]
990,6,[]
1001,3,[]
1009,7,[]
1021,6,[]
1032,5,[]
1042,6,[]
1053,5,[]
1063,5,[]
1073,8,[]
1086,8,[]
1099,8,[]
1112,6,[]
1123,6,[]
1134,3,[]
1142,8,[]
1155,3,[]
1163,9,[]
1177,2,[]
1184,52,[]
1269,11,[]
1285,3,[]
1293,10,[]
1308,8,[]
1321,8,[]
1334,7,[]
1346,7,[]
1358,5,[]
1368,6,[]
1379,6,[]
1390,6,[]
1401,6,[]
1412,9,[]
1426,7,[]
1438,2,[]
1445,10,[]
1460,6,[0, 1, 2, 3, 4, 5]
1471,7,[0, 1, 2, 3, 4, 5, 6]
1483,10,[]
1498,10,[]
1513,9,[]
1527,7,[]
1539,9,[]
1553,7,[]
1565,7,[]
1577,8,[]
1590,7,[]
1602,11,[]
1618,9,[]
1632,34,[]
1671,6,[]
1682,8,[]
1695,7,[]
1707,7,[]
1719,10,[]
1734,8,[]
1747,10,[]
1762,8,[]
1775,7,[]
1787,8,[]
1800,9,[]
1814,10,[]
1829,4,[]
1838,8,[0, 1, 2, 3, 4, 5, 6]
1851,7,[]
1863,6,[]
1874,7,[]
1886,7,[]
1898,7,[]
1910,6,[]
1921,6,[]
1932,8,[]
1945,3,[]
1953,8,[]
1966,8,[]
1979,8,[]
1992,8,[]
2005,6,[]
2016,8,[]
2029,23,[11, 12, 13, 14, 15, 16, 17, 18, 19, 20, 21, 22]
2057,7,[]
2069,8,[]
2082,8,[]
2095,8,[]
2108,8,[]
2121,8,[]
2134,9,[]
2148,6,[]
2159,9,[]
2173,6,[]
2184,5,[]
2194,6,[]
2205,7,[]
2217,7,[]
2229,9,[3, 4, 5, 6, 7, 8]
2243,8,[]
2256,8,[]
2269,8,[]
2282,10,[]
2297,8,[]
2310,8,[]
2323,6,[]
2334,7,[]
2346,5,[]
2356,4,[]
2365,5,[]
2375,6,[]
2386,5,[]
2396,5,[]
2406,35,[]
2474,2,[]
2481,2,[]
2488,3,[]
2496,4,[]
2505,4,[]
2514,4,[]
2523,4,[]
2532,4,[]
2541,4,[]
2550,3,[]
2558,4,[]
2567,4,[]
2576,4,[]
2585,5,[]
2595,7,[]
2607,5,[]
2617,7,[]
2629,4,[]
2638,5,[]
2648,4,[]
2657,3,[]
2665,4,[]
2674,3,[]
2682,3,[]
2690,4,[]
2699,4,[]
2708,4,[]
2717,4,[]
2726,4,[]
2735,39,[]
2807,1,[]
2813,2,[]
2820,3,[]
2828,5,[]
2838,4,[]
2847,3,[]
2855,4,[]
2864,5,[]
2874,4,[]
2883,4,[]
2892,2,[]
2899,5,[]
2909,3,[]
2917,4,[]
2926,4,[]
2935,4,[]
2944,3,[]
2952,4,[]
2961,4,[]
2970,4,[]
2979,4,[]
2988,4,[]
2997,4,[]
3006,5,[]
3016,5,[]
3026,7,[]
3038,6,[]
3049,6,[]
3060,7,[]
3072,40,[]
3145,2,[]
3152,3,[]
3160,2,[]
3167,4,[]
3176,3,[]
3184,5,[]
3194,3,[]
3202,3,[]
3210,4,[]
3219,7,[]
3231,8,[]
3244,9,[]
3258,7,[]
3270,4,[]
3279,3,[]
3287,6,[]
3298,7,[]
3310,8,[]
3323,4,[]
3332,7,[]
3344,10,[]
3359,5,[]
3369,7,[]
3381,7,[]
3393,8,[]
3406,6,[]
3417,7,[]
3429,8,[]
3442,7,[]
3454,61,[]
3548,4,[]
3557,2,[]
3564,2,[]
3571,4,[]
3580,3,[]
3588,5,[]
3598,5,[]
3608,5,[]
3618,5,[]
3628,4,[]
3637,4,[]
3646,4,[]
3655,5,[]
3665,4,[]
3674,5,[]
3684,4,[]
3693,5,[]
3703,4,[]
3712,6,[]
3723,5,[]
3733,7,[]
3745,6,[0, 1, 2, 3, 4, 5]
3756,5,[]
3766,6,[]
3777,7,[]
3789,6,[]
3800,5,[]
3810,5,[]
3820,5,[]
0,32,[]
38,6,[]
50,10,[]
66,9,[]
81,9,[]
96,10,[]
112,8,[]
126,9,[]
141,9,[]
156,9,[]
171,8,[]
185,7,[]
198,8,[]
212,7,[]
225,7,[]
238,7,[]
251,9,[]
266,9,[]
281,7,[]
294,8,[]
308,9,[]
323,8,[]
337,9,[]
352,7,[]
365,9,[]
380,8,[]
394,9,[]
409,8,[]
423,8,[]
437,8,[]
451,64,[]
550,7,[]
563,7,[]
576,8,[]
590,7,[]
603,7,[]
616,8,[]
630,7,[]
643,7,[]
656,7,[]
669,6,[]
681,6,[]
693,6,[]
705,7,[]
718,7,[]
731,6,[]
743,6,[]
755,7,[]
768,6,[]
780,6,[]
792,6,[]
804,6,[]
816,6,[]
828,7,[]
841,8,[]
855,7,[]
868,7,[]
881,7,[]
894,7,[]
907,7,[]
920,51,[]
1006,4,[]
1016,6,[]
1028,7,[]
1041,6,[]
1053,8,[]
1067,8,[]
1081,9,[]
1096,9,[]
1111,8,[]
1125,7,[]
1138,7,[]
1151,7,[]
1164,7,[]
1177,6,[]
1189,6,[]
1201,6,[]
1213,6,[]
1225,6,[]
1237,9,[]
1252,6,[]
1264,7,[]
1277,7,[0, 1, 2, 3, 4, 5, 6]
1290,6,[]
1302,6,[]
1314,5,[]
1325,6,[]
1337,6,[]
1349,7,[]
1362,8,[]
1376,44,[]
1455,5,[]
1466,7,[]
1479,7,[]
1492,8,[]
1506,8,[]
1520,8,[]
1534,8,[]
1548,9,[]
1563,9,[]
1578,8,[]
1592,6,[]
1604,8,[]
1618,6,[]
1630,7,[0, 1, 2, 3, 4, 5, 6]
1643,6,[]
1655,7,[]
1668,6,[]
1680,7,[]
1693,7,[]
1706,7,[]
1719,7,[]
1732,7,[]
1745,7,[]
1758,7,[]
1771,6,[]
1783,8,[]
1797,6,[]
1809,8,[]
1823,8,[]
1837,46,[]
1918,2,[]
1926,5,[]
1937,5,[]
1948,5,[]
1959,6,[]
1971,6,[]
1983,7,[]
1996,7,[]
2009,7,[]
2022,7,[]
2035,6,[]
2047,7,[]
2060,6,[]
2072,7,[]
2085,9,[]
2100,8,[]
2114,8,[]
2128,8,[]
2142,9,[]
2157,8,[]
2171,7,[]
2184,6,[]
2196,6,[]
2208,6,[]
2220,6,[]
2232,8,[]
2246,6,[]
2258,6,[]
2270,6,[]
2282,47,[]
2364,3,[]
2373,5,[]
2384,9,[]
2399,6,[]
2411,6,[]
2423,7,[]
2436,7,[]
2449,7,[]
2462,7,[]
2475,7,[]
2488,5,[]
2499,6,[]
2511,6,[]
2523,5,[]
2534,6,[]
2546,6,[]
2558,7,[]
2571,7,[]
2584,8,[]
2598,8,[]
2612,7,[]
2625,9,[]
2640,8,[]
2654,8,[]
2668,9,[]
2683,12,[]
2701,13,[]
2720,13,[]
2739,13,[]
2758,46,[]
2839,3,[]
2848,6,[]
2860,7,[]
2873,7,[]
2886,7,[]
2899,9,[]
2914,7,[]
2927,7,[]
2940,6,[]
2952,6,[]
2964,5,[]
2975,5,[]
2986,11,[]
3003,8,[]
3017,9,[]
3032,8,[]
3046,8,[]
3060,9,[]
3075,7,[0, 1, 2, 3, 4, 5, 6]
3088,7,[]
3101,6,[]
3113,7,[]
3126,6,[]
3138,7,[]
3151,7,[]
3164,7,[]
3177,8,[]
3191,8,[]
3205,8,[]
3219,42,[]
3296,3,[]
3305,8,[]
3319,6,[]
3331,6,[]
3343,7,[]
3356,7,[]
3369,6,[]
3381,6,[]
3393,5,[]
3404,5,[]
3415,6,[]
3427,5,[]
3438,6,[]
3450,6,[]
3462,7,[]
3475,7,[]
3488,7,[]
3501,6,[]
3513,6,[]
3525,6,[]
3537,6,[]
3549,6,[]
3561,9,[]
3576,9,[]
3591,8,[]
3605,9,[]
3620,10,[]
3636,10,[]
3652,7,[0, 1, 2, 3, 4, 5, 6]
3665,31,[]
3702,1,[]
3709,3,[]
3718,4,[]
3728,5,[]
3739,6,[]
3751,7,[]
3764,7,[]
3777,6,[]
3789,6,[]
3801,8,[]
3815,7,[]
3828,8,[]
3842,7,[]
3855,6,[]
3867,7,[]
3880,6,[]
3892,6,[]
3904,7,[]
3917,6,[]
3929,6,[]
3941,6,[]
3953,6,[]
3965,6,[]
3977,7,[]
3990,8,[]
4004,8,[]
4018,10,[]
4034,8,[]
4048,7,[]
4061,33,[]
4100,2,[]
4108,4,[]
4118,5,[]
4129,6,[]
4141,6,[]
4153,6,[]
4165,8,[]
4179,8,[]
4193,6,[]
4205,6,[]
4217,5,[]
4228,5,[]
4239,5,[]
4250,6,[]
4262,7,[]
4275,7,[]
4288,7,[]
4301,6,[]
4313,8,[]
4327,7,[]
4340,7,[]
4353,7,[]
4366,7,[]
4379,6,[]
4391,7,[]
4404,7,[]
4417,7,[]
4430,7,[]
4443,7,[]
0,20,[]
25,1,[]
31,8,[]
44,2,[]
51,3,[]
59,2,[]
66,2,[]
73,2,[]
80,3,[]
88,2,[]
95,4,[]
104,5,[]
114,4,[]
123,3,[]
131,7,[]
143,10,[]
158,6,[]
169,6,[]
180,6,[]
191,4,[]
200,7,[]
212,10,[]
227,8,[1, 3, 4, 5, 6, 7]
240,6,[0, 1, 2, 3, 4, 5]
251,4,[]
260,4,[]
269,7,[]
281,9,[]
295,10,[]
310,9,[]
324,96,[]
487,4,[]
496,3,[]
504,4,[]
513,5,[]
523,5,[]
533,5,[]
543,4,[]
552,5,[]
562,5,[]
572,5,[]
582,4,[]
591,6,[]
602,4,[]
611,4,[]
620,5,[]
630,5,[]
640,5,[]
650,5,[]
660,5,[]
670,5,[]
680,5,[]
690,4,[]
699,4,[]
708,5,[]
718,5,[]
728,5,[]
738,4,[]
747,5,[]
757,4,[]
766,80,[]
913,2,[]
920,3,[]
928,4,[]
937,4,[]
946,4,[]
955,7,[0, 1, 2, 3, 4, 5]
967,5,[]
977,6,[]
988,5,[]
998,7,[]
1010,5,[]
1020,7,[]
1032,4,[]
1041,6,[]
1052,6,[]
1063,6,[]
1074,6,[]
1085,7,[]
1097,6,[]
1108,7,[]
1120,7,[]
1132,6,[]
1143,7,[]
1155,6,[]
1166,6,[]
1177,6,[]
1188,6,[]
1199,6,[]
1210,7,[]
1222,86,[]
1375,3,[]
1383,4,[]
1392,5,[]
1402,6,[]
1413,6,[]
1424,7,[]
1436,6,[]
1447,8,[]
1460,6,[]
1471,7,[]
1483,8,[]
1496,7,[]
1508,5,[]
1518,6,[]
1529,7,[]
1541,8,[]
1554,7,[]
1566,7,[]
1578,8,[]
1591,7,[]
1603,5,[]
1613,6,[]
1624,7,[]
1636,7,[]
1648,8,[]
1661,7,[]
1673,6,[]
1684,7,[]
1696,6,[]
1707,94,[]
1868,3,[]
1876,4,[]
1885,4,[]
1894,5,[]
1904,7,[]
1916,6,[]
1927,6,[]
1938,7,[]
1950,7,[]
1962,6,[]
1973,6,[]
1984,6,[]
1995,5,[]
2005,5,[]
2015,6,[]
2026,7,[]
2038,5,[]
2048,6,[]
2059,5,[]
2069,6,[]
2080,6,[]
2091,5,[]
2101,6,[]
2112,7,[]
2124,5,[]
2134,6,[]
2145,5,[]
2155,6,[]
2166,6,[]
2177,98,[]
2342,5,[]
2352,4,[]
2361,5,[]
2371,6,[]
2382,5,[]
2392,7,[]
2404,7,[]
2416,7,[]
2428,7,[]
2440,7,[]
2452,6,[]
2463,7,[]
2475,6,[]
2486,6,[]
2497,7,[]
2509,7,[]
2521,6,[0, 1, 2, 3, 4, 5]
2532,6,[0, 1, 2, 3, 4, 5]
2543,7,[]
2555,7,[]
2567,6,[]
2578,6,[]
2589,7,[]
2601,8,[]
2614,7,[]
2626,7,[]
2638,7,[]
2650,7,[]
2662,5,[]
2672,97,[]
2836,3,[]
2844,3,[]
2852,3,[]
2860,6,[]
2871,6,[]
2882,6,[0, 1, 2, 3, 4, 5]
2893,7,[]
2905,7,[]
2917,7,[]
2929,7,[]
2941,7,[]
2953,7,[]
2965,7,[]
2977,6,[]
2988,7,[]
3000,6,[]
3011,7,[]
3023,6,[]
3034,5,[]
3044,7,[]
3056,5,[]
3066,5,[]
3076,7,[]
3088,6,[]
3099,6,[]
3110,7,[0, 1, 2, 3, 4, 5, 6]
3122,6,[0, 1, 2, 3, 4, 5]
3133,6,[]
3144,5,[]
3154,97,[]
3318,3,[]
3326,5,[]
3336,3,[]
3344,3,[]
3352,3,[]
3360,4,[]
3369,5,[]
3379,6,[]
3390,5,[]
3400,4,[]
3409,4,[]
3418,5,[]
3428,5,[]
3438,5,[]
3448,6,[]
3459,6,[]
3470,5,[]
3480,6,[0, 1, 2, 3, 4, 5]
3491,6,[]
3502,5,[]
3512,6,[]
3523,5,[]
3533,5,[]
3543,6,[]
3554,6,[]
3565,6,[]
3576,6,[]
3587,7,[]
3599,6,[]
3610,104,[]
3781,2,[]
3788,4,[]
3797,5,[]
3807,5,[]
3817,3,[]
3825,4,[]
3834,4,[]
3843,6,[]
3854,4,[]
3863,5,[]
3873,4,[]
3882,6,[]
3893,4,[]
3902,4,[]
3911,6,[]
3922,6,[]
3933,6,[]
3944,6,[]
3955,5,[]
3965,6,[]
3976,6,[]
3987,6,[]
3998,6,[]
4009,7,[]
4021,7,[]
4033,6,[]
4044,6,[]
4055,5,[]
4065,4,[]
4074,88,[]
4229,3,[]
4237,4,[]
4246,3,[]
4254,4,[]
4263,3,[]
4271,4,[]
4280,3,[]
4288,4,[]
4297,4,[]
4306,5,[]
4316,4,[]
4325,4,[]
4334,4,[]
4343,4,[]
4352,5,[]
4362,5,[]
4372,6,[]
4383,5,[]
4393,6,[]
4404,6,[]
4415,5,[]
4425,5,[]
4435,5,[]
4445,7,[]
4457,6,[]
4468,7,[]
4480,6,[]
4491,6,[]
4502,5,[]
0,33,[8, 9, 10, 11, 12, 13, 14]
39,5,[]
50,5,[]
61,8,[]
75,7,[]
88,8,[]
102,8,[]
116,6,[]
128,6,[]
140,8,[]
154,7,[]
167,7,[]
180,7,[]
193,5,[]
204,7,[]
217,10,[]
233,7,[]
246,9,[]
261,8,[]
275,7,[]
288,6,[]
300,7,[]
313,6,[]
325,8,[]
339,7,[]
352,8,[]
366,8,[]
380,8,[]
394,6,[]
406,7,[]
419,67,[]
525,7,[]
538,9,[]
553,6,[]
565,7,[]
578,8,[]
592,6,[]
604,8,[]
618,7,[0, 1, 2, 3, 4, 5, 6]
631,6,[]
643,5,[]
654,2,[]
662,3,[]
671,4,[]
681,4,[]
691,5,[]
702,5,[]
713,5,[]
724,6,[]
736,5,[]
747,6,[]
759,5,[]
770,6,[]
782,6,[]
794,6,[]
806,6,[]
818,6,[]
830,7,[]
843,7,[]
856,7,[]
869,65,[]
973,2,[]
981,4,[]
991,5,[]
1002,5,[]
1013,6,[]
1025,6,[]
1037,6,[]
1049,7,[]
1062,7,[]
1075,5,[]
1086,5,[]
1097,5,[]
1108,5,[]
1119,6,[]
1131,6,[]
1143,6,[]
1155,7,[]
1168,6,[]
1180,5,[]
1191,5,[]
1202,4,[]
1212,5,[]
1223,4,[]
1233,4,[]
1243,5,[]
1254,6,[]
1266,6,[]
1278,6,[]
1290,6,[]
1302,57,[]
1398,3,[]
1407,4,[]
1417,5,[]
1428,5,[]
1439,6,[]
1451,6,[]
1463,6,[]
1475,7,[]
1488,6,[]
1500,7,[]
1513,6,[]
1525,4,[]
1535,4,[]
1545,4,[]
1555,5,[]
1566,5,[]
1577,6,[]
1589,6,[]
1601,6,[]
1613,6,[]
1625,5,[]
1636,5,[]
1647,6,[]
1659,6,[]
1671,7,[]
1684,7,[0, 1, 2, 3, 4, 5, 6]
1697,5,[]
1708,7,[]
1721,5,[]
1732,60,[]
1831,3,[]
1840,4,[]
1850,4,[]
1860,5,[]
1871,5,[]
1882,6,[]
1894,6,[]
1906,8,[]
1920,7,[]
1933,6,[]
1945,4,[]
1955,7,[0, 1, 2, 3, 4, 5, 6]
1968,5,[]
1979,5,[]
1990,5,[]
2001,8,[]
2015,6,[]
2027,5,[]
2038,7,[]
2051,6,[]
2063,6,[]
2075,5,[]
2086,4,[]
2096,5,[]
2107,6,[]
2119,6,[]
2131,8,[]
2145,6,[]
2157,6,[]
2169,61,[]
2269,3,[]
2278,5,[]
2289,5,[]
2300,6,[]
2312,5,[]
2323,7,[]
2336,6,[]
2348,7,[]
2361,7,[]
2374,7,[]
2387,5,[]
2398,5,[]
2409,4,[]
2419,6,[]
2431,5,[]
2442,6,[]
2454,5,[]
2465,7,[]
2478,7,[]
2491,6,[]
2503,6,[]
2515,6,[]
2527,6,[]
2539,6,[]
2551,5,[]
2562,6,[]
2574,7,[]
2587,7,[]
2600,6,[]
2612,54,[]
2705,4,[]
2715,5,[]
2726,5,[]
2737,5,[]
2748,6,[]
2760,6,[]
2772,7,[0, 1, 2, 3, 4, 5, 6]
2785,6,[]
2797,6,[]
2809,6,[]
2821,6,[]
2833,5,[]
2844,6,[]
2856,6,[]
2868,5,[]
2879,5,[]
2890,6,[]
2902,6,[]
2914,6,[]
2926,7,[]
2939,7,[]
2952,7,[]
2965,7,[]
2978,6,[]
2990,6,[]
3002,6,[]
3014,7,[0, 1, 2, 3, 4, 5, 6]
3027,7,[]
3040,7,[]
3053,28,[]
3087,5,[]
3098,7,[]
3111,9,[]
3126,8,[]
3140,9,[]
3155,8,[]
3169,7,[]
3182,7,[]
3195,8,[]
3209,8,[]
3223,6,[]
3235,6,[]
3247,5,[]
3258,6,[]
3270,6,[]
3282,6,[]
3294,8,[]
3308,8,[]
3322,7,[]
3335,8,[]
3349,8,[]
3363,6,[]
3375,7,[]
3388,8,[]
3402,10,[]
3418,8,[]
3432,8,[]
3446,9,[]
3461,11,[]
3478,24,[]
3508,10,[]
3524,11,[]
3541,15,[]
3562,9,[]
3577,11,[3, 5, 6, 7, 8, 9, 10]
3594,8,[]
3608,8,[]
3622,8,[]
3636,8,[]
3650,8,[]
3664,7,[]
3677,7,[]
3690,9,[]
3705,9,[0, 1, 2, 3, 4, 5, 6, 7]
3720,9,[]
3735,10,[]
3751,8,[]
3765,7,[]
3778,7,[]
3791,7,[]
3804,6,[]
3816,7,[]
3829,6,[]
3841,6,[]
3853,6,[]
3865,7,[]
3878,8,[0, 1, 2, 3, 4, 5, 6, 7]
3892,9,[]
3907,8,[]
3921,51,[]
4011,3,[]
4020,5,[]
4031,6,[]
4043,7,[]
4056,6,[]
4068,7,[]
4081,7,[]
4094,8,[]
4108,8,[]
4122,7,[]
4135,8,[]
4149,7,[]
4162,8,[]
4176,8,[]
4190,8,[]
4204,8,[]
4218,9,[]
4233,7,[]
4246,8,[]
4260,8,[]
4274,8,[]
4288,8,[]
4302,10,[]
4318,7,[]
4331,9,[]
4346,8,[]
4360,8,[]
4374,7,[]
4387,7,[]
0,25,[]
31,1,[]
38,2,[]
46,1,[]
53,7,[0, 1, 2, 3, 4, 5, 6]
66,1,[]
73,2,[]
81,6,[]
93,9,[]
108,2,[]
116,6,[]
128,9,[]
143,8,[]
157,6,[]
169,7,[]
182,11,[]
199,11,[]
216,7,[]
229,4,[]
239,12,[]
257,4,[]
267,5,[]
278,12,[]
296,1,[]
303,6,[]
315,4,[]
325,7,[]
338,8,[]
352,17,[]
375,8,[]
389,77,[]
515,1,[]
522,1,[]
529,1,[]
536,14,[]
556,9,[]
571,6,[]
583,5,[]
594,10,[]
610,15,[]
631,6,[]
643,5,[]
654,6,[]
666,8,[0, 1, 2, 3, 4, 5, 6]
680,11,[]
697,5,[]
708,5,[]
719,12,[]
737,8,[]
751,5,[]
762,7,[]
775,2,[]
783,11,[]
800,6,[]
812,5,[]
823,7,[]
836,7,[]
849,7,[]
862,3,[]
871,4,[]
881,76,[]
1006,11,[]
1023,1,[]
1030,1,[]
1037,11,[]
1054,6,[]
1066,7,[]
1079,12,[]
1097,7,[]
1110,6,[]
1122,9,[]
1137,8,[]
1151,4,[]
1161,9,[]
1176,7,[]
1189,4,[]
1199,8,[]
1213,5,[]
1224,13,[]
1243,5,[]
1254,6,[]
1266,7,[]
1279,13,[]
1298,11,[]
1315,6,[]
1327,4,[]
1337,10,[]
1353,16,[]
1375,7,[]
1388,11,[]
1405,73,[]
1527,1,[]
1534,1,[]
1541,1,[]
1548,10,[]
1564,6,[]
1576,8,[]
1590,10,[]
1606,5,[]
1617,7,[]
1630,12,[]
1648,6,[]
1660,5,[]
1671,10,[]
1687,8,[]
1701,13,[]
1720,7,[]
1733,9,[]
1748,8,[]
1762,9,[]
1777,13,[0, 1, 2, 3, 4, 5, 6, 7, 8]
1796,6,[]
1808,6,[]
1820,7,[]
1833,8,[]
1847,3,[]
1856,8,[]
1870,12,[]
1888,8,[]
1902,8,[]
1916,68,[]
2033,2,[]
2041,1,[]
2048,1,[]
2055,6,[]
2067,4,[]
2077,9,[]
2092,4,[]
2102,4,[]
2112,6,[]
2124,9,[]
2139,5,[]
2150,5,[]
2161,5,[]
2172,6,[]
2184,8,[]
2198,5,[]
2209,4,[]
2219,9,[]
2234,6,[]
2246,6,[]
2258,7,[]
2271,10,[]
2287,4,[]
2297,3,[]
2306,3,[]
2315,5,[]
2326,12,[]
2344,5,[]
2355,4,[]
2365,61,[]
2475,13,[]
2494,1,[]
2501,10,[]
2517,6,[]
2529,4,[]
2539,5,[]
2550,6,[]
2562,16,[]
2584,5,[]
2595,10,[]
2611,4,[]
2621,6,[]
2633,13,[]
2652,4,[]
2662,4,[]
2672,3,[]
2681,8,[]
2695,6,[]
2707,5,[]
2718,8,[]
2732,16,[2, 7, 8, 9, 10, 11, 12, 13]
2754,5,[]
2765,11,[]
2782,2,[]
2790,4,[]
2800,5,[]
2811,16,[]
2833,5,[]
2844,12,[0, 1, 2, 3, 4, 5, 6, 7]
2862,49,[]
2960,1,[]
2967,1,[]
2974,9,[]
2989,5,[]
3000,4,[]
3010,9,[]
3025,4,[]
3035,4,[]
3045,9,[]
3060,3,[]
3069,4,[]
3079,7,[0, 1, 2, 3, 4, 5, 6]
3092,3,[]
3101,6,[]
3113,7,[]
3126,6,[]
3138,5,[]
3149,5,[]
3160,10,[]
3176,2,[]
3184,6,[]
3196,5,[]
3207,8,[]
3221,3,[]
3230,4,[]
3240,8,[]
3254,5,[]
3265,9,[]
3280,6,[]
3292,52,[]
3393,1,[]
3400,3,[]
3409,3,[]
3418,4,[]
3428,6,[]
3440,4,[]
3450,6,[]
3462,5,[]
3473,8,[]
3487,4,[]
3497,6,[]
3509,5,[]
3520,8,[]
3534,5,[]
3545,5,[]
3556,6,[]
3568,6,[]
3580,3,[]
3589,5,[]
3600,6,[]
3612,3,[]
3621,7,[]
3634,5,[]
3645,6,[]
3657,7,[0, 1, 2, 3, 4, 5, 6]
3670,5,[]
3681,7,[]
3694,3,[]
3703,10,[]
3719,64,[]
3832,2,[]
3840,2,[]
3848,1,[]
3855,6,[]
3867,3,[]
3876,4,[]
3886,6,[]
3898,8,[]
3912,3,[]
3921,6,[]
3933,4,[]
3943,7,[]
3956,3,[]
3965,4,[]
3975,7,[]
3988,4,[]
3998,4,[]
4008,10,[]
4024,5,[]
4035,6,[]
4047,5,[]
4058,11,[]
4075,4,[]
4085,5,[]
4096,4,[]
4106,9,[]
4121,5,[]
4132,5,[]
4143,6,[]
4155,71,[]
4275,1,[]
4282,1,[]
4289,7,[]
4302,5,[]
4313,4,[]
4323,6,[]
4335,9,[]
4350,4,[]
4360,5,[]
4371,9,[]
4386,6,[]
4398,5,[]
4409,6,[]
4421,7,[]
4434,11,[]
4451,5,[]
4462,4,[]
4472,5,[]
4483,9,[]
4498,6,[]
4510,6,[]
4522,5,[]
4533,4,[]
4543,7,[]
4556,5,[]
4567,6,[]
4579,7,[]
4592,6,[]
4604,8,[]
0,38,[]
75,10,[]
91,13,[]
110,13,[]
129,11,[0, 1, 2, 3, 4, 5, 6, 7, 8, 9]
146,16,[]
168,11,[]
185,10,[]
201,11,[]
218,12,[]
236,12,[]
254,11,[]
271,12,[]
289,12,[]
307,11,[]
324,11,[0, 1, 2, 3, 4, 5, 6, 7, 8, 9, 10]
341,11,[]
358,11,[]
375,11,[]
392,12,[]
410,9,[]
425,9,[]
440,8,[]
454,6,[]
466,6,[]
478,6,[]
490,7,[]
503,6,[]
515,7,[]
528,7,[]
541,59,[]
637,3,[]
646,6,[]
658,7,[]
671,7,[]
684,7,[]
697,8,[]
711,8,[]
725,8,[]
739,6,[]
751,7,[]
764,7,[]
777,7,[]
790,7,[]
803,7,[]
816,9,[]
831,8,[]
845,7,[]
858,8,[]
872,9,[]
887,10,[]
903,9,[]
918,7,[]
931,7,[]
944,8,[]
958,8,[1, 2, 3, 4, 5, 6, 7]
972,7,[0, 1, 2, 3, 4, 5, 6]
985,8,[]
999,9,[]
1014,7,[]
1027,44,[]
1108,2,[]
1116,4,[]
1126,5,[]
1137,5,[]
1148,6,[]
1160,7,[]
1173,7,[]
1186,7,[]
1199,7,[]
1212,8,[]
1226,7,[]
1239,8,[]
1253,7,[]
1266,7,[]
1279,6,[]
1291,8,[]
1305,9,[]
1320,8,[]
1334,7,[]
1347,7,[]
1360,6,[]
1372,7,[0, 1, 2, 3, 4, 5, 6]
1385,7,[0, 1, 2, 3, 4, 5, 6]
1398,7,[]
1411,6,[]
1423,6,[]
1435,7,[]
1448,8,[]
1462,7,[]
1475,43,[]
1555,2,[]
1563,3,[]
1572,4,[]
1582,5,[]
1593,4,[]
1603,5,[]
1614,6,[]
1626,7,[]
1639,6,[]
1651,6,[]
1663,6,[]
1675,7,[]
1688,7,[]
1701,6,[]
1713,6,[]
1725,6,[]
1737,8,[]
1751,6,[]
1763,6,[]
1775,8,[]
1789,7,[]
1802,9,[]
1817,7,[]
1830,6,[]
1842,8,[]
1856,7,[]
1869,6,[]
1881,7,[]
1894,6,[]
1906,43,[]
1986,2,[]
1994,5,[]
2005,6,[]
2017,6,[]
2029,5,[]
2040,5,[]
2051,5,[]
2062,6,[]
2074,5,[]
2085,5,[]
2096,6,[]
2108,7,[]
2121,7,[]
2134,6,[]
2146,5,[]
2157,6,[]
2169,6,[]
2181,6,[]
2193,6,[]
2205,5,[]
2216,6,[]
2228,8,[]
2242,7,[]
2255,9,[]
2270,8,[]
2284,7,[]
2297,8,[]
2311,7,[]
2324,7,[]
2337,48,[]
2422,2,[]
2430,4,[]
2440,4,[]
2450,6,[]
2462,7,[]
2475,7,[]
2488,7,[]
2501,7,[]
2514,7,[]
2527,7,[]
2540,7,[]
2553,7,[]
2566,7,[]
2579,7,[]
2592,7,[]
2605,8,[]
2619,8,[]
2633,8,[]
2647,7,[]
2660,7,[]
2673,7,[]
2686,5,[]
2697,6,[]
2709,6,[]
2721,6,[]
2733,7,[]
2746,6,[]
2758,7,[]
2771,7,[]
2784,47,[]
2868,1,[]
2875,4,[]
2885,4,[]
2895,5,[]
2906,7,[]
2919,7,[]
2932,6,[]
2944,7,[]
2957,6,[]
2969,7,[]
2982,6,[]
2994,7,[]
3007,6,[]
3019,6,[]
3031,7,[]
3044,7,[]
3057,6,[]
3069,6,[]
3081,6,[]
3093,6,[]
3105,6,[]
3117,6,[]
3129,6,[]
3141,6,[]
3153,6,[]
3165,6,[]
3177,6,[]
3189,6,[]
3201,6,[]
3213,44,[]
3294,2,[]
3302,3,[]
3311,4,[]
3321,6,[]
3333,5,[]
3344,6,[]
3356,6,[]
3368,6,[]
3380,6,[]
3392,6,[]
3404,6,[]
3416,7,[]
3429,7,[]
3442,7,[]
3455,7,[]
3468,7,[]
3481,6,[]
3493,7,[]
3506,6,[]
3518,7,[]
3531,7,[]
3544,7,[]
3557,7,[]
3570,7,[0, 1, 2, 3, 4, 5, 6]
3583,7,[]
3596,7,[]
3609,8,[]
3623,7,[]
3636,7,[]
3649,46,[]
3732,2,[]
3740,5,[]
3751,6,[]
3763,6,[]
3775,7,[]
3788,7,[0, 1, 2, 3, 4, 5, 6]
3801,7,[]
3814,7,[]
3827,7,[]
3840,7,[]
3853,7,[]
3866,6,[]
3878,7,[]
3891,7,[]
3904,8,[]
3918,8,[]
3932,6,[]
3944,16,[]
3966,4,[]
3976,7,[]
3989,6,[]
4001,5,[]
4012,5,[]
4023,6,[]
4035,6,[]
4047,7,[]
4060,7,[0, 1, 2, 3, 4, 5, 6]
4073,8,[]
4087,8,[]
4101,49,[]
4187,1,[]
4194,3,[]
4203,5,[]
4214,5,[]
4225,6,[]
4237,6,[]
4249,6,[]
4261,7,[]
4274,6,[]
4286,6,[]
4298,4,[]
4308,5,[]
4319,6,[]
4331,6,[]
4343,5,[]
4354,7,[]
4367,7,[]
4380,7,[]
4393,6,[]
4405,8,[]
4419,8,[]
4433,8,[]
4447,6,[]
4459,7,[]
4472,8,[]
4486,8,[]
4500,8,[]
4514,8,[]
4528,3,[]
0,27,[]
34,6,[]
47,9,[]
63,8,[]
78,9,[]
94,10,[]
111,9,[]
127,7,[]
141,9,[]
157,9,[]
173,8,[]
188,7,[]
202,6,[]
215,6,[]
228,7,[]
242,7,[]
256,7,[]
270,7,[]
284,8,[]
299,10,[]
316,8,[]
331,9,[]
347,6,[]
360,4,[]
371,6,[]
384,6,[]
397,6,[]
410,6,[]
423,6,[]
436,7,[]
450,36,[]
517,4,[]
528,7,[]
542,7,[]
556,8,[]
571,11,[]
589,9,[]
605,10,[]
622,11,[]
640,9,[]
656,8,[]
671,9,[]
687,10,[]
704,8,[]
719,7,[]
733,7,[]
747,8,[]
762,10,[]
779,8,[]
794,7,[]
808,9,[]
824,7,[]
838,8,[]
853,8,[]
868,8,[0, 1, 2, 3, 4, 5, 6, 7]
883,8,[]
898,10,[]
915,7,[]
929,8,[]
944,11,[]
962,36,[]
1029,3,[]
1039,4,[]
1050,6,[]
1063,6,[]
1076,6,[]
1089,7,[]
1103,7,[]
1117,7,[]
1131,7,[]
1145,7,[]
1159,6,[]
1172,7,[]
1186,6,[]
1199,6,[]
1212,7,[]
1226,7,[]
1240,7,[]
1254,7,[]
1268,7,[]
1282,8,[]
1297,7,[]
1311,5,[]
1323,7,[]
1337,6,[]
1350,7,[]
1364,5,[]
1376,5,[]
1388,7,[]
1402,5,[]
1414,41,[]
1486,2,[]
1495,3,[]
1505,5,[]
1517,5,[]
1529,5,[]
1541,6,[]
1554,6,[]
1567,7,[]
1581,8,[]
1596,7,[]
1610,9,[]
1626,9,[]
1642,8,[]
1657,8,[]
1672,8,[]
1687,9,[]
1703,10,[]
1720,9,[]
1736,9,[]
1752,9,[]
1768,10,[]
1785,8,[]
1800,11,[]
1818,8,[]
1833,8,[]
1848,13,[]
1868,7,[]
1882,8,[]
1897,10,[0, 1, 2, 3, 4, 5, 6, 7, 8, 9]
1914,42,[]
1987,4,[]
1998,5,[]
2010,8,[]
2025,8,[]
2040,7,[]
2054,7,[]
2068,10,[]
2085,9,[]
2101,7,[]
2115,7,[]
2129,7,[]
2143,8,[]
2158,8,[]
2173,9,[]
2189,7,[]
2203,8,[]
2218,7,[]
2232,7,[]
2246,7,[]
2260,8,[]
2275,8,[]
2290,7,[]
2304,8,[]
2319,10,[]
2336,7,[]
2350,7,[]
2364,7,[]
2378,8,[]
2393,7,[]
2407,38,[]
2476,4,[]
2487,5,[]
2499,6,[]
2512,8,[]
2527,6,[]
2540,7,[]
2554,7,[]
2568,7,[]
2582,5,[]
2594,6,[]
2607,7,[]
2621,8,[]
2636,6,[]
2649,6,[]
2662,6,[]
2675,7,[]
2689,6,[]
2702,6,[]
2715,7,[]
2729,7,[]
2743,7,[]
2757,7,[]
2771,7,[]
2785,8,[]
2800,7,[]
2814,7,[]
2828,8,[0, 1, 2, 3, 4, 5, 6, 7]
2843,8,[]
2858,7,[]
2872,40,[]
2943,3,[]
2953,5,[]
2965,6,[]
2978,6,[]
2991,7,[]
3005,7,[]
3019,6,[]
3032,7,[]
3046,7,[]
3060,7,[]
3074,6,[]
3087,7,[]
3101,6,[]
3114,6,[]
3127,6,[]
3140,7,[]
3154,6,[]
3167,7,[]
3181,7,[]
3195,7,[]
3209,8,[]
3224,6,[]
3237,6,[]
3250,6,[]
3263,6,[]
3276,7,[]
3290,7,[]
3304,7,[]
3318,6,[]
3331,40,[]
3402,3,[]
3412,6,[]
3425,6,[]
3438,7,[]
3452,7,[]
3466,8,[]
3481,8,[]
3496,8,[]
3511,8,[]
3526,8,[]
3541,6,[]
3554,9,[]
3570,8,[]
3585,9,[]
3601,8,[]
3616,8,[]
3631,9,[]
3647,7,[]
3661,7,[]
3675,7,[]
3689,7,[]
3703,8,[]
3718,6,[]
3731,7,[]
3745,7,[]
3759,9,[]
3775,9,[]
3791,7,[]
3805,8,[]
3820,42,[]
3893,3,[]
3903,6,[]
3916,6,[]
3929,6,[]
3942,7,[]
3956,9,[]
3972,7,[]
3986,8,[]
4001,8,[]
4016,7,[]
4030,7,[]
4044,6,[]
4057,7,[]
4071,8,[]
4086,8,[]
4101,8,[0, 1, 2, 3, 4, 5, 6, 7]
4116,7,[]
4130,7,[]
4144,6,[]
4157,8,[]
4172,6,[]
4185,6,[]
4198,5,[]
4210,6,[]
4223,4,[]
4234,5,[]
4246,5,[]
4258,7,[]
4272,8,[]
4287,45,[]
4363,3,[]
4373,5,[]
4385,6,[]
4398,5,[]
4410,6,[]
4423,8,[]
4438,8,[]
4453,8,[]
4468,7,[]
4482,8,[]
4497,8,[]
4512,8,[]
4527,8,[]
4542,6,[]
4555,7,[]
4569,7,[]
4583,5,[]
4595,6,[]
4608,7,[]
4622,7,[]
4636,6,[]
4649,9,[]
4665,5,[]
4677,8,[]
4692,7,[]
4706,5,[]
4718,6,[]
4731,8,[]
4746,2,[]
0,25,[4, 5, 6, 7, 8, 9, 10]
31,6,[]
43,7,[]
56,1,[]
63,9,[]
78,8,[]
92,9,[]
107,10,[]
123,9,[]
138,5,[]
149,9,[]
164,9,[]
179,10,[]
195,11,[]
212,9,[0, 1, 2, 3, 4, 5, 6, 7, 8]
227,4,[]
237,11,[]
254,10,[]
270,9,[]
285,10,[]
301,8,[]
315,4,[]
325,8,[]
339,6,[]
351,7,[]
364,7,[]
377,9,[]
392,6,[]
404,7,[]
417,6,[]
429,59,[]
532,3,[]
541,4,[]
551,3,[]
560,6,[]
572,6,[]
584,6,[]
596,7,[]
609,7,[]
622,2,[]
630,7,[]
643,6,[]
655,6,[]
667,6,[]
679,7,[0, 1, 2, 3, 4, 5, 6]
692,5,[]
703,7,[]
716,6,[]
728,6,[]
740,6,[]
752,6,[]
764,6,[]
776,6,[]
788,6,[]
800,7,[]
813,7,[]
826,7,[]
839,6,[]
851,7,[]
864,7,[]
877,52,[]
973,4,[]
983,5,[]
994,2,[]
1002,7,[]
1015,7,[]
1028,7,[]
1041,6,[]
1053,6,[]
1065,4,[]
1075,7,[]
1088,6,[]
1100,5,[]
1111,7,[]
1124,5,[]
1135,6,[]
1147,5,[]
1158,4,[]
1168,7,[]
1181,7,[]
1194,7,[]
1207,4,[]
1217,8,[]
1231,8,[]
1245,7,[]
1258,7,[]
1271,8,[]
1285,4,[]
1295,8,[]
1309,7,[]
1322,59,[]
1425,3,[]
1434,5,[]
1445,2,[]
1453,6,[]
1465,6,[]
1477,7,[]
1490,8,[]
1504,7,[]
1517,6,[]
1529,9,[]
1544,7,[]
1557,8,[]
1571,7,[]
1584,7,[]
1597,6,[]
1609,8,[]
1623,7,[]
1636,7,[0, 1, 2, 3, 4, 5, 6]
1649,7,[]
1662,8,[]
1676,4,[]
1686,9,[]
1701,7,[]
1714,8,[]
1728,7,[]
1741,7,[]
1754,4,[]
1764,8,[]
1778,7,[]
1791,58,[]
1893,4,[]
1903,5,[]
1914,2,[]
1922,6,[]
1934,7,[]
1947,7,[]
1960,7,[]
1973,7,[]
1986,4,[]
1996,8,[]
2010,8,[]
2024,8,[]
2038,8,[]
2052,8,[]
2066,7,[]
2079,8,[]
2093,8,[]
2107,8,[]
2121,8,[0, 1, 2, 3, 4, 5, 6]
2135,8,[]
2149,6,[]
2161,9,[]
2176,8,[]
2190,8,[]
2204,7,[]
2217,8,[]
2231,5,[]
2242,9,[]
2257,8,[]
2271,57,[]
2372,4,[]
2382,6,[]
2394,3,[]
2403,7,[]
2416,8,[]
2430,7,[]
2443,7,[]
2456,7,[]
2469,6,[]
2481,7,[]
2494,7,[]
2507,8,[]
2521,7,[]
2534,7,[]
2547,6,[]
2559,8,[]
2573,7,[]
2586,8,[]
2600,8,[]
2614,7,[]
2627,9,[]
2642,7,[]
2655,8,[]
2669,8,[]
2683,8,[]
2697,8,[]
2711,3,[]
2720,8,[]
2734,8,[]
2748,56,[]
2848,4,[]
2858,5,[]
2869,2,[]
2877,6,[]
2889,7,[]
2902,7,[]
2915,7,[]
2928,7,[]
2941,7,[]
2954,6,[]
2966,7,[]
2979,6,[]
2991,7,[]
3004,6,[]
3016,6,[]
3028,7,[]
3041,7,[]
3054,6,[]
3066,6,[]
3078,6,[]
3090,8,[]
3104,5,[]
3115,5,[]
3126,7,[]
3139,7,[]
3152,6,[]
3164,5,[]
3175,7,[]
3188,7,[]
3201,65,[]
3310,2,[]
3318,4,[]
3328,3,[]
3337,6,[]
3349,6,[]
3361,7,[]
3374,6,[]
3386,6,[]
3398,4,[]
3408,6,[]
3420,6,[]
3432,7,[]
3445,7,[]
3458,5,[]
3469,4,[]
3479,5,[]
3490,6,[]
3502,6,[]
3514,7,[]
3527,7,[]
3540,6,[]
3552,7,[]
3565,6,[]
3577,7,[]
3590,7,[]
3603,7,[]
3616,5,[]
3627,8,[]
3641,7,[]
3654,65,[]
3763,3,[]
3772,4,[]
3782,3,[]
3791,6,[]
3803,6,[]
3815,6,[]
3827,7,[]
3840,7,[]
3853,5,[]
3864,8,[]
3878,8,[]
3892,7,[]
3905,7,[]
3918,7,[]
3931,4,[]
3941,6,[]
3953,7,[]
3966,8,[]
3980,7,[]
3993,7,[]
4006,6,[]
4018,8,[0, 1, 2, 3, 4, 5, 6, 7]
4032,6,[]
4044,7,[]
4057,8,[]
4071,8,[]
4085,5,[]
4096,8,[]
4110,8,[]
4124,63,[]
4231,4,[]
4241,5,[]
4252,4,[]
4262,7,[]
4275,7,[]
4288,8,[]
4302,6,[]
4314,7,[]
4327,4,[]
4337,8,[]
4351,7,[]
4364,7,[]
4377,8,[]
4391,8,[]
4405,5,[]
4416,9,[]
4431,7,[]
4444,8,[]
4458,8,[]
4472,8,[]
4486,5,[]
4497,8,[]
4511,7,[]
4524,7,[]
4537,7,[]
4550,7,[]
4563,5,[]
4574,9,[]
4589,9,[]
0,16,[]
22,2,[]
30,4,[]
40,6,[]
52,7,[]
65,5,[]
76,7,[]
89,8,[]
103,7,[]
116,5,[]
127,7,[]
140,7,[]
153,7,[]
166,6,[]
178,5,[]
189,5,[]
200,5,[]
211,5,[]
222,6,[]
234,6,[]
246,6,[]
258,6,[]
270,2,[]
278,4,[]
288,5,[]
299,6,[]
311,6,[]
323,6,[]
335,3,[]
344,6,[]
356,41,[]
431,3,[]
440,5,[]
451,5,[]
462,5,[]
473,3,[]
482,7,[]
495,5,[]
506,9,[]
521,6,[]
533,6,[]
545,7,[]
558,8,[]
572,4,[]
582,8,[]
596,8,[]
610,10,[]
626,6,[]
638,9,[]
653,10,[0, 1, 2, 3, 4, 5, 6, 7]
669,11,[]
686,7,[]
699,7,[]
712,8,[]
726,7,[]
739,8,[]
753,8,[]
767,9,[]
782,6,[]
794,7,[0, 1, 2, 3, 4, 5, 6]
807,46,[]
887,4,[]
897,5,[]
908,8,[]
922,7,[]
935,8,[]
949,8,[]
963,11,[]
980,8,[]
994,8,[]
1008,9,[]
1023,8,[]
1037,7,[]
1050,6,[]
1062,8,[]
1076,7,[]
1089,5,[]
1100,6,[]
1112,9,[]
1127,6,[]
1139,2,[]
1147,9,[]
1162,1,[]
1169,2,[]
1177,2,[]
1185,1,[]
1192,1,[]
1199,1,[]
1206,3,[]
1215,1,[]
1222,62,[]
1318,1,[]
1325,1,[]
1332,1,[]
1339,1,[]
1346,6,[]
1358,17,[]
1381,8,[]
1395,9,[]
1410,4,[]
1420,10,[]
1436,11,[]
1453,10,[]
1469,10,[]
1485,11,[]
1502,9,[2, 3, 4, 5, 6, 7, 8]
1517,10,[]
1533,4,[]
1543,6,[]
1555,5,[]
1566,7,[]
1579,4,[]
1589,7,[]
1602,12,[]
1620,13,[]
1639,8,[]
1653,10,[]
1669,9,[]
1684,9,[]
1699,10,[]
1715,43,[]
1792,4,[]
1802,6,[]
1814,7,[]
1827,8,[]
1841,7,[]
1854,5,[]
1865,8,[]
1879,7,[]
1892,7,[]
1905,6,[]
1917,6,[]
1929,9,[]
1944,6,[]
1956,6,[]
1968,6,[]
1980,6,[]
1992,8,[]
2006,6,[]
2018,7,[]
2031,5,[]
2042,5,[]
2053,6,[]
2065,8,[]
2079,9,[]
2094,5,[]
2105,7,[]
2118,7,[]
2131,8,[]
2145,9,[]
2160,53,[]
2247,3,[]
2256,5,[]
2267,7,[]
2280,8,[]
2294,8,[]
2308,7,[]
2321,10,[]
2337,9,[]
2352,9,[]
2367,5,[]
2378,10,[1, 2, 3, 4, 5, 6, 7, 8]
2394,9,[]
2409,5,[]
2420,10,[]
2436,13,[]
2455,12,[]
2473,12,[]
2491,2,[]
2499,13,[4, 5, 6, 7, 8, 9, 10, 11, 12]
2518,14,[]
2538,11,[]
2555,11,[]
2572,11,[]
2589,12,[]
2607,11,[]
2624,10,[]
2640,10,[]
2656,10,[]
2672,10,[]
2688,40,[]
2762,6,[]
2774,8,[]
2788,9,[]
2803,10,[]
2819,9,[]
2834,9,[]
2849,10,[]
2865,11,[2, 3, 4, 5, 6, 7, 8, 9]
2882,9,[]
2897,9,[]
2912,10,[]
2928,9,[]
2943,9,[]
2958,7,[]
2971,13,[]
2990,11,[]
3007,5,[]
3018,25,[]
3049,11,[]
3066,15,[]
3087,5,[]
3098,8,[]
3112,9,[]
3127,9,[]
3142,7,[]
3155,7,[]
3168,9,[]
3183,8,[]
3197,7,[]
3210,39,[]
3283,3,[]
3292,4,[]
3302,5,[]
3313,6,[]
3325,5,[]
3336,6,[]
3348,6,[]
3360,7,[]
3373,6,[]
3385,7,[]
3398,6,[]
3410,5,[]
3421,5,[]
3432,7,[]
3445,7,[]
3458,7,[]
3471,5,[]
3482,7,[]
3495,6,[]
3507,6,[]
3519,8,[]
3533,4,[]
3543,3,[]
3552,3,[]
3561,6,[]
3573,4,[]
3583,3,[]
3592,6,[]
3604,19,[]
3629,47,[]
3710,1,[]
3717,1,[]
3724,2,[]
3732,5,[]
3743,8,[]
3757,3,[]
3766,4,[]
3776,9,[0, 1, 2, 3, 4, 5, 6, 7]
3791,4,[]
3801,5,[]
3812,6,[]
3824,7,[]
3837,6,[]
3849,8,[]
3863,8,[]
3877,8,[]
3891,8,[]
3905,8,[]
3919,8,[]
3933,8,[]
3947,9,[]
3962,3,[]
3971,8,[]
3985,10,[]
4001,8,[]
4015,9,[]
4030,5,[]
4041,5,[]
4052,3,[]
4061,38,[]
4133,1,[]
4140,1,[]
4147,2,[]
4155,2,[]
4163,3,[]
4172,3,[]
4181,4,[]
4191,4,[]
4201,1,[]
4208,3,[]
4217,5,[]
4228,1,[]
4235,1,[]
4242,1,[]
4249,14,[]
4269,2,[]
4277,3,[]
4286,4,[]
4296,3,[]
4305,5,[]
4316,33,[]
4355,1,[]
4362,2,[]
4370,14,[]
4390,10,[]
4406,4,[]
4416,8,[]
4430,5,[]
4441,5,[]
0,16,[]
23,11,[]
41,12,[]
60,2,[]
69,13,[]
89,10,[]
106,2,[]
115,13,[]
135,11,[]
153,11,[]
171,1,[]
179,12,[]
198,10,[]
215,10,[]
232,11,[]
250,10,[]
267,3,[]
277,13,[]
297,11,[]
315,13,[]
335,12,[0, 1, 2, 3, 4, 5, 6, 7, 8, 9, 10, 11]
354,4,[]
365,13,[]
385,12,[]
404,12,[]
423,14,[]
444,4,[]
455,14,[]
476,13,[0, 1, 2, 3, 4, 5, 6, 7, 8, 9, 10, 11, 12]
496,14,[]
517,37,[]
574,1,[]
582,13,[]
602,11,[]
620,11,[]
638,10,[]
655,1,[]
663,10,[]
680,12,[]
699,11,[]
717,8,[]
732,1,[]
740,7,[]
754,9,[]
770,8,[]
785,10,[]
802,3,[]
812,12,[]
831,9,[]
847,2,[]
856,10,[]
873,2,[]
882,8,[]
897,8,[]
912,7,[]
926,8,[]
941,4,[]
952,8,[]
967,7,[]
981,8,[]
996,18,[7, 8, 9, 10, 11, 12, 13, 14, 15, 16, 17]
1021,1,[]
1029,8,[]
1044,6,[]
1057,7,[]
1071,8,[]
1086,3,[]
1096,6,[]
1109,9,[]
1125,6,[]
1138,7,[]
1152,3,[]
1162,7,[]
1176,8,[0, 1, 2, 3, 4, 5, 6, 7]
1191,6,[]
1204,4,[]
1215,8,[]
1230,6,[]
1243,7,[]
1257,6,[]
1270,3,[]
1280,8,[]
1295,7,[]
1309,8,[]
1324,8,[]
1339,3,[]
1349,7,[]
1363,8,[]
1378,6,[]
1391,8,[]
1406,25,[4, 5, 6, 7, 8, 9, 10, 11]
1438,5,[]
1450,6,[]
1463,7,[]
1477,6,[]
1490,3,[]
1500,10,[]
1517,8,[]
1532,8,[]
1547,7,[]
1561,4,[]
1572,8,[0, 1, 2, 3, 4, 5, 6, 7]
1587,8,[]
1602,9,[]
1618,2,[]
1627,9,[]
1643,8,[]
1658,8,[]
1673,9,[]
1689,10,[]
1706,3,[]
1716,11,[]
1734,10,[]
1751,11,[]
1769,7,[]
1783,4,[]
1794,12,[]
1813,7,[]
1827,8,[]
1842,9,[]
1858,20,[]
1885,8,[]
1900,8,[]
1915,10,[]
1932,9,[]
1948,5,[]
1960,9,[]
1976,9,[]
1992,8,[]
2007,8,[]
2022,5,[]
2034,8,[]
2049,10,[]
2066,8,[]
2081,7,[]
2095,3,[]
2105,8,[]
2120,8,[]
2135,7,[]
2149,4,[]
2160,8,[]
2175,9,[]
2191,7,[]
2205,7,[]
2219,4,[]
2230,9,[]
2246,8,[]
2261,9,[]
2277,7,[]
2291,7,[]
2305,25,[]
2337,6,[]
2350,5,[]
2362,6,[]
2375,4,[]
2386,8,[]
2401,8,[]
2416,7,[]
2430,8,[]
2445,7,[]
2459,5,[]
2471,8,[]
2486,9,[]
2502,8,[]
2517,8,[]
2532,4,[]
2543,10,[]
2560,8,[]
2575,8,[]
2590,8,[]
2605,5,[]
2617,10,[]
2634,8,[]
2649,8,[]
2664,5,[]
2676,10,[]
2693,8,[]
2708,9,[]
2724,7,[]
2738,5,[]
2750,25,[0, 1, 2, 3, 4, 5, 6, 7]
2782,8,[]
2797,5,[]
2809,7,[]
2823,7,[]
2837,5,[]
2849,9,[]
2865,9,[]
2881,8,[]
2896,5,[]
2908,10,[]
2925,8,[]
2940,7,[]
2954,8,[]
2969,5,[]
2981,10,[]
2998,8,[]
3013,7,[]
3027,8,[]
3042,5,[]
3054,10,[]
3071,10,[]
3088,8,[]
3103,6,[]
3116,10,[]
3133,10,[]
3150,8,[]
3165,8,[]
3180,8,[]
3195,5,[]
3207,26,[]
3240,7,[]
3254,8,[]
3269,7,[]
3283,5,[]
3295,10,[]
3312,8,[]
3327,9,[]
3343,9,[]
3359,5,[]
3371,10,[]
3388,8,[]
3403,9,[]
3419,8,[]
3434,6,[]
3447,10,[]
3464,10,[]
3481,10,[]
3498,9,[]
3514,2,[]
3523,11,[]
3541,9,[]
3557,9,[]
3573,5,[]
3585,11,[0, 1, 2, 3, 4, 5, 6, 7, 8, 9, 10]
3603,8,[]
3618,9,[]
3634,7,[]
3648,9,[]
3664,5,[]
3676,24,[]
3707,9,[]
3723,9,[]
3739,5,[]
3751,11,[]
3769,10,[]
3786,5,[]
3798,7,[]
3812,12,[]
3831,5,[]
3843,11,[]
3861,8,[]
3876,8,[]
3891,9,[]
3907,4,[]
3918,9,[]
3934,9,[]
3950,4,[]
3961,7,[]
3975,12,[]
3994,11,[]
4012,6,[]
4025,7,[]
4039,7,[]
4053,5,[]
4065,8,[]
4080,8,[]
4095,6,[]
4108,6,[]
4121,8,[]
4136,27,[]
4170,6,[]
4183,5,[]
4195,6,[]
4208,3,[]
4218,7,[]
4232,6,[]
4245,6,[]
4258,5,[]
4270,7,[]
4284,7,[]
4298,5,[]
4310,6,[]
4323,4,[]
4334,6,[]
4347,6,[]
4360,8,[0, 1, 2, 3, 4, 5, 6, 7]
4375,6,[]
4388,2,[]
4397,6,[]
4410,8,[]
4425,5,[]
4437,6,[]
4450,4,[]
4461,7,[]
4475,6,[]
4488,8,[]
4503,6,[]
4516,5,[]
4528,5,[]
0,25,[]
29,1,[]
34,3,[]
41,4,[]
49,5,[]
58,3,[]
65,2,[]
71,4,[]
79,4,[]
87,5,[]
96,4,[]
104,9,[]
117,7,[]
128,7,[]
139,5,[]
148,9,[]
161,5,[]
170,4,[]
178,5,[]
187,4,[]
195,9,[]
208,4,[]
216,6,[]
226,7,[]
237,6,[]
247,11,[]
262,8,[]
274,8,[]
286,12,[]
302,6,[]
312,114,[]
507,2,[]
513,2,[]
519,1,[]
524,3,[]
531,3,[]
538,4,[]
546,2,[]
552,5,[]
561,4,[]
569,4,[]
577,5,[]
586,3,[]
593,4,[]
601,4,[]
609,4,[]
617,3,[]
624,5,[]
633,3,[]
640,4,[]
648,4,[]
656,4,[]
664,4,[]
672,2,[]
678,4,[]
686,4,[]
694,5,[]
703,4,[]
711,4,[]
719,6,[]
729,106,[]
916,3,[]
923,1,[]
928,4,[]
936,4,[]
944,6,[]
954,3,[]
961,6,[]
971,6,[]
981,4,[]
989,5,[]
998,5,[]
1007,7,[]
1018,4,[]
1026,7,[]
1037,4,[]
1045,7,[]
1056,4,[]
1064,4,[]
1072,8,[]
1084,4,[]
1092,7,[]
1103,4,[]
1111,7,[]
1122,5,[]
1131,7,[]
1142,6,[]
1152,6,[0, 1, 2, 3, 4, 5]
1162,8,[0, 1, 2, 3, 4, 5, 6, 7]
1174,3,[]
1181,124,[]
1386,1,[]
1391,3,[]
1398,3,[]
1405,2,[]
1411,6,[]
1421,5,[]
1430,7,[]
1441,4,[]
1449,4,[]
1457,3,[]
1464,5,[]
1473,6,[]
1483,6,[]
1493,6,[]
1503,3,[]
1510,7,[]
1521,3,[]
1528,6,[]
1538,3,[]
1545,8,[]
1557,2,[]
1563,4,[]
1571,7,[1, 2, 3, 4, 5, 6]
1582,3,[]
1589,7,[]
1600,5,[]
1609,8,[]
1621,4,[]
1629,7,[]
1640,139,[]
1860,5,[]
1869,5,[]
1878,4,[]
1886,7,[]
1897,4,[]
1905,7,[2, 3, 4, 5, 6]
1916,5,[]
1925,8,[]
1937,3,[]
1944,3,[]
1951,7,[]
1962,5,[]
1971,8,[]
1983,3,[]
1990,10,[]
2004,4,[]
2012,8,[]
2024,3,[]
2031,7,[]
2042,8,[]
2054,3,[]
2061,6,[0, 1, 2, 3, 4, 5]
2071,3,[]
2078,8,[]
2090,4,[]
2098,7,[]
2109,5,[]
2118,2,[]
2124,8,[]
2136,133,[]
2350,3,[]
2357,1,[]
2362,3,[]
2369,5,[]
2378,5,[0, 1, 2, 3, 4]
2387,5,[0, 1, 2, 3, 4]
2396,6,[]
2406,7,[]
2417,4,[]
2425,6,[]
2435,6,[]
2445,7,[]
2456,5,[]
2465,7,[]
2476,4,[]
2484,4,[]
2492,7,[]
2503,3,[]
2510,8,[]
2522,4,[]
2530,8,[]
2542,6,[]
2552,7,[]
2563,5,[]
2572,7,[]
2583,7,[]
2594,6,[]
2604,5,[]
2613,5,[]
2622,110,[]
2813,1,[]
2818,3,[]
2825,4,[]
2833,3,[]
2840,4,[]
2848,5,[]
2857,5,[]
2866,4,[]
2874,5,[]
2883,4,[]
2891,6,[]
2901,4,[]
2909,6,[]
2919,6,[]
2929,4,[]
2937,6,[]
2947,6,[]
2957,6,[]
2967,4,[]
2975,7,[]
2986,6,[]
2996,6,[]
3006,8,[]
3018,4,[]
3026,6,[]
3036,3,[]
3043,7,[]
3054,5,[]
3063,7,[]
3074,99,[]
3254,3,[]
3261,3,[]
3268,4,[]
3276,3,[]
3283,3,[]
3290,4,[]
3298,5,[]
3307,5,[]
3316,3,[]
3323,4,[]
3331,5,[]
3340,5,[]
3349,5,[]
3358,4,[]
3366,6,[]
3376,4,[]
3384,6,[]
3394,5,[]
3403,6,[]
3413,6,[]
3423,4,[]
3431,7,[]
3442,4,[]
3450,7,[]
3461,4,[]
3469,8,[]
3481,4,[]
3489,3,[]
3496,7,[1, 2, 3, 4, 5, 6]
3507,94,[]
3682,3,[]
3689,3,[]
3696,4,[]
3704,5,[]
3713,3,[]
3720,5,[]
3729,4,[]
3737,4,[]
3745,3,[]
3752,5,[]
3761,3,[]
3768,5,[]
3777,4,[]
3785,5,[]
3794,5,[]
3803,4,[]
3811,8,[3, 4, 5, 6, 7]
3823,4,[]
3831,7,[]
3842,4,[]
3850,6,[]
3860,6,[]
3870,7,[]
3881,4,[]
3889,6,[]
3899,6,[]
3909,3,[]
3916,8,[]
3928,5,[]
3937,94,[]
4112,1,[]
4117,4,[]
4125,4,[]
4133,5,[]
4142,3,[]
4149,5,[]
4158,4,[]
4166,4,[]
4174,4,[]
4182,4,[]
4190,5,[]
4199,3,[]
4206,5,[]
4215,5,[]
4224,3,[]
4231,6,[0, 1, 2, 3, 4, 5]
4241,4,[]
4249,6,[]
4259,4,[]
4267,8,[]
4279,5,[]
4288,7,[]
4299,4,[]
4307,5,[]
4316,6,[]
4326,5,[]
4335,7,[]
4346,4,[]
4354,7,[]
0,27,[]
32,2,[]
39,5,[]
49,4,[]
58,7,[]
70,7,[]
82,6,[]
93,5,[]
103,7,[]
115,6,[]
126,8,[]
139,6,[]
150,7,[]
162,7,[]
174,8,[]
187,8,[]
200,8,[]
213,7,[]
225,7,[]
237,8,[]
250,8,[]
263,7,[]
275,3,[]
283,3,[]
291,7,[]
303,5,[]
313,6,[]
324,5,[]
334,9,[0, 1, 2, 3, 4, 5, 6]
348,9,[]
362,75,[]
503,1,[]
509,2,[]
516,3,[]
524,4,[]
533,3,[]
541,5,[]
551,4,[]
560,5,[]
570,4,[]
579,5,[]
589,5,[]
599,6,[]
610,4,[]
619,5,[]
629,5,[]
639,7,[]
651,5,[]
661,5,[]
671,5,[]
681,6,[]
692,3,[]
700,5,[]
710,5,[]
720,6,[]
731,5,[]
741,6,[]
752,5,[]
762,7,[]
774,7,[]
786,85,[]
937,3,[]
945,4,[]
954,4,[]
963,5,[]
973,6,[]
984,7,[]
996,5,[]
1006,7,[]
1018,5,[]
1028,6,[]
1039,6,[]
1050,8,[]
1063,6,[]
1074,8,[]
1087,6,[]
1098,7,[]
1110,7,[]
1122,7,[]
1134,6,[]
1145,8,[]
1158,6,[]
1169,6,[]
1180,5,[]
1190,6,[]
1201,6,[]
1212,7,[]
1224,7,[]
1236,5,[]
1246,5,[]
1256,92,[]
1414,2,[]
1421,2,[]
1428,3,[]
1436,6,[]
1447,4,[]
1456,7,[]
1468,6,[]
1479,7,[]
1491,8,[0, 1, 2, 3, 4, 5, 6, 7]
1504,7,[]
1516,8,[]
1529,7,[]
1541,5,[]
1551,5,[]
1561,5,[]
1571,7,[]
1583,6,[]
1594,6,[]
1605,5,[]
1615,7,[]
1627,5,[]
1637,6,[0, 1, 2, 3, 4, 5]
1648,6,[]
1659,7,[]
1671,6,[]
1682,6,[]
1693,9,[]
1707,6,[]
1718,8,[]
1731,100,[]
1897,3,[]
1905,4,[]
1914,5,[]
1924,6,[]
1935,6,[0, 1, 2, 3, 4, 5]
1946,7,[]
1958,5,[]
1968,6,[]
1979,6,[]
1990,6,[]
2001,8,[]
2014,7,[]
2026,6,[]
2037,7,[]
2049,6,[]
2060,6,[]
2071,9,[]
2085,8,[]
2098,7,[]
2110,8,[]
2123,6,[]
2134,8,[]
2147,7,[]
2159,8,[]
2172,5,[]
2182,8,[]
2195,6,[]
2206,7,[]
2218,7,[]
2230,100,[]
2396,2,[]
2403,2,[]
2410,3,[]
2418,4,[]
2427,4,[]
2436,5,[]
2446,5,[]
2456,8,[]
2469,6,[]
2480,6,[]
2491,8,[]
2504,8,[]
2517,6,[]
2528,6,[]
2539,6,[]
2550,9,[]
2564,5,[]
2574,6,[]
2585,6,[]
2596,7,[]
2608,7,[]
2620,5,[]
2630,5,[]
2640,5,[]
2650,4,[]
2659,5,[]
2669,4,[]
2678,5,[]
2688,5,[]
2698,101,[]
2865,2,[]
2872,3,[]
2880,4,[]
2889,4,[]
2898,4,[]
2907,5,[]
2917,4,[]
2926,5,[]
2936,5,[]
2946,5,[]
2956,5,[]
2966,6,[]
2977,6,[]
2988,6,[]
2999,4,[]
3008,5,[]
3018,5,[]
3028,6,[]
3039,8,[]
3052,8,[]
3065,8,[]
3078,9,[]
3092,8,[0, 1, 2, 3, 4, 5, 6, 7]
3105,9,[0, 1, 2, 3, 4, 5, 6, 7, 8]
3119,7,[]
3131,7,[]
3143,7,[]
3155,5,[]
3165,6,[]
3176,93,[]
3335,3,[]
3343,4,[]
3352,4,[]
3361,5,[]
3371,9,[]
3385,5,[]
3395,5,[]
3405,8,[]
3418,4,[]
3427,5,[]
3437,6,[]
3448,6,[]
3459,5,[]
3469,4,[]
3478,4,[]
3487,5,[]
3497,3,[]
3505,5,[]
3515,7,[]
3527,5,[]
3537,5,[]
3547,5,[]
3557,6,[]
3568,6,[]
3579,4,[]
3588,4,[]
3597,6,[]
3608,7,[]
3620,7,[]
3632,86,[]
3784,1,[]
3790,2,[]
3797,3,[]
3805,3,[]
3813,2,[]
3820,3,[]
3828,3,[]
3836,4,[]
3845,4,[]
3854,4,[]
3863,4,[]
3872,4,[]
3881,4,[]
3890,4,[]
3899,4,[]
3908,6,[]
3919,5,[]
3929,5,[]
3939,5,[]
3949,5,[]
3959,6,[]
3970,5,[]
3980,6,[]
3991,6,[]
4002,4,[]
4011,5,[]
4021,5,[]
4031,6,[]
4042,5,[]
4052,89,[]
4207,3,[]
4215,3,[]
4223,4,[]
4232,4,[]
4241,3,[]
4249,3,[]
4257,3,[]
4265,5,[]
4275,5,[]
4285,5,[]
4295,5,[]
4305,7,[]
4317,6,[]
4328,5,[]
4338,5,[]
4348,6,[]
4359,6,[]
4370,5,[]
4380,5,[]
4390,6,[]
4401,6,[0, 1, 2, 3, 4, 5]
4412,7,[]
4424,6,[]
4435,7,[]
4447,5,[]
4457,6,[]
4468,5,[]
4478,5,[]
4488,13,[]
0,43,[]
112,5,[]
122,4,[]
131,8,[]
144,8,[]
157,5,[]
167,5,[]
177,4,[]
186,7,[]
198,5,[]
208,7,[]
220,7,[]
232,4,[]
241,7,[]
253,6,[]
264,8,[]
277,3,[]
285,4,[]
294,7,[]
306,9,[]
320,5,[]
330,5,[]
340,8,[]
353,2,[]
360,2,[]
367,3,[]
375,3,[]
383,3,[]
391,4,[]
400,5,[]
410,106,[]
585,2,[]
592,2,[]
599,4,[]
608,4,[]
617,5,[]
627,5,[]
637,5,[]
647,5,[]
657,5,[]
667,6,[]
678,6,[]
689,6,[]
700,6,[]
711,7,[]
723,6,[]
734,6,[]
745,7,[]
757,7,[]
769,7,[]
781,7,[]
793,7,[]
805,5,[]
815,7,[]
827,8,[]
840,7,[]
852,8,[]
865,5,[]
875,9,[]
889,6,[]
900,84,[]
1053,2,[]
1060,2,[]
1067,4,[]
1076,5,[]
1086,5,[]
1096,5,[]
1106,7,[]
1118,7,[]
1130,5,[]
1140,7,[]
1152,7,[]
1164,7,[]
1176,6,[]
1187,6,[]
1198,8,[]
1211,8,[]
1224,6,[]
1235,7,[]
1247,7,[]
1259,7,[]
1271,6,[]
1282,6,[]
1293,5,[]
1303,8,[]
1316,6,[]
1327,6,[]
1338,7,[]
1350,7,[]
1362,8,[]
1375,96,[]
1540,3,[]
1548,5,[]
1558,6,[]
1569,7,[]
1581,8,[]
1594,8,[]
1607,8,[]
1620,8,[]
1633,7,[]
1645,7,[]
1657,7,[]
1669,8,[]
1682,6,[]
1693,10,[]
1708,6,[]
1719,8,[]
1732,8,[]
1745,8,[]
1758,8,[]
1771,8,[]
1784,8,[0, 1, 2, 3, 4, 5, 6, 7]
1797,8,[]
1810,7,[]
1822,7,[]
1834,5,[]
1844,8,[]
1857,7,[]
1869,8,[]
1882,8,[]
1895,95,[]
2059,1,[]
2065,2,[]
2072,2,[]
2079,4,[]
2088,3,[]
2096,5,[]
2106,4,[]
2115,7,[]
2127,4,[]
2136,5,[]
2146,7,[]
2158,6,[]
2169,6,[]
2180,6,[]
2191,5,[]
2201,6,[]
2212,4,[]
2221,6,[]
2232,7,[]
2244,6,[]
2255,6,[]
2266,6,[]
2277,6,[]
2288,7,[]
2300,7,[]
2312,4,[]
2321,7,[]
2333,9,[]
2347,7,[]
2359,93,[]
2521,3,[]
2529,4,[]
2538,4,[]
2547,5,[]
2557,3,[]
2565,5,[]
2575,5,[]
2585,4,[]
2594,4,[]
2603,4,[]
2612,6,[]
2623,5,[]
2633,5,[]
2643,3,[]
2651,6,[]
2662,5,[]
2672,4,[]
2681,6,[]
2692,5,[]
2702,6,[]
2713,5,[]
2723,5,[]
2733,5,[]
2743,6,[]
2754,6,[]
2765,6,[]
2776,7,[]
2788,7,[]
2800,6,[]
2811,81,[]
2961,2,[]
2968,3,[]
2976,2,[]
2983,3,[]
2991,4,[]
3000,3,[]
3008,5,[]
3018,4,[]
3027,4,[]
3036,4,[]
3045,4,[]
3054,4,[]
3063,6,[]
3074,4,[]
3083,5,[]
3093,5,[]
3103,6,[]
3114,6,[]
3125,6,[]
3136,5,[]
3146,7,[]
3158,6,[]
3169,6,[]
3180,3,[]
3188,8,[]
3201,5,[]
3211,4,[]
3220,5,[]
3230,4,[]
3239,92,[]
3400,1,[]
3406,2,[]
3413,5,[]
3423,4,[]
3432,4,[]
3441,4,[]
3450,5,[]
3460,5,[]
3470,5,[]
3480,5,[]
3490,4,[]
3499,6,[]
3510,5,[]
3520,5,[]
3530,4,[]
3539,4,[]
3548,3,[]
3556,5,[]
3566,4,[]
3575,4,[]
3584,7,[]
3596,9,[]
3610,5,[]
3620,7,[]
3632,8,[]
3645,4,[]
3654,7,[]
3666,8,[]
3679,6,[]
3690,94,[]
3853,2,[]
3860,2,[]
3867,4,[]
3876,3,[]
3884,3,[]
3892,4,[]
3901,4,[]
3910,5,[]
3920,5,[]
3930,5,[]
3940,5,[]
3950,5,[]
3960,6,[]
3971,5,[]
3981,5,[]
3991,6,[]
4002,8,[]
4015,6,[]
4026,5,[]
4036,7,[]
4048,5,[]
4058,7,[]
4070,7,[]
4082,4,[]
4091,6,[]
4102,4,[]
4111,5,[]
4121,5,[]
4131,7,[0, 1, 2, 3, 4, 5, 6]
4143,87,[]
4299,2,[]
4306,4,[]
4315,3,[]
4323,5,[]
4333,3,[]
4341,4,[]
4350,4,[]
4359,5,[]
4369,5,[]
4379,5,[]
4389,3,[]
4397,7,[]
4409,7,[]
4421,6,[]
4432,6,[]
4443,7,[]
4455,6,[]
4466,6,[]
4477,6,[]
4488,3,[]
4496,8,[]
4509,8,[]
4522,7,[]
4534,7,[]
4546,8,[]
4559,6,[]
4570,6,[]
4581,6,[]
4592,2,[]
0,27,[]
33,5,[]
44,5,[]
55,6,[]
67,6,[]
79,5,[]
90,6,[]
102,7,[]
115,6,[]
127,6,[]
139,7,[]
152,9,[]
167,6,[]
179,5,[]
190,5,[]
201,5,[]
212,7,[]
225,6,[]
237,5,[]
248,5,[]
259,6,[]
271,6,[]
283,6,[]
295,5,[]
306,7,[]
319,7,[]
332,8,[]
346,9,[]
361,9,[]
376,7,[]
389,63,[]
485,4,[]
495,5,[]
506,7,[]
519,7,[]
532,8,[]
546,8,[]
560,8,[]
574,8,[]
588,9,[]
603,9,[]
618,9,[0, 1, 2, 3, 4, 5, 6, 7, 8]
633,9,[]
648,9,[]
663,8,[]
677,9,[]
692,10,[]
708,10,[]
724,10,[]
740,10,[]
756,11,[]
773,10,[]
789,9,[]
804,9,[]
819,10,[]
835,11,[]
852,12,[1, 2, 3, 4, 5, 6, 7, 8, 9, 10, 11]
870,9,[]
885,10,[]
901,13,[]
920,42,[]
995,7,[]
1008,9,[]
1023,9,[]
1038,9,[]
1053,10,[]
1069,10,[]
1085,9,[]
1100,11,[]
1117,9,[]
1132,9,[]
1147,9,[]
1162,8,[]
1176,8,[]
1190,9,[]
1205,8,[]
1219,8,[]
1233,9,[]
1248,8,[]
1262,8,[]
1276,9,[]
1291,8,[]
1305,7,[]
1318,7,[]
1331,7,[]
1344,8,[]
1358,8,[]
1372,8,[]
1386,8,[]
1400,9,[]
1415,31,[]
1452,4,[]
1462,6,[]
1474,8,[]
1488,8,[]
1502,8,[]
1516,8,[]
1530,7,[]
1543,7,[]
1556,8,[]
1570,7,[]
1583,7,[]
1596,7,[]
1609,7,[]
1622,7,[]
1635,6,[]
1647,7,[]
1660,7,[]
1673,7,[]
1686,7,[]
1699,6,[]
1711,6,[]
1723,6,[]
1735,7,[]
1748,7,[]
1761,7,[]
1774,8,[]
1788,7,[]
1801,7,[]
1814,8,[]
1828,29,[9, 18, 19, 20, 21, 22, 23, 24]
1863,4,[]
1873,7,[]
1886,6,[]
1898,7,[]
1911,6,[]
1923,7,[]
1936,6,[]
1948,6,[]
1960,6,[]
1972,6,[]
1984,6,[]
1996,5,[]
2007,6,[]
2019,7,[]
2032,6,[]
2044,6,[]
2056,6,[]
2068,8,[]
2082,6,[]
2094,7,[]
2107,6,[]
2119,6,[]
2131,6,[]
2143,7,[]
2156,6,[]
2168,7,[]
2181,7,[]
2194,7,[]
2207,7,[]
2220,33,[]
2259,3,[]
2268,5,[]
2279,5,[]
2290,6,[]
2302,6,[]
2314,6,[]
2326,6,[]
2338,7,[]
2351,7,[]
2364,7,[]
2377,6,[]
2389,7,[]
2402,6,[]
2414,5,[]
2425,6,[]
2437,6,[]
2449,6,[]
2461,7,[]
2474,6,[]
2486,6,[]
2498,6,[]
2510,6,[]
2522,6,[]
2534,6,[]
2546,6,[]
2558,6,[]
2570,5,[]
2581,6,[]
2593,6,[]
2605,39,[]
2677,2,[]
2685,4,[]
2695,5,[]
2706,5,[]
2717,6,[]
2729,5,[]
2740,6,[]
2752,6,[]
2764,5,[]
2775,4,[]
2785,5,[]
2796,6,[]
2808,7,[]
2821,5,[]
2832,4,[]
2842,4,[]
2852,5,[]
2863,5,[]
2874,5,[]
2885,5,[]
2896,6,[]
2908,4,[]
2918,5,[]
2929,6,[]
2941,6,[]
2953,6,[]
2965,5,[]
2976,5,[]
2987,5,[]
2998,46,[]
3077,1,[]
3084,4,[]
3094,4,[]
3104,5,[]
3115,7,[]
3128,6,[]
3140,4,[]
3150,7,[]
3163,4,[]
3173,4,[]
3183,6,[]
3195,5,[]
3206,6,[]
3218,6,[]
3230,4,[]
3240,5,[]
3251,5,[]
3262,6,[]
3274,5,[]
3285,3,[]
3294,4,[]
3304,5,[]
3315,3,[]
3324,5,[]
3335,5,[]
3346,3,[]
3355,5,[]
3366,5,[]
3377,5,[]
3388,54,[]
3475,2,[]
3483,3,[]
3492,3,[]
3501,4,[]
3511,4,[]
3521,4,[]
3531,4,[]
3541,5,[]
3552,5,[]
3563,7,[]
3576,7,[]
3589,7,[]
3602,5,[]
3613,7,[]
3626,5,[]
3637,5,[]
3648,4,[]
3658,5,[]
3669,5,[]
3680,6,[]
3692,6,[]
3704,7,[]
3717,7,[]
3730,8,[]
3744,6,[]
3756,8,[]
3770,6,[]
3782,6,[]
3794,6,[]
3806,54,[]
3893,3,[]
3902,6,[]
3914,7,[]
3927,8,[]
3941,7,[]
3954,8,[]
3968,8,[]
3982,7,[]
3995,8,[]
4009,9,[]
4024,8,[]
4038,9,[]
4053,9,[]
4068,9,[]
4083,9,[]
4098,9,[]
4113,8,[0, 1, 2, 3, 4, 5, 6, 7]
4127,7,[]
4140,6,[]
4152,8,[]
4166,6,[]
4178,6,[]
4190,6,[]
4202,7,[]
4215,6,[]
4227,6,[]
4239,7,[]
4252,8,[]
4266,3,[]
0,17,[2, 3, 4, 5, 6, 7, 8]
23,7,[]
36,2,[]
44,9,[]
59,14,[]
79,9,[]
94,14,[]
114,6,[]
126,8,[]
140,7,[]
153,9,[]
168,7,[]
181,5,[]
192,9,[]
207,8,[0, 1, 2, 3, 4, 5, 6, 7]
221,8,[]
235,10,[]
251,4,[]
261,8,[]
275,7,[]
288,8,[]
302,8,[]
316,1,[]
323,5,[]
334,6,[]
346,6,[]
358,5,[]
369,3,[]
378,6,[]
390,6,[]
402,34,[]
442,4,[]
452,1,[]
459,6,[]
471,6,[]
483,6,[]
495,7,[]
508,4,[]
518,7,[]
531,12,[]
549,6,[]
561,8,[]
575,5,[]
586,14,[]
606,8,[]
620,9,[]
635,6,[]
647,8,[]
661,8,[]
675,8,[]
689,7,[]
702,7,[]
715,9,[]
730,7,[]
743,7,[]
756,8,[]
770,8,[]
784,4,[]
794,8,[]
808,9,[]
823,42,[]
899,5,[]
910,2,[]
918,7,[]
931,6,[]
943,6,[]
955,7,[]
968,6,[]
980,9,[2, 3, 4, 5, 6, 7, 8]
995,8,[]
1009,5,[]
1020,8,[]
1034,8,[]
1048,7,[]
1061,7,[]
1074,5,[]
1085,5,[]
1096,6,[]
1108,7,[]
1121,8,[]
1135,7,[]
1148,7,[]
1161,4,[]
1171,6,[]
1183,6,[]
1195,8,[]
1209,6,[]
1221,4,[]
1231,7,[]
1244,8,[]
1258,48,[]
1340,2,[]
1348,1,[]
1355,5,[]
1366,5,[]
1377,7,[]
1390,6,[]
1402,5,[]
1413,8,[]
1427,7,[]
1440,6,[]
1452,6,[]
1464,4,[]
1474,8,[]
1488,6,[]
1500,6,[]
1512,8,[]
1526,3,[]
1535,11,[]
1552,9,[]
1567,6,[]
1579,8,[]
1593,7,[]
1606,9,[]
1621,7,[]
1634,9,[]
1649,8,[]
1663,7,[]
1676,9,[]
1691,8,[]
1705,50,[]
1789,2,[]
1797,2,[]
1805,5,[]
1816,7,[]
1829,8,[]
1843,6,[]
1855,6,[]
1867,9,[]
1882,7,[0, 1, 2, 3, 4, 5, 6]
1895,8,[]
1909,7,[]
1922,6,[]
1934,9,[]
1949,7,[]
1962,7,[]
1975,8,[]
1989,3,[]
1998,8,[]
2012,8,[]
2026,8,[]
2040,8,[]
2054,3,[]
2063,8,[]
2077,8,[]
2091,9,[0, 1, 2, 3, 4, 5, 6, 7, 8]
2106,7,[]
2119,5,[]
2130,9,[]
2145,8,[]
2159,49,[]
2242,3,[]
2251,2,[]
2259,7,[]
2272,7,[]
2285,7,[]
2298,8,[]
2312,6,[]
2324,9,[]
2339,8,[]
2353,8,[]
2367,8,[]
2381,3,[]
2390,8,[]
2404,9,[]
2419,9,[]
2434,8,[]
2448,3,[]
2457,8,[]
2471,8,[]
2485,9,[]
2500,7,[]
2513,6,[]
2525,7,[]
2538,7,[]
2551,8,[]
2565,8,[]
2579,6,[]
2591,8,[]
2605,8,[]
2619,49,[]
2702,3,[]
2711,3,[]
2720,6,[]
2732,7,[]
2745,7,[]
2758,7,[]
2771,5,[]
2782,10,[]
2798,8,[]
2812,7,[]
2825,9,[]
2840,7,[]
2853,8,[]
2867,9,[]
2882,8,[]
2896,10,[0, 1, 2, 3, 4, 5, 6, 7, 8, 9]
2912,6,[]
2924,8,[]
2938,8,[]
2952,8,[]
2966,15,[]
2987,4,[]
2997,7,[]
3010,8,[]
3024,7,[]
3037,7,[]
3050,4,[]
3060,8,[]
3074,8,[]
3088,46,[]
3168,3,[]
3177,4,[]
3187,6,[]
3199,6,[]
3211,8,[]
3225,7,[]
3238,6,[]
3250,8,[]
3264,7,[]
3277,8,[]
3291,7,[]
3304,6,[]
3316,10,[]
3332,7,[]
3345,7,[0, 1, 2, 3, 4, 5, 6]
3358,9,[]
3373,6,[]
3385,9,[]
3400,8,[]
3414,9,[]
3429,8,[]
3443,6,[]
3455,9,[]
3470,8,[]
3484,9,[]
3499,10,[]
3515,6,[]
3527,9,[]
3542,8,[]
3556,42,[]
3632,5,[]
3643,2,[]
3651,7,[]
3664,9,[]
3679,14,[]
3699,9,[]
3714,7,[]
3727,9,[]
3742,21,[]
3769,8,[]
3783,10,[]
3799,5,[]
3810,9,[]
3825,11,[]
3842,8,[]
3856,8,[]
3870,6,[]
3882,8,[]
3896,8,[]
3910,8,[]
3924,7,[]
3937,7,[]
3950,11,[]
3967,9,[]
3982,9,[]
3997,7,[]
4010,7,[]
4023,9,[]
4038,9,[]
4053,45,[]
4132,2,[]
4140,3,[]
4149,4,[]
4159,6,[]
4171,5,[]
4182,5,[]
4193,5,[]
4204,7,[]
4217,9,[]
4232,6,[]
4244,7,[]
4257,4,[]
4267,8,[]
4281,5,[]
4292,5,[]
4303,5,[]
4314,4,[]
4324,6,[]
4336,6,[]
4348,5,[]
4359,6,[]
4371,5,[]
4382,7,[]
4395,6,[]
4407,7,[]
4420,7,[]
4433,5,[]
4444,9,[]
4459,9,[]
0,17,[]
24,1,[]
32,10,[]
49,4,[]
60,11,[]
78,3,[]
88,11,[]
106,2,[]
115,11,[]
133,3,[]
143,10,[]
160,1,[]
168,11,[]
186,2,[]
195,4,[]
206,11,[0, 1, 2, 3, 4, 5, 6, 7, 8, 9, 10]
224,10,[]
241,3,[]
251,12,[]
270,2,[]
279,11,[]
297,1,[]
305,4,[]
316,12,[]
335,4,[]
346,10,[]
363,3,[]
373,10,[]
390,2,[]
399,12,[]
418,44,[]
487,6,[]
500,6,[]
513,3,[]
523,2,[]
532,10,[]
549,3,[]
559,12,[]
578,3,[]
588,13,[]
608,1,[]
616,7,[]
630,3,[]
640,13,[]
660,4,[]
671,13,[4, 5, 6, 7, 8, 9, 10, 11]
691,4,[]
702,11,[]
720,5,[]
732,15,[]
754,4,[]
765,11,[]
783,5,[]
795,15,[]
817,4,[]
828,16,[]
851,4,[]
862,13,[]
882,5,[]
894,14,[]
915,32,[]
954,11,[]
972,5,[]
984,13,[]
1004,5,[]
1016,13,[]
1036,5,[]
1048,13,[]
1068,6,[]
1081,13,[]
1101,2,[]
1110,13,[]
1130,3,[]
1140,13,[]
1160,2,[]
1169,12,[]
1188,5,[]
1200,13,[]
1220,5,[]
1232,12,[]
1251,3,[]
1261,12,[]
1280,5,[]
1292,11,[1, 2, 3, 4, 5, 6, 7, 8, 9, 10]
1310,5,[]
1322,13,[]
1342,5,[]
1354,12,[]
1373,5,[]
1385,13,[]
1405,31,[]
1443,11,[]
1461,2,[]
1470,13,[]
1490,3,[]
1500,12,[]
1519,3,[]
1529,13,[]
1549,3,[]
1559,13,[]
1579,4,[]
1590,12,[]
1609,4,[]
1620,12,[]
1639,3,[]
1649,12,[]
1668,3,[]
1678,12,[]
1697,4,[]
1708,13,[]
1728,4,[]
1739,13,[]
1759,3,[]
1769,11,[]
1787,4,[]
1798,11,[]
1816,5,[]
1828,12,[]
1847,3,[]
1857,11,[]
1875,23,[]
1905,10,[]
1922,3,[]
1932,13,[]
1952,4,[]
1963,13,[0, 1, 2, 3, 4, 5, 6, 7, 8, 9, 10, 11, 12]
1983,4,[]
1994,10,[]
2011,4,[]
2022,11,[]
2040,3,[]
2050,11,[]
2068,3,[]
2078,9,[]
2094,4,[]
2105,5,[]
2117,12,[]
2136,11,[]
2154,3,[]
2164,11,[]
2182,4,[]
2193,10,[]
2210,3,[]
2220,12,[]
2239,4,[]
2250,11,[]
2268,4,[]
2279,10,[]
2296,4,[]
2307,9,[]
2323,27,[0, 4, 5, 6, 7, 8, 9, 10, 11, 12, 13, 14, 15, 16, 17, 18, 19, 20, 21, 22, 23, 24, 25, 26]
2357,8,[]
2372,2,[]
2381,10,[]
2398,3,[]
2408,9,[]
2424,4,[]
2435,9,[]
2451,3,[]
2461,4,[]
2472,10,[]
2489,9,[]
2505,4,[]
2516,4,[]
2527,10,[]
2544,5,[]
2556,10,[]
2573,4,[]
2584,9,[]
2600,5,[]
2612,9,[]
2628,3,[]
2638,8,[]
2653,5,[]
2665,10,[]
2682,4,[]
2693,11,[]
2711,4,[]
2722,10,[]
2739,3,[]
2749,25,[0, 1, 2, 3, 4, 5, 6, 7, 8]
2781,1,[]
2789,10,[]
2806,4,[]
2817,11,[]
2835,3,[]
2845,12,[]
2864,4,[]
2875,11,[]
2893,4,[]
2904,10,[]
2921,4,[]
2932,9,[]
2948,3,[]
2958,10,[0, 1, 2, 3, 4, 5, 6, 7, 8, 9]
2975,4,[]
2986,10,[]
3003,4,[]
3014,10,[]
3031,3,[]
3041,10,[]
3058,4,[]
3069,11,[]
3087,3,[]
3097,10,[]
3114,5,[]
3126,10,[]
3143,4,[]
3154,11,[]
3172,5,[]
3184,32,[]
3223,1,[]
3231,9,[]
3247,4,[]
3258,10,[]
3275,4,[]
3286,10,[]
3303,4,[]
3314,11,[]
3332,3,[]
3342,10,[]
3359,2,[]
3368,9,[]
3384,4,[]
3395,11,[]
3413,3,[]
3423,11,[]
3441,5,[]
3453,9,[]
3469,4,[]
3480,9,[]
3496,5,[]
3508,10,[]
3525,3,[]
3535,11,[]
3553,3,[]
3563,10,[]
3580,5,[]
3592,10,[]
3609,3,[]
3619,36,[]
3680,1,[]
3688,8,[]
3703,3,[]
3713,9,[]
3729,4,[]
3740,9,[]
3756,4,[]
3767,9,[]
3783,4,[]
3794,9,[]
3810,3,[]
3820,9,[]
3836,5,[]
3848,9,[]
3864,5,[]
3876,9,[]
3892,4,[]
3903,9,[0, 1, 2, 3, 4, 5, 6, 7, 8]
3919,4,[]
3930,9,[]
3946,5,[]
3958,9,[]
3974,5,[]
3986,10,[]
4003,5,[]
4015,10,[]
4032,4,[]
4043,10,[]
4060,5,[]
4072,37,[]
4134,1,[]
4142,1,[]
4150,10,[]
4167,10,[]
4184,3,[]
4194,10,[]
4211,5,[]
4223,12,[3, 4, 5, 6, 7, 8, 9, 10, 11]
4242,4,[]
4253,11,[]
4271,3,[]
4281,10,[]
4298,3,[]
4308,11,[]
4326,3,[]
4336,12,[]
4355,4,[]
4366,12,[]
4385,3,[]
4395,12,[]
4414,3,[]
4424,3,[]
4434,12,[]
4453,10,[]
4470,4,[]
4481,4,[]
4492,11,[]
4510,5,[]
4522,11,[]
0,11,[]
18,2,[]
27,6,[]
40,6,[]
53,6,[]
66,5,[]
78,7,[]
92,8,[]
107,6,[]
120,6,[]
133,6,[]
146,6,[]
159,6,[]
172,5,[]
184,5,[]
196,6,[]
209,6,[]
222,6,[]
235,5,[]
247,5,[]
259,5,[]
271,6,[]
284,5,[]
296,8,[]
311,10,[]
328,7,[]
342,11,[]
360,8,[]
375,7,[]
389,7,[]
403,38,[]
468,3,[]
478,5,[]
490,4,[]
501,6,[]
514,8,[]
529,8,[]
544,8,[]
559,10,[]
576,7,[]
590,8,[]
605,8,[]
620,9,[]
636,9,[]
652,7,[]
666,7,[]
680,9,[]
696,6,[]
709,7,[]
723,6,[]
736,7,[]
750,6,[]
763,8,[]
778,8,[]
793,8,[]
808,9,[]
824,8,[]
839,6,[]
852,8,[]
867,7,[]
881,42,[]
950,3,[]
960,5,[]
972,7,[]
986,8,[]
1001,7,[]
1015,9,[]
1031,7,[]
1045,8,[]
1060,10,[]
1077,7,[]
1091,8,[]
1106,8,[]
1121,6,[]
1134,9,[]
1150,5,[]
1162,7,[]
1176,4,[]
1187,5,[]
1199,7,[]
1213,4,[]
1224,4,[]
1235,5,[]
1247,4,[]
1258,6,[]
1271,5,[]
1283,6,[]
1296,4,[]
1307,5,[]
1319,7,[]
1333,47,[]
1407,3,[]
1417,4,[]
1428,6,[]
1441,8,[]
1456,6,[]
1469,9,[]
1485,5,[]
1497,8,[]
1512,3,[]
1522,7,[]
1536,7,[]
1550,8,[]
1565,8,[]
1580,8,[]
1595,6,[]
1608,7,[]
1622,6,[]
1635,7,[]
1649,9,[]
1665,4,[]
1676,5,[]
1688,7,[]
1702,9,[]
1718,8,[]
1733,7,[]
1747,8,[]
1762,10,[]
1779,8,[]
1794,6,[]
1807,45,[]
1879,5,[]
1891,7,[]
1905,8,[]
1920,8,[]
1935,7,[]
1949,7,[]
1963,8,[]
1978,7,[]
1992,7,[]
2006,7,[]
2020,7,[]
2034,7,[]
2048,9,[]
2064,8,[]
2079,8,[]
2094,9,[]
2110,8,[]
2125,9,[]
2141,8,[]
2156,9,[]
2172,8,[]
2187,9,[]
2203,9,[]
2219,8,[]
2234,8,[]
2249,8,[]
2264,8,[]
2279,8,[]
2294,7,[]
2308,33,[]
2348,5,[]
2360,6,[]
2373,6,[]
2386,8,[]
2401,8,[]
2416,8,[]
2431,10,[]
2448,9,[]
2464,10,[]
2481,10,[]
2498,10,[]
2515,9,[]
2531,9,[]
2547,9,[]
2563,9,[]
2579,9,[]
2595,10,[]
2612,10,[]
2629,10,[2, 3, 4, 5, 6, 7, 8, 9]
2646,11,[]
2664,12,[]
2683,13,[]
2703,9,[]
2719,10,[]
2736,11,[]
2754,11,[]
2772,11,[]
2790,11,[]
2808,11,[]
2826,40,[]
2893,6,[]
2906,10,[]
2923,10,[]
2940,10,[]
2957,9,[]
2973,12,[]
2992,10,[]
3009,10,[]
3026,10,[]
3043,9,[]
3059,9,[]
3075,9,[]
3091,9,[]
3107,9,[]
3123,10,[]
3140,9,[]
3156,8,[]
3171,10,[]
3188,10,[]
3205,10,[]
3222,10,[]
3239,10,[]
3256,10,[]
3273,10,[]
3290,9,[]
3306,8,[]
3321,6,[]
3334,8,[]
3349,7,[]
3363,23,[]
3393,3,[]
3403,5,[]
3415,5,[]
3427,5,[]
3439,6,[]
3452,8,[]
3467,6,[]
3480,7,[]
3494,7,[]
3508,6,[]
3521,6,[]
3534,7,[]
3548,7,[]
3562,5,[]
3574,7,[]
3588,7,[]
3602,8,[]
3617,6,[]
3630,6,[]
3643,8,[]
3658,7,[]
3672,6,[]
3685,5,[]
3697,7,[]
3711,8,[]
3726,6,[]
3739,6,[]
3752,6,[]
3765,8,[0, 1, 2, 3, 4, 5, 6, 7]
3780,23,[]
3810,4,[]
3821,4,[]
3832,5,[]
3844,6,[]
3857,6,[]
3870,6,[]
3883,8,[]
3898,7,[]
3912,6,[]
3925,7,[]
3939,6,[]
3952,6,[]
3965,6,[]
3978,6,[]
3991,8,[]
4006,9,[]
4022,7,[]
4036,6,[]
4049,7,[]
4063,6,[]
4076,7,[]
4090,7,[]
4104,8,[]
4119,7,[]
4133,7,[]
4147,7,[]
4161,8,[]
4176,7,[]
4190,7,[]
4204,32,[]
4243,4,[]
4254,6,[]
4267,7,[]
4281,8,[]
4296,9,[]
4312,11,[]
4330,10,[]
4347,11,[1, 2, 3, 4, 5, 6, 7, 8, 9, 10]
4365,10,[0, 1, 2, 3, 4, 5, 6, 7]
4382,10,[]
4399,10,[]
4416,8,[]
4431,10,[]
4448,10,[]
4465,12,[]
4484,10,[]
4501,8,[]
4516,8,[]
4531,8,[]
4546,8,[]
4561,8,[]
4576,10,[]
4593,7,[]
4607,7,[]
4621,8,[]
4636,8,[]
4651,8,[]
4666,8,[]
4681,8,[]
0,14,[]
20,2,[]
28,6,[]
40,9,[]
55,7,[]
68,7,[]
81,8,[]
95,7,[]
108,6,[]
120,6,[]
132,7,[]
145,7,[]
158,5,[]
169,6,[]
181,6,[]
193,6,[]
205,6,[]
217,6,[]
229,6,[]
241,6,[]
253,6,[]
265,7,[0, 1, 2, 3, 4, 5, 6]
278,7,[]
291,7,[]
304,8,[]
318,7,[]
331,7,[]
344,7,[]
357,8,[]
371,7,[]
384,29,[]
419,4,[]
429,5,[]
440,6,[]
452,7,[]
465,7,[]
478,6,[]
490,7,[]
503,7,[]
516,6,[]
528,6,[]
540,6,[]
552,6,[]
564,6,[]
576,7,[]
589,6,[]
601,7,[]
614,7,[]
627,7,[]
640,7,[]
653,7,[]
666,7,[]
679,7,[]
692,7,[]
705,7,[]
718,8,[]
732,8,[]
746,7,[]
759,7,[]
772,6,[]
784,29,[0, 1, 2, 3, 4, 5, 6, 7, 8, 9, 10, 11, 12, 13, 14]
819,4,[]
829,6,[]
841,6,[]
853,6,[]
865,7,[]
878,6,[]
890,6,[]
902,8,[]
916,8,[]
930,8,[]
944,8,[]
958,7,[]
971,7,[]
984,8,[]
998,8,[]
1012,9,[0, 1, 2, 3, 4, 5, 6]
1027,10,[]
1043,9,[]
1058,7,[]
1071,9,[]
1086,8,[]
1100,7,[]
1113,6,[]
1125,7,[]
1138,6,[]
1150,8,[]
1164,7,[]
1177,7,[]
1190,6,[]
1202,23,[]
1231,4,[]
1241,5,[]
1252,6,[]
1264,6,[]
1276,6,[]
1288,7,[]
1301,7,[]
1314,7,[0, 1, 2, 3, 4, 5, 6]
1327,6,[]
1339,6,[]
1351,7,[]
1364,7,[]
1377,6,[]
1389,6,[]
1401,5,[]
1412,6,[]
1424,7,[]
1437,7,[]
1450,6,[]
1462,7,[]
1475,7,[]
1488,6,[]
1500,6,[]
1512,6,[]
1524,6,[]
1536,5,[]
1547,8,[]
1561,6,[]
1573,7,[]
1586,26,[]
1618,4,[]
1628,6,[]
1640,5,[]
1651,5,[]
1662,6,[]
1674,5,[]
1685,6,[]
1697,6,[]
1709,6,[]
1721,5,[]
1732,6,[]
1744,6,[]
1756,5,[]
1767,6,[]
1779,7,[]
1792,6,[]
1804,7,[]
1817,6,[]
1829,6,[]
1841,7,[]
1854,7,[]
1867,7,[]
1880,6,[]
1892,6,[]
1904,7,[]
1917,8,[]
1931,8,[]
1945,7,[0, 1, 2, 3, 4, 5, 6]
1958,7,[]
1971,29,[]
2006,6,[]
2018,8,[]
2032,9,[]
2047,10,[0, 1, 2, 3, 4, 5, 6, 7, 8, 9]
2063,11,[]
2080,11,[]
2097,11,[]
2114,9,[]
2129,9,[]
2144,9,[]
2159,9,[]
2174,8,[]
2188,7,[]
2201,8,[]
2215,7,[]
2228,7,[]
2241,7,[0, 1, 2, 3, 4, 5, 6]
2254,8,[]
2268,7,[]
2281,6,[]
2293,7,[]
2306,7,[]
2319,7,[]
2332,8,[]
2346,8,[]
2360,7,[]
2373,7,[]
2386,7,[]
2399,7,[]
2412,33,[]
2451,4,[]
2461,6,[]
2473,6,[]
2485,6,[]
2497,8,[]
2511,8,[]
2525,7,[0, 1, 2, 3, 4, 5, 6]
2538,8,[]
2552,9,[]
2567,8,[]
2581,7,[]
2594,7,[]
2607,7,[]
2620,7,[]
2633,10,[]
2649,11,[]
2666,10,[]
2682,11,[]
2699,11,[]
2716,9,[]
2731,8,[]
2745,7,[]
2758,8,[]
2772,7,[]
2785,7,[]
2798,8,[1, 2, 3, 4, 5, 6, 7]
2812,7,[]
2825,7,[]
2838,7,[]
2851,23,[]
2880,5,[]
2891,5,[]
2902,6,[]
2914,6,[]
2926,6,[]
2938,7,[]
2951,6,[]
2963,6,[]
2975,6,[]
2987,5,[]
2998,6,[]
3010,6,[]
3022,5,[]
3033,6,[]
3045,5,[]
3056,6,[]
3068,7,[]
3081,7,[]
3094,5,[]
3105,5,[]
3116,6,[]
3128,5,[]
3139,5,[]
3150,5,[]
3161,7,[]
3174,5,[]
3185,4,[]
3195,6,[]
3207,6,[]
3219,26,[]
3251,4,[]
3261,4,[]
3271,4,[]
3281,5,[]
3292,4,[]
3302,5,[]
3313,6,[]
3325,6,[]
3337,5,[]
3348,6,[]
3360,5,[]
3371,6,[]
3383,4,[]
3393,5,[]
3404,7,[]
3417,8,[]
3431,9,[]
3446,8,[]
3460,7,[]
3473,7,[]
3486,7,[]
3499,7,[]
3512,7,[]
3525,7,[]
3538,7,[]
3551,8,[]
3565,7,[]
3578,6,[]
3590,5,[]
3601,22,[]
3629,4,[]
3639,5,[]
3650,6,[]
3662,6,[]
3674,6,[]
3686,6,[]
3698,7,[]
3711,7,[]
3724,8,[]
3738,8,[]
3752,8,[]
3766,6,[]
3778,8,[]
3792,7,[]
3805,7,[]
3818,8,[]
3832,7,[]
3845,7,[]
3858,7,[]
3871,7,[]
3884,7,[]
3897,8,[]
3911,7,[]
3924,8,[]
3938,8,[]
3952,8,[]
3966,7,[]
3979,7,[]
3992,7,[]
0,8,[]
15,1,[]
23,4,[]
34,5,[]
46,4,[]
57,4,[]
68,3,[]
78,4,[]
89,4,[]
100,3,[]
110,3,[]
120,5,[]
132,5,[]
144,6,[]
157,4,[]
168,6,[]
181,5,[]
193,11,[]
211,7,[]
225,4,[]
236,6,[]
249,5,[]
261,8,[]
276,9,[]
292,7,[]
306,4,[]
317,8,[]
332,9,[]
348,9,[]
364,9,[]
380,30,[]
417,1,[]
425,8,[]
440,9,[]
456,9,[]
472,6,[]
485,10,[]
502,10,[]
519,10,[0, 1, 2, 3, 4, 5, 6, 7, 8]
536,9,[]
552,9,[]
568,6,[]
581,10,[]
598,10,[]
615,9,[]
631,9,[]
647,5,[]
659,9,[]
675,9,[]
691,9,[]
707,10,[]
724,8,[]
739,6,[]
752,9,[]
768,9,[]
784,9,[]
800,6,[]
813,10,[]
830,9,[]
846,9,[]
862,43,[]
926,5,[]
938,4,[]
949,8,[]
964,9,[1, 2, 3, 4, 5, 6, 7, 8]
980,9,[]
996,4,[]
1007,10,[]
1024,10,[]
1041,9,[]
1057,9,[]
1073,8,[]
1088,11,[]
1106,9,[]
1122,9,[]
1138,9,[]
1154,9,[]
1170,6,[]
1183,10,[]
1200,10,[]
1217,9,[]
1233,8,[]
1248,10,[]
1265,8,[]
1280,8,[]
1295,8,[]
1310,9,[]
1326,8,[]
1341,18,[]
1366,8,[]
1381,37,[]
1439,1,[]
1447,6,[]
1460,7,[]
1474,8,[]
1489,6,[]
1502,10,[]
1519,11,[]
1537,9,[]
1553,10,[]
1570,14,[]
1591,4,[]
1602,13,[]
1622,14,[0, 1, 2, 3, 4, 5, 6, 7]
1643,11,[]
1661,13,[]
1681,5,[]
1693,13,[]
1713,4,[]
1724,12,[]
1743,4,[]
1754,11,[]
1772,5,[]
1784,12,[]
1803,7,[]
1817,13,[]
1837,3,[]
1847,13,[]
1867,4,[]
1878,13,[]
1898,29,[]
1934,10,[]
1951,4,[]
1962,11,[]
1980,4,[]
1991,10,[]
2008,5,[]
2020,10,[]
2037,7,[]
2051,10,[]
2068,6,[]
2081,10,[]
2098,6,[]
2111,10,[]
2128,6,[]
2141,11,[]
2159,4,[]
2170,9,[]
2186,6,[]
2199,10,[]
2216,5,[]
2228,10,[]
2245,4,[]
2256,9,[]
2272,6,[]
2285,11,[]
2303,6,[]
2316,11,[]
2334,4,[]
2345,11,[]
2363,29,[4, 22, 23, 24, 25, 26, 27, 28]
2399,8,[]
2414,3,[]
2424,9,[]
2440,5,[]
2452,9,[]
2468,5,[]
2480,12,[]
2499,3,[]
2509,11,[]
2527,2,[]
2536,11,[]
2554,3,[]
2564,10,[]
2581,3,[]
2591,13,[]
2611,3,[]
2621,12,[]
2640,2,[]
2649,12,[]
2668,6,[]
2681,12,[]
2700,5,[]
2712,12,[]
2731,5,[]
2743,8,[]
2758,6,[]
2771,10,[]
2788,4,[]
2799,8,[]
2814,22,[6, 15, 16, 17, 18, 19, 20, 21]
2843,6,[]
2856,4,[]
2867,9,[]
2883,5,[]
2895,9,[]
2911,4,[]
2922,15,[]
2944,9,[]
2960,6,[]
2973,10,[]
2990,4,[]
3001,13,[]
3021,2,[]
3030,11,[]
3048,2,[]
3057,11,[]
3075,3,[]
3085,13,[]
3105,2,[]
3114,10,[]
3131,3,[]
3141,11,[0, 1, 2, 3, 4, 5, 6, 7, 8, 9, 10]
3159,3,[]
3169,7,[]
3183,2,[]
3192,8,[]
3207,2,[]
3216,8,[]
3231,4,[]
3242,17,[]
3266,1,[]
3274,9,[]
3290,9,[]
3306,5,[]
3318,5,[]
3330,6,[]
3343,7,[]
3357,6,[]
3370,9,[]
3386,13,[]
3406,6,[]
3419,7,[]
3433,8,[]
3448,11,[]
3466,3,[]
3476,5,[]
3488,12,[]
3507,5,[]
3519,13,[]
3539,7,[]
3553,7,[]
3567,13,[]
3587,8,[]
3602,14,[2, 3, 4, 5, 6, 7, 8, 9]
3623,12,[]
3642,10,[]
3659,10,[]
3676,9,[]
3692,11,[]
3710,20,[]
3737,1,[]
3745,2,[]
3754,9,[]
3770,3,[]
3780,12,[]
3799,2,[]
3808,9,[]
3824,10,[]
3841,4,[]
3852,8,[]
3867,4,[]
3878,10,[]
3895,4,[]
3906,9,[]
3922,4,[]
3933,5,[]
3945,13,[]
3965,3,[]
3975,11,[]
3993,9,[]
4009,4,[]
4020,10,[]
4037,4,[]
4048,12,[]
4067,4,[]
4078,12,[]
4097,3,[]
4107,3,[]
4117,13,[]
4137,18,[]
4162,6,[]
4175,10,[]
4192,4,[]
4203,9,[]
4219,4,[]
4230,14,[]
4251,7,[]
4265,11,[]
4283,11,[]
4301,9,[]
4317,7,[]
4331,6,[]
4344,10,[]
4361,6,[]
4374,11,[]
4392,6,[]
4405,4,[]
4416,8,[]
4431,9,[]
4447,8,[]
4462,9,[]
4478,3,[]
4488,6,[]
4501,6,[]
4514,5,[]
4526,6,[]
4539,10,[]
4556,3,[]
4566,10,[]
0,15,[]
21,2,[]
29,9,[1, 2, 3, 4, 5, 6, 7]
44,11,[]
61,5,[]
72,9,[]
87,10,[]
103,9,[]
118,10,[]
134,4,[]
144,11,[]
161,9,[]
176,7,[]
189,8,[]
203,5,[]
214,9,[]
229,10,[]
245,8,[]
259,5,[]
270,5,[]
281,9,[]
296,7,[]
309,3,[]
318,7,[]
331,3,[]
340,5,[]
351,6,[]
363,7,[]
376,7,[]
389,4,[]
399,53,[]
496,3,[]
505,4,[]
515,5,[]
526,4,[]
536,6,[]
548,5,[]
559,6,[]
571,5,[]
582,5,[]
593,5,[]
604,6,[]
616,6,[]
628,5,[]
639,8,[]
653,6,[]
665,6,[]
677,7,[]
690,10,[]
706,5,[]
717,7,[]
730,10,[]
746,5,[]
757,6,[]
769,8,[]
783,6,[]
795,7,[]
808,9,[]
823,8,[]
837,4,[]
847,59,[]
950,4,[]
960,5,[]
971,4,[]
981,7,[]
994,7,[]
1007,8,[]
1021,8,[]
1035,5,[]
1046,9,[]
1061,5,[]
1072,7,[]
1085,7,[]
1098,3,[]
1107,12,[]
1125,8,[]
1139,8,[]
1153,7,[]
1166,4,[]
1176,9,[]
1191,9,[]
1206,9,[]
1221,6,[]
1233,7,[]
1246,7,[]
1259,11,[]
1276,9,[]
1291,9,[]
1306,7,[]
1319,8,[]
1333,64,[]
1441,3,[]
1450,6,[]
1462,4,[]
1472,8,[]
1486,5,[]
1497,7,[]
1510,8,[]
1524,9,[]
1539,10,[]
1555,8,[]
1569,5,[]
1580,8,[]
1594,8,[]
1608,10,[]
1624,8,[]
1638,8,[0, 1, 2, 3, 4, 5, 6, 7]
1652,8,[]
1666,8,[]
1680,6,[]
1692,9,[]
1707,5,[]
1718,10,[]
1734,5,[]
1745,10,[]
1761,7,[]
1774,8,[]
1788,9,[]
1803,5,[]
1814,9,[]
1829,66,[]
1939,2,[]
1947,2,[]
1955,7,[]
1968,7,[]
1981,9,[]
1996,7,[]
2009,7,[]
2022,4,[]
2032,10,[]
2048,8,[]
2062,7,[]
2075,8,[0, 1, 2, 3, 4, 5, 6, 7]
2089,9,[]
2104,6,[]
2116,8,[]
2130,8,[]
2144,4,[]
2154,9,[]
2169,7,[]
2182,7,[]
2195,8,[]
2209,7,[]
2222,8,[]
2236,8,[]
2250,6,[]
2262,9,[]
2277,4,[]
2287,10,[]
2303,8,[]
2317,59,[]
2420,3,[]
2429,4,[]
2439,5,[]
2450,6,[]
2462,6,[]
2474,7,[]
2487,4,[]
2497,7,[]
2510,8,[0, 1, 2, 3, 4, 5, 6]
2524,6,[]
2536,8,[]
2550,5,[]
2561,9,[]
2576,9,[]
2591,7,[]
2604,7,[]
2617,5,[]
2628,10,[]
2644,7,[]
2657,7,[]
2670,8,[]
2684,5,[]
2695,10,[]
2711,7,[]
2724,7,[]
2737,7,[]
2750,6,[]
2762,9,[]
2777,7,[]
2790,59,[]
2893,2,[]
2901,3,[]
2910,4,[]
2920,4,[]
2930,4,[]
2940,4,[]
2950,4,[]
2960,6,[]
2972,7,[]
2985,7,[]
2998,6,[]
3010,2,[]
3018,5,[]
3029,8,[]
3043,8,[]
3057,7,[]
3070,3,[]
3079,8,[]
3093,7,[]
3106,7,[]
3119,3,[]
3128,10,[]
3144,8,[]
3158,6,[]
3170,5,[]
3181,8,[]
3195,3,[]
3204,4,[]
3214,7,[]
3227,58,[]
3329,1,[]
3336,3,[]
3345,4,[]
3355,5,[]
3366,6,[]
3378,5,[]
3389,7,[]
3402,4,[]
3412,7,[0, 1, 2, 3, 4, 5, 6]
3425,8,[]
3439,5,[]
3450,8,[]
3464,9,[]
3479,7,[]
3492,6,[]
3504,4,[]
3514,9,[]
3529,11,[]
3546,8,[]
3560,8,[]
3574,3,[]
3583,8,[]
3597,6,[]
3609,6,[]
3621,5,[]
3632,3,[]
3641,6,[]
3653,7,[]
3666,7,[]
3679,59,[]
3782,1,[]
3789,3,[]
3798,5,[]
3809,6,[]
3821,6,[]
3833,4,[]
3843,7,[]
3856,7,[]
3869,6,[]
3881,4,[]
3891,8,[]
3905,7,[]
3918,9,[]
3933,5,[]
3944,6,[]
3956,5,[]
3967,9,[]
3982,8,[]
3996,7,[]
4009,9,[]
4024,5,[]
4035,9,[]
4050,10,[]
4066,5,[]
4077,6,[]
4089,2,[]
4097,7,[]
4110,7,[]
4123,9,[]
4138,60,[]
4242,1,[]
4249,4,[]
4259,5,[]
4270,6,[]
4282,5,[]
4293,8,[]
4307,6,[]
4319,6,[]
4331,7,[]
4344,4,[]
4354,7,[]
4367,7,[]
4380,6,[]
4392,8,[]
4406,4,[]
4416,8,[]
4430,6,[]
4442,7,[]
4455,5,[]
4466,11,[]
4483,9,[]
4498,6,[]
4510,5,[]
4521,6,[]
4533,4,[]
4543,6,[]
4555,10,[]
4571,10,[]
4587,7,[]
0,20,[5, 6, 7, 8, 9, 10, 11, 12]
26,1,[]
33,7,[]
46,2,[]
54,7,[]
67,1,[]
74,7,[]
87,3,[]
96,7,[0, 1, 2, 3, 4, 5, 6]
109,2,[]
117,7,[]
130,2,[]
138,7,[]
151,3,[]
160,6,[]
172,3,[]
181,7,[]
194,4,[]
204,7,[]
217,1,[]
224,8,[]
238,6,[]
250,12,[]
268,2,[]
276,6,[]
288,6,[]
300,10,[]
316,3,[]
325,12,[]
343,3,[]
352,58,[]
454,1,[]
461,9,[]
476,2,[]
484,8,[]
498,2,[]
506,6,[]
518,2,[]
526,6,[]
538,2,[]
546,5,[]
557,2,[]
565,7,[]
578,4,[]
588,7,[]
601,3,[]
610,9,[]
625,5,[]
636,9,[]
651,4,[]
661,9,[]
676,6,[]
688,10,[]
704,4,[]
714,8,[]
728,5,[]
739,11,[]
756,5,[]
767,10,[]
783,3,[]
792,69,[]
905,1,[]
912,9,[]
927,3,[]
936,14,[]
956,4,[]
966,10,[]
982,4,[]
992,13,[]
1011,3,[]
1020,8,[]
1034,3,[]
1043,7,[]
1056,3,[]
1065,7,[]
1078,7,[]
1091,4,[]
1101,8,[]
1115,2,[]
1123,7,[]
1136,3,[]
1145,7,[]
1158,3,[]
1167,10,[]
1183,4,[]
1193,10,[]
1209,8,[0, 1, 2, 3, 4, 5, 6, 7]
1223,4,[]
1233,10,[]
1249,6,[]
1261,55,[]
1360,1,[]
1367,7,[]
1380,3,[]
1389,9,[]
1404,8,[]
1418,3,[]
1427,11,[]
1444,4,[]
1454,9,[]
1469,5,[]
1480,7,[]
1493,3,[]
1502,9,[]
1517,3,[]
1526,10,[]
1542,7,[0, 1, 2, 3, 4, 5, 6]
1555,6,[]
1567,8,[]
1581,5,[]
1592,9,[]
1607,4,[]
1617,10,[]
1633,6,[]
1645,8,[]
1659,7,[]
1672,4,[]
1682,9,[]
1697,5,[]
1708,9,[]
1723,56,[]
1823,5,[]
1834,6,[]
1846,4,[]
1856,5,[]
1867,9,[]
1882,6,[]
1894,5,[]
1905,8,[]
1919,5,[]
1930,8,[]
1944,4,[]
1954,7,[]
1967,7,[]
1980,4,[]
1990,8,[]
2004,3,[]
2013,8,[]
2027,4,[]
2037,9,[]
2052,4,[]
2062,9,[]
2077,8,[]
2091,3,[]
2100,8,[]
2114,3,[]
2123,8,[]
2137,5,[]
2148,8,[]
2162,4,[]
2172,58,[]
2274,1,[]
2281,6,[]
2293,6,[]
2305,3,[]
2314,8,[]
2328,5,[]
2339,7,[]
2352,5,[]
2363,7,[]
2376,8,[0, 1, 2, 3, 4, 5, 6, 7]
2390,4,[]
2400,7,[]
2413,4,[]
2423,9,[]
2438,5,[]
2449,6,[]
2461,4,[]
2471,9,[]
2486,8,[]
2500,5,[]
2511,8,[]
2525,4,[]
2535,8,[]
2549,4,[]
2559,8,[]
2573,5,[]
2584,7,[]
2597,7,[]
2610,3,[]
2619,61,[]
2724,4,[]
2734,5,[]
2745,3,[]
2754,8,[]
2768,4,[]
2778,8,[]
2792,4,[]
2802,7,[]
2815,9,[]
2830,4,[]
2840,4,[]
2850,4,[]
2860,8,[]
2874,5,[]
2885,9,[]
2900,4,[]
2910,9,[]
2925,9,[]
2940,4,[]
2950,9,[0, 1, 2, 3, 4, 5, 6]
2965,6,[]
2977,9,[]
2992,5,[]
3003,9,[]
3018,3,[]
3027,10,[]
3043,10,[]
3059,4,[]
3069,9,[]
3084,58,[]
3186,6,[]
3198,3,[]
3207,8,[]
3221,4,[]
3231,8,[]
3245,9,[]
3260,4,[]
3270,9,[]
3285,3,[]
3294,8,[]
3308,3,[]
3317,6,[]
3329,3,[]
3338,8,[]
3352,7,[]
3365,3,[]
3374,9,[]
3389,4,[]
3399,8,[]
3413,5,[]
3424,10,[]
3440,5,[]
3451,8,[]
3465,4,[]
3475,8,[]
3489,8,[]
3503,3,[]
3512,9,[]
3527,4,[]
3537,55,[]
3636,1,[]
3643,4,[]
3653,8,[]
3667,4,[]
3677,9,[]
3692,4,[]
3702,8,[]
3716,6,[]
3728,9,[]
3743,4,[]
3753,9,[]
3768,4,[]
3778,8,[]
3792,8,[]
3806,3,[]
3815,9,[]
3830,5,[]
3841,9,[]
3856,4,[]
3866,8,[0, 1, 2, 3, 4, 5, 6, 7]
3880,4,[]
3890,9,[]
3905,8,[]
3919,3,[]
3928,9,[]
3943,4,[]
3953,8,[]
3967,3,[]
3976,8,[]
3990,61,[]
4095,5,[]
4106,6,[]
4118,3,[]
4127,8,[]
4141,4,[]
4151,8,[]
4165,3,[]
4174,10,[]
4190,3,[]
4199,9,[]
4214,6,[]
4226,3,[]
4235,6,[]
4247,3,[]
4256,8,[]
4270,4,[]
4280,9,[]
4295,4,[]
4305,9,[]
4320,4,[]
4330,9,[]
4345,8,[0, 1, 2, 3, 4, 5, 6, 7]
4359,3,[]
4368,9,[]
4383,4,[]
4393,8,[]
4407,5,[]
4418,10,[]
4434,9,[]
0,11,[]
18,3,[]
28,6,[]
41,8,[]
56,6,[]
69,5,[]
81,6,[]
94,8,[]
109,6,[]
122,6,[]
135,9,[]
151,7,[]
165,6,[]
178,6,[]
191,7,[]
205,6,[]
218,6,[]
231,6,[]
244,6,[]
257,6,[]
270,10,[]
287,7,[]
301,4,[]
312,7,[]
326,7,[]
340,8,[]
355,8,[]
370,8,[]
385,11,[]
403,8,[]
418,22,[10, 11, 12, 13, 14, 15, 16, 17, 18, 19, 20, 21]
447,5,[]
459,6,[]
472,7,[]
486,6,[]
499,7,[]
513,7,[]
527,7,[]
541,9,[]
557,8,[]
572,8,[]
587,10,[]
604,8,[]
619,7,[]
633,8,[]
648,7,[]
662,7,[]
676,10,[]
693,8,[]
708,8,[]
723,6,[]
736,7,[]
750,9,[]
766,7,[]
780,6,[]
793,7,[]
807,10,[]
824,7,[]
838,7,[]
852,8,[0, 1, 2, 3, 4, 5, 6, 7]
867,24,[]
898,4,[]
909,9,[]
925,7,[]
939,8,[]
954,7,[]
968,9,[]
984,9,[]
1000,10,[]
1017,8,[]
1032,9,[]
1048,9,[]
1064,11,[]
1082,9,[]
1098,8,[]
1113,10,[]
1130,8,[]
1145,8,[]
1160,10,[]
1177,8,[]
1192,7,[]
1206,8,[]
1221,8,[]
1236,8,[]
1251,9,[]
1267,8,[]
1282,9,[0, 1, 2, 3, 4, 5, 6, 7, 8]
1298,9,[]
1314,10,[]
1331,9,[]
1347,26,[]
1380,5,[]
1392,7,[]
1406,7,[]
1420,7,[]
1434,8,[]
1449,10,[]
1466,9,[]
1482,8,[]
1497,7,[]
1511,8,[]
1526,10,[]
1543,10,[]
1560,7,[]
1574,8,[]
1589,6,[]
1602,8,[]
1617,8,[]
1632,8,[]
1647,10,[]
1664,7,[]
1678,7,[]
1692,6,[]
1705,8,[]
1720,8,[]
1735,7,[]
1749,7,[]
1763,7,[]
1777,7,[]
1791,7,[]
1805,21,[]
1833,3,[]
1843,5,[]
1855,6,[]
1868,6,[]
1881,5,[]
1893,7,[]
1907,6,[]
1920,6,[]
1933,6,[]
1946,6,[]
1959,6,[]
1972,6,[]
1985,6,[]
1998,6,[]
2011,5,[]
2023,6,[]
2036,7,[]
2050,7,[]
2064,6,[]
2077,7,[]
2091,7,[]
2105,7,[]
2119,7,[]
2133,7,[]
2147,7,[]
2161,6,[]
2174,7,[]
2188,7,[]
2202,6,[]
2215,21,[]
2243,5,[]
2255,6,[]
2268,6,[]
2281,7,[]
2295,8,[]
2310,8,[]
2325,10,[]
2342,8,[]
2357,7,[]
2371,6,[]
2384,7,[]
2398,9,[]
2414,9,[]
2430,8,[]
2445,9,[]
2461,7,[]
2475,8,[]
2490,10,[]
2507,6,[]
2520,7,[]
2534,6,[]
2547,7,[]
2561,10,[]
2578,7,[]
2592,6,[]
2605,7,[]
2619,6,[]
2632,8,[]
2647,7,[]
2661,24,[]
2692,4,[]
2703,6,[]
2716,7,[]
2730,8,[]
2745,7,[]
2759,6,[]
2772,6,[]
2785,7,[]
2799,6,[]
2812,10,[]
2829,8,[]
2844,7,[]
2858,7,[]
2872,6,[]
2885,7,[]
2899,7,[]
2913,11,[]
2931,8,[]
2946,7,[]
2960,7,[]
2974,9,[]
2990,9,[]
3006,7,[]
3020,7,[]
3034,7,[]
3048,7,[]
3062,7,[]
3076,7,[]
3090,7,[]
3104,28,[]
3139,4,[]
3150,5,[]
3162,6,[]
3175,6,[]
3188,7,[]
3202,6,[]
3215,6,[]
3228,7,[]
3242,6,[]
3255,6,[]
3268,6,[]
3281,7,[]
3295,7,[]
3309,7,[]
3323,7,[]
3337,6,[]
3350,7,[]
3364,7,[]
3378,7,[]
3392,7,[]
3406,7,[]
3420,7,[]
3434,7,[]
3448,7,[]
3462,7,[]
3476,7,[]
3490,7,[]
3504,9,[]
3520,8,[]
3535,29,[]
3571,4,[]
3582,7,[]
3596,7,[]
3610,7,[]
3624,7,[]
3638,8,[]
3653,7,[]
3667,11,[]
3685,8,[]
3700,8,[]
3715,6,[]
3728,10,[]
3745,7,[]
3759,7,[]
3773,8,[]
3788,7,[]
3802,11,[]
3820,7,[]
3834,8,[]
3849,9,[]
3865,9,[]
3881,8,[]
3896,9,[]
3912,7,[]
3926,6,[]
3939,8,[]
3954,6,[]
3967,8,[]
3982,7,[]
3996,23,[5, 6, 7, 8, 9, 10, 11, 12]
4026,5,[]
4038,5,[]
4050,7,[]
4064,9,[]
4080,8,[]
4095,4,[]
4106,9,[]
4122,10,[]
4139,9,[]
4155,4,[]
4166,10,[]
4183,7,[]
4197,8,[]
4212,4,[]
4223,11,[]
4241,2,[]
4250,8,[]
4265,8,[]
4280,9,[]
4296,8,[]
4311,7,[]
4325,4,[]
4336,10,[]
4353,2,[]
4362,11,[]
4380,2,[]
4389,12,[]
4408,4,[]
4419,10,[]
0,24,[0, 1, 2, 3, 4, 5, 6, 7, 8, 9, 10, 11]
31,5,[]
43,8,[]
58,9,[]
74,9,[]
90,8,[]
105,7,[]
119,8,[]
134,10,[]
151,7,[]
165,8,[]
180,7,[]
194,6,[]
207,8,[]
222,8,[]
237,8,[]
252,8,[]
267,8,[]
282,8,[]
297,8,[]
312,9,[0, 1, 2, 3, 4, 5, 6, 7, 8]
328,10,[]
345,7,[]
359,6,[]
372,7,[]
386,7,[]
400,9,[]
416,8,[]
431,10,[]
448,8,[]
463,38,[]
530,6,[]
543,8,[]
558,9,[]
574,8,[]
589,7,[]
603,10,[]
620,8,[]
635,8,[]
650,7,[]
664,8,[]
679,8,[0, 1, 2, 3, 4, 5, 6, 7]
694,9,[]
710,8,[]
725,8,[]
740,7,[]
754,9,[]
770,7,[]
784,7,[]
798,8,[]
813,7,[]
827,8,[]
842,5,[]
854,7,[]
868,8,[]
883,7,[]
897,7,[]
911,7,[]
925,7,[]
939,6,[]
952,34,[]
993,4,[]
1004,7,[]
1018,6,[]
1031,7,[]
1045,6,[]
1058,5,[]
1070,7,[]
1084,7,[]
1098,6,[]
1111,7,[]
1125,6,[]
1138,7,[]
1152,7,[]
1166,6,[]
1179,8,[]
1194,7,[]
1208,6,[]
1221,7,[]
1235,6,[]
1248,7,[]
1262,7,[]
1276,6,[]
1289,6,[]
1302,6,[]
1315,8,[]
1330,7,[]
1344,7,[]
1358,8,[]
1373,7,[]
1387,34,[]
1428,5,[]
1440,5,[]
1452,8,[]
1467,8,[]
1482,7,[]
1496,6,[]
1509,7,[]
1523,8,[]
1538,8,[]
1553,6,[]
1566,6,[]
1579,7,[]
1593,9,[]
1609,6,[]
1622,6,[]
1635,9,[]
1651,8,[]
1666,8,[]
1681,6,[]
1694,9,[]
1710,7,[]
1724,7,[]
1738,7,[]
1752,8,[]
1767,9,[]
1783,7,[]
1797,6,[]
1810,8,[]
1825,8,[]
1840,35,[]
1904,4,[]
1915,4,[]
1926,7,[]
1940,7,[]
1954,7,[]
1968,7,[]
1982,7,[]
1996,8,[]
2011,7,[]
2025,8,[]
2040,8,[]
2055,8,[0, 1, 2, 3, 4, 5, 6, 7]
2070,8,[]
2085,8,[]
2100,6,[]
2113,7,[]
2127,8,[]
2142,8,[]
2157,7,[]
2171,7,[]
2185,7,[]
2199,8,[]
2214,7,[]
2228,8,[]
2243,8,[]
2258,7,[]
2272,9,[]
2288,7,[]
2302,9,[0, 1, 2, 3, 4, 5, 6, 7, 8]
2318,40,[]
2387,3,[]
2397,5,[]
2409,6,[]
2422,6,[]
2435,7,[]
2449,7,[]
2463,7,[]
2477,7,[]
2491,6,[]
2504,7,[]
2518,7,[]
2532,7,[]
2546,6,[]
2559,7,[]
2573,6,[]
2586,7,[]
2600,7,[]
2614,5,[]
2626,6,[]
2639,8,[]
2654,6,[]
2667,7,[]
2681,6,[]
2694,8,[]
2709,7,[]
2723,7,[]
2737,7,[]
2751,6,[]
2764,5,[]
2776,42,[]
2847,1,[]
2855,3,[]
2865,4,[]
2876,6,[]
2889,5,[]
2901,7,[]
2915,6,[]
2928,6,[]
2941,8,[]
2956,6,[]
2969,6,[]
2982,6,[]
2995,11,[]
3013,9,[]
3029,10,[]
3046,8,[]
3061,8,[]
3076,7,[]
3090,7,[]
3104,11,[]
3122,10,[]
3139,10,[]
3156,6,[]
3169,6,[]
3182,9,[]
3198,10,[]
3215,6,[]
3228,9,[]
3244,8,[]
3259,29,[]
3295,5,[]
3307,5,[]
3319,7,[]
3333,7,[]
3347,7,[]
3361,5,[]
3373,8,[]
3388,7,[]
3402,6,[]
3415,5,[]
3427,6,[]
3440,7,[]
3454,6,[]
3467,4,[]
3478,6,[]
3491,6,[]
3504,5,[]
3516,6,[]
3529,6,[]
3542,5,[]
3554,5,[]
3566,5,[]
3578,4,[]
3589,4,[]
3600,6,[]
3613,8,[]
3628,7,[]
3642,4,[]
3653,3,[]
3663,46,[]
3738,1,[]
3746,3,[]
3756,5,[]
3768,7,[]
3782,6,[]
3795,6,[]
3808,7,[]
3822,6,[]
3835,6,[]
3848,7,[]
3862,9,[]
3878,7,[]
3892,6,[]
3905,8,[]
3920,9,[]
3936,9,[]
3952,9,[]
3968,8,[]
3983,9,[]
3999,8,[]
4014,9,[]
4030,7,[]
4044,7,[]
4058,8,[]
4073,7,[]
4087,7,[]
4101,8,[]
4116,8,[]
4131,8,[]
4146,41,[]
4216,4,[]
4227,7,[]
4241,7,[]
4255,7,[]
4269,8,[]
4284,8,[]
4299,8,[0, 1, 2, 3, 4, 5, 6, 7]
4314,7,[]
4328,9,[]
4344,8,[]
4359,9,[]
4375,6,[]
4388,8,[]
4403,9,[]
4419,7,[]
4433,6,[]
4446,8,[]
4461,8,[]
4476,7,[]
4490,9,[]
4506,9,[]
4522,7,[]
4536,6,[]
4549,8,[]
4564,8,[]
4579,7,[]
4593,5,[]
4605,7,[]
4619,8,[]
0,14,[]
20,4,[]
30,6,[]
42,5,[]
53,5,[]
64,6,[]
76,9,[0, 1, 4, 5, 6, 7, 8]
91,7,[]
104,7,[]
117,6,[]
129,4,[]
139,4,[]
149,5,[]
160,5,[]
171,5,[]
182,8,[]
196,6,[]
208,5,[]
219,6,[]
231,5,[]
242,6,[]
254,7,[0, 1, 2, 3, 4, 5, 6]
267,9,[]
282,7,[]
295,4,[]
305,4,[]
315,5,[]
326,6,[]
338,5,[]
349,5,[]
360,33,[]
399,3,[]
408,4,[]
418,5,[]
429,6,[]
441,6,[]
453,6,[]
465,8,[]
479,6,[]
491,8,[]
505,7,[]
518,7,[]
531,7,[]
544,6,[]
556,7,[]
569,6,[]
581,6,[]
593,7,[]
606,6,[]
618,8,[]
632,6,[]
644,7,[]
657,6,[]
669,6,[]
681,7,[]
694,6,[]
706,8,[]
720,7,[]
733,7,[]
746,7,[]
759,36,[]
821,4,[]
831,5,[]
842,6,[]
854,7,[]
867,7,[]
880,7,[]
893,6,[]
905,8,[0, 1, 2, 3, 4, 5, 6, 7]
919,7,[]
932,8,[]
946,7,[]
959,7,[]
972,8,[]
986,8,[]
1000,7,[]
1013,8,[]
1027,8,[]
1041,8,[]
1055,8,[]
1069,8,[]
1083,8,[]
1097,8,[]
1111,9,[]
1126,8,[]
1140,10,[]
1156,8,[]
1170,9,[]
1185,10,[]
1201,8,[]
1215,33,[18, 19, 20, 21, 22, 23, 24, 25, 26, 27, 28]
1254,6,[]
1266,8,[]
1280,9,[]
1295,9,[]
1310,8,[]
1324,9,[]
1339,8,[1, 2, 3, 4, 5, 6, 7]
1353,9,[]
1368,8,[]
1382,9,[]
1397,10,[]
1413,8,[]
1427,8,[]
1441,8,[]
1455,8,[]
1469,8,[]
1483,8,[]
1497,8,[]
1511,8,[]
1525,10,[]
1541,8,[]
1555,6,[]
1567,7,[]
1580,8,[]
1594,8,[]
1608,9,[]
1623,7,[]
1636,10,[]
1652,8,[]
1666,30,[]
1702,7,[]
1715,7,[]
1728,8,[0, 1, 2, 3, 4, 5, 6, 7]
1742,9,[]
1757,10,[]
1773,7,[]
1786,7,[]
1799,9,[]
1814,8,[]
1828,9,[]
1843,7,[]
1856,7,[]
1869,9,[]
1884,8,[]
1898,7,[]
1911,7,[]
1924,10,[]
1940,7,[]
1953,8,[]
1967,8,[]
1981,8,[]
1995,8,[]
2009,8,[]
2023,8,[]
2037,7,[]
2050,7,[]
2063,9,[]
2078,8,[0, 1, 2, 3, 4, 5, 6]
2092,8,[]
2106,31,[]
2143,5,[]
2154,6,[]
2166,6,[]
2178,7,[]
2191,6,[]
2203,6,[]
2215,6,[]
2227,6,[]
2239,8,[]
2253,7,[]
2266,8,[]
2280,7,[]
2293,7,[]
2306,6,[]
2318,6,[]
2330,8,[]
2344,8,[]
2358,6,[]
2370,7,[]
2383,7,[]
2396,8,[]
2410,8,[]
2424,6,[]
2436,7,[]
2449,8,[]
2463,8,[]
2477,6,[]
2489,7,[]
2502,7,[]
2515,36,[]
2577,5,[]
2588,5,[]
2599,6,[]
2611,6,[]
2623,6,[]
2635,8,[]
2649,6,[]
2661,7,[]
2674,7,[]
2687,6,[]
2699,6,[]
2711,5,[]
2722,6,[]
2734,7,[]
2747,6,[]
2759,6,[]
2771,8,[]
2785,7,[]
2798,6,[]
2810,7,[]
2823,7,[]
2836,7,[]
2849,7,[]
2862,6,[]
2874,7,[]
2887,6,[]
2899,6,[]
2911,6,[]
2923,5,[]
2934,36,[]
2996,4,[]
3006,7,[]
3019,7,[]
3032,6,[]
3044,6,[]
3056,8,[]
3070,7,[]
3083,6,[]
3095,8,[]
3109,7,[]
3122,8,[]
3136,7,[]
3149,7,[0, 1, 2, 3, 4, 5, 6]
3162,6,[]
3174,6,[]
3186,6,[]
3198,7,[]
3211,7,[]
3224,7,[]
3237,7,[]
3250,7,[]
3263,7,[]
3276,8,[]
3290,6,[]
3302,8,[]
3316,7,[]
3329,6,[]
3341,8,[]
3355,7,[]
3368,36,[]
3430,5,[]
3441,6,[]
3453,6,[]
3465,8,[]
3479,6,[]
3491,8,[]
3505,6,[]
3517,6,[]
3529,6,[]
3541,5,[]
3552,5,[]
3563,6,[]
3575,5,[]
3586,8,[]
3600,7,[]
3613,7,[]
3626,7,[]
3639,7,[]
3652,6,[]
3664,7,[]
3677,7,[]
3690,7,[]
3703,6,[]
3715,6,[]
3727,6,[]
3739,7,[]
3752,6,[]
3764,8,[]
3778,6,[]
3790,36,[]
3852,4,[]
3862,4,[]
3872,5,[]
3883,5,[]
3894,6,[]
3906,5,[]
3917,7,[]
3930,6,[]
3942,8,[]
3956,7,[]
3969,7,[]
3982,7,[0, 1, 2, 3, 4, 5, 6]
3995,7,[]
4008,7,[]
4021,8,[]
4035,7,[]
4048,8,[]
4062,6,[]
4074,6,[]
4086,8,[]
4100,7,[]
4113,8,[]
4127,5,[]
4138,7,[]
4151,5,[]
4162,7,[]
4175,8,[]
4189,7,[]
4202,7,[]
0,30,[]
36,1,[]
43,1,[]
50,1,[]
57,1,[]
64,16,[]
86,1,[]
93,12,[]
111,2,[]
119,1,[]
126,11,[]
143,2,[]
151,12,[]
169,2,[]
177,1,[]
184,14,[]
204,3,[]
213,13,[]
232,3,[]
241,2,[]
249,12,[1, 6, 7, 8, 9, 10, 11]
267,3,[]
276,10,[]
292,1,[]
299,3,[]
308,12,[]
326,1,[]
333,1,[]
340,12,[]
358,1,[]
365,75,[]
482,1,[]
489,11,[]
506,4,[]
516,3,[]
525,12,[]
543,2,[]
551,12,[0, 1, 2, 3, 4, 5, 6, 7, 8, 9, 10]
569,2,[]
577,4,[]
587,13,[]
606,2,[]
614,8,[]
628,2,[]
636,2,[]
644,4,[]
654,4,[]
664,21,[]
691,3,[]
700,2,[]
708,15,[]
729,2,[]
737,2,[]
745,4,[]
755,3,[]
764,27,[]
797,4,[]
807,15,[]
828,4,[]
838,4,[]
848,81,[]
971,1,[]
978,1,[]
985,13,[]
1004,4,[]
1014,13,[]
1033,3,[]
1042,3,[]
1051,3,[]
1060,4,[]
1070,15,[]
1091,2,[]
1099,10,[]
1115,4,[]
1125,4,[]
1135,8,[]
1149,5,[]
1160,18,[]
1184,3,[]
1193,5,[]
1204,14,[]
1224,3,[]
1233,4,[]
1243,7,[]
1256,8,[]
1270,32,[]
1308,1,[]
1315,14,[]
1335,2,[]
1343,4,[]
1353,66,[]
1461,1,[]
1468,9,[]
1483,3,[]
1492,3,[]
1501,12,[]
1519,4,[]
1529,5,[]
1540,5,[]
1551,7,[]
1564,21,[]
1591,2,[]
1599,2,[]
1607,10,[0, 1, 2, 3, 4, 5, 6, 7]
1623,4,[]
1633,5,[]
1644,5,[]
1655,9,[]
1670,4,[]
1680,5,[]
1691,12,[]
1709,3,[]
1718,5,[]
1729,6,[]
1741,8,[]
1755,27,[]
1788,2,[]
1796,5,[]
1807,13,[]
1826,4,[]
1836,56,[]
1934,1,[]
1941,1,[]
1948,1,[]
1955,1,[]
1962,14,[]
1982,3,[]
1991,4,[]
2001,4,[]
2011,4,[]
2021,17,[]
2044,3,[]
2053,8,[]
2067,3,[]
2076,4,[]
2086,12,[]
2104,5,[]
2115,6,[]
2127,6,[]
2139,8,[]
2153,26,[3, 4, 5, 6, 7, 8, 9, 10, 11, 12, 13, 14, 15, 16, 17, 18, 19, 20]
2185,1,[]
2192,2,[]
2200,3,[]
2209,6,[]
2221,27,[]
2254,1,[]
2261,3,[]
2270,15,[]
2291,4,[]
2301,46,[]
2389,1,[]
2396,1,[]
2403,11,[]
2420,3,[]
2429,5,[]
2440,2,[]
2448,4,[]
2458,3,[]
2467,5,[]
2478,9,[]
2493,2,[]
2501,2,[]
2509,5,[]
2520,2,[]
2528,5,[]
2539,6,[]
2551,8,[]
2565,3,[]
2574,5,[]
2585,8,[]
2599,6,[]
2611,13,[2, 3, 4, 5, 6, 7, 8, 9]
2630,4,[]
2640,5,[]
2651,10,[]
2667,5,[]
2678,6,[]
2690,7,[]
2703,9,[]
2718,49,[]
2809,1,[]
2816,1,[]
2823,8,[]
2837,5,[]
2848,4,[]
2858,3,[]
2867,3,[]
2876,13,[]
2895,5,[]
2906,11,[3, 4, 5, 6, 7, 8, 9, 10]
2923,2,[]
2931,2,[]
2939,8,[]
2953,10,[]
2969,13,[]
2988,5,[]
2999,6,[]
3011,8,[]
3025,7,[]
3038,7,[]
3051,7,[]
3064,5,[]
3075,15,[]
3096,3,[]
3105,9,[0, 1, 2, 3, 4, 5, 6, 7, 8]
3120,5,[]
3131,7,[]
3144,8,[]
3158,9,[]
3173,41,[]
3256,1,[]
3263,1,[]
3270,11,[]
3287,4,[]
3297,12,[]
3315,5,[]
3326,7,[]
3339,9,[]
3354,11,[]
3371,27,[]
3404,1,[]
3411,2,[]
3419,10,[]
3435,4,[]
3445,5,[]
3456,5,[]
3467,5,[]
3478,20,[]
3504,3,[]
3513,11,[]
3530,3,[]
3539,3,[]
3548,6,[]
3560,9,[]
3575,27,[]
3608,1,[]
3615,3,[]
3624,9,[]
3639,5,[]
3650,45,[]
3737,1,[]
3744,1,[]
3751,1,[]
3758,1,[]
3765,8,[]
3779,3,[]
3788,6,[]
3800,9,[]
3815,3,[]
3824,6,[]
3836,4,[]
3846,3,[]
3855,15,[]
3876,1,[]
3883,12,[]
3901,4,[]
3911,5,[]
3922,6,[]
3934,9,[]
3949,17,[2, 3, 4, 5, 6, 7, 8, 9, 10, 11, 12, 13, 14, 15, 16]
3972,2,[]
3980,2,[]
3988,10,[]
4004,4,[]
4014,10,[]
4030,4,[]
4040,6,[]
4052,4,[]
4062,5,[]
4073,50,[]
4165,1,[]
4172,1,[]
4179,8,[]
4193,1,[]
4200,6,[]
4212,2,[]
4220,3,[]
4229,2,[]
4237,6,[]
4249,12,[]
4267,2,[]
4275,2,[]
4283,5,[]
4294,1,[]
4301,6,[]
4313,3,[]
4322,6,[]
4334,6,[]
4346,7,[0, 1, 2, 3, 4, 5, 6]
4359,15,[]
4380,3,[]
4389,5,[]
4400,10,[]
4416,4,[]
4426,9,[]
4441,4,[]
4451,6,[]
4463,16,[]
4485,2,[]
0,22,[]
29,3,[]
39,7,[]
53,5,[]
65,4,[]
76,6,[]
89,6,[]
102,6,[]
115,10,[]
132,9,[]
148,9,[0, 1, 2, 3, 4, 5, 6, 7, 8]
164,8,[]
179,8,[]
194,8,[]
209,8,[]
224,10,[]
241,8,[]
256,8,[]
271,9,[]
287,8,[]
302,9,[]
318,8,[]
333,4,[]
344,4,[]
355,6,[]
368,6,[]
381,7,[]
395,7,[]
409,7,[]
423,6,[]
436,53,[]
523,3,[]
533,4,[]
544,6,[]
557,6,[]
570,7,[]
584,7,[]
598,7,[]
612,8,[]
627,8,[]
642,7,[]
656,7,[]
670,7,[]
684,7,[]
698,8,[]
713,8,[]
728,9,[]
744,8,[]
759,9,[]
775,8,[]
790,8,[]
805,8,[]
820,8,[]
835,8,[]
850,9,[]
866,9,[]
882,9,[]
898,9,[]
914,9,[]
930,11,[]
948,50,[]
1032,5,[]
1044,7,[]
1058,9,[]
1074,8,[]
1089,9,[]
1105,9,[]
1121,8,[]
1136,10,[]
1153,10,[]
1170,10,[]
1187,10,[]
1204,11,[]
1222,10,[]
1239,12,[]
1258,10,[]
1275,11,[]
1293,9,[]
1309,9,[]
1325,9,[]
1341,9,[]
1357,9,[]
1373,8,[]
1388,9,[]
1404,10,[]
1421,9,[0, 1, 2, 3, 4, 5, 6, 7]
1437,8,[]
1452,8,[]
1467,8,[]
1482,9,[]
1498,42,[]
1574,6,[]
1587,8,[]
1602,7,[]
1616,9,[]
1632,8,[]
1647,8,[0, 1, 2, 3, 4, 5, 6, 7]
1662,9,[]
1678,9,[]
1694,8,[]
1709,8,[]
1724,7,[]
1738,7,[]
1752,7,[]
1766,6,[]
1779,5,[]
1791,9,[]
1807,6,[]
1820,6,[]
1833,5,[]
1845,6,[]
1858,5,[]
1870,5,[]
1882,5,[]
1894,6,[]
1907,6,[]
1920,6,[]
1933,6,[]
1946,6,[]
1959,7,[]
1973,45,[]
2052,3,[]
2062,4,[]
2073,5,[]
2085,6,[]
2098,6,[]
2111,6,[]
2124,7,[]
2138,8,[]
2153,7,[]
2167,6,[]
2180,7,[]
2194,7,[]
2208,6,[]
2221,6,[]
2234,6,[]
2247,7,[]
2261,8,[]
2276,7,[]
2290,8,[]
2305,6,[]
2318,6,[]
2331,7,[]
2345,7,[]
2359,7,[]
2373,7,[]
2387,7,[]
2401,7,[]
2415,7,[]
2429,7,[]
2443,44,[]
2521,4,[]
2532,5,[]
2544,5,[]
2556,7,[]
2570,6,[]
2583,7,[]
2597,7,[]
2611,7,[]
2625,6,[]
2638,7,[]
2652,7,[]
2666,7,[]
2680,6,[]
2693,8,[]
2708,9,[]
2724,9,[]
2740,9,[]
2756,9,[]
2772,7,[]
2786,7,[]
2800,8,[0, 1, 2, 3, 4, 5, 6, 7]
2815,9,[]
2831,9,[]
2847,9,[]
2863,8,[]
2878,9,[]
2894,8,[]
2909,9,[]
2925,9,[]
2941,45,[]
3020,4,[]
3031,5,[]
3043,6,[]
3056,4,[]
3067,6,[]
3080,8,[]
3095,6,[]
3108,8,[]
3123,7,[]
3137,8,[]
3152,7,[]
3166,7,[]
3180,7,[]
3194,6,[]
3207,7,[]
3221,6,[]
3234,7,[]
3248,6,[]
3261,7,[]
3275,9,[1, 2, 3, 4, 5, 6, 7, 8]
3291,7,[]
3305,7,[]
3319,6,[]
3332,6,[]
3345,8,[]
3360,8,[]
3375,8,[]
3390,8,[]
3405,7,[]
3419,41,[]
3494,3,[]
3504,3,[]
3514,4,[]
3525,5,[]
3537,6,[]
3550,5,[]
3562,5,[]
3574,6,[]
3587,4,[]
3598,4,[]
3609,5,[]
3621,6,[]
3634,9,[]
3650,8,[]
3665,9,[]
3681,8,[]
3696,8,[]
3711,8,[]
3726,7,[]
3740,6,[]
3753,7,[]
3767,7,[]
3781,6,[]
3794,7,[]
3808,6,[]
3821,7,[]
3835,6,[]
3848,7,[]
3862,8,[]
3877,42,[]
3953,3,[]
3963,4,[]
3974,6,[]
3987,6,[]
4000,7,[]
4014,7,[]
4028,8,[]
4043,7,[]
4057,8,[]
4072,7,[]
4086,7,[]
4100,7,[]
4114,7,[]
4128,6,[]
4141,5,[]
4153,6,[]
4166,6,[]
4179,5,[]
4191,5,[]
4203,6,[]
4216,7,[]
4230,8,[]
4245,8,[]
4260,8,[]
4275,7,[]
4289,6,[]
4302,7,[]
4316,6,[]
4329,7,[]
4343,37,[]
4414,4,[]
4425,6,[]
4438,6,[]
4451,7,[]
4465,6,[]
4478,6,[]
4491,6,[]
4504,7,[]
4518,9,[]
4534,9,[]
4550,8,[]
4565,8,[]
4580,9,[]
4596,7,[]
4610,6,[]
4623,8,[]
4638,7,[]
4652,6,[]
4665,6,[]
4678,7,[]
4692,6,[]
4705,7,[]
4719,9,[]
4735,8,[]
4750,10,[1, 2, 3, 4, 5, 6, 7, 8, 9]
4767,10,[]
4784,9,[]
4800,8,[]
4815,5,[]
0,26,[]
32,2,[]
40,6,[]
52,4,[]
62,4,[]
72,7,[]
85,4,[]
95,3,[]
104,3,[]
113,4,[]
123,3,[]
132,3,[]
141,4,[]
151,5,[]
162,5,[]
173,7,[]
186,7,[]
199,9,[]
214,4,[]
224,6,[]
236,6,[]
248,10,[]
264,9,[0, 1, 2, 3, 4, 5, 6]
279,3,[]
288,8,[]
302,9,[]
317,6,[]
329,9,[]
344,8,[]
358,7,[]
371,83,[]
503,5,[]
514,3,[]
523,11,[]
540,8,[]
554,8,[]
568,10,[]
584,9,[0, 1, 2, 3, 4, 5, 6]
599,11,[]
616,10,[]
632,11,[]
649,11,[]
666,12,[0, 1, 2, 3, 4, 5, 6, 7, 8, 9, 10, 11]
684,9,[]
699,11,[]
716,11,[]
733,14,[]
753,7,[]
766,14,[]
786,12,[]
804,13,[]
823,12,[]
841,10,[]
857,11,[]
874,11,[]
891,11,[]
908,13,[]
927,7,[]
940,12,[]
958,11,[]
975,61,[]
1085,1,[]
1092,5,[]
1103,5,[]
1114,9,[]
1129,7,[]
1142,7,[]
1155,7,[]
1168,8,[]
1182,10,[]
1198,7,[]
1211,7,[]
1224,8,[]
1238,7,[]
1251,6,[]
1263,6,[]
1275,7,[]
1288,8,[]
1302,5,[]
1313,4,[]
1323,6,[]
1335,5,[]
1346,6,[]
1358,4,[]
1368,8,[]
1382,5,[]
1393,5,[]
1404,4,[]
1414,6,[]
1426,6,[]
1438,62,[]
1549,1,[]
1556,2,[]
1564,2,[]
1572,4,[]
1582,4,[]
1592,5,[]
1603,4,[]
1613,6,[]
1625,6,[]
1637,6,[]
1649,5,[]
1660,6,[]
1672,4,[]
1682,7,[]
1695,6,[]
1707,7,[]
1720,5,[]
1731,6,[]
1743,7,[]
1756,8,[]
1770,6,[]
1782,7,[]
1795,4,[]
1805,8,[]
1819,6,[]
1831,7,[]
1844,8,[]
1858,6,[]
1870,7,[]
1883,68,[]
2000,2,[]
2008,2,[]
2016,4,[]
2026,5,[]
2037,6,[]
2049,4,[]
2059,7,[]
2072,8,[]
2086,6,[]
2098,4,[]
2108,8,[]
2122,9,[]
2137,5,[]
2148,7,[0, 1, 2, 3, 4, 5, 6]
2161,8,[]
2175,7,[]
2188,6,[]
2200,5,[]
2211,6,[]
2223,6,[]
2235,9,[]
2250,7,[]
2263,8,[]
2277,7,[]
2290,12,[]
2308,8,[]
2322,8,[]
2336,9,[]
2351,6,[]
2363,65,[]
2477,2,[]
2485,3,[]
2494,5,[]
2505,6,[]
2517,8,[]
2531,8,[]
2545,4,[]
2555,9,[]
2570,7,[]
2583,8,[]
2597,8,[]
2611,8,[]
2625,8,[]
2639,9,[]
2654,11,[]
2671,9,[]
2686,4,[]
2696,11,[]
2713,9,[]
2728,11,[]
2745,9,[]
2760,8,[]
2774,3,[]
2783,8,[]
2797,10,[]
2813,10,[]
2829,8,[]
2843,9,[0, 1, 2, 3, 4, 5, 6, 7, 8]
2858,8,[]
2872,54,[]
2975,2,[]
2983,3,[]
2992,3,[]
3001,4,[]
3011,4,[]
3021,7,[]
3034,7,[]
3047,6,[]
3059,4,[]
3069,7,[]
3082,5,[]
3093,5,[]
3104,6,[]
3116,6,[]
3128,6,[]
3140,6,[]
3152,6,[]
3164,5,[]
3175,7,[]
3188,4,[]
3198,7,[]
3211,5,[]
3222,2,[]
3230,8,[]
3244,7,[]
3257,7,[]
3270,7,[]
3283,8,[]
3297,7,[]
3310,56,[]
3415,2,[]
3423,4,[]
3433,3,[]
3442,5,[]
3453,5,[]
3464,5,[]
3475,6,[]
3487,5,[]
3498,6,[]
3510,5,[]
3521,3,[]
3530,6,[]
3542,5,[]
3553,5,[]
3564,4,[]
3574,7,[]
3587,6,[]
3599,7,[]
3612,6,[]
3624,5,[]
3635,5,[]
3646,7,[]
3659,6,[]
3671,4,[]
3681,6,[]
3693,6,[]
3705,5,[]
3716,7,[]
3729,6,[]
3741,70,[]
3860,1,[]
3867,2,[]
3875,2,[]
3883,3,[]
3892,3,[]
3901,5,[]
3912,5,[]
3923,6,[]
3935,6,[]
3947,5,[]
3958,7,[]
3971,5,[]
3982,6,[]
3994,6,[]
4006,8,[]
4020,8,[]
4034,7,[]
4047,6,[]
4059,5,[]
4070,7,[]
4083,8,[]
4097,6,[]
4109,7,[]
4122,6,[]
4134,6,[]
4146,7,[]
4159,8,[]
4173,10,[]
4189,10,[]
4205,66,[]
4320,3,[]
4329,4,[]
4339,6,[]
4351,7,[]
4364,8,[]
4378,7,[]
4391,5,[]
4402,6,[]
4414,6,[]
4426,7,[]
4439,6,[]
4451,8,[]
4465,8,[]
4479,7,[]
4492,3,[]
4501,4,[]
4511,4,[]
4521,4,[]
4531,9,[]
4546,8,[]
4560,8,[]
4574,5,[]
4585,4,[]
4595,10,[]
4611,7,[]
4624,7,[]
4637,4,[]
4647,5,[]
4658,3,[]
0,15,[]
22,2,[]
31,4,[]
42,5,[]
54,7,[]
68,9,[]
84,9,[]
100,5,[]
112,8,[]
127,7,[]
141,8,[]
156,6,[]
169,10,[]
186,7,[]
200,9,[]
216,8,[]
231,9,[]
247,2,[]
256,8,[]
271,9,[]
287,9,[]
303,9,[]
319,5,[]
331,8,[]
346,10,[]
363,10,[]
380,9,[]
396,8,[]
411,8,[]
426,8,[]
441,39,[]
509,6,[]
522,9,[]
538,10,[]
555,11,[]
573,14,[]
594,11,[]
612,12,[]
631,12,[]
650,11,[]
668,10,[]
685,11,[]
703,10,[]
720,9,[]
736,9,[]
752,9,[]
768,9,[]
784,10,[0, 1, 2, 3, 4, 5, 6, 7, 8, 9]
801,9,[]
817,8,[]
832,9,[]
848,8,[]
863,7,[]
877,10,[]
894,8,[]
909,8,[]
924,8,[]
939,8,[]
954,8,[]
969,8,[]
984,41,[]
1054,3,[]
1064,5,[]
1076,7,[]
1090,9,[]
1106,9,[]
1122,8,[]
1137,8,[]
1152,9,[]
1168,9,[]
1184,8,[]
1199,9,[]
1215,8,[]
1230,10,[]
1247,10,[]
1264,7,[]
1278,7,[]
1292,9,[]
1308,8,[]
1323,7,[]
1337,7,[]
1351,7,[]
1365,8,[]
1380,8,[]
1395,8,[]
1410,7,[]
1424,7,[]
1438,7,[]
1452,9,[]
1468,7,[]
1482,34,[]
1523,4,[]
1534,5,[]
1546,6,[]
1559,6,[]
1572,5,[]
1584,7,[]
1598,7,[]
1612,7,[]
1626,7,[]
1640,7,[]
1654,7,[]
1668,6,[]
1681,5,[]
1693,6,[]
1706,7,[]
1720,7,[]
1734,6,[]
1747,7,[]
1761,7,[]
1775,7,[]
1789,6,[]
1802,7,[]
1816,7,[]
1830,7,[]
1844,7,[]
1858,6,[]
1871,6,[]
1884,6,[]
1897,7,[]
1911,37,[]
1977,3,[]
1987,5,[]
1999,5,[]
2011,6,[]
2024,7,[]
2038,8,[]
2053,8,[]
2068,8,[]
2083,7,[]
2097,7,[]
2111,7,[]
2125,7,[]
2139,7,[]
2153,7,[]
2167,7,[]
2181,6,[]
2194,6,[]
2207,8,[]
2222,5,[]
2234,6,[]
2247,7,[]
2261,6,[]
2274,8,[]
2289,7,[]
2303,7,[]
2317,7,[]
2331,7,[]
2345,8,[]
2360,8,[]
2375,41,[]
2445,4,[]
2456,5,[]
2468,5,[]
2480,6,[]
2493,6,[]
2506,8,[]
2521,7,[]
2535,8,[]
2550,8,[]
2565,8,[]
2580,8,[]
2595,8,[]
2610,8,[]
2625,9,[]
2641,8,[]
2656,8,[]
2671,8,[]
2686,8,[]
2701,9,[]
2717,8,[]
2732,8,[]
2747,8,[0, 1, 2, 3, 4, 5, 6, 7]
2762,7,[]
2776,6,[]
2789,8,[]
2804,7,[]
2818,8,[]
2833,8,[]
2848,8,[]
2863,41,[]
2933,4,[]
2944,7,[]
2958,6,[]
2971,8,[]
2986,9,[]
3002,8,[]
3017,9,[]
3033,8,[]
3048,7,[]
3062,8,[]
3077,8,[]
3092,8,[]
3107,7,[]
3121,8,[]
3136,8,[]
3151,8,[]
3166,8,[]
3181,9,[]
3197,7,[]
3211,7,[]
3225,7,[]
3239,6,[]
3252,8,[]
3267,8,[]
3282,8,[]
3297,8,[]
3312,6,[]
3325,8,[]
3340,8,[0, 1, 2, 3, 4, 5, 6, 7]
3355,35,[]
3419,3,[]
3429,4,[]
3440,5,[]
3452,7,[]
3466,6,[]
3479,7,[]
3493,6,[]
3506,7,[]
3520,5,[]
3532,6,[]
3545,7,[]
3559,7,[]
3573,7,[]
3587,7,[]
3601,7,[]
3615,7,[]
3629,8,[]
3644,8,[]
3659,8,[]
3674,8,[]
3689,7,[]
3703,8,[]
3718,8,[]
3733,8,[]
3748,7,[]
3762,8,[]
3777,7,[]
3791,9,[]
3807,7,[]
3821,39,[]
3889,2,[]
3898,3,[]
3908,5,[]
3920,5,[]
3932,6,[]
3945,7,[]
3959,6,[]
3972,5,[]
3984,5,[]
3996,5,[]
4008,6,[]
4021,6,[]
4034,7,[]
4048,6,[]
4061,7,[]
4075,7,[]
4089,6,[]
4102,6,[]
4115,5,[]
4127,8,[]
4142,7,[]
4156,6,[]
4169,7,[]
4183,6,[]
4196,7,[]
4210,8,[]
4225,8,[]
4240,8,[]
4255,8,[]
4270,39,[]
4338,4,[]
4349,4,[]
4360,5,[]
4372,7,[]
4386,7,[]
4400,6,[]
4413,5,[]
4425,5,[]
4437,6,[]
4450,7,[]
4464,7,[]
4478,6,[]
4491,7,[]
4505,6,[]
4518,6,[]
4531,7,[]
4545,7,[]
4559,8,[]
4574,8,[]
4589,8,[]
4604,6,[]
4617,9,[]
4633,9,[]
4649,8,[]
4664,8,[]
4679,9,[]
4695,8,[]
4710,7,[]
4724,7,[]
0,15,[2, 3, 4, 5, 6, 7, 8, 9]
22,1,[]
30,4,[]
41,5,[]
53,7,[]
67,7,[]
81,8,[]
96,6,[]
109,9,[]
125,7,[]
139,9,[0, 1, 2, 3, 4, 5, 6, 7, 8]
155,6,[]
168,8,[]
183,8,[]
198,7,[]
212,8,[]
227,8,[]
242,5,[]
254,9,[]
270,6,[]
283,7,[]
297,9,[]
313,5,[]
325,5,[]
337,7,[]
351,11,[]
369,9,[]
385,8,[]
400,8,[]
415,7,[]
429,32,[]
468,4,[]
479,5,[]
491,8,[]
506,7,[]
520,8,[]
535,8,[]
550,9,[]
566,8,[]
581,8,[]
596,8,[0, 1, 2, 3, 4, 5, 6, 7]
611,10,[]
628,10,[]
645,10,[]
662,10,[]
679,9,[]
695,11,[]
713,9,[]
729,9,[]
745,8,[]
760,9,[]
776,7,[]
790,7,[]
804,7,[]
818,9,[]
834,8,[]
849,8,[]
864,7,[]
878,9,[]
894,7,[]
908,38,[]
971,4,[]
982,5,[]
994,7,[]
1008,8,[]
1023,7,[]
1037,8,[0, 1, 2, 3, 4, 5, 6, 7]
1052,7,[]
1066,7,[]
1080,6,[]
1093,7,[]
1107,7,[]
1121,8,[]
1136,7,[]
1150,6,[]
1163,6,[]
1176,9,[]
1192,7,[]
1206,7,[]
1220,7,[]
1234,8,[]
1249,7,[]
1263,7,[]
1277,5,[]
1289,6,[]
1302,7,[]
1316,8,[]
1331,7,[]
1345,8,[]
1360,7,[]
1374,46,[]
1445,2,[]
1454,3,[]
1464,5,[]
1476,7,[]
1490,6,[]
1503,10,[]
1520,9,[]
1536,8,[]
1551,8,[0, 1, 2, 3, 4, 5, 6, 7]
1566,7,[]
1580,7,[]
1594,8,[]
1609,7,[]
1623,8,[]
1638,8,[]
1653,7,[]
1667,7,[]
1681,7,[]
1695,7,[]
1709,8,[]
1724,9,[]
1740,9,[]
1756,10,[]
1773,10,[]
1790,9,[]
1806,8,[]
1821,8,[]
1836,8,[]
1851,7,[]
1865,32,[]
1904,3,[]
1914,5,[]
1926,5,[]
1938,7,[]
1952,8,[]
1967,7,[]
1981,6,[]
1994,7,[]
2008,7,[]
2022,6,[]
2035,7,[]
2049,7,[]
2063,8,[]
2078,8,[]
2093,9,[]
2109,8,[]
2124,8,[]
2139,8,[]
2154,8,[]
2169,8,[]
2184,8,[]
2199,9,[]
2215,9,[]
2231,8,[]
2246,8,[]
2261,7,[]
2275,7,[]
2289,7,[]
2303,7,[]
2317,29,[]
2353,4,[]
2364,6,[]
2377,6,[]
2390,8,[]
2405,7,[]
2419,7,[]
2433,7,[]
2447,7,[]
2461,7,[]
2475,7,[]
2489,7,[]
2503,8,[]
2518,8,[]
2533,7,[]
2547,6,[]
2560,6,[]
2573,7,[]
2587,8,[]
2602,9,[]
2618,7,[]
2632,8,[]
2647,9,[]
2663,9,[]
2679,9,[]
2695,9,[]
2711,9,[]
2727,8,[]
2742,8,[]
2757,9,[]
2773,22,[]
2802,7,[]
2816,7,[]
2830,7,[]
2844,6,[]
2857,8,[]
2872,8,[]
2887,7,[]
2901,6,[]
2914,8,[]
2929,6,[]
2942,6,[]
2955,8,[]
2970,8,[]
2985,7,[]
2999,6,[]
3012,9,[]
3028,7,[]
3042,7,[]
3056,7,[]
3070,7,[]
3084,7,[]
3098,6,[]
3111,8,[]
3126,7,[]
3140,7,[]
3154,7,[]
3168,7,[]
3182,7,[]
3196,7,[]
3210,34,[]
3251,2,[]
3260,4,[]
3271,4,[]
3282,5,[]
3294,6,[]
3307,7,[]
3321,6,[]
3334,6,[]
3347,6,[]
3360,6,[]
3373,6,[]
3386,7,[]
3400,7,[]
3414,7,[]
3428,6,[]
3441,8,[]
3456,7,[]
3470,7,[]
3484,8,[]
3499,9,[]
3515,8,[]
3530,6,[]
3543,8,[]
3558,8,[]
3573,8,[]
3588,8,[0, 1, 2, 3, 4, 5, 6, 7]
3603,7,[]
3617,7,[]
3631,8,[]
3646,36,[]
3707,3,[]
3717,5,[]
3729,6,[]
3742,8,[]
3757,7,[]
3771,6,[]
3784,7,[]
3798,9,[]
3814,8,[]
3829,8,[]
3844,8,[]
3859,6,[]
3872,7,[]
3886,8,[]
3901,8,[]
3916,7,[]
3930,7,[]
3944,6,[]
3957,7,[]
3971,8,[]
3986,8,[]
4001,7,[]
4015,7,[]
4029,7,[]
4043,7,[]
4057,8,[]
4072,9,[]
4088,9,[]
4104,8,[]
4119,33,[]
4159,4,[]
4170,5,[]
4182,7,[]
4196,7,[]
4210,6,[]
4223,8,[]
4238,8,[]
4253,7,[]
4267,7,[]
4281,7,[]
4295,7,[]
4309,8,[]
4324,7,[]
4338,8,[]
4353,8,[]
4368,8,[]
4383,9,[]
4399,8,[]
4414,7,[]
4428,8,[]
4443,9,[0, 1, 2, 3, 4, 5, 6, 7, 8]
4459,8,[]
4474,9,[]
4490,9,[]
4506,9,[]
4522,10,[]
4539,10,[]
4556,9,[]
4572,10,[]
0,23,[]
29,2,[]
37,3,[]
46,7,[]
59,6,[]
71,8,[]
85,9,[0, 1, 2, 3, 4, 5, 6, 7, 8]
100,7,[]
113,10,[]
129,9,[]
144,5,[]
155,5,[]
166,7,[]
179,8,[]
193,1,[]
200,6,[]
212,8,[]
226,8,[]
240,8,[]
254,3,[]
263,9,[]
278,9,[]
293,3,[]
302,4,[]
312,6,[]
324,7,[]
337,7,[]
350,5,[]
361,5,[]
372,5,[]
383,66,[]
494,3,[]
503,5,[]
514,7,[]
527,7,[]
540,5,[]
551,9,[]
566,9,[]
581,8,[]
595,5,[]
606,11,[]
623,9,[]
638,11,[0, 1, 2, 3, 4, 5, 6, 7]
655,11,[]
672,6,[]
684,13,[]
703,12,[]
721,10,[]
737,10,[]
753,10,[]
769,8,[]
783,10,[]
799,9,[]
814,9,[]
829,8,[]
843,9,[]
858,8,[]
872,8,[]
886,8,[]
900,7,[]
913,53,[]
1011,3,[]
1020,5,[]
1031,5,[]
1042,6,[]
1054,9,[]
1069,7,[]
1082,7,[]
1095,6,[]
1107,6,[]
1119,8,[]
1133,6,[]
1145,7,[]
1158,7,[]
1171,4,[]
1181,6,[]
1193,7,[]
1206,7,[]
1219,5,[]
1230,7,[]
1243,6,[]
1255,7,[]
1268,6,[]
1280,5,[]
1291,6,[]
1303,3,[]
1312,7,[]
1325,6,[]
1337,7,[]
1350,5,[]
1361,61,[]
1467,2,[]
1475,3,[]
1484,5,[]
1495,6,[]
1507,6,[]
1519,6,[]
1531,6,[]
1543,6,[]
1555,7,[]
1568,6,[]
1580,7,[]
1593,8,[]
1607,5,[]
1618,8,[]
1632,6,[]
1644,7,[]
1657,6,[]
1669,6,[]
1681,7,[]
1694,6,[]
1706,6,[]
1718,7,[]
1731,5,[]
1742,5,[]
1753,7,[]
1766,7,[]
1779,6,[]
1791,7,[]
1804,6,[]
1816,68,[]
1929,1,[]
1936,3,[]
1945,4,[]
1955,5,[]
1966,7,[]
1979,7,[]
1992,6,[]
2004,7,[]
2017,6,[]
2029,5,[]
2040,9,[]
2055,13,[]
2074,9,[]
2089,5,[]
2100,7,[]
2113,9,[]
2128,9,[]
2143,10,[]
2159,7,[]
2172,10,[]
2188,10,[]
2204,10,[0, 1, 2, 3, 4, 5, 6, 7, 8, 9]
2220,8,[]
2234,8,[]
2248,6,[]
2260,12,[]
2278,10,[]
2294,11,[]
2311,4,[]
2321,52,[]
2418,7,[]
2431,8,[]
2445,7,[0, 1, 2, 3, 4, 5, 6]
2458,10,[]
2474,6,[]
2486,10,[]
2502,8,[]
2516,9,[]
2531,7,[]
2544,10,[]
2560,8,[]
2574,7,[]
2587,7,[0, 1, 2, 3, 4, 5, 6]
2600,6,[]
2612,9,[]
2627,7,[]
2640,6,[]
2652,6,[]
2664,6,[]
2676,7,[]
2689,7,[]
2702,7,[]
2715,8,[]
2729,3,[]
2738,9,[]
2753,6,[]
2765,7,[]
2778,7,[]
2791,8,[]
2805,53,[]
2903,1,[]
2910,2,[]
2918,3,[]
2927,3,[]
2936,4,[]
2946,4,[]
2956,3,[]
2965,4,[]
2975,6,[]
2987,5,[]
2998,7,[]
3011,6,[]
3023,5,[]
3034,7,[]
3047,6,[]
3059,7,[]
3072,5,[]
3083,5,[]
3094,6,[]
3106,9,[]
3121,6,[]
3133,7,[]
3146,7,[]
3159,8,[]
3173,4,[]
3183,8,[]
3197,6,[]
3209,7,[]
3222,3,[]
3231,59,[]
3335,3,[]
3344,4,[]
3354,4,[]
3364,7,[]
3377,6,[]
3389,6,[]
3401,7,[]
3414,7,[]
3427,5,[]
3438,8,[]
3452,8,[]
3466,6,[]
3478,6,[]
3490,6,[]
3502,6,[]
3514,8,[]
3528,8,[]
3542,7,[]
3555,6,[]
3567,5,[]
3578,7,[]
3591,7,[]
3604,7,[]
3617,6,[]
3629,9,[]
3644,6,[]
3656,7,[]
3669,7,[]
3682,8,[]
3696,67,[]
3808,1,[]
3815,2,[]
3823,3,[]
3832,5,[]
3843,5,[]
3854,6,[]
3866,5,[]
3877,6,[]
3889,6,[]
3901,5,[]
3912,7,[]
3925,5,[]
3936,7,[]
3949,6,[]
3961,6,[]
3973,7,[]
3986,7,[]
3999,6,[]
4011,5,[]
4022,7,[]
4035,8,[]
4049,8,[]
4063,6,[]
4075,7,[]
4088,3,[]
4097,8,[]
4111,8,[]
4125,7,[]
4138,6,[]
4150,68,[]
4263,1,[]
4270,3,[]
4279,3,[]
4288,5,[]
4299,7,[]
4312,6,[]
4324,5,[]
4335,6,[]
4347,5,[]
4358,7,[]
4371,6,[]
4383,7,[]
4396,7,[]
4409,6,[]
4421,3,[]
4430,8,[]
4444,7,[]
4457,8,[]
4471,7,[]
4484,5,[]
4495,9,[]
4510,7,[]
4523,8,[]
4537,4,[]
4547,10,[]
4563,9,[]
4578,9,[]
4593,10,[]
4609,3,[]
0,26,[12, 13, 14, 15, 16, 17]
31,9,[]
45,12,[]
62,12,[]
79,9,[]
93,8,[]
106,2,[]
113,12,[]
130,11,[]
146,13,[]
164,10,[]
179,12,[]
196,9,[]
210,9,[]
224,10,[]
239,11,[]
255,3,[]
263,11,[]
279,11,[]
295,13,[]
313,9,[]
327,14,[]
346,12,[]
363,10,[]
378,10,[]
393,11,[]
409,10,[]
424,8,[]
437,8,[]
450,9,[]
464,56,[]
552,10,[0, 1, 2, 3, 4, 5, 6]
567,9,[]
581,10,[]
596,9,[]
610,9,[]
624,9,[]
638,7,[]
650,8,[0, 1, 2, 3, 4, 5, 6, 7]
663,7,[]
675,1,[]
681,3,[]
689,4,[]
698,4,[]
707,3,[]
715,5,[]
725,6,[]
736,4,[]
745,6,[]
756,5,[]
766,4,[]
775,4,[]
784,5,[]
794,8,[0, 1, 2, 3, 4, 5, 6, 7]
807,6,[]
818,5,[]
828,7,[]
840,2,[]
847,6,[]
858,5,[]
868,35,[]
935,2,[]
942,3,[]
950,4,[]
959,4,[]
968,4,[]
977,4,[]
986,4,[]
995,4,[]
1004,4,[]
1013,5,[]
1023,5,[]
1033,5,[]
1043,6,[]
1054,4,[]
1063,5,[]
1073,5,[]
1083,6,[]
1094,5,[]
1104,6,[]
1115,5,[]
1125,4,[]
1134,4,[]
1143,4,[]
1152,4,[]
1161,4,[]
1170,5,[]
1180,5,[]
1190,5,[]
1200,5,[]
1210,23,[]
1238,4,[]
1247,5,[]
1257,5,[]
1267,6,[]
1278,7,[]
1290,8,[2, 3, 4, 5, 6, 7]
1303,8,[]
1316,8,[]
1329,7,[]
1341,6,[]
1352,4,[]
1361,5,[]
1371,4,[]
1380,4,[]
1389,5,[]
1399,5,[]
1409,5,[]
1419,6,[]
1430,5,[]
1440,5,[]
1450,2,[]
1457,7,[]
1469,6,[]
1480,5,[]
1490,2,[]
1497,6,[]
1508,6,[]
1519,7,[]
1531,6,[]
1542,36,[]
1610,1,[]
1616,6,[]
1627,6,[]
1638,5,[]
1648,5,[]
1658,2,[]
1665,5,[]
1675,5,[]
1685,5,[]
1695,6,[]
1706,4,[]
1715,5,[]
1725,5,[]
1735,1,[]
1741,7,[]
1753,6,[]
1764,6,[]
1775,6,[]
1786,7,[]
1798,7,[1, 2, 3, 4, 5, 6]
1810,6,[]
1821,5,[]
1831,5,[]
1841,5,[]
1851,4,[]
1860,5,[]
1870,5,[]
1880,5,[]
1890,6,[0, 1, 2, 3, 4, 5]
1901,42,[]
1975,5,[]
1985,6,[]
1996,6,[]
2007,6,[]
2018,6,[]
2029,7,[]
2041,8,[]
2054,6,[]
2065,5,[]
2075,6,[0, 1, 2, 3, 4, 5]
2086,5,[]
2096,4,[]
2105,5,[]
2115,5,[]
2125,5,[]
2135,7,[]
2147,6,[]
2158,6,[]
2169,7,[]
2181,6,[]
2192,6,[]
2203,6,[]
2214,6,[]
2225,9,[]
2239,7,[]
2251,8,[]
2264,2,[]
2271,7,[]
2283,7,[]
2295,39,[]
2366,5,[]
2376,5,[]
2386,5,[]
2396,3,[]
2404,6,[]
2415,3,[]
2423,6,[]
2434,6,[]
2445,6,[]
2456,6,[]
2467,6,[]
2478,5,[]
2488,3,[]
2496,6,[]
2507,6,[]
2518,6,[]
2529,6,[]
2540,6,[]
2551,6,[]
2562,2,[]
2569,5,[]
2579,4,[]
2588,6,[]
2599,4,[]
2608,5,[]
2618,4,[]
2627,5,[]
2637,6,[]
2648,7,[]
2660,46,[]
2738,6,[]
2749,4,[]
2758,2,[]
2765,6,[0, 1, 2, 3, 4, 5]
2776,7,[]
2788,6,[]
2799,7,[]
2811,6,[]
2822,7,[]
2834,6,[]
2845,6,[]
2856,5,[]
2866,6,[]
2877,6,[]
2888,6,[]
2899,8,[]
2912,8,[0, 1, 2, 3, 4, 5, 6, 7]
2925,6,[]
2936,5,[]
2946,6,[]
2957,3,[]
2965,6,[]
2976,7,[]
2988,6,[]
2999,5,[]
3009,6,[]
3020,7,[1, 2, 3, 4, 5, 6]
3032,4,[]
3041,6,[]
3052,49,[]
3133,4,[]
3142,5,[]
3152,5,[]
3162,5,[]
3172,6,[]
3183,5,[]
3193,5,[]
3203,6,[]
3214,7,[]
3226,6,[]
3237,6,[]
3248,6,[]
3259,5,[]
3269,5,[]
3279,5,[]
3289,6,[]
3300,6,[]
3311,7,[]
3323,6,[]
3334,5,[]
3344,6,[]
3355,5,[]
3365,5,[]
3375,7,[]
3387,7,[]
3399,6,[]
3410,6,[]
3421,7,[0, 1, 2, 3, 4, 5, 6]
3433,6,[]
3444,48,[]
3524,4,[]
3533,3,[]
3541,6,[]
3552,6,[]
3563,7,[]
3575,6,[]
3586,6,[]
3597,7,[]
3609,6,[]
3620,6,[]
3631,6,[]
3642,5,[]
3652,5,[]
3662,5,[]
3672,6,[0, 1, 2, 3, 4, 5]
3683,5,[]
3693,5,[]
3703,6,[]
3714,4,[]
3723,6,[]
3734,4,[]
3743,8,[]
3756,5,[]
3766,6,[]
3777,6,[]
3788,6,[]
3799,5,[]
3809,6,[]
3820,4,[]
0,26,[1, 2, 3, 4, 5, 6, 7, 8, 9, 10, 11, 12]
32,2,[]
40,8,[]
54,6,[]
66,6,[]
78,8,[]
92,7,[]
105,3,[]
114,6,[]
126,3,[]
135,7,[]
148,7,[]
161,7,[]
174,3,[]
183,7,[]
196,8,[]
210,7,[]
223,10,[]
239,8,[]
253,6,[]
265,9,[]
280,8,[]
294,1,[]
301,3,[]
310,5,[]
321,5,[]
332,5,[]
343,6,[]
355,5,[]
366,8,[]
380,71,[]
496,4,[]
506,2,[]
514,5,[]
525,7,[]
538,5,[]
549,6,[]
561,6,[]
573,6,[]
585,5,[]
596,6,[]
608,3,[]
617,6,[]
629,7,[]
642,6,[]
654,7,[]
667,7,[]
680,7,[]
693,6,[]
705,7,[]
718,7,[]
731,3,[]
740,5,[]
751,6,[]
763,5,[]
774,6,[]
786,7,[]
799,5,[]
810,8,[]
824,7,[]
837,80,[]
962,4,[]
972,6,[]
984,4,[]
994,9,[]
1009,8,[]
1023,6,[]
1035,8,[]
1049,8,[]
1063,4,[]
1073,9,[]
1088,8,[]
1102,9,[]
1117,6,[]
1129,10,[]
1145,10,[]
1161,5,[]
1172,10,[]
1188,10,[]
1204,7,[]
1217,10,[]
1233,7,[]
1246,4,[]
1256,8,[]
1270,8,[]
1284,8,[]
1298,6,[]
1310,8,[]
1324,6,[]
1336,10,[]
1352,79,[]
1476,1,[]
1483,7,[]
1496,8,[]
1510,4,[]
1520,10,[]
1536,9,[]
1551,9,[]
1566,6,[]
1578,10,[]
1594,9,[]
1609,5,[]
1620,10,[]
1636,8,[]
1650,6,[]
1662,9,[]
1677,8,[]
1691,7,[]
1704,6,[]
1716,8,[]
1730,9,[]
1745,5,[]
1756,10,[0, 1, 2, 3, 4, 5, 6, 7]
1772,3,[]
1781,10,[]
1797,11,[]
1814,3,[]
1823,11,[]
1840,10,[]
1856,11,[]
1873,67,[]
1985,6,[]
1997,5,[]
2008,4,[]
2018,9,[]
2033,11,[]
2050,2,[]
2058,10,[]
2074,10,[]
2090,4,[]
2100,10,[0, 1, 2, 3, 4, 5, 6, 7, 8, 9]
2116,9,[]
2131,8,[]
2145,4,[]
2155,8,[]
2169,7,[]
2182,5,[]
2193,9,[]
2208,3,[]
2217,9,[]
2232,9,[]
2247,4,[]
2257,9,[]
2272,9,[]
2287,7,[]
2300,5,[]
2311,9,[]
2326,9,[]
2341,4,[]
2351,10,[]
2367,59,[]
2471,1,[]
2478,5,[]
2489,6,[]
2501,4,[]
2511,8,[]
2525,6,[]
2537,6,[]
2549,5,[]
2560,7,[]
2573,7,[]
2586,4,[]
2596,8,[]
2610,8,[]
2624,4,[]
2634,8,[]
2648,9,[]
2663,3,[]
2672,9,[]
2687,9,[]
2702,5,[]
2713,9,[]
2728,8,[]
2742,4,[]
2752,9,[]
2767,9,[]
2782,5,[]
2793,9,[]
2808,10,[]
2824,9,[]
2839,45,[]
2929,5,[]
2940,7,[]
2953,4,[]
2963,7,[]
2976,7,[]
2989,3,[]
2998,8,[]
3012,8,[]
3026,5,[]
3037,9,[]
3052,8,[]
3066,5,[]
3077,8,[]
3091,9,[]
3106,3,[]
3115,8,[]
3129,8,[]
3143,4,[]
3153,8,[]
3167,8,[]
3181,4,[]
3191,8,[]
3205,8,[]
3219,9,[]
3234,3,[]
3243,8,[]
3257,7,[]
3270,5,[]
3281,9,[]
3296,44,[]
3385,1,[]
3392,5,[]
3403,6,[]
3415,3,[]
3424,6,[]
3436,6,[]
3448,3,[]
3457,7,[]
3470,7,[]
3483,3,[]
3492,8,[]
3506,8,[]
3520,3,[]
3529,9,[]
3544,8,[]
3558,6,[]
3570,8,[]
3584,7,[]
3597,7,[]
3610,3,[]
3619,8,[]
3633,7,[0, 1, 2, 3, 4, 5, 6]
3646,3,[]
3655,8,[]
3669,8,[]
3683,3,[]
3692,8,[]
3706,8,[]
3720,5,[]
3731,46,[]
3822,5,[]
3833,7,[]
3846,5,[]
3857,7,[]
3870,6,[]
3882,8,[]
3896,7,[]
3909,4,[]
3919,6,[]
3931,7,[]
3944,7,[]
3957,6,[]
3969,7,[]
3982,7,[]
3995,4,[]
4005,7,[]
4018,7,[]
4031,6,[]
4043,7,[]
4056,8,[]
4070,4,[]
4080,7,[]
4093,7,[]
4106,6,[]
4118,5,[]
4129,7,[]
4142,7,[]
4155,5,[]
4166,6,[]
4178,51,[]
4274,3,[]
4283,3,[]
4292,4,[]
4302,4,[]
4312,4,[]
4322,4,[]
4332,4,[]
4342,5,[]
4353,4,[]
4363,5,[]
4374,5,[]
4385,5,[]
4396,5,[]
4407,5,[]
4418,6,[]
4430,4,[]
4440,6,[]
4452,7,[0, 1, 2, 3, 4, 5, 6]
4465,4,[]
4475,8,[]
4489,10,[]
4505,10,[]
4521,3,[]
4530,8,[]
4544,4,[]
4554,10,[]
4570,9,[]
4585,4,[]
4595,5,[]
0,22,[]
28,1,[]
35,7,[]
48,1,[]
55,8,[]
69,3,[]
78,8,[]
92,1,[]
99,7,[]
112,1,[]
119,8,[]
133,1,[]
140,9,[]
155,1,[]
162,8,[]
176,1,[]
183,8,[]
197,1,[]
204,8,[]
218,2,[]
226,9,[]
241,1,[]
248,8,[]
262,2,[]
270,9,[]
285,1,[]
292,9,[]
307,2,[]
315,7,[]
328,15,[]
349,87,[]
475,1,[]
482,1,[]
489,9,[]
504,9,[]
519,1,[]
526,1,[]
533,9,[]
548,1,[]
555,8,[]
569,6,[]
581,1,[]
588,1,[]
595,10,[]
611,2,[]
619,10,[]
635,3,[]
644,10,[]
660,3,[]
669,10,[]
685,5,[]
696,12,[]
714,3,[]
723,9,[]
738,4,[]
748,9,[]
763,3,[]
772,12,[]
790,3,[]
799,12,[]
817,61,[]
917,5,[]
928,3,[]
937,8,[]
951,5,[]
962,9,[]
977,4,[]
987,12,[]
1005,3,[]
1014,10,[]
1030,3,[]
1039,9,[]
1054,2,[]
1062,8,[]
1076,2,[]
1084,9,[]
1099,2,[]
1107,8,[]
1121,3,[]
1130,11,[]
1147,3,[]
1156,10,[]
1172,3,[]
1181,11,[]
1198,4,[]
1208,10,[]
1224,4,[]
1234,11,[]
1251,3,[]
1260,11,[]
1277,59,[]
1375,5,[]
1386,3,[]
1395,9,[]
1410,5,[]
1421,10,[]
1437,4,[]
1447,10,[]
1463,6,[]
1475,8,[]
1489,4,[]
1499,9,[]
1514,4,[]
1524,10,[]
1540,4,[]
1550,10,[]
1566,5,[]
1577,11,[]
1594,4,[]
1604,11,[]
1621,4,[]
1631,9,[]
1646,4,[]
1656,8,[]
1670,4,[]
1680,9,[]
1695,4,[]
1705,9,[]
1720,3,[]
1729,10,[]
1745,46,[]
1830,1,[]
1837,6,[]
1849,8,[]
1863,4,[]
1873,10,[]
1889,4,[]
1899,4,[]
1909,10,[]
1925,5,[]
1936,9,[]
1951,4,[]
1961,10,[]
1977,4,[]
1987,10,[]
2003,12,[0, 1, 2, 3, 4, 5, 6, 7, 8, 9, 10, 11]
2021,5,[]
2032,5,[]
2043,10,[]
2059,5,[]
2070,11,[]
2087,4,[]
2097,10,[]
2113,4,[]
2123,10,[]
2139,4,[]
2149,11,[]
2166,5,[]
2177,13,[3, 4, 5, 6, 7, 8, 9, 10]
2196,4,[]
2206,49,[]
2294,1,[]
2301,8,[]
2315,4,[]
2325,11,[]
2342,4,[]
2352,10,[]
2368,4,[]
2378,10,[]
2394,4,[]
2404,8,[]
2418,3,[]
2427,7,[]
2440,3,[]
2449,9,[]
2464,3,[]
2473,10,[]
2489,4,[]
2499,9,[]
2514,4,[]
2524,11,[]
2541,4,[]
2551,11,[]
2568,4,[]
2578,11,[]
2595,3,[]
2604,11,[]
2621,5,[]
2632,12,[]
2650,4,[]
2660,46,[]
2745,1,[]
2752,7,[]
2765,4,[]
2775,8,[]
2789,3,[]
2798,10,[]
2814,4,[]
2824,12,[]
2842,4,[]
2852,10,[]
2868,2,[]
2876,8,[]
2890,3,[]
2899,9,[]
2914,4,[]
2924,13,[]
2943,4,[]
2953,13,[]
2972,3,[]
2981,10,[]
2997,3,[]
3006,10,[]
3022,3,[]
3031,11,[]
3048,2,[]
3056,11,[]
3073,3,[]
3082,13,[]
3101,2,[]
3109,44,[]
3192,1,[]
3199,6,[]
3211,3,[]
3220,7,[]
3233,2,[]
3241,2,[]
3249,13,[0, 1, 2, 3, 4, 5, 6, 7]
3268,9,[]
3283,3,[]
3292,4,[]
3302,9,[]
3317,2,[]
3325,11,[]
3342,13,[]
3361,3,[]
3370,3,[]
3379,12,[]
3397,4,[]
3407,11,[]
3424,3,[]
3433,9,[]
3448,4,[]
3458,10,[]
3474,3,[]
3483,11,[]
3500,4,[]
3510,11,[]
3527,4,[]
3537,11,[]
3554,36,[]
3629,6,[]
3641,3,[]
3650,8,[]
3664,3,[]
3673,7,[]
3686,4,[]
3696,13,[1, 2, 3, 4, 5, 6, 7, 8, 9, 10, 11, 12]
3715,3,[]
3724,10,[]
3740,3,[]
3749,6,[]
3761,3,[]
3770,8,[]
3784,3,[]
3793,11,[]
3810,3,[]
3819,10,[]
3835,3,[]
3844,11,[]
3861,4,[]
3871,10,[]
3887,3,[]
3896,10,[]
3912,3,[]
3921,12,[0, 1, 2, 3, 4, 5, 6]
3939,3,[]
3948,12,[]
3966,3,[]
3975,11,[]
3992,42,[]
4073,6,[]
4085,3,[]
4094,10,[]
4110,4,[]
4120,11,[]
4137,3,[]
4146,12,[]
4164,3,[]
4173,11,[]
4190,2,[]
4198,10,[]
4214,3,[]
4223,10,[]
4239,4,[]
4249,12,[]
4267,3,[]
4276,12,[1, 2, 3, 4, 5, 6, 7, 8, 9, 10, 11]
4294,4,[]
4304,12,[]
4322,3,[]
4331,15,[]
4352,3,[]
4361,11,[]
4378,3,[]
4387,11,[]
4404,3,[]
4413,12,[]
4431,3,[]
4440,3,[]
0,26,[3, 4, 5, 6, 7, 8, 9, 10, 11]
32,7,[]
45,10,[]
61,8,[]
75,9,[]
90,9,[]
105,9,[]
120,10,[0, 1, 2, 3, 4, 5, 6, 7, 8, 9]
136,9,[]
151,9,[]
166,7,[]
179,8,[]
193,7,[]
206,7,[]
219,8,[]
233,7,[]
246,8,[]
260,7,[]
273,7,[]
286,8,[]
300,8,[]
314,7,[]
327,6,[]
339,5,[]
350,5,[]
361,6,[]
373,8,[]
387,5,[]
398,7,[]
411,6,[]
423,59,[]
517,4,[]
527,4,[]
537,5,[]
548,6,[]
560,6,[]
572,6,[]
584,7,[]
597,6,[]
609,6,[]
621,6,[]
633,6,[]
645,5,[]
656,6,[]
668,6,[]
680,6,[]
692,6,[]
704,7,[]
717,6,[]
729,6,[]
741,7,[]
754,6,[]
766,7,[]
779,5,[]
790,6,[]
802,7,[]
815,7,[]
828,7,[]
841,7,[0, 1, 2, 3, 4, 5, 6]
854,6,[]
866,56,[]
957,2,[]
965,4,[]
975,6,[]
987,10,[]
1003,9,[]
1018,9,[]
1033,7,[]
1046,6,[]
1058,8,[]
1072,10,[]
1088,7,[]
1101,7,[]
1114,9,[]
1129,6,[]
1141,7,[]
1154,8,[]
1168,7,[]
1181,7,[]
1194,7,[]
1207,8,[]
1221,7,[]
1234,7,[]
1247,7,[]
1260,7,[]
1273,7,[]
1286,9,[]
1301,9,[]
1316,10,[]
1332,8,[]
1346,44,[]
1425,7,[]
1438,7,[]
1451,7,[]
1464,10,[]
1480,9,[0, 1, 2, 3, 4, 5, 6, 7, 8]
1495,8,[]
1509,8,[]
1523,11,[]
1540,8,[]
1554,10,[]
1570,10,[]
1586,8,[]
1600,7,[]
1613,8,[]
1627,7,[]
1640,6,[]
1652,7,[]
1665,9,[]
1680,8,[]
1694,6,[]
1706,7,[]
1719,10,[]
1735,6,[]
1747,7,[]
1760,7,[]
1773,7,[]
1786,6,[]
1798,6,[]
1810,7,[]
1823,36,[]
1894,3,[]
1903,4,[]
1913,6,[]
1925,7,[]
1938,8,[]
1952,8,[]
1966,8,[]
1980,7,[]
1993,8,[]
2007,7,[]
2020,7,[]
2033,7,[]
2046,8,[]
2060,7,[]
2073,6,[]
2085,6,[]
2097,5,[]
2108,7,[]
2121,6,[]
2133,6,[]
2145,6,[]
2157,7,[]
2170,6,[]
2182,7,[]
2195,6,[]
2207,7,[]
2220,6,[]
2232,7,[0, 1, 2, 3, 4, 5, 6]
2245,6,[]
2257,46,[]
2338,3,[]
2347,5,[]
2358,5,[]
2369,5,[]
2380,5,[]
2391,7,[]
2404,7,[]
2417,7,[]
2430,6,[]
2442,6,[]
2454,6,[]
2466,6,[]
2478,6,[]
2490,7,[]
2503,6,[]
2515,6,[]
2527,6,[]
2539,7,[]
2552,7,[]
2565,6,[]
2577,6,[]
2589,5,[]
2600,6,[]
2612,7,[]
2625,7,[]
2638,6,[]
2650,6,[]
2662,8,[]
2676,7,[]
2689,45,[]
2769,3,[]
2778,4,[]
2788,5,[]
2799,7,[]
2812,9,[]
2827,9,[]
2842,10,[]
2858,10,[]
2874,9,[1, 2, 3, 4, 5, 6, 7, 8]
2889,10,[]
2905,10,[]
2921,10,[]
2937,8,[]
2951,7,[]
2964,8,[]
2978,7,[]
2991,6,[]
3003,7,[]
3016,7,[]
3029,7,[]
3042,7,[]
3055,7,[]
3068,7,[]
3081,6,[]
3093,7,[]
3106,7,[]
3119,6,[]
3131,6,[]
3143,7,[]
3156,43,[]
3234,4,[]
3244,5,[]
3255,6,[]
3267,6,[]
3279,6,[]
3291,7,[]
3304,6,[]
3316,6,[]
3328,6,[]
3340,6,[]
3352,7,[]
3365,6,[]
3377,6,[]
3389,7,[]
3402,6,[]
3414,6,[]
3426,6,[]
3438,7,[]
3451,7,[]
3464,5,[]
3475,6,[]
3487,7,[]
3500,6,[]
3512,6,[]
3524,6,[]
3536,7,[]
3549,8,[]
3563,6,[]
3575,7,[0, 1, 2, 3, 4, 5, 6]
3588,41,[]
3664,4,[]
3674,5,[]
3685,5,[]
3696,5,[]
3707,6,[]
3719,6,[]
3731,6,[]
3743,6,[]
3755,6,[]
3767,5,[]
3778,6,[]
3790,6,[]
3802,6,[]
3814,6,[]
3826,6,[]
3838,7,[]
3851,6,[]
3863,5,[]
3874,5,[]
3885,5,[]
3896,5,[]
3907,5,[]
3918,5,[]
3929,6,[]
3941,7,[]
3954,6,[]
3966,6,[]
3978,7,[]
3991,7,[]
4004,48,[]
4087,4,[]
4097,4,[]
4107,5,[]
4118,6,[]
4130,6,[]
4142,6,[]
4154,7,[]
4167,7,[]
4180,6,[]
4192,7,[]
4205,7,[]
4218,7,[]
4231,7,[]
4244,7,[]
4257,6,[]
4269,7,[]
4282,6,[]
4294,7,[]
4307,7,[]
4320,7,[]
4333,7,[]
4346,7,[]
4359,7,[0, 1, 2, 3, 4, 5, 6]
4372,8,[]
4386,6,[]
4398,7,[]
4411,8,[]
4425,8,[]
4439,8,[]
0,29,[]
35,1,[]
42,11,[]
59,3,[]
68,8,[]
82,9,[]
97,3,[]
106,10,[]
122,10,[]
138,11,[]
155,12,[]
173,11,[]
190,9,[]
205,9,[]
220,10,[]
236,10,[]
252,11,[]
269,12,[]
287,12,[]
305,12,[]
323,11,[]
340,10,[]
356,6,[]
368,7,[]
381,7,[]
394,9,[]
409,8,[]
423,8,[]
437,10,[]
453,8,[]
467,51,[]
557,5,[]
568,1,[]
575,7,[]
588,6,[]
600,6,[]
612,6,[]
624,7,[]
637,6,[]
649,6,[]
661,6,[]
673,6,[]
685,6,[]
697,6,[]
709,6,[]
721,8,[]
735,6,[]
747,6,[]
759,8,[]
773,6,[]
785,6,[]
797,6,[]
809,5,[]
820,5,[]
831,6,[]
843,6,[]
855,7,[]
868,7,[]
881,8,[]
895,7,[]
908,44,[]
991,4,[]
1001,7,[]
1014,9,[]
1029,8,[]
1043,9,[]
1058,9,[]
1073,8,[]
1087,9,[]
1102,9,[]
1117,9,[]
1132,9,[]
1147,9,[]
1162,8,[0, 1, 2, 3, 4, 5, 6]
1176,9,[]
1191,10,[]
1207,13,[]
1226,6,[]
1238,8,[]
1252,9,[]
1267,9,[]
1282,9,[]
1297,9,[]
1312,8,[]
1326,8,[]
1340,8,[]
1354,8,[]
1368,8,[]
1382,8,[]
1396,8,[]
1410,50,[]
1499,3,[]
1508,6,[]
1520,6,[]
1532,8,[]
1546,7,[]
1559,8,[]
1573,7,[]
1586,8,[]
1600,8,[]
1614,8,[0, 1, 2, 3, 4, 5, 6, 7]
1628,8,[]
1642,8,[]
1656,8,[]
1670,8,[]
1684,7,[]
1697,8,[]
1711,8,[]
1725,6,[]
1737,7,[]
1750,7,[]
1763,9,[]
1778,4,[]
1788,5,[]
1799,7,[]
1812,4,[]
1822,7,[]
1835,8,[]
1849,8,[]
1863,6,[]
1875,55,[]
1969,2,[]
1977,3,[]
1986,3,[]
1995,6,[]
2007,6,[]
2019,6,[]
2031,5,[]
2042,7,[]
2055,5,[]
2066,6,[]
2078,4,[]
2088,5,[]
2099,6,[]
2111,7,[]
2124,8,[]
2138,5,[]
2149,8,[0, 1, 2, 3, 4, 5, 6, 7]
2163,9,[]
2178,8,[]
2192,8,[]
2206,8,[]
2220,8,[]
2234,8,[]
2248,7,[]
2261,9,[]
2276,8,[]
2290,8,[]
2304,8,[]
2318,8,[]
2332,47,[]
2418,3,[]
2427,5,[]
2438,5,[]
2449,5,[]
2460,5,[]
2471,6,[]
2483,5,[]
2494,6,[]
2506,6,[]
2518,6,[]
2530,8,[]
2544,7,[]
2557,7,[]
2570,8,[]
2584,9,[]
2599,9,[]
2614,9,[]
2629,9,[]
2644,7,[]
2657,7,[]
2670,7,[]
2683,7,[]
2696,7,[]
2709,8,[]
2723,7,[]
2736,7,[]
2749,7,[]
2762,8,[]
2776,8,[]
2790,51,[]
2880,1,[]
2887,3,[]
2896,4,[]
2906,5,[]
2917,5,[]
2928,4,[]
2938,8,[]
2952,7,[]
2965,8,[]
2979,8,[]
2993,7,[]
3006,6,[]
3018,6,[]
3030,6,[]
3042,6,[]
3054,6,[]
3066,5,[]
3077,5,[]
3088,6,[]
3100,5,[]
3111,7,[]
3124,3,[]
3133,5,[]
3144,5,[]
3155,5,[]
3166,5,[]
3177,5,[]
3188,4,[]
3198,4,[]
3208,61,[]
3308,1,[]
3315,1,[]
3322,2,[]
3330,3,[]
3339,3,[]
3348,4,[]
3358,4,[]
3368,5,[]
3379,3,[]
3388,6,[]
3400,5,[]
3411,5,[]
3422,5,[]
3433,4,[]
3443,4,[]
3453,6,[]
3465,3,[]
3474,6,[]
3486,6,[]
3498,9,[]
3513,9,[]
3528,8,[]
3542,8,[0, 1, 2, 3, 4, 5, 6, 7]
3556,8,[]
3570,6,[]
3582,7,[]
3595,7,[]
3608,6,[]
3620,7,[]
3633,56,[]
3728,3,[]
3737,5,[]
3748,7,[]
3761,7,[]
3774,6,[]
3786,7,[]
3799,7,[]
3812,7,[]
3825,8,[]
3839,8,[]
3853,6,[]
3865,7,[]
3878,7,[]
3891,8,[]
3905,8,[]
3919,9,[]
3934,7,[]
3947,7,[]
3960,7,[0, 1, 2, 3, 4, 5, 6]
3973,7,[]
3986,7,[]
3999,8,[]
4013,7,[]
4026,9,[]
4041,8,[]
4055,8,[]
4069,8,[]
4083,7,[]
4096,7,[]
4109,55,[]
4203,2,[]
4211,3,[]
4220,4,[]
4230,7,[]
4243,7,[]
4256,7,[]
4269,7,[]
4282,6,[]
4294,5,[]
4305,5,[]
4316,4,[]
4326,6,[]
4338,5,[]
4349,7,[]
4362,8,[]
4376,10,[]
4392,6,[]
4404,6,[]
4416,6,[]
4428,7,[]
4441,5,[]
4452,6,[]
4464,6,[]
4476,5,[]
4487,3,[]
4496,7,[]
4509,5,[]
4520,5,[]
4531,6,[]
0,18,[]
25,3,[]
35,9,[]
51,9,[]
67,10,[]
84,8,[]
99,13,[]
119,8,[]
134,10,[]
151,4,[]
162,9,[]
178,9,[]
194,6,[]
207,8,[]
222,7,[]
236,8,[]
251,9,[]
267,7,[]
281,8,[]
296,6,[]
309,7,[]
323,3,[]
333,7,[]
347,5,[]
359,6,[]
372,6,[]
385,6,[]
398,5,[]
410,5,[]
422,5,[]
434,36,[]
497,3,[]
507,5,[]
519,4,[]
530,7,[]
544,3,[]
554,7,[]
568,6,[]
581,7,[]
595,9,[]
611,9,[]
627,9,[]
643,11,[]
661,11,[]
679,10,[0, 1, 2, 3, 4, 5, 6, 7, 8, 9]
696,4,[]
707,10,[]
724,12,[]
743,12,[]
762,10,[]
779,10,[]
796,10,[]
813,10,[]
830,10,[]
847,10,[]
864,10,[]
881,10,[]
898,5,[]
910,12,[]
929,6,[]
942,36,[]
1005,7,[]
1019,9,[]
1035,7,[]
1049,9,[]
1065,9,[]
1081,10,[]
1098,10,[]
1115,10,[]
1132,2,[]
1141,11,[]
1159,7,[]
1173,7,[]
1187,6,[]
1200,7,[]
1214,6,[]
1227,7,[]
1241,8,[]
1256,9,[]
1272,8,[]
1287,7,[]
1301,4,[]
1312,8,[]
1327,8,[]
1342,7,[]
1356,8,[]
1371,8,[]
1386,7,[]
1400,8,[]
1415,7,[]
1429,37,[]
1493,4,[]
1504,6,[]
1517,3,[]
1527,8,[]
1542,6,[]
1555,8,[]
1570,7,[]
1584,7,[]
1598,9,[]
1614,8,[]
1629,8,[]
1644,7,[]
1658,8,[]
1673,8,[]
1688,5,[]
1700,11,[]
1718,7,[]
1732,11,[]
1750,8,[]
1765,8,[]
1780,7,[]
1794,7,[]
1808,8,[]
1823,8,[]
1838,7,[]
1852,8,[]
1867,5,[]
1879,8,[]
1894,10,[]
1911,34,[0, 1, 2, 3, 4, 5, 6, 7, 8, 9, 10]
1952,5,[]
1964,7,[]
1978,7,[]
1992,9,[]
2008,8,[]
2023,9,[]
2039,9,[]
2055,9,[]
2071,5,[]
2083,10,[]
2100,4,[]
2111,10,[]
2128,8,[]
2143,8,[]
2158,8,[]
2173,8,[]
2188,8,[]
2203,9,[]
2219,9,[]
2235,10,[]
2252,5,[]
2264,11,[]
2282,10,[]
2299,8,[]
2314,8,[]
2329,9,[]
2345,8,[]
2360,8,[]
2375,10,[]
2392,34,[]
2433,5,[]
2445,6,[]
2458,5,[]
2470,9,[]
2486,7,[]
2500,7,[]
2514,7,[]
2528,9,[]
2544,8,[]
2559,8,[]
2574,9,[]
2590,9,[]
2606,9,[0, 1, 2, 3, 4, 5, 6, 7, 8]
2622,8,[]
2637,2,[]
2646,9,[]
2662,9,[]
2678,7,[]
2692,7,[]
2706,7,[]
2720,7,[]
2734,6,[]
2747,6,[]
2760,6,[]
2773,5,[]
2785,6,[]
2798,6,[]
2811,7,[]
2825,6,[]
2838,36,[]
2901,3,[]
2911,6,[]
2924,7,[]
2938,6,[]
2951,8,[]
2966,7,[]
2980,7,[]
2994,7,[]
3008,5,[]
3020,7,[]
3034,9,[]
3050,7,[]
3064,8,[]
3079,9,[]
3095,9,[]
3111,8,[]
3126,7,[]
3140,7,[]
3154,7,[]
3168,6,[]
3181,5,[]
3193,9,[]
3209,8,[]
3224,8,[]
3239,7,[]
3253,8,[]
3268,8,[]
3283,8,[]
3298,8,[]
3313,34,[]
3354,3,[]
3364,5,[]
3376,4,[]
3387,8,[]
3402,7,[]
3416,7,[]
3430,7,[]
3444,8,[]
3459,8,[]
3474,8,[]
3489,8,[]
3504,8,[]
3519,8,[]
3534,8,[]
3549,5,[]
3561,10,[]
3578,6,[]
3591,8,[]
3606,7,[]
3620,7,[]
3634,6,[]
3647,7,[]
3661,6,[]
3674,6,[]
3687,7,[]
3701,7,[]
3715,5,[]
3727,8,[]
3742,9,[]
3758,39,[]
3824,3,[]
3834,5,[]
3846,7,[]
3860,7,[]
3874,7,[]
3888,7,[]
3902,7,[]
3916,7,[]
3930,3,[]
3940,9,[]
3956,7,[]
3970,8,[]
3985,8,[]
4000,8,[]
4015,7,[]
4029,6,[]
4042,6,[]
4055,8,[]
4070,8,[]
4085,9,[]
4101,7,[]
4115,10,[]
4132,8,[]
4147,5,[]
4159,10,[]
4176,8,[]
4191,8,[]
4206,8,[]
4221,9,[]
4237,34,[]
4278,4,[]
4289,6,[]
4302,4,[]
4313,7,[]
4327,8,[]
4342,7,[]
4356,7,[]
4370,7,[]
4384,6,[]
4397,6,[]
4410,6,[]
4423,7,[]
4437,7,[]
4451,6,[]
4464,5,[]
4476,9,[]
4492,2,[]
4501,9,[0, 1, 2, 3, 4, 5, 6, 7, 8]
4517,7,[]
4531,7,[]
4545,6,[]
4558,7,[]
4572,7,[]
4586,8,[]
4601,7,[]
4615,7,[]
4629,6,[]
4642,8,[]
4657,6,[]
0,20,[7, 8, 9, 10, 11, 12, 13, 14, 15, 16, 17, 18, 19]
26,6,[]
38,6,[]
50,5,[]
61,7,[]
74,4,[]
84,5,[]
95,7,[]
108,6,[]
120,9,[]
135,7,[]
148,8,[]
162,6,[]
174,7,[]
187,8,[]
201,6,[]
213,7,[]
226,7,[]
239,8,[]
253,8,[]
267,6,[]
279,7,[]
292,8,[]
306,7,[]
319,7,[]
332,6,[]
344,7,[]
357,5,[]
368,9,[]
383,7,[]
396,45,[]
469,7,[]
482,8,[]
496,8,[]
510,7,[]
523,6,[]
535,7,[]
548,6,[]
560,6,[]
572,7,[]
585,5,[]
596,6,[]
608,5,[]
619,6,[]
631,6,[]
643,8,[]
657,7,[]
670,8,[]
684,7,[]
697,7,[]
710,7,[]
723,8,[0, 1, 2, 3, 4, 5, 6, 7]
737,6,[]
749,6,[]
761,9,[]
776,8,[]
790,9,[]
805,9,[]
820,9,[]
835,7,[]
848,34,[]
888,4,[]
898,6,[]
910,7,[]
923,7,[]
936,8,[]
950,9,[]
965,7,[]
978,7,[]
991,5,[]
1002,6,[]
1014,6,[]
1026,8,[0, 1, 2, 3, 4, 5, 6]
1040,6,[]
1052,6,[]
1064,6,[]
1076,7,[]
1089,7,[]
1102,7,[]
1115,9,[]
1130,8,[]
1144,6,[]
1156,7,[]
1169,9,[]
1184,6,[]
1196,7,[]
1209,8,[]
1223,7,[]
1236,8,[]
1250,7,[]
1263,39,[]
1330,5,[]
1341,7,[]
1354,6,[]
1366,7,[]
1379,7,[]
1392,8,[]
1406,7,[]
1419,6,[]
1431,6,[]
1443,7,[]
1456,6,[]
1468,6,[]
1480,5,[]
1491,6,[]
1503,6,[]
1515,8,[]
1529,2,[]
1537,3,[]
1546,12,[]
1564,8,[]
1578,7,[]
1591,8,[]
1605,8,[0, 1, 2, 3, 4, 5, 6, 7]
1619,9,[]
1634,9,[]
1649,9,[]
1664,7,[]
1677,8,[]
1691,9,[]
1706,33,[3, 4, 5, 6, 7, 8, 9, 10, 11, 12, 13, 14]
1745,5,[]
1756,7,[]
1769,7,[]
1782,7,[]
1795,8,[]
1809,9,[]
1824,9,[]
1839,7,[]
1852,7,[0, 1, 2, 3, 4, 5, 6]
1865,8,[]
1879,7,[]
1892,9,[]
1907,7,[]
1920,7,[]
1933,8,[]
1947,7,[]
1960,7,[]
1973,8,[]
1987,7,[]
2000,6,[]
2012,7,[]
2025,8,[]
2039,8,[]
2053,8,[]
2067,8,[]
2081,9,[]
2096,8,[]
2110,11,[]
2127,8,[]
2141,32,[10, 11, 12, 13, 14, 15, 16, 17, 18, 19, 20, 21, 22, 23, 24]
2179,4,[]
2189,6,[]
2201,6,[]
2213,7,[]
2226,7,[]
2239,7,[]
2252,8,[]
2266,7,[]
2279,7,[]
2292,9,[]
2307,8,[]
2321,8,[]
2335,7,[]
2348,6,[]
2360,6,[]
2372,8,[]
2386,10,[]
2402,8,[]
2416,8,[]
2430,8,[]
2444,7,[]
2457,8,[]
2471,7,[]
2484,6,[]
2496,7,[]
2509,7,[]
2522,8,[]
2536,7,[]
2549,8,[]
2563,38,[]
2629,4,[]
2639,6,[]
2651,6,[]
2663,6,[]
2675,8,[]
2689,6,[]
2701,7,[]
2714,7,[]
2727,7,[]
2740,7,[]
2753,6,[]
2765,6,[]
2777,6,[]
2789,6,[]
2801,7,[]
2814,8,[]
2828,8,[]
2842,7,[]
2855,7,[]
2868,8,[]
2882,8,[]
2896,8,[]
2910,9,[]
2925,7,[]
2938,7,[]
2951,8,[]
2965,7,[]
2978,6,[]
2990,8,[]
3004,36,[]
3068,4,[]
3078,5,[]
3089,6,[]
3101,7,[]
3114,7,[]
3127,7,[]
3140,8,[]
3154,8,[]
3168,6,[]
3180,7,[]
3193,6,[]
3205,7,[]
3218,6,[]
3230,6,[]
3242,6,[]
3254,6,[]
3266,5,[]
3277,7,[]
3290,8,[]
3304,7,[]
3317,7,[]
3330,7,[]
3343,7,[]
3356,7,[]
3369,8,[]
3383,7,[]
3396,6,[]
3408,7,[]
3421,8,[]
3435,39,[]
3502,4,[]
3512,7,[]
3525,7,[]
3538,8,[]
3552,7,[]
3565,8,[]
3579,6,[]
3591,6,[]
3603,9,[]
3618,6,[]
3630,6,[]
3642,7,[]
3655,6,[]
3667,7,[]
3680,5,[]
3691,6,[]
3703,8,[]
3717,8,[]
3731,7,[]
3744,6,[]
3756,7,[]
3769,9,[]
3784,8,[]
3798,6,[]
3810,6,[]
3822,6,[]
3834,6,[]
3846,6,[]
3858,7,[]
3871,39,[]
3938,4,[]
3948,6,[]
3960,6,[]
3972,7,[]
3985,6,[]
3997,7,[]
4010,7,[]
4023,7,[]
4036,6,[]
4048,8,[]
4062,8,[]
4076,7,[]
4089,7,[]
4102,7,[]
4115,8,[]
4129,9,[]
4144,7,[]
4157,7,[]
4170,8,[]
4184,9,[]
4199,9,[0, 1, 2, 3, 4, 5, 6, 7, 8]
4214,7,[]
4227,6,[]
4239,7,[]
4252,6,[]
4264,8,[]
4278,7,[]
4291,7,[]
4304,6,[]
0,24,[]
30,4,[]
40,5,[]
51,4,[]
61,5,[]
72,7,[]
85,6,[]
97,4,[]
107,5,[]
118,7,[]
131,5,[]
142,5,[]
153,5,[]
164,8,[]
178,8,[]
192,6,[]
204,5,[]
215,6,[]
227,5,[]
238,6,[]
250,5,[]
261,6,[]
273,3,[]
282,4,[]
292,7,[]
305,8,[]
319,5,[]
330,4,[]
340,5,[]
351,9,[]
366,78,[]
498,2,[]
506,3,[]
515,4,[]
525,5,[]
536,4,[]
546,5,[]
557,6,[]
569,5,[]
580,5,[]
591,6,[]
603,5,[]
614,6,[]
626,5,[]
637,6,[]
649,6,[]
661,6,[]
673,5,[]
684,6,[]
696,6,[]
708,6,[]
720,6,[]
732,5,[]
743,5,[]
754,6,[]
766,6,[]
778,5,[]
789,6,[]
801,6,[]
813,5,[]
824,88,[]
966,3,[]
975,4,[]
985,5,[]
996,6,[]
1008,5,[]
1019,5,[]
1030,5,[]
1041,6,[]
1053,4,[]
1063,6,[]
1075,6,[]
1087,6,[]
1099,5,[]
1110,6,[]
1122,6,[]
1134,7,[]
1147,6,[]
1159,8,[]
1173,7,[]
1186,8,[]
1200,7,[]
1213,6,[]
1225,6,[]
1237,7,[]
1250,6,[]
1262,7,[]
1275,7,[]
1288,7,[]
1301,7,[]
1314,97,[]
1465,4,[]
1475,4,[]
1485,5,[]
1496,6,[]
1508,6,[]
1520,6,[]
1532,7,[]
1545,7,[]
1558,7,[]
1571,8,[]
1585,7,[0, 1, 2, 3, 4, 5, 6]
1598,8,[]
1612,8,[]
1626,9,[]
1641,8,[]
1655,8,[]
1669,7,[]
1682,7,[]
1695,6,[]
1707,6,[]
1719,6,[]
1731,5,[]
1742,6,[]
1754,6,[]
1766,6,[]
1778,6,[]
1790,6,[]
1802,7,[]
1815,6,[]
1827,85,[]
1966,3,[]
1975,3,[]
1984,5,[]
1995,6,[]
2007,6,[]
2019,6,[]
2031,6,[]
2043,6,[]
2055,5,[]
2066,6,[]
2078,5,[]
2089,7,[]
2102,8,[]
2116,6,[]
2128,6,[]
2140,8,[]
2154,6,[]
2166,6,[]
2178,6,[]
2190,7,[]
2203,6,[]
2215,6,[]
2227,7,[]
2240,9,[]
2255,8,[]
2269,9,[]
2284,8,[]
2298,8,[]
2312,7,[]
2325,79,[]
2458,3,[]
2467,5,[]
2478,6,[]
2490,7,[]
2503,7,[]
2516,6,[]
2528,6,[]
2540,7,[]
2553,8,[]
2567,8,[]
2581,9,[]
2596,9,[]
2611,10,[]
2627,11,[]
2644,11,[]
2661,10,[]
2677,10,[]
2693,11,[]
2710,11,[]
2727,11,[]
2744,12,[]
2762,17,[]
2785,9,[]
2800,9,[]
2815,9,[]
2830,8,[]
2844,10,[]
2860,9,[]
2875,12,[]
2893,69,[]
3016,4,[]
3026,5,[]
3037,5,[]
3048,5,[]
3059,6,[]
3071,5,[]
3082,6,[]
3094,5,[]
3105,6,[]
3117,5,[]
3128,5,[]
3139,5,[]
3150,6,[]
3162,5,[]
3173,6,[]
3185,7,[]
3198,6,[]
3210,7,[]
3223,6,[]
3235,7,[]
3248,9,[]
3263,9,[]
3278,6,[]
3290,6,[]
3302,6,[]
3314,7,[]
3327,7,[]
3340,7,[]
3353,7,[]
3366,56,[]
3476,3,[]
3485,4,[]
3495,4,[]
3505,4,[]
3515,5,[]
3526,4,[]
3536,4,[]
3546,6,[]
3558,7,[]
3571,6,[]
3583,6,[]
3595,6,[]
3607,6,[]
3619,6,[]
3631,5,[]
3642,5,[]
3653,7,[]
3666,6,[]
3678,7,[]
3691,6,[]
3703,6,[]
3715,7,[]
3728,6,[]
3740,6,[]
3752,6,[]
3764,7,[]
3777,6,[]
3789,6,[]
3801,6,[]
3813,55,[]
3922,3,[]
3931,5,[]
3942,4,[]
3952,5,[]
3963,6,[]
3975,7,[]
3988,7,[]
4001,6,[]
4013,6,[]
4025,7,[]
4038,5,[]
4049,7,[]
4062,7,[]
4075,7,[]
4088,6,[]
4100,5,[]
4111,6,[]
4123,7,[]
4136,6,[]
4148,6,[]
4160,8,[]
4174,6,[]
4186,6,[]
4198,7,[]
4211,8,[]
4225,8,[]
4239,8,[]
4253,7,[]
4266,6,[]
4278,51,[]
4383,3,[]
4392,4,[]
4402,4,[]
4412,5,[]
4423,6,[]
4435,5,[]
4446,5,[]
4457,6,[]
4469,5,[]
4480,7,[]
4493,6,[]
4505,6,[]
4517,6,[]
4529,4,[]
4539,5,[]
4550,5,[]
4561,6,[]
4573,5,[]
4584,5,[]
4595,5,[]
4606,7,[]
4619,6,[]
4631,6,[]
4643,7,[]
4656,7,[]
4669,6,[]
4681,6,[]
4693,6,[]
4705,4,[]
0,24,[]
30,1,[]
37,6,[]
49,7,[]
62,5,[]
73,7,[]
86,5,[]
97,4,[]
107,8,[]
121,6,[]
133,7,[]
146,9,[]
161,10,[]
177,5,[]
188,8,[]
202,7,[]
215,6,[]
227,7,[]
240,5,[]
251,8,[]
265,4,[]
275,8,[]
289,1,[]
296,2,[]
304,2,[]
312,2,[]
320,7,[]
333,3,[]
342,6,[]
354,5,[]
365,61,[]
472,1,[]
479,2,[]
487,4,[]
497,5,[]
508,7,[]
521,6,[]
533,5,[]
544,6,[]
556,6,[]
568,6,[]
580,7,[0, 1, 2, 3, 4, 5, 6]
593,6,[]
605,4,[]
615,9,[]
630,8,[]
644,8,[]
658,9,[]
673,9,[]
688,11,[]
705,8,[]
719,6,[]
731,5,[]
742,7,[]
755,8,[]
769,10,[]
785,8,[]
799,7,[]
812,12,[]
830,7,[]
843,74,[]
963,2,[]
971,4,[]
981,3,[]
990,9,[]
1005,7,[]
1018,7,[]
1031,6,[]
1043,7,[]
1056,6,[]
1068,10,[]
1084,6,[]
1096,5,[]
1107,6,[]
1119,5,[]
1130,10,[]
1146,5,[]
1157,9,[]
1172,6,[]
1184,8,[]
1198,8,[]
1212,7,[]
1225,8,[]
1239,10,[]
1255,5,[]
1266,8,[]
1280,9,[]
1295,9,[]
1310,10,[]
1326,8,[]
1340,75,[]
1461,1,[]
1468,5,[]
1479,5,[]
1490,8,[]
1504,8,[]
1518,9,[]
1533,9,[]
1548,10,[]
1564,9,[]
1579,8,[]
1593,10,[]
1609,8,[]
1623,8,[]
1637,7,[]
1650,8,[]
1664,7,[]
1677,10,[]
1693,10,[]
1709,7,[]
1722,8,[]
1736,10,[]
1752,11,[]
1769,11,[]
1786,8,[]
1800,9,[]
1815,8,[]
1829,10,[]
1845,10,[]
1861,10,[]
1877,67,[]
1990,1,[]
1997,4,[]
2007,7,[]
2020,6,[]
2032,6,[]
2044,8,[]
2058,9,[]
2073,6,[]
2085,6,[]
2097,6,[]
2109,7,[]
2122,9,[]
2137,7,[]
2150,8,[0, 1, 2, 3, 4, 5, 6, 7]
2164,6,[]
2176,8,[]
2190,6,[]
2202,10,[]
2218,7,[]
2231,5,[]
2242,7,[]
2255,6,[]
2267,6,[]
2279,9,[]
2294,7,[]
2307,8,[]
2321,8,[]
2335,9,[]
2350,9,[]
2365,60,[]
2471,1,[]
2478,3,[]
2487,4,[]
2497,4,[]
2507,5,[]
2518,6,[]
2530,7,[]
2543,5,[]
2554,5,[]
2565,8,[]
2579,6,[]
2591,6,[]
2603,7,[]
2616,6,[]
2628,8,[]
2642,7,[]
2655,7,[0, 1, 2, 3, 4, 5, 6]
2668,6,[]
2680,7,[]
2693,6,[]
2705,6,[]
2717,6,[]
2729,6,[]
2741,6,[]
2753,7,[]
2766,8,[]
2780,7,[]
2793,7,[]
2806,8,[]
2820,55,[]
2921,2,[]
2929,3,[]
2938,3,[]
2947,4,[]
2957,5,[]
2968,7,[]
2981,5,[]
2992,6,[]
3004,6,[]
3016,6,[]
3028,6,[]
3040,6,[]
3052,8,[]
3066,6,[]
3078,7,[]
3091,5,[]
3102,8,[]
3116,7,[]
3129,5,[]
3140,6,[]
3152,8,[]
3166,7,[]
3179,6,[]
3191,7,[]
3204,6,[]
3216,7,[]
3229,7,[]
3242,10,[]
3258,8,[]
3272,57,[]
3375,1,[]
3382,2,[]
3390,4,[]
3400,4,[]
3410,6,[]
3422,5,[]
3433,5,[]
3444,8,[]
3458,5,[]
3469,7,[]
3482,6,[]
3494,7,[]
3507,7,[]
3520,7,[]
3533,8,[]
3547,8,[]
3561,7,[]
3574,8,[]
3588,6,[]
3600,7,[]
3613,7,[0, 1, 2, 3, 4, 5, 6]
3626,9,[]
3641,7,[]
3654,7,[]
3667,7,[]
3680,7,[]
3693,7,[]
3706,8,[]
3720,8,[]
3734,58,[]
3838,2,[]
3846,3,[]
3855,5,[]
3866,5,[]
3877,6,[]
3889,5,[]
3900,5,[]
3911,6,[]
3923,5,[]
3934,5,[]
3945,5,[]
3956,5,[]
3967,5,[]
3978,5,[]
3989,8,[]
4003,5,[]
4014,6,[]
4026,6,[]
4038,5,[]
4049,6,[]
4061,8,[]
4075,5,[]
4086,6,[]
4098,6,[]
4110,8,[]
4124,7,[]
4137,6,[]
4149,7,[]
4162,7,[]
4175,58,[]
4279,2,[]
4287,3,[]
4296,6,[]
4308,5,[]
4319,4,[]
4329,6,[]
4341,6,[]
4353,6,[]
4365,5,[]
4376,7,[]
4389,6,[]
4401,7,[]
4414,7,[]
4427,4,[]
4437,7,[]
4450,7,[]
4463,7,[]
4476,6,[]
4488,6,[]
4500,6,[]
4512,6,[]
4524,6,[]
4536,7,[]
4549,6,[]
4561,8,[]
4575,9,[]
4590,8,[]
4604,7,[]
4617,8,[]
0,32,[]
39,8,[]
54,10,[]
71,4,[]
82,11,[0, 1, 2, 3, 4, 5, 6, 7, 8]
100,10,[]
117,10,[]
134,11,[]
152,11,[]
170,10,[]
187,10,[]
204,10,[]
221,10,[0, 1, 2, 3, 4, 5, 6, 7, 8, 9]
238,11,[]
256,12,[]
275,15,[]
297,9,[]
313,11,[]
331,9,[]
347,10,[]
364,11,[]
382,10,[]
399,8,[]
414,5,[]
426,5,[]
438,8,[]
453,7,[]
467,6,[]
480,7,[]
494,9,[]
510,48,[]
582,5,[]
594,8,[]
609,8,[]
624,8,[]
639,8,[]
654,8,[]
669,7,[]
683,6,[]
696,7,[]
710,6,[]
723,8,[]
738,6,[]
751,6,[]
764,7,[]
778,7,[]
792,8,[]
807,9,[]
823,10,[]
840,9,[]
856,8,[]
871,8,[]
886,8,[]
901,9,[]
917,8,[]
932,9,[]
948,8,[]
963,8,[]
978,8,[]
993,8,[]
1008,33,[3, 4, 5, 6, 7, 8, 9, 10, 11, 12, 13, 14, 15, 16, 17, 18, 19, 20, 21, 22, 23, 24]
1048,5,[]
1060,6,[]
1073,8,[]
1088,8,[]
1103,7,[]
1117,8,[]
1132,10,[]
1149,8,[]
1164,6,[]
1177,7,[]
1191,7,[]
1205,9,[]
1221,9,[]
1237,7,[]
1251,7,[]
1265,7,[]
1279,7,[]
1293,9,[]
1309,7,[]
1323,7,[]
1337,8,[]
1352,9,[]
1368,10,[]
1385,10,[]
1402,8,[]
1417,7,[]
1431,8,[]
1446,8,[]
1461,7,[]
1475,22,[6, 7, 8, 9, 10, 11, 12, 13, 14, 15, 16, 17, 18, 19, 20, 21]
1504,5,[]
1516,6,[]
1529,6,[]
1542,8,[]
1557,8,[]
1572,8,[]
1587,7,[]
1601,8,[]
1616,6,[]
1629,7,[]
1643,7,[]
1657,5,[]
1669,6,[]
1682,7,[]
1696,8,[]
1711,7,[]
1725,7,[]
1739,8,[]
1754,6,[]
1767,6,[]
1780,6,[]
1793,7,[]
1807,9,[]
1823,6,[]
1836,7,[]
1850,7,[]
1864,7,[]
1878,8,[]
1893,8,[]
1908,24,[]
1939,7,[]
1953,9,[]
1969,9,[]
1985,8,[]
2000,9,[]
2016,8,[]
2031,8,[]
2046,8,[]
2061,8,[]
2076,9,[]
2092,7,[]
2106,10,[]
2123,7,[]
2137,8,[]
2152,7,[]
2166,7,[]
2180,7,[]
2194,8,[]
2209,9,[]
2225,9,[]
2241,7,[]
2255,10,[]
2272,7,[]
2286,8,[]
2301,7,[]
2315,7,[]
2329,6,[]
2342,6,[]
2355,8,[]
2370,30,[]
2407,3,[]
2417,5,[]
2429,6,[]
2442,6,[]
2455,7,[]
2469,8,[]
2484,9,[]
2500,8,[]
2515,8,[]
2530,7,[]
2544,6,[]
2557,9,[]
2573,6,[]
2586,6,[]
2599,6,[]
2612,7,[]
2626,6,[]
2639,7,[]
2653,7,[]
2667,8,[]
2682,8,[]
2697,7,[]
2711,7,[]
2725,7,[]
2739,7,[]
2753,8,[]
2768,9,[]
2784,10,[]
2801,9,[]
2817,31,[]
2855,4,[]
2866,5,[]
2878,6,[]
2891,5,[]
2903,5,[]
2915,6,[]
2928,5,[]
2940,6,[]
2953,5,[]
2965,6,[]
2978,7,[]
2992,6,[]
3005,6,[]
3018,6,[]
3031,7,[]
3045,6,[]
3058,8,[]
3073,8,[]
3088,6,[]
3101,6,[]
3114,7,[]
3128,8,[]
3143,8,[]
3158,7,[]
3172,7,[]
3186,7,[]
3200,7,[]
3214,7,[]
3228,8,[]
3243,30,[]
3280,3,[]
3290,4,[]
3301,6,[]
3314,7,[]
3328,7,[]
3342,8,[]
3357,8,[]
3372,6,[]
3385,7,[]
3399,11,[]
3417,7,[]
3431,8,[]
3446,8,[]
3461,9,[]
3477,6,[]
3490,9,[]
3506,10,[]
3523,8,[]
3538,7,[]
3552,7,[]
3566,7,[]
3580,8,[]
3595,9,[]
3611,8,[]
3626,8,[]
3641,8,[]
3656,9,[]
3672,9,[]
3688,9,[]
3704,23,[]
3734,7,[]
3748,3,[]
3758,7,[]
3772,7,[]
3786,6,[]
3799,6,[]
3812,7,[]
3826,6,[]
3839,6,[]
3852,6,[]
3865,5,[]
3877,6,[]
3890,5,[]
3902,5,[]
3914,8,[]
3929,6,[]
3942,7,[]
3956,6,[]
3969,7,[]
3983,7,[]
3997,8,[]
4012,7,[]
4026,8,[]
4041,8,[]
4056,8,[]
4071,8,[]
4086,8,[]
4101,7,[]
4115,10,[]
4132,23,[]
4162,4,[]
4173,5,[]
4185,5,[]
4197,5,[]
4209,6,[]
4222,5,[]
4234,6,[]
4247,6,[]
4260,6,[]
4273,5,[]
4285,5,[]
4297,6,[]
4310,6,[]
4323,6,[]
4336,7,[]
4350,6,[]
4363,6,[]
4376,6,[]
4389,7,[]
4403,7,[]
4417,7,[]
4431,8,[]
4446,8,[]
4461,9,[]
4477,7,[]
4491,7,[]
4505,6,[]
4518,7,[]
4532,7,[]
0,17,[]
24,7,[]
38,6,[]
51,2,[]
60,6,[]
73,8,[]
88,8,[]
103,7,[]
117,9,[]
133,2,[]
142,9,[]
158,8,[]
173,10,[]
190,9,[]
206,9,[]
222,5,[]
234,10,[]
251,9,[]
267,10,[]
284,8,[]
299,3,[]
309,9,[]
325,3,[]
335,12,[]
354,7,[]
368,3,[]
378,10,[]
395,11,[]
413,8,[]
428,9,[]
444,35,[]
503,6,[]
516,4,[]
527,9,[]
543,8,[]
558,9,[]
574,8,[]
589,9,[]
605,3,[]
615,10,[]
632,7,[]
646,8,[]
661,3,[]
671,10,[]
688,9,[]
704,9,[]
720,9,[]
736,9,[]
752,11,[]
770,3,[]
780,11,[]
798,11,[3, 4, 5, 6, 7, 8, 9, 10]
816,10,[]
833,10,[]
850,13,[]
870,6,[]
883,11,[]
901,9,[]
917,9,[]
933,9,[]
949,26,[]
982,8,[]
997,8,[]
1012,4,[]
1023,10,[]
1040,11,[]
1058,5,[]
1070,11,[]
1088,11,[]
1106,10,[]
1123,5,[]
1135,11,[]
1153,11,[]
1171,11,[]
1189,9,[]
1205,4,[]
1216,12,[]
1235,13,[]
1255,9,[]
1271,10,[]
1288,10,[]
1305,4,[]
1316,11,[]
1334,13,[]
1354,11,[]
1372,12,[]
1391,3,[]
1401,11,[]
1419,12,[]
1438,9,[]
1454,38,[]
1516,8,[]
1531,4,[]
1542,10,[]
1559,10,[]
1576,11,[2, 3, 4, 5, 6, 7, 8, 9]
1594,10,[]
1611,12,[]
1630,3,[]
1640,9,[]
1656,9,[]
1672,8,[]
1687,8,[]
1702,4,[]
1713,10,[0, 1, 2, 3, 4, 5, 6, 7]
1730,10,[]
1747,9,[]
1763,9,[]
1779,8,[]
1794,4,[]
1805,12,[]
1824,11,[]
1842,10,[]
1859,9,[]
1875,7,[]
1889,7,[]
1903,4,[]
1914,8,[0, 1, 2, 3, 4, 5, 6, 7]
1929,9,[]
1945,9,[]
1961,30,[]
1998,1,[]
2006,4,[]
2017,5,[]
2029,7,[]
2043,6,[]
2056,3,[]
2066,7,[]
2080,6,[]
2093,4,[]
2104,7,[]
2118,8,[]
2133,5,[]
2145,7,[]
2159,6,[]
2172,3,[]
2182,7,[]
2196,7,[]
2210,4,[]
2221,7,[]
2235,7,[]
2249,4,[]
2260,8,[]
2275,8,[]
2290,5,[]
2302,9,[0, 1, 2, 3, 4, 5, 6, 7, 8]
2318,8,[]
2333,5,[]
2345,8,[]
2360,7,[]
2374,26,[]
2407,6,[]
2420,4,[]
2431,4,[]
2442,7,[]
2456,7,[]
2470,4,[]
2481,7,[]
2495,7,[]
2509,4,[]
2520,7,[]
2534,5,[]
2546,2,[]
2555,5,[]
2567,6,[]
2580,4,[]
2591,9,[]
2607,8,[]
2622,4,[]
2633,10,[]
2650,9,[]
2666,5,[]
2678,11,[]
2696,5,[]
2708,9,[]
2724,8,[]
2739,8,[]
2754,4,[]
2765,8,[]
2780,8,[]
2795,24,[]
2826,7,[]
2840,3,[]
2850,10,[]
2867,8,[]
2882,3,[]
2892,10,[]
2909,9,[]
2925,4,[]
2936,9,[]
2952,8,[]
2967,9,[]
2983,4,[]
2994,9,[]
3010,4,[]
3021,9,[]
3037,8,[]
3052,4,[]
3063,10,[]
3080,10,[]
3097,3,[]
3107,10,[]
3124,8,[]
3139,3,[]
3149,9,[]
3165,8,[]
3180,5,[]
3192,11,[]
3210,10,[]
3227,3,[]
3237,36,[]
3297,8,[]
3312,4,[]
3323,10,[]
3340,9,[]
3356,4,[]
3367,9,[]
3383,12,[]
3402,4,[]
3413,10,[]
3430,10,[]
3447,4,[]
3458,8,[]
3473,4,[]
3484,9,[]
3500,9,[]
3516,9,[]
3532,3,[]
3542,11,[]
3560,4,[]
3571,11,[]
3589,11,[]
3607,11,[]
3625,4,[]
3636,11,[]
3654,3,[]
3664,11,[]
3682,11,[]
3700,10,[]
3717,4,[]
3728,33,[]
3768,4,[]
3779,5,[]
3791,6,[]
3804,5,[]
3816,8,[]
3831,7,[]
3845,7,[]
3859,7,[]
3873,7,[]
3887,7,[]
3901,4,[]
3912,8,[]
3927,8,[]
3942,8,[]
3957,3,[]
3967,9,[]
3983,4,[]
3994,8,[]
4009,7,[]
4023,8,[]
4038,10,[]
4055,4,[]
4066,10,[]
4083,10,[]
4100,8,[]
4115,9,[]
4131,3,[]
4141,4,[]
4152,5,[]
4164,33,[]
4204,7,[]
4218,6,[]
4231,5,[]
4243,5,[]
4255,8,[]
4270,4,[]
4281,7,[]
4295,7,[]
4309,4,[]
4320,8,[]
4335,8,[]
4350,8,[]
4365,2,[]
4374,11,[]
4392,4,[]
4403,8,[]
4418,5,[]
4430,9,[]
4446,8,[]
4461,6,[]
4474,5,[]
4486,9,[]
4502,8,[]
4517,7,[]
4531,7,[]
4545,8,[]
4560,5,[]
4572,9,[]
4588,5,[]
0,39,[]
112,1,[]
118,2,[]
125,4,[]
134,6,[]
145,9,[]
159,2,[]
166,2,[]
173,2,[]
180,2,[]
187,1,[]
193,7,[]
205,8,[]
218,3,[]
226,7,[]
238,6,[]
249,3,[]
257,8,[]
270,9,[]
284,3,[]
292,3,[]
300,3,[]
308,8,[]
321,2,[]
328,3,[]
336,11,[]
352,12,[]
369,7,[]
381,7,[]
393,14,[]
412,125,[]
610,1,[]
616,5,[]
626,3,[]
634,9,[]
648,6,[]
659,6,[]
670,7,[]
682,11,[]
698,8,[0, 1, 2, 5, 6, 7]
711,6,[]
722,12,[]
739,5,[]
749,10,[]
764,5,[]
774,12,[]
791,4,[]
800,7,[]
812,11,[0, 1, 2, 3, 4, 5, 6, 7, 8, 9, 10]
828,16,[]
849,4,[]
858,13,[]
876,2,[]
883,6,[]
894,5,[]
904,6,[]
915,9,[]
929,9,[]
943,17,[]
965,10,[]
980,97,[]
1150,1,[]
1156,1,[]
1162,1,[]
1168,1,[]
1174,7,[]
1186,3,[]
1194,5,[]
1204,9,[]
1218,1,[]
1224,9,[]
1238,1,[]
1244,12,[]
1261,2,[]
1268,9,[]
1282,4,[]
1291,4,[]
1300,9,[]
1314,5,[]
1324,7,[]
1336,6,[]
1347,6,[]
1358,6,[]
1369,10,[]
1384,2,[]
1391,3,[]
1399,6,[]
1410,4,[]
1419,7,[]
1431,4,[]
1440,93,[]
1606,1,[]
1612,3,[]
1620,3,[]
1628,4,[]
1637,6,[]
1648,4,[]
1657,6,[]
1668,5,[]
1678,9,[]
1692,5,[]
1702,6,[]
1713,8,[]
1726,11,[]
1742,13,[]
1760,2,[]
1767,5,[]
1777,6,[]
1788,9,[]
1802,4,[]
1811,9,[]
1825,5,[]
1835,6,[]
1846,7,[]
1858,3,[]
1866,5,[]
1876,5,[]
1886,6,[]
1897,6,[]
1908,13,[]
1926,102,[]
2101,1,[]
2107,1,[]
2113,2,[]
2120,4,[]
2129,1,[]
2135,5,[]
2145,4,[]
2154,4,[]
2163,5,[]
2173,4,[]
2182,10,[]
2197,2,[]
2204,6,[]
2215,2,[]
2222,4,[]
2231,4,[]
2240,7,[0, 1, 2, 3, 4, 5, 6]
2252,5,[]
2262,6,[]
2273,7,[]
2285,3,[]
2293,3,[]
2301,3,[]
2309,2,[]
2316,4,[]
2325,9,[]
2339,4,[]
2348,3,[]
2356,10,[]
2371,97,[]
2541,1,[]
2547,2,[]
2554,4,[]
2563,5,[]
2573,3,[]
2581,5,[]
2591,6,[]
2602,4,[]
2611,3,[]
2619,4,[]
2628,5,[]
2638,5,[]
2648,5,[]
2658,11,[]
2674,5,[]
2684,9,[]
2698,7,[]
2710,4,[]
2719,9,[]
2733,5,[]
2743,3,[]
2751,5,[]
2761,3,[]
2769,4,[]
2778,13,[]
2796,14,[]
2815,4,[]
2824,11,[]
2840,4,[]
2849,91,[]
3013,1,[]
3019,2,[]
3026,3,[]
3034,4,[]
3043,4,[]
3052,4,[]
3061,4,[]
3070,4,[]
3079,6,[]
3090,3,[]
3098,3,[]
3106,4,[]
3115,7,[]
3127,6,[]
3138,4,[]
3147,4,[]
3156,5,[]
3166,4,[]
3175,6,[]
3186,8,[]
3199,5,[]
3209,4,[]
3218,10,[]
3233,4,[]
3242,9,[]
3256,5,[]
3266,4,[]
3275,6,[]
3286,9,[]
3300,97,[]
3470,3,[]
3478,2,[]
3485,3,[]
3493,5,[]
3503,4,[]
3512,4,[]
3521,4,[]
3530,5,[]
3540,5,[]
3550,5,[]
3560,6,[]
3571,5,[]
3581,6,[0, 1, 2, 3, 4, 5]
3592,3,[]
3600,4,[]
3609,6,[]
3620,6,[]
3631,4,[]
3640,5,[]
3650,8,[]
3663,2,[]
3670,5,[]
3680,4,[]
3689,6,[]
3700,4,[]
3709,5,[]
3719,5,[]
3729,5,[]
3739,10,[]
3754,90,[]
3917,1,[]
3923,1,[]
3929,2,[]
3936,3,[]
3944,4,[]
3953,4,[]
3962,4,[]
3971,4,[]
3980,4,[]
3989,3,[]
3997,3,[]
4005,6,[]
4016,3,[]
4024,4,[]
4033,4,[]
4042,5,[]
4052,8,[]
4065,3,[]
4073,5,[]
4083,7,[]
4095,6,[]
4106,7,[]
4118,8,[]
4131,3,[]
4139,6,[]
4150,5,[]
4160,5,[]
4170,6,[]
4181,7,[]
4193,92,[]
4358,1,[]
4364,2,[]
4371,3,[]
4379,4,[]
4388,3,[]
4396,3,[]
4404,4,[]
4413,4,[]
4422,3,[]
4430,4,[]
4439,5,[]
4449,6,[]
4460,22,[]
4487,3,[]
4495,3,[]
4503,5,[]
4513,2,[]
4520,4,[]
4529,4,[]
4538,7,[]
4550,2,[]
4557,7,[]
4569,3,[]
4577,2,[]
4584,5,[]
4594,3,[]
4602,4,[]
4611,5,[]
4621,8,[]
0,22,[]
28,6,[]
40,8,[]
54,6,[]
66,10,[0, 1, 2, 3, 4, 5, 6, 7]
82,8,[]
96,2,[]
104,8,[]
118,10,[]
134,8,[]
148,8,[]
162,8,[]
176,2,[]
184,9,[]
199,9,[]
214,8,[]
228,8,[]
242,8,[]
256,1,[]
263,8,[]
277,7,[]
290,7,[]
303,1,[]
310,8,[]
324,8,[]
338,7,[]
351,6,[]
363,7,[]
376,1,[]
383,7,[]
396,38,[]
454,9,[]
469,8,[]
483,7,[]
496,7,[]
509,2,[]
517,8,[]
531,8,[]
545,8,[]
559,7,[]
572,5,[]
583,1,[]
590,5,[]
601,6,[]
613,5,[]
624,1,[]
631,8,[]
645,7,[]
658,8,[]
672,6,[]
684,1,[]
691,6,[]
703,7,[]
716,7,[]
729,2,[]
737,10,[]
753,8,[]
767,8,[]
781,2,[]
789,9,[]
804,24,[]
834,7,[]
847,8,[]
861,2,[]
869,8,[]
883,8,[]
897,7,[]
910,8,[]
924,2,[]
932,9,[]
947,8,[]
961,9,[]
976,7,[]
989,7,[]
1002,2,[]
1010,9,[]
1025,9,[]
1040,8,[]
1054,7,[]
1067,7,[]
1080,2,[]
1088,7,[]
1101,7,[]
1114,6,[]
1126,7,[]
1139,2,[]
1147,9,[]
1162,9,[]
1177,8,[]
1191,7,[]
1204,24,[]
1234,7,[]
1247,7,[]
1260,7,[]
1273,8,[]
1287,9,[]
1302,2,[]
1310,8,[]
1324,10,[]
1340,9,[]
1355,7,[]
1368,7,[]
1381,2,[]
1389,10,[]
1405,10,[]
1421,10,[]
1437,7,[]
1450,3,[]
1459,9,[0, 1, 2, 3, 4, 5, 6, 7, 8]
1474,9,[]
1489,7,[]
1502,7,[]
1515,8,[]
1529,4,[]
1539,7,[]
1552,7,[]
1565,8,[]
1579,7,[]
1592,3,[]
1601,9,[]
1616,24,[]
1646,6,[]
1658,8,[0, 1, 2, 3, 4, 5, 6, 7]
1672,7,[]
1685,3,[]
1694,8,[]
1708,7,[]
1721,8,[]
1735,6,[]
1747,4,[]
1757,7,[]
1770,6,[]
1782,6,[]
1794,5,[]
1805,7,[]
1818,3,[]
1827,7,[]
1840,7,[]
1853,7,[]
1866,7,[]
1879,2,[]
1887,7,[]
1900,7,[]
1913,8,[]
1927,8,[]
1941,7,[]
1954,4,[]
1964,10,[0, 1, 2, 3, 4, 5, 6, 7]
1980,8,[]
1994,7,[]
2007,21,[]
2034,1,[]
2041,7,[]
2054,8,[]
2068,7,[]
2081,6,[]
2093,6,[]
2105,6,[]
2117,3,[]
2126,8,[]
2140,9,[]
2155,8,[0, 1, 2, 3, 4, 5, 6, 7]
2169,8,[]
2183,3,[]
2192,8,[]
2206,9,[]
2221,6,[]
2233,6,[]
2245,7,[]
2258,4,[]
2268,10,[]
2284,7,[]
2297,6,[]
2309,6,[]
2321,4,[]
2331,7,[]
2344,8,[]
2358,8,[]
2372,7,[]
2385,7,[]
2398,20,[]
2424,6,[]
2436,6,[]
2448,6,[]
2460,6,[]
2472,5,[]
2483,9,[]
2498,8,[]
2512,10,[]
2528,3,[]
2537,8,[]
2551,3,[]
2560,7,[]
2573,6,[]
2585,6,[]
2597,6,[]
2609,6,[]
2621,3,[]
2630,8,[]
2644,8,[]
2658,7,[]
2671,7,[]
2684,4,[]
2694,8,[]
2708,8,[]
2722,8,[]
2736,7,[]
2749,4,[]
2759,6,[]
2771,8,[]
2785,21,[]
2812,7,[]
2825,7,[]
2838,3,[]
2847,8,[]
2861,7,[]
2874,6,[]
2886,7,[]
2899,7,[]
2912,5,[]
2923,8,[]
2937,6,[]
2949,7,[]
2962,7,[]
2975,7,[]
2988,5,[]
2999,8,[]
3013,8,[0, 1, 2, 3, 4, 5, 6, 7]
3027,7,[]
3040,6,[]
3052,4,[]
3062,6,[]
3074,6,[]
3086,6,[]
3098,6,[]
3110,6,[]
3122,3,[]
3131,7,[]
3144,6,[]
3156,7,[]
3169,22,[]
3197,1,[]
3204,6,[]
3216,6,[]
3228,6,[]
3240,6,[]
3252,7,[]
3265,6,[]
3277,4,[]
3287,7,[]
3300,6,[]
3312,6,[]
3324,7,[0, 1, 2, 3, 4, 5, 6]
3337,5,[]
3348,7,[]
3361,6,[]
3373,6,[]
3385,5,[]
3396,5,[]
3407,9,[]
3422,7,[]
3435,7,[]
3448,7,[]
3461,7,[]
3474,4,[]
3484,8,[]
3498,8,[]
3512,7,[]
3525,7,[]
3538,4,[]
3548,25,[6, 7, 8, 9, 10, 11, 12, 13]
3579,5,[]
3590,5,[]
3601,6,[]
3613,6,[]
3625,5,[]
3636,7,[]
3649,5,[]
3660,7,[]
3673,6,[]
3685,4,[]
3695,6,[]
3707,6,[]
3719,6,[]
3731,6,[]
3743,6,[]
3755,2,[]
3763,7,[]
3776,8,[]
3790,8,[]
3804,6,[]
3816,4,[]
3826,7,[]
3839,8,[]
3853,8,[]
3867,8,[]
3881,7,[]
3894,3,[]
3903,7,[0, 1, 2, 3, 4, 5, 6]
3916,5,[]
0,22,[]
28,3,[]
37,4,[]
47,7,[]
60,2,[]
68,8,[]
82,5,[]
93,7,[0, 1, 2, 3, 4, 5, 6]
106,2,[]
114,7,[]
127,2,[]
135,6,[]
147,3,[]
156,6,[]
168,8,[]
182,6,[]
194,7,[]
207,5,[]
218,6,[]
230,8,[]
244,9,[]
259,8,[]
273,3,[]
282,4,[]
292,6,[]
304,5,[]
315,8,[]
329,4,[]
339,6,[]
351,7,[]
364,57,[]
465,2,[]
473,3,[]
482,4,[]
492,7,[]
505,6,[]
517,6,[]
529,8,[]
543,8,[]
557,4,[]
567,8,[]
581,4,[]
591,6,[]
603,4,[]
613,8,[]
627,7,[]
640,6,[]
652,5,[]
663,8,[]
677,6,[]
689,7,[]
702,7,[]
715,7,[]
728,6,[]
740,7,[]
753,6,[]
765,7,[]
778,6,[]
790,8,[]
804,6,[]
816,66,[]
926,2,[]
934,5,[]
945,6,[]
957,8,[]
971,8,[]
985,9,[1, 2, 3, 4, 5, 6, 7]
1000,7,[]
1013,10,[]
1029,7,[]
1042,8,[]
1056,7,[]
1069,9,[]
1084,8,[]
1098,9,[]
1113,8,[]
1127,10,[]
1143,8,[]
1157,9,[0, 1, 4, 5, 6, 7, 8]
1172,9,[]
1187,8,[]
1201,6,[]
1213,8,[]
1227,8,[]
1241,9,[]
1256,8,[]
1270,8,[]
1284,8,[]
1298,7,[]
1311,8,[]
1325,60,[]
1429,2,[]
1437,4,[]
1447,6,[]
1459,7,[]
1472,7,[]
1485,8,[]
1499,7,[]
1512,8,[]
1526,9,[]
1541,8,[]
1555,7,[]
1568,7,[]
1581,5,[]
1592,7,[]
1605,7,[]
1618,8,[]
1632,7,[]
1645,7,[]
1658,6,[]
1670,7,[]
1683,6,[]
1695,7,[]
1708,6,[]
1720,8,[]
1734,4,[]
1744,8,[]
1758,5,[]
1769,7,[]
1782,6,[]
1794,64,[]
1902,1,[]
1909,1,[]
1916,4,[]
1926,5,[]
1937,3,[]
1946,7,[]
1959,4,[]
1969,6,[]
1981,8,[]
1995,6,[]
2007,7,[]
2020,6,[]
2032,5,[]
2043,7,[]
2056,6,[]
2068,7,[]
2081,7,[]
2094,8,[]
2108,6,[]
2120,6,[]
2132,5,[]
2143,8,[]
2157,5,[]
2168,7,[]
2181,5,[]
2192,6,[]
2204,5,[]
2215,6,[]
2227,5,[]
2238,66,[]
2348,2,[]
2356,3,[]
2365,5,[]
2376,7,[]
2389,6,[]
2401,6,[]
2413,6,[]
2425,7,[]
2438,7,[]
2451,11,[]
2468,8,[]
2482,8,[]
2496,8,[]
2510,9,[]
2525,8,[]
2539,10,[2, 3, 4, 5, 6, 7, 8, 9]
2555,9,[]
2570,10,[]
2586,9,[]
2601,10,[]
2617,10,[]
2633,9,[]
2648,9,[]
2663,10,[]
2679,8,[]
2693,10,[]
2709,10,[]
2725,9,[]
2740,9,[]
2755,57,[]
2856,4,[]
2866,6,[]
2878,6,[]
2890,7,[]
2903,7,[]
2916,8,[]
2930,8,[]
2944,9,[]
2959,8,[]
2973,10,[]
2989,7,[]
3002,8,[]
3016,8,[]
3030,8,[]
3044,9,[]
3059,7,[]
3072,7,[]
3085,9,[]
3100,6,[]
3112,7,[]
3125,6,[]
3137,7,[]
3150,7,[]
3163,7,[]
3176,6,[]
3188,6,[]
3200,7,[]
3213,8,[]
3227,9,[]
3242,57,[]
3343,4,[]
3353,5,[]
3364,5,[]
3375,6,[]
3387,6,[]
3399,7,[]
3412,5,[]
3423,6,[]
3435,5,[]
3446,7,[]
3459,8,[]
3473,6,[]
3485,6,[]
3497,7,[]
3510,6,[]
3522,8,[]
3536,7,[]
3549,7,[]
3562,6,[]
3574,7,[]
3587,6,[]
3599,7,[]
3612,7,[]
3625,7,[]
3638,7,[]
3651,9,[]
3666,7,[]
3679,8,[]
3693,7,[]
3706,51,[]
3801,3,[]
3810,4,[]
3820,5,[]
3831,5,[]
3842,6,[]
3854,6,[]
3866,6,[]
3878,6,[]
3890,6,[]
3902,6,[]
3914,8,[]
3928,7,[]
3941,6,[]
3953,8,[]
3967,6,[]
3979,6,[]
3991,4,[]
4001,7,[]
4014,5,[]
4025,7,[]
4038,7,[]
4051,8,[0, 1, 2, 3, 4, 5, 6, 7]
4065,6,[]
4077,6,[]
4089,6,[]
4101,6,[]
4113,8,[]
4127,8,[]
4141,8,[]
4155,55,[]
4254,3,[]
4263,4,[]
4273,5,[]
4284,7,[]
4297,5,[]
4308,6,[]
4320,6,[]
4332,7,[]
4345,6,[]
4357,7,[]
4370,6,[]
4382,7,[]
4395,7,[]
4408,7,[]
4421,6,[]
4433,6,[]
4445,6,[]
4457,6,[]
4469,6,[]
4481,7,[]
4494,7,[]
4507,7,[]
4520,7,[]
4533,8,[]
4547,7,[]
4560,8,[]
4574,8,[]
4588,9,[]
4603,7,[]
0,13,[]
20,4,[]
31,6,[]
44,10,[]
61,6,[]
74,7,[]
88,8,[]
103,10,[0, 1, 2, 3, 4, 5, 6, 7, 8, 9]
120,8,[]
135,10,[]
152,8,[]
167,8,[]
182,8,[]
197,9,[]
213,8,[]
228,8,[]
243,8,[]
258,9,[]
274,9,[]
290,9,[]
306,8,[]
321,8,[]
336,4,[]
347,7,[]
361,8,[]
376,5,[]
388,8,[]
403,8,[]
418,5,[]
430,6,[]
443,32,[]
482,2,[]
491,4,[]
502,7,[]
516,6,[]
529,8,[]
544,6,[]
557,7,[]
571,7,[]
585,7,[]
599,7,[]
613,6,[]
626,8,[]
641,5,[]
653,7,[]
667,6,[]
680,7,[]
694,6,[]
707,6,[]
720,7,[]
734,7,[]
748,7,[]
762,7,[]
776,8,[]
791,9,[]
807,7,[]
821,7,[]
835,8,[]
850,9,[]
866,8,[]
881,33,[]
921,4,[]
932,6,[]
945,9,[]
961,6,[]
974,8,[]
989,7,[]
1003,7,[]
1017,7,[]
1031,8,[]
1046,7,[]
1060,7,[]
1074,6,[]
1087,7,[]
1101,6,[]
1114,7,[]
1128,7,[]
1142,9,[]
1158,6,[]
1171,8,[]
1186,8,[]
1201,8,[]
1216,7,[]
1230,7,[]
1244,8,[]
1259,8,[]
1274,8,[]
1289,7,[]
1303,6,[]
1316,8,[]
1331,26,[]
1364,4,[]
1375,6,[]
1388,8,[]
1403,7,[]
1417,8,[]
1432,7,[]
1446,7,[]
1460,7,[]
1474,8,[]
1489,8,[]
1504,8,[0, 1, 2, 3, 4, 5, 6, 7]
1519,7,[]
1533,8,[]
1548,7,[]
1562,8,[]
1577,7,[]
1591,7,[]
1605,7,[]
1619,7,[]
1633,7,[]
1647,7,[]
1661,8,[]
1676,9,[]
1692,10,[]
1709,9,[]
1725,10,[]
1742,8,[0, 1, 2, 3, 4, 5, 6, 7]
1757,8,[]
1772,7,[]
1786,20,[]
1813,5,[]
1825,8,[]
1840,8,[]
1855,8,[]
1870,6,[]
1883,7,[]
1897,8,[]
1912,8,[]
1927,8,[]
1942,8,[]
1957,8,[]
1972,7,[]
1986,7,[]
2000,8,[]
2015,7,[]
2029,8,[]
2044,8,[]
2059,7,[]
2073,9,[]
2089,9,[]
2105,9,[]
2121,9,[]
2137,10,[]
2154,9,[]
2170,9,[]
2186,8,[]
2201,9,[]
2217,8,[]
2232,8,[]
2247,27,[]
2281,4,[]
2292,6,[]
2305,8,[]
2320,7,[]
2334,6,[]
2347,8,[]
2362,7,[]
2376,7,[]
2390,7,[]
2404,7,[]
2418,7,[]
2432,7,[]
2446,7,[]
2460,7,[]
2474,8,[]
2489,7,[]
2503,9,[0, 1, 2, 3, 4, 5, 6, 7, 8]
2519,8,[]
2534,8,[]
2549,8,[]
2564,8,[]
2579,8,[]
2594,9,[]
2610,7,[]
2624,7,[]
2638,7,[]
2652,8,[0, 1, 2, 3, 4, 5, 6, 7]
2667,9,[]
2683,9,[]
2699,27,[]
2733,5,[]
2745,7,[]
2759,9,[]
2775,8,[]
2790,8,[]
2805,8,[]
2820,9,[]
2836,8,[]
2851,8,[]
2866,8,[]
2881,8,[]
2896,8,[]
2911,8,[]
2926,8,[]
2941,8,[]
2956,10,[]
2973,9,[]
2989,8,[]
3004,8,[]
3019,9,[]
3035,9,[]
3051,8,[]
3066,8,[]
3081,8,[]
3096,8,[]
3111,8,[]
3126,9,[]
3142,8,[]
3157,8,[]
3172,26,[]
3205,4,[]
3216,6,[]
3229,9,[]
3245,7,[]
3259,9,[]
3275,8,[]
3290,8,[]
3305,8,[]
3320,8,[]
3335,7,[]
3349,6,[]
3362,9,[]
3378,7,[]
3392,7,[]
3406,7,[]
3420,7,[]
3434,7,[]
3448,7,[]
3462,7,[]
3476,8,[]
3491,7,[]
3505,8,[]
3520,8,[]
3535,9,[]
3551,8,[]
3566,8,[]
3581,7,[]
3595,8,[]
3610,8,[]
3625,28,[0, 1, 2, 3, 4, 5, 6, 7, 8, 9, 10]
3660,4,[]
3671,6,[]
3684,8,[]
3699,8,[]
3714,7,[]
3728,7,[]
3742,9,[]
3758,8,[]
3773,8,[]
3788,8,[]
3803,7,[]
3817,8,[]
3832,7,[]
3846,8,[]
3861,7,[]
3875,7,[]
3889,7,[]
3903,8,[]
3918,8,[]
3933,9,[]
3949,8,[]
3964,9,[]
3980,9,[]
3996,8,[]
4011,9,[]
4027,9,[]
4043,8,[]
4058,9,[]
4074,8,[]
4089,38,[]
4148,6,[]
4161,8,[]
4176,11,[]
4194,7,[]
4208,8,[]
4223,8,[]
4238,7,[]
4252,7,[]
4266,8,[]
4281,6,[]
4294,7,[]
4308,7,[]
4322,6,[]
4335,6,[]
4348,7,[]
4362,7,[]
4376,7,[]
4390,8,[]
4405,8,[]
4420,8,[]
4435,7,[]
4449,10,[]
4466,9,[]
4482,8,[]
4497,8,[]
4512,8,[]
4527,9,[]
4543,8,[]
4558,9,[]
0,26,[]
30,2,[]
36,2,[]
42,4,[]
50,6,[0, 1, 2, 3, 4, 5]
60,6,[]
70,4,[]
78,4,[]
86,4,[]
94,5,[]
103,7,[]
114,4,[]
122,4,[]
130,5,[]
139,4,[]
147,4,[]
155,4,[]
163,5,[]
172,5,[]
181,5,[]
190,6,[]
200,4,[]
208,8,[]
220,9,[]
233,11,[]
248,11,[]
263,4,[]
271,5,[]
280,5,[]
289,4,[]
297,100,[]
477,1,[]
482,2,[]
488,3,[]
495,4,[]
503,4,[]
511,4,[]
519,3,[]
526,6,[]
536,5,[]
545,6,[]
555,3,[]
562,5,[]
571,6,[]
581,5,[]
590,5,[]
599,6,[]
609,3,[]
616,6,[]
626,6,[]
636,6,[]
646,3,[]
653,6,[]
663,5,[]
672,5,[]
681,5,[0, 1, 2, 3, 4]
690,5,[]
699,5,[]
708,6,[]
718,6,[]
728,100,[]
908,3,[]
915,1,[]
920,5,[]
929,6,[]
939,5,[]
948,5,[]
957,5,[]
966,6,[]
976,6,[]
986,6,[]
996,5,[]
1005,6,[]
1015,6,[]
1025,6,[]
1035,6,[]
1045,5,[]
1054,6,[]
1064,6,[]
1074,6,[]
1084,6,[]
1094,6,[]
1104,2,[]
1110,8,[]
1122,5,[]
1131,5,[]
1140,6,[]
1150,4,[]
1158,6,[]
1168,5,[]
1177,117,[]
1374,2,[]
1380,2,[]
1386,2,[]
1392,4,[]
1400,5,[]
1409,5,[]
1418,5,[]
1427,6,[]
1437,5,[]
1446,6,[]
1456,3,[]
1463,6,[]
1473,5,[]
1482,5,[]
1491,5,[]
1500,7,[]
1511,3,[]
1518,6,[]
1528,7,[]
1539,7,[]
1550,3,[]
1557,6,[]
1567,6,[]
1577,5,[]
1586,5,[]
1595,6,[]
1605,3,[]
1612,6,[0, 1, 2, 3, 4, 5]
1622,5,[]
1631,122,[]
1833,2,[]
1839,1,[]
1844,4,[]
1852,5,[]
1861,5,[]
1870,7,[]
1881,5,[]
1890,3,[]
1897,7,[]
1908,5,[]
1917,6,[]
1927,4,[]
1935,5,[]
1944,5,[]
1953,5,[]
1962,4,[]
1970,5,[0, 1, 2, 3, 4]
1979,6,[]
1989,6,[]
1999,6,[]
2009,6,[]
2019,4,[]
2027,5,[]
2036,6,[]
2046,6,[]
2056,6,[]
2066,5,[]
2075,6,[]
2085,6,[]
2095,131,[]
2306,1,[]
2311,2,[]
2317,4,[]
2325,5,[]
2334,6,[]
2344,6,[]
2354,5,[]
2363,6,[]
2373,6,[]
2383,6,[]
2393,5,[]
2402,7,[]
2413,4,[]
2421,6,[]
2431,7,[]
2442,8,[0, 1, 2, 3, 4, 5, 6, 7]
2454,3,[]
2461,7,[]
2472,6,[]
2482,7,[]
2493,3,[]
2500,6,[]
2510,6,[]
2520,6,[]
2530,6,[]
2540,4,[]
2548,7,[]
2559,6,[]
2569,5,[]
2578,122,[]
2780,3,[]
2787,1,[]
2792,3,[]
2799,3,[]
2806,4,[]
2814,4,[]
2822,4,[]
2830,3,[]
2837,5,[0, 1, 2, 3, 4]
2846,5,[]
2855,5,[]
2864,4,[]
2872,4,[]
2880,4,[]
2888,5,[]
2897,5,[]
2906,4,[]
2914,7,[]
2925,7,[]
2936,7,[]
2947,6,[]
2957,5,[]
2966,7,[0, 1, 2, 3, 4, 5, 6]
2977,7,[]
2988,7,[]
2999,6,[]
3009,3,[]
3016,6,[]
3026,6,[]
3036,111,[]
3227,3,[]
3234,3,[]
3241,3,[]
3248,3,[]
3255,4,[]
3263,4,[]
3271,4,[]
3279,4,[]
3287,4,[]
3295,5,[]
3304,5,[]
3313,7,[]
3324,6,[]
3334,5,[]
3343,5,[]
3352,5,[]
3361,3,[]
3368,5,[]
3377,5,[]
3386,6,[]
3396,4,[]
3404,5,[]
3413,5,[]
3422,5,[]
3431,5,[]
3440,5,[]
3449,6,[]
3459,6,[]
3469,8,[]
3481,97,[]
3658,3,[]
3665,4,[]
3673,4,[]
3681,3,[]
3688,3,[]
3695,4,[]
3703,3,[]
3710,3,[]
3717,5,[]
3726,5,[]
3735,4,[]
3743,4,[]
3751,4,[]
3759,5,[]
3768,4,[]
3776,5,[]
3785,4,[]
3793,5,[]
3802,7,[1, 2, 3, 4, 5, 6]
3813,7,[]
3824,5,[]
3833,4,[]
3841,6,[]
3851,6,[]
3861,6,[]
3871,7,[]
3882,4,[]
3890,7,[]
3901,6,[]
3911,96,[]
4087,3,[]
4094,4,[]
4102,4,[]
4110,4,[]
4118,3,[]
4125,4,[]
4133,3,[]
4140,5,[]
4149,5,[]
4158,5,[0, 1, 2, 3, 4]
4167,4,[]
4175,5,[]
4184,4,[]
4192,4,[]
4200,4,[]
4208,5,[]
4217,3,[]
4224,6,[]
4234,7,[]
4245,7,[]
4256,3,[]
4263,6,[]
4273,6,[]
4283,6,[]
4293,6,[]
4303,6,[]
4313,4,[]
4321,6,[]
4331,6,[]
0,27,[]
33,1,[]
40,1,[]
47,1,[]
54,1,[]
61,1,[]
68,14,[]
88,2,[]
96,3,[]
105,2,[]
113,15,[]
134,15,[]
155,4,[]
165,2,[]
173,3,[]
182,17,[]
205,2,[]
213,4,[]
223,16,[]
245,2,[]
253,3,[]
262,3,[]
271,16,[]
293,2,[]
301,16,[8, 9, 10, 11, 12, 13, 14, 15]
323,3,[]
332,2,[]
340,2,[]
348,18,[]
372,14,[]
392,72,[]
506,1,[]
513,1,[]
520,14,[]
540,2,[]
548,2,[]
556,12,[]
574,1,[]
581,1,[]
588,1,[]
595,13,[]
614,1,[]
621,3,[]
630,2,[]
638,20,[]
664,4,[]
674,4,[]
684,22,[]
712,4,[]
722,6,[]
734,5,[]
745,18,[]
769,5,[]
780,4,[]
790,15,[]
811,3,[]
820,5,[]
831,5,[]
842,27,[]
875,3,[]
884,76,[]
1002,1,[]
1009,10,[]
1025,3,[]
1034,4,[]
1044,16,[]
1066,4,[]
1076,5,[]
1087,6,[]
1099,20,[]
1125,3,[]
1134,4,[]
1144,8,[]
1158,4,[]
1168,4,[]
1178,4,[]
1188,15,[]
1209,3,[]
1218,4,[]
1228,4,[]
1238,17,[]
1261,4,[]
1271,4,[]
1281,9,[]
1296,8,[]
1310,7,[]
1323,7,[]
1336,16,[]
1358,6,[]
1370,7,[]
1383,73,[]
1498,1,[]
1505,1,[]
1512,1,[]
1519,9,[]
1534,4,[]
1544,5,[]
1555,5,[]
1566,15,[]
1587,5,[]
1598,8,[]
1612,8,[]
1626,5,[]
1637,5,[]
1648,6,[]
1660,14,[]
1680,5,[]
1691,5,[]
1702,8,[]
1716,8,[]
1730,7,[]
1743,6,[]
1755,11,[]
1772,6,[]
1784,9,[]
1799,4,[]
1809,8,[]
1823,8,[]
1837,10,[]
1853,5,[]
1864,69,[]
1975,1,[]
1982,6,[]
1994,3,[]
2003,2,[]
2011,9,[]
2026,8,[]
2040,4,[]
2050,4,[]
2060,5,[]
2071,8,[]
2085,3,[]
2094,2,[]
2102,2,[]
2110,11,[]
2127,4,[]
2137,6,[]
2149,11,[]
2166,4,[]
2176,6,[]
2188,8,[]
2202,19,[0, 1, 2, 3, 4, 5, 6, 7, 8]
2227,3,[]
2236,5,[]
2247,12,[]
2265,3,[]
2274,5,[]
2285,6,[]
2297,16,[]
2319,2,[]
2327,56,[]
2425,1,[]
2432,6,[]
2444,4,[]
2454,8,[]
2468,3,[]
2477,5,[]
2488,7,[]
2501,13,[]
2520,4,[]
2530,4,[]
2540,10,[]
2556,2,[]
2564,3,[]
2573,3,[]
2582,11,[]
2599,8,[]
2613,4,[]
2623,4,[]
2633,7,[]
2646,11,[]
2663,3,[]
2672,4,[]
2682,8,[]
2696,3,[]
2705,5,[]
2716,7,[0, 1, 2, 3, 4, 5, 6]
2729,10,[]
2745,5,[]
2756,7,[]
2769,50,[]
2861,1,[]
2868,1,[]
2875,1,[]
2882,11,[]
2899,3,[]
2908,4,[]
2918,5,[]
2929,10,[]
2945,3,[]
2954,4,[]
2964,7,[]
2977,3,[]
2986,4,[]
2996,4,[]
3006,12,[3, 4, 5, 6, 7, 8, 9]
3024,4,[]
3034,6,[]
3046,12,[]
3064,4,[]
3074,6,[]
3086,3,[]
3095,19,[]
3120,1,[]
3127,4,[]
3137,5,[]
3148,21,[3, 4, 5, 6, 7, 8, 9, 10, 11, 12, 13, 14, 15, 16, 17, 18, 19, 20]
3175,1,[]
3182,2,[]
3190,12,[]
3208,37,[]
3287,1,[]
3294,1,[]
3301,8,[]
3315,3,[]
3324,3,[]
3333,8,[]
3347,3,[]
3356,2,[]
3364,3,[]
3373,8,[]
3387,3,[]
3396,2,[]
3404,2,[]
3412,9,[]
3427,3,[]
3436,2,[]
3444,10,[]
3460,3,[]
3469,3,[]
3478,5,[]
3489,10,[]
3505,3,[]
3514,4,[]
3524,11,[]
3541,3,[]
3550,4,[]
3560,10,[]
3576,3,[]
3585,4,[]
3595,31,[]
3632,1,[]
3639,5,[]
3650,2,[]
3658,4,[]
3668,7,[]
3681,2,[]
3689,3,[]
3698,3,[]
3707,9,[]
3722,3,[]
3731,1,[]
3738,7,[]
3751,3,[]
3760,5,[]
3771,9,[]
3786,8,[]
3800,4,[]
3810,4,[]
3820,6,[]
3832,12,[]
3850,2,[]
3858,5,[]
3869,8,[]
3883,4,[]
3893,5,[]
3904,4,[]
3914,10,[]
3930,3,[]
3939,9,[]
3954,35,[]
4031,1,[]
4038,1,[]
4045,8,[]
4059,1,[]
4066,4,[]
4076,8,[]
4090,4,[]
4100,9,[]
4115,2,[]
4123,6,[]
4135,9,[]
4150,4,[]
4160,4,[]
4170,7,[]
4183,11,[0, 1, 2, 3, 4, 5, 6, 7, 8, 9, 10]
4200,3,[]
4209,11,[]
4226,2,[]
4234,4,[]
4244,5,[]
4255,12,[]
4273,8,[]
4287,4,[]
4297,6,[]
4309,4,[]
4319,11,[]
4336,5,[]
4347,4,[]
4357,13,[]
0,29,[]
35,6,[]
47,2,[]
55,9,[]
70,6,[]
82,4,[]
92,10,[]
108,4,[]
118,12,[]
136,9,[]
151,3,[]
160,9,[]
175,9,[]
190,10,[]
206,6,[]
218,12,[3, 4, 5, 6, 7, 8, 9]
236,10,[]
252,6,[]
264,13,[]
283,10,[]
299,6,[]
311,11,[]
328,9,[]
343,1,[]
350,9,[]
365,8,[]
379,7,[]
392,10,[2, 4, 5, 6, 7, 8, 9]
408,8,[0, 1, 2, 3, 4, 5, 6]
422,7,[]
435,74,[]
546,8,[]
560,2,[]
568,7,[]
581,8,[]
595,6,[]
607,9,[]
622,9,[]
637,6,[]
649,10,[]
665,8,[]
679,5,[]
690,8,[]
704,8,[]
718,6,[]
730,11,[]
747,8,[]
761,6,[]
773,10,[1, 2, 3, 4, 5, 6, 7, 8, 9]
789,9,[]
804,8,[]
818,10,[]
834,8,[]
848,3,[]
857,8,[]
871,8,[]
885,8,[]
899,4,[]
909,9,[]
924,10,[]
940,63,[]
1040,2,[]
1048,3,[]
1057,5,[]
1068,6,[]
1080,5,[]
1091,9,[]
1106,9,[]
1121,7,[]
1134,5,[]
1145,8,[]
1159,9,[]
1174,8,[]
1188,10,[0, 1, 2, 3, 4, 5, 6, 7, 8, 9]
1204,6,[]
1216,11,[]
1233,10,[]
1249,6,[]
1261,10,[]
1277,11,[]
1294,11,[]
1311,6,[]
1323,9,[]
1338,9,[]
1353,5,[]
1364,11,[]
1381,11,[]
1398,5,[]
1409,12,[]
1427,6,[]
1439,51,[]
1527,5,[]
1538,7,[0, 1, 2, 3, 4, 5, 6]
1551,5,[]
1562,8,[]
1576,8,[]
1590,5,[]
1601,9,[]
1616,9,[]
1631,5,[]
1642,10,[]
1658,4,[]
1668,7,[]
1681,8,[]
1695,4,[]
1705,7,[]
1718,8,[]
1732,8,[]
1746,4,[]
1756,9,[]
1771,8,[]
1785,4,[]
1795,7,[]
1808,7,[]
1821,5,[]
1832,8,[0, 1, 2, 3, 4, 5, 6, 7]
1846,7,[]
1859,5,[]
1870,7,[]
1883,6,[]
1895,37,[]
1969,3,[]
1978,4,[]
1988,4,[]
1998,5,[]
2009,5,[]
2020,4,[]
2030,6,[]
2042,7,[]
2055,4,[]
2065,7,[]
2078,6,[]
2090,4,[]
2100,8,[]
2114,8,[]
2128,5,[]
2139,7,[0, 1, 2, 3, 4, 5, 6]
2152,8,[]
2166,5,[]
2177,9,[]
2192,7,[]
2205,8,[]
2219,5,[]
2230,9,[]
2245,5,[]
2256,9,[]
2271,9,[]
2286,5,[]
2297,8,[]
2311,9,[]
2326,38,[]
2401,3,[]
2410,5,[]
2421,6,[]
2433,5,[]
2444,8,[]
2458,8,[]
2472,4,[]
2482,9,[]
2497,5,[]
2508,9,[]
2523,8,[]
2537,6,[]
2549,9,[]
2564,9,[]
2579,5,[]
2590,10,[]
2606,7,[]
2619,8,[]
2633,6,[]
2645,10,[]
2661,2,[]
2669,8,[]
2683,10,[]
2699,6,[]
2711,9,[]
2726,8,[]
2740,6,[]
2752,6,[]
2764,8,[]
2778,42,[]
2857,1,[]
2864,3,[]
2873,5,[]
2884,4,[]
2894,5,[]
2905,5,[]
2916,7,[]
2929,7,[]
2942,5,[]
2953,4,[]
2963,7,[]
2976,6,[]
2988,5,[]
2999,8,[]
3013,7,[]
3026,6,[]
3038,7,[]
3051,7,[]
3064,6,[]
3076,7,[]
3089,7,[]
3102,6,[]
3114,7,[]
3127,7,[]
3140,5,[]
3151,9,[]
3166,8,[]
3180,6,[]
3192,9,[]
3207,47,[]
3291,1,[]
3298,6,[]
3310,5,[]
3321,5,[]
3332,6,[]
3344,4,[]
3354,8,[]
3368,7,[]
3381,6,[]
3393,6,[]
3405,7,[]
3418,7,[]
3431,6,[]
3443,8,[]
3457,9,[]
3472,6,[]
3484,7,[]
3497,6,[]
3509,5,[]
3520,9,[]
3535,9,[]
3550,5,[]
3561,8,[]
3575,9,[]
3590,6,[]
3602,10,[]
3618,8,[]
3632,7,[]
3645,6,[]
3657,48,[]
3742,1,[]
3749,4,[]
3759,6,[]
3771,5,[]
3782,8,[]
3796,7,[]
3809,4,[]
3819,8,[]
3833,6,[]
3845,7,[]
3858,5,[]
3869,8,[]
3883,6,[]
3895,5,[]
3906,7,[]
3919,4,[]
3929,7,[]
3942,8,[]
3956,5,[]
3967,7,[]
3980,9,[0, 1, 2, 3, 4, 5, 6, 7, 8]
3995,8,[]
4009,3,[]
4018,9,[]
4033,9,[]
4048,4,[]
4058,10,[]
4074,8,[]
4088,4,[]
4098,34,[]
4138,1,[]
4145,6,[]
4157,7,[]
4170,7,[]
4183,5,[]
4194,7,[]
4207,7,[]
4220,5,[]
4231,8,[]
4245,7,[]
4258,4,[]
4268,7,[]
4281,5,[]
4292,9,[]
4307,7,[]
4320,7,[]
4333,4,[]
4343,8,[0, 1, 2, 3, 4, 5, 6]
4357,7,[]
4370,5,[]
4381,8,[]
4395,6,[]
4407,4,[]
4417,8,[]
4431,8,[]
4445,4,[]
4455,9,[]
4470,7,[]
4483,6,[]
0,18,[]
24,6,[]
36,6,[]
48,7,[]
61,7,[]
74,6,[]
86,7,[]
99,6,[]
111,6,[]
123,6,[]
135,6,[]
147,7,[]
160,7,[]
173,7,[]
186,6,[]
198,7,[]
211,7,[0, 1, 2, 3, 4, 5, 6]
224,8,[]
238,7,[]
251,6,[]
263,8,[]
277,6,[]
289,6,[]
301,6,[]
313,7,[]
326,7,[]
339,7,[]
352,6,[]
364,6,[]
376,6,[]
388,37,[]
446,6,[]
458,6,[]
470,6,[]
482,8,[]
496,8,[]
510,7,[]
523,6,[]
535,7,[]
548,6,[]
560,5,[]
571,5,[]
582,5,[]
593,6,[]
605,6,[]
617,7,[0, 1, 2, 3, 4, 5, 6]
630,6,[]
642,6,[]
654,6,[]
666,6,[]
678,6,[]
690,7,[]
703,5,[]
714,6,[]
726,7,[]
739,7,[]
752,7,[]
765,7,[]
778,7,[]
791,7,[]
804,30,[]
840,6,[]
852,6,[]
864,6,[]
876,6,[]
888,6,[]
900,6,[]
912,6,[]
924,5,[]
935,5,[]
946,7,[]
959,6,[]
971,5,[]
982,5,[]
993,5,[]
1004,5,[]
1015,6,[]
1027,6,[]
1039,6,[]
1051,6,[]
1063,5,[]
1074,5,[]
1085,5,[]
1096,6,[]
1108,6,[]
1120,6,[]
1132,6,[]
1144,8,[]
1158,8,[]
1172,7,[]
1185,25,[]
1216,5,[]
1227,6,[]
1239,6,[]
1251,6,[]
1263,6,[]
1275,7,[]
1288,6,[]
1300,6,[]
1312,6,[]
1324,6,[]
1336,7,[]
1349,5,[]
1360,6,[]
1372,5,[]
1383,5,[]
1394,7,[0, 1, 2, 3, 4, 5, 6]
1407,6,[]
1419,7,[]
1432,7,[]
1445,7,[]
1458,7,[]
1471,7,[]
1484,7,[]
1497,7,[]
1510,6,[]
1522,5,[]
1533,5,[]
1544,5,[]
1555,5,[]
1566,24,[]
1596,5,[]
1607,5,[]
1618,6,[]
1630,5,[]
1641,6,[]
1653,6,[]
1665,6,[]
1677,6,[]
1689,5,[]
1700,6,[]
1712,5,[]
1723,6,[]
1735,6,[]
1747,6,[]
1759,6,[]
1771,7,[]
1784,7,[]
1797,6,[]
1809,6,[]
1821,7,[]
1834,6,[]
1846,7,[]
1859,7,[]
1872,7,[]
1885,7,[]
1898,8,[]
1912,7,[]
1925,7,[]
1938,6,[]
1950,21,[0, 14, 15, 16, 17, 18, 19, 20]
1977,6,[]
1989,6,[]
2001,5,[]
2012,6,[]
2024,6,[]
2036,6,[]
2048,6,[]
2060,6,[]
2072,5,[]
2083,5,[]
2094,6,[]
2106,6,[]
2118,6,[]
2130,7,[]
2143,6,[]
2155,5,[]
2166,6,[]
2178,6,[]
2190,6,[]
2202,6,[]
2214,7,[]
2227,5,[]
2238,5,[]
2249,6,[]
2261,6,[]
2273,7,[]
2286,5,[]
2297,6,[]
2309,6,[]
2321,25,[]
2352,4,[]
2362,5,[]
2373,5,[]
2384,5,[]
2395,6,[]
2407,6,[]
2419,6,[]
2431,7,[]
2444,7,[]
2457,7,[]
2470,7,[0, 1, 2, 3, 4, 5, 6]
2483,7,[0, 1, 2, 3, 4, 5, 6]
2496,7,[]
2509,6,[]
2521,6,[]
2533,6,[]
2545,5,[]
2556,6,[]
2568,6,[]
2580,6,[]
2592,6,[]
2604,7,[]
2617,6,[]
2629,7,[]
2642,7,[]
2655,6,[]
2667,6,[]
2679,6,[]
2691,6,[]
2703,26,[]
2735,5,[]
2746,6,[]
2758,6,[]
2770,5,[]
2781,5,[]
2792,5,[]
2803,6,[]
2815,5,[]
2826,5,[]
2837,6,[]
2849,6,[]
2861,5,[]
2872,5,[]
2883,4,[]
2893,5,[]
2904,6,[]
2916,7,[]
2929,6,[]
2941,6,[]
2953,6,[]
2965,6,[]
2977,6,[]
2989,6,[]
3001,6,[]
3013,6,[]
3025,6,[]
3037,7,[]
3050,9,[]
3065,10,[]
3081,27,[20, 21, 22, 23, 24, 25, 26]
3114,8,[0, 1, 2, 3, 4, 5, 6, 7]
3128,9,[]
3143,10,[]
3159,10,[]
3175,10,[]
3191,10,[]
3207,9,[]
3222,10,[]
3238,10,[]
3254,8,[]
3268,8,[]
3282,9,[]
3297,8,[]
3311,7,[]
3324,8,[]
3338,8,[]
3352,7,[]
3365,8,[]
3379,8,[]
3393,8,[]
3407,8,[]
3421,9,[]
3436,9,[]
3451,7,[]
3464,6,[]
3476,6,[]
3488,6,[]
3500,7,[]
3513,7,[]
3526,26,[]
3558,7,[]
3571,8,[]
3585,8,[]
3599,7,[]
3612,8,[]
3626,8,[]
3640,8,[]
3654,8,[]
3668,9,[]
3683,9,[]
3698,9,[]
3713,9,[]
3728,9,[]
3743,9,[]
3758,9,[]
3773,10,[]
3789,11,[]
3806,11,[]
3823,12,[]
3841,10,[]
3857,11,[]
3874,11,[]
3891,11,[]
3908,10,[]
3924,10,[]
3940,10,[]
3956,9,[]
3971,9,[]
3986,8,[]
0,10,[]
17,1,[]
25,6,[]
38,6,[]
51,5,[]
63,5,[]
75,5,[]
87,5,[]
99,5,[]
111,5,[]
123,5,[]
135,5,[]
147,5,[]
159,4,[]
170,5,[]
182,5,[]
194,6,[]
207,5,[]
219,8,[]
234,8,[0, 1, 2, 3, 4, 5, 6, 7]
249,5,[]
261,7,[]
275,11,[]
293,9,[]
309,6,[]
322,6,[]
335,6,[]
348,7,[]
362,6,[]
375,7,[]
389,32,[]
428,3,[]
438,7,[]
452,6,[]
465,9,[]
481,8,[]
496,8,[]
511,8,[]
526,9,[]
542,9,[]
558,9,[]
574,8,[]
589,9,[1, 2, 3, 4, 5, 6, 7, 8]
605,9,[]
621,7,[]
635,7,[]
649,7,[]
663,7,[]
677,9,[]
693,9,[]
709,8,[]
724,8,[]
739,7,[]
753,8,[]
768,9,[]
784,7,[]
798,7,[]
812,7,[]
826,9,[]
842,8,[]
857,32,[]
896,4,[]
907,8,[]
922,9,[]
938,9,[]
954,9,[]
970,9,[]
986,9,[]
1002,9,[]
1018,8,[0, 1, 2, 3, 4, 5, 6, 7]
1033,9,[]
1049,9,[]
1065,9,[]
1081,8,[]
1096,8,[]
1111,7,[]
1125,8,[]
1140,9,[]
1156,9,[]
1172,11,[]
1190,9,[]
1206,11,[]
1224,8,[]
1239,9,[]
1255,10,[]
1272,10,[]
1289,10,[]
1306,11,[]
1324,11,[]
1342,10,[]
1359,27,[8, 9, 10, 11, 12, 13, 14, 15]
1393,8,[]
1408,11,[]
1426,8,[]
1441,8,[]
1456,8,[]
1471,10,[]
1488,9,[]
1504,9,[]
1520,9,[]
1536,10,[]
1553,8,[]
1568,9,[]
1584,8,[]
1599,8,[]
1614,8,[]
1629,7,[]
1643,7,[]
1657,8,[]
1672,8,[]
1687,6,[]
1700,8,[]
1715,8,[]
1730,7,[]
1744,7,[]
1758,8,[]
1773,7,[]
1787,7,[]
1801,7,[]
1815,7,[]
1829,27,[]
1863,4,[]
1874,7,[]
1888,6,[]
1901,6,[]
1914,6,[]
1927,6,[]
1940,5,[]
1952,6,[]
1965,5,[]
1977,7,[]
1991,7,[]
2005,6,[]
2018,6,[]
2031,6,[]
2044,6,[]
2057,6,[]
2070,5,[]
2082,5,[]
2094,5,[]
2106,6,[]
2119,6,[]
2132,6,[]
2145,6,[]
2158,7,[]
2172,6,[]
2185,7,[]
2199,7,[]
2213,7,[]
2227,8,[]
2242,30,[]
2279,6,[]
2292,7,[]
2306,10,[]
2323,7,[]
2337,8,[]
2352,8,[]
2367,9,[]
2383,9,[]
2399,8,[]
2414,8,[]
2429,8,[]
2444,8,[]
2459,10,[]
2476,10,[]
2493,10,[]
2510,10,[]
2527,11,[]
2545,8,[]
2560,9,[]
2576,10,[]
2593,9,[]
2609,10,[]
2626,10,[]
2643,10,[]
2660,8,[]
2675,10,[]
2692,10,[]
2709,8,[]
2724,8,[]
2739,33,[]
2779,6,[]
2792,7,[]
2806,11,[]
2824,8,[]
2839,7,[]
2853,8,[]
2868,8,[]
2883,8,[]
2898,8,[]
2913,8,[]
2928,8,[]
2943,8,[]
2958,8,[]
2973,8,[]
2988,7,[]
3002,8,[]
3017,7,[]
3031,7,[]
3045,8,[]
3060,7,[]
3074,7,[]
3088,6,[]
3101,8,[]
3116,7,[]
3130,7,[]
3144,6,[]
3157,8,[]
3172,8,[]
3187,7,[]
3201,25,[0, 1, 2, 3, 4, 5, 6, 7, 8, 9, 10]
3233,6,[]
3246,7,[]
3260,11,[]
3278,7,[]
3292,10,[]
3309,11,[]
3327,10,[]
3344,11,[]
3362,12,[]
3381,13,[]
3401,12,[]
3420,12,[]
3439,11,[]
3457,10,[]
3474,9,[]
3490,9,[]
3506,10,[]
3523,7,[]
3537,8,[]
3552,8,[]
3567,8,[]
3582,8,[]
3597,8,[]
3612,8,[]
3627,7,[]
3641,8,[]
3656,9,[]
3672,8,[]
3687,10,[]
3704,28,[]
3739,7,[]
3753,7,[]
3767,10,[]
3784,7,[]
3798,9,[]
3814,7,[]
3828,8,[]
3843,7,[]
3857,5,[]
3869,7,[]
3883,7,[]
3897,7,[]
3911,7,[]
3925,7,[]
3939,6,[]
3952,7,[]
3966,7,[]
3980,7,[]
3994,7,[]
4008,6,[]
4021,7,[]
4035,6,[]
4048,5,[]
4060,5,[]
4072,6,[]
4085,5,[]
4097,7,[]
4111,6,[]
4124,7,[]
4138,23,[]
4168,5,[]
4180,5,[]
4192,6,[]
4205,6,[]
4218,6,[]
4231,5,[]
4243,5,[]
4255,5,[]
4267,5,[]
4279,5,[]
4291,5,[]
4303,5,[]
4315,5,[]
4327,6,[]
4340,6,[]
4353,7,[]
4367,8,[]
4382,8,[]
4397,8,[]
4412,7,[]
4426,8,[]
4441,7,[]
4455,7,[]
4469,7,[]
4483,7,[]
4497,6,[]
4510,6,[]
4523,6,[]
4536,7,[]
0,22,[13, 14, 15, 16, 17, 18, 19, 20]
28,1,[]
35,8,[]
49,8,[]
63,1,[]
70,7,[]
83,6,[]
95,8,[]
109,1,[]
116,8,[]
130,2,[]
138,9,[]
153,9,[]
168,3,[]
177,10,[]
193,7,[0, 1, 2, 3, 4, 5, 6]
206,9,[]
221,1,[]
228,7,[]
241,4,[]
251,12,[]
269,7,[]
282,1,[]
289,7,[]
302,7,[]
315,8,[]
329,1,[]
336,9,[]
351,2,[]
359,7,[]
372,56,[]
463,7,[]
476,8,[]
490,9,[]
505,8,[]
519,1,[]
526,7,[]
539,2,[]
547,7,[]
560,7,[]
573,1,[]
580,5,[]
591,4,[]
601,8,[]
615,8,[]
629,8,[]
643,4,[]
653,10,[]
669,3,[]
678,10,[3, 4, 5, 6, 7, 8, 9]
694,10,[]
710,10,[]
726,10,[]
742,4,[]
752,11,[]
769,3,[]
778,12,[]
796,10,[]
812,3,[]
821,11,[]
838,51,[]
924,6,[]
936,7,[]
949,8,[]
963,3,[]
972,13,[]
991,2,[]
999,9,[]
1014,11,[]
1031,10,[]
1047,9,[]
1062,3,[]
1071,11,[]
1088,4,[]
1098,10,[]
1114,8,[0, 1, 2, 3, 4, 5, 6, 7]
1128,4,[]
1138,11,[]
1155,5,[]
1166,9,[]
1181,7,[]
1194,8,[]
1208,5,[]
1219,11,[]
1236,6,[]
1248,11,[]
1265,10,[]
1281,9,[]
1296,4,[]
1306,10,[]
1322,54,[]
1411,5,[]
1422,7,[]
1435,10,[]
1451,3,[]
1460,9,[]
1475,5,[]
1486,10,[]
1502,9,[]
1517,10,[]
1533,4,[]
1543,11,[]
1560,4,[]
1570,11,[]
1587,8,[]
1601,8,[]
1615,8,[]
1629,4,[]
1639,10,[]
1655,3,[]
1664,13,[]
1683,10,[0, 1, 2, 3, 4, 5, 6, 7, 8]
1699,3,[]
1708,13,[]
1727,5,[]
1738,9,[]
1753,8,[]
1767,11,[]
1784,3,[]
1793,10,[]
1809,43,[]
1887,5,[]
1898,8,[]
1912,8,[]
1926,9,[]
1941,4,[]
1951,10,[]
1967,4,[]
1977,10,[]
1993,8,[]
2007,4,[]
2017,8,[]
2031,5,[]
2042,9,[]
2057,7,[]
2070,8,[]
2084,4,[]
2094,10,[]
2110,4,[]
2120,10,[]
2136,7,[]
2149,7,[0, 1, 2, 3, 4, 5, 6]
2162,5,[]
2173,9,[]
2188,4,[]
2198,8,[]
2212,7,[]
2225,8,[]
2239,3,[]
2248,8,[]
2262,47,[]
2344,3,[]
2353,4,[]
2363,6,[]
2375,4,[]
2385,10,[]
2401,4,[]
2411,8,[]
2425,7,[]
2438,7,[]
2451,4,[]
2461,7,[]
2474,3,[]
2483,8,[]
2497,8,[]
2511,8,[]
2525,3,[]
2534,9,[]
2549,4,[]
2559,9,[]
2574,7,[]
2587,8,[]
2601,5,[]
2612,10,[]
2628,4,[]
2638,9,[]
2653,8,[]
2667,9,[]
2682,4,[]
2692,9,[]
2707,40,[]
2782,4,[]
2792,6,[]
2804,6,[]
2816,4,[]
2826,7,[0, 1, 2, 3, 4, 5, 6]
2839,4,[]
2849,7,[]
2862,7,[]
2875,6,[]
2887,4,[]
2897,7,[]
2910,3,[]
2919,6,[]
2931,6,[]
2943,4,[]
2953,8,[]
2967,5,[]
2978,8,[]
2992,9,[]
3007,5,[]
3018,12,[]
3036,4,[]
3046,7,[]
3059,7,[]
3072,7,[]
3085,7,[]
3098,5,[]
3109,10,[]
3125,6,[]
3137,44,[]
3216,5,[]
3227,6,[]
3239,5,[]
3250,7,[]
3263,6,[]
3275,8,[]
3289,7,[]
3302,7,[]
3315,8,[]
3329,5,[]
3340,7,[]
3353,4,[]
3363,8,[]
3377,5,[]
3388,8,[]
3402,5,[]
3413,10,[0, 1, 2, 3, 4, 5, 6, 7, 8, 9]
3429,8,[]
3443,4,[]
3453,8,[]
3467,8,[]
3481,7,[]
3494,3,[]
3503,8,[]
3517,9,[]
3532,4,[]
3542,11,[]
3559,5,[]
3570,10,[]
3586,42,[]
3663,5,[]
3674,4,[]
3684,8,[]
3698,5,[]
3709,8,[]
3723,9,[]
3738,8,[]
3752,8,[]
3766,5,[]
3777,9,[]
3792,3,[]
3801,8,[]
3815,6,[]
3827,10,[]
3843,8,[]
3857,5,[]
3868,7,[]
3881,7,[]
3894,8,[]
3908,5,[]
3919,8,[]
3933,4,[]
3943,8,[]
3957,8,[]
3971,4,[]
3981,9,[]
3996,8,[]
4010,8,[]
4024,5,[]
4035,37,[]
4107,1,[]
4114,5,[]
4125,6,[]
4137,5,[]
4148,8,[]
4162,7,[]
4175,7,[]
4188,4,[]
4198,8,[]
4212,5,[]
4223,9,[]
4238,7,[]
4251,3,[]
4260,9,[]
4275,8,[]
4289,8,[]
4303,4,[]
4313,8,[]
4327,5,[]
4338,9,[]
4353,11,[]
4370,3,[]
4379,9,[]
4394,4,[]
4404,8,[]
4418,7,[]
4431,8,[]
4445,6,[]
4457,8,[]
0,19,[]
24,1,[]
30,1,[]
36,8,[]
49,2,[]
56,2,[]
63,9,[]
77,1,[]
83,2,[]
90,3,[]
98,16,[]
119,1,[]
125,3,[]
133,14,[]
152,4,[]
161,2,[]
168,14,[]
187,3,[]
195,2,[]
202,14,[]
221,4,[]
230,3,[]
238,5,[]
248,25,[]
278,1,[]
284,3,[]
292,13,[]
310,4,[]
319,3,[]
327,12,[]
344,71,[]
455,1,[]
461,10,[]
476,2,[]
483,2,[]
490,1,[]
496,13,[]
514,2,[]
521,2,[]
528,13,[]
546,1,[]
552,2,[]
559,12,[]
576,4,[]
585,2,[]
592,19,[]
616,2,[]
623,2,[]
630,6,[]
641,28,[]
674,2,[]
681,4,[]
690,22,[]
717,2,[]
724,6,[]
735,25,[0, 1, 2, 3, 4, 5, 6, 7, 8, 9, 10, 11, 12, 13, 14, 15, 16, 17, 18]
765,2,[]
772,5,[]
782,21,[]
808,2,[]
815,48,[]
903,1,[]
909,17,[]
931,4,[]
940,4,[]
949,16,[]
970,3,[]
978,5,[]
988,17,[]
1010,2,[]
1017,4,[]
1026,11,[]
1042,2,[]
1049,3,[]
1057,4,[]
1066,16,[]
1087,2,[]
1094,2,[]
1101,17,[]
1123,3,[]
1131,2,[]
1138,14,[0, 1, 2, 3, 4, 5]
1157,3,[]
1165,6,[]
1176,6,[]
1187,18,[]
1210,4,[]
1219,4,[]
1228,17,[]
1250,4,[]
1259,64,[]
1363,1,[]
1369,12,[]
1386,3,[]
1394,5,[]
1404,15,[]
1424,4,[]
1433,6,[]
1444,6,[]
1455,17,[]
1477,4,[]
1486,3,[]
1494,13,[]
1512,5,[]
1522,5,[]
1532,17,[]
1554,3,[]
1562,5,[]
1572,6,[]
1583,18,[]
1606,3,[]
1614,4,[]
1623,12,[3, 4, 5, 6, 7, 8, 9, 10, 11]
1640,4,[]
1649,5,[]
1659,15,[]
1679,3,[]
1687,5,[]
1697,14,[]
1716,4,[]
1725,62,[]
1827,8,[]
1840,2,[]
1847,4,[]
1856,10,[]
1871,2,[]
1878,3,[]
1886,14,[]
1905,3,[]
1913,4,[]
1922,10,[]
1937,3,[]
1945,4,[]
1954,11,[]
1970,4,[]
1979,3,[]
1987,11,[]
2003,4,[]
2012,4,[]
2021,11,[]
2037,3,[]
2045,4,[]
2054,11,[]
2070,4,[]
2079,5,[]
2089,11,[0, 1, 2, 3, 4, 5, 6]
2105,3,[]
2113,4,[]
2122,11,[]
2138,3,[]
2146,51,[]
2237,3,[]
2245,2,[]
2252,2,[]
2259,5,[]
2269,2,[]
2276,3,[]
2284,6,[]
2295,2,[]
2302,4,[]
2311,4,[]
2320,2,[]
2327,3,[]
2335,5,[]
2345,2,[]
2352,3,[]
2360,8,[]
2373,2,[]
2380,3,[]
2388,7,[]
2400,2,[]
2407,3,[]
2415,8,[]
2428,3,[]
2436,4,[]
2445,9,[]
2459,2,[]
2466,4,[]
2475,8,[]
2488,3,[]
2496,44,[]
2580,3,[]
2588,2,[]
2595,3,[]
2603,6,[]
2614,2,[]
2621,4,[]
2630,7,[]
2642,3,[]
2650,4,[]
2659,8,[]
2672,3,[]
2680,4,[]
2689,8,[]
2702,2,[]
2709,3,[]
2717,10,[]
2732,2,[]
2739,3,[]
2747,13,[]
2765,4,[]
2774,4,[]
2783,9,[]
2797,3,[]
2805,3,[]
2813,10,[]
2828,2,[]
2835,4,[]
2844,14,[]
2863,3,[]
2871,45,[]
2956,6,[]
2967,3,[]
2975,3,[]
2983,9,[]
2997,2,[]
3004,3,[]
3012,13,[]
3030,3,[]
3038,3,[]
3046,13,[]
3064,3,[]
3072,4,[]
3081,13,[]
3099,2,[]
3106,3,[]
3114,11,[]
3130,2,[]
3137,4,[]
3146,12,[]
3163,4,[]
3172,4,[]
3181,12,[]
3198,3,[]
3206,5,[]
3216,16,[]
3237,3,[]
3245,3,[]
3253,12,[]
3270,2,[]
3277,52,[]
3369,5,[]
3379,2,[]
3386,3,[]
3394,9,[]
3408,2,[]
3415,3,[]
3423,10,[]
3438,3,[]
3446,3,[]
3454,11,[]
3470,3,[]
3478,4,[]
3487,9,[]
3501,3,[]
3509,4,[]
3518,10,[]
3533,3,[]
3541,3,[]
3549,11,[3, 4, 5, 6, 7, 8, 9, 10]
3565,3,[]
3573,4,[]
3582,10,[]
3597,2,[]
3604,4,[]
3613,12,[]
3630,2,[]
3637,3,[]
3645,15,[]
3665,2,[]
3672,45,[]
3757,7,[]
3769,3,[]
3777,2,[]
3784,9,[]
3798,2,[]
3805,3,[]
3813,11,[]
3829,2,[]
3836,3,[]
3844,11,[]
3860,2,[]
3867,4,[]
3876,12,[]
3893,2,[]
3900,3,[]
3908,12,[6, 7, 8, 9, 10, 11]
3925,2,[]
3932,4,[]
3941,12,[]
3958,2,[]
3965,3,[]
3973,13,[]
3991,2,[]
3998,3,[]
4006,11,[]
4022,2,[]
4029,4,[]
4038,4,[]
4047,3,[]
0,24,[]
29,2,[]
36,4,[]
45,7,[]
57,6,[]
68,5,[]
78,3,[]
86,9,[]
100,4,[]
109,5,[]
119,3,[]
127,4,[]
136,5,[]
146,7,[]
158,7,[]
170,3,[]
178,5,[]
188,4,[]
197,5,[]
207,3,[]
215,6,[]
226,3,[]
234,9,[]
248,8,[]
261,11,[]
277,14,[]
296,4,[]
305,5,[]
315,5,[]
325,7,[]
337,105,[]
507,1,[]
513,3,[]
521,5,[]
531,4,[]
540,7,[]
552,4,[]
561,10,[]
576,10,[]
591,4,[]
600,8,[]
613,13,[]
631,4,[]
640,11,[]
656,9,[]
670,5,[]
680,5,[]
690,10,[]
705,7,[]
717,3,[]
725,8,[]
738,6,[]
749,7,[]
761,4,[]
770,8,[]
783,6,[]
794,6,[]
805,6,[]
816,8,[]
829,6,[]
840,94,[]
999,3,[]
1007,2,[]
1014,5,[]
1024,6,[]
1035,4,[]
1044,7,[]
1056,7,[]
1068,7,[]
1080,4,[]
1089,7,[]
1101,4,[]
1110,7,[]
1122,6,[]
1133,4,[]
1142,5,[]
1152,8,[]
1165,6,[]
1176,6,[]
1187,8,[]
1200,7,[]
1212,4,[]
1221,6,[]
1232,5,[]
1242,6,[]
1253,6,[]
1264,6,[]
1275,8,[]
1288,6,[]
1299,4,[]
1308,94,[]
1467,1,[]
1473,1,[]
1479,4,[]
1488,7,[]
1500,6,[]
1511,6,[]
1522,6,[]
1533,7,[]
1545,3,[]
1553,7,[]
1565,7,[]
1577,6,[]
1588,6,[]
1599,5,[]
1609,6,[]
1620,7,[]
1632,6,[]
1643,7,[]
1655,6,[]
1666,8,[]
1679,6,[0, 1, 2, 3, 4, 5]
1690,2,[]
1697,7,[]
1709,5,[]
1719,7,[]
1731,4,[]
1740,8,[]
1753,8,[]
1766,3,[]
1774,105,[]
1944,1,[]
1950,4,[]
1959,4,[]
1968,7,[]
1980,5,[]
1990,7,[]
2002,6,[]
2013,6,[]
2024,9,[]
2038,7,[]
2050,4,[]
2059,9,[0, 1, 2, 3, 4, 5, 6, 7, 8]
2073,4,[]
2082,9,[]
2096,9,[]
2110,6,[]
2121,11,[]
2137,4,[]
2146,10,[]
2161,5,[]
2171,11,[0, 1, 2, 3, 4, 5, 6]
2187,3,[]
2195,9,[]
2209,8,[]
2222,6,[]
2233,4,[]
2242,11,[]
2258,9,[]
2272,7,[]
2284,97,[]
2446,4,[]
2455,4,[]
2464,4,[]
2473,4,[]
2482,4,[]
2491,6,[]
2502,4,[]
2511,5,[]
2521,8,[0, 1, 2, 3, 4, 5, 6, 7]
2534,6,[]
2545,3,[]
2553,4,[]
2562,9,[]
2576,5,[]
2586,6,[]
2597,8,[]
2610,3,[]
2618,7,[]
2630,6,[]
2641,5,[]
2651,5,[]
2661,7,[]
2673,6,[]
2684,7,[]
2696,5,[]
2706,4,[]
2715,7,[]
2727,4,[]
2736,8,[]
2749,90,[]
2904,1,[]
2910,2,[]
2917,3,[]
2925,4,[]
2934,4,[]
2943,4,[]
2952,5,[]
2962,4,[]
2971,5,[]
2981,4,[]
2990,6,[]
3001,4,[]
3010,6,[]
3021,4,[]
3030,6,[]
3041,6,[]
3052,5,[]
3062,3,[]
3070,7,[]
3082,6,[]
3093,5,[]
3103,5,[]
3113,7,[]
3125,8,[0, 1, 2, 3, 4, 5, 6, 7]
3138,6,[]
3149,6,[]
3160,8,[]
3173,6,[]
3184,9,[]
3198,82,[]
3345,4,[]
3354,5,[]
3364,5,[]
3374,6,[]
3385,4,[]
3394,8,[]
3407,6,[]
3418,3,[]
3426,4,[]
3435,10,[]
3450,4,[]
3459,8,[]
3472,4,[]
3481,8,[]
3494,4,[]
3503,5,[]
3513,9,[]
3527,6,[]
3538,7,[]
3550,4,[]
3559,7,[]
3571,6,[]
3582,6,[]
3593,4,[]
3602,7,[1, 2, 3, 4, 5, 6]
3614,5,[]
3624,7,[]
3636,5,[]
3646,7,[]
3658,71,[]
3794,1,[]
3800,3,[]
3808,3,[]
3816,5,[]
3826,3,[]
3834,5,[]
3844,3,[]
3852,8,[]
3865,4,[]
3874,3,[]
3882,9,[]
3896,4,[]
3905,7,[]
3917,3,[]
3925,4,[]
3934,8,[]
3947,4,[]
3956,6,[]
3967,6,[]
3978,3,[]
3986,4,[]
3995,3,[]
4003,8,[]
4016,6,[]
4027,4,[]
4036,3,[]
4044,10,[]
4059,9,[]
4073,4,[]
4082,67,[]
4214,1,[]
4220,1,[]
4226,7,[]
4238,4,[]
4247,6,[]
4258,6,[]
4269,3,[]
4277,4,[]
4286,9,[]
4300,4,[]
4309,4,[]
4318,6,[]
4329,4,[]
4338,6,[]
4349,6,[]
4360,3,[]
4368,4,[]
4377,8,[]
4390,4,[]
4399,7,[]
4411,5,[]
4421,5,[]
4431,7,[]
4443,2,[]
4450,7,[]
4462,7,[]
4474,4,[]
4483,8,[0, 1, 2, 3, 4, 5]
4496,6,[]
0,19,[]
24,1,[]
30,6,[]
41,5,[]
51,1,[]
57,5,[]
67,2,[]
74,6,[]
85,1,[]
91,6,[]
102,1,[]
108,6,[]
119,1,[]
125,6,[]
136,8,[]
149,1,[]
155,6,[]
166,2,[]
173,7,[]
185,1,[]
191,7,[]
203,6,[]
214,3,[]
222,11,[]
238,2,[]
245,7,[]
257,6,[]
268,10,[]
283,1,[]
289,7,[]
301,52,[]
384,5,[]
394,5,[]
404,1,[]
410,7,[]
422,2,[]
429,6,[]
440,1,[]
446,7,[]
458,6,[]
469,1,[]
475,4,[]
484,2,[]
491,6,[]
502,3,[]
510,6,[0, 1, 2, 3, 4, 5]
521,5,[]
531,7,[]
543,4,[]
552,7,[]
564,8,[]
577,2,[]
584,9,[]
598,3,[]
606,7,[]
618,4,[]
627,7,[]
639,8,[]
652,3,[]
660,8,[]
673,51,[]
755,4,[]
764,3,[]
772,7,[]
784,3,[]
792,6,[]
803,4,[]
812,8,[]
825,7,[0, 1, 2, 3, 4, 5, 6]
837,4,[]
846,7,[]
858,4,[]
867,7,[]
879,4,[]
888,7,[]
900,6,[]
911,4,[]
920,6,[]
931,3,[]
939,7,[]
951,2,[]
958,6,[]
969,2,[]
976,6,[]
987,5,[]
997,10,[]
1012,8,[]
1025,5,[]
1035,9,[]
1049,5,[]
1059,35,[]
1125,1,[]
1131,8,[]
1144,6,[]
1155,4,[]
1164,8,[]
1177,4,[]
1186,8,[]
1199,5,[]
1209,6,[]
1220,4,[]
1229,6,[]
1240,4,[]
1249,8,[]
1262,6,[]
1273,4,[]
1282,7,[]
1294,3,[]
1302,7,[]
1314,4,[]
1323,7,[]
1335,9,[]
1349,5,[]
1359,7,[]
1371,4,[]
1380,7,[]
1392,5,[]
1402,8,[2, 3, 4, 5, 6, 7]
1415,4,[]
1424,9,[]
1438,39,[]
1508,6,[]
1519,6,[]
1530,3,[]
1538,8,[]
1551,4,[]
1560,8,[]
1573,5,[]
1583,8,[]
1596,9,[]
1610,4,[]
1619,7,[]
1631,3,[]
1639,7,[]
1651,5,[]
1661,7,[]
1673,5,[]
1683,7,[]
1695,5,[]
1705,7,[]
1717,7,[]
1729,8,[1, 2, 3, 4, 5, 6, 7]
1742,4,[]
1751,8,[]
1764,4,[]
1773,5,[]
1783,8,[]
1796,7,[]
1808,4,[]
1817,6,[]
1828,39,[]
1898,7,[]
1910,6,[]
1921,3,[]
1929,8,[]
1942,4,[]
1951,7,[]
1963,6,[]
1974,7,[]
1986,4,[]
1995,7,[0, 1, 2, 3, 4, 5]
2007,4,[]
2016,7,[]
2028,5,[]
2038,7,[]
2050,8,[]
2063,4,[]
2072,8,[]
2085,4,[]
2094,7,[]
2106,5,[]
2116,8,[]
2129,5,[]
2139,7,[]
2151,5,[]
2161,7,[]
2173,7,[]
2185,5,[]
2195,7,[]
2207,5,[]
2217,38,[]
2286,2,[]
2293,5,[]
2303,6,[]
2314,4,[]
2323,6,[]
2334,5,[]
2344,6,[]
2355,3,[]
2363,6,[]
2374,4,[]
2383,6,[]
2394,4,[]
2403,6,[]
2414,5,[]
2424,5,[]
2434,6,[]
2445,5,[]
2455,5,[]
2465,4,[]
2474,7,[]
2486,5,[]
2496,4,[]
2505,6,[]
2516,5,[]
2526,7,[]
2538,5,[]
2548,7,[]
2560,5,[]
2570,7,[]
2582,36,[]
2649,5,[]
2659,5,[]
2669,4,[]
2678,8,[]
2691,4,[]
2700,7,[]
2712,5,[]
2722,6,[]
2733,7,[]
2745,5,[]
2755,6,[]
2766,4,[]
2775,7,[]
2787,4,[]
2796,8,[]
2809,5,[]
2819,7,[]
2831,4,[]
2840,6,[]
2851,7,[]
2863,4,[]
2872,6,[]
2883,5,[]
2893,7,[]
2905,5,[]
2915,6,[]
2926,7,[]
2938,4,[]
2947,7,[]
2959,35,[]
3025,4,[]
3034,3,[]
3042,6,[]
3053,4,[]
3062,6,[]
3073,5,[]
3083,7,[]
3095,6,[]
3106,4,[]
3115,7,[0, 1, 2, 3, 4, 5, 6]
3127,4,[]
3136,6,[]
3147,4,[]
3156,7,[]
3168,8,[]
3181,4,[]
3190,8,[]
3203,5,[]
3213,7,[]
3225,5,[]
3235,7,[]
3247,5,[]
3257,6,[]
3268,5,[]
3278,7,[]
3290,7,[]
3302,5,[]
3312,9,[]
3326,5,[]
3336,39,[]
3406,1,[]
3412,5,[]
3422,6,[]
3433,4,[]
3442,6,[]
3453,4,[]
3462,6,[]
3473,4,[]
3482,7,[]
3494,4,[]
3503,6,[]
3514,4,[]
3523,6,[]
3534,6,[]
3545,4,[]
3554,7,[]
3566,4,[]
3575,6,[]
3586,5,[]
3596,7,[]
3608,7,[]
3620,4,[]
3629,6,[]
3640,4,[]
3649,6,[]
3660,4,[]
3669,6,[]
3680,4,[]
3689,7,[]
0,10,[]
17,1,[]
25,6,[]
38,5,[]
50,4,[]
61,6,[]
74,4,[]
85,5,[]
97,7,[]
111,4,[]
122,4,[]
133,4,[]
144,3,[]
154,3,[]
164,6,[]
177,6,[]
190,11,[]
208,9,[]
224,7,[]
238,5,[]
250,9,[]
266,8,[]
281,10,[]
298,9,[]
314,9,[]
330,5,[]
342,5,[]
354,5,[]
366,8,[]
381,5,[]
393,46,[]
464,2,[]
473,2,[]
482,3,[]
492,4,[]
503,5,[]
515,5,[]
527,5,[]
539,6,[]
552,2,[]
561,8,[]
576,10,[]
593,9,[]
609,10,[]
626,5,[]
638,11,[]
656,10,[]
673,9,[]
689,9,[]
705,9,[]
721,8,[]
736,6,[]
749,8,[]
764,8,[]
779,8,[]
794,8,[]
809,5,[]
821,9,[]
837,8,[]
852,9,[]
868,36,[]
929,5,[]
941,7,[]
955,4,[]
966,9,[]
982,7,[]
996,8,[]
1011,7,[]
1025,4,[]
1036,6,[]
1049,7,[]
1063,6,[]
1076,7,[]
1090,8,[]
1105,7,[]
1119,5,[]
1131,8,[]
1146,7,[]
1160,7,[]
1174,8,[]
1189,2,[]
1198,8,[]
1213,9,[]
1229,8,[]
1244,8,[]
1259,8,[]
1274,8,[]
1289,5,[]
1301,8,[]
1316,8,[]
1331,34,[]
1372,5,[]
1384,4,[]
1395,9,[]
1411,9,[]
1427,8,[]
1442,12,[0, 1, 2, 3, 4, 5, 6, 7, 8, 9, 10]
1461,9,[]
1477,10,[]
1494,6,[]
1507,10,[]
1524,11,[]
1542,12,[]
1561,7,[]
1575,13,[]
1595,13,[]
1615,12,[]
1634,11,[]
1652,11,[]
1670,13,[]
1690,6,[]
1703,13,[]
1723,12,[]
1742,10,[]
1759,9,[]
1775,6,[]
1788,10,[]
1805,11,[]
1823,10,[]
1840,10,[]
1857,38,[]
1920,7,[]
1934,8,[]
1949,3,[]
1959,10,[]
1976,10,[]
1993,12,[]
2012,12,[]
2031,4,[]
2042,12,[]
2061,12,[]
2080,11,[]
2098,13,[]
2118,9,[]
2134,11,[]
2152,5,[]
2164,11,[]
2182,11,[]
2200,11,[]
2218,4,[]
2229,12,[]
2248,11,[3, 4, 5, 6, 7, 8, 9, 10]
2266,10,[]
2283,10,[]
2300,10,[]
2317,10,[]
2334,6,[]
2347,13,[]
2367,10,[]
2384,9,[]
2400,35,[]
2460,1,[]
2468,7,[]
2482,7,[]
2496,8,[]
2511,8,[]
2526,8,[]
2541,8,[]
2556,8,[]
2571,6,[]
2584,9,[]
2600,8,[]
2615,9,[]
2631,5,[]
2643,9,[]
2659,8,[]
2674,8,[]
2689,8,[]
2704,10,[]
2721,7,[]
2735,5,[]
2747,8,[0, 1, 2, 3, 4, 5, 6, 7]
2762,8,[]
2777,7,[]
2791,7,[]
2805,6,[]
2818,4,[]
2829,8,[]
2844,7,[]
2858,8,[]
2873,35,[]
2933,5,[]
2945,6,[]
2958,3,[]
2968,8,[]
2983,7,[]
2997,8,[0, 1, 2, 3, 4, 5, 6, 7]
3012,8,[]
3027,5,[]
3039,9,[]
3055,7,[]
3069,8,[]
3084,8,[]
3099,8,[]
3114,8,[]
3129,2,[]
3138,8,[]
3153,8,[]
3168,7,[]
3182,7,[]
3196,4,[]
3207,7,[]
3221,6,[]
3234,8,[]
3249,9,[]
3265,7,[]
3279,7,[]
3293,5,[]
3305,7,[]
3319,8,[]
3334,25,[]
3366,3,[]
3376,4,[]
3387,5,[]
3399,5,[]
3411,5,[]
3423,6,[]
3436,6,[]
3449,6,[]
3462,4,[]
3473,7,[]
3487,6,[]
3500,6,[]
3513,6,[]
3526,6,[]
3539,8,[]
3554,6,[]
3567,6,[]
3580,6,[]
3593,5,[]
3605,6,[]
3618,5,[]
3630,8,[]
3645,7,[]
3659,7,[]
3673,7,[]
3687,5,[]
3699,7,[]
3713,7,[]
3727,7,[]
3741,29,[]
3777,3,[]
3787,5,[]
3799,3,[]
3809,7,[]
3823,6,[]
3836,6,[]
3849,7,[]
3863,4,[]
3874,7,[]
3888,6,[]
3901,7,[]
3915,7,[]
3929,6,[]
3942,6,[]
3955,5,[]
3967,7,[]
3981,6,[]
3994,7,[]
4008,6,[]
4021,4,[]
4032,7,[]
4046,6,[]
4059,6,[]
4072,6,[]
4085,6,[]
4098,6,[]
4111,3,[]
4121,7,[]
4135,6,[]
4148,32,[]
4187,4,[]
4198,3,[]
4208,6,[]
4221,7,[]
4235,7,[]
4249,9,[]
4265,7,[]
4279,7,[]
4293,6,[]
4306,8,[]
4321,8,[]
4336,8,[]
4351,7,[]
4365,5,[]
4377,7,[]
4391,8,[]
4406,7,[]
4420,7,[]
4434,7,[]
4448,8,[]
4463,4,[]
4474,8,[]
4489,8,[]
4504,8,[]
4519,8,[0, 1, 2, 3, 4, 5, 6, 7]
4534,6,[]
4547,10,[]
4564,8,[]
4579,6,[]
0,11,[]
18,4,[]
29,6,[]
42,7,[]
56,7,[]
70,6,[]
83,8,[]
98,6,[]
111,7,[]
125,6,[]
138,8,[]
153,7,[]
167,7,[]
181,6,[]
194,6,[]
207,6,[]
220,7,[]
234,6,[]
247,6,[]
260,6,[]
273,7,[]
287,7,[]
301,5,[]
313,6,[]
326,8,[]
341,7,[]
355,7,[]
369,7,[]
383,8,[]
398,7,[]
412,27,[]
446,4,[]
457,6,[]
470,6,[]
483,8,[]
498,7,[]
512,7,[]
526,6,[]
539,7,[]
553,9,[]
569,7,[]
583,7,[]
597,8,[]
612,7,[]
626,7,[]
640,7,[]
654,8,[]
669,7,[]
683,7,[]
697,6,[]
710,7,[]
724,6,[]
737,7,[]
751,7,[]
765,8,[]
780,7,[]
794,7,[]
808,7,[]
822,8,[]
837,6,[]
850,31,[0, 1, 2, 3, 4, 5, 6, 7, 8, 9, 10, 11, 12, 13, 14, 15]
888,3,[]
898,5,[]
910,6,[]
923,8,[]
938,7,[]
952,7,[]
966,6,[]
979,7,[]
993,6,[]
1006,8,[]
1021,7,[]
1035,8,[]
1050,7,[]
1064,7,[]
1078,8,[]
1093,8,[]
1108,7,[]
1122,8,[]
1137,8,[]
1152,7,[]
1166,8,[]
1181,7,[]
1195,7,[]
1209,8,[0, 1, 2, 3, 4, 5, 6, 7]
1224,8,[]
1239,8,[]
1254,7,[]
1268,8,[]
1283,7,[]
1297,36,[]
1354,3,[]
1364,5,[]
1376,7,[]
1390,7,[]
1404,8,[]
1419,7,[]
1433,9,[]
1449,10,[]
1466,8,[]
1481,9,[]
1497,9,[]
1513,9,[]
1529,9,[]
1545,9,[]
1561,9,[]
1577,10,[]
1594,9,[]
1610,11,[]
1628,9,[]
1644,9,[]
1660,9,[]
1676,8,[]
1691,8,[]
1706,9,[]
1722,8,[0, 1, 2, 3, 4, 5, 6, 7]
1737,9,[]
1753,9,[]
1769,9,[]
1785,9,[]
1801,29,[]
1837,6,[]
1850,8,[]
1865,8,[]
1880,8,[]
1895,7,[]
1909,9,[]
1925,8,[]
1940,9,[]
1956,8,[]
1971,9,[]
1987,8,[]
2002,8,[]
2017,8,[]
2032,8,[]
2047,8,[]
2062,9,[]
2078,8,[]
2093,9,[]
2109,9,[]
2125,8,[]
2140,8,[]
2155,8,[]
2170,8,[]
2185,9,[]
2201,8,[]
2216,8,[]
2231,9,[]
2247,9,[]
2263,10,[]
2280,26,[]
2313,8,[]
2328,8,[]
2343,9,[]
2359,10,[]
2376,10,[]
2393,10,[]
2410,10,[]
2427,10,[]
2444,10,[]
2461,10,[]
2478,10,[]
2495,10,[]
2512,10,[]
2529,10,[]
2546,10,[]
2563,10,[]
2580,10,[]
2597,10,[]
2614,9,[]
2630,10,[]
2647,11,[]
2665,10,[]
2682,10,[]
2699,10,[]
2716,10,[]
2733,10,[]
2750,10,[]
2767,9,[]
2783,10,[]
2800,32,[0, 1, 2, 3, 4, 5, 6, 7]
2839,7,[]
2853,9,[]
2869,9,[]
2885,9,[]
2901,9,[]
2917,9,[]
2933,9,[]
2949,9,[]
2965,9,[]
2981,9,[]
2997,9,[]
3013,8,[]
3028,8,[]
3043,8,[]
3058,8,[]
3073,9,[]
3089,10,[]
3106,8,[]
3121,8,[]
3136,8,[]
3151,8,[]
3166,8,[]
3181,7,[]
3195,8,[]
3210,7,[]
3224,7,[]
3238,7,[]
3252,7,[]
3266,8,[]
3281,21,[]
3309,5,[]
3321,7,[]
3335,6,[]
3348,6,[]
3361,6,[]
3374,7,[]
3388,7,[]
3402,6,[]
3415,7,[]
3429,6,[]
3442,7,[]
3456,7,[]
3470,6,[]
3483,6,[]
3496,6,[]
3509,6,[]
3522,6,[]
3535,6,[]
3548,6,[]
3561,7,[]
3575,7,[]
3589,7,[]
3603,7,[]
3617,7,[]
3631,7,[]
3645,7,[]
3659,7,[]
3673,7,[]
3687,7,[]
3701,20,[]
3728,5,[]
3740,5,[]
3752,6,[]
3765,6,[]
3778,6,[]
3791,7,[]
3805,7,[]
3819,7,[]
3833,7,[]
3847,7,[]
3861,7,[]
3875,7,[]
3889,7,[]
3903,7,[]
3917,7,[]
3931,7,[]
3945,6,[]
3958,8,[0, 1, 2, 3, 4, 5, 6, 7]
3973,8,[]
3988,8,[]
4003,7,[]
4017,7,[]
4031,7,[]
4045,8,[]
4060,7,[]
4074,8,[]
4089,7,[]
4103,7,[]
4117,7,[]
4131,24,[]
4162,4,[]
4173,6,[]
4186,7,[]
4200,7,[]
4214,6,[]
4227,6,[]
4240,7,[]
4254,8,[]
4269,6,[]
4282,8,[]
4297,7,[]
4311,7,[]
4325,7,[]
4339,7,[]
4353,7,[]
4367,8,[]
4382,8,[]
4397,8,[]
4412,7,[]
4426,8,[]
4441,7,[]
4455,7,[]
4469,7,[]
4483,8,[]
4498,7,[]
4512,8,[]
4527,8,[]
4542,9,[]
4558,8,[]
0,24,[]
30,2,[]
38,10,[]
54,4,[]
64,6,[]
76,5,[]
87,5,[]
98,3,[]
107,8,[1, 2, 3, 4, 5, 6, 7]
121,6,[]
133,5,[]
144,5,[]
155,9,[]
170,10,[]
186,9,[]
201,6,[]
213,5,[]
224,5,[]
235,6,[]
247,10,[]
263,10,[]
279,9,[]
294,5,[]
305,5,[]
316,5,[]
327,7,[]
340,8,[]
354,6,[]
366,9,[]
381,7,[]
394,67,[]
507,2,[]
515,4,[]
525,6,[]
537,6,[]
549,5,[]
560,7,[]
573,7,[]
586,8,[]
600,7,[]
613,8,[0, 1, 2, 3, 4, 5, 6]
627,7,[]
640,5,[]
651,6,[]
663,6,[]
675,8,[]
689,7,[]
702,7,[]
715,8,[]
729,6,[]
741,10,[]
757,7,[]
770,7,[]
783,8,[]
797,8,[]
811,7,[]
824,8,[]
838,8,[]
852,8,[]
866,6,[]
878,61,[]
985,2,[]
993,4,[]
1003,5,[]
1014,6,[]
1026,8,[]
1040,8,[]
1054,8,[]
1068,9,[]
1083,8,[]
1097,6,[]
1109,7,[]
1122,8,[]
1136,7,[]
1149,7,[]
1162,7,[]
1175,8,[]
1189,7,[]
1202,8,[]
1216,8,[]
1230,7,[]
1243,6,[]
1255,6,[]
1267,6,[]
1279,9,[]
1294,8,[]
1308,8,[]
1322,7,[]
1335,7,[]
1348,7,[]
1361,58,[]
1465,3,[]
1474,6,[]
1486,6,[]
1498,8,[]
1512,7,[]
1525,8,[]
1539,7,[]
1552,8,[]
1566,7,[]
1579,7,[]
1592,9,[]
1607,8,[]
1621,7,[]
1634,8,[]
1648,8,[]
1662,8,[]
1676,8,[]
1690,7,[]
1703,8,[]
1717,7,[]
1730,7,[]
1743,9,[]
1758,6,[]
1770,6,[]
1782,8,[]
1796,8,[]
1810,7,[]
1823,9,[]
1838,8,[]
1852,59,[]
1957,2,[]
1965,5,[]
1976,6,[]
1988,6,[]
2000,4,[]
2010,8,[]
2024,6,[]
2036,8,[]
2050,9,[]
2065,4,[]
2075,6,[]
2087,7,[]
2100,7,[]
2113,7,[]
2126,8,[]
2140,7,[]
2153,6,[]
2165,6,[]
2177,7,[]
2190,7,[]
2203,6,[]
2215,8,[]
2229,7,[]
2242,7,[]
2255,8,[]
2269,7,[]
2282,5,[]
2293,7,[]
2306,6,[]
2318,66,[]
2430,2,[]
2438,3,[]
2447,6,[]
2459,8,[]
2473,7,[]
2486,7,[]
2499,6,[]
2511,7,[]
2524,8,[]
2538,6,[]
2550,6,[]
2562,6,[]
2574,7,[]
2587,9,[]
2602,7,[]
2615,7,[]
2628,8,[]
2642,10,[]
2658,6,[]
2670,6,[]
2682,8,[]
2696,8,[]
2710,7,[]
2723,7,[0, 1, 2, 3, 4, 5, 6]
2736,7,[]
2749,9,[]
2764,9,[]
2779,7,[]
2792,5,[]
2803,65,[]
2914,3,[]
2923,5,[]
2934,4,[]
2944,5,[]
2955,6,[]
2967,5,[]
2978,6,[]
2990,7,[]
3003,6,[]
3015,7,[]
3028,7,[]
3041,6,[]
3053,7,[]
3066,8,[]
3080,7,[]
3093,6,[]
3105,7,[]
3118,8,[]
3132,5,[]
3143,7,[]
3156,8,[]
3170,8,[]
3184,7,[]
3197,8,[]
3211,8,[]
3225,7,[]
3238,5,[]
3249,8,[]
3263,7,[]
3276,59,[]
3381,2,[]
3389,4,[]
3399,3,[]
3408,5,[]
3419,5,[]
3430,6,[]
3442,6,[]
3454,7,[]
3467,6,[]
3479,5,[]
3490,6,[]
3502,7,[]
3515,5,[]
3526,7,[]
3539,5,[]
3550,7,[]
3563,6,[]
3575,7,[]
3588,5,[]
3599,6,[]
3611,6,[]
3623,6,[]
3635,8,[]
3649,7,[]
3662,8,[]
3676,8,[]
3690,7,[]
3703,6,[]
3715,7,[]
3728,64,[]
3838,2,[]
3846,4,[]
3856,4,[]
3866,5,[]
3877,5,[]
3888,4,[]
3898,6,[]
3910,7,[]
3923,6,[]
3935,6,[]
3947,7,[]
3960,5,[]
3971,5,[]
3982,4,[]
3992,5,[]
4003,6,[]
4015,6,[]
4027,8,[]
4041,5,[]
4052,5,[]
4063,4,[]
4073,6,[]
4085,7,[]
4098,9,[]
4113,8,[]
4127,7,[]
4140,5,[]
4151,7,[]
4164,9,[]
4179,63,[]
4288,2,[]
4296,3,[]
4305,5,[]
4316,5,[]
4327,6,[]
4339,5,[]
4350,5,[]
4361,6,[]
4373,5,[]
4384,6,[]
4396,5,[]
4407,6,[]
4419,6,[]
4431,5,[]
4442,5,[]
4453,6,[]
4465,6,[]
4477,6,[]
4489,5,[]
4500,6,[]
4512,6,[]
4524,6,[]
4536,6,[]
4548,7,[]
4561,7,[]
4574,7,[]
4587,6,[]
4599,7,[]
4612,6,[]
0,12,[]
19,2,[]
28,4,[]
39,8,[]
54,6,[]
67,5,[]
79,7,[]
93,5,[]
105,5,[]
117,5,[]
129,5,[]
141,5,[]
153,5,[]
165,5,[]
177,5,[]
189,5,[]
201,5,[]
213,5,[]
225,5,[]
237,5,[]
249,6,[]
262,7,[]
276,10,[]
293,8,[]
308,10,[]
325,7,[]
339,5,[]
351,6,[]
364,8,[]
379,7,[]
393,31,[]
431,3,[]
441,4,[]
452,5,[]
464,7,[]
478,7,[]
492,8,[]
507,6,[]
520,6,[]
533,6,[]
546,7,[]
560,8,[]
575,8,[]
590,6,[]
603,8,[]
618,8,[]
633,7,[]
647,10,[]
664,10,[0, 1, 2, 3, 4, 5, 6, 7, 8, 9]
681,9,[]
697,8,[]
712,8,[]
727,9,[]
743,9,[]
759,10,[]
776,10,[]
793,10,[]
810,12,[]
829,12,[]
848,15,[]
870,40,[]
931,12,[]
950,14,[]
971,13,[]
991,12,[]
1010,12,[]
1029,12,[]
1048,14,[]
1069,11,[]
1087,11,[]
1105,12,[]
1124,12,[]
1143,12,[]
1162,12,[]
1181,10,[]
1198,10,[]
1215,11,[]
1233,9,[]
1249,9,[]
1265,9,[]
1281,9,[]
1297,9,[]
1313,9,[]
1329,10,[]
1346,10,[]
1363,11,[]
1381,11,[]
1399,11,[]
1417,12,[]
1436,9,[]
1452,26,[]
1485,8,[]
1500,7,[]
1514,8,[]
1529,10,[]
1546,10,[]
1563,10,[]
1580,9,[]
1596,10,[0, 1, 2, 3, 4, 5, 6, 7, 8, 9]
1613,9,[]
1629,10,[]
1646,10,[]
1663,10,[]
1680,10,[]
1697,9,[]
1713,8,[]
1728,9,[]
1744,7,[]
1758,8,[]
1773,7,[]
1787,7,[]
1801,6,[]
1814,7,[]
1828,7,[]
1842,7,[]
1856,7,[]
1870,7,[]
1884,7,[]
1898,7,[]
1912,7,[]
1926,30,[]
1963,4,[]
1974,5,[]
1986,6,[]
1999,5,[]
2011,6,[]
2024,5,[]
2036,8,[]
2051,5,[]
2063,4,[]
2074,5,[]
2086,5,[]
2098,6,[]
2111,6,[]
2124,6,[]
2137,6,[]
2150,6,[]
2163,6,[]
2176,8,[]
2191,7,[]
2205,7,[]
2219,7,[]
2233,7,[]
2247,8,[]
2262,7,[]
2276,8,[]
2291,8,[]
2306,7,[]
2320,7,[]
2334,7,[]
2348,26,[]
2381,4,[]
2392,5,[]
2404,6,[]
2417,6,[]
2430,6,[]
2443,6,[]
2456,6,[]
2469,6,[]
2482,6,[]
2495,7,[]
2509,6,[]
2522,7,[]
2536,7,[]
2550,7,[]
2564,6,[]
2577,7,[]
2591,7,[]
2605,6,[]
2618,6,[]
2631,7,[]
2645,7,[]
2659,7,[]
2673,7,[]
2687,7,[]
2701,7,[]
2715,7,[]
2729,7,[]
2743,6,[]
2756,6,[]
2769,22,[]
2798,4,[]
2809,5,[]
2821,6,[]
2834,5,[]
2846,5,[]
2858,6,[]
2871,5,[]
2883,5,[]
2895,6,[]
2908,6,[]
2921,6,[]
2934,6,[]
2947,6,[]
2960,6,[]
2973,6,[]
2986,6,[]
2999,6,[]
3012,7,[]
3026,6,[]
3039,7,[]
3053,7,[]
3067,5,[]
3079,6,[]
3092,6,[]
3105,6,[]
3118,6,[]
3131,7,[]
3145,6,[]
3158,7,[]
3172,21,[]
3200,4,[]
3211,5,[]
3223,5,[]
3235,6,[]
3248,6,[]
3261,6,[]
3274,7,[]
3288,6,[]
3301,6,[]
3314,5,[]
3326,7,[]
3340,6,[]
3353,6,[]
3366,5,[]
3378,6,[]
3391,6,[]
3404,6,[]
3417,6,[]
3430,8,[]
3445,5,[]
3457,5,[]
3469,5,[]
3481,7,[]
3495,6,[]
3508,6,[]
3521,6,[]
3534,6,[]
3547,7,[]
3561,7,[]
3575,21,[]
3603,5,[]
3615,6,[]
3628,6,[]
3641,6,[]
3654,8,[]
3669,7,[]
3683,8,[]
3698,8,[]
3713,8,[]
3728,8,[]
3743,8,[]
3758,9,[0, 1, 2, 3, 4, 5, 6, 7, 8]
3774,9,[]
3790,9,[]
3806,9,[]
3822,10,[]
3839,10,[]
3856,9,[]
3872,10,[]
3889,10,[]
3906,10,[]
3923,10,[]
3940,9,[]
3956,9,[]
3972,8,[]
3987,8,[]
4002,9,[]
4018,9,[]
4034,7,[]
4048,25,[]
4080,4,[]
4091,5,[]
4103,6,[]
4116,6,[]
4129,7,[]
4143,9,[]
4159,9,[]
4175,8,[]
4190,8,[]
4205,8,[]
4220,8,[]
4235,8,[]
4250,8,[]
4265,8,[]
4280,9,[]
4296,9,[]
4312,9,[0, 1, 2, 3, 4, 5, 6, 7, 8]
4328,10,[]
4345,9,[]
4361,10,[]
4378,10,[]
4395,8,[]
4410,9,[]
4426,9,[]
4442,9,[]
4458,10,[]
4475,9,[]
4491,9,[]
4507,5,[]
0,23,[]
29,4,[]
39,9,[]
54,7,[]
67,7,[]
80,9,[]
95,8,[0, 1, 2, 3, 4, 5, 6, 7]
109,9,[]
124,8,[]
138,10,[]
154,8,[]
168,10,[]
184,10,[]
200,7,[]
213,8,[0, 1, 2, 3, 4, 5, 6, 7]
227,7,[]
240,8,[]
254,8,[]
268,10,[]
284,8,[]
298,7,[]
311,8,[]
325,3,[]
334,2,[]
342,5,[]
353,5,[]
364,5,[]
375,6,[]
387,6,[]
399,7,[]
412,54,[]
513,4,[]
523,5,[]
534,6,[]
546,7,[]
559,8,[]
573,8,[]
587,8,[]
601,7,[]
614,7,[]
627,7,[]
640,7,[]
653,6,[]
665,8,[]
679,7,[]
692,7,[]
705,7,[]
718,7,[]
731,7,[]
744,8,[]
758,7,[]
771,7,[]
784,6,[]
796,8,[]
810,6,[]
822,6,[]
834,5,[]
845,6,[]
857,6,[]
869,7,[]
882,54,[]
983,4,[]
993,6,[]
1005,7,[]
1018,7,[]
1031,7,[]
1044,8,[]
1058,6,[]
1070,6,[]
1082,6,[]
1094,7,[]
1107,7,[]
1120,7,[]
1133,6,[]
1145,8,[]
1159,7,[]
1172,7,[]
1185,7,[]
1198,7,[]
1211,7,[]
1224,8,[]
1238,6,[]
1250,5,[]
1261,7,[]
1274,6,[]
1286,6,[]
1298,6,[]
1310,5,[]
1321,5,[]
1332,5,[]
1343,60,[]
1450,2,[]
1458,4,[]
1468,4,[]
1478,5,[]
1489,6,[]
1501,6,[]
1513,6,[]
1525,7,[]
1538,7,[]
1551,8,[]
1565,8,[]
1579,8,[]
1593,7,[]
1606,7,[]
1619,7,[]
1632,7,[]
1645,8,[]
1659,7,[]
1672,7,[]
1685,6,[]
1697,9,[]
1712,7,[]
1725,7,[]
1738,7,[]
1751,7,[0, 1, 2, 3, 4, 5, 6]
1764,7,[0, 1, 2, 3, 4, 5, 6]
1777,7,[]
1790,7,[]
1803,7,[]
1816,66,[]
1929,3,[]
1938,4,[]
1948,6,[]
1960,7,[]
1973,7,[]
1986,6,[]
1998,7,[]
2011,7,[]
2024,7,[]
2037,7,[]
2050,7,[]
2063,8,[0, 1, 2, 3, 4, 5, 6]
2077,7,[]
2090,7,[]
2103,7,[]
2116,7,[]
2129,7,[]
2142,8,[]
2156,7,[]
2169,8,[0, 1, 2, 3, 4, 5, 6, 7]
2183,7,[]
2196,7,[]
2209,6,[]
2221,7,[]
2234,7,[]
2247,6,[]
2259,6,[]
2271,7,[]
2284,7,[]
2297,70,[]
2414,2,[]
2422,4,[]
2432,5,[]
2443,7,[]
2456,6,[]
2468,6,[]
2480,6,[]
2492,6,[]
2504,7,[]
2517,8,[0, 1, 2, 3, 4, 5, 6, 7]
2531,9,[]
2546,7,[]
2559,7,[]
2572,8,[]
2586,8,[]
2600,9,[]
2615,7,[]
2628,7,[]
2641,7,[]
2654,8,[]
2668,7,[]
2681,7,[]
2694,6,[]
2706,9,[]
2721,8,[]
2735,8,[]
2749,8,[]
2763,8,[]
2777,7,[]
2790,76,[]
2913,2,[]
2921,3,[]
2930,4,[]
2940,5,[]
2951,5,[]
2962,5,[]
2973,6,[]
2985,6,[]
2997,6,[]
3009,6,[]
3021,8,[]
3035,7,[]
3048,6,[]
3060,7,[]
3073,8,[]
3087,8,[]
3101,6,[]
3113,6,[]
3125,6,[]
3137,9,[]
3152,6,[]
3164,7,[]
3177,7,[]
3190,7,[]
3203,5,[]
3214,7,[]
3227,7,[]
3240,8,[]
3254,8,[]
3268,74,[]
3389,2,[]
3397,4,[]
3407,4,[]
3417,5,[]
3428,6,[]
3440,5,[]
3451,5,[]
3462,5,[]
3473,6,[]
3485,5,[]
3496,5,[]
3507,6,[]
3519,6,[]
3531,6,[]
3543,6,[]
3555,6,[]
3567,6,[]
3579,6,[]
3591,6,[]
3603,6,[]
3615,7,[]
3628,7,[]
3641,7,[]
3654,7,[]
3667,6,[]
3679,7,[]
3692,7,[]
3705,7,[]
3718,8,[]
3732,60,[]
3839,3,[]
3848,4,[]
3858,4,[]
3868,4,[]
3878,5,[]
3889,5,[]
3900,5,[]
3911,5,[]
3922,5,[]
3933,6,[]
3945,6,[]
3957,7,[]
3970,6,[]
3982,6,[]
3994,6,[]
4006,6,[]
4018,6,[]
4030,6,[]
4042,6,[]
4054,6,[]
4066,5,[]
4077,6,[]
4089,6,[]
4101,6,[]
4113,6,[]
4125,6,[]
4137,7,[]
4150,8,[]
4164,8,[]
4178,56,[]
4281,3,[]
4290,4,[]
4300,5,[]
4311,5,[]
4322,6,[]
4334,6,[]
4346,5,[]
4357,5,[]
4368,5,[]
4379,5,[]
4390,5,[]
4401,7,[]
4414,6,[]
4426,5,[]
4437,5,[]
4448,6,[]
4460,7,[]
4473,7,[]
4486,6,[]
4498,7,[]
4511,6,[]
4523,6,[]
4535,6,[]
4547,7,[]
4560,7,[]
4573,6,[]
4585,7,[]
4598,7,[]
4611,3,[]
0,15,[]
22,2,[]
31,4,[]
42,7,[]
56,8,[]
71,6,[]
84,9,[]
100,6,[]
113,6,[]
126,6,[]
139,5,[]
151,5,[]
163,5,[]
175,4,[]
186,6,[]
199,7,[]
213,7,[]
227,7,[]
241,6,[]
254,6,[]
267,7,[]
281,6,[]
294,3,[]
304,7,[]
318,8,[]
333,7,[]
347,7,[]
361,8,[]
376,7,[]
390,6,[]
403,33,[]
443,3,[]
453,5,[]
465,6,[]
478,7,[]
492,8,[]
507,6,[]
520,7,[]
534,8,[]
549,7,[]
563,7,[]
577,6,[]
590,7,[]
604,7,[]
618,7,[]
632,6,[]
645,7,[]
659,7,[]
673,7,[]
687,7,[]
701,7,[]
715,7,[]
729,7,[]
743,7,[]
757,7,[]
771,6,[]
784,8,[]
799,7,[]
813,7,[]
827,7,[]
841,30,[]
878,5,[]
890,5,[]
902,7,[]
916,7,[]
930,7,[]
944,7,[]
958,7,[]
972,8,[]
987,8,[]
1002,8,[]
1017,8,[]
1032,8,[]
1047,8,[]
1062,9,[]
1078,7,[]
1092,10,[]
1109,8,[]
1124,10,[]
1141,7,[]
1155,8,[]
1170,7,[]
1184,9,[]
1200,9,[1, 2, 3, 4, 5, 6, 7, 8]
1216,12,[]
1235,13,[]
1255,13,[]
1275,12,[]
1294,11,[]
1312,11,[]
1330,39,[]
1393,10,[]
1410,10,[]
1427,10,[]
1444,10,[]
1461,10,[]
1478,10,[]
1495,9,[]
1511,9,[]
1527,9,[]
1543,10,[]
1560,10,[]
1577,10,[]
1594,10,[]
1611,10,[]
1628,12,[]
1647,12,[]
1666,10,[]
1683,14,[]
1704,9,[]
1720,10,[]
1737,10,[]
1754,12,[]
1773,13,[]
1793,14,[]
1814,12,[]
1833,11,[]
1851,11,[]
1869,11,[]
1887,11,[]
1905,43,[]
1972,6,[]
1985,7,[]
1999,6,[]
2012,7,[]
2026,7,[]
2040,7,[]
2054,7,[]
2068,7,[]
2082,8,[]
2097,9,[]
2113,8,[]
2128,8,[]
2143,8,[]
2158,8,[]
2173,7,[]
2187,6,[]
2200,6,[]
2213,6,[]
2226,6,[]
2239,7,[]
2253,6,[]
2266,7,[]
2280,6,[]
2293,7,[]
2307,7,[]
2321,6,[]
2334,6,[]
2347,8,[]
2362,7,[]
2376,34,[]
2417,5,[]
2429,6,[]
2442,6,[]
2455,6,[]
2468,7,[]
2482,7,[]
2496,7,[]
2510,7,[]
2524,8,[]
2539,8,[]
2554,9,[]
2570,9,[0, 1, 2, 3, 4, 5, 6, 7, 8]
2586,7,[]
2600,8,[]
2615,9,[]
2631,8,[]
2646,7,[]
2660,8,[]
2675,7,[]
2689,8,[]
2704,8,[]
2719,10,[]
2736,12,[]
2755,9,[]
2771,10,[]
2788,9,[]
2804,8,[]
2819,8,[]
2834,8,[]
2849,23,[]
2879,7,[]
2893,7,[]
2907,7,[]
2921,7,[]
2935,6,[]
2948,6,[]
2961,9,[0, 1, 2, 3, 4, 5, 6, 7, 8]
2977,7,[]
2991,7,[]
3005,7,[]
3019,5,[]
3031,6,[]
3044,11,[]
3062,14,[]
3083,13,[]
3103,5,[]
3115,7,[]
3129,8,[]
3144,8,[]
3159,11,[]
3177,8,[]
3192,7,[]
3206,8,[]
3221,9,[]
3237,9,[]
3253,7,[]
3267,8,[]
3282,7,[]
3296,8,[]
3311,19,[]
3337,4,[]
3348,4,[]
3359,5,[]
3371,6,[]
3384,4,[]
3395,9,[]
3411,10,[]
3428,9,[]
3444,5,[]
3456,5,[]
3468,12,[]
3487,3,[]
3497,3,[]
3507,9,[]
3523,5,[]
3535,5,[]
3547,13,[0, 1, 2, 3, 4, 5, 6, 7, 8, 9]
3567,3,[]
3577,3,[]
3587,4,[]
3598,3,[]
3608,5,[]
3620,4,[]
3631,4,[]
3642,4,[]
3653,5,[]
3665,5,[]
3677,5,[]
3689,5,[]
3701,24,[]
3732,3,[]
3742,4,[]
3753,6,[]
3766,6,[]
3779,7,[]
3793,6,[]
3806,9,[]
3822,6,[]
3835,7,[]
3849,7,[]
3863,7,[]
3877,7,[]
3891,7,[]
3905,7,[]
3919,7,[]
3933,5,[]
3945,6,[]
3958,7,[]
3972,6,[]
3985,10,[]
4002,8,[]
4017,2,[]
4026,10,[]
4043,9,[]
4059,9,[]
4075,10,[]
4092,10,[]
4109,11,[]
4127,9,[]
4143,39,[]
4206,5,[]
4218,6,[]
4231,7,[]
4245,7,[]
4259,7,[]
4273,7,[]
4287,7,[]
4301,6,[]
4314,7,[]
4328,9,[]
4344,9,[]
4360,8,[]
4375,8,[]
4390,8,[]
4405,8,[]
4420,7,[]
4434,7,[]
4448,6,[]
4461,6,[]
4474,6,[]
4487,6,[]
4500,6,[]
4513,6,[]
4526,8,[]
4541,7,[]
4555,8,[]
4570,8,[]
4585,9,[]
4601,8,[]
0,26,[9, 10, 11, 12, 13, 14, 15, 16]
32,1,[]
39,8,[]
53,1,[]
60,11,[]
77,9,[]
92,2,[]
100,8,[0, 1, 2, 3, 4, 5, 6, 7]
114,8,[]
128,1,[]
135,8,[]
149,8,[]
163,2,[]
171,8,[]
185,9,[]
200,1,[]
207,9,[]
222,9,[]
237,2,[]
245,8,[]
259,9,[]
274,2,[]
282,8,[0, 1, 2, 3, 4, 5, 6, 7]
296,8,[]
310,1,[]
317,8,[]
331,9,[]
346,1,[]
353,8,[]
367,7,[]
380,66,[]
481,7,[]
494,7,[]
507,2,[]
515,9,[]
530,8,[]
544,1,[]
551,10,[]
567,8,[]
581,2,[]
589,6,[]
601,4,[]
611,3,[]
620,8,[0, 1, 2, 3, 4, 5, 6, 7]
634,8,[]
648,3,[]
657,11,[]
674,9,[]
689,2,[]
697,11,[]
714,9,[]
729,2,[]
737,11,[]
754,10,[]
770,2,[]
778,9,[]
793,11,[]
810,2,[]
818,9,[]
833,8,[]
847,50,[]
932,5,[]
943,8,[]
957,3,[]
966,8,[]
980,9,[]
995,2,[]
1003,9,[]
1018,8,[]
1032,2,[]
1040,8,[]
1054,9,[]
1069,2,[]
1077,9,[]
1092,2,[]
1100,8,[]
1114,8,[]
1128,2,[]
1136,9,[]
1151,9,[0, 3, 4, 5, 6, 7, 8]
1166,9,[0, 1, 2, 3, 4, 5, 6, 7, 8]
1181,2,[]
1189,10,[]
1205,9,[]
1220,3,[]
1229,11,[]
1246,9,[]
1261,2,[]
1269,9,[]
1284,3,[]
1293,53,[]
1381,6,[]
1393,2,[]
1401,8,[]
1415,9,[0, 1, 2, 3, 4, 5, 6, 7, 8]
1430,7,[]
1443,3,[]
1452,8,[]
1466,2,[]
1474,8,[]
1488,7,[]
1501,6,[]
1513,2,[]
1521,9,[]
1536,2,[]
1544,7,[]
1557,7,[]
1570,8,[]
1584,2,[]
1592,8,[]
1606,2,[]
1614,8,[]
1628,7,[]
1641,2,[]
1649,9,[]
1664,8,[]
1678,2,[]
1686,8,[]
1700,8,[]
1714,4,[]
1724,49,[]
1808,5,[]
1819,2,[]
1827,9,[]
1842,8,[]
1856,3,[]
1865,10,[]
1881,9,[]
1896,3,[]
1905,10,[]
1921,11,[]
1938,1,[]
1945,9,[]
1960,8,[]
1974,3,[]
1983,9,[]
1998,9,[]
2013,3,[]
2022,9,[1, 2, 3, 4, 5, 6, 7, 8]
2037,9,[0, 1, 2, 3, 4, 5, 6, 7, 8]
2052,3,[]
2061,8,[]
2075,7,[]
2088,3,[]
2097,9,[]
2112,10,[]
2128,3,[]
2137,8,[]
2151,10,[]
2167,2,[]
2175,46,[]
2256,6,[]
2268,2,[]
2276,9,[]
2291,10,[]
2307,4,[]
2317,8,[]
2331,9,[]
2346,2,[]
2354,9,[]
2369,9,[]
2384,2,[]
2392,8,[]
2406,7,[]
2419,2,[]
2427,10,[]
2443,9,[]
2458,3,[]
2467,12,[]
2485,12,[]
2503,4,[]
2513,8,[]
2527,9,[]
2542,2,[]
2550,10,[]
2566,9,[]
2581,4,[]
2591,14,[]
2611,12,[]
2629,3,[]
2638,36,[]
2709,9,[]
2724,3,[]
2733,9,[]
2748,8,[]
2762,3,[]
2771,9,[]
2786,9,[]
2801,3,[]
2810,9,[]
2825,9,[]
2840,2,[]
2848,10,[]
2864,6,[]
2876,4,[]
2886,10,[]
2902,9,[]
2917,3,[]
2926,8,[]
2940,8,[]
2954,3,[]
2963,8,[]
2977,8,[]
2991,3,[]
3000,7,[]
3013,8,[]
3027,3,[]
3036,10,[]
3052,10,[]
3068,3,[]
3077,36,[]
3148,11,[]
3165,2,[]
3173,7,[]
3186,9,[]
3201,3,[]
3210,9,[]
3225,7,[]
3238,3,[]
3247,10,[]
3263,9,[]
3278,3,[]
3287,10,[]
3303,10,[]
3319,3,[]
3328,10,[]
3344,9,[]
3359,3,[]
3368,9,[]
3383,7,[]
3396,4,[]
3406,9,[0, 1, 2, 3, 4, 5, 6, 7, 8]
3421,7,[]
3434,3,[]
3443,9,[]
3458,9,[]
3473,4,[]
3483,8,[]
3497,8,[]
3511,4,[]
3521,43,[]
3599,7,[]
3612,3,[]
3621,6,[]
3633,6,[]
3645,3,[]
3654,7,[]
3667,8,[]
3681,3,[]
3690,8,[]
3704,3,[]
3713,8,[]
3727,6,[]
3739,7,[]
3752,3,[]
3761,8,[]
3775,9,[]
3790,3,[]
3799,9,[]
3814,10,[0, 1, 2, 3, 4, 5, 6, 7, 8, 9]
3830,4,[]
3840,10,[]
3856,9,[]
3871,4,[]
3881,9,[]
3896,8,[]
3910,3,[]
3919,9,[]
3934,8,[]
3948,2,[]
3956,39,[]
4030,6,[]
4042,2,[]
4050,7,[]
4063,9,[]
4078,3,[]
4087,10,[]
4103,9,[]
4118,4,[]
4128,10,[]
4144,8,[]
4158,4,[]
4168,10,[]
4184,9,[]
4199,4,[]
4209,9,[]
4224,9,[]
4239,3,[]
4248,9,[]
4263,9,[]
4278,4,[]
4288,8,[]
4302,9,[]
4317,4,[]
4327,8,[]
4341,8,[]
4355,4,[]
4365,8,[]
4379,7,[]
4392,3,[]
0,17,[]
24,4,[]
35,9,[]
51,9,[]
67,9,[]
83,9,[0, 1, 2, 3, 4, 5, 6, 7, 8]
99,11,[]
117,10,[]
134,10,[]
151,10,[]
168,10,[]
185,10,[]
202,10,[]
219,9,[]
235,9,[]
251,9,[]
267,10,[]
284,9,[]
300,10,[]
317,9,[]
333,10,[]
350,10,[]
367,5,[]
379,8,[]
394,7,[]
408,7,[]
422,8,[]
437,8,[]
452,8,[0, 1, 2, 3, 4, 5, 6, 7]
467,8,[]
482,28,[]
517,5,[]
529,6,[]
542,6,[]
555,6,[]
568,8,[]
583,8,[]
598,8,[]
613,8,[]
628,8,[]
643,8,[]
658,8,[]
673,9,[]
689,7,[]
703,7,[]
717,7,[]
731,7,[]
745,7,[]
759,7,[]
773,7,[]
787,7,[]
801,7,[]
815,7,[]
829,7,[]
843,7,[]
857,7,[]
871,8,[]
886,7,[]
900,8,[]
915,7,[]
929,28,[]
964,4,[]
975,6,[]
988,8,[]
1003,8,[]
1018,8,[]
1033,8,[]
1048,7,[]
1062,8,[]
1077,8,[]
1092,8,[]
1107,8,[]
1122,8,[]
1137,8,[]
1152,8,[]
1167,8,[]
1182,8,[]
1197,7,[]
1211,7,[]
1225,7,[]
1239,7,[]
1253,6,[]
1266,7,[]
1280,7,[]
1294,7,[]
1308,7,[]
1322,7,[]
1336,7,[]
1350,7,[]
1364,7,[]
1378,25,[]
1410,3,[]
1420,4,[]
1431,6,[]
1444,7,[]
1458,7,[]
1472,6,[]
1485,7,[]
1499,6,[]
1512,6,[]
1525,7,[]
1539,6,[]
1552,6,[]
1565,5,[]
1577,5,[]
1589,4,[]
1600,5,[]
1612,5,[]
1624,6,[]
1637,7,[]
1651,6,[]
1664,7,[]
1678,7,[]
1692,7,[]
1706,7,[]
1720,7,[]
1734,8,[]
1749,8,[]
1764,8,[]
1779,7,[]
1793,29,[]
1829,4,[]
1840,6,[]
1853,8,[]
1868,8,[]
1883,7,[]
1897,7,[]
1911,10,[]
1928,7,[]
1942,7,[]
1956,7,[]
1970,7,[]
1984,7,[]
1998,7,[]
2012,7,[]
2026,7,[]
2040,7,[]
2054,7,[]
2068,8,[]
2083,7,[]
2097,6,[]
2110,6,[]
2123,8,[]
2138,7,[]
2152,9,[]
2168,9,[]
2184,9,[]
2200,9,[]
2216,8,[]
2231,8,[]
2246,30,[]
2283,5,[]
2295,6,[]
2308,7,[]
2322,7,[]
2336,8,[]
2351,8,[]
2366,8,[]
2381,8,[]
2396,9,[]
2412,9,[]
2428,8,[]
2443,8,[]
2458,8,[]
2473,8,[]
2488,8,[]
2503,8,[0, 1, 2, 3, 4, 5, 6, 7]
2518,9,[]
2534,8,[]
2549,8,[]
2564,7,[]
2578,7,[]
2592,8,[]
2607,7,[]
2621,8,[]
2636,8,[]
2651,8,[]
2666,7,[]
2680,7,[]
2694,7,[]
2708,26,[]
2741,4,[]
2752,6,[]
2765,6,[]
2778,7,[]
2792,8,[]
2807,7,[]
2821,7,[]
2835,7,[]
2849,6,[]
2862,6,[]
2875,7,[]
2889,7,[]
2903,6,[]
2916,6,[]
2929,7,[]
2943,7,[]
2957,7,[]
2971,8,[]
2986,8,[]
3001,8,[]
3016,8,[]
3031,7,[]
3045,7,[]
3059,7,[]
3073,7,[]
3087,7,[]
3101,6,[]
3114,7,[]
3128,7,[]
3142,24,[0, 1, 2, 3, 4, 5, 6, 7, 8, 9, 10, 11]
3173,4,[]
3184,6,[]
3197,6,[]
3210,6,[]
3223,7,[]
3237,7,[]
3251,6,[]
3264,7,[]
3278,7,[]
3292,6,[]
3305,6,[]
3318,6,[]
3331,6,[]
3344,6,[]
3357,6,[]
3370,6,[]
3383,6,[]
3396,6,[]
3409,8,[]
3424,6,[]
3437,6,[]
3450,7,[]
3464,7,[]
3478,8,[]
3493,8,[]
3508,7,[]
3522,7,[]
3536,7,[]
3550,7,[]
3564,20,[0, 1, 2, 3, 4, 5, 6, 7, 8]
3591,4,[]
3602,5,[]
3614,6,[]
3627,6,[]
3640,6,[]
3653,6,[]
3666,6,[]
3679,6,[]
3692,7,[]
3706,7,[]
3720,7,[]
3734,6,[]
3747,6,[]
3760,7,[]
3774,8,[]
3789,8,[]
3804,7,[]
3818,8,[]
3833,7,[]
3847,7,[]
3861,7,[]
3875,7,[]
3889,7,[]
3903,6,[]
3916,7,[]
3930,6,[]
3943,7,[]
3957,7,[]
3971,8,[]
3986,21,[]
4014,5,[]
4026,7,[]
4040,8,[]
4055,7,[]
4069,7,[]
4083,8,[]
4098,7,[]
4112,7,[]
4126,8,[]
4141,8,[]
4156,8,[]
4171,8,[]
4186,8,[]
4201,8,[]
4216,8,[]
4231,8,[]
4246,8,[]
4261,8,[]
4276,8,[]
4291,8,[]
4306,8,[]
4321,8,[]
4336,8,[]
4351,7,[]
4365,7,[]
4379,8,[]
4394,8,[]
4409,7,[]
4423,3,[]
0,25,[]
31,15,[]
52,12,[]
70,10,[]
86,10,[]
102,13,[]
121,10,[]
137,10,[]
153,11,[]
170,9,[]
185,9,[]
200,8,[]
214,9,[]
229,10,[]
245,11,[]
262,11,[]
279,11,[]
296,10,[]
312,11,[]
329,11,[]
346,11,[]
363,3,[]
372,10,[]
388,6,[]
400,6,[]
412,9,[]
427,10,[]
443,10,[]
459,11,[]
476,10,[]
492,34,[]
532,7,[]
545,8,[]
559,7,[]
572,7,[]
585,6,[]
597,8,[0, 1, 2, 3, 4, 5, 6]
611,8,[]
625,7,[]
638,5,[]
649,6,[]
661,5,[]
672,6,[]
684,8,[]
698,6,[]
710,7,[]
723,6,[]
735,6,[]
747,5,[]
758,6,[]
770,6,[]
782,5,[]
793,5,[]
804,5,[]
815,6,[]
827,5,[]
838,5,[]
849,5,[]
860,4,[]
870,5,[]
881,20,[]
907,3,[]
916,4,[]
926,4,[]
936,5,[]
947,5,[]
958,4,[]
968,4,[]
978,5,[]
989,5,[]
1000,5,[]
1011,6,[]
1023,6,[]
1035,6,[]
1047,6,[]
1059,6,[]
1071,6,[]
1083,6,[]
1095,5,[]
1106,5,[]
1117,6,[]
1129,6,[]
1141,7,[]
1154,8,[]
1168,7,[]
1181,7,[]
1194,7,[]
1207,7,[]
1220,9,[]
1235,7,[]
1248,20,[]
1274,6,[]
1286,7,[]
1299,7,[0, 1, 2, 3, 4, 5, 6]
1312,8,[0, 1, 2, 3, 4, 5, 6, 7]
1326,8,[]
1340,7,[]
1353,8,[]
1367,7,[]
1380,8,[]
1394,8,[]
1408,6,[]
1420,8,[]
1434,6,[]
1446,6,[]
1458,8,[]
1472,6,[]
1484,7,[]
1497,6,[]
1509,7,[]
1522,6,[]
1534,7,[]
1547,5,[]
1558,7,[]
1571,6,[]
1583,7,[]
1596,6,[]
1608,7,[]
1621,8,[]
1635,8,[]
1649,22,[]
1677,4,[]
1687,6,[]
1699,6,[]
1711,7,[]
1724,8,[]
1738,7,[]
1751,8,[]
1765,8,[]
1779,5,[]
1790,6,[]
1802,6,[]
1814,7,[]
1827,6,[]
1839,6,[]
1851,7,[]
1864,7,[]
1877,7,[]
1890,7,[]
1903,7,[]
1916,6,[]
1928,6,[]
1940,6,[]
1952,5,[]
1963,7,[]
1976,5,[]
1987,5,[]
1998,5,[]
2009,5,[]
2020,7,[]
2033,26,[]
2065,3,[]
2074,4,[]
2084,5,[]
2095,6,[]
2107,6,[]
2119,6,[]
2131,7,[]
2144,6,[]
2156,7,[]
2169,8,[]
2183,8,[]
2197,8,[]
2211,7,[]
2224,7,[]
2237,8,[]
2251,8,[0, 1, 2, 3, 4, 5, 6, 7]
2265,7,[]
2278,7,[]
2291,7,[]
2304,7,[]
2317,7,[]
2330,7,[]
2343,7,[]
2356,9,[]
2371,7,[]
2384,7,[]
2397,5,[]
2408,8,[]
2422,6,[]
2434,29,[]
2469,3,[]
2478,4,[]
2488,5,[]
2499,5,[]
2510,6,[]
2522,6,[]
2534,6,[]
2546,7,[]
2559,5,[]
2570,5,[]
2581,6,[]
2593,6,[]
2605,5,[]
2616,7,[]
2629,5,[]
2640,6,[]
2652,5,[]
2663,5,[]
2674,7,[]
2687,7,[]
2700,5,[]
2711,6,[]
2723,7,[]
2736,7,[]
2749,6,[]
2761,7,[]
2774,7,[]
2787,6,[]
2799,7,[]
2812,35,[]
2870,3,[]
2879,4,[]
2889,4,[]
2899,4,[]
2909,4,[]
2919,6,[]
2931,5,[]
2942,6,[]
2954,5,[]
2965,5,[]
2976,6,[]
2988,7,[]
3001,7,[]
3014,6,[]
3026,6,[]
3038,7,[]
3051,7,[]
3064,7,[]
3077,6,[]
3089,7,[]
3102,7,[]
3115,7,[]
3128,8,[]
3142,9,[0, 1, 2, 3, 4, 5, 6]
3157,8,[]
3171,7,[]
3184,7,[]
3197,6,[]
3209,6,[]
3221,46,[]
3290,2,[]
3298,3,[]
3307,4,[]
3317,6,[]
3329,4,[]
3339,7,[]
3352,5,[]
3363,7,[]
3376,5,[]
3387,6,[]
3399,6,[]
3411,6,[]
3423,7,[]
3436,8,[]
3450,8,[]
3464,7,[]
3477,7,[]
3490,8,[]
3504,7,[]
3517,8,[]
3531,8,[]
3545,8,[]
3559,6,[]
3571,7,[]
3584,8,[]
3598,7,[]
3611,6,[]
3623,6,[]
3635,7,[]
3648,32,[15, 16, 17, 18, 19, 20, 21, 22, 23, 24]
3686,4,[]
3696,5,[]
3707,7,[]
3720,7,[]
3733,7,[]
3746,7,[]
3759,8,[]
3773,9,[]
3788,10,[]
3804,8,[]
3818,9,[]
3833,9,[]
3848,9,[]
3863,9,[]
3878,8,[]
3892,9,[]
3907,8,[]
3921,9,[]
3936,9,[]
3951,8,[]
3965,8,[]
3979,9,[]
3994,9,[]
4009,9,[]
4024,8,[]
4038,10,[]
4054,8,[]
4068,9,[]
4083,9,[]
0,22,[]
28,1,[]
35,7,[]
48,3,[]
57,10,[]
73,6,[]
85,14,[]
105,2,[]
113,12,[]
131,4,[]
141,13,[]
160,3,[]
169,13,[]
188,2,[]
196,13,[]
215,4,[]
225,13,[]
244,5,[]
255,13,[]
274,4,[]
284,12,[]
302,5,[]
313,10,[]
329,2,[]
337,6,[]
349,14,[0, 1, 2, 3, 4, 5, 6, 7, 8, 9]
369,10,[]
385,7,[]
398,10,[]
414,7,[]
427,52,[]
507,6,[]
519,4,[]
529,8,[]
543,7,[]
556,6,[]
568,4,[]
578,12,[]
596,4,[]
606,11,[]
623,6,[]
635,14,[]
655,2,[]
663,13,[]
682,3,[]
691,13,[]
710,5,[]
721,13,[]
740,3,[]
749,12,[]
767,5,[]
778,10,[]
794,2,[]
802,9,[]
817,4,[]
827,10,[2, 3, 4, 5, 6, 7, 8, 9]
843,4,[]
853,10,[]
869,4,[]
879,10,[]
895,31,[]
932,9,[]
947,3,[]
956,9,[]
971,4,[]
981,10,[]
997,3,[]
1006,10,[]
1022,4,[]
1032,9,[]
1047,4,[]
1057,10,[0, 1, 2, 3, 4, 5, 6, 7, 8, 9]
1073,4,[]
1083,9,[]
1098,5,[]
1109,9,[]
1124,5,[]
1135,9,[]
1150,6,[]
1162,9,[]
1177,5,[]
1188,10,[]
1204,2,[]
1212,9,[]
1227,5,[]
1238,10,[]
1254,5,[]
1265,9,[]
1280,4,[]
1290,9,[]
1305,33,[14, 18, 27, 28, 29, 30, 31, 32]
1344,7,[]
1357,3,[]
1366,8,[]
1380,4,[]
1390,9,[]
1405,5,[]
1416,9,[]
1431,4,[]
1441,9,[]
1456,5,[]
1467,11,[]
1484,3,[]
1493,9,[]
1508,5,[]
1519,9,[]
1534,5,[]
1545,9,[]
1560,5,[]
1571,10,[]
1587,5,[]
1598,10,[]
1614,5,[]
1625,9,[]
1640,5,[]
1651,9,[]
1666,5,[]
1677,10,[]
1693,5,[]
1704,10,[]
1720,33,[]
1759,8,[]
1773,4,[]
1783,8,[]
1797,4,[]
1807,9,[]
1822,5,[]
1833,10,[]
1849,5,[]
1860,9,[]
1875,4,[]
1885,10,[]
1901,5,[]
1912,8,[]
1926,5,[]
1937,9,[]
1952,5,[]
1963,8,[]
1977,5,[]
1988,9,[]
2003,5,[]
2014,9,[]
2029,5,[]
2040,8,[]
2054,5,[]
2065,9,[]
2080,5,[]
2091,8,[]
2105,5,[]
2116,9,[]
2131,34,[]
2171,5,[]
2182,3,[]
2191,8,[]
2205,4,[]
2215,8,[]
2229,5,[]
2240,9,[]
2255,4,[]
2265,9,[]
2280,5,[]
2291,10,[]
2307,2,[]
2315,9,[]
2330,5,[]
2341,8,[]
2355,5,[]
2366,9,[]
2381,4,[]
2391,9,[]
2406,5,[]
2417,10,[]
2433,2,[]
2441,9,[]
2456,5,[]
2467,10,[]
2483,4,[]
2493,10,[]
2509,5,[]
2520,9,[]
2535,39,[]
2602,5,[]
2613,3,[]
2622,7,[]
2635,5,[]
2646,9,[]
2661,5,[]
2672,10,[]
2688,5,[]
2699,9,[]
2714,5,[]
2725,8,[]
2739,4,[]
2749,9,[]
2764,3,[]
2773,8,[]
2787,6,[]
2799,9,[]
2814,3,[]
2823,9,[]
2838,5,[]
2849,9,[]
2864,3,[]
2873,9,[]
2888,5,[]
2899,9,[]
2914,4,[]
2924,9,[]
2939,3,[]
2948,8,[]
2962,31,[6, 7, 8, 9, 10, 11, 12, 13, 14, 15, 16, 17, 18, 19, 20, 21, 22, 23, 24, 25, 26, 27, 28, 29]
2999,8,[]
3013,2,[]
3021,7,[]
3034,3,[]
3043,9,[]
3058,3,[]
3067,9,[]
3082,3,[]
3091,10,[]
3107,3,[]
3116,10,[]
3132,5,[]
3143,12,[]
3161,4,[]
3171,11,[]
3188,4,[]
3198,10,[]
3214,4,[]
3224,12,[]
3242,3,[]
3251,9,[]
3266,4,[]
3276,9,[]
3291,4,[]
3301,15,[]
3322,9,[]
3337,8,[]
3351,9,[]
3366,9,[]
3381,36,[]
3445,7,[]
3458,8,[]
3472,8,[]
3486,10,[]
3502,8,[]
3516,3,[]
3525,9,[]
3540,10,[]
3556,9,[]
3571,9,[]
3586,8,[]
3600,12,[]
3618,10,[]
3634,9,[]
3649,6,[]
3661,7,[0, 1, 2, 3, 4, 5, 6]
3674,12,[]
3692,9,[]
3707,3,[]
3716,8,[]
3730,3,[]
3739,11,[]
3756,3,[]
3765,8,[]
3779,4,[]
3789,9,[]
3804,4,[]
3814,10,[]
3830,4,[]
3840,33,[13, 14, 19, 20, 21, 22, 23, 24, 25, 26, 27, 28, 29, 30]
3879,1,[]
3886,5,[]
3897,4,[]
3907,11,[]
3924,4,[]
3934,8,[]
3948,3,[]
3957,8,[]
3971,7,[0, 1, 2, 3, 4, 5, 6]
3984,9,[]
3999,5,[]
4010,7,[]
4023,5,[]
4034,7,[]
4047,5,[]
4058,8,[]
4072,6,[]
4084,7,[]
4097,6,[]
4109,8,[]
4123,6,[]
4135,8,[]
4149,6,[]
4161,8,[]
4175,6,[]
4187,8,[]
4201,6,[]
4213,9,[]
4228,6,[]
0,20,[]
27,1,[]
35,10,[]
52,9,[]
68,1,[]
76,10,[]
93,1,[]
101,8,[]
116,2,[]
125,9,[]
141,1,[]
149,10,[]
166,1,[]
174,10,[1, 2, 3, 4, 5, 6, 7, 8, 9]
191,10,[0, 1, 2, 3, 4, 5, 6, 7]
208,1,[]
216,11,[]
234,1,[]
242,9,[]
258,1,[]
266,8,[]
281,10,[]
298,2,[]
307,12,[]
326,2,[]
335,11,[]
353,2,[]
362,10,[]
379,2,[]
388,9,[]
404,49,[]
478,7,[]
492,7,[]
506,1,[]
514,8,[]
529,1,[]
537,8,[]
552,2,[]
561,7,[]
575,9,[]
591,1,[]
599,4,[]
610,3,[]
620,6,[]
633,5,[]
645,7,[]
659,5,[]
671,8,[]
686,3,[]
696,8,[]
711,8,[]
726,2,[]
735,6,[]
748,2,[]
757,8,[]
772,3,[]
782,9,[]
798,7,[]
812,3,[]
822,8,[]
837,40,[]
902,9,[]
918,2,[]
927,11,[]
945,3,[]
955,11,[]
973,2,[]
982,11,[]
1000,13,[]
1020,5,[]
1032,11,[]
1050,3,[]
1060,12,[]
1079,2,[]
1088,9,[]
1104,9,[]
1120,2,[]
1129,9,[]
1145,3,[]
1155,11,[]
1173,3,[]
1183,9,[]
1199,4,[]
1210,10,[]
1227,5,[]
1239,11,[]
1257,13,[]
1277,5,[]
1289,11,[]
1307,6,[]
1320,33,[]
1360,1,[]
1368,9,[]
1384,8,[]
1399,5,[]
1411,13,[]
1431,5,[]
1443,11,[]
1461,4,[]
1472,11,[]
1490,3,[]
1500,10,[]
1517,5,[]
1529,11,[]
1547,9,[]
1563,3,[]
1573,9,[]
1589,6,[]
1602,11,[]
1620,5,[]
1632,12,[]
1651,10,[]
1668,5,[]
1680,11,[]
1698,5,[]
1710,12,[]
1729,5,[]
1741,12,[]
1760,4,[]
1771,11,[]
1789,27,[]
1823,9,[]
1839,6,[]
1852,4,[]
1863,10,[]
1880,5,[]
1892,10,[]
1909,5,[]
1921,10,[]
1938,11,[]
1956,6,[]
1969,10,[]
1986,3,[]
1996,9,[]
2012,4,[]
2023,11,[0, 1, 2, 3, 4, 5, 6, 7, 8]
2041,4,[]
2052,10,[]
2069,5,[]
2081,9,[]
2097,9,[]
2113,4,[]
2124,11,[]
2142,5,[]
2154,10,[]
2171,5,[]
2183,11,[2, 3, 4, 5, 6, 7, 8, 9, 10]
2201,8,[]
2216,5,[]
2228,11,[]
2246,27,[]
2280,7,[]
2294,3,[]
2304,9,[]
2320,5,[]
2332,11,[]
2350,5,[]
2362,11,[]
2380,9,[]
2396,3,[]
2406,10,[]
2423,4,[]
2434,10,[]
2451,6,[]
2464,10,[]
2481,10,[]
2498,4,[]
2509,10,[]
2526,6,[]
2539,11,[]
2557,5,[]
2569,10,[]
2586,5,[]
2598,10,[]
2615,5,[]
2627,9,[]
2643,8,[]
2658,4,[]
2669,10,[]
2686,5,[]
2698,28,[]
2733,1,[]
2741,11,[]
2759,8,[]
2774,5,[]
2786,5,[]
2798,6,[]
2811,15,[]
2833,9,[]
2849,4,[]
2860,11,[]
2878,5,[]
2890,10,[]
2907,9,[]
2923,8,[]
2938,4,[]
2949,9,[]
2965,6,[]
2978,10,[]
2995,4,[]
3006,10,[]
3023,12,[]
3042,5,[]
3054,10,[]
3071,6,[]
3084,11,[]
3102,4,[]
3113,11,[]
3131,5,[]
3143,10,[]
3160,34,[]
3201,1,[]
3209,8,[]
3224,8,[]
3239,5,[]
3251,10,[]
3268,6,[]
3281,9,[]
3297,9,[]
3313,7,[]
3327,5,[]
3339,6,[]
3352,5,[]
3364,9,[]
3380,5,[]
3392,10,[]
3409,6,[]
3422,10,[]
3439,6,[]
3452,9,[]
3468,8,[]
3483,6,[]
3496,10,[]
3513,5,[]
3525,10,[]
3542,5,[]
3554,6,[]
3567,12,[]
3586,5,[]
3598,8,[]
3613,30,[]
3650,7,[]
3664,3,[]
3674,6,[]
3687,10,[]
3704,6,[]
3717,10,[]
3734,5,[]
3746,11,[]
3764,10,[]
3781,9,[]
3797,4,[]
3808,9,[]
3824,5,[]
3836,4,[]
3847,11,[]
3865,5,[]
3877,11,[1, 2, 3, 4, 5, 6, 7, 8, 9, 10]
3895,9,[]
3911,9,[]
3927,5,[]
3939,5,[]
3951,12,[]
3970,6,[]
3983,10,[]
4000,6,[]
4013,12,[]
4032,10,[]
4049,9,[]
4065,6,[]
4078,28,[]
4113,1,[]
4121,1,[]
4129,9,[]
4145,5,[]
4157,13,[]
4177,5,[]
4189,11,[]
4207,10,[]
4224,5,[]
4236,10,[]
4253,6,[]
4266,8,[]
4281,8,[]
4296,8,[]
4311,6,[]
4324,6,[]
4337,11,[]
4355,5,[]
4367,10,[]
4384,10,[]
4401,9,[]
4417,6,[]
4430,6,[]
4443,5,[]
4455,13,[]
4475,12,[]
4494,5,[]
4506,11,[]
4524,6,[]
0,17,[]
24,3,[]
34,7,[]
48,6,[]
61,10,[]
78,7,[]
92,6,[]
105,8,[]
120,7,[]
134,8,[]
149,8,[]
164,8,[]
179,8,[]
194,5,[]
206,6,[]
219,7,[]
233,7,[]
247,8,[]
262,7,[]
276,8,[]
291,9,[]
307,7,[]
321,4,[]
332,6,[]
345,4,[]
356,11,[]
374,7,[]
388,7,[]
402,8,[]
417,7,[]
431,25,[]
463,6,[]
476,9,[0, 1, 2, 3, 4, 5, 6, 7, 8]
492,9,[]
508,10,[]
525,10,[]
542,9,[]
558,11,[]
576,9,[]
592,11,[]
610,11,[]
628,11,[]
646,11,[]
664,11,[]
682,11,[]
700,11,[]
718,10,[]
735,9,[]
751,9,[]
767,9,[]
783,8,[]
798,10,[]
815,8,[]
830,8,[]
845,8,[]
860,8,[]
875,8,[]
890,7,[]
904,7,[]
918,8,[0, 1, 2, 3, 4, 5, 6, 7]
933,39,[]
997,2,[]
1006,5,[]
1018,6,[]
1031,6,[]
1044,6,[]
1057,6,[]
1070,6,[]
1083,7,[]
1097,5,[]
1109,6,[]
1122,6,[]
1135,7,[]
1149,6,[]
1162,7,[]
1176,7,[]
1190,6,[]
1203,6,[]
1216,6,[]
1229,6,[]
1242,7,[]
1256,6,[]
1269,5,[]
1281,8,[]
1296,7,[]
1310,7,[]
1324,8,[]
1339,7,[]
1353,8,[]
1368,6,[]
1381,39,[]
1445,3,[]
1455,4,[]
1466,5,[]
1478,6,[]
1491,6,[]
1504,6,[]
1517,6,[]
1530,6,[]
1543,5,[]
1555,6,[]
1568,7,[]
1582,7,[]
1596,6,[]
1609,6,[]
1622,7,[]
1636,7,[]
1650,5,[]
1662,6,[]
1675,6,[]
1688,6,[]
1701,8,[]
1716,6,[]
1729,5,[]
1741,5,[]
1753,6,[]
1766,6,[]
1779,7,[]
1793,5,[]
1805,7,[]
1819,43,[]
1887,4,[]
1898,6,[]
1911,4,[]
1922,6,[]
1935,8,[]
1950,7,[]
1964,6,[]
1977,7,[]
1991,8,[]
2006,7,[]
2020,7,[]
2034,8,[]
2049,6,[]
2062,8,[]
2077,8,[0, 1, 2, 3, 4, 5, 6, 7]
2092,8,[]
2107,8,[]
2122,7,[]
2136,7,[]
2150,7,[]
2164,7,[]
2178,8,[]
2193,9,[]
2209,8,[0, 1, 2, 3, 4, 5, 6, 7]
2224,9,[]
2240,9,[]
2256,10,[]
2273,9,[]
2289,9,[]
2305,33,[]
2345,8,[]
2360,9,[]
2376,9,[]
2392,7,[]
2406,8,[]
2421,9,[]
2437,10,[]
2454,11,[]
2472,10,[]
2489,9,[]
2505,9,[]
2521,8,[]
2536,9,[]
2552,9,[]
2568,9,[]
2584,10,[]
2601,10,[]
2618,9,[]
2634,8,[]
2649,6,[]
2662,7,[]
2676,8,[]
2691,8,[]
2706,7,[]
2720,7,[]
2734,8,[]
2749,8,[]
2764,7,[]
2778,6,[]
2791,24,[]
2822,3,[]
2832,6,[]
2845,5,[]
2857,5,[]
2869,5,[]
2881,5,[]
2893,6,[]
2906,6,[]
2919,6,[]
2932,5,[]
2944,5,[]
2956,5,[]
2968,6,[]
2981,6,[]
2994,5,[]
3006,6,[]
3019,5,[]
3031,6,[]
3044,6,[]
3057,7,[]
3071,6,[]
3084,6,[]
3097,7,[]
3111,5,[]
3123,8,[]
3138,7,[]
3152,7,[]
3166,7,[]
3180,6,[]
3193,26,[]
3226,3,[]
3236,5,[]
3248,6,[]
3261,6,[]
3274,7,[]
3288,6,[]
3301,5,[]
3313,5,[]
3325,6,[]
3338,6,[]
3351,4,[]
3362,6,[]
3375,5,[]
3387,6,[]
3400,7,[]
3414,4,[]
3425,5,[]
3437,8,[]
3452,6,[]
3465,5,[]
3477,7,[]
3491,6,[]
3504,7,[]
3518,5,[]
3530,6,[]
3543,5,[]
3555,6,[]
3568,7,[]
3582,6,[]
3595,31,[]
3633,3,[]
3643,4,[]
3654,6,[]
3667,6,[]
3680,6,[]
3693,5,[]
3705,5,[]
3717,6,[]
3730,8,[]
3745,6,[]
3758,6,[]
3771,6,[]
3784,6,[]
3797,6,[]
3810,6,[]
3823,6,[]
3836,6,[]
3849,7,[]
3863,7,[]
3877,7,[]
3891,7,[]
3905,6,[]
3918,7,[]
3932,8,[]
3947,7,[]
3961,6,[]
3974,8,[]
3989,7,[]
4003,9,[]
4019,32,[]
4058,5,[]
4070,8,[]
4085,8,[]
4100,8,[]
4115,8,[]
4130,8,[]
4145,9,[]
4161,8,[]
4176,9,[]
4192,10,[]
4209,11,[]
4227,8,[]
4242,9,[]
4258,9,[]
4274,8,[]
4289,9,[]
4305,8,[]
4320,7,[]
4334,10,[]
4351,8,[]
4366,7,[]
4380,7,[]
4394,7,[]
4408,7,[]
4422,8,[]
4437,9,[]
4453,9,[]
4469,9,[]
4485,8,[]
0,24,[]
31,2,[]
40,9,[]
56,8,[]
71,9,[]
87,7,[]
101,9,[]
117,5,[]
129,8,[]
144,13,[]
164,8,[]
179,7,[]
193,6,[]
206,9,[]
222,8,[]
237,6,[]
250,8,[]
265,7,[]
279,9,[]
295,10,[]
312,10,[]
329,7,[]
343,2,[]
352,3,[]
362,4,[]
373,5,[]
385,4,[]
396,4,[]
407,6,[]
420,4,[]
431,64,[]
527,1,[]
535,1,[]
543,2,[]
552,4,[]
563,3,[]
573,5,[]
585,5,[]
597,7,[]
611,6,[]
624,7,[]
638,5,[]
650,6,[]
663,5,[]
675,8,[]
690,8,[]
705,7,[]
719,8,[]
734,7,[]
748,10,[]
765,9,[]
781,8,[]
796,7,[]
810,8,[0, 1, 2, 3, 4, 5, 6, 7]
825,7,[]
839,8,[]
854,9,[]
870,8,[]
885,9,[]
901,10,[]
918,59,[]
1009,3,[]
1019,5,[]
1031,7,[]
1045,8,[]
1060,7,[]
1074,7,[]
1088,11,[]
1106,8,[]
1121,7,[]
1135,8,[]
1150,8,[]
1165,7,[]
1179,7,[]
1193,7,[]
1207,9,[]
1223,7,[]
1237,8,[]
1252,8,[]
1267,10,[]
1284,10,[]
1301,10,[]
1318,7,[]
1332,10,[]
1349,8,[]
1364,9,[]
1380,9,[]
1396,8,[]
1411,8,[]
1426,9,[]
1442,58,[]
1532,3,[]
1542,5,[]
1554,7,[]
1568,8,[]
1583,8,[]
1598,8,[]
1613,8,[]
1628,8,[]
1643,7,[]
1657,7,[]
1671,7,[]
1685,7,[]
1699,7,[]
1713,5,[]
1725,8,[]
1740,8,[]
1755,6,[]
1768,7,[]
1782,10,[0, 1, 2, 3, 4, 5, 6, 7, 8]
1799,9,[]
1815,6,[]
1828,7,[]
1842,10,[]
1859,6,[]
1872,8,[]
1887,7,[]
1901,7,[]
1915,8,[]
1930,7,[]
1944,40,[]
2016,3,[]
2026,5,[]
2038,6,[]
2051,6,[]
2064,6,[]
2077,6,[]
2090,6,[]
2103,7,[]
2117,7,[]
2131,7,[]
2145,7,[]
2159,9,[]
2175,8,[]
2190,8,[]
2205,10,[]
2222,7,[]
2236,11,[]
2254,11,[]
2272,9,[]
2288,10,[]
2305,9,[]
2321,7,[]
2335,8,[]
2350,8,[]
2365,7,[]
2379,7,[]
2393,8,[]
2408,7,[]
2422,6,[]
2435,35,[]
2502,5,[]
2514,6,[]
2527,7,[]
2541,6,[]
2554,7,[]
2568,6,[]
2581,9,[]
2597,7,[]
2611,8,[]
2626,9,[]
2642,6,[]
2655,8,[]
2670,7,[]
2684,7,[]
2698,7,[]
2712,7,[]
2726,9,[]
2742,11,[]
2760,6,[]
2773,6,[]
2786,7,[]
2800,6,[]
2813,9,[]
2829,8,[]
2844,7,[]
2858,11,[]
2876,8,[]
2891,8,[]
2906,7,[]
2920,41,[]
2993,3,[]
3003,5,[]
3015,7,[]
3029,8,[]
3044,10,[]
3061,11,[]
3079,10,[]
3096,9,[]
3112,8,[]
3127,8,[]
3142,8,[]
3157,7,[]
3171,7,[]
3185,8,[]
3200,8,[]
3215,8,[]
3230,9,[]
3246,11,[]
3264,10,[]
3281,11,[]
3299,12,[]
3318,9,[]
3334,9,[]
3350,10,[]
3367,10,[]
3384,10,[]
3401,9,[0, 1, 2, 3, 4, 5, 6, 7, 8]
3417,9,[]
3433,9,[]
3449,35,[]
3516,5,[]
3528,6,[]
3541,7,[]
3555,6,[]
3568,7,[]
3582,7,[]
3596,5,[]
3608,4,[]
3619,4,[]
3630,5,[]
3642,6,[]
3655,6,[]
3668,6,[]
3681,8,[]
3696,7,[]
3710,7,[]
3724,7,[]
3738,7,[]
3752,9,[]
3768,7,[]
3782,8,[]
3797,8,[]
3812,8,[]
3827,7,[]
3841,8,[]
3856,7,[]
3870,7,[]
3884,7,[]
3898,7,[]
3912,24,[]
3943,5,[]
3955,7,[]
3969,8,[]
3984,7,[]
3998,7,[]
4012,7,[]
4026,7,[]
4040,6,[]
4053,4,[]
4064,5,[]
4076,6,[]
4089,4,[]
4100,5,[]
4112,4,[]
4123,5,[]
4135,6,[]
4148,6,[]
4161,5,[]
4173,7,[]
4187,6,[]
4200,4,[]
4211,6,[]
4224,7,[]
4238,6,[]
4251,7,[]
4265,5,[]
4277,6,[]
4290,5,[]
4302,5,[]
4314,27,[]
4348,4,[]
4359,4,[]
4370,5,[]
4382,7,[]
4396,8,[]
4411,7,[]
4425,7,[]
4439,8,[]
4454,8,[]
4469,8,[0, 1, 2, 3, 4, 5, 6, 7]
4484,8,[]
4499,8,[]
4514,7,[]
4528,8,[]
4543,7,[]
4557,9,[]
4573,7,[]
4587,6,[]
4600,7,[]
4614,8,[]
4629,9,[]
4645,7,[]
4659,7,[]
4673,8,[]
4688,6,[]
4701,6,[]
4714,7,[]
4728,7,[]
4742,6,[]
0,25,[]
31,3,[]
40,5,[]
51,7,[]
64,7,[]
77,8,[]
91,7,[]
104,6,[]
116,6,[]
128,8,[]
142,9,[]
157,8,[]
171,9,[]
186,9,[]
201,7,[]
214,7,[]
227,6,[]
239,2,[]
247,8,[]
261,7,[]
274,10,[]
290,8,[]
304,8,[]
318,8,[]
332,1,[]
339,6,[]
351,7,[]
364,7,[]
377,8,[]
391,8,[]
405,60,[]
501,4,[]
511,10,[0, 1, 2, 3, 4, 5, 6, 7, 8, 9]
527,8,[]
541,7,[]
554,8,[]
568,7,[]
581,8,[]
595,8,[]
609,8,[]
623,1,[]
630,5,[]
641,6,[]
653,8,[]
667,6,[]
679,7,[]
692,7,[]
705,7,[]
718,7,[]
731,7,[]
744,6,[]
756,7,[]
769,6,[]
781,7,[]
794,7,[0, 1, 2, 3, 4, 5, 6]
807,7,[]
820,8,[]
834,7,[]
847,3,[]
856,10,[]
872,48,[]
956,4,[]
966,5,[]
977,8,[]
991,7,[0, 1, 2, 3, 4, 5, 6]
1004,7,[]
1017,7,[]
1030,8,[]
1044,8,[]
1058,7,[]
1071,6,[]
1083,7,[]
1096,7,[]
1109,5,[]
1120,6,[]
1132,7,[]
1145,2,[]
1153,7,[]
1166,9,[]
1181,8,[]
1195,6,[]
1207,7,[]
1220,7,[0, 1, 2, 3, 4, 5, 6]
1233,8,[]
1247,5,[]
1258,8,[]
1272,7,[]
1285,7,[]
1298,7,[]
1311,7,[]
1324,51,[]
1411,4,[]
1421,5,[]
1432,6,[]
1444,7,[]
1457,8,[0, 1, 2, 3, 4, 5, 6, 7]
1471,7,[]
1484,7,[]
1497,7,[]
1510,7,[]
1523,7,[]
1536,8,[]
1550,8,[]
1564,7,[]
1577,6,[]
1589,6,[]
1601,7,[]
1614,6,[]
1626,7,[]
1639,7,[]
1652,8,[]
1666,8,[]
1680,8,[]
1694,7,[]
1707,7,[]
1720,8,[]
1734,8,[]
1748,8,[]
1762,7,[]
1775,7,[]
1788,46,[]
1870,4,[]
1880,4,[]
1890,6,[]
1902,6,[]
1914,4,[]
1924,7,[]
1937,8,[]
1951,8,[]
1965,7,[]
1978,7,[]
1991,6,[]
2003,7,[]
2016,6,[]
2028,7,[0, 1, 2, 3, 4, 5, 6]
2041,7,[]
2054,11,[]
2071,7,[]
2084,6,[]
2096,7,[]
2109,7,[]
2122,8,[]
2136,7,[]
2149,7,[]
2162,7,[]
2175,9,[0, 1, 2, 3, 4, 5, 6, 7, 8]
2190,7,[]
2203,6,[]
2215,3,[]
2224,7,[]
2237,45,[]
2318,5,[]
2329,6,[]
2341,6,[]
2353,7,[]
2366,8,[]
2380,6,[]
2392,7,[]
2405,7,[]
2418,6,[]
2430,6,[]
2442,2,[]
2450,6,[]
2462,7,[]
2475,7,[]
2488,7,[]
2501,7,[]
2514,7,[]
2527,6,[]
2539,6,[]
2551,7,[]
2564,8,[]
2578,3,[]
2587,9,[]
2602,7,[]
2615,8,[]
2629,6,[]
2641,8,[]
2655,9,[]
2670,6,[]
2682,46,[]
2764,2,[]
2772,4,[]
2782,6,[]
2794,6,[]
2806,7,[]
2819,7,[]
2832,7,[]
2845,9,[0, 1, 2, 3, 4, 5, 6, 7, 8]
2860,7,[]
2873,3,[]
2882,8,[]
2896,8,[]
2910,7,[]
2923,6,[]
2935,6,[]
2947,6,[]
2959,6,[]
2971,6,[]
2983,6,[]
2995,8,[0, 1, 2, 3, 4, 5, 6, 7]
3009,7,[]
3022,6,[]
3034,7,[]
3047,8,[]
3061,7,[]
3074,7,[]
3087,5,[]
3098,7,[]
3111,6,[]
3123,46,[]
3205,4,[]
3215,5,[]
3226,8,[]
3240,7,[]
3253,3,[]
3262,7,[]
3275,8,[]
3289,8,[0, 1, 2, 3, 4, 5, 6, 7]
3303,6,[]
3315,7,[]
3328,6,[]
3340,6,[]
3352,6,[]
3364,7,[]
3377,6,[]
3389,7,[]
3402,6,[]
3414,6,[]
3426,7,[]
3439,9,[]
3454,8,[]
3468,9,[]
3483,3,[]
3492,9,[0, 1, 2, 3, 4, 5, 6, 7]
3507,7,[]
3520,7,[]
3533,7,[]
3546,6,[]
3558,7,[]
3571,46,[]
3653,3,[]
3662,4,[]
3672,5,[]
3683,3,[]
3692,8,[]
3706,6,[]
3718,7,[]
3731,8,[]
3745,8,[]
3759,9,[]
3774,6,[]
3786,6,[]
3798,7,[]
3811,7,[]
3824,8,[]
3838,8,[]
3852,6,[]
3864,6,[]
3876,6,[]
3888,6,[]
3900,6,[]
3912,7,[]
3925,6,[]
3937,6,[]
3949,6,[]
3961,6,[]
3973,7,[0, 1, 2, 3, 4, 5, 6]
3986,7,[]
3999,8,[]
4013,44,[]
4093,2,[]
4101,4,[]
4111,6,[]
4123,5,[]
4134,6,[]
4146,7,[]
4159,7,[]
4172,7,[]
4185,6,[]
4197,7,[]
4210,4,[]
4220,6,[]
4232,7,[]
4245,5,[]
4256,6,[]
4268,6,[]
4280,4,[]
4290,7,[]
4303,6,[]
4315,7,[]
4328,7,[]
4341,7,[]
4354,6,[]
4366,7,[]
4379,7,[]
4392,6,[]
4404,7,[]
4417,8,[]
4431,8,[]
0,25,[]
31,3,[]
40,5,[]
51,7,[]
64,5,[]
75,7,[0, 1, 2, 3, 4, 5, 6]
88,4,[]
98,8,[]
112,6,[]
124,11,[]
141,6,[]
153,10,[]
169,17,[]
192,4,[]
202,4,[]
212,4,[]
222,6,[]
234,7,[]
247,7,[]
260,9,[]
275,7,[]
288,11,[]
305,5,[]
316,5,[]
327,8,[]
341,6,[]
353,9,[]
368,8,[]
382,7,[]
395,10,[]
411,58,[]
504,2,[]
512,2,[]
520,2,[]
528,3,[]
537,4,[]
547,3,[]
556,10,[]
572,11,[]
589,4,[]
599,10,[]
615,6,[]
627,7,[]
640,5,[]
651,6,[]
663,7,[]
676,8,[]
690,8,[]
704,7,[]
717,5,[]
728,8,[]
742,4,[]
752,6,[]
764,10,[]
780,7,[]
793,6,[]
805,5,[]
816,9,[]
831,8,[]
845,10,[]
861,51,[]
947,2,[]
955,2,[]
963,2,[]
971,8,[]
985,5,[]
996,7,[]
1009,8,[]
1023,3,[]
1032,8,[]
1046,7,[]
1059,7,[]
1072,10,[]
1088,8,[]
1102,7,[]
1115,6,[]
1127,9,[0, 1, 2, 3, 4, 5, 6]
1142,10,[]
1158,8,[]
1172,12,[]
1190,5,[]
1201,10,[]
1217,7,[]
1230,10,[]
1246,7,[]
1259,11,[]
1276,7,[]
1289,6,[]
1301,13,[]
1320,10,[]
1336,46,[]
1417,2,[]
1425,3,[]
1434,6,[]
1446,4,[]
1456,11,[]
1473,11,[]
1490,12,[]
1508,8,[]
1522,12,[]
1540,4,[]
1550,5,[]
1561,10,[]
1577,10,[]
1593,8,[0, 1, 2, 3, 4, 5, 6, 7]
1607,7,[]
1620,11,[]
1637,9,[]
1652,16,[]
1674,6,[]
1686,8,[]
1700,9,[]
1715,6,[]
1727,5,[]
1738,6,[]
1750,14,[]
1770,11,[]
1787,4,[]
1797,21,[]
1824,16,[]
1846,44,[]
1925,1,[]
1932,4,[]
1942,3,[]
1951,3,[]
1960,8,[]
1974,4,[]
1984,6,[]
1996,6,[]
2008,8,[0, 1, 2, 3, 4, 5, 6, 7]
2022,9,[]
2037,7,[]
2050,10,[]
2066,6,[]
2078,9,[]
2093,7,[]
2106,8,[]
2120,8,[]
2134,6,[]
2146,8,[]
2160,6,[]
2172,7,[]
2185,6,[]
2197,8,[]
2211,6,[]
2223,4,[]
2233,7,[]
2246,5,[]
2257,5,[]
2268,5,[]
2279,53,[]
2367,2,[]
2375,1,[]
2382,6,[]
2394,6,[]
2406,4,[]
2416,8,[]
2430,6,[]
2442,7,[]
2455,3,[]
2464,9,[]
2479,7,[]
2492,10,[]
2508,19,[]
2533,3,[]
2542,6,[]
2554,7,[]
2567,4,[]
2577,14,[]
2597,7,[]
2610,14,[]
2630,4,[]
2640,13,[]
2659,10,[]
2675,10,[]
2691,10,[1, 2, 3, 4, 5, 6, 7]
2707,3,[]
2716,4,[]
2726,7,[]
2739,9,[]
2754,43,[]
2832,6,[]
2844,13,[]
2863,4,[]
2873,7,[]
2886,12,[]
2904,8,[]
2918,12,[]
2936,5,[]
2947,11,[0, 1, 2, 3, 4, 5, 6, 7, 8, 9, 10]
2964,8,[]
2978,12,[]
2996,9,[]
3011,4,[]
3021,13,[]
3040,3,[]
3049,7,[]
3062,6,[]
3074,8,[]
3088,9,[]
3103,6,[]
3115,7,[]
3128,9,[]
3143,4,[]
3153,7,[]
3166,5,[]
3177,4,[]
3187,4,[]
3197,9,[]
3212,5,[]
3223,38,[]
3296,1,[]
3303,2,[]
3311,2,[]
3319,2,[]
3327,3,[]
3336,3,[]
3345,4,[]
3355,5,[]
3366,5,[]
3377,18,[]
3401,8,[]
3415,4,[]
3425,6,[]
3437,4,[]
3447,5,[]
3458,5,[]
3469,10,[]
3485,5,[]
3496,10,[]
3512,5,[]
3523,6,[]
3535,6,[]
3547,5,[]
3558,6,[]
3570,9,[]
3585,6,[]
3597,5,[]
3608,6,[]
3620,6,[]
3632,36,[]
3703,1,[]
3710,4,[]
3720,5,[]
3731,4,[]
3741,5,[]
3752,6,[]
3764,5,[]
3775,4,[]
3785,6,[]
3797,7,[]
3810,7,[]
3823,6,[]
3835,5,[]
3846,4,[]
3856,6,[]
3868,5,[]
3879,7,[]
3892,7,[]
3905,6,[]
3917,6,[]
3929,6,[]
3941,7,[]
3954,6,[]
3966,6,[]
3978,6,[]
3990,5,[]
4001,9,[]
4016,5,[]
4027,12,[]
4045,44,[]
4124,2,[]
4132,3,[]
4141,3,[]
4150,6,[]
4162,4,[]
4172,9,[]
4187,8,[]
4201,13,[]
4220,18,[]
4244,4,[]
4254,9,[2, 3, 4, 5, 6, 7, 8]
4269,8,[0, 1, 2, 3, 4, 5, 6, 7]
4283,12,[]
4301,15,[]
4322,5,[]
4333,11,[]
4350,6,[]
4362,7,[]
4375,8,[]
4389,8,[]
4403,10,[]
4419,6,[]
4431,10,[]
4447,6,[]
4459,6,[]
4471,7,[]
4484,5,[]
4495,8,[]
4509,6,[]
0,9,[]
15,1,[]
22,5,[]
33,4,[]
43,5,[]
54,4,[]
64,4,[]
74,3,[]
83,4,[]
93,4,[]
103,2,[]
111,4,[]
121,6,[]
133,11,[]
150,6,[]
162,12,[]
180,7,[]
193,12,[]
211,8,[]
225,1,[]
232,3,[]
241,3,[]
250,7,[]
263,7,[]
276,15,[]
297,1,[]
304,6,[]
316,6,[]
328,7,[]
341,7,[]
354,43,[]
437,3,[]
446,3,[]
455,7,[]
468,5,[]
479,7,[]
492,3,[]
501,6,[]
513,4,[]
523,6,[]
535,7,[]
548,4,[]
558,7,[]
571,9,[]
586,8,[]
600,7,[]
613,8,[]
627,8,[]
641,4,[]
651,9,[]
666,7,[]
679,10,[]
695,2,[]
703,7,[]
716,8,[]
730,9,[]
745,5,[]
756,9,[]
771,10,[]
787,5,[]
798,50,[]
888,1,[]
895,5,[]
906,4,[]
916,8,[]
930,9,[]
945,5,[]
956,10,[]
972,4,[]
982,10,[]
998,4,[]
1008,9,[]
1023,7,[]
1036,8,[]
1050,7,[]
1063,9,[]
1078,9,[]
1093,4,[]
1103,14,[]
1123,5,[]
1134,11,[]
1151,7,[]
1164,10,[]
1180,7,[]
1193,11,[]
1210,5,[]
1221,9,[]
1236,9,[]
1251,8,[]
1265,11,[]
1282,59,[]
1381,6,[]
1393,3,[]
1402,8,[]
1416,8,[]
1430,7,[]
1443,9,[]
1458,8,[]
1472,12,[]
1490,5,[]
1501,9,[]
1516,4,[]
1526,8,[]
1540,10,[]
1556,5,[]
1567,8,[]
1581,5,[]
1592,11,[]
1609,5,[]
1620,11,[]
1637,5,[]
1648,10,[]
1664,8,[]
1678,7,[]
1691,9,[]
1706,4,[]
1716,10,[]
1732,4,[]
1742,8,[]
1756,9,[0, 1, 2, 3, 4, 5, 6, 7, 8]
1771,60,[]
1871,1,[]
1878,6,[]
1890,3,[]
1899,8,[]
1913,9,[]
1928,5,[]
1939,8,[]
1953,4,[]
1963,10,[]
1979,4,[]
1989,9,[]
2004,4,[]
2014,11,[]
2031,9,[]
2046,8,[]
2060,10,[]
2076,4,[]
2086,9,[]
2101,4,[]
2111,10,[]
2127,4,[]
2137,8,[]
2151,10,[]
2167,5,[]
2178,9,[]
2193,4,[]
2203,10,[]
2219,5,[]
2230,10,[]
2246,51,[]
2337,1,[]
2344,7,[]
2357,5,[]
2368,9,[]
2383,5,[]
2394,10,[]
2410,4,[]
2420,10,[]
2436,6,[]
2448,8,[]
2462,8,[]
2476,4,[]
2486,9,[]
2501,6,[]
2513,9,[]
2528,5,[]
2539,10,[]
2555,4,[]
2565,9,[0, 1, 2, 3, 4, 5, 6, 7, 8]
2580,5,[]
2591,9,[]
2606,8,[]
2620,4,[]
2630,8,[]
2644,8,[]
2658,9,[]
2673,4,[]
2683,10,[]
2699,7,[]
2712,60,[]
2812,3,[]
2821,2,[]
2829,6,[]
2841,6,[]
2853,7,[]
2866,7,[]
2879,13,[]
2898,4,[]
2908,9,[]
2923,9,[]
2938,4,[]
2948,9,[]
2963,4,[]
2973,10,[]
2989,2,[]
2997,9,[]
3012,9,[]
3027,4,[]
3037,10,[]
3053,4,[]
3063,9,[]
3078,6,[]
3090,9,[]
3105,5,[]
3116,10,[0, 1, 2, 3, 4, 5, 6]
3132,5,[]
3143,9,[]
3158,5,[]
3169,10,[]
3185,60,[]
3285,1,[]
3292,5,[]
3303,5,[]
3314,7,[]
3327,6,[]
3339,7,[]
3352,4,[]
3362,9,[]
3377,7,[]
3390,4,[]
3400,8,[]
3414,6,[]
3426,9,[]
3441,5,[]
3452,8,[]
3466,8,[]
3480,4,[]
3490,8,[]
3504,7,[]
3517,9,[]
3532,5,[]
3543,10,[]
3559,4,[]
3569,9,[]
3584,4,[]
3594,9,[]
3609,9,[]
3624,5,[]
3635,8,[]
3649,60,[]
3749,5,[]
3760,6,[]
3772,6,[]
3784,5,[]
3795,8,[]
3809,7,[]
3822,4,[]
3832,7,[]
3845,4,[]
3855,7,[]
3868,8,[]
3882,8,[]
3896,4,[]
3906,7,[]
3919,3,[]
3928,9,[]
3943,7,[]
3956,4,[]
3966,8,[]
3980,4,[]
3990,8,[]
4004,4,[]
4014,9,[0, 1, 2, 3, 4, 5, 6, 7, 8]
4029,11,[]
4046,5,[]
4057,8,[]
4071,4,[]
4081,9,[]
4096,3,[]
4105,51,[]
4196,1,[]
4203,4,[]
4213,6,[]
4225,3,[]
4234,7,[0, 1, 2, 3, 4, 5, 6]
4247,2,[]
4255,7,[]
4268,4,[]
4278,7,[]
4291,3,[]
4300,8,[]
4314,4,[]
4324,8,[]
4338,6,[]
4350,4,[]
4360,8,[]
4374,4,[]
4384,9,[]
4399,4,[]
4409,9,[]
4424,4,[]
4434,10,[]
4450,10,[]
4466,5,[]
4477,11,[]
4494,7,[]
4507,9,[]
4522,6,[]
4534,7,[]
0,27,[17, 18, 19, 20, 21, 22, 23, 24, 25, 26]
32,1,[]
38,5,[]
48,7,[]
60,9,[]
74,6,[]
85,5,[]
95,7,[]
107,6,[]
118,6,[]
129,7,[]
141,6,[]
152,9,[]
166,7,[]
178,7,[0, 1, 2, 3, 4, 5, 6]
190,5,[]
200,6,[]
211,6,[]
222,8,[]
235,6,[]
246,6,[]
257,6,[]
268,4,[]
277,4,[]
286,5,[]
296,9,[]
310,6,[]
321,6,[]
332,6,[0, 1, 2, 3, 4, 5]
343,6,[]
354,73,[]
480,1,[]
486,2,[]
493,4,[]
502,6,[]
513,3,[]
521,6,[]
532,5,[]
542,5,[]
552,6,[]
563,6,[]
574,6,[]
585,5,[]
595,6,[]
606,6,[]
617,6,[]
628,5,[]
638,4,[]
647,6,[]
658,5,[]
668,6,[0, 1, 2, 3, 4, 5]
679,5,[]
689,3,[]
697,5,[]
707,5,[]
717,4,[]
726,6,[]
737,5,[]
747,6,[]
758,5,[]
768,88,[]
909,1,[]
915,1,[]
921,2,[]
928,6,[]
939,4,[]
948,6,[0, 1, 2, 3, 4, 5]
959,4,[]
968,5,[]
978,6,[]
989,6,[]
1000,7,[]
1012,7,[]
1024,7,[]
1036,6,[]
1047,7,[]
1059,8,[]
1072,8,[]
1085,10,[2, 3, 4, 5, 6, 7]
1100,10,[]
1115,10,[]
1130,11,[]
1146,10,[]
1161,10,[]
1176,10,[]
1191,10,[]
1206,7,[]
1218,9,[]
1232,9,[]
1246,11,[]
1262,70,[]
1385,6,[]
1396,9,[]
1410,11,[]
1426,7,[]
1438,11,[]
1454,10,[]
1469,10,[]
1484,9,[]
1498,9,[]
1512,11,[]
1528,8,[]
1541,8,[]
1554,9,[]
1568,10,[]
1583,11,[]
1599,10,[]
1614,9,[]
1628,10,[]
1643,7,[]
1655,8,[]
1668,9,[]
1682,9,[]
1696,10,[]
1711,8,[]
1724,9,[]
1738,9,[]
1752,6,[]
1763,7,[]
1775,9,[]
1789,61,[]
1903,5,[]
1913,6,[]
1924,8,[]
1937,6,[]
1948,7,[]
1960,6,[]
1971,8,[]
1984,9,[0, 1, 2, 3, 4, 5, 6, 7, 8]
1998,7,[]
2010,8,[]
2023,7,[]
2035,5,[]
2045,7,[]
2057,8,[]
2070,9,[]
2084,8,[]
2097,7,[]
2109,8,[]
2122,6,[]
2133,6,[]
2144,7,[]
2156,9,[]
2170,9,[0, 1, 2, 3, 4, 5, 6, 7, 8]
2184,7,[0, 1, 2, 3, 4, 5]
2196,9,[]
2210,8,[]
2223,6,[]
2234,6,[]
2245,7,[]
2257,52,[]
2362,6,[]
2373,5,[]
2383,6,[]
2394,6,[]
2405,6,[]
2416,5,[]
2426,7,[]
2438,7,[]
2450,7,[]
2462,6,[]
2473,5,[]
2483,6,[]
2494,7,[]
2506,6,[]
2517,4,[]
2526,5,[]
2536,5,[]
2546,5,[]
2556,6,[]
2567,6,[]
2578,6,[]
2589,5,[]
2599,5,[]
2609,6,[]
2620,5,[]
2630,5,[]
2640,5,[]
2650,5,[]
2660,6,[]
2671,60,[]
2784,3,[]
2792,4,[]
2801,4,[]
2810,4,[]
2819,5,[]
2829,3,[]
2837,4,[]
2846,4,[]
2855,5,[]
2865,5,[]
2875,6,[]
2886,6,[]
2897,6,[0, 1, 2, 3, 4, 5]
2908,6,[0, 1, 2, 3, 4, 5]
2919,5,[]
2929,5,[]
2939,5,[]
2949,5,[]
2959,4,[]
2968,5,[]
2978,5,[]
2988,4,[]
2997,4,[]
3006,4,[]
3015,5,[]
3025,4,[]
3034,4,[]
3043,5,[]
3053,5,[]
3063,68,[]
3184,2,[]
3191,4,[]
3200,5,[]
3210,5,[]
3220,7,[]
3232,3,[]
3240,4,[]
3249,5,[]
3259,6,[]
3270,4,[]
3279,5,[]
3289,5,[]
3299,6,[]
3310,4,[]
3319,5,[]
3329,5,[]
3339,5,[]
3349,6,[]
3360,5,[]
3370,7,[]
3382,5,[]
3392,4,[]
3401,4,[]
3410,4,[]
3419,5,[]
3429,7,[]
3441,5,[]
3451,5,[]
3461,4,[]
3470,80,[]
3603,3,[]
3611,4,[]
3620,4,[]
3629,4,[]
3638,7,[]
3650,5,[]
3660,5,[]
3670,5,[]
3680,5,[]
3690,6,[]
3701,6,[]
3712,5,[]
3722,4,[]
3731,6,[]
3742,5,[]
3752,6,[]
3763,5,[]
3773,6,[]
3784,6,[]
3795,6,[]
3806,4,[]
3815,5,[]
3825,4,[]
3834,6,[]
3845,5,[]
3855,5,[]
3865,4,[]
3874,6,[]
3885,4,[]
3894,95,[]
4042,2,[]
4049,1,[]
4055,3,[]
4063,3,[]
4071,5,[]
4081,4,[]
4090,4,[]
4099,4,[]
4108,4,[]
4117,6,[]
4128,6,[]
4139,6,[]
4150,7,[]
4162,5,[]
4172,6,[]
4183,6,[]
4194,5,[]
4204,4,[]
4213,4,[]
4222,5,[]
4232,4,[]
4241,4,[]
4250,4,[]
4259,5,[]
4269,4,[]
4278,5,[]
4288,5,[]
4298,6,[]
4309,6,[0, 1, 2, 3, 4, 5]
0,28,[]
34,1,[]
41,12,[]
59,1,[]
66,11,[]
83,1,[]
90,11,[]
107,2,[]
115,11,[]
132,2,[]
140,13,[5, 6, 7, 8, 9, 10, 11, 12]
159,1,[]
166,11,[]
183,1,[]
190,1,[]
197,10,[]
213,1,[]
220,10,[]
236,1,[]
243,9,[]
258,1,[]
265,11,[]
282,1,[]
289,11,[]
306,1,[]
313,12,[]
331,1,[]
338,12,[]
356,1,[]
363,11,[]
380,75,[]
490,1,[]
497,11,[]
514,1,[]
521,9,[]
536,1,[]
543,11,[]
560,1,[]
567,11,[]
584,1,[]
591,10,[]
607,1,[]
614,7,[]
627,1,[]
634,10,[0, 1, 2, 3, 4, 5, 6, 7, 8, 9]
650,2,[]
658,12,[]
676,2,[]
684,2,[]
692,17,[]
715,2,[]
723,15,[]
744,3,[]
753,15,[]
774,3,[]
783,14,[]
803,3,[]
812,15,[]
833,3,[]
842,15,[]
863,52,[]
950,8,[]
964,2,[]
972,15,[]
993,2,[]
1001,2,[]
1009,16,[]
1031,2,[]
1039,19,[]
1064,2,[]
1072,15,[]
1093,2,[]
1101,13,[]
1120,2,[]
1128,13,[]
1147,1,[]
1154,15,[]
1175,2,[]
1183,17,[]
1206,4,[]
1216,16,[]
1238,3,[]
1247,15,[]
1268,3,[]
1277,2,[]
1285,17,[]
1308,7,[]
1321,4,[]
1331,10,[]
1347,3,[]
1356,32,[]
1394,10,[]
1410,13,[]
1429,3,[]
1438,21,[3, 4, 5, 6, 7, 8, 9, 10, 11, 12, 13, 14]
1465,2,[]
1473,4,[]
1483,14,[]
1503,4,[]
1513,15,[]
1534,3,[]
1543,13,[6, 7, 8, 9, 10, 11, 12]
1562,3,[]
1571,15,[]
1592,2,[]
1600,15,[7, 8, 9, 10, 11, 12, 13, 14]
1621,2,[]
1629,11,[]
1646,2,[]
1654,12,[]
1672,3,[]
1681,4,[]
1691,14,[]
1711,3,[]
1720,16,[]
1742,2,[]
1750,13,[]
1769,3,[]
1778,13,[]
1797,3,[]
1806,49,[]
1890,1,[]
1897,7,[0, 1, 2, 3, 4, 5, 6]
1910,4,[]
1920,8,[]
1934,2,[]
1942,8,[]
1956,3,[]
1965,10,[]
1981,3,[]
1990,4,[]
2000,12,[]
2018,3,[]
2027,11,[]
2044,4,[]
2054,10,[]
2070,5,[]
2081,10,[]
2097,4,[]
2107,11,[]
2124,4,[]
2134,10,[]
2150,4,[]
2160,10,[]
2176,4,[]
2186,10,[]
2202,4,[]
2212,10,[]
2228,3,[]
2237,4,[]
2247,37,[]
2319,1,[]
2326,6,[]
2338,3,[]
2347,7,[]
2360,3,[]
2369,8,[0, 1, 2, 3, 4, 5, 6, 7]
2383,3,[]
2392,9,[]
2407,4,[]
2417,8,[]
2431,2,[]
2439,7,[]
2452,4,[]
2462,4,[]
2472,8,[]
2486,4,[]
2496,11,[]
2513,4,[]
2523,10,[]
2539,6,[]
2551,11,[]
2568,4,[]
2578,12,[]
2596,2,[]
2604,11,[]
2621,5,[]
2632,11,[]
2649,4,[]
2659,13,[0, 1, 2, 3, 4, 5, 6, 7, 8, 9, 10]
2678,40,[]
2753,7,[]
2766,4,[]
2776,10,[]
2792,4,[]
2802,3,[]
2811,12,[]
2829,4,[]
2839,8,[]
2853,4,[]
2863,7,[]
2876,3,[]
2885,9,[]
2900,3,[]
2909,9,[]
2924,3,[]
2933,9,[]
2948,3,[]
2957,9,[]
2972,5,[]
2983,12,[]
3001,2,[]
3009,3,[]
3018,19,[]
3043,3,[]
3052,10,[]
3068,4,[]
3078,12,[]
3096,3,[]
3105,13,[]
3124,44,[]
3203,4,[]
3213,3,[]
3222,8,[]
3236,3,[]
3245,11,[]
3262,3,[]
3271,5,[]
3282,10,[]
3298,10,[]
3314,3,[]
3323,8,[]
3337,4,[]
3347,4,[]
3357,13,[]
3376,4,[]
3386,10,[]
3402,4,[]
3412,10,[]
3428,4,[]
3438,4,[]
3448,12,[]
3466,3,[]
3475,12,[]
3493,3,[]
3502,3,[]
3511,12,[]
3529,3,[]
3538,12,[5, 6, 7, 8, 9, 10, 11]
3556,4,[]
3566,46,[]
3647,4,[]
3657,3,[]
3666,7,[]
3679,3,[]
3688,10,[]
3704,5,[]
3715,5,[]
3726,13,[]
3745,3,[]
3754,11,[]
3771,3,[]
3780,11,[]
3797,3,[]
3806,5,[]
3817,12,[]
3835,4,[]
3845,11,[]
3862,3,[]
3871,4,[]
3881,12,[]
3899,3,[]
3908,13,[]
3927,3,[]
3936,11,[]
3953,5,[]
3964,2,[]
3972,12,[]
3990,3,[]
3999,9,[]
4014,47,[]
4096,1,[]
4103,4,[]
4113,2,[]
4121,6,[]
4133,2,[]
4141,3,[]
4150,8,[]
4164,2,[]
4172,6,[]
4184,2,[]
4192,8,[]
4206,2,[]
4214,2,[]
4222,10,[]
4238,3,[]
4247,6,[]
4259,4,[]
4269,5,[]
4280,9,[]
4295,2,[]
4303,6,[]
4315,1,[]
4322,4,[]
4332,9,[]
4347,3,[]
4356,9,[]
4371,2,[]
4379,9,[]
4394,3,[]
0,12,[]
19,5,[]
31,6,[]
44,6,[]
57,3,[]
67,9,[]
83,8,[]
98,6,[]
111,8,[]
126,7,[]
140,5,[]
152,7,[]
166,2,[]
175,7,[]
189,7,[]
203,8,[]
218,3,[]
228,6,[]
241,8,[]
256,3,[]
266,7,[]
280,7,[]
294,1,[]
302,2,[]
311,7,[]
325,6,[]
338,8,[]
353,5,[]
365,8,[]
380,13,[]
400,39,[]
467,2,[]
476,5,[]
488,6,[]
501,5,[]
513,7,[]
527,5,[]
539,9,[]
555,7,[]
569,9,[]
585,3,[]
595,10,[]
612,12,[]
631,5,[]
643,13,[]
663,12,[]
682,3,[]
692,13,[]
712,12,[]
731,5,[]
743,13,[]
763,11,[]
781,4,[]
792,10,[]
809,10,[]
826,6,[]
839,11,[]
857,11,[]
875,7,[]
889,11,[]
907,36,[]
971,1,[]
979,8,[]
994,8,[]
1009,4,[]
1020,10,[]
1037,10,[]
1054,6,[]
1067,11,[]
1085,6,[]
1098,11,[]
1116,9,[]
1132,10,[]
1149,5,[]
1161,10,[]
1178,11,[]
1196,5,[]
1208,11,[]
1226,9,[]
1242,4,[]
1253,7,[]
1267,13,[]
1287,3,[]
1297,9,[]
1313,6,[]
1326,8,[]
1341,8,[]
1356,7,[]
1370,6,[]
1383,7,[]
1397,34,[]
1438,1,[]
1446,4,[]
1457,3,[]
1467,6,[]
1480,7,[]
1494,4,[]
1505,6,[]
1518,7,[]
1532,5,[]
1544,4,[]
1555,9,[]
1571,7,[]
1585,5,[]
1597,8,[]
1612,4,[]
1623,7,[]
1637,7,[]
1651,7,[]
1665,4,[]
1676,7,[]
1690,7,[]
1704,4,[]
1715,7,[]
1729,7,[]
1743,7,[]
1757,8,[]
1772,4,[]
1783,7,[]
1797,8,[]
1812,41,[]
1881,1,[]
1889,4,[]
1900,8,[]
1915,5,[]
1927,9,[]
1943,6,[]
1956,8,[]
1971,9,[]
1987,6,[]
2000,10,[]
2017,8,[]
2032,9,[1, 2, 3, 4, 5, 6, 7, 8]
2048,6,[]
2061,10,[]
2078,8,[]
2093,6,[]
2106,10,[]
2123,3,[]
2133,10,[]
2150,10,[]
2167,5,[]
2179,10,[]
2196,9,[]
2212,9,[]
2228,4,[]
2239,11,[]
2257,9,[]
2273,6,[]
2286,10,[]
2303,36,[]
2367,5,[]
2379,8,[]
2394,3,[]
2404,9,[]
2420,9,[]
2436,9,[]
2452,6,[]
2465,9,[]
2481,6,[]
2494,7,[]
2508,10,[]
2525,6,[]
2538,8,[]
2553,8,[]
2568,4,[]
2579,7,[]
2593,8,[]
2608,7,[]
2622,9,[]
2638,7,[]
2652,8,[]
2667,4,[]
2678,10,[]
2695,4,[]
2706,8,[]
2721,10,[]
2738,6,[]
2751,6,[]
2764,9,[]
2780,40,[]
2848,4,[]
2859,6,[]
2872,4,[]
2883,8,[]
2898,9,[]
2914,6,[]
2927,9,[]
2943,8,[]
2958,5,[]
2970,10,[]
2987,8,[]
3002,8,[0, 1, 2, 3, 4, 5, 6, 7]
3017,3,[]
3027,10,[]
3044,4,[]
3055,9,[]
3071,8,[]
3086,5,[]
3098,8,[]
3113,8,[]
3128,7,[]
3142,9,[]
3158,6,[]
3171,6,[]
3184,9,[]
3200,7,[]
3214,6,[]
3227,10,[]
3244,10,[]
3261,36,[]
3325,5,[]
3337,7,[]
3351,3,[]
3361,7,[]
3375,7,[]
3389,9,[]
3405,6,[]
3418,9,[]
3434,7,[]
3448,7,[]
3462,8,[]
3477,4,[]
3488,9,[]
3504,8,[]
3519,6,[]
3532,8,[]
3547,9,[]
3563,9,[]
3579,4,[]
3590,8,[]
3605,7,[]
3619,8,[]
3634,9,[]
3650,4,[]
3661,8,[]
3676,9,[]
3692,7,[]
3706,9,[]
3722,8,[]
3737,38,[]
3803,4,[]
3814,6,[]
3827,3,[]
3837,8,[]
3852,4,[]
3863,5,[]
3875,9,[]
3891,8,[]
3906,3,[]
3916,9,[]
3932,9,[]
3948,8,[]
3963,6,[]
3976,9,[]
3992,4,[]
4003,9,[]
4019,8,[]
4034,7,[]
4048,9,[]
4064,9,[]
4080,6,[]
4093,9,[]
4109,8,[]
4124,6,[]
4137,9,[]
4153,8,[0, 1, 2, 3, 4, 5, 6, 7]
4168,7,[]
4182,8,[]
4197,7,[]
4211,39,[]
4278,3,[]
4288,6,[]
4301,5,[]
4313,7,[]
4327,7,[]
4341,8,[]
4356,8,[]
4371,8,[]
4386,6,[]
4399,11,[]
4417,9,[]
4433,3,[]
4443,9,[]
4459,8,[]
4474,4,[]
4485,9,[]
4501,7,[]
4515,6,[]
4528,10,[]
4545,7,[]
4559,6,[]
4572,10,[]
4589,9,[]
4605,3,[]
4615,8,[]
4630,6,[]
4643,10,[]
4660,7,[]
4674,7,[]
0,15,[]
22,8,[]
37,7,[]
51,9,[]
67,7,[]
81,8,[]
96,9,[]
112,9,[]
128,7,[]
142,7,[]
156,8,[]
171,8,[]
186,7,[]
200,7,[]
214,8,[]
229,8,[]
244,9,[]
260,8,[]
275,7,[]
289,8,[]
304,7,[]
318,7,[]
332,8,[]
347,8,[]
362,8,[]
377,7,[]
391,8,[]
406,9,[]
422,9,[]
438,9,[]
454,26,[]
487,8,[]
502,7,[]
516,7,[]
530,7,[]
544,7,[]
558,6,[]
571,7,[]
585,8,[]
600,8,[]
615,5,[]
627,6,[]
640,6,[]
653,7,[]
667,8,[]
682,7,[]
696,6,[]
709,7,[]
723,7,[]
737,7,[]
751,7,[]
765,7,[]
779,6,[]
792,6,[]
805,6,[]
818,6,[]
831,6,[]
844,7,[]
858,8,[]
873,6,[]
886,22,[]
915,5,[]
927,7,[]
941,6,[]
954,6,[]
967,7,[]
981,7,[]
995,7,[]
1009,7,[]
1023,8,[]
1038,8,[]
1053,7,[]
1067,6,[]
1080,5,[]
1092,5,[]
1104,7,[]
1118,6,[]
1131,7,[]
1145,6,[]
1158,6,[]
1171,6,[]
1184,7,[]
1198,6,[]
1211,6,[]
1224,7,[]
1238,6,[]
1251,5,[]
1263,6,[]
1276,7,[]
1290,8,[]
1305,20,[0, 1, 2, 3, 4, 5, 6, 7, 8, 9, 10, 11, 12, 13, 14, 15]
1332,6,[]
1345,7,[]
1359,6,[]
1372,6,[]
1385,5,[]
1397,7,[]
1411,6,[]
1424,7,[]
1438,7,[]
1452,7,[]
1466,6,[]
1479,7,[]
1493,7,[]
1507,6,[]
1520,6,[]
1533,7,[]
1547,7,[]
1561,6,[]
1574,6,[]
1587,6,[]
1600,7,[]
1614,7,[]
1628,7,[]
1642,8,[]
1657,6,[]
1670,7,[]
1684,6,[]
1697,6,[]
1710,6,[]
1723,22,[]
1752,6,[]
1765,6,[]
1778,7,[]
1792,6,[]
1805,7,[]
1819,7,[]
1833,7,[]
1847,7,[]
1861,7,[]
1875,8,[]
1890,6,[]
1903,7,[]
1917,7,[]
1931,6,[]
1944,5,[]
1956,6,[]
1969,6,[]
1982,7,[]
1996,7,[]
2010,7,[]
2024,6,[]
2037,6,[]
2050,7,[]
2064,7,[]
2078,7,[]
2092,7,[]
2106,6,[]
2119,6,[]
2132,7,[]
2146,21,[]
2174,5,[]
2186,7,[]
2200,5,[]
2212,7,[]
2226,7,[]
2240,7,[]
2254,7,[]
2268,8,[]
2283,6,[]
2296,7,[]
2310,6,[]
2323,6,[]
2336,6,[]
2349,6,[]
2362,6,[]
2375,6,[]
2388,7,[]
2402,7,[]
2416,7,[]
2430,6,[]
2443,7,[]
2457,6,[]
2470,7,[]
2484,6,[]
2497,6,[]
2510,7,[]
2524,6,[]
2537,6,[]
2550,6,[]
2563,25,[]
2595,6,[]
2608,5,[]
2620,7,[]
2634,6,[]
2647,6,[]
2660,7,[]
2674,7,[]
2688,7,[]
2702,6,[]
2715,7,[]
2729,6,[]
2742,6,[]
2755,5,[]
2767,7,[]
2781,6,[]
2794,7,[]
2808,8,[]
2823,7,[]
2837,7,[]
2851,7,[]
2865,6,[]
2878,7,[]
2892,6,[]
2905,7,[]
2919,6,[]
2932,7,[]
2946,7,[]
2960,7,[]
2974,6,[]
2987,25,[]
3019,5,[]
3031,7,[]
3045,7,[]
3059,8,[]
3074,7,[]
3088,7,[]
3102,7,[]
3116,7,[]
3130,7,[]
3144,6,[]
3157,6,[]
3170,6,[]
3183,6,[]
3196,7,[]
3210,7,[]
3224,8,[]
3239,8,[]
3254,8,[]
3269,8,[]
3284,7,[]
3298,7,[]
3312,7,[]
3326,7,[]
3340,7,[]
3354,9,[]
3370,9,[]
3386,9,[]
3402,9,[]
3418,10,[]
3435,17,[]
3459,8,[]
3474,8,[]
3489,7,[]
3503,8,[]
3518,9,[]
3534,9,[]
3550,7,[]
3564,7,[]
3578,7,[]
3592,6,[]
3605,7,[]
3619,8,[]
3634,11,[]
3652,9,[]
3668,10,[]
3685,9,[]
3701,8,[]
3716,8,[]
3731,7,[]
3745,6,[]
3758,7,[]
3772,7,[]
3786,7,[]
3800,8,[]
3815,8,[]
3830,9,[]
3846,9,[]
3862,9,[]
3878,9,[]
3894,18,[0, 1, 2, 3, 4, 5, 6, 7, 8, 9, 10, 11, 12, 13, 14, 15, 16, 17]
3919,7,[]
3933,7,[]
3947,8,[]
3962,7,[]
3976,6,[]
3989,6,[]
4002,9,[]
4018,8,[]
4033,8,[]
4048,7,[]
4062,8,[]
4077,9,[]
4093,7,[]
4107,8,[]
4122,8,[]
4137,8,[]
4152,10,[]
4169,7,[]
4183,8,[]
4198,8,[]
4213,8,[]
4228,9,[]
4244,8,[]
4259,8,[]
4274,7,[]
4288,8,[]
4303,7,[]
4317,6,[]
4330,7,[]
0,17,[]
24,3,[]
34,7,[]
48,7,[]
62,11,[0, 1, 2, 3, 4, 5, 6, 7, 8, 9, 10]
80,9,[]
96,10,[]
113,10,[]
130,10,[]
147,5,[]
159,10,[]
176,12,[]
195,12,[]
214,10,[]
231,11,[]
249,10,[]
266,11,[]
284,11,[]
302,11,[2, 3, 4, 5, 6, 7, 8, 9, 10]
320,11,[]
338,11,[]
356,10,[]
373,5,[]
385,8,[]
400,7,[]
414,10,[]
431,6,[]
444,7,[]
458,7,[]
472,6,[]
485,30,[]
522,3,[]
532,5,[]
544,6,[]
557,6,[]
570,6,[]
583,6,[]
596,6,[]
609,6,[]
622,7,[]
636,7,[]
650,8,[]
665,8,[]
680,6,[]
693,8,[]
708,8,[]
723,8,[]
738,8,[]
753,8,[]
768,7,[]
782,7,[]
796,8,[]
811,7,[]
825,8,[]
840,9,[]
856,9,[0, 1, 2, 3, 4, 5, 6, 7, 8]
872,9,[]
888,8,[]
903,10,[]
920,8,[]
935,40,[]
1003,3,[]
1013,5,[]
1025,6,[]
1038,8,[]
1053,5,[]
1065,6,[]
1078,7,[]
1092,6,[]
1105,9,[]
1121,9,[]
1137,9,[]
1153,9,[]
1169,8,[]
1184,8,[]
1199,8,[]
1214,9,[]
1230,8,[]
1245,9,[]
1261,8,[]
1276,8,[]
1291,9,[]
1307,7,[]
1321,8,[]
1336,9,[]
1352,11,[]
1370,8,[]
1385,8,[]
1400,8,[]
1415,8,[]
1430,40,[]
1498,3,[]
1508,6,[]
1521,7,[]
1535,9,[]
1551,6,[]
1564,7,[]
1578,8,[]
1593,8,[]
1608,8,[]
1623,8,[]
1638,8,[]
1653,8,[]
1668,8,[]
1683,8,[]
1698,8,[]
1713,8,[]
1728,7,[]
1742,7,[]
1756,7,[]
1770,7,[]
1784,6,[]
1797,7,[]
1811,7,[]
1825,10,[]
1842,6,[]
1855,7,[]
1869,7,[]
1883,7,[]
1897,7,[]
1911,33,[]
1951,3,[]
1961,5,[]
1973,6,[]
1986,7,[]
2000,6,[]
2013,7,[]
2027,7,[]
2041,6,[]
2054,7,[]
2068,7,[]
2082,7,[]
2096,7,[]
2110,7,[]
2124,7,[]
2138,9,[]
2154,7,[]
2168,8,[]
2183,9,[]
2199,9,[]
2215,8,[]
2230,9,[]
2246,8,[]
2261,12,[]
2280,8,[]
2295,8,[]
2310,9,[]
2326,8,[]
2341,13,[]
2361,8,[]
2376,39,[]
2443,4,[]
2454,7,[]
2468,11,[]
2486,9,[]
2502,8,[]
2517,8,[]
2532,8,[]
2547,8,[]
2562,8,[]
2577,9,[]
2593,8,[]
2608,6,[]
2621,7,[]
2635,8,[]
2650,9,[0, 1, 2, 3, 4, 5, 6, 7, 8]
2666,9,[]
2682,8,[]
2697,7,[]
2711,8,[]
2726,8,[]
2741,8,[]
2756,8,[]
2771,11,[]
2789,9,[]
2805,6,[]
2818,8,[]
2833,9,[]
2849,7,[]
2863,7,[]
2877,37,[]
2942,3,[]
2952,4,[]
2963,5,[]
2975,6,[]
2988,6,[]
3001,6,[]
3014,6,[]
3027,7,[]
3041,6,[]
3054,6,[]
3067,6,[]
3080,6,[]
3093,7,[]
3107,7,[]
3121,10,[]
3138,6,[]
3151,6,[]
3164,6,[]
3177,9,[]
3193,7,[]
3207,7,[]
3221,8,[]
3236,5,[]
3248,6,[]
3261,7,[]
3275,8,[0, 1, 2, 3, 4, 5, 6, 7]
3290,8,[]
3305,8,[]
3320,7,[]
3334,42,[]
3404,2,[]
3413,5,[]
3425,5,[]
3437,6,[]
3450,4,[]
3461,6,[]
3474,5,[]
3486,6,[]
3499,6,[]
3512,7,[]
3526,7,[]
3540,7,[]
3554,7,[]
3568,6,[]
3581,6,[]
3594,7,[]
3608,6,[]
3621,7,[]
3635,6,[]
3648,8,[]
3663,8,[]
3678,9,[]
3694,7,[]
3708,7,[]
3722,8,[]
3737,7,[]
3751,7,[]
3765,7,[]
3779,6,[]
3792,46,[]
3866,3,[]
3876,4,[]
3887,6,[]
3900,7,[]
3914,8,[]
3929,7,[]
3943,7,[]
3957,7,[]
3971,7,[]
3985,7,[]
3999,7,[]
4013,7,[]
4027,7,[]
4041,6,[]
4054,8,[]
4069,6,[]
4082,6,[]
4095,6,[]
4108,6,[]
4121,8,[]
4136,7,[]
4150,7,[]
4164,6,[]
4177,6,[]
4190,7,[]
4204,8,[]
4219,8,[]
4234,5,[]
4246,5,[]
4258,32,[]
4297,3,[]
4307,5,[]
4319,5,[]
4331,6,[]
4344,6,[]
4357,7,[]
4371,7,[]
4385,7,[]
4399,7,[]
4413,7,[]
4427,8,[]
4442,7,[]
4456,7,[]
4470,7,[]
4484,7,[]
4498,7,[]
4512,7,[]
4526,7,[]
4540,7,[]
4554,7,[]
4568,9,[]
4584,6,[]
4597,7,[]
4611,8,[]
4626,8,[]
4641,8,[]
4656,7,[]
4670,8,[]
4685,6,[]
0,12,[3, 4, 5, 6, 7, 8, 9, 10, 11]
19,4,[]
30,3,[]
40,6,[]
53,6,[]
66,7,[]
80,5,[]
92,9,[]
108,8,[]
123,7,[]
137,7,[]
151,7,[]
165,4,[]
176,8,[]
191,7,[]
205,7,[]
219,8,[0, 1, 2, 3, 4, 5, 6, 7]
234,6,[]
247,8,[]
262,7,[]
276,7,[]
290,5,[]
302,5,[]
314,8,[]
329,9,[]
345,8,[]
360,8,[]
375,8,[]
390,6,[]
403,9,[]
419,29,[]
455,5,[]
467,7,[]
481,4,[]
492,8,[]
507,8,[]
522,9,[]
538,6,[]
551,9,[0, 1, 2, 3, 4, 5, 6, 7, 8]
567,9,[]
583,8,[]
598,6,[]
611,9,[]
627,9,[]
643,9,[]
659,8,[]
674,8,[]
689,5,[]
701,8,[]
716,9,[]
732,8,[]
747,9,[]
763,2,[]
772,9,[]
788,10,[]
805,9,[]
821,8,[]
836,4,[]
847,9,[]
863,9,[]
879,29,[]
915,5,[]
927,3,[]
937,8,[]
952,7,[]
966,8,[]
981,8,[]
996,4,[]
1007,9,[]
1023,9,[]
1039,8,[]
1054,8,[]
1069,5,[]
1081,9,[]
1097,9,[]
1113,10,[]
1130,8,[]
1145,9,[]
1161,4,[]
1172,10,[]
1189,10,[]
1206,8,[]
1221,4,[]
1232,11,[]
1250,9,[]
1266,9,[]
1282,9,[1, 2, 3, 4, 5, 6, 7, 8]
1298,9,[]
1314,5,[]
1326,10,[]
1343,31,[]
1381,1,[]
1389,7,[]
1403,7,[]
1417,8,[]
1432,9,[]
1448,8,[]
1463,2,[]
1472,9,[0, 1, 2, 3, 4, 5, 6, 7, 8]
1488,9,[]
1504,9,[]
1520,2,[]
1529,9,[]
1545,9,[]
1561,9,[]
1577,9,[]
1593,8,[]
1608,4,[]
1619,10,[]
1636,8,[]
1651,8,[]
1666,9,[]
1682,5,[]
1694,10,[]
1711,8,[]
1726,9,[]
1742,9,[]
1758,9,[]
1774,5,[]
1786,10,[]
1803,30,[]
1840,5,[]
1852,3,[]
1862,9,[]
1878,9,[]
1894,7,[]
1908,8,[0, 1, 2, 3, 4, 5, 6, 7]
1923,9,[]
1939,3,[]
1949,9,[]
1965,6,[]
1978,10,[]
1995,9,[]
2011,9,[]
2027,9,[]
2043,8,[]
2058,2,[]
2067,9,[]
2083,8,[]
2098,9,[]
2114,8,[]
2129,8,[]
2144,2,[]
2153,8,[]
2168,8,[]
2183,8,[]
2198,8,[]
2213,8,[]
2228,6,[]
2241,9,[]
2257,29,[]
2293,1,[]
2301,6,[]
2314,7,[]
2328,9,[]
2344,9,[]
2360,8,[]
2375,2,[]
2384,8,[]
2399,8,[]
2414,8,[]
2429,7,[]
2443,6,[]
2456,8,[]
2471,8,[]
2486,8,[]
2501,8,[]
2516,2,[]
2525,9,[]
2541,8,[]
2556,7,[]
2570,7,[]
2584,8,[]
2599,5,[]
2611,8,[]
2626,8,[]
2641,7,[]
2655,8,[]
2670,5,[]
2682,9,[]
2698,28,[]
2733,5,[]
2745,3,[]
2755,7,[]
2769,8,[]
2784,8,[]
2799,4,[]
2810,9,[]
2826,9,[]
2842,9,[]
2858,9,[]
2874,4,[]
2885,10,[]
2902,9,[]
2918,9,[]
2934,10,[]
2951,5,[]
2963,11,[]
2981,10,[]
2998,9,[]
3014,9,[]
3030,10,[]
3047,6,[]
3060,12,[]
3079,9,[]
3095,10,[]
3112,9,[]
3128,4,[]
3139,11,[]
3157,12,[]
3176,28,[]
3211,8,[]
3226,4,[]
3237,9,[]
3253,8,[]
3268,8,[]
3283,8,[]
3298,5,[]
3310,9,[]
3326,9,[]
3342,9,[]
3358,9,[]
3374,2,[]
3383,9,[]
3399,9,[]
3415,9,[]
3431,9,[]
3447,4,[]
3458,8,[]
3473,9,[]
3489,9,[]
3505,10,[2, 3, 4, 5, 6, 7, 8, 9]
3522,2,[]
3531,9,[]
3547,9,[]
3563,8,[]
3578,8,[]
3593,9,[]
3609,5,[]
3621,9,[]
3637,29,[]
3673,1,[]
3681,7,[]
3695,7,[]
3709,7,[]
3723,8,[]
3738,4,[]
3749,8,[]
3764,9,[]
3780,9,[]
3796,4,[]
3807,10,[]
3824,8,[]
3839,9,[]
3855,9,[]
3871,9,[]
3887,2,[]
3896,8,[]
3911,9,[]
3927,9,[]
3943,9,[]
3959,4,[]
3970,8,[]
3985,6,[]
3998,7,[]
4012,10,[]
4029,9,[]
4045,3,[]
4055,8,[]
4070,8,[]
4085,28,[]
4120,6,[]
4133,3,[]
4143,8,[]
4158,9,[]
4174,8,[]
4189,7,[]
4203,4,[]
4214,10,[]
4231,8,[]
4246,8,[]
4261,5,[]
4273,9,[]
4289,8,[]
4304,8,[]
4319,9,[]
4335,7,[]
4349,5,[]
4361,8,[]
4376,8,[]
4391,8,[]
4406,8,[0, 1, 2, 3, 4, 5, 6, 7]
4421,5,[]
4433,9,[]
4449,8,[]
4464,8,[]
4479,8,[]
4494,8,[]
4509,5,[]
4521,9,[]
0,27,[]
33,8,[]
47,3,[]
56,10,[]
72,8,[]
86,9,[]
101,1,[]
108,11,[]
125,9,[]
140,9,[]
155,9,[]
170,4,[]
180,12,[]
198,9,[]
213,11,[]
230,10,[]
246,3,[]
255,10,[]
271,11,[]
288,11,[0, 1, 2, 3, 4, 5, 6, 7]
305,3,[]
314,13,[]
333,10,[]
349,10,[]
365,8,[]
379,3,[]
388,11,[]
405,9,[]
420,9,[]
435,9,[]
450,35,[]
505,12,[]
523,4,[]
533,3,[]
542,13,[]
561,3,[]
570,11,[]
587,7,[]
600,7,[]
613,4,[]
623,10,[]
639,4,[]
649,6,[]
661,6,[]
673,6,[]
685,7,[]
698,8,[]
712,7,[]
725,7,[]
738,9,[]
753,5,[]
764,12,[]
782,9,[]
797,7,[]
810,7,[]
823,8,[]
837,8,[0, 1, 2, 3, 4, 5, 6, 7]
851,7,[0, 1, 2, 3, 4, 5, 6]
864,7,[]
877,11,[]
894,23,[]
923,12,[]
941,11,[]
958,3,[]
967,13,[]
986,3,[]
995,10,[]
1011,9,[]
1026,9,[]
1041,3,[]
1050,13,[]
1069,7,[]
1082,8,[]
1096,7,[]
1109,3,[]
1118,10,[]
1134,7,[]
1147,7,[0, 1, 2, 3, 4, 5, 6]
1160,3,[]
1169,3,[]
1178,11,[]
1195,7,[]
1208,8,[]
1222,7,[]
1235,7,[]
1248,8,[]
1262,8,[]
1276,7,[]
1289,7,[]
1302,8,[]
1316,16,[]
1338,1,[]
1345,9,[]
1360,7,[]
1373,3,[]
1382,9,[]
1397,8,[]
1411,7,[]
1424,4,[]
1434,10,[]
1450,9,[]
1465,8,[]
1479,8,[]
1493,8,[]
1507,7,[]
1520,9,[]
1535,8,[]
1549,3,[]
1558,3,[]
1567,13,[]
1586,8,[]
1600,3,[]
1609,12,[]
1627,10,[]
1643,4,[]
1653,13,[]
1672,9,[]
1687,9,[]
1702,4,[]
1712,9,[]
1727,18,[]
1751,5,[]
1762,2,[]
1770,8,[]
1784,7,[]
1797,7,[]
1810,6,[]
1822,4,[]
1832,8,[]
1846,4,[]
1856,9,[]
1871,7,[]
1884,3,[]
1893,10,[]
1909,3,[]
1918,10,[]
1934,7,[]
1947,5,[]
1958,11,[]
1975,6,[]
1987,4,[]
1997,10,[0, 1, 2, 3, 4, 5, 6, 7, 8, 9]
2013,7,[]
2026,3,[]
2035,4,[]
2045,9,[]
2060,8,[]
2074,6,[]
2086,7,[]
2099,4,[]
2109,22,[]
2137,5,[]
2148,5,[]
2159,3,[]
2168,7,[]
2181,6,[]
2193,4,[]
2203,7,[]
2216,4,[]
2226,8,[]
2240,5,[]
2251,7,[]
2264,5,[]
2275,4,[]
2285,7,[]
2298,7,[]
2311,4,[]
2321,5,[]
2332,15,[]
2353,3,[]
2362,10,[]
2378,9,[]
2393,10,[]
2409,3,[]
2418,11,[]
2435,4,[]
2445,4,[]
2455,14,[]
2475,3,[]
2484,4,[]
2494,24,[]
2524,10,[]
2540,9,[]
2555,3,[]
2564,12,[]
2582,3,[]
2591,12,[]
2609,4,[]
2619,13,[]
2638,10,[]
2654,4,[]
2664,10,[0, 1, 2, 3, 4, 5, 6, 7]
2680,10,[]
2696,4,[]
2706,5,[]
2717,10,[]
2733,9,[]
2748,4,[]
2758,12,[]
2776,3,[]
2785,8,[]
2799,6,[]
2811,6,[]
2823,5,[]
2834,10,[]
2850,8,[0, 1, 2, 3, 4, 5, 6, 7]
2864,8,[]
2878,4,[]
2888,5,[]
2899,12,[]
2917,15,[]
2938,13,[]
2957,4,[]
2967,13,[]
2986,10,[]
3002,4,[]
3012,14,[]
3032,3,[]
3041,4,[]
3051,13,[]
3070,5,[]
3081,10,[]
3097,5,[]
3108,8,[]
3122,5,[]
3133,5,[]
3144,10,[]
3160,5,[]
3171,6,[]
3183,9,[]
3198,5,[]
3209,5,[]
3220,7,[]
3233,7,[]
3246,21,[]
3273,1,[]
3280,9,[]
3295,5,[]
3306,10,[]
3322,8,[]
3336,30,[]
3372,6,[]
3384,3,[]
3393,4,[]
3403,11,[]
3420,8,[]
3434,6,[]
3446,3,[]
3455,4,[]
3465,12,[]
3483,7,[]
3496,5,[]
3507,9,[]
3522,4,[]
3532,12,[]
3550,5,[]
3561,5,[]
3572,5,[]
3583,7,[]
3596,5,[]
3607,6,[]
3619,8,[]
3633,7,[]
3646,31,[]
3683,1,[]
3690,1,[]
3697,11,[]
3714,5,[]
3725,6,[]
3737,7,[]
3750,37,[]
3807,1,[]
3814,1,[]
3821,1,[]
3828,1,[]
3835,4,[]
3845,5,[]
3856,3,[]
3865,6,[]
3877,3,[]
3886,1,[]
3893,1,[]
3900,1,[]
3907,1,[]
3914,1,[]
3921,1,[]
3928,1,[]
3935,1,[]
3942,5,[]
3953,1,[]
3960,27,[]
3993,1,[]
4000,1,[]
4007,1,[]
4014,2,[]
4022,4,[]
4032,7,[]
4045,1,[]
4052,1,[]
4059,1,[]
0,24,[2, 13, 14, 15, 16, 17, 18, 19, 20, 21, 22, 23]
29,1,[]
35,11,[]
51,3,[]
59,3,[]
67,4,[]
76,2,[]
83,5,[]
93,4,[]
102,3,[]
110,4,[]
119,8,[]
132,6,[]
143,4,[]
152,11,[]
168,7,[]
180,9,[]
194,4,[]
203,6,[]
214,6,[]
225,9,[]
239,11,[5, 6, 7, 8, 9, 10]
255,3,[]
263,4,[]
272,3,[]
280,6,[]
291,4,[]
300,8,[]
313,9,[]
327,8,[]
340,85,[]
499,1,[]
505,5,[]
515,2,[]
522,7,[]
534,4,[]
543,4,[]
552,4,[]
561,7,[]
573,4,[]
582,8,[]
595,2,[]
602,6,[]
613,8,[]
626,4,[]
635,4,[]
644,5,[]
654,8,[]
667,4,[]
676,4,[]
685,8,[0, 1, 2, 3, 4, 5]
698,4,[]
707,7,[]
719,3,[]
727,6,[]
738,3,[]
746,8,[]
759,3,[]
767,4,[]
776,7,[]
788,94,[]
956,4,[]
965,1,[]
971,3,[]
979,4,[]
988,9,[]
1002,4,[]
1011,4,[]
1020,8,[]
1033,5,[]
1043,8,[]
1056,5,[]
1066,5,[]
1076,7,[]
1088,10,[]
1103,4,[]
1112,3,[]
1120,8,[]
1133,3,[]
1141,9,[]
1155,3,[]
1163,5,[]
1173,5,[]
1183,8,[]
1196,5,[]
1206,5,[]
1216,8,[]
1229,5,[]
1239,5,[]
1249,6,[]
1260,116,[]
1450,1,[]
1456,4,[]
1465,3,[]
1473,4,[]
1482,9,[0, 1, 2, 3, 4, 5, 6, 7, 8]
1496,4,[]
1505,4,[]
1514,5,[]
1524,9,[]
1538,5,[]
1548,9,[]
1562,5,[]
1572,5,[]
1582,10,[]
1597,3,[]
1605,10,[]
1620,3,[]
1628,5,[]
1638,6,[]
1649,11,[]
1665,3,[]
1673,5,[]
1683,9,[]
1697,5,[]
1707,5,[]
1717,5,[]
1727,10,[]
1742,4,[]
1751,9,[]
1765,116,[]
1955,1,[]
1961,4,[]
1970,4,[]
1979,5,[]
1989,4,[]
1998,9,[]
2012,5,[]
2022,9,[]
2036,4,[]
2045,5,[]
2055,10,[]
2070,4,[]
2079,9,[]
2093,3,[]
2101,5,[]
2111,5,[]
2121,9,[]
2135,5,[]
2145,4,[]
2154,12,[]
2171,3,[]
2179,10,[]
2194,3,[]
2202,5,[]
2212,3,[]
2220,11,[]
2236,3,[]
2244,5,[]
2254,11,[]
2270,115,[]
2459,1,[]
2465,1,[]
2471,6,[]
2482,5,[]
2492,8,[]
2505,5,[]
2515,6,[0, 1, 2, 3, 4, 5]
2526,7,[0, 1, 2, 3, 4, 5, 6]
2538,4,[]
2547,4,[]
2556,6,[]
2567,9,[]
2581,3,[]
2589,8,[]
2602,5,[]
2612,3,[]
2620,8,[]
2633,4,[]
2642,9,[]
2656,6,[]
2667,4,[]
2676,2,[]
2683,10,[]
2698,4,[]
2707,6,[]
2718,11,[]
2734,4,[]
2743,4,[]
2752,3,[]
2760,111,[]
2945,2,[]
2952,3,[]
2960,4,[]
2969,3,[]
2977,6,[]
2988,5,[]
2998,6,[]
3009,4,[]
3018,3,[]
3026,5,[]
3036,8,[]
3049,3,[]
3057,4,[]
3066,7,[]
3078,3,[]
3086,3,[]
3094,4,[]
3103,8,[]
3116,3,[]
3124,9,[]
3138,4,[]
3147,4,[]
3156,9,[]
3170,4,[]
3179,4,[]
3188,4,[]
3197,10,[]
3212,4,[]
3221,9,[]
3235,100,[]
3409,1,[]
3415,3,[]
3423,3,[]
3431,4,[]
3440,4,[]
3449,6,[]
3460,4,[]
3469,7,[]
3481,4,[]
3490,3,[]
3498,7,[]
3510,6,[]
3521,4,[]
3530,3,[]
3538,10,[]
3553,5,[]
3563,9,[0, 1, 2, 3, 4, 5, 6, 7, 8]
3577,5,[]
3587,4,[]
3596,9,[]
3610,6,[]
3621,4,[]
3630,4,[]
3639,9,[]
3653,6,[]
3664,9,[]
3678,5,[]
3688,6,[]
3699,10,[]
3714,91,[]
3879,1,[]
3885,1,[]
3891,3,[]
3899,4,[]
3908,6,[]
3919,4,[]
3928,7,[]
3940,5,[]
3950,4,[]
3959,6,[]
3970,4,[]
3979,4,[]
3988,4,[]
3997,6,[]
4008,4,[]
4017,5,[]
4027,4,[]
4036,4,[]
4045,6,[]
4056,3,[]
4064,5,[]
4074,5,[]
4084,4,[]
4093,3,[]
4101,7,[]
4113,4,[]
4122,5,[]
4132,10,[]
4147,4,[]
4156,92,[]
4322,1,[]
4328,2,[]
4335,3,[]
4343,5,[]
4353,5,[]
4363,5,[]
4373,5,[]
4383,2,[]
4390,7,[]
4402,4,[]
4411,4,[]
4420,4,[]
4429,7,[]
4441,3,[]
4449,4,[]
4458,9,[]
4472,6,[]
4483,4,[]
4492,4,[]
4501,10,[]
4516,4,[]
4525,6,[]
4536,9,[]
4550,5,[]
4560,6,[]
4571,7,[]
4583,6,[]
4594,5,[]
4604,6,[]
0,23,[]
29,6,[]
41,7,[]
54,6,[]
66,6,[]
78,9,[]
93,1,[]
100,10,[]
116,7,[]
129,6,[]
141,7,[]
154,6,[]
166,2,[]
174,8,[]
188,9,[]
203,5,[]
214,6,[]
226,7,[0, 1, 2, 3, 4, 5, 6]
239,7,[]
252,3,[]
261,9,[]
276,7,[]
289,8,[]
303,6,[]
315,1,[]
322,7,[]
335,3,[]
344,8,[]
358,8,[]
372,8,[]
386,57,[]
475,5,[]
486,7,[0, 1, 2, 3, 4, 5, 6]
499,6,[]
511,6,[]
523,6,[]
535,7,[]
548,2,[]
556,8,[]
570,6,[]
582,7,[]
595,7,[]
608,4,[]
618,8,[]
632,6,[]
644,5,[]
655,6,[]
667,6,[]
679,2,[]
687,8,[]
701,9,[]
716,7,[]
729,10,[1, 2, 3, 4, 5, 6, 7, 8, 9]
745,10,[0, 1, 2, 3, 4, 5, 6, 7, 8]
761,7,[]
774,4,[]
784,10,[]
800,8,[]
814,8,[]
828,7,[]
841,41,[]
914,4,[]
924,5,[]
935,6,[]
947,7,[]
960,7,[]
973,2,[]
981,9,[]
996,10,[]
1012,8,[]
1026,8,[]
1040,8,[]
1054,7,[]
1067,10,[]
1083,8,[]
1097,8,[]
1111,8,[]
1125,9,[]
1140,3,[]
1149,10,[]
1165,9,[]
1180,8,[]
1194,9,[]
1209,8,[]
1223,4,[]
1233,8,[]
1247,8,[]
1261,8,[]
1275,7,[]
1288,8,[]
1302,42,[]
1376,3,[]
1385,4,[]
1395,6,[]
1407,6,[]
1419,7,[]
1432,7,[]
1445,7,[]
1458,8,[]
1472,6,[]
1484,7,[]
1497,6,[]
1509,3,[]
1518,9,[]
1533,9,[]
1548,7,[]
1561,4,[]
1571,10,[]
1587,7,[]
1600,7,[]
1613,7,[]
1626,7,[]
1639,7,[]
1652,8,[]
1666,4,[]
1676,9,[]
1691,7,[]
1704,7,[]
1717,7,[]
1730,8,[]
1744,42,[]
1818,4,[]
1828,6,[]
1840,6,[]
1852,7,[]
1865,7,[]
1878,8,[]
1892,8,[]
1906,9,[]
1921,10,[]
1937,8,[]
1951,7,[]
1964,2,[]
1972,7,[]
1985,7,[]
1998,8,[1, 2, 3, 4, 5, 6, 7]
2012,7,[]
2025,7,[]
2038,7,[]
2051,9,[]
2066,8,[]
2080,7,[]
2093,8,[]
2107,8,[]
2121,7,[]
2134,7,[]
2147,8,[]
2161,8,[0, 1, 2, 3, 4, 5, 6, 7]
2175,7,[]
2188,7,[]
2201,42,[]
2275,3,[]
2284,5,[]
2295,4,[]
2305,6,[]
2317,7,[]
2330,5,[]
2341,9,[]
2356,7,[]
2369,7,[]
2382,8,[]
2396,6,[]
2408,6,[]
2420,7,[]
2433,8,[]
2447,8,[]
2461,7,[]
2474,8,[]
2488,3,[]
2497,11,[]
2514,8,[]
2528,8,[]
2542,7,[]
2555,7,[]
2568,3,[]
2577,11,[]
2594,7,[]
2607,8,[]
2621,8,[]
2635,9,[]
2650,41,[]
2723,4,[]
2733,6,[]
2745,6,[]
2757,7,[]
2770,7,[]
2783,2,[]
2791,10,[]
2807,9,[]
2822,7,[]
2835,7,[]
2848,7,[]
2861,7,[]
2874,7,[]
2887,7,[]
2900,7,[0, 1, 2, 3, 4, 5, 6]
2913,8,[]
2927,8,[]
2941,8,[]
2955,7,[]
2968,7,[]
2981,7,[]
2994,8,[]
3008,7,[]
3021,4,[]
3031,8,[]
3045,9,[]
3060,8,[]
3074,8,[]
3088,8,[]
3102,38,[]
3172,5,[]
3183,5,[]
3194,7,[]
3207,6,[]
3219,7,[]
3232,7,[]
3245,7,[]
3258,6,[]
3270,7,[]
3283,6,[]
3295,6,[]
3307,2,[]
3315,8,[]
3329,7,[]
3342,7,[0, 1, 2, 3, 4, 5, 6]
3355,7,[]
3368,7,[]
3381,6,[]
3393,7,[]
3406,6,[]
3418,7,[]
3431,7,[]
3444,7,[]
3457,6,[]
3469,7,[]
3482,7,[]
3495,9,[]
3510,8,[]
3524,7,[]
3537,40,[]
3609,3,[]
3618,5,[]
3629,6,[]
3641,6,[]
3653,8,[]
3667,6,[]
3679,7,[]
3692,8,[]
3706,7,[]
3719,7,[]
3732,8,[]
3746,7,[]
3759,6,[]
3771,7,[]
3784,6,[]
3796,6,[]
3808,7,[]
3821,6,[]
3833,7,[0, 1, 2, 3, 4, 5, 6]
3846,7,[]
3859,8,[]
3873,7,[]
3886,8,[]
3900,7,[]
3913,7,[]
3926,6,[]
3938,6,[]
3950,7,[]
3963,7,[]
3976,40,[]
4048,2,[]
4056,4,[]
4066,6,[]
4078,6,[]
4090,6,[]
4102,6,[]
4114,6,[]
4126,7,[]
4139,6,[]
4151,6,[]
4163,6,[]
4175,7,[]
4188,7,[]
4201,6,[]
4213,8,[]
4227,8,[]
4241,8,[]
4255,7,[]
4268,8,[]
4282,7,[]
4295,7,[]
4308,7,[]
4321,7,[]
4334,6,[]
4346,7,[]
4359,7,[]
4372,8,[]
4386,8,[]
4400,7,[]
0,14,[3, 4, 5, 6, 7, 8, 9, 10, 11]
20,1,[]
27,4,[]
37,6,[]
49,6,[]
61,5,[]
72,7,[]
85,6,[]
97,6,[]
109,6,[]
121,6,[]
133,6,[]
145,6,[]
157,6,[]
169,6,[]
181,6,[]
193,7,[]
206,6,[]
218,6,[]
230,5,[]
241,7,[]
254,9,[]
269,7,[]
282,5,[]
293,6,[]
305,7,[]
318,8,[]
332,8,[]
346,9,[]
361,8,[]
375,35,[]
437,5,[]
448,6,[]
460,6,[]
472,7,[]
485,6,[]
497,7,[]
510,7,[]
523,7,[]
536,7,[]
549,7,[]
562,8,[]
576,8,[]
590,8,[]
604,7,[]
617,8,[1, 2, 3, 4, 5, 6, 7]
631,8,[]
645,8,[]
659,7,[]
672,7,[]
685,7,[]
698,8,[]
712,7,[]
725,7,[]
738,8,[]
752,6,[]
764,6,[]
776,6,[]
788,6,[]
800,7,[]
813,32,[]
851,4,[]
861,6,[]
873,6,[]
885,7,[0, 1, 2, 3, 4, 5, 6]
898,7,[]
911,10,[]
927,9,[]
942,7,[]
955,7,[]
968,8,[]
982,7,[]
995,8,[]
1009,9,[]
1024,9,[]
1039,10,[]
1055,10,[]
1071,10,[]
1087,10,[]
1103,8,[]
1117,8,[]
1131,9,[]
1146,9,[]
1161,9,[]
1176,8,[]
1190,8,[]
1204,9,[]
1219,10,[]
1235,9,[]
1250,8,[]
1264,34,[]
1304,2,[]
1312,6,[]
1324,7,[]
1337,8,[]
1351,7,[]
1364,9,[]
1379,6,[]
1391,5,[]
1402,6,[]
1414,7,[0, 1, 2, 3, 4, 5, 6]
1427,6,[]
1439,7,[]
1452,6,[]
1464,6,[]
1476,5,[]
1487,6,[]
1499,6,[]
1511,6,[]
1523,6,[]
1535,7,[]
1548,8,[]
1562,6,[]
1574,6,[]
1586,5,[]
1597,5,[]
1608,6,[]
1620,6,[]
1632,5,[]
1643,4,[]
1653,40,[]
1720,2,[]
1728,5,[]
1739,5,[]
1750,5,[]
1761,7,[]
1774,10,[]
1790,5,[]
1801,6,[]
1813,6,[]
1825,7,[]
1838,6,[]
1850,7,[]
1863,6,[]
1875,7,[]
1888,5,[]
1899,5,[]
1910,6,[]
1922,8,[]
1936,7,[]
1949,7,[]
1962,7,[]
1975,6,[]
1987,6,[]
1999,7,[]
2012,7,[]
2025,5,[]
2036,9,[]
2051,10,[]
2067,10,[]
2083,38,[]
2148,6,[]
2160,8,[]
2174,8,[]
2188,8,[]
2202,8,[]
2216,9,[]
2231,10,[]
2247,8,[]
2261,8,[]
2275,8,[]
2289,8,[]
2303,8,[]
2317,10,[]
2333,8,[]
2347,8,[]
2361,7,[]
2374,5,[]
2385,8,[]
2399,10,[]
2415,10,[]
2431,7,[]
2444,7,[]
2457,8,[]
2471,8,[]
2485,7,[]
2498,8,[]
2512,7,[]
2525,8,[]
2539,10,[]
2555,32,[0, 1, 2, 3, 4, 5, 6, 7, 8, 9, 10, 11]
2593,4,[]
2603,5,[]
2614,5,[]
2625,6,[]
2637,7,[]
2650,6,[]
2662,8,[]
2676,6,[]
2688,7,[]
2701,7,[]
2714,7,[]
2727,7,[]
2740,6,[]
2752,7,[]
2765,7,[]
2778,7,[]
2791,6,[]
2803,6,[]
2815,5,[]
2826,9,[]
2841,8,[]
2855,4,[]
2865,5,[]
2876,6,[]
2888,6,[]
2900,6,[]
2912,6,[]
2924,7,[]
2937,6,[]
2949,34,[]
2989,3,[]
2998,4,[]
3008,5,[]
3019,6,[]
3031,6,[]
3043,6,[]
3055,8,[]
3069,5,[]
3080,5,[]
3091,5,[]
3102,5,[]
3113,6,[]
3125,6,[]
3137,5,[]
3148,5,[]
3159,6,[]
3171,6,[]
3183,4,[]
3193,5,[]
3204,6,[]
3216,6,[]
3228,7,[]
3241,6,[]
3253,5,[]
3264,5,[]
3275,6,[]
3287,5,[]
3298,5,[]
3309,5,[]
3320,40,[]
3387,3,[]
3396,5,[]
3407,5,[]
3418,5,[]
3429,7,[]
3442,6,[]
3454,9,[]
3469,5,[]
3480,5,[]
3491,5,[]
3502,5,[]
3513,7,[]
3526,6,[]
3538,5,[]
3549,4,[]
3559,5,[]
3570,4,[]
3580,7,[]
3593,6,[]
3605,9,[]
3620,7,[]
3633,7,[]
3646,7,[]
3659,7,[]
3672,8,[]
3686,7,[]
3699,9,[]
3714,9,[]
3729,9,[]
3744,35,[]
3806,4,[]
3816,6,[]
3828,7,[]
3841,9,[]
3856,9,[]
3871,8,[]
3885,10,[]
3901,8,[]
3915,8,[0, 1, 2, 3, 4, 5, 6, 7]
3929,9,[]
3944,9,[]
3959,9,[]
3974,8,[]
3988,9,[]
4003,9,[]
4018,10,[]
4034,9,[]
4049,8,[]
4063,11,[]
4080,9,[]
4095,8,[0, 1, 2, 3, 4, 5, 6, 7]
4109,8,[]
4123,7,[]
4136,8,[]
4150,8,[]
4164,9,[]
4179,6,[]
4191,6,[]
4203,6,[]
0,27,[]
33,1,[]
40,8,[]
54,7,[]
67,7,[]
80,8,[]
94,5,[]
105,9,[]
120,7,[]
133,8,[]
147,2,[]
155,8,[]
169,7,[]
182,8,[]
196,7,[]
209,8,[]
223,7,[]
236,4,[]
246,10,[]
262,7,[]
275,7,[]
288,8,[]
302,1,[]
309,5,[]
320,7,[]
333,7,[]
346,7,[]
359,7,[]
372,8,[]
386,8,[]
400,65,[]
515,3,[]
524,6,[]
536,5,[]
547,7,[]
560,2,[]
568,8,[]
582,7,[]
595,8,[]
609,7,[0, 1, 2, 3, 4, 5, 6]
622,7,[]
635,6,[]
647,7,[]
660,7,[]
673,4,[]
683,8,[]
697,5,[]
708,8,[]
722,7,[]
735,8,[]
749,8,[]
763,8,[]
777,2,[]
785,8,[]
799,5,[]
810,7,[]
823,6,[]
835,7,[]
848,8,[]
862,5,[]
873,69,[]
992,3,[]
1001,5,[]
1012,6,[]
1024,3,[]
1033,9,[]
1048,8,[]
1062,7,[]
1075,8,[]
1089,7,[]
1102,7,[]
1115,3,[]
1124,6,[]
1136,7,[]
1149,7,[]
1162,7,[]
1175,4,[]
1185,7,[]
1198,7,[]
1211,7,[]
1224,8,[]
1238,6,[]
1250,8,[]
1264,5,[]
1275,8,[]
1289,8,[]
1303,8,[]
1317,8,[]
1331,5,[]
1342,9,[]
1357,68,[]
1475,4,[]
1485,6,[]
1497,6,[]
1509,5,[]
1520,7,[]
1533,7,[]
1546,6,[]
1558,7,[]
1571,8,[]
1585,3,[]
1594,7,[]
1607,7,[]
1620,7,[]
1633,7,[]
1646,8,[]
1660,8,[]
1674,6,[]
1686,6,[]
1698,9,[]
1713,8,[]
1727,7,[]
1740,7,[]
1753,7,[]
1766,5,[]
1777,8,[]
1791,6,[]
1803,8,[]
1817,6,[]
1829,7,[]
1842,75,[]
1967,5,[]
1978,4,[]
1988,6,[]
2000,6,[]
2012,4,[]
2022,7,[]
2035,7,[]
2048,7,[]
2061,8,[]
2075,5,[]
2086,8,[]
2100,9,[]
2115,7,[]
2128,8,[]
2142,8,[]
2156,8,[0, 1, 2, 3, 4, 5, 6, 7]
2170,5,[]
2181,9,[]
2196,8,[]
2210,8,[]
2224,8,[]
2238,7,[]
2251,5,[]
2262,7,[]
2275,8,[]
2289,7,[]
2302,7,[]
2315,8,[]
2329,8,[]
2343,74,[]
2467,3,[]
2476,5,[]
2487,6,[]
2499,5,[]
2510,7,[]
2523,6,[]
2535,7,[0, 1, 2, 3, 4, 5, 6]
2548,7,[]
2561,7,[]
2574,6,[]
2586,4,[]
2596,8,[]
2610,7,[]
2623,7,[]
2636,7,[]
2649,6,[]
2661,6,[]
2673,4,[]
2683,7,[]
2696,6,[]
2708,7,[]
2721,7,[]
2734,6,[]
2746,7,[]
2759,7,[]
2772,7,[]
2785,7,[]
2798,6,[]
2810,4,[]
2820,68,[]
2938,4,[]
2948,4,[]
2958,5,[]
2969,5,[]
2980,5,[]
2991,3,[]
3000,6,[]
3012,7,[0, 1, 2, 3, 4, 5, 6]
3025,6,[]
3037,5,[]
3048,4,[]
3058,6,[]
3070,6,[]
3082,6,[]
3094,7,[]
3107,7,[]
3120,3,[]
3129,7,[]
3142,6,[]
3154,7,[]
3167,7,[]
3180,4,[]
3190,7,[]
3203,7,[]
3216,6,[]
3228,4,[]
3238,6,[]
3250,6,[]
3262,8,[]
3276,70,[]
3396,3,[]
3405,3,[]
3414,5,[]
3425,5,[]
3436,4,[]
3446,7,[]
3459,6,[]
3471,6,[]
3483,6,[]
3495,4,[]
3505,7,[]
3518,6,[]
3530,6,[]
3542,6,[]
3554,6,[]
3566,3,[]
3575,7,[]
3588,7,[]
3601,6,[]
3613,6,[]
3625,7,[]
3638,5,[]
3649,3,[]
3658,6,[]
3670,6,[]
3682,7,[]
3695,8,[]
3709,7,[0, 1, 2, 3, 4, 5, 6]
3722,7,[]
3735,61,[]
3846,3,[]
3855,4,[]
3865,4,[]
3875,4,[]
3885,7,[]
3898,6,[]
3910,5,[]
3921,6,[]
3933,6,[]
3945,6,[]
3957,5,[]
3968,7,[]
3981,6,[]
3993,6,[]
4005,5,[]
4016,5,[]
4027,7,[]
4040,6,[]
4052,7,[]
4065,7,[]
4078,6,[]
4090,4,[]
4100,8,[]
4114,7,[]
4127,7,[]
4140,8,[]
4154,5,[]
4165,8,[]
4179,5,[]
4190,62,[]
4302,4,[]
4312,3,[]
4321,6,[]
4333,4,[]
4343,7,[]
4356,6,[]
4368,7,[]
4381,6,[]
4393,6,[]
4405,5,[]
4416,8,[]
4430,7,[]
4443,7,[]
4456,6,[]
4468,6,[]
4480,6,[]
4492,5,[]
4503,8,[]
4517,7,[]
4530,7,[]
4543,7,[]
4556,4,[]
4566,7,[]
4579,7,[]
4592,8,[]
4606,6,[]
4618,5,[]
4629,6,[]
4641,8,[]
0,12,[]
19,2,[]
28,6,[]
41,7,[]
55,6,[]
68,3,[]
78,6,[]
91,5,[]
103,6,[]
116,6,[]
129,6,[]
142,5,[]
154,6,[]
167,5,[]
179,6,[]
192,4,[]
203,5,[]
215,6,[]
228,5,[]
240,4,[]
251,4,[]
262,7,[]
276,9,[]
292,7,[]
306,5,[]
318,5,[]
330,7,[]
344,8,[]
359,6,[]
372,3,[]
382,40,[]
451,2,[]
460,2,[]
469,3,[]
479,4,[]
490,5,[]
502,6,[]
515,3,[]
525,8,[]
540,7,[]
554,6,[]
567,4,[]
578,5,[]
590,7,[]
604,9,[]
620,7,[]
634,9,[]
650,6,[]
663,7,[]
677,7,[]
691,8,[]
706,7,[]
720,8,[]
735,8,[]
750,8,[]
765,7,[]
779,8,[]
794,8,[]
809,7,[]
823,8,[]
838,46,[]
913,3,[]
923,6,[]
936,8,[]
951,6,[]
964,9,[]
980,9,[0, 1, 2, 3, 4, 5, 6, 7, 8]
996,10,[]
1013,9,[]
1029,9,[]
1045,10,[]
1062,10,[]
1079,9,[]
1095,7,[]
1109,10,[]
1126,10,[]
1143,10,[]
1160,5,[]
1172,9,[]
1188,10,[]
1205,9,[]
1221,9,[0, 1, 2, 3, 4, 5, 6, 7, 8]
1237,9,[]
1253,10,[]
1270,10,[]
1287,8,[]
1302,8,[]
1317,9,[]
1333,8,[]
1348,8,[]
1363,40,[]
1432,4,[]
1443,6,[]
1456,7,[]
1470,7,[]
1484,9,[]
1500,8,[]
1515,8,[]
1530,8,[]
1545,5,[]
1557,8,[]
1572,8,[]
1587,8,[]
1602,8,[]
1617,9,[]
1633,8,[]
1648,9,[]
1664,9,[]
1680,9,[]
1696,8,[]
1711,7,[]
1725,9,[]
1741,8,[]
1756,8,[]
1771,9,[]
1787,8,[]
1802,8,[]
1817,8,[]
1832,8,[]
1847,6,[]
1860,40,[]
1929,3,[]
1939,6,[]
1952,6,[]
1965,8,[]
1980,7,[]
1994,8,[]
2009,7,[]
2023,8,[]
2038,7,[]
2052,9,[]
2068,7,[]
2082,8,[0, 1, 2, 3, 4, 5, 6, 7]
2097,8,[]
2112,6,[]
2125,9,[]
2141,8,[]
2156,7,[]
2170,6,[]
2183,6,[]
2196,8,[]
2211,7,[]
2225,5,[]
2237,6,[]
2250,6,[]
2263,8,[]
2278,8,[]
2293,7,[]
2307,10,[]
2324,6,[]
2337,46,[]
2412,4,[]
2423,5,[]
2435,6,[]
2448,7,[]
2462,7,[]
2476,7,[]
2490,5,[]
2502,8,[]
2517,5,[]
2529,7,[]
2543,7,[]
2557,5,[]
2569,6,[]
2582,8,[]
2597,8,[]
2612,6,[]
2625,6,[]
2638,9,[]
2654,7,[]
2668,8,[]
2683,6,[]
2696,6,[]
2709,4,[]
2720,7,[]
2734,5,[]
2746,6,[]
2759,7,[]
2773,8,[]
2788,3,[]
2798,54,[]
2881,4,[]
2892,6,[]
2905,7,[]
2919,8,[]
2934,7,[]
2948,9,[]
2964,9,[]
2980,9,[]
2996,9,[]
3012,6,[]
3025,10,[]
3042,9,[]
3058,9,[]
3074,9,[]
3090,8,[]
3105,8,[]
3120,7,[]
3134,7,[]
3148,9,[]
3164,10,[]
3181,9,[]
3197,10,[]
3214,11,[]
3232,11,[]
3250,10,[]
3267,10,[]
3284,9,[]
3300,9,[]
3316,6,[]
3329,37,[]
3395,6,[]
3408,9,[]
3424,9,[]
3440,9,[]
3456,10,[]
3473,10,[]
3490,10,[]
3507,10,[]
3524,7,[]
3538,9,[1, 2, 3, 4, 5, 6, 7, 8]
3554,9,[]
3570,9,[]
3586,4,[]
3597,9,[]
3613,10,[]
3630,8,[]
3645,9,[]
3661,9,[]
3677,7,[]
3691,8,[]
3706,9,[]
3722,9,[]
3738,9,[]
3754,8,[]
3769,4,[]
3780,9,[]
3796,9,[]
3812,8,[0, 1, 2, 3, 4, 5, 6, 7]
3827,8,[]
3842,27,[]
3876,5,[]
3888,6,[]
3901,7,[]
3915,7,[]
3929,7,[]
3943,4,[]
3954,9,[]
3970,8,[]
3985,7,[]
3999,8,[]
4014,8,[]
4029,7,[]
4043,7,[]
4057,7,[]
4071,7,[]
4085,6,[]
4098,5,[]
4110,7,[]
4124,9,[]
4140,8,[]
4155,7,[]
4169,6,[]
4182,6,[]
4195,6,[]
4208,6,[]
4221,4,[]
4232,7,[]
4246,7,[]
4260,9,[]
4276,23,[]
4306,5,[]
4318,7,[]
4332,7,[]
4346,8,[]
4361,8,[]
4376,6,[]
4389,7,[]
4403,6,[]
4416,8,[]
4431,7,[]
4445,5,[]
4457,9,[]
4473,8,[]
4488,9,[]
4504,8,[]
4519,8,[]
4534,7,[]
4548,7,[]
4562,8,[]
4577,5,[]
4589,9,[]
4605,7,[]
4619,7,[]
4633,8,[]
4648,8,[]
4663,8,[]
4678,4,[]
4689,8,[]
4704,10,[]
0,23,[]
27,1,[]
32,5,[]
41,6,[]
51,6,[]
61,6,[]
71,4,[]
79,8,[]
91,4,[]
99,3,[]
106,5,[0, 1, 2, 3, 4]
115,4,[]
123,4,[]
131,4,[]
139,5,[]
148,4,[]
156,4,[]
164,3,[]
171,4,[]
179,4,[]
187,7,[]
198,7,[]
209,10,[]
223,10,[]
237,11,[]
252,14,[4, 5, 6, 7, 8, 9, 10, 11, 12]
270,11,[]
285,2,[]
291,3,[]
298,2,[]
304,120,[]
504,1,[]
509,1,[]
514,1,[]
519,2,[]
525,3,[]
532,3,[]
539,3,[]
546,4,[]
554,6,[]
564,4,[]
572,4,[]
580,4,[]
588,4,[]
596,3,[]
603,3,[]
610,4,[]
618,4,[]
626,3,[]
633,4,[]
641,4,[]
649,4,[]
657,3,[]
664,3,[]
671,4,[]
679,4,[]
687,4,[]
695,4,[]
703,6,[]
713,3,[]
720,107,[]
907,1,[]
912,2,[]
918,3,[]
925,3,[]
932,6,[]
942,4,[]
950,5,[]
959,4,[]
967,5,[]
976,3,[]
983,7,[]
994,6,[]
1004,4,[]
1012,4,[]
1020,5,[]
1029,4,[]
1037,6,[]
1047,4,[]
1055,3,[]
1062,5,[]
1071,5,[]
1080,5,[]
1089,5,[]
1098,5,[]
1107,5,[]
1116,4,[]
1124,4,[]
1132,6,[]
1142,6,[]
1152,124,[]
1356,2,[]
1362,2,[]
1368,3,[]
1375,4,[]
1383,4,[]
1391,6,[]
1401,5,[]
1410,6,[]
1420,6,[]
1430,6,[]
1440,5,[]
1449,6,[]
1459,9,[]
1472,6,[]
1482,8,[]
1494,7,[]
1505,7,[]
1516,7,[]
1527,9,[]
1540,6,[]
1550,6,[]
1560,7,[]
1571,5,[]
1580,5,[]
1589,5,[]
1598,8,[]
1610,3,[]
1617,5,[]
1626,7,[]
1637,126,[]
1843,4,[]
1851,4,[]
1859,6,[]
1869,7,[]
1880,7,[]
1891,6,[]
1901,5,[]
1910,7,[]
1921,8,[]
1933,7,[]
1944,8,[]
1956,7,[]
1967,4,[]
1975,5,[0, 1, 2, 3, 4]
1984,6,[]
1994,6,[]
2004,10,[]
2018,7,[]
2029,6,[]
2039,6,[]
2049,4,[]
2057,5,[]
2066,4,[]
2074,6,[]
2084,6,[]
2094,7,[]
2105,7,[]
2116,7,[]
2127,2,[]
2133,132,[]
2345,2,[]
2351,1,[]
2356,3,[]
2363,3,[]
2370,4,[]
2378,6,[]
2388,3,[]
2395,5,[]
2404,2,[]
2410,5,[]
2419,4,[]
2427,7,[1, 2, 3, 4, 5, 6]
2438,5,[0, 1, 2, 3, 4]
2447,4,[]
2455,5,[]
2464,5,[]
2473,5,[]
2482,9,[]
2495,4,[]
2503,7,[]
2514,5,[]
2523,5,[]
2532,5,[]
2541,5,[]
2550,5,[]
2559,6,[]
2569,8,[]
2581,8,[]
2593,4,[]
2601,114,[]
2795,2,[]
2801,2,[]
2807,3,[]
2814,4,[]
2822,5,[]
2831,5,[]
2840,3,[]
2847,4,[]
2855,4,[]
2863,4,[]
2871,5,[]
2880,5,[]
2889,5,[]
2898,5,[]
2907,4,[]
2915,5,[]
2924,5,[]
2933,5,[]
2942,5,[]
2951,10,[]
2965,4,[]
2973,5,[]
2982,5,[]
2991,4,[]
2999,5,[]
3008,5,[]
3017,6,[]
3027,7,[]
3038,6,[]
3048,97,[]
3225,2,[]
3231,4,[]
3239,4,[]
3247,4,[]
3255,4,[]
3263,5,[]
3272,4,[]
3280,5,[]
3289,5,[]
3298,4,[]
3306,4,[]
3314,5,[]
3323,5,[]
3332,5,[]
3341,6,[]
3351,5,[0, 1, 2, 3, 4]
3360,6,[0, 1, 2, 3, 4, 5]
3370,5,[]
3379,5,[]
3388,8,[]
3400,6,[]
3410,7,[]
3421,6,[]
3431,6,[]
3441,6,[]
3451,6,[]
3461,7,[]
3472,7,[]
3483,8,[]
3495,90,[]
3665,2,[]
3671,3,[]
3678,3,[]
3685,3,[]
3692,3,[]
3699,3,[]
3706,4,[]
3714,4,[]
3722,5,[]
3731,5,[]
3740,3,[]
3747,5,[]
3756,5,[]
3765,5,[]
3774,4,[]
3782,3,[]
3789,6,[0, 1, 2, 3, 4, 5]
3799,3,[]
3806,6,[]
3816,7,[]
3827,5,[]
3836,4,[]
3844,4,[]
3852,9,[]
3865,4,[]
3873,5,[]
3882,5,[]
3891,6,[]
3901,5,[]
3910,93,[]
4083,3,[]
4090,2,[]
4096,3,[]
4103,3,[]
4110,3,[]
4117,2,[]
4123,2,[]
4129,4,[]
4137,4,[]
4145,4,[]
4153,5,[0, 1, 2, 3, 4]
4162,5,[]
4171,5,[]
4180,6,[]
4190,5,[]
4199,4,[]
4207,5,[]
4216,4,[]
4224,5,[]
4233,3,[]
4240,5,[]
4249,5,[]
4258,6,[]
4268,5,[0, 1, 2, 3, 4]
4277,4,[]
4285,4,[]
4293,8,[]
4305,4,[]
4313,4,[]
0,29,[]
35,10,[]
51,3,[]
60,12,[]
78,2,[]
86,13,[]
105,4,[]
115,9,[0, 1, 2, 3, 4, 5, 6, 7, 8]
130,3,[]
139,11,[]
156,6,[]
168,12,[]
186,4,[]
196,12,[]
214,3,[]
223,9,[]
238,5,[]
249,11,[]
266,4,[]
276,9,[]
291,4,[]
301,12,[]
319,1,[]
326,4,[]
336,5,[]
347,7,[]
360,6,[]
372,5,[]
383,8,[]
397,8,[]
411,64,[]
514,3,[]
523,1,[]
530,7,[]
543,5,[]
554,7,[0, 1, 2, 3, 4, 5, 6]
567,5,[]
578,9,[]
593,4,[]
603,7,[]
616,5,[]
627,8,[]
641,4,[]
651,7,[]
664,5,[]
675,9,[]
690,4,[]
700,8,[]
714,3,[]
723,10,[]
739,3,[]
748,10,[]
764,2,[]
772,10,[]
788,4,[]
798,8,[0, 1, 2, 3, 4, 5, 6, 7]
812,4,[]
822,11,[]
839,6,[]
851,10,[]
867,49,[]
955,6,[]
967,2,[]
975,9,[]
990,5,[]
1001,8,[]
1015,4,[]
1025,10,[]
1041,6,[]
1053,8,[]
1067,5,[]
1078,9,[]
1093,6,[]
1105,7,[]
1118,5,[]
1129,9,[]
1144,5,[]
1155,8,[]
1169,4,[]
1179,11,[]
1196,5,[]
1207,11,[]
1224,2,[]
1232,11,[]
1249,5,[]
1260,11,[]
1277,3,[]
1286,11,[]
1303,4,[]
1313,10,[]
1329,50,[]
1418,6,[]
1430,3,[]
1439,8,[]
1453,4,[]
1463,10,[]
1479,5,[]
1490,9,[]
1505,4,[]
1515,9,[]
1530,6,[]
1542,8,[]
1556,4,[]
1566,9,[]
1581,5,[]
1592,8,[]
1606,6,[]
1618,8,[]
1632,6,[]
1644,7,[]
1657,3,[]
1666,9,[]
1681,2,[]
1689,7,[]
1702,4,[]
1712,9,[]
1727,5,[]
1738,11,[]
1755,5,[]
1766,8,[]
1780,57,[]
1876,2,[]
1884,2,[]
1892,7,[]
1905,2,[]
1913,8,[]
1927,4,[]
1937,10,[]
1953,4,[]
1963,12,[]
1981,3,[]
1990,13,[]
2009,3,[]
2018,11,[]
2035,3,[]
2044,11,[]
2061,3,[]
2070,11,[]
2087,6,[]
2099,10,[]
2115,3,[]
2124,10,[]
2140,5,[]
2151,9,[]
2166,4,[]
2176,9,[]
2191,4,[]
2201,9,[]
2216,5,[]
2227,8,[]
2241,59,[]
2339,5,[]
2350,2,[]
2358,8,[]
2372,3,[]
2381,9,[]
2396,5,[]
2407,12,[]
2425,2,[]
2433,13,[]
2452,3,[]
2461,13,[]
2480,4,[]
2490,12,[]
2508,5,[]
2519,11,[]
2536,3,[]
2545,12,[]
2563,2,[]
2571,9,[]
2586,3,[]
2595,8,[]
2609,5,[]
2620,8,[]
2634,3,[]
2643,10,[0, 1, 2, 3, 4, 5, 6, 7, 8]
2659,12,[]
2677,3,[]
2686,4,[]
2696,10,[]
2712,53,[]
2804,3,[]
2813,2,[]
2821,6,[]
2833,5,[]
2844,7,[]
2857,5,[]
2868,7,[]
2881,10,[]
2897,3,[]
2906,10,[]
2922,4,[]
2932,4,[]
2942,13,[]
2961,5,[]
2972,16,[]
2994,2,[]
3002,13,[]
3021,5,[]
3032,13,[]
3051,10,[]
3067,4,[]
3077,9,[]
3092,2,[]
3100,4,[]
3110,11,[]
3127,4,[]
3137,11,[]
3154,4,[]
3164,13,[]
3183,48,[]
3270,8,[]
3284,7,[]
3297,4,[]
3307,10,[]
3323,4,[]
3333,11,[]
3350,5,[]
3361,4,[]
3371,11,[]
3388,3,[]
3397,9,[]
3412,4,[]
3422,9,[]
3437,10,[]
3453,4,[]
3463,10,[]
3479,3,[]
3488,10,[0, 1, 2, 3, 4, 5, 6, 7, 8, 9]
3504,4,[]
3514,10,[]
3530,4,[]
3540,6,[]
3552,10,[]
3568,4,[]
3578,11,[]
3595,12,[]
3613,5,[]
3624,11,[]
3641,2,[]
3649,42,[]
3730,1,[]
3737,9,[]
3752,3,[]
3761,3,[]
3770,10,[]
3786,5,[]
3797,9,[]
3812,8,[0, 1, 2, 3, 4, 5, 6, 7]
3826,4,[]
3836,8,[]
3850,4,[]
3860,8,[]
3874,4,[]
3884,9,[]
3899,3,[]
3908,11,[]
3925,2,[]
3933,4,[]
3943,15,[]
3964,11,[]
3981,4,[]
3991,10,[]
4007,3,[]
4016,8,[]
4030,5,[]
4041,9,[0, 1, 2, 3, 4, 5, 6, 7, 8]
4056,3,[]
4065,11,[]
4082,3,[]
4091,49,[]
4179,1,[]
4186,8,[]
4200,4,[]
4210,7,[]
4223,4,[]
4233,9,[]
4248,5,[]
4259,8,[]
4273,4,[]
4283,8,[]
4297,3,[]
4306,9,[]
4321,3,[]
4330,8,[]
4344,3,[]
4353,8,[]
4367,3,[]
4376,9,[]
4391,5,[]
4402,9,[]
4417,5,[]
4428,7,[]
4441,5,[]
4452,8,[]
4466,5,[]
4477,11,[]
4494,3,[]
4503,8,[]
4517,5,[]
0,23,[]
29,8,[]
43,9,[]
58,7,[]
71,8,[]
85,9,[]
100,9,[]
115,1,[]
122,9,[]
137,9,[]
152,8,[]
166,8,[]
180,1,[]
187,10,[]
203,8,[]
217,8,[]
231,8,[]
245,9,[]
260,1,[]
267,9,[]
282,9,[]
297,1,[]
304,10,[]
320,9,[]
335,9,[]
350,1,[]
357,2,[]
365,12,[]
383,8,[0, 1, 2, 3, 4, 5, 6, 7]
397,8,[]
411,62,[]
501,1,[]
508,10,[]
524,9,[]
539,1,[]
546,11,[]
563,9,[0, 1, 2, 3, 4, 5, 6, 7, 8]
578,9,[]
593,9,[]
608,1,[]
615,8,[]
629,1,[]
636,8,[]
650,7,[]
663,1,[]
670,1,[]
677,10,[]
693,11,[]
710,7,[]
723,2,[]
731,10,[]
747,6,[]
759,2,[]
767,10,[]
783,2,[]
791,6,[]
803,8,[]
817,6,[]
829,7,[]
842,6,[]
854,34,[]
894,5,[]
905,5,[]
916,2,[]
924,6,[]
936,2,[]
944,4,[]
954,8,[0, 1, 2, 3, 4, 5, 6, 7]
968,5,[]
979,5,[]
990,4,[]
1000,4,[]
1010,6,[]
1022,5,[]
1033,5,[]
1044,2,[]
1052,7,[]
1065,6,[]
1077,4,[]
1087,7,[]
1100,4,[]
1110,7,[]
1123,6,[]
1135,6,[]
1147,6,[]
1159,3,[]
1168,3,[]
1177,7,[]
1190,5,[]
1201,6,[]
1213,34,[5, 6, 7, 8, 9, 10, 11, 12, 13, 14, 15, 16, 17, 18, 19, 20, 21, 22, 23, 24, 25, 26, 27, 28]
1253,3,[]
1262,4,[]
1272,4,[]
1282,3,[]
1291,5,[]
1302,5,[]
1313,2,[]
1321,5,[]
1332,5,[]
1343,4,[]
1353,4,[]
1363,5,[]
1374,5,[]
1385,2,[]
1393,6,[]
1405,6,[]
1417,3,[]
1426,6,[]
1438,5,[]
1449,4,[]
1459,5,[]
1470,5,[]
1481,6,[]
1493,5,[]
1504,6,[]
1516,4,[]
1526,7,[]
1539,5,[]
1550,7,[]
1563,32,[]
1601,5,[]
1612,5,[]
1623,5,[]
1634,4,[]
1644,6,[]
1656,5,[]
1667,5,[]
1678,5,[]
1689,5,[]
1700,6,[]
1712,5,[]
1723,4,[]
1733,4,[]
1743,5,[]
1754,5,[]
1765,5,[]
1776,4,[]
1786,7,[]
1799,6,[]
1811,4,[]
1821,5,[]
1832,5,[]
1843,4,[]
1853,5,[]
1864,4,[]
1874,5,[]
1885,5,[]
1896,6,[]
1908,7,[]
1921,31,[]
1958,1,[]
1965,10,[]
1981,6,[]
1993,5,[]
2004,6,[]
2016,6,[]
2028,7,[]
2041,8,[]
2055,7,[]
2068,5,[]
2079,5,[]
2090,7,[]
2103,7,[]
2116,8,[]
2130,6,[]
2142,6,[]
2154,7,[]
2167,5,[]
2178,6,[]
2190,5,[]
2201,7,[]
2214,6,[]
2226,5,[]
2237,5,[]
2248,5,[]
2259,7,[]
2272,6,[]
2284,7,[]
2297,6,[]
2309,29,[]
2344,1,[]
2351,1,[]
2358,8,[]
2372,5,[]
2383,6,[]
2395,5,[]
2406,7,[]
2419,6,[]
2431,6,[]
2443,5,[]
2454,5,[]
2465,10,[]
2481,13,[]
2500,7,[]
2513,7,[]
2526,7,[]
2539,6,[]
2551,8,[]
2565,10,[]
2581,7,[]
2594,7,[]
2607,9,[]
2622,7,[]
2635,6,[]
2647,6,[]
2659,6,[]
2671,8,[]
2685,9,[]
2700,7,[]
2713,35,[]
2776,4,[]
2786,3,[]
2795,8,[]
2809,6,[]
2821,7,[]
2834,7,[]
2847,7,[]
2860,7,[]
2873,5,[]
2884,8,[]
2898,5,[]
2909,5,[]
2920,6,[]
2932,6,[]
2944,7,[0, 1, 2, 3, 4, 5, 6]
2957,7,[0, 1, 2, 3, 4, 5, 6]
2970,7,[]
2983,4,[]
2993,5,[]
3004,7,[]
3017,6,[]
3029,7,[]
3042,12,[]
3060,8,[]
3074,7,[]
3087,8,[]
3101,5,[]
3112,12,[]
3130,8,[]
3144,44,[]
3216,8,[0, 1, 2, 3, 4, 5, 6, 7]
3230,13,[]
3249,11,[]
3266,4,[]
3276,6,[]
3288,14,[]
3308,11,[]
3325,9,[]
3340,9,[]
3355,8,[1, 2, 3, 4, 5, 6, 7]
3369,4,[]
3379,8,[]
3393,5,[]
3404,11,[]
3421,4,[]
3431,10,[]
3447,8,[]
3461,7,[]
3474,10,[]
3490,5,[]
3501,10,[]
3517,7,[]
3530,5,[]
3541,9,[]
3556,7,[]
3569,8,[0, 1, 2, 3, 4, 5, 6, 7]
3583,6,[]
3595,14,[]
3615,11,[]
3632,28,[]
3666,9,[]
3681,11,[]
3698,5,[]
3709,13,[]
3728,5,[]
3739,11,[]
3756,9,[]
3771,9,[]
3786,8,[]
3800,9,[]
3815,5,[]
3826,11,[]
3843,8,[]
3857,8,[]
3871,8,[]
3885,7,[0, 1, 2, 3, 4, 5, 6]
3898,9,[]
3913,8,[]
3927,5,[]
3938,8,[]
3952,6,[]
3964,6,[]
3976,10,[]
3992,5,[]
4003,7,[]
4016,9,[]
4031,8,[]
4045,8,[]
4059,5,[]
0,19,[]
25,2,[]
33,7,[]
46,7,[]
59,7,[]
72,9,[]
87,7,[]
100,8,[]
114,8,[]
128,7,[]
141,7,[]
154,5,[]
165,5,[]
176,7,[]
189,5,[]
200,5,[]
211,7,[]
224,7,[]
237,8,[0, 1, 2, 3, 4, 5, 6, 7]
251,6,[]
263,6,[]
275,9,[]
290,4,[]
300,6,[]
312,6,[]
324,6,[]
336,7,[]
349,7,[]
362,7,[]
375,7,[]
388,49,[]
465,2,[]
473,6,[]
485,6,[]
497,6,[]
509,8,[]
523,8,[]
537,8,[]
551,7,[]
564,10,[]
580,8,[]
594,10,[]
610,10,[]
626,9,[]
641,9,[]
656,9,[]
671,10,[]
687,10,[]
703,10,[0, 1, 2, 3, 4, 5, 6, 7, 8, 9]
719,9,[0, 1, 2, 3, 4, 5, 6]
734,10,[]
750,8,[]
764,7,[]
777,7,[]
790,8,[]
804,8,[]
818,8,[]
832,8,[]
846,7,[]
859,8,[]
873,37,[]
938,5,[]
949,7,[]
962,8,[]
976,7,[]
989,10,[]
1005,8,[]
1019,8,[]
1033,7,[]
1046,7,[]
1059,7,[]
1072,7,[]
1085,7,[]
1098,6,[]
1110,6,[]
1122,9,[]
1137,8,[0, 1, 2, 3, 4, 5, 6, 7]
1151,10,[]
1167,6,[]
1179,8,[]
1193,7,[]
1206,7,[]
1219,7,[]
1232,7,[]
1245,7,[]
1258,7,[]
1271,6,[]
1283,6,[]
1295,6,[]
1307,9,[]
1322,35,[]
1385,3,[]
1394,5,[]
1405,5,[]
1416,7,[]
1429,6,[]
1441,6,[]
1453,6,[]
1465,8,[]
1479,7,[]
1492,8,[]
1506,7,[]
1519,7,[]
1532,6,[]
1544,6,[]
1556,7,[]
1569,8,[]
1583,8,[]
1597,6,[]
1609,6,[]
1621,7,[]
1634,8,[]
1648,6,[]
1660,8,[0, 1, 2, 3, 4, 5, 6, 7]
1674,7,[]
1687,7,[]
1700,8,[]
1714,7,[]
1727,7,[]
1740,7,[]
1753,33,[]
1792,2,[]
1800,4,[]
1810,5,[]
1821,6,[]
1833,6,[]
1845,7,[]
1858,7,[]
1871,8,[]
1885,8,[]
1899,8,[]
1913,7,[]
1926,8,[]
1940,8,[]
1954,8,[]
1968,7,[]
1981,8,[]
1995,7,[]
2008,7,[]
2021,7,[]
2034,7,[0, 1, 2, 3, 4, 5, 6]
2047,7,[]
2060,7,[]
2073,7,[]
2086,7,[]
2099,6,[]
2111,7,[]
2124,7,[]
2137,7,[]
2150,6,[]
2162,34,[]
2202,2,[]
2210,4,[]
2220,4,[]
2230,6,[]
2242,6,[]
2254,5,[]
2265,6,[]
2277,6,[]
2289,6,[]
2301,7,[]
2314,8,[]
2328,7,[]
2341,7,[]
2354,7,[]
2367,5,[]
2378,7,[]
2391,6,[]
2403,7,[]
2416,7,[]
2429,7,[]
2442,7,[]
2455,7,[]
2468,7,[]
2481,8,[]
2495,8,[]
2509,8,[]
2523,8,[]
2537,9,[]
2552,9,[]
2567,34,[]
2607,5,[]
2618,6,[]
2630,8,[]
2644,8,[]
2658,8,[0, 1, 2, 3, 4, 5, 6]
2672,10,[]
2688,9,[]
2703,8,[]
2717,8,[]
2731,7,[]
2744,8,[]
2758,8,[]
2772,7,[]
2785,7,[]
2798,8,[]
2812,8,[]
2826,7,[]
2839,7,[]
2852,6,[]
2864,8,[]
2878,6,[]
2890,8,[]
2904,8,[]
2918,8,[]
2932,8,[]
2946,8,[]
2960,8,[]
2974,8,[]
2988,7,[]
3001,37,[]
3066,1,[]
3073,3,[]
3082,5,[]
3093,5,[]
3104,5,[]
3115,8,[]
3129,6,[]
3141,6,[]
3153,6,[]
3165,6,[]
3177,5,[]
3188,4,[]
3198,4,[]
3208,5,[]
3219,5,[]
3230,7,[]
3243,5,[]
3254,5,[]
3265,6,[]
3277,7,[]
3290,7,[]
3303,7,[]
3316,7,[]
3329,7,[]
3342,7,[]
3355,7,[]
3368,7,[]
3381,7,[]
3394,7,[]
3407,40,[]
3475,3,[]
3484,5,[]
3495,5,[]
3506,8,[]
3520,7,[]
3533,7,[]
3546,7,[]
3559,7,[]
3572,9,[]
3587,8,[]
3601,8,[]
3615,8,[]
3629,8,[]
3643,8,[]
3657,7,[]
3670,9,[]
3685,6,[]
3697,7,[0, 1, 2, 3, 4, 5, 6]
3710,7,[]
3723,14,[]
3743,5,[]
3754,10,[]
3770,7,[]
3783,12,[]
3801,7,[]
3814,11,[]
3831,7,[]
3844,12,[]
3862,7,[]
3875,30,[]
3911,2,[]
3919,4,[]
3929,6,[]
3941,7,[]
3954,6,[]
3966,1,[]
3973,7,[]
3986,7,[]
3999,6,[]
4011,6,[]
4023,6,[]
4035,6,[]
4047,6,[]
4059,6,[]
4071,6,[]
4083,6,[]
4095,7,[]
4108,7,[]
4121,7,[]
4134,7,[]
4147,7,[]
4160,7,[]
4173,7,[]
4186,7,[]
4199,8,[]
4213,7,[]
4226,6,[]
4238,7,[]
4251,7,[]
0,12,[]
19,1,[]
27,7,[]
41,7,[]
55,7,[]
69,6,[]
82,7,[]
96,7,[]
110,7,[]
124,7,[]
138,6,[]
151,6,[]
164,5,[]
176,6,[]
189,7,[]
203,6,[]
216,5,[]
228,6,[]
241,5,[]
253,5,[]
265,4,[]
276,4,[]
287,3,[]
297,5,[]
309,8,[]
324,6,[]
337,5,[]
349,7,[]
363,6,[]
376,6,[]
389,30,[14, 15, 16, 17, 18, 19, 20, 21, 22, 23, 24, 25, 26]
426,6,[]
439,7,[]
453,7,[]
467,7,[]
481,7,[]
495,8,[]
510,7,[]
524,8,[]
539,7,[]
553,7,[]
567,8,[]
582,6,[]
595,8,[]
610,8,[]
625,7,[]
639,7,[]
653,6,[]
666,10,[]
683,8,[]
698,6,[]
711,7,[]
725,7,[]
739,7,[]
753,7,[]
767,8,[]
782,7,[]
796,8,[]
811,7,[]
825,8,[]
840,34,[]
881,6,[]
894,8,[]
909,7,[]
923,7,[]
937,7,[]
951,6,[]
964,8,[]
979,7,[]
993,9,[]
1009,8,[0, 1, 2, 3, 4, 5, 6, 7]
1024,8,[]
1039,7,[]
1053,7,[]
1067,6,[]
1080,6,[]
1093,7,[]
1107,8,[]
1122,7,[]
1136,6,[]
1149,9,[]
1165,4,[]
1176,4,[]
1187,5,[]
1199,5,[]
1211,5,[]
1223,5,[]
1235,5,[]
1247,7,[]
1261,2,[]
1270,45,[]
1343,4,[]
1354,2,[]
1363,5,[]
1375,5,[]
1387,6,[]
1400,6,[]
1413,8,[]
1428,8,[]
1443,8,[]
1458,8,[]
1473,7,[]
1487,8,[]
1502,8,[]
1517,8,[]
1532,7,[]
1546,8,[]
1561,7,[]
1575,7,[]
1589,7,[]
1603,6,[]
1616,5,[]
1628,5,[]
1640,6,[]
1653,6,[]
1666,8,[]
1681,7,[]
1695,7,[]
1709,6,[]
1722,8,[0, 1, 2, 3, 4, 5, 6, 7]
1737,37,[]
1802,7,[]
1816,7,[]
1830,7,[]
1844,8,[]
1859,8,[]
1874,7,[]
1888,10,[]
1905,8,[]
1920,8,[]
1935,8,[]
1950,7,[]
1964,9,[]
1980,8,[]
1995,7,[]
2009,10,[]
2026,9,[]
2042,8,[]
2057,6,[]
2070,9,[]
2086,7,[]
2100,8,[]
2115,7,[]
2129,8,[]
2144,7,[]
2158,8,[]
2173,9,[0, 1, 2, 3, 4, 5, 6, 7, 8]
2189,8,[]
2204,8,[]
2219,8,[]
2234,38,[]
2300,7,[]
2314,7,[]
2328,9,[]
2344,9,[]
2360,10,[]
2377,11,[]
2395,12,[]
2414,11,[]
2432,11,[]
2450,9,[]
2466,10,[]
2483,8,[]
2498,7,[]
2512,10,[]
2529,8,[]
2544,10,[]
2561,10,[]
2578,8,[]
2593,9,[]
2609,8,[]
2624,8,[]
2639,8,[]
2654,7,[]
2668,7,[]
2682,9,[]
2698,11,[]
2716,11,[]
2734,9,[]
2750,10,[]
2767,34,[21, 22, 23, 24, 25, 26, 27, 28]
2808,9,[]
2824,7,[]
2838,8,[]
2853,6,[]
2866,7,[]
2880,8,[]
2895,8,[]
2910,7,[]
2924,7,[]
2938,7,[]
2952,8,[]
2967,9,[0, 1, 2, 3, 4, 5, 6, 7, 8]
2983,6,[]
2996,6,[]
3009,7,[]
3023,8,[]
3038,8,[]
3053,6,[]
3066,6,[]
3079,6,[]
3092,6,[]
3105,7,[]
3119,7,[]
3133,8,[]
3148,8,[]
3163,7,[]
3177,6,[]
3190,6,[]
3203,7,[]
3217,35,[]
3280,4,[]
3291,5,[]
3303,6,[]
3316,5,[]
3328,7,[]
3342,8,[]
3357,6,[]
3370,8,[]
3385,7,[]
3399,9,[]
3415,7,[]
3429,7,[]
3443,7,[]
3457,7,[]
3471,7,[]
3485,6,[]
3498,6,[]
3511,7,[]
3525,8,[]
3540,7,[]
3554,5,[]
3566,9,[]
3582,6,[]
3595,9,[]
3611,6,[]
3624,8,[]
3639,6,[]
3652,6,[]
3665,8,[]
3680,39,[]
3747,2,[]
3756,6,[]
3769,5,[]
3781,5,[]
3793,6,[]
3806,9,[]
3822,8,[]
3837,8,[]
3852,6,[]
3865,6,[]
3878,7,[]
3892,7,[]
3906,8,[]
3921,6,[]
3934,8,[]
3949,6,[]
3962,7,[]
3976,8,[]
3991,8,[]
4006,9,[]
4022,7,[]
4036,10,[]
4053,10,[]
4070,8,[]
4085,8,[]
4100,8,[]
4115,9,[]
4131,8,[]
4146,8,[]
4161,38,[]
4227,4,[]
4238,10,[]
4255,7,[]
4269,8,[]
4284,6,[]
4297,7,[]
4311,6,[]
4324,6,[]
4337,7,[]
4351,8,[]
4366,9,[]
4382,8,[]
4397,8,[]
4412,8,[]
4427,6,[]
4440,7,[]
4454,7,[]
4468,7,[]
4482,7,[]
4496,7,[]
4510,8,[]
4525,8,[]
4540,7,[]
4554,6,[]
4567,7,[]
4581,8,[]
4596,8,[0, 1, 2, 3, 4, 5, 6, 7]
4611,9,[]
4627,8,[]
0,10,[]
16,1,[]
23,5,[]
34,5,[]
45,5,[]
56,6,[]
68,4,[]
78,7,[]
91,7,[]
104,6,[]
116,5,[]
127,4,[]
137,4,[]
147,3,[]
156,5,[]
167,6,[]
179,10,[]
195,5,[]
206,1,[]
213,6,[]
225,9,[]
240,8,[]
254,11,[]
271,13,[]
290,6,[]
302,5,[]
313,2,[]
321,6,[]
333,5,[]
344,6,[]
356,54,[]
449,1,[]
456,6,[]
468,5,[]
479,7,[]
492,6,[]
504,10,[0, 1, 2, 3, 4, 5, 6, 7, 8, 9]
520,9,[]
535,5,[]
546,5,[]
557,7,[]
570,12,[]
588,3,[]
597,10,[]
613,11,[0, 1, 2, 3, 4, 5, 6, 7]
630,11,[]
647,5,[]
658,9,[]
673,11,[]
690,4,[]
700,11,[]
717,5,[]
728,8,[]
742,8,[]
756,11,[]
773,4,[]
783,9,[]
798,9,[]
813,4,[]
823,8,[]
837,49,[]
925,4,[]
935,4,[]
945,2,[]
953,4,[]
963,9,[]
978,9,[]
993,7,[]
1006,9,[]
1021,4,[]
1031,6,[]
1043,7,[]
1056,2,[]
1064,8,[]
1078,8,[]
1092,2,[]
1100,7,[]
1113,9,[2, 3, 4, 5, 6, 7, 8]
1128,4,[]
1138,8,[]
1152,3,[]
1161,8,[]
1175,3,[]
1184,8,[]
1198,3,[]
1207,10,[]
1223,7,[]
1236,3,[]
1245,11,[]
1262,2,[]
1270,57,[]
1366,10,[0, 1, 2, 3, 4, 5, 6, 7]
1382,4,[]
1392,11,[]
1409,3,[]
1418,8,[]
1432,5,[]
1443,8,[]
1457,4,[]
1467,8,[]
1481,4,[]
1491,11,[]
1508,8,[]
1522,3,[]
1531,9,[]
1546,6,[]
1558,3,[]
1567,8,[]
1581,9,[]
1596,4,[]
1606,11,[]
1623,4,[]
1633,9,[]
1648,9,[]
1663,4,[]
1673,10,[]
1689,5,[]
1700,10,[]
1716,5,[]
1727,7,[]
1740,57,[]
1836,1,[]
1843,1,[]
1850,1,[]
1857,8,[]
1871,5,[]
1882,7,[]
1895,3,[]
1904,9,[]
1919,10,[]
1935,3,[]
1944,10,[]
1960,8,[]
1974,8,[]
1988,4,[]
1998,7,[]
2011,4,[]
2021,10,[]
2037,4,[]
2047,10,[]
2063,8,[]
2077,3,[]
2086,4,[]
2096,3,[]
2105,10,[]
2121,9,[]
2136,5,[]
2147,9,[]
2162,5,[]
2173,8,[]
2187,57,[]
2283,8,[]
2297,5,[]
2308,9,[]
2323,7,[]
2336,6,[]
2348,8,[]
2362,9,[]
2377,11,[]
2394,10,[]
2410,8,[]
2424,6,[]
2436,7,[]
2449,9,[]
2464,7,[]
2477,12,[]
2495,4,[]
2505,11,[]
2522,7,[0, 1, 2, 3, 4, 5, 6]
2535,12,[0, 1, 2, 3, 4, 5, 6]
2553,3,[]
2562,12,[]
2580,3,[]
2589,11,[]
2606,6,[]
2618,8,[]
2632,13,[]
2651,3,[]
2660,13,[]
2679,3,[]
2688,56,[]
2783,1,[]
2790,8,[]
2804,9,[]
2819,6,[]
2831,10,[]
2847,8,[]
2861,8,[]
2875,3,[]
2884,11,[]
2901,9,[]
2916,7,[]
2929,11,[]
2946,4,[]
2956,11,[]
2973,13,[]
2992,4,[]
3002,6,[]
3014,12,[1, 2, 3, 4, 5, 6, 7, 8, 9, 10, 11]
3032,4,[]
3042,12,[]
3060,10,[]
3076,6,[]
3088,11,[]
3105,7,[]
3118,11,[]
3135,4,[]
3145,11,[]
3162,7,[]
3175,13,[]
3194,49,[]
3282,7,[]
3295,6,[]
3307,6,[]
3319,10,[]
3335,9,[]
3350,6,[]
3362,10,[]
3378,4,[]
3388,8,[]
3402,4,[]
3412,9,[]
3427,4,[]
3437,9,[]
3452,3,[]
3461,10,[]
3477,6,[]
3489,8,[]
3503,7,[]
3516,3,[]
3525,10,[]
3541,5,[]
3552,9,[]
3567,4,[]
3577,10,[]
3593,8,[]
3607,3,[]
3616,10,[]
3632,3,[]
3641,9,[]
3656,47,[]
3742,4,[]
3752,3,[]
3761,6,[]
3773,4,[]
3783,7,[]
3796,6,[]
3808,9,[]
3823,8,[]
3837,4,[]
3847,9,[]
3862,4,[]
3872,4,[]
3882,5,[]
3893,6,[]
3905,8,[]
3919,5,[]
3930,7,[]
3943,3,[]
3952,9,[]
3967,5,[]
3978,10,[]
3994,5,[]
4005,10,[]
4021,9,[]
4036,4,[]
4046,8,[]
4060,5,[]
4071,12,[]
4089,6,[]
4101,47,[]
4187,1,[]
4194,9,[0, 1, 2, 3, 4, 5, 6, 7, 8]
4209,7,[]
4222,6,[]
4234,5,[]
4245,7,[]
4258,10,[]
4274,2,[]
4282,10,[]
4298,8,[]
4312,6,[]
4324,9,[]
4339,6,[]
4351,9,[]
4366,3,[]
4375,5,[]
4386,5,[]
4397,10,[]
4413,7,[]
4426,5,[]
4437,9,[]
4452,3,[]
4461,9,[1, 2, 3, 4, 5, 6, 7, 8]
4476,5,[]
4487,7,[]
4500,3,[]
4509,7,[]
4522,10,[]
4538,3,[]
0,26,[]
32,5,[]
43,8,[]
57,6,[]
69,9,[]
84,8,[]
98,8,[]
112,8,[]
126,10,[]
142,10,[]
158,9,[0, 1, 2, 3, 4, 5, 6, 7, 8]
173,10,[]
189,10,[]
205,10,[]
221,10,[]
237,10,[]
253,10,[]
269,11,[]
286,11,[]
303,14,[]
323,15,[]
344,11,[]
361,8,[]
375,7,[]
388,8,[]
402,9,[]
417,8,[]
431,7,[]
444,9,[]
459,7,[]
472,52,[]
556,3,[]
565,5,[]
576,4,[]
586,7,[]
599,6,[]
611,6,[]
623,6,[]
635,7,[]
648,6,[]
660,8,[]
674,8,[]
688,8,[]
702,8,[]
716,8,[]
730,7,[]
743,8,[]
757,8,[]
771,7,[]
784,7,[]
797,6,[]
809,7,[]
822,6,[]
834,5,[]
845,6,[]
857,5,[]
868,5,[]
879,6,[]
891,8,[]
905,8,[]
919,42,[]
993,5,[]
1004,7,[]
1017,9,[]
1032,9,[]
1047,8,[]
1061,7,[]
1074,8,[]
1088,6,[]
1100,7,[]
1113,6,[]
1125,5,[]
1136,5,[]
1147,6,[]
1159,7,[]
1172,8,[]
1186,8,[]
1200,9,[]
1215,9,[]
1230,8,[]
1244,8,[]
1258,8,[]
1272,7,[]
1285,6,[]
1297,8,[]
1311,6,[]
1323,5,[]
1334,5,[]
1345,6,[]
1357,7,[]
1370,42,[]
1444,4,[]
1454,6,[]
1466,8,[]
1480,9,[]
1495,9,[]
1510,10,[]
1526,11,[]
1543,12,[]
1561,9,[0, 1, 2, 3, 4, 5, 6, 7, 8]
1576,9,[]
1591,8,[]
1605,6,[]
1617,7,[]
1630,7,[]
1643,7,[]
1656,8,[]
1670,7,[]
1683,7,[]
1696,8,[]
1710,8,[]
1724,6,[]
1736,7,[]
1749,8,[]
1763,8,[]
1777,10,[]
1793,9,[]
1808,9,[]
1823,8,[]
1837,8,[]
1851,34,[]
1891,4,[]
1901,5,[]
1912,7,[]
1925,6,[]
1937,7,[]
1950,6,[]
1962,6,[]
1974,5,[]
1985,5,[]
1996,7,[]
2009,6,[]
2021,7,[]
2034,6,[]
2046,7,[]
2059,5,[]
2070,6,[]
2082,6,[]
2094,7,[]
2107,8,[]
2121,6,[]
2133,8,[]
2147,8,[0, 1, 2, 3, 4, 5, 6, 7]
2161,9,[0, 1, 2, 3, 4, 5, 6]
2176,9,[]
2191,9,[]
2206,8,[]
2220,7,[]
2233,6,[]
2245,7,[]
2258,39,[]
2329,3,[]
2338,4,[]
2348,5,[]
2359,6,[]
2371,6,[]
2383,5,[]
2394,4,[]
2404,6,[]
2416,5,[]
2427,5,[]
2438,5,[]
2449,5,[]
2460,6,[]
2472,6,[]
2484,7,[]
2497,7,[]
2510,8,[]
2524,8,[]
2538,7,[]
2551,8,[]
2565,7,[]
2578,8,[]
2592,7,[]
2605,7,[]
2618,7,[]
2631,7,[]
2644,7,[]
2657,7,[]
2670,7,[]
2683,39,[]
2754,3,[]
2763,4,[]
2773,4,[]
2783,6,[]
2795,5,[]
2806,5,[]
2817,5,[]
2828,6,[]
2840,5,[]
2851,6,[]
2863,5,[]
2874,5,[]
2885,5,[]
2896,5,[]
2907,5,[]
2918,5,[]
2929,5,[]
2940,5,[]
2951,5,[]
2962,7,[]
2975,6,[]
2987,7,[]
3000,6,[]
3012,7,[0, 1, 2, 3, 4, 5, 6]
3025,7,[]
3038,8,[]
3052,7,[]
3065,7,[]
3078,6,[]
3090,38,[]
3160,4,[]
3170,5,[]
3181,6,[]
3193,6,[]
3205,6,[]
3217,6,[]
3229,6,[]
3241,6,[]
3253,6,[]
3265,6,[]
3277,6,[]
3289,7,[]
3302,5,[]
3313,7,[]
3326,6,[]
3338,6,[]
3350,6,[]
3362,5,[]
3373,5,[]
3384,5,[]
3395,4,[]
3405,4,[]
3415,4,[]
3425,5,[]
3436,5,[]
3447,5,[]
3458,5,[]
3469,5,[]
3480,5,[]
3491,49,[]
3572,2,[]
3580,3,[]
3589,4,[]
3599,6,[]
3611,5,[]
3622,5,[]
3633,4,[]
3643,5,[]
3654,5,[]
3665,5,[]
3676,5,[]
3687,6,[]
3699,5,[]
3710,8,[]
3724,5,[]
3735,4,[]
3745,6,[]
3757,6,[]
3769,5,[]
3780,6,[]
3792,5,[]
3803,8,[]
3817,9,[]
3832,9,[]
3847,8,[]
3861,9,[]
3876,9,[]
3891,11,[]
3908,10,[0, 1, 2, 3, 4, 5, 6, 7, 8]
3924,44,[]
4000,6,[]
4012,7,[]
4025,7,[]
4038,9,[]
4053,9,[]
4068,8,[]
4082,8,[]
4096,9,[]
4111,10,[]
4127,9,[]
4142,8,[]
4156,9,[]
4171,9,[]
4186,8,[]
4200,8,[]
4214,8,[]
4228,8,[]
4242,8,[]
4256,7,[]
4269,8,[]
4283,7,[]
4296,8,[]
4310,8,[]
4324,9,[]
4339,8,[]
4353,9,[]
4368,9,[]
4383,9,[]
4398,9,[]
0,27,[2, 3, 4, 5, 6, 7, 8, 9, 10, 11, 12, 13, 14, 15, 16, 17, 18, 19, 20, 21, 22, 23, 24, 25]
33,5,[]
44,5,[]
55,7,[]
68,8,[]
82,6,[]
94,8,[]
108,8,[]
122,9,[]
137,10,[]
153,9,[]
168,8,[]
182,10,[]
198,10,[]
214,10,[]
230,10,[]
246,10,[]
262,11,[]
279,10,[]
295,11,[]
312,11,[]
329,12,[]
347,5,[]
358,4,[]
368,6,[]
380,8,[]
394,7,[]
407,6,[]
419,7,[]
432,6,[]
444,56,[]
549,2,[]
557,4,[]
567,5,[]
578,6,[]
590,6,[]
602,6,[]
614,8,[]
628,7,[]
641,6,[]
653,6,[]
665,9,[]
680,6,[]
692,7,[]
705,6,[]
717,7,[]
730,6,[]
742,6,[]
754,6,[]
766,8,[]
780,7,[]
793,7,[]
806,6,[]
818,6,[]
830,6,[]
842,7,[]
855,7,[0, 1, 2, 3, 4, 5, 6]
868,8,[]
882,6,[]
894,6,[]
906,56,[]
1011,2,[]
1019,4,[]
1029,4,[]
1039,5,[]
1050,6,[]
1062,5,[]
1073,5,[]
1084,5,[]
1095,5,[]
1106,6,[]
1118,6,[]
1130,6,[]
1142,6,[]
1154,6,[]
1166,5,[]
1177,7,[]
1190,7,[]
1203,6,[]
1215,6,[]
1227,6,[]
1239,5,[]
1250,5,[]
1261,6,[]
1273,5,[]
1284,5,[]
1295,5,[]
1306,5,[]
1317,7,[]
1330,6,[]
1342,61,[]
1452,2,[]
1460,3,[]
1469,4,[]
1479,5,[]
1490,5,[]
1501,6,[]
1513,6,[]
1525,5,[]
1536,5,[]
1547,8,[]
1561,6,[]
1573,6,[]
1585,6,[]
1597,6,[]
1609,6,[]
1621,6,[]
1633,6,[]
1645,5,[]
1656,6,[]
1668,6,[]
1680,5,[]
1691,5,[]
1702,5,[]
1713,6,[]
1725,7,[]
1738,6,[]
1750,6,[]
1762,6,[]
1774,5,[]
1785,73,[]
1907,1,[]
1914,2,[]
1922,2,[]
1930,3,[]
1939,4,[]
1949,3,[]
1958,6,[]
1970,4,[]
1980,5,[]
1991,5,[]
2002,5,[]
2013,5,[]
2024,6,[]
2036,5,[]
2047,6,[]
2059,5,[]
2070,5,[]
2081,3,[]
2090,4,[]
2100,4,[]
2110,9,[]
2125,7,[]
2138,6,[]
2150,5,[]
2161,6,[]
2173,6,[]
2185,7,[0, 1, 2, 3, 4, 5, 6]
2198,6,[]
2210,6,[]
2222,80,[]
2351,2,[]
2359,3,[]
2368,4,[]
2378,5,[]
2389,6,[]
2401,5,[]
2412,6,[]
2424,6,[]
2436,8,[]
2450,6,[]
2462,6,[]
2474,6,[]
2486,5,[]
2497,5,[]
2508,8,[]
2522,6,[]
2534,6,[]
2546,5,[]
2557,6,[]
2569,7,[]
2582,5,[]
2593,5,[]
2604,5,[]
2615,5,[]
2626,5,[]
2637,4,[]
2647,5,[]
2658,5,[]
2669,6,[]
2681,90,[]
2820,2,[]
2828,2,[]
2836,2,[]
2844,3,[]
2853,5,[]
2864,4,[]
2874,5,[]
2885,5,[]
2896,6,[]
2908,6,[]
2920,7,[]
2933,7,[]
2946,7,[]
2959,8,[]
2973,7,[]
2986,7,[]
2999,7,[]
3012,7,[]
3025,8,[]
3039,7,[]
3052,7,[]
3065,8,[]
3079,8,[]
3093,8,[]
3107,7,[]
3120,8,[]
3134,8,[1, 2, 3, 4, 5, 6, 7]
3148,8,[]
3162,9,[]
3177,74,[]
3300,5,[]
3311,6,[]
3323,8,[]
3337,8,[]
3351,10,[]
3367,9,[]
3382,10,[]
3398,9,[]
3413,9,[]
3428,10,[]
3444,10,[0, 1, 2, 3, 4, 5, 6]
3460,9,[]
3475,10,[]
3491,9,[]
3506,10,[]
3522,10,[]
3538,10,[]
3554,9,[]
3569,10,[]
3585,10,[]
3601,10,[]
3617,10,[]
3633,8,[]
3647,9,[0, 1, 2, 3, 4, 5, 6]
3662,9,[]
3677,10,[]
3693,9,[]
3708,9,[]
3723,10,[]
3739,62,[]
3850,4,[]
3860,5,[]
3871,6,[]
3883,7,[]
3896,7,[]
3909,8,[]
3923,6,[]
3935,7,[]
3948,6,[]
3960,6,[]
3972,6,[]
3984,6,[]
3996,6,[]
4008,7,[]
4021,7,[]
4034,7,[]
4047,7,[]
4060,6,[]
4072,7,[]
4085,7,[]
4098,8,[]
4112,7,[]
4125,7,[]
4138,7,[]
4151,7,[]
4164,6,[]
4176,7,[]
4189,6,[]
4201,5,[]
4212,51,[]
4312,2,[]
4320,3,[]
4329,3,[]
4338,4,[]
4348,4,[]
4358,5,[]
4369,5,[]
4380,5,[]
4391,6,[]
4403,6,[]
4415,6,[]
4427,6,[]
4439,5,[]
4450,6,[]
4462,6,[]
4474,6,[]
4486,7,[0, 1, 2, 3, 4, 5, 6]
4499,7,[]
4512,6,[]
4524,8,[]
4538,7,[]
4551,8,[]
4565,8,[]
4579,7,[]
4592,7,[]
4605,8,[]
4619,8,[]
4633,7,[]
4646,8,[]
0,14,[]
21,6,[]
34,1,[]
42,9,[0, 1, 2, 3, 4, 5, 6, 7, 8]
58,9,[]
74,8,[]
89,3,[]
99,9,[]
115,7,[]
129,9,[]
145,9,[]
161,2,[]
170,9,[]
186,10,[]
203,10,[]
220,11,[]
238,11,[2, 3, 4, 5, 6, 7, 8, 9, 10]
256,3,[]
266,11,[]
284,12,[]
303,11,[]
321,4,[]
332,13,[]
352,9,[]
368,12,[]
387,11,[2, 3, 4, 5, 6, 7, 8, 9, 10]
405,3,[]
415,11,[]
433,10,[]
450,8,[]
465,27,[]
499,1,[]
507,10,[]
524,9,[]
540,7,[]
554,11,[]
572,10,[]
589,1,[]
597,11,[]
615,9,[]
631,8,[]
646,7,[]
660,4,[]
671,11,[]
689,11,[]
707,11,[]
725,12,[]
744,4,[]
755,12,[]
774,10,[]
791,13,[]
811,12,[]
830,3,[]
840,10,[]
857,9,[]
873,9,[]
889,3,[]
899,11,[]
917,12,[]
936,10,[]
953,38,[]
1010,11,[]
1028,3,[]
1038,9,[]
1054,9,[]
1070,12,[1, 2, 3, 4, 5, 6, 7, 8, 9, 10, 11]
1089,10,[]
1106,2,[]
1115,12,[]
1134,9,[]
1150,9,[]
1166,7,[]
1180,3,[]
1190,9,[]
1206,12,[0, 1, 2, 3, 4, 5, 6, 7, 8, 9, 10, 11]
1225,9,[]
1241,10,[]
1258,2,[]
1267,9,[]
1283,10,[]
1300,7,[]
1314,8,[]
1329,4,[]
1340,9,[]
1356,13,[]
1376,7,[]
1390,8,[]
1405,3,[]
1415,10,[]
1432,9,[]
1448,32,[]
1487,6,[]
1500,2,[]
1509,10,[]
1526,9,[]
1542,9,[]
1558,9,[]
1574,3,[]
1584,11,[]
1602,9,[]
1618,8,[]
1633,7,[]
1647,3,[]
1657,9,[]
1673,7,[]
1687,7,[]
1701,10,[]
1718,3,[]
1728,8,[]
1743,7,[]
1757,9,[]
1773,7,[]
1787,3,[]
1797,10,[]
1814,9,[]
1830,9,[]
1846,2,[]
1855,9,[]
1871,10,[]
1888,9,[]
1904,15,[2, 3, 4, 5, 6, 7, 8, 9, 10, 11, 12]
1926,1,[]
1934,11,[]
1952,9,[]
1968,7,[]
1982,6,[]
1995,5,[]
2007,4,[]
2018,8,[]
2033,12,[4, 5, 6, 7, 8, 9, 10, 11]
2052,12,[]
2071,8,[]
2086,4,[]
2097,8,[]
2112,7,[]
2126,10,[]
2143,10,[]
2160,3,[]
2170,11,[]
2188,9,[]
2204,10,[]
2221,9,[0, 1, 2, 3, 4, 5, 6, 7, 8]
2237,3,[]
2247,10,[]
2264,9,[]
2280,10,[]
2297,9,[]
2313,3,[]
2323,10,[]
2340,9,[]
2356,23,[]
2386,8,[]
2401,3,[]
2411,10,[]
2428,9,[]
2444,3,[]
2454,9,[]
2470,7,[]
2484,3,[]
2494,10,[]
2511,8,[]
2526,3,[]
2536,9,[]
2552,10,[]
2569,9,[]
2585,8,[]
2600,2,[]
2609,7,[]
2623,12,[]
2642,9,[]
2658,8,[]
2673,3,[]
2683,12,[]
2702,11,[]
2720,9,[]
2736,3,[]
2746,8,[]
2761,9,[]
2777,3,[]
2787,8,[]
2802,26,[]
2835,1,[]
2843,9,[]
2859,9,[]
2875,3,[]
2885,8,[]
2900,7,[]
2914,1,[]
2922,10,[]
2939,10,[]
2956,7,[]
2970,3,[]
2980,6,[]
2993,8,[0, 1, 2, 3, 4, 5, 6, 7]
3008,7,[]
3022,7,[]
3036,3,[]
3046,10,[]
3063,8,[]
3078,11,[]
3096,8,[]
3111,3,[]
3121,9,[]
3137,7,[]
3151,6,[]
3164,5,[]
3176,4,[]
3187,6,[]
3200,10,[]
3217,8,[]
3232,24,[]
3263,1,[]
3271,8,[]
3286,8,[]
3301,6,[]
3314,8,[]
3329,3,[]
3339,8,[]
3354,9,[]
3370,9,[]
3386,9,[]
3402,2,[]
3411,7,[]
3425,8,[]
3440,9,[]
3456,7,[]
3470,3,[]
3480,7,[]
3494,12,[]
3513,6,[]
3526,7,[]
3540,2,[]
3549,10,[]
3566,6,[]
3579,7,[]
3593,7,[]
3607,3,[]
3617,8,[]
3632,7,[]
3646,7,[]
3660,24,[]
3691,1,[]
3699,8,[]
3714,6,[]
3727,10,[]
3744,9,[]
3760,2,[]
3769,10,[]
3786,8,[0, 1, 2, 3, 4, 5, 6, 7]
3801,7,[]
3815,7,[]
3829,1,[]
3837,8,[]
3852,7,[]
3866,7,[]
3880,8,[]
3895,1,[]
3903,11,[]
3921,7,[]
3935,2,[]
3944,11,[]
3962,10,[]
3979,2,[]
3988,12,[]
4007,3,[]
4017,8,[]
4032,3,[]
4042,9,[]
4058,8,[]
4073,2,[]
4082,13,[]
4102,1,[]
4110,11,[]
4128,2,[]
4137,9,[]
4153,10,[]
4170,2,[]
4179,10,[]
4196,2,[]
4205,11,[]
4223,3,[]
4233,9,[]
4249,9,[]
4265,3,[]
4275,9,[]
4291,8,[]
4306,2,[]
4315,11,[]
4333,9,[]
4349,10,[]
4366,9,[]
4382,2,[]
4391,9,[]
4407,8,[]
4422,8,[]
4437,3,[]
4447,8,[]
4462,8,[]
4477,7,[]
4491,8,[]
0,26,[]
32,5,[]
43,5,[]
54,6,[]
66,5,[]
77,6,[]
89,6,[]
101,9,[]
116,6,[]
128,9,[]
143,6,[]
155,8,[]
169,3,[]
178,8,[]
192,7,[]
205,5,[]
216,5,[]
227,6,[]
239,6,[]
251,7,[]
264,7,[]
277,8,[]
291,7,[]
304,6,[]
316,6,[]
328,8,[]
342,9,[]
357,7,[]
370,8,[]
384,8,[]
398,65,[]
499,3,[]
508,4,[]
518,6,[]
530,5,[]
541,6,[]
553,6,[]
565,6,[]
577,6,[]
589,5,[]
600,6,[]
612,5,[]
623,8,[]
637,8,[]
651,8,[]
665,7,[]
678,8,[]
692,7,[]
705,4,[]
715,8,[]
729,7,[]
742,6,[]
754,6,[]
766,6,[]
778,6,[]
790,8,[]
804,6,[]
816,6,[]
828,9,[]
843,8,[]
857,60,[]
953,4,[]
963,5,[]
974,4,[]
984,5,[]
995,6,[]
1007,7,[]
1020,8,[]
1034,5,[]
1045,7,[]
1058,7,[]
1071,8,[]
1085,6,[]
1097,7,[]
1110,6,[]
1122,6,[]
1134,8,[]
1148,6,[]
1160,7,[]
1173,7,[]
1186,5,[]
1197,7,[]
1210,6,[]
1222,7,[]
1235,6,[]
1247,7,[]
1260,6,[]
1272,7,[]
1285,7,[]
1298,5,[]
1309,62,[]
1407,5,[]
1418,4,[]
1428,5,[]
1439,6,[]
1451,7,[]
1464,6,[]
1476,9,[]
1491,9,[]
1506,9,[]
1521,9,[]
1536,7,[]
1549,10,[]
1565,10,[0, 1, 2, 3, 4, 5, 6, 7, 8]
1581,9,[]
1596,10,[]
1612,11,[]
1629,12,[]
1647,11,[]
1664,3,[]
1673,13,[]
1692,12,[]
1710,10,[]
1726,9,[]
1741,3,[]
1750,12,[]
1768,2,[]
1776,14,[]
1796,13,[1, 2, 3, 9, 10, 11, 12]
1815,13,[]
1834,54,[]
1924,1,[]
1931,9,[]
1946,10,[]
1962,10,[]
1978,11,[2, 3, 4, 5, 6, 7, 8, 9]
1995,4,[]
2005,11,[]
2022,4,[]
2032,10,[]
2048,10,[]
2064,10,[]
2080,11,[]
2097,3,[]
2106,10,[]
2122,9,[]
2137,9,[]
2152,11,[]
2169,2,[]
2177,14,[]
2197,3,[]
2206,12,[]
2224,10,[0, 1, 2, 3, 4, 5, 6]
2240,8,[]
2254,9,[]
2269,4,[]
2279,11,[]
2296,11,[]
2313,9,[]
2328,10,[]
2344,43,[]
2423,5,[]
2434,7,[]
2447,7,[]
2460,8,[0, 1, 2, 3, 4, 5, 6, 7]
2474,8,[0, 1, 2, 3, 4, 5, 6]
2488,8,[]
2502,4,[]
2512,9,[]
2527,7,[]
2540,8,[]
2554,9,[]
2569,3,[]
2578,10,[]
2594,2,[]
2602,10,[]
2618,8,[]
2632,8,[]
2646,8,[]
2660,5,[]
2671,9,[]
2686,8,[]
2700,8,[]
2714,8,[]
2728,5,[]
2739,8,[]
2753,4,[]
2763,8,[]
2777,8,[]
2791,7,[0, 1, 2, 3, 4, 5, 6]
2804,37,[]
2877,1,[]
2884,5,[]
2895,6,[]
2907,6,[]
2919,7,[]
2932,5,[]
2943,10,[]
2959,4,[]
2969,7,[]
2982,7,[]
2995,7,[]
3008,7,[]
3021,4,[]
3031,7,[]
3044,7,[]
3057,7,[]
3070,7,[]
3083,3,[]
3092,10,[0, 1, 2, 3, 4, 5, 6, 7, 8, 9]
3108,5,[]
3119,8,[]
3133,8,[]
3147,8,[]
3161,7,[]
3174,5,[]
3185,8,[]
3199,9,[]
3214,8,[]
3228,8,[]
3242,39,[]
3317,4,[]
3327,5,[]
3338,6,[]
3350,6,[]
3362,7,[]
3375,7,[]
3388,4,[]
3398,8,[]
3412,8,[]
3426,6,[]
3438,7,[]
3451,5,[]
3462,7,[]
3475,8,[]
3489,7,[]
3502,6,[]
3514,6,[]
3526,6,[]
3538,7,[]
3551,7,[]
3564,7,[]
3577,7,[]
3590,7,[]
3603,5,[]
3614,8,[]
3628,4,[]
3638,8,[]
3652,8,[]
3666,8,[]
3680,35,[]
3751,1,[]
3758,5,[]
3769,6,[]
3781,6,[]
3793,6,[]
3805,3,[]
3814,9,[]
3829,4,[]
3839,7,[]
3852,7,[]
3865,5,[]
3876,7,[]
3889,5,[]
3900,8,[]
3914,7,[]
3927,8,[]
3941,7,[]
3954,5,[]
3965,10,[]
3981,1,[]
3988,8,[]
4002,8,[]
4016,7,[]
4029,7,[]
4042,2,[]
4050,9,[]
4065,9,[]
4080,9,[]
4095,9,[]
4110,35,[]
4181,6,[]
4193,4,[]
4203,6,[]
4215,7,[]
4228,7,[]
4241,7,[]
4254,5,[]
4265,7,[]
4278,7,[]
4291,8,[]
4305,7,[]
4318,4,[]
4328,9,[]
4343,4,[]
4353,8,[]
4367,7,[]
4380,7,[]
4393,8,[]
4407,4,[]
4417,8,[]
4431,8,[0, 1, 2, 3, 4, 5, 6, 7]
4445,7,[]
4458,7,[]
4471,3,[]
4480,10,[]
4496,5,[]
4507,7,[]
4520,8,[]
4534,3,[]
0,16,[]
22,1,[]
29,1,[]
36,1,[]
43,13,[]
62,10,[]
78,4,[]
88,2,[]
96,16,[]
118,1,[]
125,1,[]
132,12,[]
150,3,[]
159,3,[]
168,18,[]
192,3,[]
201,3,[]
210,12,[]
228,3,[]
237,2,[]
245,14,[]
265,1,[]
272,9,[]
287,1,[]
294,2,[]
302,12,[]
320,2,[]
328,1,[]
335,16,[]
357,1,[]
364,49,[]
447,1,[]
454,1,[]
461,1,[]
468,15,[]
489,2,[]
497,1,[]
504,1,[]
511,3,[]
520,3,[]
529,1,[]
536,1,[]
543,7,[]
556,62,[]
652,3,[]
661,1,[]
668,2,[]
676,7,[]
689,3,[]
698,24,[]
728,4,[]
738,5,[]
749,5,[]
760,7,[]
773,29,[]
808,1,[]
815,12,[]
833,4,[]
843,14,[]
863,6,[]
875,66,[]
975,12,[]
993,4,[]
1003,12,[]
1021,3,[]
1030,14,[]
1050,2,[]
1058,14,[]
1078,2,[]
1086,4,[]
1096,16,[]
1118,2,[]
1126,2,[]
1134,6,[]
1146,9,[0, 1, 2, 3, 4, 5, 6, 7, 8]
1161,4,[]
1171,3,[]
1180,3,[]
1189,5,[]
1200,7,[]
1213,4,[]
1223,3,[]
1232,10,[]
1248,43,[]
1325,1,[]
1332,1,[]
1339,3,[]
1348,5,[]
1359,10,[]
1375,11,[]
1392,46,[]
1472,1,[]
1479,1,[]
1486,1,[]
1493,1,[]
1500,14,[]
1520,5,[]
1531,6,[]
1543,15,[]
1564,5,[]
1575,9,[]
1590,15,[]
1611,3,[]
1620,7,[]
1633,10,[]
1649,6,[]
1661,6,[]
1673,8,[]
1687,6,[]
1699,12,[]
1717,8,[]
1731,5,[]
1742,4,[]
1752,9,[]
1767,6,[]
1779,6,[]
1791,10,[]
1807,4,[]
1817,6,[]
1829,15,[]
1850,45,[]
1929,1,[]
1936,11,[]
1953,3,[]
1962,8,[]
1976,4,[]
1986,3,[]
1995,10,[]
2011,4,[]
2021,3,[]
2030,5,[]
2041,2,[]
2049,2,[]
2057,13,[]
2076,3,[]
2085,12,[]
2103,6,[]
2115,8,[]
2129,7,[]
2142,8,[]
2156,21,[]
2183,1,[]
2190,4,[]
2200,7,[]
2213,8,[]
2227,13,[]
2246,11,[]
2263,10,[]
2279,31,[]
2316,1,[]
2323,47,[]
2404,6,[]
2416,3,[]
2425,4,[]
2435,6,[]
2447,14,[]
2467,5,[]
2478,5,[]
2489,6,[]
2501,13,[]
2520,5,[]
2531,3,[]
2540,11,[]
2557,4,[]
2567,4,[]
2577,13,[]
2596,4,[]
2606,5,[]
2617,13,[]
2636,4,[]
2646,11,[]
2663,4,[]
2673,4,[]
2683,12,[]
2701,4,[]
2711,4,[]
2721,13,[]
2740,1,[]
2747,12,[]
2765,1,[]
2772,28,[]
2806,1,[]
2813,9,[]
2828,4,[]
2838,12,[]
2856,2,[]
2864,4,[]
2874,6,[]
2886,14,[]
2906,3,[]
2915,4,[]
2925,10,[]
2941,4,[]
2951,4,[]
2961,10,[]
2977,3,[]
2986,7,[]
2999,11,[]
3016,3,[]
3025,6,[]
3037,8,[0, 1, 2, 3, 4, 5, 6, 7]
3051,3,[]
3060,4,[]
3070,9,[]
3085,3,[]
3094,5,[]
3105,5,[]
3116,5,[]
3127,8,[]
3141,3,[]
3150,37,[]
3221,1,[]
3228,3,[]
3237,3,[]
3246,5,[]
3257,6,[]
3269,7,[]
3282,8,[]
3296,3,[]
3305,4,[]
3315,6,[]
3327,3,[]
3336,4,[]
3346,9,[]
3361,3,[]
3370,5,[]
3381,8,[]
3395,5,[]
3406,7,[]
3419,7,[]
3432,6,[]
3444,5,[]
3455,6,[]
3467,9,[]
3482,5,[]
3493,6,[]
3505,11,[]
3522,5,[]
3533,8,[]
3547,6,[]
3559,40,[]
3633,7,[]
3646,7,[]
3659,5,[]
3670,4,[]
3680,7,[]
3693,5,[]
3704,6,[]
3716,6,[]
3728,8,[]
3742,13,[]
3761,5,[]
3772,2,[]
3780,4,[]
3790,9,[]
3805,4,[]
3815,7,[]
3828,15,[]
3849,3,[]
3858,5,[]
3869,4,[]
3879,4,[]
3889,22,[]
3917,2,[]
3925,5,[]
3936,13,[4, 5, 6, 7, 8, 9, 10, 11, 12]
3955,5,[]
3966,7,[]
3979,13,[]
3998,4,[]
4008,52,[]
4094,1,[]
4101,1,[]
4108,1,[]
4115,13,[]
4134,3,[]
4143,12,[3, 4, 5, 6, 7, 8, 9, 10, 11]
4161,3,[]
4170,3,[]
4179,7,[]
4192,14,[]
4212,4,[]
4222,5,[]
4233,8,[]
4247,4,[]
4257,7,[]
4270,8,[]
4284,7,[]
4297,7,[]
4310,10,[]
4326,17,[]
4349,1,[]
4356,3,[]
4365,5,[]
4376,7,[]
4389,20,[]
4415,1,[]
4422,3,[]
4431,7,[]
4444,10,[]
0,23,[]
29,4,[]
39,4,[]
49,8,[]
63,9,[]
78,2,[]
86,10,[]
102,10,[]
118,9,[]
133,10,[]
149,8,[]
163,8,[]
177,2,[]
185,10,[]
201,8,[]
215,9,[]
230,9,[]
245,2,[]
253,8,[]
267,8,[]
281,8,[]
295,8,[]
309,5,[]
320,4,[]
330,6,[]
342,6,[]
354,5,[]
365,7,[]
378,5,[]
389,4,[]
399,50,[]
487,3,[]
496,3,[]
505,4,[]
515,6,[]
527,5,[]
538,5,[]
549,7,[]
562,7,[]
575,6,[]
587,9,[]
602,3,[]
611,8,[]
625,8,[]
639,8,[]
653,8,[]
667,8,[0, 1, 2, 3, 4, 5, 6]
681,7,[]
694,7,[]
707,10,[]
723,8,[]
737,7,[]
750,7,[]
763,6,[]
775,7,[]
788,7,[]
801,7,[]
814,7,[]
827,7,[]
840,6,[]
852,52,[]
942,3,[]
951,4,[]
961,5,[]
972,6,[]
984,5,[]
995,7,[]
1008,6,[]
1020,6,[]
1032,6,[]
1044,7,[]
1057,5,[]
1068,6,[]
1080,5,[]
1091,7,[]
1104,6,[]
1116,7,[]
1129,3,[]
1138,6,[]
1150,6,[]
1162,6,[]
1174,5,[]
1185,6,[]
1197,5,[]
1208,7,[]
1221,6,[]
1233,7,[]
1246,7,[]
1259,5,[]
1270,5,[]
1281,57,[]
1376,3,[]
1385,4,[]
1395,6,[]
1407,8,[]
1421,5,[]
1432,9,[]
1447,7,[]
1460,8,[]
1474,7,[]
1487,7,[]
1500,4,[]
1510,9,[]
1525,7,[]
1538,7,[]
1551,7,[]
1564,6,[]
1576,7,[]
1589,8,[]
1603,5,[]
1614,6,[]
1626,6,[]
1638,7,[]
1651,7,[]
1664,7,[]
1677,7,[]
1690,8,[]
1704,7,[]
1717,5,[]
1728,7,[]
1741,65,[]
1844,3,[]
1853,2,[]
1861,6,[]
1873,7,[]
1886,3,[]
1895,8,[]
1909,6,[]
1921,7,[]
1934,5,[]
1945,6,[]
1957,6,[]
1969,7,[]
1982,7,[]
1995,7,[]
2008,7,[]
2021,7,[]
2034,7,[]
2047,6,[]
2059,6,[]
2071,8,[]
2085,7,[]
2098,8,[]
2112,7,[]
2125,7,[]
2138,7,[]
2151,7,[]
2164,6,[]
2176,7,[]
2189,6,[]
2201,66,[]
2305,2,[]
2313,4,[]
2323,6,[]
2335,11,[]
2352,5,[]
2363,14,[]
2383,10,[]
2399,10,[]
2415,9,[]
2430,9,[]
2445,8,[]
2459,6,[]
2471,12,[]
2489,7,[]
2502,11,[]
2519,10,[]
2535,6,[]
2547,7,[]
2560,10,[]
2576,8,[]
2590,9,[]
2605,10,[]
2621,8,[]
2635,6,[]
2647,11,[]
2664,9,[]
2679,10,[]
2695,11,[]
2712,8,[0, 1, 2, 3, 4, 5, 6, 7]
2726,40,[]
2804,5,[]
2815,6,[]
2827,7,[]
2840,7,[]
2853,7,[]
2866,5,[]
2877,9,[]
2892,7,[]
2905,7,[]
2918,8,[]
2932,5,[]
2943,7,[]
2956,8,[]
2970,7,[]
2983,7,[]
2996,7,[]
3009,5,[]
3020,9,[]
3035,8,[]
3049,10,[]
3065,4,[]
3075,10,[3, 4, 5, 6, 7, 8, 9]
3091,8,[]
3105,8,[]
3119,8,[]
3133,9,[]
3148,8,[]
3162,9,[]
3177,9,[]
3192,39,[]
3269,8,[]
3283,3,[]
3292,9,[]
3307,10,[]
3323,7,[]
3336,6,[]
3348,11,[]
3365,7,[]
3378,7,[0, 1, 2, 3, 4, 5, 6]
3391,7,[]
3404,7,[]
3417,5,[]
3428,8,[]
3442,6,[]
3454,7,[]
3467,11,[]
3484,5,[]
3495,9,[]
3510,11,[]
3527,9,[]
3542,9,[]
3557,9,[]
3572,9,[]
3587,4,[]
3597,11,[]
3614,4,[]
3624,9,[]
3639,8,[]
3653,8,[]
3667,46,[]
3751,4,[]
3761,4,[]
3771,9,[]
3786,8,[]
3800,8,[]
3814,4,[]
3824,8,[]
3838,8,[]
3852,7,[]
3865,9,[]
3880,6,[]
3892,5,[]
3903,6,[]
3915,6,[]
3927,5,[]
3938,6,[]
3950,7,[]
3963,5,[]
3974,8,[]
3988,8,[]
4002,9,[]
4017,8,[]
4031,9,[]
4046,8,[]
4060,9,[]
4075,8,[]
4089,7,[]
4102,8,[]
4116,8,[]
4130,37,[]
4205,3,[]
4214,5,[]
4225,6,[]
4237,7,[]
4250,6,[]
4262,6,[]
4274,6,[]
4286,7,[]
4299,8,[]
4313,7,[0, 1, 2, 3, 4, 5, 6]
4326,6,[]
4338,5,[]
4349,5,[]
4360,8,[]
4374,8,[]
4388,7,[]
4401,8,[]
4415,5,[]
4426,5,[]
4437,5,[]
4448,5,[]
4459,6,[]
4471,7,[]
4484,7,[]
4497,5,[]
4508,7,[]
4521,7,[]
4534,7,[]
4547,6,[]
0,22,[11, 12, 13, 14, 15, 16, 17, 18, 19, 20, 21]
27,2,[]
34,4,[]
43,5,[]
53,3,[]
61,2,[]
68,3,[]
76,3,[]
84,3,[]
92,3,[]
100,3,[]
108,2,[]
115,4,[]
124,4,[]
133,6,[]
144,8,[]
157,11,[]
173,6,[]
184,5,[]
194,8,[]
207,8,[]
220,10,[]
235,11,[]
251,11,[]
267,13,[]
285,16,[]
306,6,[]
317,5,[]
327,6,[]
338,7,[]
350,110,[]
520,8,[]
533,3,[]
541,5,[]
551,8,[]
564,8,[]
577,7,[]
589,6,[]
600,6,[]
611,6,[]
622,6,[]
633,6,[]
644,5,[]
654,5,[]
664,5,[]
674,4,[]
683,4,[]
692,4,[]
701,4,[]
710,4,[]
719,6,[]
730,5,[]
740,4,[]
749,5,[]
759,7,[]
771,7,[]
783,6,[]
794,7,[]
806,8,[]
819,7,[]
831,78,[]
969,5,[]
979,4,[]
988,6,[]
999,7,[]
1011,7,[]
1023,8,[]
1036,7,[]
1048,7,[]
1060,6,[]
1071,9,[]
1085,6,[]
1096,9,[]
1110,6,[]
1121,7,[]
1133,8,[]
1146,9,[]
1160,7,[]
1172,7,[]
1184,6,[]
1195,10,[]
1210,6,[]
1221,7,[]
1233,7,[]
1245,8,[]
1258,6,[]
1269,6,[]
1280,5,[]
1290,6,[]
1301,5,[]
1311,79,[]
1450,6,[]
1461,3,[]
1469,4,[]
1478,9,[]
1492,8,[]
1505,6,[]
1516,7,[]
1528,8,[]
1541,6,[]
1552,7,[]
1564,5,[]
1574,8,[]
1587,5,[]
1597,8,[]
1610,6,[]
1621,6,[]
1632,6,[]
1643,7,[]
1655,6,[]
1666,7,[]
1678,5,[]
1688,8,[]
1701,5,[]
1711,6,[]
1722,7,[]
1734,6,[]
1745,7,[]
1757,7,[]
1769,7,[]
1781,79,[]
1920,2,[]
1927,4,[]
1936,5,[]
1946,6,[]
1957,6,[]
1968,8,[]
1981,5,[]
1991,7,[]
2003,7,[]
2015,7,[]
2027,7,[]
2039,6,[]
2050,6,[]
2061,8,[]
2074,5,[]
2084,6,[]
2095,6,[]
2106,8,[]
2119,7,[]
2131,7,[0, 1, 2, 3, 4, 5, 6]
2143,6,[]
2154,8,[]
2167,6,[]
2178,6,[]
2189,7,[]
2201,8,[]
2214,6,[]
2225,8,[]
2238,6,[]
2249,85,[]
2394,1,[]
2400,4,[]
2409,4,[]
2418,5,[]
2428,5,[]
2438,5,[]
2448,6,[]
2459,5,[]
2469,7,[]
2481,6,[]
2492,5,[]
2502,7,[]
2514,6,[]
2525,6,[]
2536,7,[]
2548,7,[]
2560,6,[0, 1, 2, 3, 4, 5]
2571,5,[]
2581,6,[]
2592,7,[]
2604,6,[]
2615,7,[]
2627,6,[]
2638,6,[]
2649,5,[]
2659,6,[]
2670,7,[]
2682,8,[]
2695,7,[]
2707,79,[]
2846,1,[]
2852,2,[]
2859,6,[]
2870,3,[]
2878,4,[]
2887,4,[]
2896,6,[]
2907,6,[]
2918,5,[]
2928,5,[]
2938,6,[0, 1, 2, 3, 4, 5]
2949,5,[]
2959,5,[]
2969,6,[]
2980,5,[]
2990,6,[]
3001,5,[]
3011,6,[]
3022,6,[]
3033,8,[]
3046,5,[]
3056,6,[]
3067,4,[]
3076,7,[]
3088,9,[]
3102,8,[]
3115,6,[]
3126,6,[]
3137,7,[]
3149,77,[]
3286,2,[]
3293,2,[]
3300,4,[]
3309,4,[]
3318,5,[]
3328,5,[]
3338,4,[]
3347,6,[]
3358,6,[]
3369,6,[]
3380,6,[]
3391,6,[]
3402,4,[]
3411,4,[]
3420,7,[]
3432,7,[]
3444,5,[]
3454,6,[]
3465,6,[]
3476,6,[]
3487,5,[]
3497,5,[]
3507,5,[]
3517,4,[]
3526,6,[]
3537,7,[]
3549,5,[]
3559,7,[]
3571,6,[]
3582,77,[]
3719,2,[]
3726,2,[]
3733,4,[]
3742,4,[]
3751,5,[]
3761,6,[]
3772,3,[]
3780,6,[]
3791,5,[]
3801,7,[]
3813,5,[]
3823,6,[]
3834,5,[]
3844,5,[]
3854,5,[]
3864,4,[]
3873,6,[]
3884,7,[]
3896,5,[]
3906,6,[]
3917,8,[]
3930,6,[]
3941,4,[]
3950,5,[]
3960,4,[]
3969,5,[]
3979,6,[]
3990,8,[]
4003,5,[]
4013,78,[]
4151,2,[]
4158,3,[]
4166,6,[]
4177,3,[]
4185,4,[]
4194,4,[]
4203,5,[]
4213,4,[]
4222,5,[]
4232,5,[]
4242,4,[]
4251,6,[]
4262,5,[]
4272,5,[]
4282,5,[]
4292,5,[]
4302,7,[]
4314,5,[]
4324,5,[]
4334,7,[]
4346,6,[]
4357,7,[]
4369,6,[]
4380,4,[]
4389,8,[]
4402,4,[]
4411,5,[]
4421,9,[]
4435,7,[]
0,31,[]
36,1,[]
42,2,[]
49,9,[0, 1, 2, 3, 4, 5]
63,7,[]
75,7,[]
87,6,[]
98,6,[]
109,9,[]
123,9,[]
137,5,[]
147,9,[]
161,8,[]
174,7,[]
186,7,[]
198,8,[]
211,9,[]
225,8,[]
238,7,[]
250,9,[]
264,10,[]
279,4,[]
288,4,[]
297,3,[]
305,8,[]
318,6,[]
329,6,[]
340,6,[]
351,7,[]
363,5,[]
373,84,[]
520,1,[]
526,2,[]
533,3,[]
541,4,[]
550,6,[0, 1, 2, 3, 4, 5]
561,6,[]
572,5,[]
582,5,[]
592,5,[]
602,5,[]
612,6,[]
623,9,[]
637,4,[]
646,7,[]
658,6,[]
669,9,[]
683,5,[]
693,5,[]
703,5,[]
713,4,[]
722,8,[]
735,4,[]
744,8,[]
757,6,[]
768,7,[]
780,6,[]
791,7,[]
803,6,[]
814,7,[]
826,84,[]
973,1,[]
979,1,[]
985,4,[]
994,6,[0, 1, 2, 3, 4, 5]
1005,8,[]
1018,4,[]
1027,9,[]
1041,7,[]
1053,7,[]
1065,8,[]
1078,5,[]
1088,8,[]
1101,10,[]
1116,7,[]
1128,6,[]
1139,10,[]
1154,3,[]
1162,8,[]
1175,5,[]
1185,10,[]
1200,9,[]
1214,6,[]
1225,5,[]
1235,7,[]
1247,6,[]
1258,7,[]
1270,6,[0, 1, 2, 3, 4, 5]
1281,7,[0, 1, 2, 3, 4, 5, 6]
1293,9,[]
1307,92,[]
1462,2,[]
1469,2,[]
1476,4,[]
1485,7,[]
1497,5,[]
1507,4,[]
1516,6,[]
1527,8,[]
1540,7,[]
1552,5,[]
1562,8,[]
1575,9,[]
1589,7,[]
1601,9,[]
1615,7,[]
1627,10,[]
1642,4,[]
1651,10,[]
1666,8,[0, 1, 2, 3, 4, 5, 6, 7]
1679,11,[]
1695,9,[]
1709,9,[]
1723,8,[]
1736,8,[]
1749,7,[]
1761,6,[]
1772,8,[0, 1, 2, 3, 4, 5, 6]
1785,9,[]
1799,7,[]
1811,82,[]
1956,2,[]
1963,3,[]
1971,4,[]
1980,6,[]
1991,6,[]
2002,7,[]
2014,7,[]
2026,10,[]
2041,8,[]
2054,8,[]
2067,7,[]
2079,7,[]
2091,6,[]
2102,6,[]
2113,7,[]
2125,5,[]
2135,7,[]
2147,6,[]
2158,5,[]
2168,6,[]
2179,6,[]
2190,8,[]
2203,6,[]
2214,6,[]
2225,6,[]
2236,7,[]
2248,9,[]
2262,7,[]
2274,8,[]
2287,88,[]
2438,1,[]
2444,1,[]
2450,1,[]
2456,1,[]
2462,3,[]
2470,5,[]
2480,3,[]
2488,5,[]
2498,6,[]
2509,4,[]
2518,3,[]
2526,7,[]
2538,6,[]
2549,7,[]
2561,6,[]
2572,6,[]
2583,6,[]
2594,8,[]
2607,7,[]
2619,6,[]
2630,4,[]
2639,5,[]
2649,6,[]
2660,5,[]
2670,5,[]
2680,5,[]
2690,4,[]
2699,8,[]
2712,7,[]
2724,84,[]
2871,1,[]
2877,1,[]
2883,3,[]
2891,2,[]
2898,4,[]
2907,3,[]
2915,4,[]
2924,4,[]
2933,4,[]
2942,4,[]
2951,5,[]
2961,6,[]
2972,4,[]
2981,6,[0, 1, 2, 3, 4, 5]
2992,5,[]
3002,6,[]
3013,6,[]
3024,8,[]
3037,5,[]
3047,8,[]
3060,6,[]
3071,8,[]
3084,7,[]
3096,6,[]
3107,8,[]
3120,3,[]
3128,7,[]
3140,9,[]
3154,9,[]
3168,83,[]
3314,3,[]
3322,3,[]
3330,5,[]
3340,4,[]
3349,5,[]
3359,5,[]
3369,5,[]
3379,7,[]
3391,3,[]
3399,7,[]
3411,7,[]
3423,6,[]
3434,4,[]
3443,7,[]
3455,6,[]
3466,4,[]
3475,7,[]
3487,5,[]
3497,6,[]
3508,7,[]
3520,6,[]
3531,7,[]
3543,7,[]
3555,6,[]
3566,6,[]
3577,7,[]
3589,6,[]
3600,8,[]
3613,6,[]
3624,83,[]
3770,1,[]
3776,1,[]
3782,3,[]
3790,3,[]
3798,2,[]
3805,4,[]
3814,4,[]
3823,5,[]
3833,5,[]
3843,5,[]
3853,5,[]
3863,6,[]
3874,5,[]
3884,5,[]
3894,5,[]
3904,6,[]
3915,5,[]
3925,6,[]
3936,7,[]
3948,3,[]
3956,7,[]
3968,7,[]
3980,5,[]
3990,5,[]
4000,5,[]
4010,6,[]
4021,3,[]
4029,7,[]
4041,8,[]
4054,83,[]
4200,1,[]
4206,2,[]
4213,3,[]
4221,1,[]
4227,2,[]
4234,4,[]
4243,5,[]
4253,5,[]
4263,4,[]
4272,6,[0, 1, 2, 3, 4, 5]
4283,6,[0, 1, 2, 3, 4, 5]
4294,6,[]
4305,6,[]
4316,5,[]
4326,5,[]
4336,7,[]
4348,7,[]
4360,6,[]
4371,3,[]
4379,7,[]
4391,8,[]
4404,9,[]
4418,8,[]
4431,6,[]
4442,4,[]
4451,5,[]
4461,5,[]
4471,5,[]
4481,7,[]
0,31,[]
37,6,[]
49,9,[]
64,9,[]
79,9,[]
94,9,[]
109,9,[]
124,10,[]
140,9,[]
155,10,[]
171,10,[]
187,9,[]
202,10,[]
218,10,[]
234,8,[]
248,10,[]
264,11,[]
281,10,[]
297,11,[]
314,10,[0, 1, 2, 3, 4, 5, 6, 7, 8, 9]
330,10,[]
346,10,[]
362,10,[]
378,10,[]
394,9,[]
409,11,[]
426,10,[]
442,11,[]
459,12,[]
477,11,[]
494,71,[]
597,3,[]
606,5,[]
617,6,[]
629,9,[]
644,6,[]
656,6,[]
668,9,[]
683,8,[]
697,8,[]
711,4,[]
721,3,[]
730,4,[]
740,5,[]
751,4,[]
761,4,[]
771,5,[]
782,5,[]
793,7,[]
806,8,[]
820,7,[]
833,7,[]
846,6,[]
858,6,[]
870,6,[]
882,6,[]
894,6,[]
906,6,[]
918,6,[]
930,6,[]
942,42,[]
1016,1,[]
1023,2,[]
1031,2,[]
1039,4,[]
1049,5,[]
1060,4,[]
1070,4,[]
1080,5,[]
1091,4,[]
1101,5,[]
1112,5,[]
1123,4,[]
1133,4,[]
1143,6,[]
1155,5,[]
1166,5,[]
1177,6,[]
1189,6,[]
1201,6,[]
1213,5,[]
1224,5,[]
1235,5,[]
1246,1,[]
1253,6,[]
1265,5,[]
1276,6,[]
1288,1,[]
1295,7,[]
1308,7,[]
1321,34,[]
1361,3,[]
1370,4,[]
1380,5,[]
1391,5,[]
1402,5,[]
1413,5,[]
1424,5,[]
1435,6,[]
1447,5,[]
1458,5,[]
1469,4,[]
1479,3,[]
1488,3,[]
1497,4,[]
1507,4,[]
1517,4,[]
1527,5,[]
1538,5,[]
1549,5,[]
1560,5,[]
1571,4,[]
1581,5,[]
1592,4,[]
1602,6,[]
1614,6,[]
1626,6,[]
1638,6,[]
1650,6,[]
1662,6,[]
1674,38,[]
1744,4,[]
1754,5,[]
1765,6,[]
1777,5,[]
1788,6,[]
1800,6,[]
1812,7,[]
1825,7,[]
1838,6,[]
1850,6,[]
1862,6,[]
1874,5,[]
1885,6,[]
1897,6,[]
1909,5,[]
1920,7,[]
1933,6,[]
1945,6,[]
1957,5,[]
1968,5,[]
1979,6,[]
1991,5,[]
2002,4,[]
2012,4,[]
2022,5,[]
2033,5,[]
2044,5,[]
2055,5,[]
2066,6,[]
2078,37,[]
2147,4,[]
2157,5,[]
2168,5,[]
2179,5,[]
2190,6,[]
2202,6,[]
2214,5,[]
2225,6,[]
2237,6,[]
2249,5,[]
2260,5,[]
2271,5,[]
2282,5,[]
2293,6,[]
2305,5,[]
2316,6,[]
2328,5,[]
2339,6,[]
2351,6,[]
2363,6,[]
2375,6,[]
2387,5,[]
2398,6,[]
2410,5,[]
2421,5,[]
2432,6,[]
2444,5,[]
2455,6,[]
2467,6,[]
2479,38,[]
2549,4,[]
2559,4,[]
2569,5,[]
2580,6,[]
2592,6,[]
2604,7,[]
2617,6,[]
2629,6,[]
2641,7,[]
2654,7,[]
2667,6,[]
2679,5,[]
2690,5,[]
2701,5,[]
2712,6,[]
2724,6,[]
2736,6,[]
2748,7,[]
2761,7,[]
2774,7,[]
2787,6,[]
2799,6,[]
2811,6,[]
2823,6,[]
2835,6,[]
2847,6,[]
2859,1,[]
2866,8,[]
2880,7,[]
2893,39,[]
2964,5,[]
2975,5,[]
2986,6,[]
2998,6,[]
3010,6,[]
3022,6,[]
3034,6,[]
3046,7,[]
3059,6,[]
3071,6,[]
3083,6,[]
3095,5,[]
3106,5,[]
3117,5,[]
3128,6,[]
3140,7,[]
3153,6,[]
3165,7,[]
3178,7,[]
3191,6,[]
3203,6,[]
3215,6,[]
3227,6,[]
3239,6,[]
3251,6,[]
3263,6,[]
3275,6,[]
3287,6,[]
3299,7,[]
3312,38,[]
3382,4,[]
3392,5,[]
3403,5,[]
3414,6,[]
3426,6,[]
3438,6,[]
3450,7,[]
3463,7,[]
3476,7,[]
3489,7,[]
3502,7,[]
3515,7,[]
3528,6,[]
3540,6,[]
3552,8,[]
3566,6,[]
3578,7,[]
3591,6,[]
3603,6,[]
3615,6,[]
3627,6,[]
3639,6,[]
3651,6,[]
3663,5,[]
3674,6,[]
3686,7,[0, 1, 2, 3, 4, 5, 6]
3699,7,[0, 1, 2, 3, 4, 5, 6]
3712,7,[]
3725,7,[]
3738,36,[]
3806,5,[]
3817,6,[]
3829,7,[]
3842,6,[]
3854,6,[]
3866,7,[]
3879,7,[]
3892,6,[]
3904,7,[]
3917,7,[]
3930,5,[]
3941,6,[]
3953,6,[]
3965,6,[]
3977,6,[]
3989,6,[]
4001,6,[]
4013,6,[]
4025,7,[]
4038,7,[]
4051,7,[]
4064,7,[]
4077,7,[]
4090,7,[]
4103,7,[]
4116,7,[]
4129,1,[]
4136,9,[0, 1, 2, 3, 4, 5, 6, 7, 8]
4151,1,[]
0,23,[1, 2, 3, 4, 5, 6, 7, 8, 9]
29,5,[]
40,8,[]
54,8,[]
68,8,[]
82,7,[]
95,7,[]
108,10,[]
124,7,[]
137,6,[]
149,7,[]
162,7,[]
175,8,[]
189,7,[]
202,10,[]
218,10,[]
234,8,[]
248,9,[]
263,8,[]
277,7,[]
290,7,[]
303,6,[]
315,3,[]
324,3,[]
333,5,[]
344,5,[]
355,5,[]
366,5,[]
377,5,[]
388,6,[]
400,59,[]
501,4,[]
511,6,[]
523,7,[]
536,7,[]
549,7,[]
562,6,[]
574,7,[]
587,6,[]
599,6,[]
611,6,[]
623,5,[]
634,6,[]
646,5,[]
657,6,[]
669,6,[]
681,6,[]
693,6,[]
705,5,[]
716,6,[]
728,7,[]
741,7,[]
754,7,[]
767,7,[]
780,8,[]
794,8,[]
808,8,[]
822,7,[]
835,7,[]
848,8,[]
862,55,[]
959,5,[]
970,5,[]
981,6,[]
993,7,[]
1006,7,[]
1019,7,[]
1032,8,[]
1046,9,[]
1061,8,[]
1075,8,[]
1089,8,[]
1103,8,[]
1117,8,[]
1131,8,[]
1145,8,[]
1159,7,[0, 1, 2, 3, 4, 5, 6]
1172,7,[]
1185,8,[]
1199,6,[]
1211,7,[]
1224,7,[]
1237,6,[]
1249,8,[]
1263,8,[]
1277,8,[]
1291,7,[]
1304,7,[]
1317,7,[]
1330,7,[]
1343,58,[]
1443,4,[]
1453,5,[]
1464,5,[]
1475,6,[]
1487,6,[]
1499,6,[]
1511,6,[]
1523,6,[]
1535,6,[]
1547,6,[]
1559,6,[]
1571,6,[]
1583,6,[]
1595,6,[]
1607,8,[]
1621,7,[]
1634,9,[]
1649,9,[]
1664,7,[0, 1, 2, 3, 4, 5, 6]
1677,8,[]
1691,8,[]
1705,7,[]
1718,9,[]
1733,7,[]
1746,4,[]
1756,6,[]
1768,6,[]
1780,7,[]
1793,6,[]
1805,66,[]
1913,2,[]
1921,4,[]
1931,6,[]
1943,7,[]
1956,8,[]
1970,8,[]
1984,7,[]
1997,8,[]
2011,8,[]
2025,6,[]
2037,7,[]
2050,6,[]
2062,7,[]
2075,7,[]
2088,7,[]
2101,6,[]
2113,6,[]
2125,7,[]
2138,7,[]
2151,8,[]
2165,7,[]
2178,8,[]
2192,6,[]
2204,6,[]
2216,8,[]
2230,7,[0, 1, 2, 3, 4, 5, 6]
2243,8,[]
2257,7,[]
2270,7,[]
2283,61,[]
2386,6,[]
2398,7,[]
2411,8,[]
2425,8,[]
2439,8,[]
2453,6,[]
2465,9,[]
2480,9,[]
2495,9,[0, 1, 2, 3, 4, 5, 6, 7]
2510,8,[]
2524,8,[]
2538,9,[]
2553,9,[]
2568,8,[]
2582,9,[]
2597,10,[]
2613,7,[]
2626,8,[]
2640,7,[]
2653,8,[]
2667,6,[]
2679,7,[]
2692,6,[]
2704,6,[]
2716,6,[]
2728,7,[]
2741,6,[]
2753,6,[]
2765,7,[]
2778,63,[]
2883,2,[]
2891,4,[]
2901,3,[]
2910,5,[]
2921,6,[]
2933,5,[]
2944,6,[]
2956,8,[]
2970,6,[]
2982,7,[]
2995,7,[]
3008,7,[]
3021,6,[]
3033,7,[]
3046,6,[]
3058,6,[]
3070,5,[]
3081,7,[]
3094,7,[]
3107,8,[]
3121,6,[]
3133,7,[]
3146,6,[]
3158,6,[]
3170,5,[]
3181,6,[]
3193,6,[]
3205,5,[]
3216,5,[]
3227,56,[]
3325,3,[]
3334,4,[]
3344,5,[]
3355,6,[]
3367,5,[]
3378,6,[]
3390,5,[]
3401,6,[]
3413,6,[]
3425,6,[]
3437,6,[]
3449,6,[]
3461,6,[]
3473,6,[]
3485,6,[]
3497,6,[]
3509,7,[]
3522,6,[]
3534,6,[]
3546,7,[]
3559,5,[]
3570,7,[]
3583,6,[]
3595,7,[]
3608,7,[]
3621,7,[]
3634,7,[]
3647,6,[]
3659,7,[]
3672,50,[]
3764,3,[]
3773,5,[]
3784,5,[]
3795,6,[]
3807,6,[]
3819,5,[]
3830,6,[]
3842,6,[]
3854,6,[]
3866,5,[]
3877,6,[]
3889,6,[]
3901,7,[]
3914,6,[]
3926,6,[]
3938,6,[]
3950,6,[]
3962,6,[]
3974,6,[]
3986,6,[]
3998,6,[]
4010,6,[]
4022,6,[]
4034,6,[]
4046,5,[]
4057,6,[]
4069,6,[]
4081,7,[]
4094,7,[]
4107,49,[]
4198,6,[]
4210,5,[]
4221,6,[]
4233,6,[]
4245,6,[]
4257,6,[]
4269,6,[]
4281,6,[]
4293,6,[]
4305,5,[]
4316,5,[]
4327,5,[]
4338,6,[]
4350,5,[]
4361,5,[]
4372,5,[]
4383,5,[]
4394,6,[]
4406,5,[]
4417,5,[]
4428,5,[]
4439,5,[]
4450,5,[]
4461,5,[]
4472,6,[]
4484,6,[]
4496,6,[]
4508,8,[]
4522,8,[]
0,13,[]
20,1,[]
28,3,[]
38,6,[]
51,5,[]
63,7,[]
77,5,[]
89,7,[]
103,7,[]
117,3,[]
127,4,[]
138,4,[]
149,4,[]
160,4,[]
171,5,[]
183,4,[]
194,5,[]
206,8,[]
221,4,[]
232,7,[]
246,9,[]
262,8,[]
277,4,[]
288,5,[]
300,7,[]
314,4,[]
325,4,[]
336,4,[]
347,7,[]
361,4,[]
372,46,[]
447,2,[]
456,3,[]
466,6,[]
479,8,[]
494,7,[]
508,9,[]
524,7,[]
538,8,[]
553,6,[]
566,7,[]
580,6,[]
593,8,[]
608,6,[]
621,5,[]
633,4,[]
644,5,[]
656,4,[]
667,5,[]
679,6,[]
692,6,[]
705,9,[]
721,4,[]
732,6,[]
745,6,[]
758,5,[]
770,6,[]
783,6,[]
796,6,[]
809,5,[]
821,59,[]
909,2,[]
918,4,[]
929,5,[]
941,6,[]
954,6,[]
967,5,[]
979,7,[]
993,8,[]
1008,6,[]
1021,6,[]
1034,6,[]
1047,8,[]
1062,6,[]
1075,8,[]
1090,9,[]
1106,11,[]
1124,11,[]
1142,10,[]
1159,10,[]
1176,11,[]
1194,11,[]
1212,11,[]
1230,9,[]
1246,11,[]
1264,13,[]
1284,12,[]
1303,12,[]
1322,11,[]
1340,10,[0, 1, 2, 3, 4, 5, 6, 7, 8, 9]
1357,50,[]
1436,7,[]
1450,9,[]
1466,10,[]
1483,12,[]
1502,11,[]
1520,12,[]
1539,13,[]
1559,13,[]
1579,14,[]
1600,12,[]
1619,10,[]
1636,11,[]
1654,10,[]
1671,11,[]
1689,11,[]
1707,11,[]
1725,11,[]
1743,12,[]
1762,11,[]
1780,11,[]
1798,15,[]
1820,11,[]
1838,9,[]
1854,9,[]
1870,10,[]
1887,9,[0, 1, 2, 3, 4, 5, 6, 7, 8]
1903,9,[]
1919,10,[]
1936,9,[]
1952,38,[]
2019,4,[]
2030,5,[]
2042,6,[]
2055,8,[]
2070,8,[]
2085,8,[]
2100,8,[]
2115,8,[]
2130,7,[]
2144,7,[]
2158,8,[]
2173,7,[]
2187,7,[]
2201,6,[]
2214,7,[]
2228,7,[]
2242,8,[]
2257,7,[]
2271,8,[]
2286,7,[]
2300,7,[]
2314,6,[]
2327,6,[]
2340,7,[]
2354,8,[]
2369,7,[]
2383,8,[]
2398,7,[]
2412,8,[0, 1, 2, 3, 4, 5, 6, 7]
2427,31,[]
2465,3,[]
2475,4,[]
2486,6,[]
2499,6,[]
2512,6,[]
2525,6,[]
2538,6,[]
2551,7,[]
2565,7,[]
2579,6,[]
2592,7,[]
2606,6,[]
2619,7,[]
2633,7,[]
2647,7,[]
2661,8,[]
2676,8,[]
2691,8,[]
2706,7,[]
2720,7,[]
2734,7,[]
2748,7,[]
2762,8,[]
2777,8,[]
2792,9,[]
2808,8,[]
2823,9,[]
2839,9,[]
2855,8,[]
2870,32,[]
2909,3,[]
2919,5,[]
2931,6,[]
2944,6,[]
2957,6,[]
2970,6,[]
2983,7,[]
2997,7,[]
3011,6,[]
3024,7,[]
3038,6,[]
3051,6,[]
3064,6,[]
3077,6,[]
3090,7,[]
3104,7,[]
3118,7,[]
3132,7,[]
3146,7,[]
3160,7,[]
3174,7,[]
3188,6,[]
3201,8,[]
3216,7,[]
3230,8,[]
3245,7,[]
3259,8,[]
3274,8,[]
3289,8,[]
3304,31,[4, 5, 6, 7, 8, 9, 10, 11, 12, 13, 14, 15, 16, 17, 18, 19, 20, 21, 22, 23, 24, 25]
3342,3,[]
3352,5,[]
3364,8,[]
3379,7,[]
3393,7,[]
3407,7,[]
3421,7,[]
3435,6,[]
3448,6,[]
3461,7,[]
3475,6,[]
3488,5,[]
3500,6,[]
3513,7,[]
3527,7,[]
3541,7,[]
3555,7,[]
3569,7,[]
3583,7,[]
3597,7,[]
3611,6,[]
3624,7,[]
3638,7,[]
3652,6,[]
3665,6,[]
3678,7,[]
3692,6,[]
3705,7,[]
3719,7,[]
3733,30,[]
3770,4,[]
3781,6,[]
3794,6,[]
3807,6,[]
3820,6,[]
3833,5,[]
3845,6,[]
3858,6,[]
3871,6,[]
3884,5,[]
3896,6,[]
3909,6,[]
3922,6,[]
3935,6,[]
3948,6,[]
3961,7,[]
3975,7,[]
3989,7,[]
4003,7,[]
4017,7,[]
4031,7,[]
4045,7,[]
4059,7,[]
4073,7,[]
4087,8,[]
4102,8,[]
4117,6,[]
4130,6,[]
4143,6,[]
4156,35,[]
4220,3,[]
4230,4,[]
4241,6,[]
4254,5,[]
4266,5,[]
4278,7,[]
4292,8,[]
4307,8,[]
4322,8,[]
4337,7,[]
4351,7,[]
4365,7,[]
4379,7,[]
4393,7,[]
4407,7,[]
4421,8,[]
4436,7,[]
4450,7,[]
4464,7,[]
4478,8,[]
4493,8,[0, 1, 2, 3, 4, 5, 6, 7]
4508,8,[]
4523,8,[]
4538,8,[]
4553,8,[]
4568,6,[]
4581,7,[]
4595,6,[]
4608,7,[]
0,34,[]
41,10,[]
58,11,[]
76,13,[]
96,11,[]
114,11,[]
132,12,[]
151,11,[]
169,10,[]
186,11,[]
204,10,[]
221,10,[]
238,8,[]
253,10,[]
270,9,[]
286,9,[]
302,10,[]
319,10,[]
336,10,[2, 3, 4, 5, 6, 7, 8, 9]
353,11,[0, 1, 2, 3, 4, 5, 6, 7, 8, 9]
371,11,[]
389,10,[]
406,9,[]
422,7,[]
436,8,[]
451,9,[]
467,9,[]
483,9,[]
499,9,[]
515,8,[]
530,54,[]
616,4,[]
627,6,[]
640,6,[]
653,8,[]
668,4,[]
679,8,[]
694,7,[]
708,7,[]
722,8,[]
737,8,[]
752,8,[]
767,8,[]
782,9,[]
798,10,[]
815,10,[]
832,10,[]
849,10,[]
866,9,[]
882,9,[]
898,9,[]
914,9,[]
930,9,[]
946,10,[]
963,9,[]
979,9,[]
995,7,[]
1009,10,[]
1026,10,[]
1043,10,[]
1060,48,[]
1140,4,[]
1151,7,[]
1165,8,[]
1180,8,[]
1195,7,[]
1209,8,[]
1224,8,[]
1239,8,[]
1254,7,[]
1268,8,[]
1283,8,[]
1298,7,[]
1312,7,[]
1326,7,[]
1340,7,[]
1354,6,[]
1367,5,[]
1379,7,[]
1393,6,[]
1406,6,[]
1419,5,[]
1431,6,[]
1444,7,[]
1458,7,[]
1472,7,[]
1486,7,[]
1500,7,[]
1514,7,[]
1528,7,[]
1542,49,[]
1623,1,[]
1631,2,[]
1640,3,[]
1650,4,[]
1661,4,[]
1672,6,[]
1685,5,[]
1697,6,[]
1710,7,[]
1724,8,[]
1739,8,[]
1754,8,[]
1769,8,[]
1784,8,[]
1799,8,[]
1814,8,[]
1829,6,[]
1842,7,[]
1856,6,[]
1869,6,[]
1882,7,[]
1896,5,[]
1908,6,[]
1921,6,[]
1934,7,[]
1948,7,[]
1962,6,[]
1975,6,[]
1988,7,[]
2002,34,[]
2043,3,[]
2053,5,[]
2065,5,[]
2077,6,[]
2090,6,[]
2103,6,[]
2116,6,[]
2129,7,[]
2143,8,[]
2158,5,[]
2170,8,[]
2185,8,[]
2200,9,[0, 1, 2, 3, 4, 5, 6, 7, 8]
2216,8,[]
2231,8,[]
2246,8,[]
2261,8,[]
2276,8,[]
2291,8,[]
2306,8,[]
2321,9,[]
2337,8,[]
2352,8,[]
2367,8,[]
2382,8,[]
2397,8,[]
2412,8,[]
2427,9,[]
2443,8,[]
2458,39,[]
2529,3,[]
2539,6,[]
2552,7,[]
2566,7,[]
2580,7,[]
2594,7,[]
2608,7,[]
2622,7,[]
2636,7,[]
2650,6,[]
2663,6,[]
2676,7,[]
2690,8,[]
2705,8,[]
2720,8,[]
2735,7,[]
2749,7,[]
2763,8,[]
2778,7,[]
2792,8,[]
2807,8,[]
2822,7,[]
2836,6,[]
2849,6,[]
2862,7,[]
2876,8,[]
2891,7,[]
2905,8,[]
2920,7,[]
2934,41,[]
3007,2,[]
3016,4,[]
3027,4,[]
3038,6,[]
3051,6,[]
3064,6,[]
3077,5,[]
3089,5,[]
3101,6,[]
3114,5,[]
3126,5,[]
3138,5,[]
3150,6,[]
3163,7,[]
3177,6,[]
3190,8,[]
3205,8,[]
3220,8,[]
3235,7,[]
3249,8,[]
3264,8,[]
3279,8,[]
3294,7,[]
3308,7,[]
3322,7,[]
3336,8,[]
3351,8,[]
3366,8,[]
3381,8,[]
3396,39,[]
3467,3,[]
3477,5,[]
3489,5,[]
3501,6,[]
3514,6,[]
3527,6,[]
3540,6,[]
3553,6,[]
3566,5,[]
3578,6,[]
3591,6,[]
3604,5,[]
3616,4,[]
3627,6,[]
3640,5,[]
3652,6,[]
3665,6,[]
3678,6,[]
3691,6,[]
3704,6,[]
3717,5,[]
3729,7,[]
3743,6,[]
3756,6,[]
3769,6,[]
3782,6,[]
3795,7,[]
3809,7,[]
3823,8,[]
3838,35,[]
3905,3,[]
3915,4,[]
3926,6,[]
3939,6,[]
3952,7,[]
3966,7,[]
3980,6,[]
3993,7,[]
4007,7,[]
4021,7,[]
4035,7,[]
4049,8,[]
4064,8,[]
4079,8,[]
4094,7,[]
4108,7,[]
4122,6,[]
4135,6,[]
4148,6,[]
4161,6,[]
4174,6,[]
4187,7,[]
4201,6,[]
4214,6,[]
4227,7,[]
4241,7,[]
4255,7,[]
4269,7,[]
4283,7,[]
4297,36,[]
4365,3,[]
4375,4,[]
4386,5,[]
4398,5,[]
4410,5,[]
4422,5,[]
4434,5,[]
4446,6,[]
4459,6,[]
4472,6,[]
4485,6,[]
4498,6,[]
4511,7,[]
4525,7,[]
4539,6,[]
4552,7,[]
4566,7,[]
4580,7,[]
4594,8,[]
4609,7,[]
4623,7,[]
4637,7,[]
4651,6,[]
4664,7,[]
4678,7,[]
4692,7,[]
4706,7,[]
4720,7,[]
4734,7,[]
0,9,[]
15,1,[]
22,5,[]
33,6,[]
45,3,[]
54,4,[]
64,4,[]
74,4,[]
84,4,[]
94,3,[]
103,5,[]
114,3,[]
123,6,[]
135,4,[]
145,4,[]
155,9,[]
170,5,[]
181,4,[]
191,5,[]
202,7,[]
215,10,[]
231,8,[]
245,5,[]
256,3,[]
265,7,[]
278,4,[]
288,6,[]
300,4,[]
310,7,[]
323,7,[]
336,50,[]
426,4,[]
436,4,[]
446,5,[]
457,3,[]
466,6,[]
478,6,[]
490,7,[0, 1, 2, 3, 4, 5, 6]
503,7,[]
516,6,[]
528,5,[]
539,8,[]
553,7,[]
566,5,[]
577,6,[]
589,5,[]
600,5,[]
611,7,[]
624,6,[]
636,6,[]
648,7,[]
661,6,[]
673,6,[]
685,6,[]
697,6,[]
709,7,[]
722,8,[]
736,8,[]
750,7,[]
763,6,[]
775,59,[]
874,3,[]
883,7,[]
896,8,[]
910,8,[]
924,6,[]
936,6,[]
948,8,[]
962,9,[]
977,9,[]
992,9,[]
1007,10,[]
1023,7,[]
1036,9,[]
1051,9,[]
1066,9,[]
1081,9,[]
1096,10,[]
1112,6,[]
1124,9,[]
1139,9,[]
1154,9,[]
1169,9,[]
1184,10,[]
1200,6,[]
1212,9,[]
1227,11,[]
1244,9,[]
1259,10,[]
1275,9,[]
1290,59,[]
1389,4,[]
1399,6,[]
1411,6,[]
1423,9,[]
1438,8,[]
1452,9,[]
1467,9,[]
1482,10,[]
1498,7,[0, 1, 2, 3, 4, 5, 6]
1511,7,[]
1524,7,[]
1537,6,[]
1549,8,[]
1563,8,[]
1577,6,[]
1589,8,[]
1603,9,[]
1618,5,[]
1629,9,[]
1644,8,[]
1658,9,[]
1673,8,[]
1687,6,[]
1699,6,[]
1711,7,[]
1724,7,[0, 1, 2, 3, 4, 5, 6]
1737,7,[]
1750,9,[]
1765,7,[]
1778,61,[]
1879,3,[]
1888,5,[]
1899,5,[]
1910,6,[]
1922,6,[]
1934,9,[]
1949,7,[]
1962,8,[]
1976,8,[]
1990,6,[]
2002,8,[]
2016,6,[]
2028,8,[]
2042,9,[]
2057,7,[]
2070,8,[]
2084,8,[]
2098,4,[]
2108,9,[]
2123,9,[]
2138,7,[]
2151,6,[]
2163,7,[]
2176,7,[]
2189,8,[]
2203,7,[]
2216,7,[]
2229,8,[]
2243,5,[]
2254,61,[]
2355,3,[]
2364,4,[]
2374,6,[]
2386,7,[]
2399,8,[]
2413,5,[]
2424,9,[]
2439,10,[]
2455,7,[]
2468,7,[]
2481,7,[]
2494,5,[]
2505,8,[]
2519,8,[]
2533,7,[]
2546,7,[]
2559,7,[]
2572,7,[]
2585,7,[]
2598,8,[]
2612,7,[]
2625,7,[]
2638,7,[]
2651,8,[]
2665,6,[]
2677,8,[]
2691,6,[]
2703,7,[]
2716,7,[]
2729,60,[]
2829,3,[]
2838,7,[]
2851,8,[]
2865,7,[]
2878,6,[]
2890,7,[]
2903,4,[]
2913,7,[]
2926,8,[]
2940,7,[]
2953,8,[]
2967,4,[]
2977,8,[]
2991,9,[]
3006,9,[]
3021,8,[]
3035,7,[]
3048,7,[]
3061,7,[]
3074,6,[]
3086,9,[]
3101,8,[]
3115,7,[]
3128,6,[]
3140,9,[]
3155,8,[]
3169,10,[]
3185,7,[]
3198,8,[]
3212,53,[]
3305,2,[]
3313,4,[]
3323,5,[]
3334,5,[]
3345,7,[]
3358,3,[]
3367,6,[]
3379,6,[]
3391,6,[]
3403,7,[]
3416,8,[]
3430,7,[]
3443,4,[]
3453,7,[]
3466,7,[]
3479,6,[]
3491,6,[]
3503,3,[]
3512,6,[]
3524,6,[]
3536,6,[]
3548,7,[]
3561,7,[]
3574,7,[]
3587,4,[]
3597,6,[]
3609,8,[0, 1, 2, 3, 4, 5, 6]
3623,7,[]
3636,7,[]
3649,47,[]
3736,2,[]
3744,3,[]
3753,5,[]
3764,4,[]
3774,6,[]
3786,6,[]
3798,3,[]
3807,5,[]
3818,7,[]
3831,7,[]
3844,7,[]
3857,6,[]
3869,7,[]
3882,8,[]
3896,7,[]
3909,7,[]
3922,7,[]
3935,5,[]
3946,15,[]
3967,10,[]
3983,7,[]
3996,9,[]
4011,8,[]
4025,5,[]
4036,8,[0, 1, 2, 3, 4, 5, 6, 7]
4050,8,[]
4064,7,[]
4077,6,[]
4089,7,[]
4102,46,[]
4188,3,[]
4197,3,[]
4206,4,[]
4216,6,[]
4228,5,[]
4239,4,[]
4249,5,[]
4260,7,[]
4273,5,[]
4284,12,[]
4302,8,[]
4316,6,[]
4328,7,[]
4341,6,[]
4353,7,[]
4366,6,[]
4378,5,[]
4389,5,[]
4400,7,[]
4413,5,[]
4424,5,[]
4435,7,[]
4448,4,[]
4458,8,[]
4472,7,[]
4485,8,[]
4499,8,[]
4513,8,[]
4527,7,[]
0,16,[]
22,1,[]
29,6,[]
41,1,[]
48,10,[]
64,3,[]
73,12,[]
91,3,[]
100,11,[]
117,1,[]
124,8,[]
138,3,[]
147,8,[]
161,2,[]
169,8,[]
183,1,[]
190,8,[]
204,3,[]
213,9,[]
228,1,[]
235,8,[]
249,2,[]
257,10,[]
273,4,[]
283,12,[]
301,3,[]
310,9,[]
325,6,[]
337,12,[]
355,1,[]
362,62,[]
456,1,[]
463,1,[]
470,10,[]
486,9,[]
501,1,[]
508,8,[]
522,1,[]
529,7,[]
542,2,[]
550,6,[]
562,7,[]
575,3,[]
584,10,[]
600,1,[]
607,11,[]
624,2,[]
632,12,[]
650,10,[]
666,3,[]
675,11,[]
692,3,[]
701,13,[]
720,3,[]
729,14,[]
749,13,[]
768,2,[]
776,14,[]
796,5,[]
807,15,[]
828,46,[]
906,11,[]
923,11,[0, 1, 2, 3, 4, 5, 6]
940,3,[]
949,13,[]
968,4,[]
978,13,[]
997,4,[]
1007,13,[]
1026,11,[]
1043,3,[]
1052,8,[]
1066,2,[]
1074,10,[]
1090,3,[]
1099,8,[]
1113,9,[0, 1, 2, 3, 4, 5, 6, 7, 8]
1128,4,[]
1138,13,[]
1157,3,[]
1166,11,[]
1183,2,[]
1191,11,[]
1208,10,[]
1224,2,[]
1232,12,[]
1250,5,[]
1261,15,[]
1282,4,[]
1292,15,[]
1313,45,[]
1390,1,[]
1397,14,[]
1417,4,[]
1427,15,[]
1448,4,[]
1458,12,[]
1476,13,[]
1495,4,[]
1505,14,[]
1525,3,[]
1534,12,[]
1552,4,[]
1562,11,[]
1579,11,[]
1596,4,[]
1606,11,[2, 3, 4, 5, 6, 7, 8]
1623,6,[]
1635,13,[]
1654,4,[]
1664,12,[]
1682,11,[]
1699,3,[]
1708,10,[3, 4, 5, 6, 7, 8, 9]
1724,3,[]
1733,10,[]
1749,3,[]
1758,10,[]
1774,10,[]
1790,5,[]
1801,36,[]
1869,1,[]
1876,10,[]
1892,3,[]
1901,10,[]
1917,8,[]
1931,4,[]
1941,12,[]
1959,4,[]
1969,10,[]
1985,4,[]
1995,8,[]
2009,8,[]
2023,3,[]
2032,10,[]
2048,3,[]
2057,11,[]
2074,3,[]
2083,11,[]
2100,4,[]
2110,10,[]
2126,10,[]
2142,4,[]
2152,11,[]
2169,3,[]
2178,13,[]
2197,3,[]
2206,12,[]
2224,11,[]
2241,4,[]
2251,32,[]
2289,1,[]
2296,10,[]
2312,11,[]
2329,3,[]
2338,11,[]
2355,3,[]
2364,5,[]
2375,12,[]
2393,4,[]
2403,11,[]
2420,4,[]
2430,9,[]
2445,3,[]
2454,10,[]
2470,4,[]
2480,12,[]
2498,4,[]
2508,11,[]
2525,10,[]
2541,4,[]
2551,11,[]
2568,3,[]
2577,4,[]
2587,5,[]
2598,5,[]
2609,6,[]
2621,26,[]
2653,1,[]
2660,4,[]
2670,41,[]
2743,15,[]
2764,2,[]
2772,3,[]
2781,4,[]
2791,5,[]
2802,5,[]
2813,7,[]
2826,7,[]
2839,27,[0, 1, 2, 3, 4, 5, 6]
2872,1,[]
2879,2,[]
2887,4,[]
2897,13,[]
2916,2,[]
2924,3,[]
2933,12,[]
2951,9,[]
2966,2,[]
2974,3,[]
2983,12,[]
3001,2,[]
3009,3,[]
3018,4,[]
3028,3,[]
3037,24,[]
3067,2,[]
3075,4,[]
3085,3,[]
3094,3,[]
3103,51,[]
3186,1,[]
3193,9,[]
3208,3,[]
3217,4,[]
3227,5,[]
3238,5,[]
3249,3,[]
3258,18,[3, 4, 5, 6, 7, 8, 9, 10, 11, 12, 13, 14]
3282,2,[]
3290,3,[]
3299,4,[]
3309,3,[]
3318,5,[]
3329,6,[]
3341,8,[]
3355,8,[]
3369,9,[]
3384,38,[]
3454,1,[]
3461,1,[]
3468,3,[]
3477,3,[]
3486,13,[]
3505,2,[]
3513,3,[]
3522,6,[]
3534,2,[]
3542,3,[]
3551,9,[]
3566,49,[]
3647,2,[]
3655,2,[]
3663,3,[]
3672,4,[]
3682,2,[]
3690,4,[]
3700,2,[]
3708,6,[]
3720,2,[]
3728,4,[]
3738,2,[]
3746,5,[]
3757,2,[]
3765,5,[]
3776,4,[]
3786,2,[]
3794,5,[]
3805,2,[]
3813,6,[]
3825,5,[]
3836,3,[]
3845,5,[]
3856,4,[]
3866,6,[]
3878,3,[]
3887,5,[]
3898,3,[]
3907,2,[]
3915,7,[]
3928,29,[]
3963,2,[]
3971,2,[]
3979,4,[]
3989,4,[]
3999,2,[]
4007,6,[]
4019,1,[]
4026,8,[]
4040,2,[]
4048,8,[]
4062,7,[]
4075,3,[]
4084,9,[]
4099,2,[]
4107,10,[]
4123,2,[]
4131,10,[]
4147,3,[]
4156,11,[]
4173,2,[]
4181,10,[]
4197,2,[]
4205,8,[]
4219,2,[]
4227,3,[]
4236,12,[]
4254,2,[]
4262,11,[]
4279,4,[]
0,20,[8, 9, 10, 11, 12, 13, 14, 15, 16, 17, 18, 19]
26,2,[]
34,8,[]
48,5,[]
59,9,[]
74,8,[]
88,7,[]
101,7,[]
114,10,[]
130,8,[]
144,9,[]
159,7,[]
172,8,[]
186,5,[]
197,8,[]
211,8,[]
225,8,[]
239,4,[]
249,9,[]
264,6,[]
276,7,[]
289,6,[]
301,1,[]
308,4,[]
318,4,[]
328,4,[]
338,5,[]
349,4,[]
359,7,[0, 1, 2, 3, 4, 5, 6]
372,5,[]
383,54,[]
471,2,[]
479,1,[]
486,5,[]
497,5,[]
508,6,[]
520,7,[]
533,7,[]
546,8,[]
560,6,[]
572,7,[]
585,6,[]
597,8,[]
611,7,[]
624,8,[]
638,8,[]
652,8,[]
666,9,[]
681,10,[]
697,10,[]
713,8,[0, 1, 2, 3, 4, 5, 6, 7]
727,9,[]
742,3,[]
751,10,[]
767,11,[]
784,13,[]
803,17,[]
826,4,[]
836,16,[]
858,14,[]
878,48,[]
960,11,[2, 3, 4, 5, 6, 7, 8, 9, 10]
977,13,[]
996,5,[]
1007,14,[]
1027,13,[]
1046,12,[]
1064,6,[]
1076,13,[]
1095,14,[]
1115,12,[]
1133,12,[]
1151,12,[]
1169,6,[]
1181,17,[3, 4, 5, 6, 7, 8, 9, 10, 11, 12]
1204,11,[]
1221,12,[]
1239,5,[]
1250,18,[]
1274,10,[1, 2, 3, 4, 5, 6, 7, 8, 9]
1290,11,[]
1307,11,[]
1324,7,[]
1337,11,[]
1354,10,[]
1370,10,[]
1386,10,[]
1402,8,[]
1416,5,[]
1427,10,[2, 3, 4, 5, 6, 7, 8, 9]
1443,45,[]
1522,4,[]
1532,4,[]
1542,6,[]
1554,6,[]
1566,7,[]
1579,6,[]
1591,6,[]
1603,3,[]
1612,7,[]
1625,9,[]
1640,4,[]
1650,9,[]
1665,3,[]
1674,9,[]
1689,4,[]
1699,9,[]
1714,4,[]
1724,9,[]
1739,4,[]
1749,8,[]
1763,4,[]
1773,8,[]
1787,6,[]
1799,9,[]
1814,5,[]
1825,9,[]
1840,4,[]
1850,11,[0, 1, 2, 3, 4, 5, 6, 7, 8, 9, 10]
1867,7,[]
1880,38,[]
1952,1,[]
1959,4,[]
1969,4,[]
1979,6,[]
1991,4,[]
2001,8,[]
2015,5,[]
2026,8,[]
2040,5,[]
2051,8,[]
2065,5,[]
2076,8,[]
2090,4,[]
2100,8,[]
2114,4,[]
2124,7,[]
2137,7,[]
2150,7,[]
2163,5,[]
2174,7,[]
2187,5,[]
2198,8,[]
2212,5,[]
2223,9,[]
2238,6,[]
2250,9,[]
2265,4,[]
2275,10,[]
2291,4,[]
2301,47,[]
2382,1,[]
2389,5,[]
2400,3,[]
2409,7,[]
2422,5,[]
2433,8,[]
2447,3,[]
2456,9,[]
2471,5,[]
2482,8,[]
2496,5,[]
2507,8,[]
2521,5,[]
2532,9,[]
2547,3,[]
2556,10,[]
2572,4,[]
2582,10,[]
2598,3,[]
2607,9,[]
2622,4,[]
2632,9,[]
2647,3,[]
2656,10,[]
2672,3,[]
2681,10,[0, 1, 2, 3, 4, 5, 6, 7, 8, 9]
2697,6,[]
2709,11,[]
2726,5,[]
2737,47,[]
2818,1,[]
2825,5,[]
2836,4,[]
2846,8,[]
2860,4,[]
2870,9,[]
2885,4,[]
2895,10,[]
2911,4,[]
2921,11,[]
2938,4,[]
2948,12,[5, 6, 7, 8, 9, 10, 11]
2966,4,[]
2976,13,[]
2995,4,[]
3005,13,[]
3024,4,[]
3034,13,[4, 5, 6, 7, 8, 9, 10]
3053,4,[]
3063,11,[]
3080,4,[]
3090,11,[]
3107,4,[]
3117,10,[]
3133,4,[]
3143,10,[]
3159,3,[]
3168,9,[]
3183,5,[]
3194,45,[]
3273,1,[]
3280,7,[]
3293,3,[]
3302,9,[]
3317,3,[]
3326,9,[]
3341,4,[]
3351,9,[]
3366,3,[]
3375,9,[]
3390,3,[]
3399,9,[2, 3, 4, 5, 6, 7, 8]
3414,4,[]
3424,10,[]
3440,5,[]
3451,11,[]
3468,3,[]
3477,10,[]
3493,3,[]
3502,9,[]
3517,4,[]
3527,10,[]
3543,3,[]
3552,9,[]
3567,3,[]
3576,7,[]
3589,3,[]
3598,11,[]
3615,4,[]
3625,45,[]
3704,1,[]
3711,5,[]
3722,3,[]
3731,7,[]
3744,3,[]
3753,8,[]
3767,4,[]
3777,8,[]
3791,4,[]
3801,9,[]
3816,4,[]
3826,9,[]
3841,4,[]
3851,10,[]
3867,4,[]
3877,12,[0, 1, 2, 3, 4, 5, 6, 7, 8, 9, 10, 11]
3895,5,[]
3906,11,[]
3923,4,[]
3933,11,[]
3950,4,[]
3960,12,[]
3978,4,[]
3988,11,[]
4005,5,[]
4016,14,[]
4036,5,[]
4047,14,[]
4067,4,[]
4077,40,[]
4151,1,[]
4158,9,[]
4173,4,[]
4183,11,[]
4200,4,[]
4210,10,[]
4226,5,[]
4237,9,[]
4252,4,[]
4262,8,[]
4276,5,[]
4287,8,[]
4301,5,[]
4312,8,[]
4326,5,[]
4337,7,[]
4350,3,[]
4359,8,[]
4373,4,[]
4383,7,[]
4396,4,[]
4406,6,[]
4418,5,[]
4429,7,[]
4442,5,[]
4453,6,[]
4465,4,[]
4475,7,[]
4488,3,[]
0,25,[]
31,3,[]
40,5,[]
51,5,[]
62,6,[]
74,7,[]
87,7,[]
100,8,[]
114,8,[]
128,7,[]
141,7,[]
154,7,[]
167,8,[0, 1, 2, 3, 4, 5, 6, 7]
181,7,[]
194,5,[]
205,6,[]
217,6,[]
229,9,[]
244,7,[]
257,6,[]
269,7,[]
282,9,[]
297,3,[]
306,4,[]
316,7,[]
329,9,[]
344,8,[]
358,10,[]
374,10,[]
390,9,[]
405,38,[]
478,4,[]
488,7,[]
501,7,[]
514,8,[]
528,8,[]
542,9,[]
557,10,[]
573,10,[]
589,10,[]
605,10,[]
621,10,[]
637,10,[]
653,8,[]
667,8,[]
681,8,[]
695,8,[]
709,7,[]
722,7,[]
735,7,[]
748,6,[]
760,6,[]
772,6,[]
784,6,[]
796,7,[]
809,6,[]
821,6,[]
833,6,[]
845,6,[]
857,6,[]
869,42,[]
946,2,[]
954,3,[]
963,4,[]
973,5,[]
984,4,[]
994,6,[]
1006,5,[]
1017,6,[]
1029,6,[]
1041,7,[]
1054,4,[]
1064,7,[0, 1, 2, 3, 4, 5, 6]
1077,6,[]
1089,7,[]
1102,6,[]
1114,7,[]
1127,7,[]
1140,6,[]
1152,5,[]
1163,6,[]
1175,6,[]
1187,6,[]
1199,6,[]
1211,6,[]
1223,5,[]
1234,6,[]
1246,5,[]
1257,8,[]
1271,8,[]
1285,45,[]
1365,2,[]
1373,3,[]
1382,5,[]
1393,6,[]
1405,6,[]
1417,5,[]
1428,6,[]
1440,6,[]
1452,5,[]
1463,6,[]
1475,10,[]
1491,10,[]
1507,7,[]
1520,7,[]
1533,6,[]
1545,6,[]
1557,6,[]
1569,7,[]
1582,8,[]
1596,7,[]
1609,7,[]
1622,5,[]
1633,6,[]
1645,6,[]
1657,9,[]
1672,8,[]
1686,6,[]
1698,7,[]
1711,8,[]
1725,49,[]
1809,2,[]
1817,5,[]
1828,5,[]
1839,6,[]
1851,6,[]
1863,6,[]
1875,6,[]
1887,10,[]
1903,7,[]
1916,8,[]
1930,7,[]
1943,8,[]
1957,6,[]
1969,7,[]
1982,7,[]
1995,7,[]
2008,6,[]
2020,7,[]
2033,7,[]
2046,9,[]
2061,8,[]
2075,8,[]
2089,9,[]
2104,8,[]
2118,8,[]
2132,9,[]
2147,9,[]
2162,10,[]
2178,9,[]
2193,42,[]
2270,5,[]
2281,6,[]
2293,9,[]
2308,8,[]
2322,7,[]
2335,9,[]
2350,9,[]
2365,9,[]
2380,9,[]
2395,10,[]
2411,9,[]
2426,10,[]
2442,10,[]
2458,10,[]
2474,9,[0, 1, 2, 3, 4, 5, 6]
2489,9,[]
2504,7,[]
2517,7,[]
2530,9,[]
2545,11,[]
2562,8,[]
2576,8,[]
2590,7,[]
2603,8,[]
2617,7,[]
2630,7,[]
2643,8,[]
2657,8,[]
2671,7,[]
2684,46,[]
2765,3,[]
2774,6,[]
2786,5,[]
2797,7,[]
2810,6,[]
2822,6,[]
2834,6,[]
2846,7,[]
2859,7,[]
2872,7,[]
2885,7,[]
2898,7,[]
2911,6,[]
2923,6,[]
2935,9,[]
2950,7,[]
2963,5,[]
2974,6,[]
2986,6,[]
2998,7,[]
3011,6,[]
3023,6,[]
3035,8,[]
3049,5,[]
3060,6,[]
3072,6,[]
3084,6,[]
3096,7,[]
3109,7,[]
3122,49,[]
3206,2,[]
3214,5,[]
3225,6,[]
3237,6,[]
3249,5,[]
3260,6,[]
3272,6,[]
3284,7,[]
3297,5,[]
3308,6,[]
3320,5,[]
3331,6,[]
3343,8,[]
3357,7,[]
3370,6,[]
3382,6,[]
3394,6,[]
3406,7,[]
3419,6,[]
3431,6,[]
3443,7,[]
3456,7,[]
3469,6,[]
3481,6,[]
3493,6,[]
3505,6,[]
3517,6,[]
3529,8,[]
3543,6,[]
3555,52,[]
3642,1,[]
3649,4,[]
3659,5,[]
3670,6,[]
3682,7,[]
3695,6,[]
3707,7,[]
3720,8,[0, 1, 2, 3, 4, 5, 6, 7]
3734,7,[]
3747,7,[]
3760,7,[]
3773,6,[]
3785,6,[]
3797,6,[]
3809,7,[]
3822,11,[]
3839,7,[]
3852,6,[]
3864,6,[]
3876,8,[]
3890,8,[]
3904,8,[]
3918,6,[]
3930,7,[]
3943,6,[]
3955,7,[]
3968,7,[0, 1, 2, 3, 4, 5, 6]
3981,7,[]
3994,7,[]
4007,50,[]
4092,3,[]
4101,5,[]
4112,5,[]
4123,8,[]
4137,7,[]
4150,7,[]
4163,7,[]
4176,7,[]
4189,9,[]
4204,8,[]
4218,9,[]
4233,10,[0, 1, 2, 3, 4, 5, 6, 7, 8]
4249,10,[]
4265,12,[]
4283,13,[]
4302,12,[]
4320,11,[]
4337,11,[]
4354,11,[]
4371,10,[]
4387,9,[]
4402,9,[]
4417,9,[]
4432,9,[]
4447,9,[]
4462,9,[]
4477,8,[]
4491,10,[]
4507,8,[]
0,12,[]
19,3,[]
29,6,[]
42,7,[]
56,8,[]
71,6,[]
84,7,[]
98,7,[]
112,8,[]
127,7,[]
141,7,[]
155,7,[]
169,7,[]
183,6,[]
196,7,[]
210,5,[]
222,5,[]
234,5,[]
246,5,[]
258,6,[]
271,7,[]
285,6,[]
298,4,[]
309,7,[]
323,6,[]
336,6,[]
349,6,[]
362,7,[]
376,7,[]
390,6,[]
403,28,[]
438,7,[]
452,6,[]
465,5,[]
477,5,[]
489,6,[]
502,6,[]
515,6,[]
528,7,[]
542,9,[]
558,7,[]
572,7,[]
586,7,[]
600,8,[]
615,8,[]
630,7,[]
644,7,[]
658,8,[]
673,7,[]
687,7,[]
701,7,[]
715,6,[]
728,7,[]
742,7,[]
756,8,[]
771,7,[]
785,7,[]
799,6,[]
812,7,[]
826,9,[]
842,33,[]
882,5,[]
894,6,[]
907,5,[]
919,8,[]
934,6,[]
947,8,[]
962,7,[]
976,7,[]
990,7,[]
1004,8,[]
1019,8,[]
1034,9,[]
1050,8,[]
1065,7,[]
1079,7,[]
1093,8,[]
1108,7,[]
1122,7,[]
1136,7,[]
1150,9,[]
1166,8,[]
1181,7,[]
1195,7,[]
1209,7,[]
1223,8,[]
1238,8,[]
1253,8,[]
1268,9,[]
1284,8,[]
1299,31,[]
1337,5,[]
1349,6,[]
1362,7,[]
1376,7,[]
1390,7,[]
1404,7,[]
1418,9,[]
1434,7,[]
1448,7,[]
1462,7,[]
1476,7,[]
1490,7,[]
1504,7,[]
1518,7,[]
1532,7,[]
1546,7,[]
1560,6,[]
1573,7,[]
1587,6,[]
1600,7,[]
1614,6,[]
1627,7,[]
1641,7,[]
1655,8,[]
1670,7,[]
1684,7,[]
1698,7,[]
1712,7,[]
1726,6,[]
1739,37,[]
1802,4,[]
1813,6,[]
1826,7,[]
1840,7,[]
1854,8,[]
1869,8,[]
1884,7,[]
1898,8,[]
1913,7,[]
1927,8,[]
1942,7,[]
1956,7,[]
1970,7,[]
1984,9,[]
2000,8,[]
2015,9,[]
2031,7,[]
2045,8,[]
2060,8,[]
2075,8,[]
2090,7,[]
2104,7,[]
2118,7,[]
2132,7,[]
2146,8,[]
2161,8,[]
2176,7,[]
2190,8,[]
2205,8,[]
2220,38,[]
2284,5,[]
2296,7,[]
2310,7,[]
2324,7,[]
2338,8,[]
2353,8,[]
2368,8,[]
2383,7,[]
2397,9,[]
2413,7,[]
2427,8,[]
2442,7,[]
2456,7,[]
2470,7,[]
2484,7,[]
2498,7,[]
2512,7,[]
2526,9,[]
2542,8,[]
2557,7,[]
2571,7,[]
2585,7,[]
2599,7,[]
2613,7,[]
2627,7,[]
2641,8,[]
2656,8,[]
2671,9,[]
2687,7,[]
2701,37,[]
2764,6,[]
2777,7,[]
2791,7,[]
2805,6,[]
2818,8,[]
2833,6,[]
2846,6,[]
2859,8,[]
2874,7,[]
2888,7,[]
2902,7,[]
2916,8,[]
2931,9,[]
2947,9,[]
2963,8,[]
2978,8,[]
2993,9,[]
3009,9,[]
3025,8,[]
3040,9,[]
3056,8,[]
3071,8,[]
3086,6,[]
3099,7,[]
3113,7,[]
3127,7,[]
3141,6,[]
3154,6,[]
3167,8,[]
3182,39,[]
3247,4,[]
3258,5,[]
3270,6,[]
3283,7,[]
3297,7,[]
3311,5,[]
3323,9,[]
3339,8,[]
3354,7,[]
3368,7,[]
3382,8,[]
3397,9,[]
3413,9,[]
3429,8,[]
3444,8,[]
3459,8,[]
3474,8,[]
3489,8,[]
3504,8,[]
3519,8,[0, 1, 2, 3, 4, 5, 6, 7]
3534,8,[]
3549,7,[]
3563,7,[]
3577,8,[]
3592,8,[]
3607,8,[]
3622,7,[]
3636,9,[]
3652,8,[]
3667,37,[]
3730,4,[]
3741,5,[]
3753,5,[]
3765,8,[]
3780,7,[]
3794,7,[]
3808,6,[]
3821,8,[]
3836,7,[]
3850,7,[]
3864,7,[]
3878,8,[]
3893,7,[]
3907,6,[]
3920,7,[]
3934,7,[]
3948,6,[]
3961,7,[]
3975,6,[]
3988,6,[]
4001,7,[]
4015,7,[]
4029,7,[]
4043,7,[]
4057,7,[]
4071,7,[]
4085,7,[]
4099,6,[]
4112,6,[]
4125,37,[]
4188,4,[]
4199,6,[]
4212,4,[]
4223,9,[]
4239,8,[]
4254,8,[]
4269,7,[]
4283,7,[]
4297,7,[]
4311,8,[]
4326,8,[]
4341,8,[]
4356,8,[]
4371,8,[]
4386,7,[]
4400,9,[]
4416,9,[]
4432,8,[]
4447,7,[]
4461,8,[]
4476,9,[]
4492,8,[]
4507,8,[]
4522,8,[]
4537,8,[]
4552,8,[]
4567,7,[]
4581,7,[]
4595,7,[]
0,24,[]
30,1,[]
37,1,[]
44,13,[]
63,11,[]
80,11,[4, 5, 6, 7, 8, 9, 10]
97,1,[]
104,12,[]
122,2,[]
130,10,[]
146,9,[]
161,10,[]
177,1,[]
184,11,[]
201,12,[]
219,11,[]
236,11,[]
253,12,[]
271,1,[]
278,1,[]
285,11,[]
302,9,[]
317,11,[]
334,9,[]
349,1,[]
356,11,[0, 1, 2, 3, 4, 5, 6, 7, 8, 9, 10]
373,1,[]
380,10,[]
396,9,[]
411,10,[]
427,47,[]
502,14,[]
522,9,[]
537,8,[]
551,9,[]
566,9,[]
581,8,[]
595,1,[]
602,9,[]
617,9,[]
632,8,[]
646,4,[]
656,1,[]
663,10,[]
679,4,[]
689,9,[]
704,8,[]
718,9,[]
733,2,[]
741,8,[]
755,10,[0, 1, 2, 3, 4, 5, 6, 7, 8, 9]
771,3,[]
780,4,[]
790,11,[]
807,8,[]
821,3,[]
830,9,[]
845,7,[]
858,8,[]
872,6,[]
884,38,[]
950,5,[]
961,2,[]
969,7,[]
982,8,[]
996,7,[]
1009,3,[]
1018,11,[]
1035,9,[]
1050,2,[]
1058,8,[]
1072,7,[]
1085,7,[]
1098,1,[]
1105,9,[]
1120,9,[]
1135,7,[]
1148,7,[]
1161,2,[]
1169,9,[]
1184,1,[]
1191,8,[]
1205,8,[]
1219,1,[]
1226,4,[]
1236,11,[]
1253,9,[]
1268,5,[]
1279,9,[]
1294,8,[]
1308,34,[]
1348,1,[]
1355,7,[]
1368,7,[]
1381,7,[]
1394,8,[]
1408,4,[]
1418,10,[]
1434,5,[]
1445,9,[]
1460,6,[]
1472,6,[]
1484,3,[]
1493,8,[]
1507,9,[]
1522,3,[]
1531,8,[]
1545,8,[]
1559,7,[]
1572,3,[]
1581,8,[]
1595,8,[]
1609,8,[]
1623,7,[]
1636,3,[]
1645,10,[]
1661,4,[]
1671,10,[1, 2, 3, 4, 5, 6, 7, 8, 9]
1687,7,[0, 1, 2, 3, 4, 5, 6]
1700,6,[]
1712,33,[]
1751,5,[]
1762,7,[]
1775,7,[]
1788,4,[]
1798,8,[]
1812,8,[]
1826,6,[]
1838,8,[]
1852,8,[]
1866,7,[]
1879,7,[]
1892,4,[]
1902,10,[]
1918,3,[]
1927,9,[]
1942,8,[]
1956,9,[]
1971,9,[]
1986,6,[]
1998,9,[]
2013,5,[]
2024,9,[]
2039,8,[]
2053,8,[]
2067,5,[]
2078,9,[]
2093,7,[]
2106,8,[]
2120,7,[]
2133,32,[1, 18, 23, 24, 25, 26, 27, 28, 29, 30, 31]
2171,7,[]
2184,4,[]
2194,8,[]
2208,7,[]
2221,5,[]
2232,5,[]
2243,9,[]
2258,9,[]
2273,6,[]
2285,8,[]
2299,7,[]
2312,7,[]
2325,5,[]
2336,9,[]
2351,7,[]
2364,7,[]
2377,8,[0, 1, 2, 3, 4, 5, 6, 7]
2391,6,[]
2403,11,[]
2420,5,[]
2431,9,[]
2446,8,[]
2460,8,[]
2474,8,[]
2488,7,[]
2501,9,[]
2516,6,[]
2528,8,[]
2542,9,[]
2557,32,[]
2595,1,[]
2602,6,[]
2614,8,[]
2628,7,[]
2641,9,[]
2656,5,[]
2667,9,[]
2682,7,[]
2695,8,[]
2709,8,[]
2723,7,[]
2736,6,[]
2748,9,[]
2763,6,[]
2775,6,[]
2787,8,[]
2801,8,[]
2815,7,[]
2828,6,[]
2840,6,[]
2852,10,[]
2868,8,[]
2882,7,[]
2895,8,[]
2909,7,[]
2922,7,[]
2935,9,[0, 1, 2, 3, 4, 5, 6]
2950,7,[]
2963,7,[]
2976,34,[]
3016,4,[]
3026,7,[]
3039,6,[]
3051,7,[]
3064,7,[0, 1, 2, 3, 4, 5, 6]
3077,7,[]
3090,6,[]
3102,8,[]
3116,7,[]
3129,7,[]
3142,6,[]
3154,4,[]
3164,8,[]
3178,5,[]
3189,8,[]
3203,7,[]
3216,8,[]
3230,6,[]
3242,8,[]
3256,9,[]
3271,5,[]
3282,8,[]
3296,6,[]
3308,7,[]
3321,7,[]
3334,8,[]
3348,7,[]
3361,7,[0, 1, 2, 3, 4, 5, 6]
3374,7,[]
3387,33,[]
3426,6,[]
3438,5,[]
3449,6,[]
3461,7,[]
3474,6,[]
3486,7,[]
3499,7,[]
3512,8,[]
3526,7,[]
3539,7,[0, 1, 2, 3, 4, 5, 6]
3552,6,[]
3564,7,[]
3577,6,[]
3589,8,[]
3603,7,[]
3616,7,[]
3629,7,[]
3642,7,[]
3655,8,[]
3669,6,[]
3681,7,[]
3694,6,[]
3706,6,[]
3718,7,[]
3731,7,[]
3744,8,[]
3758,6,[]
3770,8,[]
3784,7,[]
3797,34,[]
3837,1,[]
3844,5,[]
3855,6,[]
3867,7,[]
3880,7,[]
3893,5,[]
3904,9,[]
3919,6,[]
3931,8,[]
3945,6,[]
3957,7,[]
3970,6,[]
3982,7,[]
3995,9,[]
4010,6,[]
4022,8,[]
4036,6,[]
4048,7,[]
4061,7,[]
4074,7,[]
4087,7,[]
4100,6,[]
4112,7,[]
4125,6,[]
4137,9,[]
4152,7,[]
4165,8,[]
4179,7,[]
4192,6,[]
0,10,[]
17,1,[]
25,5,[]
37,7,[]
51,5,[]
63,6,[]
76,5,[]
88,5,[]
100,4,[]
111,4,[]
122,5,[]
134,5,[]
146,4,[]
157,4,[]
168,5,[]
180,5,[]
192,4,[]
203,5,[]
215,7,[]
229,7,[]
243,10,[]
260,8,[]
275,4,[]
286,7,[]
300,7,[]
314,14,[]
335,5,[]
347,7,[]
361,6,[]
374,6,[]
387,39,[]
460,3,[]
470,5,[]
482,6,[]
495,7,[]
509,7,[]
523,10,[]
540,8,[]
555,8,[]
570,7,[]
584,7,[]
598,9,[]
614,8,[]
629,7,[]
643,7,[]
657,6,[]
670,7,[]
684,7,[]
698,7,[]
712,7,[]
726,6,[]
739,8,[]
754,6,[]
767,7,[]
781,8,[]
796,11,[]
814,8,[]
829,7,[]
843,8,[]
858,7,[]
872,45,[]
951,3,[]
961,3,[]
971,7,[]
985,7,[]
999,6,[]
1012,6,[]
1025,9,[]
1041,7,[]
1055,7,[]
1069,7,[]
1083,6,[]
1096,6,[]
1109,6,[]
1122,6,[]
1135,5,[]
1147,5,[]
1159,6,[]
1172,6,[]
1185,7,[]
1199,8,[]
1214,7,[]
1228,6,[]
1241,6,[]
1254,7,[]
1268,7,[]
1282,10,[0, 1, 2, 3, 4, 5, 6, 7, 8, 9]
1299,8,[]
1314,8,[]
1329,7,[]
1343,45,[]
1422,3,[]
1432,5,[]
1444,7,[]
1458,6,[]
1471,8,[]
1486,7,[]
1500,9,[]
1516,6,[]
1529,7,[]
1543,7,[]
1557,7,[]
1571,9,[]
1587,8,[]
1602,8,[]
1617,8,[]
1632,9,[]
1648,9,[]
1664,9,[]
1680,8,[]
1695,9,[]
1711,9,[]
1727,8,[]
1742,8,[]
1757,9,[]
1773,8,[]
1788,8,[]
1803,10,[]
1820,9,[]
1836,8,[]
1851,45,[]
1930,3,[]
1940,5,[]
1952,6,[]
1965,9,[]
1981,7,[]
1995,7,[]
2009,7,[]
2023,8,[]
2038,8,[]
2053,8,[]
2068,7,[]
2082,9,[]
2098,7,[]
2112,6,[]
2125,8,[]
2140,8,[]
2155,8,[]
2170,8,[]
2185,8,[]
2200,8,[]
2215,8,[]
2230,8,[]
2245,8,[]
2260,8,[]
2275,8,[]
2290,8,[]
2305,8,[]
2320,8,[]
2335,5,[]
2347,44,[]
2425,3,[]
2435,5,[]
2447,7,[]
2461,6,[]
2474,7,[]
2488,6,[]
2501,5,[]
2513,6,[]
2526,6,[]
2539,6,[]
2552,5,[]
2564,6,[]
2577,6,[]
2590,6,[]
2603,7,[]
2617,6,[]
2630,5,[]
2642,7,[]
2656,6,[]
2669,7,[]
2683,7,[]
2697,6,[]
2710,6,[]
2723,7,[]
2737,6,[]
2750,7,[]
2764,7,[]
2778,7,[]
2792,6,[]
2805,53,[]
2892,2,[]
2901,5,[]
2913,7,[]
2927,7,[]
2941,7,[]
2955,7,[]
2969,8,[]
2984,8,[]
2999,8,[]
3014,7,[]
3028,7,[]
3042,7,[]
3056,7,[]
3070,7,[]
3084,7,[]
3098,8,[]
3113,6,[]
3126,6,[]
3139,8,[]
3154,6,[]
3167,6,[]
3180,6,[]
3193,6,[]
3206,7,[]
3220,6,[]
3233,6,[]
3246,6,[]
3259,7,[]
3273,7,[]
3287,53,[]
3374,5,[]
3386,5,[]
3398,7,[]
3412,10,[]
3429,9,[]
3445,8,[]
3460,8,[]
3475,10,[]
3492,8,[]
3507,8,[]
3522,8,[]
3537,10,[]
3554,10,[]
3571,9,[]
3587,11,[]
3605,11,[]
3623,9,[]
3639,11,[]
3657,10,[]
3674,11,[]
3692,9,[]
3708,9,[]
3724,7,[]
3738,11,[]
3756,9,[]
3772,9,[]
3788,10,[]
3805,7,[]
3819,7,[]
3833,47,[]
3914,3,[]
3924,5,[]
3936,9,[]
3952,4,[]
3963,7,[]
3977,8,[]
3992,8,[0, 1, 2, 3, 4, 5, 6, 7]
4007,10,[]
4024,9,[]
4040,9,[]
4056,7,[]
4070,8,[]
4085,8,[]
4100,7,[]
4114,8,[]
4129,8,[]
4144,14,[]
4165,4,[]
4176,8,[]
4191,7,[]
4205,6,[]
4218,4,[]
4229,7,[]
4243,11,[]
4261,11,[]
4279,9,[0, 1, 2, 3, 4, 5, 6, 7, 8]
4295,8,[]
4310,5,[]
4322,5,[]
4334,42,[]
4410,3,[]
4420,5,[]
4432,6,[]
4445,6,[]
4458,4,[]
4469,3,[]
4479,6,[]
4492,5,[]
4504,9,[]
4520,7,[]
4534,7,[]
4548,7,[]
4562,7,[]
4576,7,[]
4590,7,[]
4604,7,[]
4618,4,[]
4629,9,[]
4645,7,[]
4659,7,[]
4673,6,[]
4686,9,[]
4702,6,[]
4715,6,[]
4728,7,[]
4742,6,[]
4755,6,[]
4768,7,[]
4782,9,[]
0,28,[4, 5, 6, 7, 8, 9, 10, 11, 12, 13, 14, 15, 16, 17]
34,1,[]
41,4,[]
51,1,[]
58,2,[]
66,10,[]
82,1,[]
89,14,[]
109,6,[]
121,9,[]
136,2,[]
144,12,[]
162,5,[]
173,17,[]
196,5,[]
207,12,[]
225,13,[]
244,4,[]
254,5,[]
265,16,[]
287,16,[]
309,2,[]
317,12,[]
335,1,[]
342,6,[]
354,11,[]
371,12,[]
389,7,[]
402,7,[]
415,9,[]
430,82,[]
554,1,[]
561,8,[]
575,3,[]
584,11,[]
601,1,[]
608,15,[]
629,8,[1, 2, 3, 4, 5, 6, 7]
643,9,[]
658,6,[]
670,9,[]
685,6,[]
697,10,[3, 4, 5, 6, 7, 8, 9]
713,6,[]
725,9,[]
740,5,[]
751,13,[]
770,9,[]
785,6,[]
797,12,[]
815,7,[]
828,10,[]
844,7,[]
857,19,[]
882,4,[]
892,9,[0, 1, 2, 3, 4, 5, 6, 7, 8]
907,6,[]
919,11,[]
936,6,[]
948,10,[]
964,60,[]
1066,6,[]
1078,4,[]
1088,9,[]
1103,7,[]
1116,10,[]
1132,6,[]
1144,5,[]
1155,15,[]
1176,4,[]
1186,6,[]
1198,8,[]
1212,8,[]
1226,6,[]
1238,12,[]
1256,7,[]
1269,6,[]
1281,7,[]
1294,10,[]
1310,5,[]
1321,8,[]
1335,5,[]
1346,9,[]
1361,6,[]
1373,6,[]
1385,15,[]
1406,5,[]
1417,6,[]
1429,8,[]
1443,3,[]
1452,54,[]
1548,1,[]
1555,3,[]
1564,5,[]
1575,4,[]
1585,6,[]
1597,5,[]
1608,10,[]
1624,4,[]
1634,6,[]
1646,4,[]
1656,8,[]
1670,5,[]
1681,7,[]
1694,6,[]
1706,7,[]
1719,8,[]
1733,5,[]
1744,6,[]
1756,8,[]
1770,6,[]
1782,6,[]
1794,11,[]
1811,3,[]
1820,4,[]
1830,8,[]
1844,5,[]
1855,10,[]
1871,5,[]
1882,8,[]
1896,51,[]
1989,3,[]
1998,5,[]
2009,6,[]
2021,9,[]
2036,5,[]
2047,6,[]
2059,4,[]
2069,7,[]
2082,6,[]
2094,6,[]
2106,4,[]
2116,9,[]
2131,7,[]
2144,4,[]
2154,5,[]
2165,9,[]
2180,4,[]
2190,4,[]
2200,12,[]
2218,4,[]
2228,4,[]
2238,8,[]
2252,2,[]
2260,9,[]
2275,8,[]
2289,5,[]
2300,11,[]
2317,4,[]
2327,4,[]
2337,49,[]
2428,1,[]
2435,1,[]
2442,6,[]
2454,4,[]
2464,7,[]
2477,5,[]
2488,8,[]
2502,7,[]
2515,9,[]
2530,3,[]
2539,11,[]
2556,6,[]
2568,8,[]
2582,5,[]
2593,9,[]
2608,4,[]
2618,9,[]
2633,7,[]
2646,6,[]
2658,11,[]
2675,6,[]
2687,14,[]
2707,3,[]
2716,7,[]
2729,4,[]
2739,9,[]
2754,5,[]
2765,13,[]
2784,6,[]
2796,54,[]
2892,2,[]
2900,5,[]
2911,4,[]
2921,6,[]
2933,4,[]
2943,6,[]
2955,4,[]
2965,7,[]
2978,7,[]
2991,5,[]
3002,8,[]
3016,6,[]
3028,10,[]
3044,6,[]
3056,6,[]
3068,4,[]
3078,5,[]
3089,13,[]
3108,5,[]
3119,4,[]
3129,7,[]
3142,9,[]
3157,4,[]
3167,5,[]
3178,11,[]
3195,6,[]
3207,4,[]
3217,12,[]
3235,4,[]
3245,52,[]
3339,5,[]
3350,2,[]
3358,6,[]
3370,6,[]
3382,4,[]
3392,8,[]
3406,5,[]
3417,6,[]
3429,3,[]
3438,7,[]
3451,4,[]
3461,6,[]
3473,3,[]
3482,7,[]
3495,5,[]
3506,6,[]
3518,3,[]
3527,4,[]
3537,9,[]
3552,3,[]
3561,4,[]
3571,5,[]
3582,3,[]
3591,6,[]
3603,3,[]
3612,6,[]
3624,5,[]
3635,8,[0, 1, 2, 3, 4, 5, 6, 7]
3649,6,[]
3661,50,[]
3753,2,[]
3761,4,[]
3771,4,[]
3781,5,[]
3792,8,[]
3806,4,[]
3816,7,[]
3829,4,[]
3839,9,[]
3854,11,[]
3871,3,[]
3880,4,[]
3890,11,[]
3907,4,[]
3917,10,[]
3933,3,[]
3942,3,[]
3951,14,[]
3971,4,[]
3981,4,[]
3991,9,[]
4006,9,[]
4021,4,[]
4031,9,[]
4046,6,[]
4058,10,[]
4074,4,[]
4084,10,[]
4100,5,[]
4111,50,[]
4203,1,[]
4210,7,[]
4223,5,[]
4234,4,[]
4244,8,[]
4258,5,[]
4269,4,[]
4279,9,[]
4294,6,[]
4306,7,[]
4319,4,[]
4329,8,[]
4343,4,[]
4353,10,[]
4369,3,[]
4378,7,[]
4391,3,[]
4400,8,[0, 1, 2, 3, 4, 5, 6, 7]
4414,5,[]
4425,4,[]
4435,8,[]
4449,5,[]
4460,8,[]
4474,2,[]
4482,8,[]
4496,5,[]
4507,10,[]
4523,4,[]
4533,11,[]
0,31,[]
37,7,[]
50,1,[]
57,6,[]
69,5,[]
80,6,[]
92,7,[]
105,7,[]
118,7,[]
131,1,[]
138,5,[]
149,6,[]
161,6,[]
173,7,[]
186,9,[]
201,3,[]
210,9,[]
225,8,[]
239,8,[]
253,7,[]
266,9,[]
281,3,[]
290,11,[]
307,8,[]
321,10,[]
337,4,[]
347,10,[]
363,1,[]
370,10,[]
386,9,[]
401,62,[]
502,7,[0, 1, 2, 3, 4, 5, 6]
515,2,[]
523,8,[]
537,7,[]
550,8,[]
564,9,[]
579,9,[]
594,3,[]
603,8,[]
617,8,[]
631,3,[]
640,7,[]
653,5,[]
664,3,[]
673,5,[]
684,6,[]
696,7,[]
709,7,[]
722,2,[]
730,10,[]
746,9,[]
761,5,[]
772,10,[]
788,9,[]
803,9,[]
818,4,[]
828,14,[]
848,10,[]
864,9,[]
879,55,[]
973,1,[]
980,3,[]
989,8,[]
1003,7,[]
1016,8,[]
1030,8,[]
1044,8,[]
1058,3,[]
1067,9,[]
1082,8,[]
1096,7,[]
1109,4,[]
1119,9,[0, 1, 2, 3, 4, 5, 6, 7, 8]
1134,3,[]
1143,8,[]
1157,8,[]
1171,9,[]
1186,8,[]
1200,7,[]
1213,4,[]
1223,7,[]
1236,6,[]
1248,8,[]
1262,7,[]
1275,7,[]
1288,10,[]
1304,3,[]
1313,8,[]
1327,9,[]
1342,53,[]
1434,5,[]
1445,2,[]
1453,8,[]
1467,7,[]
1480,8,[]
1494,9,[]
1509,7,[]
1522,4,[]
1532,7,[]
1545,11,[]
1562,7,[]
1575,4,[]
1585,7,[]
1598,2,[]
1606,7,[]
1619,8,[]
1633,8,[]
1647,7,[]
1660,7,[]
1673,3,[]
1682,10,[]
1698,11,[]
1715,9,[]
1730,5,[]
1741,10,[]
1757,4,[]
1767,10,[]
1783,9,[]
1798,7,[]
1811,51,[]
1901,4,[]
1911,3,[]
1920,7,[]
1933,9,[]
1948,8,[]
1962,7,[]
1975,4,[]
1985,8,[]
1999,11,[]
2016,10,[]
2032,6,[]
2044,7,[]
2057,4,[]
2067,10,[]
2083,8,[]
2097,7,[]
2110,9,[]
2125,8,[]
2139,5,[]
2150,10,[]
2166,7,[]
2179,7,[]
2192,5,[]
2203,7,[]
2216,9,[]
2231,4,[]
2241,6,[]
2253,10,[]
2269,7,[]
2282,52,[]
2373,3,[]
2382,3,[]
2391,4,[]
2401,9,[]
2416,8,[]
2430,8,[]
2444,6,[]
2456,3,[]
2465,8,[]
2479,8,[]
2493,4,[]
2503,10,[]
2519,4,[]
2529,9,[]
2544,3,[]
2553,6,[]
2565,10,[]
2581,7,[]
2594,9,[]
2609,4,[]
2619,8,[]
2633,9,[]
2648,7,[]
2661,8,[]
2675,3,[]
2684,5,[]
2695,10,[]
2711,6,[]
2723,10,[]
2739,50,[]
2828,1,[]
2835,3,[]
2844,5,[]
2855,6,[]
2867,4,[]
2877,5,[]
2888,6,[]
2900,3,[]
2909,5,[]
2920,6,[]
2932,3,[]
2941,7,[]
2954,4,[]
2964,10,[]
2980,4,[]
2990,9,[]
3005,6,[]
3017,8,[]
3031,7,[]
3044,4,[]
3054,8,[]
3068,6,[]
3080,8,[]
3094,9,[]
3109,9,[]
3124,4,[]
3134,12,[]
3152,8,[0, 1, 2, 3, 4, 5, 6, 7]
3166,6,[]
3178,52,[]
3269,3,[]
3278,3,[]
3287,4,[]
3297,6,[]
3309,6,[]
3321,6,[]
3333,7,[]
3346,3,[]
3355,7,[]
3368,7,[]
3381,6,[]
3393,6,[]
3405,7,[]
3418,2,[]
3426,6,[]
3438,6,[]
3450,6,[]
3462,6,[]
3474,7,[]
3487,3,[]
3496,7,[]
3509,7,[]
3522,9,[]
3537,9,[]
3552,8,[]
3566,4,[]
3576,9,[]
3591,9,[]
3606,7,[]
3619,47,[]
3705,2,[]
3713,4,[]
3723,5,[]
3734,3,[]
3743,9,[]
3758,4,[]
3768,8,[]
3782,3,[]
3791,8,[]
3805,6,[]
3817,6,[]
3829,6,[]
3841,6,[]
3853,3,[]
3862,7,[]
3875,7,[]
3888,7,[]
3901,7,[]
3914,7,[]
3927,4,[]
3937,5,[]
3948,8,[]
3962,7,[]
3975,6,[]
3987,6,[]
3999,3,[]
4008,7,[]
4021,6,[]
4033,7,[]
4046,46,[]
4131,1,[]
4138,6,[]
4150,7,[]
4163,8,[]
4177,7,[0, 1, 2, 3, 4, 5, 6]
4190,8,[]
4204,8,[]
4218,4,[]
4228,11,[]
4245,4,[]
4255,5,[]
4266,8,[]
4280,7,[]
4293,2,[]
4301,8,[]
4315,7,[]
4328,7,[]
4341,8,[]
4355,4,[]
4365,9,[]
4380,6,[]
4392,8,[]
4406,8,[]
4420,9,[]
4435,7,[]
4448,4,[]
4458,8,[]
4472,11,[]
4489,7,[]
0,16,[]
22,1,[]
29,11,[]
46,3,[]
55,9,[0, 1, 2, 3, 4, 5, 6]
70,5,[]
81,9,[]
96,6,[]
108,10,[]
124,5,[]
135,8,[]
149,8,[]
163,5,[]
174,6,[]
186,10,[]
202,7,[]
215,9,[]
230,3,[]
239,7,[]
252,7,[]
265,6,[]
277,4,[]
287,16,[7, 8, 9, 10, 11, 12, 13]
309,7,[]
322,2,[]
330,16,[]
352,7,[]
365,7,[0, 1, 2, 3, 4, 5, 6]
378,10,[]
394,10,[]
410,43,[]
490,1,[]
497,4,[]
507,4,[]
517,6,[]
529,7,[]
542,7,[]
555,7,[]
568,7,[]
581,6,[]
593,8,[]
607,7,[]
620,9,[]
635,6,[]
647,6,[]
659,6,[]
671,9,[]
686,6,[]
698,5,[]
709,7,[0, 1, 2, 3, 4, 5, 6]
722,4,[]
732,7,[]
745,3,[]
754,7,[]
767,7,[]
780,4,[]
790,6,[]
802,6,[]
814,6,[]
826,6,[]
838,46,[]
921,4,[]
931,3,[]
940,7,[]
953,5,[]
964,9,[]
979,6,[]
991,8,[]
1005,7,[]
1018,4,[]
1028,7,[]
1041,7,[]
1054,7,[]
1067,7,[]
1080,6,[]
1092,9,[]
1107,4,[]
1117,9,[]
1132,6,[]
1144,8,[]
1158,4,[]
1168,9,[]
1183,3,[]
1192,8,[0, 1, 2, 3, 4, 5, 6, 7]
1206,4,[]
1216,9,[]
1231,7,[]
1244,8,[]
1258,4,[]
1268,7,[]
1281,48,[]
1366,3,[]
1375,2,[]
1383,6,[]
1395,6,[]
1407,8,[]
1421,7,[]
1434,9,[]
1449,7,[]
1462,8,[]
1476,6,[]
1488,7,[]
1501,7,[]
1514,8,[]
1528,6,[]
1540,8,[]
1554,6,[]
1566,7,[]
1579,6,[]
1591,8,[]
1605,6,[]
1617,8,[]
1631,6,[]
1643,8,[]
1657,7,[]
1670,9,[]
1685,6,[]
1697,8,[]
1711,6,[]
1723,9,[]
1738,51,[]
1826,6,[]
1838,2,[]
1846,8,[]
1860,5,[]
1871,9,[0, 1, 2, 3, 4, 5, 6, 7, 8]
1886,6,[]
1898,10,[]
1914,4,[]
1924,21,[]
1951,10,[]
1967,18,[]
1991,10,[]
2007,10,[]
2023,9,[]
2038,9,[]
2053,9,[]
2068,8,[]
2082,22,[]
2110,3,[]
2119,7,[]
2132,5,[]
2143,16,[]
2165,5,[]
2176,10,[]
2192,5,[]
2203,12,[]
2221,3,[]
2230,11,[]
2247,6,[]
2259,46,[]
2342,1,[]
2349,4,[]
2359,5,[]
2370,7,[]
2383,3,[]
2392,7,[]
2405,5,[]
2416,7,[]
2429,6,[]
2441,6,[]
2453,6,[]
2465,7,[]
2478,6,[]
2490,7,[]
2503,6,[]
2515,7,[]
2528,5,[]
2539,6,[]
2551,5,[]
2562,7,[]
2575,6,[]
2587,6,[]
2599,6,[]
2611,7,[]
2624,6,[]
2636,6,[]
2648,6,[]
2660,7,[]
2673,7,[]
2686,48,[]
2771,2,[]
2779,2,[]
2787,6,[]
2799,7,[]
2812,6,[]
2824,6,[]
2836,5,[]
2847,7,[]
2860,6,[]
2872,7,[]
2885,6,[]
2897,4,[]
2907,7,[]
2920,6,[]
2932,7,[]
2945,6,[]
2957,8,[]
2971,9,[1, 2, 3, 4, 5, 6, 7, 8]
2986,3,[]
2995,8,[]
3009,3,[]
3018,6,[]
3030,6,[]
3042,7,[]
3055,7,[]
3068,6,[]
3080,8,[]
3094,4,[]
3104,8,[]
3118,54,[]
3209,1,[]
3216,4,[]
3226,5,[]
3237,6,[]
3249,7,[]
3262,6,[]
3274,8,[]
3288,4,[]
3298,9,[]
3313,5,[]
3324,9,[]
3339,4,[]
3349,9,[]
3364,3,[]
3373,9,[]
3388,3,[]
3397,8,[]
3411,6,[]
3423,8,[]
3437,3,[]
3446,8,[]
3460,5,[]
3471,9,[]
3486,3,[]
3495,8,[]
3509,4,[]
3519,9,[]
3534,3,[]
3543,9,[]
3558,53,[]
3648,3,[]
3657,4,[]
3667,5,[]
3678,6,[]
3690,7,[]
3703,5,[]
3714,8,[]
3728,4,[]
3738,9,[]
3753,4,[]
3763,8,[]
3777,4,[]
3787,8,[]
3801,6,[]
3813,8,[]
3827,5,[]
3838,8,[]
3852,5,[]
3863,8,[]
3877,6,[]
3889,8,[]
3903,4,[]
3913,8,[]
3927,4,[]
3937,8,[]
3951,6,[]
3963,8,[0, 1, 2, 3, 4, 5, 6, 7]
3977,9,[]
3992,8,[]
4006,60,[]
4103,3,[]
4112,4,[]
4122,6,[]
4134,6,[]
4146,10,[]
4162,3,[]
4171,9,[]
4186,4,[]
4196,10,[]
4212,5,[]
4223,9,[]
4238,4,[]
4248,10,[]
4264,5,[]
4275,12,[]
4293,6,[]
4305,9,[]
4320,5,[]
4331,9,[]
4346,9,[]
4361,9,[]
4376,6,[]
4388,10,[]
4404,5,[]
4415,9,[]
4430,5,[]
4441,10,[]
4457,5,[]
4468,5,[]
0,21,[]
27,3,[]
36,7,[]
49,5,[]
60,8,[]
74,8,[]
88,8,[]
102,8,[]
116,8,[]
130,7,[]
143,8,[]
157,6,[]
169,6,[]
181,6,[]
193,6,[]
205,6,[]
217,6,[]
229,6,[]
241,6,[]
253,6,[]
265,6,[]
277,7,[]
290,3,[]
299,5,[]
310,5,[]
321,5,[]
332,6,[]
344,5,[]
355,5,[]
366,5,[]
377,48,[]
467,3,[]
476,4,[]
486,6,[]
498,5,[]
509,6,[]
521,5,[]
532,7,[0, 1, 2, 3, 4, 5, 6]
545,7,[]
558,6,[]
570,6,[]
582,6,[]
594,6,[]
606,6,[]
618,6,[]
630,6,[]
642,7,[]
655,6,[]
667,7,[]
680,7,[]
693,6,[]
705,8,[]
719,6,[]
731,6,[]
743,7,[]
756,7,[]
769,8,[0, 1, 2, 3, 4, 5, 6, 7]
783,7,[]
796,8,[]
810,8,[]
824,57,[]
923,5,[]
934,5,[]
945,7,[]
958,7,[]
971,8,[]
985,7,[]
998,7,[]
1011,7,[]
1024,7,[]
1037,8,[]
1051,7,[]
1064,7,[]
1077,6,[]
1089,7,[0, 1, 2, 3, 4, 5, 6]
1102,7,[]
1115,8,[]
1129,8,[]
1143,7,[]
1156,7,[]
1169,7,[]
1182,7,[]
1195,7,[]
1208,7,[]
1221,7,[]
1234,7,[]
1247,7,[]
1260,7,[]
1273,6,[]
1285,7,[]
1298,63,[]
1403,3,[]
1412,5,[]
1423,6,[]
1435,7,[]
1448,7,[]
1461,7,[]
1474,6,[]
1486,7,[]
1499,7,[]
1512,7,[]
1525,7,[]
1538,7,[]
1551,8,[]
1565,7,[]
1578,8,[]
1592,9,[]
1607,8,[]
1621,9,[]
1636,10,[]
1652,9,[]
1667,8,[]
1681,8,[0, 1, 2, 3, 4, 5, 6, 7]
1695,8,[]
1709,8,[]
1723,7,[]
1736,8,[]
1750,6,[]
1762,7,[]
1775,7,[]
1788,64,[]
1894,4,[]
1904,6,[]
1916,7,[]
1929,8,[]
1943,9,[]
1958,9,[]
1973,7,[0, 1, 2, 3, 4, 5, 6]
1986,9,[]
2001,8,[]
2015,7,[]
2028,7,[]
2041,8,[]
2055,8,[]
2069,9,[]
2084,9,[]
2099,9,[]
2114,8,[]
2128,9,[]
2143,8,[]
2157,8,[0, 1, 2, 3, 4, 5, 6, 7]
2171,10,[]
2187,8,[]
2201,8,[]
2215,8,[]
2229,8,[]
2243,10,[]
2259,10,[]
2275,10,[]
2291,9,[]
2306,59,[]
2407,5,[]
2418,6,[]
2430,6,[]
2442,7,[]
2455,8,[]
2469,7,[]
2482,7,[]
2495,8,[]
2509,6,[]
2521,6,[]
2533,7,[]
2546,7,[]
2559,7,[]
2572,6,[]
2584,7,[]
2597,7,[]
2610,8,[]
2624,8,[]
2638,8,[]
2652,8,[]
2666,8,[]
2680,8,[]
2694,8,[]
2708,8,[]
2722,7,[]
2735,7,[]
2748,7,[]
2761,6,[]
2773,6,[]
2785,57,[]
2884,3,[]
2893,3,[]
2902,4,[]
2912,5,[]
2923,5,[]
2934,6,[]
2946,7,[]
2959,7,[]
2972,7,[]
2985,7,[]
2998,7,[]
3011,7,[]
3024,7,[]
3037,7,[]
3050,7,[]
3063,8,[]
3077,7,[]
3090,7,[]
3103,6,[]
3115,7,[]
3128,8,[]
3142,6,[]
3154,6,[]
3166,7,[]
3179,7,[]
3192,7,[]
3205,6,[]
3217,7,[]
3230,7,[]
3243,52,[]
3337,3,[]
3346,4,[]
3356,5,[]
3367,5,[]
3378,5,[]
3389,5,[]
3400,6,[]
3412,5,[]
3423,6,[]
3435,6,[]
3447,7,[]
3460,7,[]
3473,7,[]
3486,6,[]
3498,7,[]
3511,6,[]
3523,6,[]
3535,6,[]
3547,6,[]
3559,6,[]
3571,7,[]
3584,7,[]
3597,7,[0, 1, 2, 3, 4, 5, 6]
3610,7,[]
3623,6,[]
3635,6,[]
3647,6,[]
3659,6,[]
3671,7,[]
3684,56,[]
3782,3,[]
3791,4,[]
3801,5,[]
3812,5,[]
3823,5,[]
3834,5,[]
3845,6,[]
3857,5,[]
3868,6,[]
3880,5,[]
3891,5,[]
3902,5,[]
3913,6,[]
3925,8,[]
3939,7,[]
3952,8,[]
3966,9,[]
3981,8,[]
3995,9,[]
4010,9,[]
4025,8,[]
4039,7,[]
4052,7,[]
4065,7,[]
4078,7,[]
4091,8,[]
4105,8,[]
4119,10,[]
4135,10,[]
4151,47,[]
4240,6,[]
4252,8,[]
4266,8,[]
4280,8,[]
4294,7,[]
4307,8,[]
4321,7,[]
4334,6,[]
4346,6,[]
4358,6,[]
4370,6,[]
4382,6,[]
4394,7,[]
4407,6,[]
4419,7,[]
4432,7,[]
4445,8,[]
4459,8,[]
4473,8,[]
4487,8,[]
4501,8,[]
4515,7,[]
4528,7,[]
4541,7,[]
4554,7,[]
4567,6,[]
4579,7,[]
4592,6,[]
4604,3,[]
0,22,[]
27,2,[]
34,6,[]
45,7,[]
57,7,[]
69,6,[]
80,3,[]
88,3,[]
96,4,[]
105,3,[]
113,6,[]
124,5,[]
134,5,[]
144,4,[]
153,8,[]
166,3,[]
174,5,[]
184,4,[]
193,8,[]
206,4,[]
215,4,[]
224,6,[]
235,6,[]
246,7,[0, 1, 2, 3, 4, 5, 6]
258,9,[]
272,12,[]
289,1,[]
295,3,[]
303,3,[]
311,6,[]
322,106,[]
498,1,[]
504,1,[]
510,1,[]
516,1,[]
522,2,[]
529,3,[]
537,3,[]
545,3,[]
553,5,[]
563,4,[]
572,4,[]
581,5,[]
591,3,[]
599,5,[]
609,2,[]
616,4,[]
625,3,[]
633,3,[]
641,3,[]
649,4,[]
658,3,[]
666,3,[]
674,4,[]
683,5,[]
693,4,[]
702,5,[]
712,5,[]
722,6,[]
733,4,[]
742,106,[]
918,1,[]
924,1,[]
930,3,[]
938,5,[]
948,5,[]
958,6,[]
969,4,[]
978,7,[]
990,4,[]
999,5,[]
1009,5,[]
1019,7,[]
1031,5,[]
1041,6,[]
1052,5,[]
1062,6,[]
1073,4,[]
1082,4,[]
1091,8,[0, 1, 2, 3, 4, 5, 6, 7]
1104,5,[]
1114,4,[]
1123,4,[]
1132,4,[]
1141,5,[]
1151,4,[]
1160,4,[]
1169,7,[]
1181,6,[]
1192,4,[]
1201,129,[]
1400,1,[]
1406,1,[]
1412,2,[]
1419,6,[]
1430,5,[]
1440,4,[]
1449,7,[]
1461,7,[]
1473,4,[]
1482,7,[]
1494,6,[0, 1, 2, 3, 4, 5]
1505,7,[]
1517,5,[]
1527,6,[]
1538,5,[]
1548,7,[]
1560,6,[]
1571,6,[]
1582,6,[]
1593,8,[]
1606,7,[]
1618,6,[]
1629,6,[]
1640,8,[]
1653,7,[]
1665,8,[]
1678,12,[]
1695,9,[]
1709,8,[]
1722,136,[]
1928,4,[]
1937,6,[]
1948,8,[]
1961,10,[]
1976,9,[]
1990,9,[]
2004,9,[]
2018,10,[]
2033,10,[]
2048,11,[]
2064,11,[]
2080,11,[]
2096,11,[]
2112,10,[]
2127,10,[]
2142,10,[]
2157,10,[]
2172,11,[0, 1, 2, 3, 4, 5, 6, 7, 8, 9, 10]
2188,9,[]
2202,9,[]
2216,9,[]
2230,7,[]
2242,9,[]
2256,9,[]
2270,7,[]
2282,7,[]
2294,7,[]
2306,7,[]
2318,7,[]
2330,82,[]
2482,2,[]
2489,2,[]
2496,2,[]
2503,2,[]
2510,2,[]
2517,3,[]
2525,3,[]
2533,3,[]
2541,3,[]
2549,3,[]
2557,3,[]
2565,3,[]
2573,4,[]
2582,4,[]
2591,4,[]
2600,6,[]
2611,7,[]
2623,7,[]
2635,6,[]
2646,6,[]
2657,6,[0, 1, 2, 3, 4, 5]
2668,6,[]
2679,6,[]
2690,7,[]
2702,5,[]
2712,6,[]
2723,6,[]
2734,7,[]
2746,6,[]
2757,71,[]
2898,2,[]
2905,5,[]
2915,6,[]
2926,5,[]
2936,3,[]
2944,4,[]
2953,5,[]
2963,5,[]
2973,7,[]
2985,6,[]
2996,6,[]
3007,6,[]
3018,6,[0, 1, 2, 3, 4, 5]
3029,6,[]
3040,7,[]
3052,7,[]
3064,6,[]
3075,6,[]
3086,6,[]
3097,7,[]
3109,6,[]
3120,6,[]
3131,5,[]
3141,6,[0, 1, 2, 3, 4, 5]
3152,3,[]
3160,7,[]
3172,7,[]
3184,7,[]
3196,7,[]
3208,76,[]
3354,2,[]
3361,2,[]
3368,3,[]
3376,2,[]
3383,3,[]
3391,4,[]
3400,3,[]
3408,4,[]
3417,4,[]
3426,5,[]
3436,5,[]
3446,6,[]
3457,6,[]
3468,7,[]
3480,5,[]
3490,5,[]
3500,6,[]
3511,6,[]
3522,6,[]
3533,7,[]
3545,7,[]
3557,6,[]
3568,6,[0, 1, 2, 3, 4, 5]
3579,7,[0, 1, 2, 3, 4, 5]
3591,7,[]
3603,7,[]
3615,6,[]
3626,7,[]
3638,7,[]
3650,75,[]
3795,2,[]
3802,4,[]
3811,2,[]
3818,3,[]
3826,2,[]
3833,3,[]
3841,3,[]
3849,5,[]
3859,4,[]
3868,5,[]
3878,4,[]
3887,6,[]
3898,4,[]
3907,5,[]
3917,5,[]
3927,7,[]
3939,7,[]
3951,6,[]
3962,5,[]
3972,6,[]
3983,5,[]
3993,6,[]
4004,5,[]
4014,6,[]
4025,7,[]
4037,6,[]
4048,4,[]
4057,6,[]
4068,7,[]
4080,84,[]
4234,2,[]
4241,4,[]
4250,5,[]
4260,2,[]
4267,3,[]
4275,4,[]
4284,4,[]
4293,4,[]
4302,4,[]
4311,5,[]
4321,4,[]
4330,5,[]
4340,4,[]
4349,5,[]
4359,6,[]
4370,7,[]
4382,4,[]
4391,5,[]
4401,3,[]
4409,5,[]
4419,5,[]
4429,5,[]
4439,6,[]
4450,8,[]
4463,7,[]
4475,6,[]
4486,5,[]
4496,6,[]
4507,5,[]
0,30,[6, 10, 26, 27, 28, 29]
35,1,[]
41,2,[]
48,4,[]
57,4,[]
66,7,[]
78,5,[]
88,7,[]
100,5,[]
110,3,[]
118,5,[]
128,4,[]
137,5,[]
147,5,[]
157,5,[]
167,5,[]
177,7,[]
189,8,[]
202,7,[]
214,8,[]
227,7,[]
239,7,[]
251,3,[]
259,3,[]
267,5,[]
277,6,[]
288,7,[]
300,8,[]
313,7,[]
325,9,[]
339,70,[]
465,4,[]
474,5,[]
484,7,[]
496,9,[]
510,7,[]
522,17,[]
544,8,[]
557,9,[]
571,10,[]
586,10,[]
601,8,[]
614,8,[]
627,7,[]
639,7,[]
651,7,[]
663,9,[]
677,8,[]
690,8,[]
703,6,[]
714,7,[]
726,7,[]
738,5,[]
748,5,[]
758,9,[]
772,8,[]
785,7,[]
797,6,[]
808,6,[]
819,7,[]
831,70,[]
957,2,[]
964,3,[]
972,5,[]
982,5,[]
992,4,[]
1001,5,[]
1011,5,[]
1021,6,[]
1032,6,[]
1043,6,[]
1054,6,[]
1065,5,[]
1075,6,[]
1086,5,[]
1096,6,[]
1107,6,[]
1118,6,[]
1129,6,[]
1140,6,[]
1151,7,[]
1163,5,[]
1173,6,[]
1184,5,[]
1194,6,[]
1205,5,[]
1215,5,[]
1225,5,[]
1235,8,[]
1248,8,[]
1261,69,[]
1386,2,[]
1393,3,[]
1401,5,[]
1411,6,[]
1422,6,[]
1433,6,[]
1444,6,[]
1455,6,[]
1466,6,[]
1477,7,[]
1489,6,[]
1500,5,[]
1510,5,[]
1520,6,[]
1531,6,[]
1542,6,[]
1553,5,[]
1563,6,[]
1574,6,[]
1585,9,[]
1599,7,[]
1611,6,[]
1622,6,[]
1633,6,[]
1644,5,[]
1654,5,[]
1664,9,[]
1678,7,[]
1690,8,[]
1703,75,[]
1834,2,[]
1841,3,[]
1849,5,[]
1859,7,[]
1871,6,[]
1882,8,[]
1895,7,[]
1907,8,[]
1920,7,[]
1932,6,[]
1943,6,[]
1954,7,[]
1966,6,[]
1977,7,[]
1989,7,[]
2001,7,[]
2013,7,[]
2025,7,[]
2037,9,[]
2051,6,[]
2062,6,[]
2073,7,[]
2085,7,[]
2097,5,[]
2107,5,[]
2117,9,[]
2131,7,[]
2143,8,[2, 3, 4, 5, 6, 7]
2156,8,[]
2169,77,[]
2302,2,[]
2309,4,[]
2318,5,[]
2328,7,[]
2340,5,[]
2350,5,[]
2360,8,[]
2373,9,[]
2387,7,[]
2399,8,[]
2412,6,[]
2423,7,[]
2435,5,[]
2445,7,[]
2457,6,[]
2468,7,[]
2480,6,[]
2491,6,[]
2502,6,[]
2513,7,[]
2525,7,[]
2537,7,[]
2549,6,[]
2560,11,[]
2576,7,[]
2588,8,[0, 1, 2, 3, 4, 5, 6]
2601,6,[]
2612,6,[]
2623,11,[]
2639,79,[]
2774,1,[]
2780,1,[]
2786,4,[]
2795,6,[]
2806,5,[]
2816,7,[]
2828,6,[]
2839,7,[]
2851,7,[]
2863,7,[]
2875,8,[0, 1, 2, 3, 4, 5]
2888,10,[]
2903,7,[]
2915,9,[]
2929,7,[]
2941,8,[]
2954,7,[]
2966,7,[0, 1, 2, 3, 4, 5, 6]
2978,7,[]
2990,9,[]
3004,7,[]
3016,8,[]
3029,6,[]
3040,7,[]
3052,6,[]
3063,7,[]
3075,6,[]
3086,7,[]
3098,9,[]
3112,89,[]
3257,1,[]
3263,1,[]
3269,1,[]
3275,1,[]
3281,3,[]
3289,3,[]
3297,3,[]
3305,5,[]
3315,4,[]
3324,4,[]
3333,4,[]
3342,4,[]
3351,3,[]
3359,5,[]
3369,5,[]
3379,5,[]
3389,6,[]
3400,5,[]
3410,5,[]
3420,6,[]
3431,6,[]
3442,6,[]
3453,5,[]
3463,5,[]
3473,4,[]
3482,4,[]
3491,4,[]
3500,5,[]
3510,11,[]
3526,81,[]
3663,1,[]
3669,2,[]
3676,5,[]
3686,5,[]
3696,4,[]
3705,4,[]
3714,5,[]
3724,6,[]
3735,7,[]
3747,5,[]
3757,6,[]
3768,6,[]
3779,7,[]
3791,6,[]
3802,5,[]
3812,5,[]
3822,6,[0, 1, 2, 3, 4, 5]
3833,6,[]
3844,6,[]
3855,5,[]
3865,5,[]
3875,7,[]
3887,5,[]
3897,6,[]
3908,8,[]
3921,7,[]
3933,8,[]
3946,8,[]
3959,12,[]
3976,78,[]
4110,2,[]
4117,2,[]
4124,3,[]
4132,4,[]
4141,5,[]
4151,5,[]
4161,5,[]
4171,7,[]
4183,5,[]
4193,5,[]
4203,5,[]
4213,6,[]
4224,6,[]
4235,5,[]
4245,5,[]
4255,6,[]
4266,4,[]
4275,5,[]
4285,5,[]
4295,7,[]
4307,6,[]
4318,7,[]
4330,5,[]
4340,6,[]
4351,5,[]
4361,6,[]
4372,6,[]
4383,8,[]
4396,4,[]
0,27,[]
33,4,[]
43,4,[]
53,4,[]
63,5,[]
74,8,[]
88,5,[]
99,4,[]
109,5,[]
120,5,[]
131,4,[]
141,6,[]
153,6,[]
165,5,[]
176,6,[]
188,9,[]
203,9,[]
218,7,[]
231,7,[]
244,8,[]
258,8,[]
272,9,[]
287,3,[]
296,2,[]
304,4,[]
314,4,[]
324,5,[]
335,5,[]
346,6,[]
358,6,[]
370,72,[]
483,2,[]
491,3,[]
500,5,[]
511,6,[]
523,4,[]
533,5,[]
544,6,[]
556,5,[]
567,4,[]
577,5,[]
588,5,[]
599,7,[]
612,5,[]
623,4,[]
633,7,[]
646,4,[]
656,5,[]
667,7,[]
680,6,[]
692,4,[]
702,7,[]
715,3,[]
724,7,[]
737,5,[]
748,6,[]
760,6,[]
772,7,[]
785,5,[]
796,7,[]
809,75,[]
925,2,[]
933,3,[]
942,5,[]
953,4,[]
963,6,[]
975,5,[]
986,6,[]
998,6,[]
1010,5,[]
1021,6,[]
1033,8,[]
1047,7,[]
1060,8,[]
1074,7,[]
1087,8,[]
1101,8,[]
1115,6,[]
1127,7,[]
1140,10,[]
1156,6,[]
1168,12,[]
1186,10,[]
1202,6,[]
1214,6,[]
1226,8,[]
1240,7,[]
1253,11,[]
1270,8,[]
1284,14,[]
1304,50,[]
1395,6,[]
1407,5,[]
1418,8,[]
1432,7,[]
1445,7,[]
1458,8,[]
1472,11,[]
1489,15,[]
1510,10,[]
1526,12,[]
1544,12,[]
1562,13,[]
1581,11,[]
1598,8,[]
1612,7,[]
1625,7,[]
1638,10,[]
1654,6,[]
1666,8,[]
1680,9,[]
1695,10,[]
1711,11,[0, 1, 2, 3, 4, 5, 6, 7, 8, 9, 10]
1728,9,[]
1743,7,[]
1756,7,[]
1769,8,[]
1783,8,[]
1797,6,[]
1809,6,[]
1821,46,[]
1908,4,[]
1918,8,[]
1932,7,[]
1945,7,[]
1958,6,[]
1970,7,[]
1983,6,[]
1995,7,[]
2008,7,[]
2021,8,[]
2035,6,[]
2047,7,[]
2060,6,[]
2072,7,[]
2085,8,[]
2099,8,[]
2113,5,[]
2124,7,[]
2137,7,[]
2150,5,[]
2161,6,[]
2173,6,[]
2185,7,[]
2198,6,[]
2210,9,[]
2225,6,[]
2237,8,[]
2251,7,[]
2264,6,[]
2276,52,[]
2369,6,[]
2381,6,[]
2393,7,[]
2406,8,[]
2420,9,[]
2435,10,[]
2451,10,[]
2467,11,[]
2484,10,[]
2500,9,[]
2515,10,[]
2531,11,[]
2548,9,[]
2563,9,[]
2578,9,[]
2593,9,[]
2608,9,[]
2623,9,[]
2638,8,[]
2652,8,[]
2666,8,[]
2680,8,[]
2694,7,[0, 1, 2, 3, 4, 5, 6]
2707,11,[0, 1, 2, 3, 4, 5, 6]
2724,10,[]
2740,8,[]
2754,8,[]
2768,6,[]
2780,8,[]
2794,41,[]
2876,4,[]
2886,4,[]
2896,5,[]
2907,6,[]
2919,6,[]
2931,7,[]
2944,4,[]
2954,6,[]
2966,7,[]
2979,6,[]
2991,5,[]
3002,6,[]
3014,6,[]
3026,5,[]
3037,4,[]
3047,4,[]
3057,5,[]
3068,6,[]
3080,7,[0, 1, 2, 3, 4, 5, 6]
3093,7,[]
3106,4,[]
3116,5,[]
3127,6,[]
3139,5,[]
3150,6,[]
3162,4,[]
3172,6,[]
3184,6,[]
3196,7,[]
3209,40,[]
3290,3,[]
3299,5,[]
3310,5,[]
3321,6,[]
3333,6,[]
3345,6,[]
3357,7,[0, 1, 2, 3, 4, 5, 6]
3370,5,[]
3381,4,[]
3391,6,[]
3403,8,[]
3417,8,[]
3431,8,[]
3445,3,[]
3454,8,[]
3468,8,[]
3482,7,[]
3495,4,[]
3505,4,[]
3515,8,[]
3529,9,[]
3544,4,[]
3554,2,[]
3562,6,[]
3574,7,[]
3587,4,[]
3597,4,[]
3607,8,[]
3621,8,[]
3635,53,[]
3729,1,[]
3736,4,[]
3746,6,[]
3758,5,[]
3769,4,[]
3779,6,[]
3791,8,[]
3805,9,[]
3820,5,[]
3831,5,[]
3842,7,[]
3855,5,[]
3866,6,[]
3878,5,[]
3889,7,[0, 1, 2, 3, 4, 5, 6]
3902,6,[]
3914,5,[]
3925,5,[]
3936,4,[]
3946,5,[]
3957,4,[]
3967,5,[]
3978,7,[]
3991,6,[]
4003,4,[]
4013,5,[]
4024,5,[]
4035,5,[]
4046,5,[]
4057,58,[]
4156,1,[]
4163,3,[]
4172,4,[]
4182,5,[]
4193,4,[]
4203,6,[]
4215,5,[]
4226,5,[]
4237,5,[]
4248,5,[]
4259,4,[]
4269,8,[]
4283,6,[]
4295,5,[]
4306,5,[]
4317,6,[]
4329,6,[]
4341,6,[]
4353,7,[]
4366,5,[]
4377,7,[]
4390,5,[]
4401,5,[]
4412,6,[]
4424,7,[]
4437,7,[]
4450,5,[]
4461,8,[]
4475,3,[]
0,15,[]
21,4,[]
31,6,[]
43,9,[0, 1, 2, 3, 4, 5, 6, 7, 8]
58,8,[]
72,7,[]
85,6,[]
97,7,[]
110,8,[]
124,7,[]
137,10,[]
153,6,[]
165,7,[]
178,7,[]
191,9,[]
206,7,[]
219,8,[]
233,7,[]
246,6,[]
258,7,[]
271,7,[]
284,8,[]
298,4,[]
308,7,[]
321,7,[]
334,8,[]
348,8,[]
362,8,[]
376,10,[]
392,10,[]
408,32,[]
446,7,[]
459,7,[]
472,9,[]
487,8,[]
501,8,[]
515,8,[]
529,8,[]
543,9,[]
558,9,[]
573,11,[0, 1, 2, 3, 4, 5, 6, 7, 8, 9, 10]
590,8,[]
604,8,[]
618,9,[]
633,9,[]
648,9,[]
663,8,[]
677,9,[]
692,9,[]
707,7,[]
720,9,[]
735,9,[]
750,8,[]
764,8,[]
778,8,[]
792,7,[]
805,8,[]
819,8,[]
833,7,[]
846,7,[]
859,33,[]
898,5,[]
909,6,[]
921,7,[]
934,7,[]
947,7,[]
960,7,[]
973,6,[]
985,7,[]
998,7,[]
1011,8,[]
1025,7,[]
1038,7,[]
1051,8,[]
1065,6,[]
1077,8,[]
1091,7,[]
1104,7,[]
1117,8,[]
1131,8,[]
1145,7,[]
1158,7,[]
1171,8,[]
1185,6,[]
1197,8,[]
1211,8,[]
1225,5,[]
1236,7,[0, 1, 2, 3, 4, 5, 6]
1249,6,[]
1261,7,[]
1274,32,[]
1312,5,[]
1323,6,[]
1335,6,[]
1347,6,[]
1359,6,[]
1371,5,[]
1382,7,[]
1395,9,[]
1410,6,[]
1422,8,[]
1436,6,[]
1448,6,[]
1460,6,[]
1472,6,[]
1484,6,[]
1496,7,[]
1509,7,[]
1522,6,[]
1534,6,[]
1546,8,[]
1560,8,[]
1574,7,[]
1587,6,[]
1599,6,[]
1611,6,[]
1623,8,[]
1637,9,[]
1652,7,[]
1665,6,[]
1677,32,[3, 21, 22, 26, 27, 28, 29, 30, 31]
1715,3,[]
1724,6,[]
1736,6,[]
1748,6,[]
1760,6,[]
1772,6,[]
1784,6,[]
1796,7,[]
1809,7,[]
1822,7,[]
1835,8,[]
1849,7,[]
1862,7,[]
1875,7,[]
1888,7,[]
1901,6,[]
1913,7,[]
1926,8,[]
1940,7,[]
1953,7,[0, 1, 2, 3, 4, 5, 6]
1966,6,[]
1978,7,[]
1991,6,[]
2003,8,[]
2017,7,[]
2030,8,[]
2044,6,[]
2056,7,[]
2069,6,[]
2081,36,[]
2146,3,[]
2155,5,[]
2166,5,[]
2177,6,[]
2189,5,[]
2200,6,[]
2212,4,[]
2222,6,[]
2234,5,[]
2245,6,[]
2257,5,[]
2268,7,[]
2281,6,[]
2293,8,[]
2307,8,[]
2321,8,[]
2335,6,[]
2347,5,[]
2358,5,[]
2369,7,[]
2382,7,[]
2395,8,[]
2409,7,[]
2422,8,[]
2436,8,[]
2450,8,[]
2464,7,[]
2477,7,[]
2490,6,[]
2502,39,[]
2570,1,[]
2577,2,[]
2585,3,[]
2594,5,[]
2605,5,[]
2616,6,[]
2628,6,[]
2640,8,[]
2654,6,[]
2666,8,[]
2680,4,[]
2690,7,[]
2703,4,[]
2713,5,[]
2724,5,[]
2735,6,[]
2747,4,[]
2757,5,[]
2768,7,[]
2781,6,[]
2793,5,[]
2804,6,[]
2816,5,[]
2827,5,[]
2838,6,[]
2850,5,[]
2861,5,[]
2872,7,[]
2885,5,[]
2896,46,[]
2971,2,[]
2979,3,[]
2988,6,[]
3000,5,[]
3011,6,[]
3023,5,[]
3034,4,[]
3044,4,[]
3054,5,[]
3065,6,[]
3077,5,[]
3088,6,[]
3100,5,[]
3111,7,[]
3124,6,[]
3136,6,[]
3148,6,[]
3160,6,[]
3172,7,[]
3185,7,[0, 1, 2, 3, 4, 5, 6]
3198,6,[]
3210,6,[]
3222,6,[]
3234,7,[]
3247,7,[]
3260,6,[]
3272,7,[]
3285,7,[0, 1, 2, 3, 4, 5, 6]
3298,6,[]
3310,52,[]
3391,2,[]
3399,3,[]
3408,4,[]
3418,6,[]
3430,5,[]
3441,8,[]
3455,6,[]
3467,7,[0, 1, 2, 3, 4, 5, 6]
3480,7,[]
3493,8,[]
3507,7,[]
3520,6,[]
3532,4,[]
3542,9,[]
3557,6,[]
3569,6,[]
3581,5,[]
3592,5,[]
3603,5,[]
3614,5,[]
3625,5,[]
3636,6,[]
3648,5,[]
3659,7,[]
3672,6,[]
3684,6,[]
3696,7,[]
3709,7,[]
3722,9,[]
3737,51,[]
3817,6,[]
3829,8,[]
3843,9,[]
3858,10,[]
3874,10,[]
3890,10,[]
3906,10,[]
3922,10,[]
3938,10,[]
3954,11,[]
3971,8,[]
3985,11,[]
4002,10,[]
4018,9,[]
4033,8,[]
4047,9,[]
4062,9,[]
4077,10,[]
4093,8,[]
4107,9,[]
4122,9,[]
4137,9,[]
4152,9,[]
4167,9,[]
4182,9,[]
4197,9,[]
4212,8,[]
4226,9,[]
4241,7,[]
