0,17,[]
30,8,[]
44,13,[]
67,14,[]
92,5,[]
101,16,[]
129,16,[]
157,15,[]
184,13,[]
207,6,[]
218,16,[]
246,13,[]
269,15,[]
296,14,[]
321,14,[]
346,15,[]
373,3,[]
379,13,[]
402,15,[]
429,16,[]
457,13,[]
480,6,[]
491,15,[]
518,17,[]
548,18,[]
580,14,[]
605,14,[]
630,14,[]
655,7,[]
668,14,[]
693,37,[]
758,14,[]
783,12,[]
804,6,[]
815,14,[]
840,16,[]
868,17,[]
898,16,[]
926,20,[]
961,16,[]
989,7,[]
1002,17,[]
1032,16,[]
1060,18,[]
1092,5,[]
1101,16,[]
1129,16,[]
1157,15,[]
1184,16,[]
1212,15,[]
1239,17,[]
1269,8,[]
1283,16,[]
1311,17,[]
1341,17,[]
1371,17,[]
1401,5,[]
1410,15,[]
1437,17,[]
1467,16,[]
1495,41,[]
1567,13,[]
1590,17,[]
1620,2,[]
1624,17,[]
1654,17,[]
1684,17,[]
1714,18,[]
1746,5,[]
1755,18,[]
1787,17,[]
1817,18,[]
1849,18,[]
1881,17,[0, 1, 2, 3, 4, 5, 6, 7, 8, 9, 10, 11, 12, 13, 14, 15, 16]
1911,17,[]
1941,8,[]
1955,16,[]
1983,17,[]
2013,17,[]
2043,17,[]
2073,7,[]
2086,18,[]
2118,18,[]
2150,16,[]
2178,17,[]
2208,16,[]
2236,16,[]
2264,8,[]
2278,16,[]
2306,18,[]
2338,42,[]
2412,13,[]
2435,4,[0, 1, 2, 3]
2442,17,[]
2472,16,[]
2500,14,[]
2525,21,[]
2562,15,[]
2589,17,[]
2619,10,[]
2637,17,[]
2667,17,[]
2697,16,[]
2725,16,[]
2753,7,[]
2766,17,[]
2796,19,[]
2830,15,[]
2857,15,[]
2884,15,[0, 1, 2, 3, 4, 5, 6, 7, 8, 9, 10, 11, 12, 13]
2911,8,[]
2925,15,[]
2952,16,[]
2980,18,[]
3012,16,[]
3040,7,[]
3053,16,[]
3081,19,[]
3115,16,[]
3143,16,[]
3171,48,[]
3255,13,[]
3278,4,[]
3285,17,[]
3315,17,[]
3345,18,[]
3377,18,[]
3409,7,[]
3422,19,[]
3456,16,[]
3484,16,[]
3512,17,[]
3542,22,[]
3581,17,[]
3611,7,[]
3624,18,[]
3656,16,[]
3684,17,[]
3714,17,[]
3744,7,[]
3757,20,[]
3792,20,[]
3827,21,[]
3864,20,[]
3899,19,[]
3933,21,[]
3970,9,[]
3986,23,[]
4027,22,[]
4066,22,[]
4105,46,[]
4186,3,[]
4192,21,[]
4229,22,[]
4268,23,[]
4309,23,[]
4350,19,[]
4384,19,[]
4418,6,[]
4429,19,[]
4463,20,[]
4498,20,[]
4533,18,[]
4565,6,[]
4576,19,[]
4610,19,[]
4644,21,[]
4681,17,[]
4711,22,[]
4750,19,[]
4784,6,[]
4795,20,[]
4830,20,[]
4865,17,[]
4895,18,[]
4927,5,[]
4936,21,[]
4973,18,[]
5005,20,[]
5040,20,[]
5075,43,[]
5151,3,[]
5157,19,[]
5191,19,[]
5225,18,[]
5257,18,[]
5289,6,[]
5300,19,[]
5334,18,[]
5366,18,[]
5398,18,[]
5430,16,[]
5458,17,[]
5488,6,[]
5499,17,[]
5529,20,[]
5564,16,[]
5592,20,[]
5627,3,[]
5633,16,[]
5661,18,[]
5693,18,[]
5725,19,[]
5759,18,[]
5791,23,[]
5832,6,[]
5843,20,[]
5878,18,[]
5910,17,[]
5940,19,[]
5974,46,[]
6055,15,[]
6082,16,[]
6110,18,[]
6142,18,[]
6174,16,[]
6202,17,[]
6232,6,[]
6243,16,[]
6271,18,[]
6303,20,[]
6338,17,[]
6368,7,[]
6381,17,[]
6411,20,[]
6446,16,[]
6474,16,[]
6502,16,[]
6530,16,[]
6558,7,[]
6571,18,[]
6603,19,[]
6637,17,[]
6667,17,[]
6697,6,[]
6708,19,[]
6742,17,[]
6772,18,[]
6804,6,[]
6815,17,[]
6845,46,[]
6926,18,[]
6958,14,[]
6983,14,[]
7008,16,[]
7036,7,[]
7049,19,[]
7083,16,[]
7111,16,[]
7139,16,[]
7167,9,[]
7183,18,[]
7215,18,[]
7247,15,[]
7274,16,[]
7302,16,[]
7330,15,[]
7357,7,[]
7370,17,[]
7400,17,[]
7430,17,[]
7460,17,[]
7490,3,[]
7496,17,[]
7526,19,[]
7560,16,[]
7588,16,[2, 3, 4, 5, 6, 7, 8, 9, 10, 11, 12, 13, 14, 15]
7616,17,[]
7646,17,[]
7676,6,[]
7687,45,[]
7766,14,[]
7791,18,[]
7823,18,[]
7855,5,[]
7864,18,[]
7896,16,[]
7924,22,[]
7963,15,[]
7990,16,[]
8018,14,[]
8043,6,[]
8054,15,[]
8081,16,[]
8109,17,[]
8139,15,[]
8166,8,[]
8180,15,[]
8207,17,[]
8237,17,[]
8267,18,[]
8299,16,[]
8327,17,[0, 1, 2, 3, 4, 5, 6, 7, 8, 9, 10, 11, 12, 13, 14, 15, 16]
8357,6,[]
8368,18,[]
8400,18,[]
8432,18,[]
8464,17,[]
8494,3,[]
8500,10,[]
0,60,[]
105,1,[]
107,13,[]
130,13,[]
153,15,[]
180,13,[]
203,14,[0, 1, 2, 3, 4, 5, 6, 7, 8, 9, 10, 11, 12, 13]
228,14,[]
253,15,[]
280,13,[]
303,14,[]
328,16,[]
356,17,[]
386,15,[]
413,17,[]
443,14,[]
468,16,[]
496,16,[]
524,19,[]
558,18,[]
590,17,[]
620,11,[]
640,16,[]
668,17,[]
698,19,[]
732,17,[]
762,17,[]
792,18,[]
824,23,[]
865,19,[]
899,163,[]
1185,16,[]
1213,6,[]
1224,11,[]
1244,6,[]
1255,9,[]
1271,9,[]
1287,9,[]
1303,12,[]
1324,11,[]
1344,13,[]
1367,8,[]
1381,10,[]
1399,12,[]
1420,10,[]
1438,9,[0, 1, 2, 3, 4, 5, 6, 7]
1454,11,[]
1474,8,[]
1488,9,[]
1504,15,[]
1531,10,[]
1549,7,[]
1562,11,[]
1582,7,[]
1595,13,[]
1618,11,[]
1638,11,[]
1658,15,[]
1685,11,[]
1705,9,[]
1721,141,[]
1968,5,[]
1977,4,[]
1984,9,[]
2000,10,[]
2018,9,[]
2034,13,[]
2057,11,[]
2077,13,[]
2100,15,[]
2127,10,[]
2145,12,[]
2166,15,[]
2193,11,[]
2213,11,[]
2233,10,[]
2251,11,[]
2271,11,[]
2291,14,[]
2316,13,[]
2339,14,[]
2364,14,[]
2389,13,[]
2412,14,[]
2437,15,[]
2464,12,[]
2485,13,[]
2508,14,[]
2533,16,[]
2561,11,[]
2581,134,[]
2816,12,[]
2837,10,[]
2855,10,[]
2873,11,[]
2893,8,[]
2907,11,[]
2927,14,[]
2952,13,[]
2975,13,[]
2998,17,[]
3028,13,[]
3051,18,[]
3083,12,[]
3104,16,[]
3132,14,[]
3157,16,[]
3185,11,[]
3205,12,[]
3226,13,[]
3249,16,[]
3277,17,[]
3307,13,[]
3330,12,[]
3351,16,[]
3379,13,[]
3402,14,[]
3427,13,[]
3450,16,[]
3478,9,[]
3494,149,[]
3755,12,[]
3776,8,[]
3790,9,[]
3806,12,[]
3827,14,[]
3852,16,[]
3880,13,[]
3903,17,[]
3933,12,[]
3954,12,[]
3975,17,[]
4005,18,[]
4037,12,[]
4058,12,[]
4079,10,[]
4097,14,[]
4122,11,[]
4142,11,[]
4162,11,[]
4182,12,[]
4203,10,[]
4221,13,[]
4244,13,[]
4267,14,[]
4292,9,[]
4308,10,[]
4326,13,[]
4349,15,[]
4376,10,[]
4394,161,[]
4676,10,[]
4694,7,[]
4707,7,[]
4720,9,[]
4736,9,[]
4752,9,[]
4768,14,[]
4793,13,[]
4816,16,[]
4844,16,[]
4872,13,[]
4895,17,[]
4925,16,[]
4953,15,[]
4980,17,[]
5010,17,[]
5040,16,[]
5068,16,[]
5096,16,[0, 1, 2, 3, 4, 5, 6, 7, 8, 9, 10, 11, 12, 13, 14, 15]
5124,17,[]
5154,13,[]
5177,16,[]
5205,17,[]
5235,17,[]
5265,15,[]
5292,15,[]
5319,14,[]
5344,16,[]
5372,13,[]
5395,141,[]
5642,7,[]
5655,6,[]
5666,10,[]
5684,12,[]
5705,10,[]
5723,11,[]
5743,11,[]
5763,13,[]
5786,15,[]
5813,13,[]
5836,13,[]
5859,13,[]
5882,12,[]
5903,13,[]
5926,12,[]
5947,13,[]
5970,12,[]
5991,13,[]
6014,13,[]
6037,13,[]
6060,11,[]
6080,12,[]
6101,13,[]
6124,15,[]
6151,13,[]
6174,13,[]
6197,13,[]
6220,15,[]
6247,11,[]
6267,143,[]
6518,6,[]
6529,5,[]
6538,8,[]
6552,10,[]
6570,9,[]
6586,11,[]
6606,13,[]
6629,16,[]
6657,14,[]
6682,14,[]
6707,13,[]
6730,12,[]
6751,14,[]
6776,13,[]
6799,13,[2, 3, 4, 5, 6, 7, 8, 9, 10, 11, 12]
6822,12,[]
6843,12,[]
6864,11,[]
6884,13,[]
6907,13,[]
6930,11,[]
6950,11,[]
6970,10,[]
6988,12,[]
7009,10,[]
7027,11,[]
7047,10,[]
7065,13,[]
7088,11,[]
7108,119,[]
7317,3,[]
7323,10,[]
7341,6,[]
7352,7,[]
7365,8,[]
7379,8,[]
7393,8,[]
7407,8,[]
7421,11,[]
7441,9,[]
7457,8,[]
7471,11,[]
7491,9,[]
7507,11,[]
7527,12,[]
7548,11,[]
7568,11,[]
7588,10,[]
7606,9,[]
7622,12,[]
7643,15,[]
7670,12,[]
7691,11,[]
7711,13,[]
7734,15,[]
7761,15,[]
7788,14,[]
7813,17,[]
7843,16,[]
7871,135,[]
8108,9,[]
8124,8,[]
8138,11,[]
8158,11,[]
8178,11,[]
8198,12,[]
8219,12,[]
8240,14,[]
8265,15,[]
8292,15,[]
8319,15,[]
8346,16,[]
8374,16,[]
8402,18,[]
8434,15,[]
8461,15,[]
8488,13,[]
8511,15,[]
8538,13,[]
8561,16,[]
8589,14,[]
8614,15,[]
8641,14,[]
8666,13,[]
8689,18,[0, 1, 2, 3, 4, 5, 6, 7, 8, 9, 10, 11, 12, 13, 14, 15, 16, 17]
8721,18,[]
8753,12,[]
8774,13,[]
8797,14,[]
0,28,[]
49,3,[]
55,8,[]
69,12,[]
90,15,[]
117,14,[]
142,11,[]
162,11,[]
182,12,[]
203,11,[]
223,13,[]
246,13,[]
269,15,[]
296,12,[]
317,13,[]
340,11,[]
360,15,[]
387,12,[]
408,12,[]
429,13,[]
452,14,[]
477,11,[]
497,13,[]
520,11,[]
540,13,[]
563,12,[]
584,12,[]
605,12,[]
626,18,[]
658,14,[]
683,74,[]
813,18,[]
845,16,[]
873,15,[]
900,11,[]
920,16,[]
948,21,[]
985,24,[]
1027,21,[]
1064,21,[]
1101,23,[]
1142,22,[]
1181,22,[]
1220,24,[]
1262,20,[]
1297,24,[]
1339,24,[]
1381,23,[]
1422,19,[]
1456,21,[]
1493,23,[]
1534,20,[]
1569,25,[]
1613,21,[]
1650,21,[]
1687,22,[]
1726,22,[]
1765,18,[]
1797,20,[]
1832,22,[]
1871,42,[]
1945,19,[]
1979,19,[]
2013,18,[]
2045,20,[]
2080,18,[]
2112,18,[]
2144,19,[]
2178,19,[]
2212,16,[]
2240,19,[]
2274,16,[]
2302,16,[]
2330,18,[]
2362,18,[]
2394,15,[]
2421,16,[]
2449,16,[]
2477,18,[]
2509,15,[]
2536,16,[]
2564,15,[]
2591,17,[]
2621,17,[]
2651,16,[]
2679,15,[]
2706,15,[]
2733,16,[]
2761,16,[]
2789,17,[]
2819,46,[]
2900,12,[]
2921,14,[]
2946,13,[]
2969,17,[]
2999,13,[]
3022,13,[]
3045,15,[]
3072,16,[]
3100,16,[]
3128,16,[]
3156,14,[]
3181,13,[]
3204,14,[]
3229,14,[]
3254,15,[]
3281,16,[]
3309,12,[]
3330,14,[]
3355,13,[]
3378,16,[]
3406,15,[]
3433,13,[]
3456,15,[]
3483,15,[]
3510,16,[]
3538,18,[]
3570,14,[]
3595,15,[]
3622,13,[]
3645,34,[]
3705,12,[]
3726,13,[]
3749,15,[]
3776,16,[]
3804,19,[]
3838,18,[]
3870,15,[]
3897,15,[]
3924,15,[]
3951,14,[]
3976,14,[]
4001,13,[]
4024,14,[]
4049,14,[]
4074,13,[]
4097,13,[]
4120,15,[]
4147,13,[]
4170,16,[]
4198,15,[]
4225,15,[0, 1, 2, 3, 4, 5, 6, 7, 8, 9, 10, 11, 12, 13, 14]
4252,14,[]
4277,15,[]
4304,15,[]
4331,15,[]
4358,13,[]
4381,13,[]
4404,15,[]
4431,13,[]
4454,42,[]
4528,9,[]
4544,12,[]
4565,12,[]
4586,15,[]
4613,12,[]
4634,11,[]
4654,15,[]
4681,14,[]
4706,10,[]
4724,11,[]
4744,11,[0, 1, 2, 3, 4, 5, 6, 7, 8, 9, 10]
4764,14,[]
4789,12,[]
4810,12,[]
4831,10,[]
4849,12,[]
4870,10,[]
4888,11,[]
4908,10,[]
4926,10,[]
4944,10,[]
4962,12,[0, 1, 2, 3, 4, 5, 6, 7, 8, 9, 10, 11]
4983,12,[]
5004,13,[]
5027,11,[]
5047,11,[]
5067,13,[]
5090,15,[]
5117,14,[]
5142,57,[]
5242,10,[]
5260,12,[]
5281,14,[]
5306,15,[]
5333,16,[]
5361,16,[]
5389,16,[0, 1, 2, 3, 4, 5, 6, 7, 8, 9, 10, 11, 12, 13, 14, 15]
5417,17,[]
5447,14,[]
5472,14,[]
5497,14,[]
5522,13,[]
5545,14,[]
5570,14,[]
5595,11,[]
5615,18,[]
5647,15,[]
5674,14,[]
5699,15,[]
5726,15,[]
5753,12,[]
5774,14,[]
5799,14,[]
5824,14,[]
5849,13,[]
5872,13,[]
5895,12,[]
5916,15,[]
5943,12,[]
5964,64,[]
6076,5,[]
6085,9,[]
6101,9,[]
6117,11,[]
6137,12,[]
6158,12,[]
6179,13,[]
6202,14,[]
6227,13,[]
6250,15,[]
6277,16,[]
6305,13,[]
6328,14,[]
6353,14,[]
6378,10,[]
6396,12,[]
6417,11,[]
6437,12,[]
6458,14,[]
6483,16,[]
6511,13,[]
6534,14,[]
6559,14,[]
6584,13,[]
6607,12,[]
6628,12,[]
6649,11,[]
6669,14,[]
6694,13,[]
6717,72,[]
6843,7,[]
6856,9,[]
6872,10,[]
6890,12,[]
6911,12,[]
6932,10,[]
6950,13,[]
6973,13,[]
6996,12,[]
7017,16,[]
7045,14,[]
7070,14,[]
7095,11,[]
7115,14,[]
7140,8,[]
7154,12,[]
7175,11,[]
7195,9,[]
7211,10,[]
7229,13,[]
7252,13,[]
7275,16,[]
7303,15,[]
7330,16,[]
7358,14,[]
7383,15,[]
7410,15,[]
7437,17,[]
7467,15,[]
7494,71,[]
7619,9,[]
7635,12,[0, 1, 2, 3, 4, 5, 6, 7, 8, 9, 10, 11]
7656,12,[]
7677,14,[]
7702,15,[]
7729,11,[]
7749,12,[]
7770,14,[]
7795,11,[]
7815,12,[]
7836,10,[]
7854,12,[]
7875,12,[]
7896,13,[]
7919,11,[]
7939,15,[]
7966,17,[]
7996,15,[0, 1, 2, 3, 4, 5, 6, 7, 8, 9, 10, 11, 12, 13, 14]
8023,14,[]
8048,16,[]
8076,14,[]
8101,15,[]
8128,15,[]
8155,15,[]
8182,14,[]
8207,16,[]
8235,14,[]
8260,18,[]
8292,15,[]
0,70,[]
123,7,[]
136,2,[]
140,9,[]
156,10,[]
174,10,[]
192,14,[]
217,3,[]
223,13,[]
246,17,[]
276,17,[]
306,18,[]
338,4,[]
345,20,[]
380,23,[]
421,23,[]
462,26,[]
508,3,[]
514,31,[]
569,31,[]
624,30,[]
677,28,[]
726,8,[]
740,29,[]
791,26,[]
837,26,[]
883,35,[]
945,4,[]
952,21,[]
989,21,[]
1026,123,[]
1242,13,[]
1265,6,[]
1276,15,[]
1303,11,[]
1323,7,[]
1336,14,[]
1361,8,[]
1375,19,[]
1409,21,[]
1446,23,[]
1487,25,[]
1531,3,[]
1537,28,[]
1586,23,[]
1627,23,[]
1668,42,[]
1742,2,[]
1746,19,[]
1780,17,[]
1810,17,[]
1840,19,[]
1874,4,[0, 1, 2, 3]
1881,17,[]
1911,17,[]
1941,15,[]
1968,19,[]
2002,3,[]
2008,17,[]
2038,15,[]
2065,106,[]
2251,5,[]
2260,4,[]
2267,9,[]
2283,12,[]
2304,11,[]
2324,14,[]
2349,4,[]
2356,10,[]
2374,13,[]
2397,17,[]
2427,14,[]
2452,5,[0, 1, 2, 3, 4]
2461,16,[]
2489,18,[]
2521,13,[]
2544,13,[]
2567,6,[]
2578,17,[]
2608,14,[]
2633,14,[]
2658,15,[]
2685,5,[]
2694,12,[]
2715,13,[]
2738,11,[]
2758,14,[]
2783,6,[]
2794,16,[]
2822,11,[]
2842,105,[]
3026,5,[]
3035,4,[]
3042,11,[]
3062,11,[]
3082,9,[]
3098,14,[]
3123,4,[]
3130,15,[]
3157,12,[]
3178,10,[]
3196,15,[]
3223,5,[]
3232,10,[]
3250,12,[]
3271,13,[]
3294,16,[3, 4, 5, 6, 7, 8, 9, 10, 11, 12, 13, 14, 15]
3322,6,[]
3333,15,[]
3360,14,[]
3385,11,[]
3405,14,[]
3430,8,[]
3444,17,[]
3474,11,[]
3494,9,[]
3510,17,[]
3540,7,[]
3553,11,[]
3573,11,[]
3593,112,[]
3789,4,[]
3796,1,[]
3798,10,[]
3816,9,[]
3832,8,[]
3846,12,[]
3867,5,[]
3876,12,[]
3897,14,[]
3922,10,[]
3940,12,[]
3961,7,[]
3974,14,[]
3999,10,[]
4017,9,[]
4033,14,[]
4058,6,[]
4069,17,[]
4099,11,[]
4119,12,[]
4140,37,[]
4205,5,[]
4214,22,[]
4253,15,[]
4280,12,[]
4301,14,[]
4326,6,[]
4337,17,[]
4367,16,[]
4395,122,[]
4609,3,[]
4615,3,[]
4621,10,[]
4639,10,[]
4657,7,[]
4670,10,[]
4688,5,[]
4697,7,[]
4710,8,[]
4724,9,[]
4740,12,[]
4761,3,[]
4767,12,[]
4788,11,[]
4808,14,[]
4833,17,[]
4863,6,[]
4874,12,[]
4895,18,[]
4927,14,[]
4952,15,[]
4979,7,[]
4992,20,[]
5027,18,[]
5059,16,[]
5087,18,[]
5119,5,[]
5128,18,[]
5160,17,[]
5190,126,[]
5411,8,[]
5425,4,[]
5432,17,[]
5462,14,[]
5487,13,[]
5510,14,[]
5535,7,[]
5548,19,[]
5582,12,[]
5603,11,[]
5623,12,[]
5644,7,[]
5657,14,[]
5682,13,[]
5705,17,[]
5735,18,[]
5767,4,[]
5774,22,[]
5813,17,[]
5843,17,[]
5873,15,[]
5900,6,[]
5911,17,[]
5941,20,[]
5976,14,[]
6001,15,[]
6028,5,[]
6037,18,[]
6069,16,[]
6097,123,[]
6313,11,[]
6333,5,[]
6342,12,[]
6363,13,[]
6386,16,[]
6414,13,[]
6437,6,[]
6448,17,[]
6478,12,[]
6499,12,[]
6520,16,[]
6548,5,[]
6557,15,[]
6584,21,[]
6621,14,[]
6646,14,[]
6671,8,[]
6685,16,[]
6713,13,[]
6736,12,[]
6757,10,[]
6775,6,[]
6786,13,[]
6809,12,[]
6830,14,[]
6855,18,[]
6887,6,[]
6898,12,[]
6919,12,[]
6940,133,[]
7173,3,[]
7179,1,[]
7181,7,[]
7194,12,[]
7215,8,[]
7229,14,[0, 1, 2, 3, 4, 5, 6, 7, 8, 9, 10, 11, 12, 13]
7254,6,[]
7265,15,[]
7292,12,[]
7313,11,[]
7333,8,[]
7347,9,[]
7363,13,[]
7386,13,[]
7409,13,[]
7432,14,[]
7457,10,[]
7475,14,[]
7500,15,[]
7527,11,[]
7547,10,[]
7565,11,[]
7585,12,[]
7606,16,[]
7634,10,[]
7652,11,[]
7672,9,[]
7688,15,[]
7715,11,[]
7735,143,[]
7986,8,[]
8000,5,[]
8009,8,[]
8023,12,[]
8044,10,[]
8062,8,[]
8076,3,[]
8082,14,[]
8107,15,[]
8134,19,[]
8168,20,[]
8203,4,[]
8210,20,[]
8245,21,[]
8282,18,[]
8314,16,[]
8342,5,[]
8351,22,[]
8390,15,[]
8417,16,[]
8445,16,[]
8473,6,[]
8484,21,[]
8521,14,[0, 1, 2, 3, 4, 5, 6, 7, 8, 9, 10, 11, 12, 13]
8546,15,[]
8573,17,[]
8603,9,[]
8619,14,[]
8644,16,[]
0,48,[]
84,1,[]
86,3,[]
92,4,[]
99,7,[]
112,5,[]
121,5,[]
130,6,[]
141,10,[]
159,7,[]
172,8,[]
186,13,[]
209,9,[]
225,9,[]
241,9,[]
257,9,[]
273,11,[]
293,17,[]
323,19,[]
357,11,[]
377,14,[]
402,21,[]
439,17,[]
469,17,[]
499,17,[]
529,14,[]
554,14,[]
579,14,[]
604,15,[]
631,15,[]
658,153,[]
926,13,[]
949,15,[]
976,12,[]
997,5,[]
1006,8,[]
1020,12,[]
1041,17,[]
1071,21,[]
1108,16,[]
1136,19,[]
1170,16,[]
1198,13,[]
1221,14,[]
1246,15,[]
1273,16,[]
1301,18,[]
1333,14,[]
1358,10,[]
1376,14,[]
1401,12,[]
1422,16,[]
1450,16,[]
1478,14,[]
1503,12,[]
1524,13,[]
1547,10,[0, 1, 2, 3, 4, 5, 6, 7, 8, 9]
1565,12,[]
1586,14,[]
1611,11,[]
1631,129,[]
1857,4,[]
1864,8,[]
1878,10,[]
1896,8,[]
1910,12,[]
1931,12,[]
1952,15,[]
1979,12,[]
2000,11,[]
2020,10,[]
2038,11,[]
2058,12,[]
2079,16,[]
2107,12,[]
2128,11,[]
2148,10,[0, 1, 2, 3, 4, 5, 6, 7, 8]
2166,12,[]
2187,11,[]
2207,13,[]
2230,11,[]
2250,11,[]
2270,12,[]
2291,12,[]
2312,13,[]
2335,11,[]
2355,13,[]
2378,16,[]
2406,13,[]
2429,11,[]
2449,129,[]
2675,7,[]
2688,11,[]
2708,14,[]
2733,11,[]
2753,14,[1, 2, 3, 4, 5, 6, 7, 8, 9, 10, 11, 12, 13]
2778,14,[]
2803,17,[]
2833,16,[]
2861,16,[]
2889,15,[]
2916,15,[]
2943,16,[]
2971,15,[]
2998,15,[]
3025,15,[]
3052,15,[]
3079,16,[]
3107,15,[]
3134,16,[]
3162,15,[]
3189,17,[]
3219,17,[]
3249,16,[]
3277,14,[]
3302,13,[]
3325,13,[]
3348,16,[]
3376,15,[]
3403,12,[]
3424,120,[]
3634,12,[0, 1, 2, 3, 4, 5, 6, 7, 8, 9, 10, 11]
3655,14,[]
3680,15,[]
3707,13,[]
3730,13,[]
3753,14,[]
3778,15,[]
3805,17,[]
3835,17,[]
3865,17,[]
3895,15,[]
3922,15,[]
3949,14,[]
3974,14,[]
3999,14,[]
4024,20,[]
4059,15,[]
4086,15,[]
4113,14,[]
4138,15,[]
4165,15,[]
4192,17,[]
4222,14,[2, 3, 4, 5, 6, 7, 8, 9, 10, 11, 12, 13]
4247,15,[]
4274,14,[]
4299,17,[]
4329,14,[]
4354,13,[]
4377,15,[]
4404,109,[]
4595,6,[]
4606,10,[0, 1, 2, 3, 4, 5, 6, 7, 8, 9]
4624,11,[]
4644,14,[]
4669,13,[]
4692,15,[]
4719,15,[]
4746,14,[]
4771,14,[]
4796,14,[]
4821,15,[]
4848,14,[]
4873,14,[]
4898,14,[]
4923,15,[]
4950,15,[]
4977,13,[]
5000,13,[]
5023,13,[0, 1, 2, 3, 4, 5, 6, 7, 8, 9, 10, 11, 12]
5046,14,[]
5071,14,[]
5096,14,[]
5121,14,[]
5146,16,[]
5174,16,[]
5202,14,[]
5227,15,[]
5254,16,[]
5282,14,[0, 1, 2, 3, 4, 5, 6, 7, 8, 9, 10, 11, 12, 13]
5307,120,[]
5517,8,[0, 1, 2, 3, 4, 5, 6, 7]
5531,11,[]
5551,11,[]
5571,14,[]
5596,13,[]
5619,17,[]
5649,15,[]
5676,15,[]
5703,15,[]
5730,15,[]
5757,15,[]
5784,14,[]
5809,13,[]
5832,12,[]
5853,17,[]
5883,15,[]
5910,15,[]
5937,14,[]
5962,14,[]
5987,17,[]
6017,16,[]
6045,15,[]
6072,14,[]
6097,14,[]
6122,13,[]
6145,16,[]
6173,13,[]
6196,13,[]
6219,13,[]
6242,112,[]
6438,4,[]
6445,7,[]
6458,8,[]
6472,8,[]
6486,10,[]
6504,9,[]
6520,9,[]
6536,9,[]
6552,13,[]
6575,11,[]
6595,11,[]
6615,11,[]
6635,10,[]
6653,12,[]
6674,13,[]
6697,19,[]
6731,13,[]
6754,11,[]
6774,10,[]
6792,11,[]
6812,10,[]
6830,19,[]
6864,14,[]
6889,13,[]
6912,12,[]
6933,12,[]
6954,11,[]
6974,20,[]
7009,9,[]
7025,129,[]
7251,3,[]
7257,7,[]
7270,7,[]
7283,12,[]
7304,13,[]
7327,12,[0, 1, 2, 3, 4, 5, 6, 7, 8, 9, 10, 11]
7348,11,[]
7368,11,[]
7388,11,[]
7408,13,[]
7431,11,[]
7451,15,[]
7478,14,[]
7503,12,[]
7524,11,[]
7544,9,[]
7560,11,[]
7580,11,[]
7600,15,[]
7627,16,[]
7655,14,[]
7680,11,[]
7700,9,[]
7716,10,[]
7734,15,[]
7761,17,[]
7791,14,[]
7816,10,[]
7834,13,[]
7857,122,[]
8071,5,[]
8080,7,[]
8093,9,[]
8109,11,[]
8129,10,[]
8147,11,[]
8167,12,[]
8188,15,[]
8215,12,[]
8236,12,[]
8257,12,[]
8278,15,[]
8305,12,[]
8326,16,[]
8354,16,[]
8382,13,[]
8405,12,[]
8426,11,[]
8446,11,[]
8466,17,[]
8496,17,[]
8526,14,[]
8551,13,[]
8574,12,[]
8595,12,[]
8616,12,[]
8637,14,[]
8662,14,[]
8687,8,[]
0,18,[]
32,6,[]
43,12,[]
64,15,[]
91,13,[]
114,14,[]
139,14,[]
164,15,[]
191,14,[]
216,14,[]
241,14,[]
266,15,[]
293,15,[]
320,15,[]
347,13,[]
370,14,[]
395,14,[]
420,14,[]
445,14,[]
470,14,[]
495,15,[]
522,15,[]
549,15,[]
576,16,[]
604,15,[]
631,18,[]
663,17,[]
693,13,[]
716,14,[]
741,18,[]
773,54,[]
868,10,[]
886,13,[]
909,12,[]
930,11,[]
950,16,[]
978,19,[]
1012,17,[]
1042,18,[]
1074,17,[]
1104,18,[]
1136,18,[]
1168,19,[]
1202,18,[]
1234,18,[]
1266,18,[]
1298,20,[]
1333,18,[]
1365,19,[]
1399,18,[]
1431,21,[]
1468,20,[]
1503,22,[]
1542,19,[]
1576,20,[]
1611,19,[]
1645,19,[]
1679,19,[]
1713,20,[]
1748,19,[]
1782,54,[]
1877,16,[]
1905,18,[]
1937,19,[]
1971,19,[]
2005,17,[]
2035,21,[]
2072,20,[]
2107,21,[]
2144,20,[]
2179,20,[]
2214,20,[]
2249,21,[]
2286,20,[]
2321,20,[]
2356,20,[]
2391,18,[]
2423,17,[]
2453,19,[]
2487,18,[]
2519,19,[]
2553,19,[]
2587,19,[]
2621,18,[]
2653,20,[]
2688,19,[]
2722,20,[]
2757,19,[]
2791,21,[]
2828,19,[]
2862,50,[]
2950,15,[]
2977,17,[]
3007,16,[]
3035,17,[]
3065,16,[]
3093,17,[]
3123,19,[]
3157,17,[]
3187,19,[]
3221,19,[]
3255,18,[]
3287,20,[]
3322,16,[]
3350,16,[0, 1, 2, 3, 4, 5, 6, 7, 8, 9, 10, 11, 12, 13, 14, 15]
3378,19,[]
3412,16,[]
3440,15,[]
3467,16,[]
3495,19,[]
3529,16,[]
3557,15,[]
3584,15,[]
3611,19,[]
3645,17,[]
3675,17,[]
3705,18,[]
3737,17,[]
3767,18,[]
3799,17,[]
3829,46,[]
3910,14,[]
3935,14,[]
3960,17,[]
3990,17,[]
4020,16,[]
4048,17,[]
4078,17,[]
4108,17,[]
4138,17,[]
4168,17,[]
4198,15,[]
4225,16,[0, 1, 2, 3, 4, 5, 6, 7, 8, 9, 10, 11, 12, 13, 14, 15]
4253,17,[]
4283,18,[]
4315,17,[]
4345,14,[]
4370,14,[]
4395,14,[]
4420,14,[]
4445,14,[]
4470,18,[]
4502,17,[]
4532,16,[]
4560,17,[]
4590,17,[]
4620,17,[]
4650,17,[]
4680,14,[]
4705,14,[]
4730,46,[]
4811,13,[]
4834,13,[]
4857,13,[]
4880,15,[]
4907,15,[]
4934,15,[]
4961,15,[]
4988,13,[]
5011,13,[]
5034,13,[]
5057,13,[]
5080,13,[]
5103,12,[]
5124,12,[]
5145,11,[]
5165,11,[]
5185,11,[]
5205,12,[]
5226,11,[]
5246,12,[]
5267,11,[]
5287,11,[]
5307,11,[]
5327,12,[]
5348,11,[]
5368,11,[]
5388,11,[]
5408,12,[]
5429,11,[]
5449,34,[]
5509,10,[]
5527,10,[]
5545,11,[]
5565,11,[]
5585,12,[]
5606,13,[]
5629,13,[]
5652,13,[]
5675,13,[]
5698,13,[]
5721,12,[]
5742,12,[]
5763,12,[]
5784,12,[]
5805,12,[]
5826,16,[]
5854,14,[]
5879,14,[]
5904,14,[]
5929,15,[]
5956,15,[]
5983,15,[]
6010,14,[]
6035,14,[]
6060,14,[]
6085,14,[]
6110,14,[]
6135,14,[]
6160,14,[]
6185,34,[]
6245,11,[]
6265,12,[]
6286,14,[]
6311,14,[]
6336,4,[]
6343,16,[]
6371,16,[]
6399,16,[]
6427,16,[]
6455,16,[]
6483,15,[]
6510,16,[]
6538,15,[]
6565,15,[]
6592,15,[]
6619,16,[]
6647,15,[]
6674,15,[]
6701,16,[]
6729,16,[]
6757,15,[]
6784,16,[]
6812,15,[]
6839,16,[]
6867,15,[]
6894,16,[]
6922,16,[]
6950,15,[]
6977,14,[]
7002,39,[]
7071,11,[]
7091,11,[]
7111,14,[]
7136,14,[]
7161,14,[]
7186,14,[]
7211,13,[]
7234,14,[]
7259,14,[]
7284,14,[]
7309,14,[]
7334,14,[]
7359,13,[]
7382,14,[]
7407,13,[]
7430,14,[]
7455,13,[]
7478,13,[]
7501,13,[]
7524,14,[]
7549,13,[]
7572,13,[]
7595,16,[]
7623,13,[]
7646,15,[]
7673,15,[]
7700,14,[]
7725,15,[]
7752,14,[]
7777,40,[]
7847,9,[]
7863,10,[]
7881,12,[]
7902,12,[]
7923,12,[]
7944,13,[]
7967,13,[]
7990,14,[]
8015,13,[]
8038,13,[]
8061,13,[]
8084,14,[]
8109,13,[]
8132,14,[]
8157,14,[]
8182,14,[]
8207,14,[]
8232,15,[]
8259,14,[]
8284,15,[0, 1, 2, 3, 4, 5, 6, 7, 8, 9, 10, 11, 12, 13, 14]
8311,14,[]
8336,15,[]
8363,14,[]
8388,14,[]
8413,13,[]
8436,13,[]
8459,13,[]
8482,14,[]
8507,8,[]
0,51,[]
90,2,[]
94,7,[0, 1, 2, 3, 4, 5, 6]
107,9,[]
123,7,[]
136,8,[]
150,6,[]
161,5,[]
170,7,[]
183,6,[]
194,7,[]
207,8,[]
221,9,[]
237,5,[]
246,7,[]
259,8,[]
273,14,[]
298,9,[]
314,16,[]
342,14,[]
367,17,[]
397,14,[]
422,19,[]
456,18,[]
488,18,[]
520,18,[]
552,18,[]
584,19,[]
618,15,[]
645,17,[]
675,234,[]
1085,16,[]
1113,7,[]
1126,4,[]
1133,4,[]
1140,3,[]
1146,8,[]
1160,12,[]
1181,10,[]
1199,10,[]
1217,11,[]
1237,9,[]
1253,12,[]
1274,11,[]
1294,12,[]
1315,13,[]
1338,17,[]
1368,12,[]
1389,12,[]
1410,12,[]
1431,14,[]
1456,12,[]
1477,17,[]
1507,17,[]
1537,14,[]
1562,13,[]
1585,12,[]
1606,12,[]
1627,15,[]
1654,7,[]
1667,156,[]
1940,1,[]
1942,6,[]
1953,6,[]
1964,8,[]
1978,8,[]
1992,8,[]
2006,10,[]
2024,7,[]
2037,7,[]
2050,8,[]
2064,11,[]
2084,11,[]
2104,13,[]
2127,15,[]
2154,16,[]
2182,14,[]
2207,11,[]
2227,11,[]
2247,14,[]
2272,12,[]
2293,15,[]
2320,14,[]
2345,18,[]
2377,14,[1, 2, 3, 4, 5, 6, 7, 8, 9, 10, 11, 12, 13]
2402,15,[]
2429,17,[]
2459,15,[]
2486,20,[]
2521,15,[]
2548,149,[]
2809,12,[]
2830,9,[]
2846,12,[]
2867,10,[]
2885,12,[]
2906,8,[]
2920,12,[]
2941,16,[]
2969,12,[]
2990,15,[]
3017,10,[]
3035,15,[]
3062,14,[]
3087,14,[]
3112,15,[]
3139,18,[]
3171,18,[]
3203,19,[]
3237,17,[]
3267,18,[]
3299,17,[]
3329,16,[]
3357,17,[]
3387,18,[]
3419,16,[]
3447,14,[]
3472,13,[]
3495,14,[]
3520,14,[]
3545,152,[]
3811,7,[]
3824,9,[]
3840,11,[]
3860,10,[]
3878,11,[]
3898,11,[]
3918,13,[]
3941,18,[]
3973,16,[]
4001,15,[]
4028,13,[]
4051,18,[]
4083,14,[]
4108,15,[]
4135,15,[]
4162,15,[]
4189,15,[]
4216,16,[]
4244,14,[]
4269,17,[]
4299,13,[]
4322,16,[]
4350,19,[]
4384,18,[]
4416,15,[]
4443,14,[]
4468,15,[]
4495,13,[0, 1, 2, 3, 4, 5, 6, 7, 8, 9, 10]
4518,14,[]
4543,141,[]
4790,4,[0, 1, 2, 3]
4797,5,[]
4806,7,[]
4819,8,[]
4833,8,[]
4847,10,[]
4865,12,[]
4886,13,[]
4909,15,[]
4936,14,[]
4961,15,[]
4988,13,[]
5011,13,[]
5034,13,[]
5057,11,[]
5077,17,[]
5107,11,[]
5127,12,[0, 1, 2, 3, 4, 5, 6, 7, 8, 9, 10, 11]
5148,10,[]
5166,14,[]
5191,13,[]
5214,13,[]
5237,10,[]
5255,12,[]
5276,12,[]
5297,13,[]
5320,13,[]
5343,13,[]
5366,10,[]
5384,130,[]
5612,4,[]
5619,9,[]
5635,9,[]
5651,9,[]
5667,9,[]
5683,10,[]
5701,12,[]
5722,13,[]
5745,16,[]
5773,12,[]
5794,19,[]
5828,17,[]
5858,16,[]
5886,17,[]
5916,13,[]
5939,17,[]
5969,12,[]
5990,14,[]
6015,11,[]
6035,12,[]
6056,14,[]
6081,13,[]
6104,16,[]
6132,13,[]
6155,17,[]
6185,13,[]
6208,11,[]
6228,16,[]
6256,17,[]
6286,109,[]
6477,3,[]
6483,10,[]
6501,8,[]
6515,9,[]
6531,10,[]
6549,12,[]
6570,13,[]
6593,15,[]
6620,16,[]
6648,10,[]
6666,10,[]
6684,10,[]
6702,12,[]
6723,12,[]
6744,14,[]
6769,12,[]
6790,11,[]
6810,11,[]
6830,10,[]
6848,11,[0, 1, 2, 3, 4, 5, 6, 7, 8, 9, 10]
6868,10,[]
6886,11,[]
6906,12,[]
6927,14,[]
6952,16,[]
6980,16,[]
7008,11,[]
7028,14,[]
7053,18,[]
7085,115,[]
7287,4,[]
7294,7,[]
7307,7,[]
7320,8,[]
7334,7,[]
7347,7,[]
7360,11,[]
7380,10,[]
7398,13,[]
7421,11,[]
7441,10,[]
7459,10,[]
7477,12,[]
7498,11,[]
7518,12,[]
7539,13,[]
7562,14,[]
7587,15,[]
7614,15,[]
7641,13,[]
7664,14,[]
7689,15,[]
7716,15,[]
7743,16,[]
7771,19,[]
7805,15,[]
7832,13,[]
7855,13,[0, 1, 2, 3, 4, 5, 6, 7, 8, 9, 10, 11, 12]
7878,15,[]
7905,119,[]
8114,5,[]
8123,10,[0, 1, 2, 3, 4, 5, 6, 7, 8, 9]
8141,8,[]
8155,14,[]
8180,7,[]
8193,11,[]
8213,10,[]
8231,12,[]
8252,12,[]
8273,11,[]
8293,13,[]
8316,12,[]
8337,14,[]
8362,13,[]
8385,14,[]
8410,16,[]
8438,11,[]
8458,14,[]
8483,11,[]
8503,16,[]
8531,10,[]
8549,10,[]
8567,13,[]
8590,12,[]
8611,13,[0, 1, 2, 3, 4, 5, 6, 7, 8, 9, 10, 11, 12]
8634,14,[]
8659,12,[]
8680,12,[]
8701,11,[]
0,20,[]
35,1,[]
37,11,[]
57,9,[]
73,11,[]
93,11,[0, 1, 2, 3, 4, 5, 6, 7, 8, 9, 10]
113,7,[]
126,6,[]
137,10,[]
155,10,[]
173,8,[]
187,7,[]
200,10,[]
218,10,[]
236,13,[]
259,14,[]
284,22,[]
323,8,[]
337,22,[]
376,13,[]
399,23,[]
440,14,[]
465,27,[]
513,18,[]
545,7,[]
558,18,[]
590,11,[]
610,21,[]
647,9,[]
663,19,[]
697,110,[]
890,1,[]
892,8,[]
906,10,[]
924,1,[]
926,14,[]
951,12,[]
972,18,[]
1004,7,[]
1017,7,[]
1030,20,[]
1065,20,[]
1100,11,[]
1120,19,[]
1154,11,[]
1174,17,[]
1204,21,[]
1241,19,[]
1275,10,[]
1293,21,[]
1330,5,[]
1339,9,[]
1355,17,[]
1385,11,[]
1405,18,[]
1437,12,[]
1458,14,[]
1483,10,[0, 1, 2, 3, 4, 5, 6, 7, 8, 9]
1501,14,[]
1526,26,[]
1572,104,[]
1754,9,[]
1770,6,[]
1781,13,[]
1804,8,[]
1818,17,[]
1848,9,[]
1864,10,[]
1882,19,[]
1916,17,[]
1946,11,[]
1966,17,[]
1996,11,[]
2016,18,[]
2048,5,[]
2057,11,[]
2077,19,[]
2111,17,[]
2141,11,[]
2161,11,[]
2181,17,[]
2211,18,[]
2243,11,[]
2263,18,[]
2295,7,[]
2308,17,[]
2338,6,[0, 1, 2, 3, 4, 5]
2349,19,[]
2383,7,[]
2396,16,[]
2424,110,[]
2617,1,[]
2619,13,[]
2642,4,[]
2649,14,[]
2674,16,[]
2702,4,[0, 1, 2, 3]
2709,18,[]
2741,7,[]
2754,19,[]
2788,6,[]
2799,18,[]
2831,7,[]
2844,19,[]
2878,10,[]
2896,12,[]
2917,22,[]
2956,7,[]
2969,17,[]
2999,6,[]
3010,20,[]
3045,6,[]
3056,19,[]
3090,17,[]
3120,13,[]
3143,19,[]
3177,11,[]
3197,13,[]
3220,20,[]
3255,24,[]
3297,106,[]
3483,9,[]
3499,6,[]
3510,15,[]
3537,6,[]
3548,7,[]
3561,14,[]
3586,12,[]
3607,16,[]
3635,11,[]
3655,16,[]
3683,18,[]
3715,6,[]
3726,10,[]
3744,19,[]
3778,19,[]
3812,8,[]
3826,20,[]
3861,5,[]
3870,12,[]
3891,20,[]
3926,6,[]
3937,17,[]
3967,13,[]
3990,15,[]
4017,7,[]
4030,18,[]
4062,11,[]
4082,21,[]
4119,17,[]
4149,110,[]
4342,1,[]
4344,13,[]
4367,16,[]
4395,8,[]
4409,7,[]
4422,19,[]
4456,17,[]
4486,7,[]
4499,11,[]
4519,19,[]
4553,7,[]
4566,18,[0, 1, 2, 3, 4, 5, 6, 7, 8, 9, 10, 11, 12, 13, 14]
4598,12,[]
4619,23,[]
4660,6,[]
4671,27,[]
4719,21,[]
4756,12,[]
4777,21,[]
4814,7,[]
4827,18,[]
4859,10,[]
4877,20,[]
4912,12,[]
4933,21,[]
4970,6,[]
4981,13,[]
5004,25,[]
5048,5,[]
5057,115,[]
5259,1,[]
5261,17,[]
5291,6,[]
5302,22,[]
5341,19,[]
5375,9,[]
5391,22,[]
5430,13,[]
5453,21,[]
5490,5,[]
5499,12,[]
5520,20,[]
5555,19,[]
5589,9,[]
5605,11,[]
5625,22,[]
5664,14,[]
5689,26,[]
5735,26,[]
5781,12,[]
5802,13,[]
5825,18,[]
5857,22,[]
5896,6,[]
5907,11,[]
5927,19,[]
5961,13,[]
5984,20,[]
6019,21,[]
6056,104,[]
6238,13,[]
6261,7,[]
6274,24,[]
6316,5,[]
6325,17,[]
6355,10,[]
6373,12,[]
6394,21,[0, 1, 2, 3, 4, 5, 6, 7, 8, 9, 10, 11, 12, 13, 14, 15, 16, 17, 18, 19]
6431,11,[]
6451,19,[]
6485,21,[]
6522,7,[]
6535,20,[]
6570,6,[]
6581,24,[]
6623,7,[]
6636,23,[]
6677,6,[]
6688,14,[]
6713,26,[]
6759,23,[]
6800,12,[]
6821,21,[]
6858,13,[]
6881,21,[]
6918,7,[]
6931,12,[]
6952,25,[]
6996,5,[]
7005,104,[]
7187,12,[]
7208,7,[]
7221,15,[]
7248,8,[]
7262,17,[]
7292,10,[]
7310,11,[]
7330,18,[]
7362,5,[]
7371,18,[]
7403,5,[]
7412,19,[]
7446,7,[]
7459,18,[]
7491,6,[]
7502,20,[0, 1, 2, 3, 4, 5, 6, 7, 8, 9, 10, 11, 12, 13, 14, 15, 16, 17, 18, 19]
7537,17,[]
7567,7,[]
7580,11,[]
7600,19,[]
7634,8,[]
7648,17,[]
7678,21,[]
7715,8,[]
7729,20,[]
7764,6,[]
7775,16,[]
7803,8,[]
7817,16,[]
7845,110,[]
8038,7,[0, 1, 2, 3, 4, 5, 6]
8051,8,[]
8065,6,[]
8076,14,[]
8101,17,[]
8131,5,[]
8140,21,[]
8177,5,[]
8186,18,[]
8218,8,[]
8232,19,[]
8266,6,[]
8277,9,[]
8293,20,[]
8328,15,[]
8355,10,[0, 1, 2, 3, 4, 5, 6, 7, 8, 9]
8373,18,[]
8405,9,[]
8421,19,[]
8455,8,[]
8469,5,[]
8478,17,[]
8508,17,[]
8538,12,[]
8559,4,[]
8566,19,[]
8600,13,[]
8623,12,[]
8644,24,[]
0,15,[]
27,6,[]
38,10,[]
56,12,[]
77,12,[2, 3, 4, 5, 6, 7, 8, 9, 10, 11]
98,13,[]
121,11,[]
141,12,[]
162,4,[]
169,11,[]
189,10,[]
207,12,[]
228,12,[]
249,8,[]
263,11,[]
283,9,[]
299,11,[]
319,11,[]
339,13,[]
362,14,[]
387,13,[]
410,14,[]
435,18,[]
467,14,[]
492,15,[]
519,14,[]
544,15,[]
571,10,[]
589,14,[]
614,18,[]
646,48,[]
730,10,[]
748,9,[]
764,11,[]
784,11,[]
804,13,[]
827,14,[]
852,14,[]
877,14,[]
902,14,[]
927,16,[]
955,15,[]
982,17,[]
1012,16,[]
1040,17,[]
1070,18,[]
1102,17,[]
1132,18,[]
1164,15,[]
1191,14,[]
1216,17,[]
1246,15,[]
1273,16,[]
1301,15,[]
1328,15,[]
1355,14,[]
1380,16,[]
1408,16,[]
1436,17,[]
1466,15,[]
1493,47,[]
1576,12,[]
1597,15,[]
1624,14,[]
1649,22,[]
1688,23,[]
1729,25,[]
1773,24,[]
1815,25,[]
1859,23,[]
1900,17,[]
1930,18,[]
1962,22,[]
2001,19,[]
2035,20,[]
2070,21,[]
2107,17,[]
2137,18,[]
2169,18,[]
2201,17,[0, 1, 2, 3, 4, 5, 6, 7, 8, 9, 10, 11, 12, 13, 14, 15, 16]
2231,17,[]
2261,16,[]
2289,19,[]
2323,20,[]
2358,22,[]
2397,20,[]
2432,20,[]
2467,22,[]
2506,20,[]
2541,18,[]
2573,51,[]
2663,14,[]
2688,15,[]
2715,14,[]
2740,17,[]
2770,17,[]
2800,15,[]
2827,17,[]
2857,17,[]
2887,17,[]
2917,14,[]
2942,16,[]
2970,15,[]
2997,15,[]
3024,15,[]
3051,16,[]
3079,15,[]
3106,18,[]
3138,17,[]
3168,19,[]
3202,16,[]
3230,19,[]
3264,17,[]
3294,18,[]
3326,17,[]
3356,17,[]
3386,16,[]
3414,17,[]
3444,15,[]
3471,15,[]
3498,44,[]
3575,11,[]
3595,13,[]
3618,13,[]
3641,13,[]
3664,14,[]
3689,12,[]
3710,13,[]
3733,16,[]
3761,15,[]
3788,14,[]
3813,21,[]
3850,19,[]
3884,19,[]
3918,18,[]
3950,19,[]
3984,13,[]
4007,14,[]
4032,14,[]
4057,15,[]
4084,16,[]
4112,18,[]
4144,18,[]
4176,17,[]
4206,17,[]
4236,17,[]
4266,14,[]
4291,18,[]
4323,14,[]
4348,16,[]
4376,43,[]
4452,11,[]
4472,14,[]
4497,7,[]
4510,15,[]
4537,14,[]
4562,14,[]
4587,13,[]
4610,13,[]
4633,13,[]
4656,15,[]
4683,19,[]
4717,20,[]
4752,19,[]
4786,19,[]
4820,15,[]
4847,15,[]
4874,14,[]
4899,17,[]
4929,14,[]
4954,17,[]
4984,16,[1, 2, 3, 4, 5, 6, 7, 8, 9, 10, 11, 12, 13, 14, 15]
5012,23,[]
5053,14,[]
5078,17,[]
5108,17,[]
5138,17,[]
5168,21,[]
5205,13,[]
5228,17,[]
5258,57,[]
5358,9,[]
5374,11,[]
5394,11,[]
5414,12,[]
5435,13,[]
5458,14,[]
5483,14,[]
5508,13,[]
5531,15,[]
5558,13,[]
5581,14,[]
5606,12,[]
5627,15,[]
5654,13,[]
5677,13,[]
5700,12,[]
5721,14,[]
5746,12,[]
5767,13,[]
5790,12,[]
5811,15,[]
5838,14,[]
5863,12,[]
5884,12,[]
5905,12,[]
5926,10,[]
5944,16,[]
5972,10,[]
5990,13,[]
6013,66,[]
6129,7,[]
6142,11,[]
6162,9,[]
6178,13,[]
6201,10,[]
6219,11,[]
6239,12,[]
6260,13,[]
6283,12,[]
6304,11,[]
6324,11,[]
6344,11,[]
6364,11,[]
6384,12,[]
6405,12,[]
6426,14,[]
6451,14,[]
6476,14,[]
6501,14,[]
6526,14,[]
6551,13,[]
6574,12,[]
6595,12,[]
6616,19,[]
6650,13,[]
6673,14,[]
6698,12,[]
6719,13,[]
6742,16,[]
6770,71,[]
6895,7,[]
6908,10,[]
6926,11,[]
6946,12,[]
6967,14,[]
6992,14,[]
7017,13,[]
7040,14,[]
7065,13,[]
7088,13,[]
7111,11,[]
7131,13,[]
7154,11,[]
7174,12,[]
7195,15,[]
7222,13,[]
7245,13,[]
7268,16,[]
7296,15,[]
7323,18,[]
7355,17,[]
7385,15,[]
7412,15,[]
7439,16,[]
7467,16,[]
7495,16,[]
7523,15,[]
7550,17,[]
7580,15,[]
7607,52,[]
7698,13,[]
7721,13,[]
7744,15,[]
7771,7,[]
7784,16,[]
7812,16,[]
7840,15,[]
7867,20,[]
7902,20,[]
7937,19,[]
7971,20,[]
8006,15,[]
8033,13,[]
8056,18,[]
8088,15,[]
8115,17,[]
8145,16,[]
8173,17,[]
8203,17,[]
8233,16,[]
8261,17,[]
8291,15,[0, 1, 2, 3, 4, 5, 6, 7, 8, 9, 10, 11, 12, 13, 14]
8318,16,[]
8346,13,[]
8369,16,[]
8397,16,[]
8425,14,[]
8450,13,[]
8473,7,[]
0,53,[]
93,4,[]
100,18,[]
132,8,[]
146,19,[]
180,19,[]
214,6,[]
225,21,[]
262,17,[]
292,7,[]
305,18,[]
337,6,[]
348,21,[]
385,19,[]
419,19,[]
453,7,[]
466,18,[]
498,18,[]
530,8,[]
544,16,[]
572,19,[]
606,7,[]
619,19,[]
653,6,[]
664,24,[]
706,20,[]
741,20,[]
776,3,[]
782,21,[]
819,22,[]
858,104,[]
1040,22,[]
1079,24,[]
1121,7,[]
1134,14,[]
1159,6,[]
1170,22,[]
1209,20,[]
1244,25,[]
1288,5,[]
1297,27,[]
1345,20,[]
1380,5,[]
1389,23,[]
1430,18,[]
1462,7,[]
1475,25,[]
1519,7,[]
1532,23,[]
1573,22,[]
1612,17,[]
1642,9,[]
1658,25,[]
1702,20,[]
1737,6,[]
1748,18,[]
1780,18,[]
1812,6,[]
1823,20,[]
1858,10,[]
1876,90,[]
2034,9,[]
2050,11,[]
2070,6,[]
2081,17,[]
2111,15,[]
2138,8,[]
2152,17,[]
2182,18,[]
2214,5,[]
2223,18,[]
2255,6,[0, 1, 2, 3, 4, 5]
2266,20,[]
2301,15,[]
2328,13,[]
2351,6,[]
2362,16,[]
2390,15,[]
2417,8,[]
2431,16,[]
2459,18,[]
2491,6,[]
2502,19,[]
2536,6,[]
2547,18,[]
2579,19,[]
2613,15,[]
2640,9,[]
2656,18,[]
2688,15,[]
2715,78,[]
2852,10,[]
2870,12,[]
2891,7,[]
2904,17,[]
2934,6,[]
2945,12,[]
2966,15,[]
2993,17,[]
3023,6,[]
3034,17,[]
3064,18,[]
3096,6,[]
3107,13,[]
3130,16,[]
3158,6,[]
3169,19,[]
3203,6,[]
3214,16,[]
3242,14,[]
3267,15,[]
3294,8,[]
3308,15,[]
3335,18,[]
3367,6,[]
3378,15,[]
3405,16,[]
3433,7,[]
3446,18,[]
3478,8,[]
3492,79,[]
3631,9,[]
3647,13,[]
3670,8,[]
3684,15,[]
3711,16,[]
3739,5,[]
3748,19,[]
3782,14,[]
3807,7,[]
3820,16,[]
3848,7,[]
3861,17,[]
3891,13,[]
3914,16,[]
3942,7,[]
3955,16,[]
3983,15,[]
4010,9,[]
4026,15,[]
4053,13,[]
4076,6,[]
4087,16,[]
4115,10,[]
4133,19,[]
4167,16,[]
4195,20,[]
4230,5,[]
4239,17,[]
4269,19,[]
4303,74,[]
4433,12,[]
4454,14,[]
4479,7,[]
4492,21,[]
4529,5,[]
4538,17,[]
4568,17,[]
4598,20,[]
4633,6,[0, 1, 2, 3, 4, 5]
4644,17,[]
4674,20,[]
4709,6,[]
4720,22,[]
4759,17,[]
4789,7,[]
4802,20,[]
4837,6,[]
4848,17,[]
4878,16,[]
4906,19,[]
4940,7,[]
4953,17,[]
4983,17,[]
5013,9,[]
5029,14,[]
5054,16,[]
5082,11,[]
5102,21,[]
5139,11,[]
5159,83,[]
5305,12,[]
5326,14,[]
5351,9,[]
5367,16,[]
5395,15,[]
5422,9,[]
5438,16,[]
5466,20,[]
5501,5,[]
5510,20,[]
5545,9,[]
5561,17,[]
5591,16,[]
5619,15,[]
5646,7,[]
5659,16,[]
5687,22,[]
5726,6,[]
5737,15,[]
5764,20,[]
5799,5,[]
5808,18,[]
5840,7,[]
5853,17,[]
5883,17,[]
5913,14,[]
5938,6,[]
5949,17,[]
5979,17,[]
6009,84,[]
6156,6,[]
6167,15,[]
6194,8,[]
6208,16,[]
6236,8,[]
6250,17,[]
6280,19,[]
6314,13,[]
6337,8,[]
6351,17,[]
6381,20,[]
6416,7,[]
6429,15,[]
6456,17,[]
6486,9,[]
6502,19,[]
6536,6,[]
6547,16,[]
6575,14,[]
6600,13,[]
6623,9,[]
6639,14,[]
6664,15,[]
6691,8,[]
6705,16,[]
6733,15,[]
6760,6,[0, 1, 2, 3, 4, 5]
6771,16,[]
6799,6,[]
6810,85,[]
6959,10,[]
6977,10,[]
6995,7,[]
7008,15,[]
7035,10,[]
7053,8,[]
7067,16,[0, 1, 2, 3, 4, 5, 6, 7, 8, 9, 10, 11, 12]
7095,15,[]
7122,10,[]
7140,16,[]
7168,7,[]
7181,17,[]
7211,15,[]
7238,16,[]
7266,5,[]
7275,20,[]
7310,17,[3, 4, 5, 6, 7, 8, 9, 10, 11, 12, 13, 14, 15, 16]
7340,5,[]
7349,16,[]
7377,20,[]
7412,6,[]
7423,17,[]
7453,7,[]
7466,17,[]
7496,17,[]
7526,18,[]
7558,6,[]
7569,17,[]
7599,17,[]
7629,90,[]
7787,9,[]
7803,11,[]
7823,6,[]
7834,16,[]
7862,6,[]
7873,16,[]
7901,16,[]
7929,17,[0, 1, 2, 3, 4, 5, 6, 7, 8, 9, 10, 11, 12, 13, 14, 15]
7959,10,[]
7977,19,[]
8011,19,[]
8045,6,[]
8056,20,[]
8091,20,[]
8126,6,[]
8137,22,[]
8176,6,[]
8187,20,[]
8222,17,[]
8252,16,[]
8280,9,[]
8296,16,[]
8324,17,[]
8354,7,[]
8367,17,[]
8397,18,[]
8429,6,[]
8440,21,[]
8477,7,[]
0,23,[2, 3, 4, 5, 6, 7, 8, 9, 10, 11, 12, 13, 14, 15, 16, 17, 18, 19, 20]
41,4,[]
48,10,[]
66,14,[]
91,13,[]
114,10,[]
132,16,[]
160,13,[]
183,12,[]
204,10,[]
222,12,[]
243,11,[]
263,14,[]
288,12,[]
309,14,[]
334,13,[]
357,15,[0, 1, 4, 5, 6, 7, 8, 9, 10, 11, 12, 13, 14]
384,13,[]
407,14,[]
432,12,[]
453,15,[]
480,13,[]
503,16,[]
531,17,[]
561,12,[0, 1, 2, 3, 4, 5, 6, 7, 8, 9, 10, 11]
582,13,[]
605,14,[]
630,19,[]
664,16,[]
692,14,[]
717,80,[]
857,12,[]
878,9,[]
894,10,[]
912,8,[]
926,15,[]
953,17,[]
983,16,[]
1011,15,[]
1038,17,[]
1068,15,[]
1095,16,[0, 1, 2, 3, 4, 5, 6, 7, 8, 9, 10, 11, 12, 13]
1123,16,[]
1151,15,[]
1178,17,[]
1208,15,[]
1235,16,[]
1263,14,[]
1288,16,[]
1316,15,[]
1343,16,[]
1371,15,[]
1398,18,[]
1430,17,[]
1460,15,[]
1487,13,[]
1510,18,[]
1542,17,[]
1572,13,[]
1595,15,[]
1622,82,[]
1766,7,[]
1779,11,[]
1799,12,[]
1820,14,[]
1845,13,[]
1868,14,[]
1893,13,[]
1916,13,[]
1939,14,[]
1964,15,[]
1991,14,[]
2016,15,[]
2043,12,[]
2064,13,[]
2087,9,[]
2103,14,[]
2128,14,[]
2153,17,[]
2183,13,[]
2206,17,[]
2236,13,[]
2259,14,[]
2284,10,[0, 1, 2, 3, 4, 5, 6, 7, 8, 9]
2302,14,[]
2327,14,[]
2352,15,[]
2379,14,[]
2404,17,[]
2434,14,[]
2459,82,[]
2603,8,[]
2617,10,[]
2635,10,[]
2653,16,[]
2681,14,[]
2706,14,[]
2731,15,[]
2758,15,[]
2785,14,[]
2810,15,[]
2837,14,[]
2862,18,[]
2894,17,[]
2924,18,[]
2956,15,[]
2983,19,[]
3017,14,[]
3042,22,[]
3081,16,[]
3109,16,[]
3137,20,[]
3172,18,[]
3204,17,[]
3234,17,[]
3264,16,[]
3292,17,[]
3322,14,[]
3347,18,[]
3379,18,[]
3411,83,[]
3557,6,[]
3568,11,[]
3588,11,[]
3608,11,[]
3628,13,[]
3651,13,[]
3674,15,[]
3701,17,[]
3731,16,[]
3759,18,[]
3791,15,[]
3818,19,[]
3852,16,[]
3880,18,[]
3912,14,[]
3937,18,[]
3969,17,[]
3999,17,[]
4029,15,[]
4056,18,[]
4088,15,[]
4115,18,[]
4147,15,[]
4174,14,[]
4199,15,[]
4226,16,[]
4254,14,[]
4279,15,[]
4306,14,[]
4331,85,[]
4480,7,[]
4493,11,[]
4513,13,[]
4536,14,[]
4561,16,[]
4589,17,[]
4619,16,[]
4647,15,[]
4674,14,[]
4699,14,[]
4724,15,[]
4751,16,[]
4779,16,[]
4807,15,[]
4834,14,[]
4859,15,[]
4886,15,[]
4913,17,[]
4943,16,[]
4971,17,[]
5001,16,[]
5029,17,[]
5059,15,[]
5086,16,[]
5114,15,[]
5141,16,[]
5169,16,[]
5197,15,[]
5224,16,[]
5252,87,[]
5405,6,[]
5416,10,[]
5434,11,[]
5454,17,[]
5484,14,[]
5509,16,[]
5537,14,[]
5562,14,[]
5587,15,[]
5614,15,[]
5641,14,[]
5666,16,[]
5694,13,[]
5717,15,[]
5744,16,[]
5772,16,[]
5800,14,[]
5825,14,[]
5850,16,[]
5878,16,[]
5906,16,[]
5934,13,[]
5957,17,[]
5987,16,[]
6015,16,[]
6043,15,[]
6070,15,[]
6097,17,[]
6127,15,[]
6154,86,[]
6305,7,[0, 1, 2, 3, 4, 5, 6]
6318,12,[]
6339,12,[]
6360,13,[]
6383,11,[]
6403,15,[]
6430,13,[]
6453,14,[]
6478,15,[]
6505,15,[0, 1, 2, 3, 4, 5, 6, 7, 8, 9, 10, 11, 12, 13, 14]
6532,16,[]
6560,18,[]
6592,17,[]
6622,17,[]
6652,17,[]
6682,19,[]
6716,16,[]
6744,15,[]
6771,14,[]
6796,15,[]
6823,15,[]
6850,16,[]
6878,14,[]
6903,16,[]
6931,16,[]
6959,17,[]
6989,17,[]
7019,17,[]
7049,15,[]
7076,88,[]
7230,6,[]
7241,10,[]
7259,11,[]
7279,15,[]
7306,14,[]
7331,13,[]
7354,12,[]
7375,15,[]
7402,12,[]
7423,16,[]
7451,13,[]
7474,16,[]
7502,14,[]
7527,15,[]
7554,16,[]
7582,18,[]
7614,15,[]
7641,14,[]
7666,12,[]
7687,13,[]
7710,14,[]
7735,13,[]
7758,12,[]
7779,14,[]
7804,13,[]
7827,14,[0, 1, 2, 3, 4, 5, 6, 7, 8, 9, 10, 11, 12, 13]
7852,13,[]
7875,14,[]
7900,13,[]
7923,92,[]
8084,7,[]
8097,11,[]
8117,12,[]
8138,14,[]
8163,12,[]
8184,15,[]
8211,13,[]
8234,16,[]
8262,13,[]
8285,15,[]
8312,14,[]
8337,17,[]
8367,13,[]
8390,15,[]
8417,14,[]
8442,17,[]
8472,15,[]
8499,16,[]
8527,15,[]
8554,17,[]
8584,14,[]
8609,15,[]
8636,14,[]
8661,17,[]
8691,14,[0, 1, 2, 3, 4, 5, 6, 7, 8, 9, 10, 11, 12, 13]
8716,15,[]
8743,12,[]
8764,16,[]
8792,13,[]
0,27,[]
48,5,[]
57,8,[]
71,9,[]
87,7,[]
100,15,[]
127,13,[]
150,13,[]
173,13,[]
196,6,[]
207,15,[]
234,12,[]
255,14,[]
280,11,[]
300,12,[]
321,10,[]
339,11,[]
359,12,[]
380,12,[]
401,15,[]
428,15,[]
455,6,[]
466,12,[]
487,15,[]
514,15,[]
541,13,[]
564,13,[]
587,12,[]
608,10,[]
626,19,[]
660,95,[]
827,16,[]
855,14,[]
880,1,[]
882,6,[]
893,11,[]
913,15,[]
940,12,[]
961,18,[]
993,13,[]
1016,8,[]
1030,16,[]
1058,14,[]
1083,17,[0, 1, 2, 3, 4, 5, 6, 7, 8, 9, 10, 11, 12, 13, 14, 15, 16]
1113,16,[]
1141,5,[]
1150,16,[]
1178,15,[]
1205,16,[]
1233,15,[]
1260,16,[]
1288,15,[]
1315,15,[]
1342,12,[]
1363,12,[]
1384,13,[]
1407,14,[]
1432,11,[]
1452,10,[]
1470,16,[]
1498,89,[]
1654,9,[]
1670,11,[]
1690,11,[]
1710,12,[]
1731,7,[]
1744,14,[]
1769,12,[]
1790,19,[]
1824,14,[]
1849,9,[]
1865,13,[]
1888,17,[]
1918,13,[]
1941,14,[]
1966,17,[]
1996,19,[]
2030,12,[]
2051,17,[]
2081,17,[]
2111,21,[]
2148,18,[]
2180,5,[0, 1, 2, 3, 4]
2189,17,[]
2219,20,[]
2254,18,[]
2286,19,[]
2320,17,[]
2350,19,[]
2384,5,[]
2393,84,[]
2540,10,[]
2558,15,[]
2585,20,[]
2620,7,[]
2633,21,[]
2670,18,[]
2702,16,[]
2730,16,[]
2758,16,[]
2786,14,[]
2811,16,[]
2839,9,[]
2855,17,[]
2885,17,[]
2915,17,[]
2945,19,[2, 3, 4, 5, 6, 7, 8, 9, 10, 11, 12, 13, 14, 15, 16, 17, 18]
2979,18,[]
3011,19,[]
3045,10,[]
3063,17,[]
3093,21,[]
3130,18,[]
3162,19,[]
3196,8,[]
3210,20,[]
3245,15,[]
3272,24,[]
3314,15,[]
3341,14,[]
3366,55,[]
3463,2,[]
3467,12,[]
3488,13,[]
3511,13,[]
3534,15,[]
3561,8,[]
3575,14,[]
3600,16,[]
3628,16,[]
3656,14,[]
3681,15,[]
3708,15,[]
3735,9,[]
3751,16,[]
3779,17,[]
3809,17,[]
3839,21,[]
3876,6,[]
3887,18,[]
3919,20,[]
3954,21,[]
3991,20,[]
4026,15,[]
4053,17,[]
4083,11,[]
4103,17,[]
4133,15,[]
4160,16,[]
4188,18,[]
4220,58,[]
4322,2,[]
4326,13,[]
4349,15,[]
4376,17,[]
4406,15,[]
4433,16,[]
4461,17,[]
4491,9,[]
4507,18,[]
4539,17,[]
4569,15,[]
4596,16,[]
4624,11,[]
4644,19,[]
4678,16,[]
4706,17,[]
4736,20,[]
4771,18,[]
4803,20,[]
4838,10,[]
4856,19,[]
4890,18,[]
4922,25,[]
4966,23,[]
5007,8,[]
5021,29,[]
5072,23,[]
5113,21,[]
5150,24,[]
5192,57,[]
5292,22,[]
5331,6,[]
5342,24,[]
5384,22,[]
5423,20,[]
5458,19,[]
5492,8,[]
5506,21,[]
5543,20,[]
5578,33,[]
5636,25,[]
5680,24,[]
5722,30,[]
5775,9,[]
5791,29,[]
5842,26,[]
5888,18,[]
5920,17,[]
5950,18,[]
5982,14,[]
6007,16,[]
6035,16,[]
6063,18,[]
6095,16,[]
6123,19,[]
6157,22,[]
6196,8,[]
6210,28,[]
6259,22,[]
6298,37,[]
6363,13,[]
6386,7,[]
6399,20,[]
6434,15,[1, 2, 3, 4, 5, 6, 7, 8, 9, 10, 11, 12, 13, 14]
6461,14,[]
6486,17,[]
6516,11,[]
6536,13,[]
6559,14,[]
6584,13,[]
6607,6,[]
6618,16,[]
6646,18,[]
6678,17,[]
6708,22,[]
6747,6,[]
6758,18,[]
6790,16,[]
6818,15,[]
6845,15,[]
6872,14,[]
6897,18,[]
6929,7,[]
6942,16,[]
6970,18,[]
7002,16,[]
7030,14,[]
7055,16,[]
7083,15,[]
7110,43,[]
7186,13,[]
7209,16,[]
7237,18,[]
7269,10,[]
7287,17,[]
7317,15,[]
7344,14,[]
7369,15,[]
7396,13,[]
7419,8,[0, 1, 2, 3, 4, 5, 6, 7]
7433,19,[]
7467,12,[]
7488,16,[]
7516,17,[]
7546,18,[]
7578,16,[]
7606,16,[]
7634,7,[]
7647,15,[]
7674,18,[]
7706,16,[]
7734,16,[]
7762,12,[]
7783,11,[]
7803,11,[]
7823,12,[]
7844,14,[]
7869,18,[]
7901,6,[]
7912,48,[]
7996,8,[]
8010,11,[]
8030,13,[]
8053,5,[]
8062,14,[]
8087,23,[]
8128,11,[]
8148,14,[]
8173,13,[]
8196,15,[]
8223,8,[]
8237,13,[]
8260,13,[]
8283,14,[]
8308,20,[]
8343,9,[]
8359,12,[]
8380,16,[]
8408,14,[0, 1, 2, 3, 4, 5, 6, 7, 8, 9, 10, 11, 12, 13]
8433,17,[]
8463,12,[]
8484,15,[]
8511,7,[]
8524,14,[]
8549,13,[]
8572,12,[]
8593,12,[]
8614,15,[]
8641,7,[]
0,24,[]
42,2,[]
46,6,[]
57,12,[]
78,10,[]
96,15,[]
123,10,[]
141,11,[]
161,12,[]
182,12,[]
203,11,[]
223,9,[]
239,13,[]
262,8,[]
276,10,[]
294,14,[]
319,13,[]
342,9,[]
358,12,[]
379,6,[]
390,10,[]
408,14,[]
433,16,[]
461,8,[]
475,8,[]
489,8,[]
503,14,[]
528,18,[]
560,13,[]
583,17,[]
613,110,[]
806,14,[]
831,15,[]
858,5,[]
867,5,[]
876,11,[]
896,14,[]
921,22,[]
960,23,[]
1001,23,[]
1042,23,[]
1083,24,[]
1125,23,[]
1166,23,[]
1207,23,[]
1248,24,[]
1290,24,[]
1332,24,[]
1374,26,[]
1420,28,[]
1469,28,[]
1518,29,[]
1569,27,[]
1617,24,[]
1659,27,[]
1707,26,[]
1753,26,[]
1799,26,[]
1845,26,[]
1891,25,[]
1935,59,[]
2039,19,[]
2073,23,[]
2114,22,[]
2153,24,[]
2195,22,[]
2234,24,[]
2276,24,[]
2318,20,[]
2353,23,[]
2394,21,[]
2431,18,[]
2463,20,[]
2498,16,[]
2526,15,[]
2553,15,[]
2580,14,[]
2605,14,[0, 1, 2, 3, 4, 5, 6, 7, 8, 9, 10, 11, 12, 13]
2630,15,[]
2657,15,[]
2684,14,[]
2709,18,[]
2741,12,[]
2762,12,[]
2783,13,[]
2806,11,[]
2826,13,[]
2849,10,[]
2867,12,[]
2888,9,[]
2904,67,[]
3022,5,[]
3031,7,[]
3044,8,[]
3058,9,[]
3074,8,[]
3088,9,[]
3104,11,[]
3124,9,[]
3140,10,[]
3158,9,[]
3174,9,[]
3190,8,[]
3204,11,[]
3224,9,[]
3240,10,[]
3258,8,[]
3272,7,[]
3285,12,[]
3306,8,[]
3320,10,[]
3338,8,[]
3352,10,[]
3370,12,[]
3391,10,[]
3409,9,[]
3425,9,[]
3441,10,[]
3459,10,[]
3477,11,[]
3497,73,[]
3625,4,[]
3632,8,[]
3646,6,[]
3657,9,[]
3673,9,[]
3689,8,[]
3703,10,[]
3721,11,[]
3741,9,[]
3757,9,[]
3773,9,[0, 1, 2, 3, 4, 5, 6, 7]
3789,12,[]
3810,9,[]
3826,9,[]
3842,8,[]
3856,10,[]
3874,8,[]
3888,9,[]
3904,8,[]
3918,13,[]
3941,9,[]
3957,8,[]
3971,12,[]
3992,11,[]
4012,11,[]
4032,9,[]
4048,28,[]
4097,23,[]
4138,7,[]
4151,73,[]
4279,4,[]
4286,7,[]
4299,11,[]
4319,11,[]
4339,11,[]
4359,13,[]
4382,14,[]
4407,17,[]
4437,17,[]
4467,19,[]
4501,20,[]
4536,22,[]
4575,22,[]
4614,22,[]
4653,20,[]
4688,24,[]
4730,23,[]
4771,23,[]
4812,21,[]
4849,22,[]
4888,21,[]
4925,20,[]
4960,22,[]
4999,24,[]
5041,22,[]
5080,21,[]
5117,22,[]
5156,21,[]
5193,18,[]
5225,50,[]
5313,16,[]
5341,15,[]
5368,14,[]
5393,16,[]
5421,14,[]
5446,15,[]
5473,13,[]
5496,14,[]
5521,19,[]
5555,11,[]
5575,13,[]
5598,15,[]
5625,16,[]
5653,16,[]
5681,16,[]
5709,16,[]
5737,17,[]
5767,15,[]
5794,17,[]
5824,14,[]
5849,17,[]
5879,9,[]
5895,12,[]
5916,13,[]
5939,12,[]
5960,12,[]
5981,16,[]
6009,16,[]
6037,13,[]
6060,63,[]
6171,9,[]
6187,10,[]
6205,9,[]
6221,14,[]
6246,9,[]
6262,12,[]
6283,10,[]
6301,12,[]
6322,10,[]
6340,12,[]
6361,10,[]
6379,10,[0, 1, 2, 3, 4, 5, 6, 7, 8, 9]
6397,10,[]
6415,10,[]
6433,13,[]
6456,10,[]
6474,8,[]
6488,9,[]
6504,8,[]
6518,9,[]
6534,9,[]
6550,9,[]
6566,15,[]
6593,11,[]
6613,12,[]
6634,12,[]
6655,9,[]
6671,10,[]
6689,8,[]
6703,84,[]
6850,3,[]
6856,4,[]
6863,7,[]
6876,6,[]
6887,10,[]
6905,8,[]
6919,7,[]
6932,9,[]
6948,9,[]
6964,11,[]
6984,9,[0, 1, 2, 3, 4, 5, 6, 7, 8]
7000,10,[]
7018,9,[]
7034,7,[]
7047,8,[]
7061,9,[]
7077,8,[]
7091,9,[]
7107,9,[]
7123,9,[]
7139,14,[]
7164,9,[]
7180,11,[]
7200,11,[]
7220,13,[]
7243,9,[]
7259,9,[]
7275,11,[]
7295,9,[]
7311,104,[]
7493,6,[]
7504,10,[]
7522,13,[]
7545,15,[]
7572,14,[]
7597,13,[]
7620,17,[]
7650,19,[]
7684,19,[]
7718,21,[]
7755,20,[]
7790,22,[]
7829,21,[]
7866,21,[]
7903,23,[]
7944,22,[]
7983,21,[]
8020,22,[]
8059,22,[]
8098,24,[]
8140,25,[]
8184,26,[]
8230,23,[]
8271,26,[]
8317,24,[]
8359,25,[]
8403,24,[]
8445,24,[]
8487,9,[0, 1, 2, 3, 4, 5, 6, 7, 8]
0,82,[]
144,10,[]
162,16,[]
190,20,[]
225,7,[]
238,16,[]
266,15,[]
293,20,[]
328,24,[]
370,4,[]
377,18,[0, 1, 2, 3, 4, 5, 6, 7, 8, 9, 10, 11, 12, 13, 14, 15, 16, 17]
409,22,[]
448,20,[]
483,7,[]
496,22,[]
535,20,[]
570,22,[]
609,25,[]
653,6,[]
664,23,[]
705,22,[]
744,27,[]
792,20,[]
827,22,[]
866,9,[]
882,29,[]
933,21,[]
970,25,[]
1014,7,[]
1027,21,[]
1064,201,[]
1416,17,[]
1446,21,[]
1483,5,[]
1492,15,[]
1519,13,[]
1542,16,[]
1570,14,[]
1595,6,[]
1606,22,[]
1645,19,[]
1679,15,[2, 3, 4, 5, 6, 7, 8, 9, 10, 11, 12, 13, 14]
1706,18,[]
1738,14,[]
1763,5,[]
1772,17,[]
1802,13,[]
1825,19,[]
1859,15,[]
1886,6,[0, 1, 2, 3, 4, 5]
1897,16,[]
1925,14,[]
1950,15,[]
1977,9,[]
1993,15,[]
2020,12,[]
2041,14,[]
2066,13,[]
2089,15,[]
2116,6,[]
2127,132,[]
2358,3,[]
2364,6,[]
2375,6,[]
2386,7,[]
2399,7,[]
2412,7,[]
2425,10,[]
2443,7,[]
2456,11,[]
2476,11,[]
2496,11,[]
2516,7,[]
2529,13,[]
2552,16,[]
2580,11,[]
2600,7,[]
2613,12,[]
2634,12,[]
2655,13,[]
2678,10,[]
2696,14,[]
2721,10,[]
2739,13,[]
2762,10,[]
2780,18,[]
2812,13,[]
2835,16,[]
2863,9,[]
2879,16,[]
2907,110,[]
3100,4,[]
3107,9,[]
3123,7,[]
3136,14,[]
3161,10,[]
3179,10,[]
3197,6,[]
3208,12,[]
3229,12,[]
3250,14,[]
3275,6,[]
3286,15,[]
3313,12,[]
3334,12,[]
3355,13,[]
3378,9,[]
3394,16,[]
3422,14,[]
3447,14,[]
3472,16,[]
3500,11,[]
3520,13,[]
3543,14,[]
3568,14,[]
3593,15,[]
3620,9,[]
3636,18,[]
3668,15,[]
3695,14,[]
3720,124,[]
3937,4,[]
3944,7,[]
3957,9,[]
3973,9,[]
3989,14,[]
4014,13,[]
4037,13,[]
4060,17,[]
4090,6,[]
4101,17,[]
4131,14,[]
4156,14,[]
4181,9,[]
4197,17,[]
4227,15,[]
4254,16,[]
4282,10,[]
4300,16,[]
4328,12,[]
4349,18,[]
4381,7,[]
4394,18,[]
4426,15,[]
4453,18,[]
4485,10,[]
4503,21,[]
4540,15,[]
4567,17,[]
4597,8,[]
4611,144,[]
4863,3,[]
4869,5,[]
4878,9,[]
4894,10,[]
4912,11,[]
4932,9,[]
4948,11,[]
4968,8,[]
4982,11,[]
5002,11,[]
5022,8,[]
5036,13,[]
5059,12,[0, 1, 2, 3, 4, 5, 6, 7, 8, 9, 10, 11]
5080,12,[]
5101,16,[]
5129,9,[]
5145,14,[]
5170,12,[]
5191,20,[]
5226,7,[]
5239,14,[]
5264,15,[]
5291,9,[]
5307,18,[]
5339,12,[]
5360,16,[]
5388,9,[]
5404,11,[]
5424,17,[]
5454,156,[]
5727,2,[]
5731,1,[]
5733,3,[]
5739,4,[]
5746,7,[]
5759,7,[]
5772,11,[]
5792,8,[]
5806,13,[]
5829,7,[]
5842,13,[]
5865,12,[]
5886,12,[]
5907,9,[]
5923,16,[]
5951,12,[]
5972,13,[]
5995,10,[]
6013,10,[]
6031,10,[]
6049,10,[]
6067,9,[]
6083,12,[]
6104,13,[]
6127,7,[]
6140,12,[]
6161,16,[]
6189,12,[]
6210,19,[]
6244,115,[]
6446,3,[]
6452,4,[]
6459,6,[]
6470,10,[]
6488,10,[]
6506,10,[]
6524,2,[]
6528,8,[]
6542,9,[]
6558,9,[]
6574,13,[]
6597,7,[]
6610,13,[]
6633,15,[]
6660,13,[]
6683,16,[]
6711,14,[]
6736,14,[]
6761,8,[0, 1, 2, 3, 4, 5, 6, 7]
6775,16,[]
6803,14,[]
6828,15,[]
6855,12,[]
6876,17,[]
6906,16,[]
6934,17,[]
6964,8,[]
6978,17,[]
7008,17,[]
7038,141,[]
7285,3,[]
7291,7,[]
7304,9,[]
7320,9,[]
7336,11,[]
7356,12,[]
7377,6,[0, 1, 2, 3, 4, 5]
7388,12,[]
7409,10,[]
7427,13,[]
7450,13,[]
7473,8,[]
7487,11,[]
7507,13,[]
7530,17,[]
7560,8,[]
7574,17,[]
7604,18,[]
7636,11,[]
7656,18,[]
7688,14,[]
7713,13,[]
7736,15,[]
7763,22,[]
7802,9,[]
7818,11,[]
7838,15,[]
7865,13,[]
7888,19,[]
7922,165,[]
8211,1,[]
8213,2,[]
8217,6,[]
8228,7,[]
8241,10,[]
8259,10,[]
8277,4,[0, 1, 2, 3]
8284,13,[]
8307,8,[]
8321,10,[]
8339,4,[]
8346,11,[]
8366,9,[]
8382,10,[]
8400,13,[]
8423,10,[]
8441,12,[]
8462,11,[]
8482,8,[]
8496,9,[]
8512,15,[]
8539,12,[0, 1, 2, 3, 4, 5, 6, 7, 8, 9, 10, 11]
8560,8,[]
8574,10,[]
8592,15,[]
8619,15,[]
8646,13,[]
8669,11,[]
8689,11,[]
0,26,[]
46,2,[]
50,8,[]
64,10,[]
82,8,[]
96,14,[]
121,13,[]
144,8,[0, 1, 2, 3, 4, 5, 6]
158,9,[]
174,7,[]
187,9,[]
203,10,[]
221,8,[]
235,11,[]
255,11,[]
275,9,[]
291,9,[]
307,14,[]
332,17,[]
362,9,[]
378,13,[]
401,22,[]
440,20,[]
475,23,[]
516,17,[]
546,14,[]
571,14,[]
596,13,[]
619,16,[]
647,28,[]
696,112,[]
892,8,[]
906,6,[]
917,6,[]
928,4,[]
935,7,[]
948,14,[]
973,10,[]
991,11,[]
1011,12,[]
1032,11,[]
1052,9,[]
1068,13,[]
1091,12,[2, 3, 4, 5, 6, 7, 8, 9, 10, 11]
1112,12,[]
1133,12,[]
1154,13,[]
1177,12,[]
1198,14,[]
1223,16,[]
1251,12,[]
1272,14,[]
1297,14,[]
1322,13,[]
1345,12,[0, 1, 2, 3, 4, 5, 6, 7, 8, 9, 10, 11]
1366,13,[]
1389,14,[]
1414,12,[]
1435,14,[]
1460,11,[]
1480,92,[]
1641,8,[]
1655,8,[]
1669,10,[]
1687,9,[]
1703,11,[]
1723,10,[]
1741,12,[]
1762,12,[]
1783,9,[]
1799,12,[]
1820,11,[]
1840,10,[]
1858,13,[]
1881,14,[]
1906,13,[]
1929,15,[]
1956,14,[]
1981,13,[]
2004,12,[]
2025,14,[]
2050,14,[]
2075,16,[]
2103,17,[]
2133,14,[]
2158,13,[]
2181,15,[]
2208,14,[]
2233,12,[]
2254,13,[]
2277,110,[]
2470,4,[]
2477,8,[]
2491,9,[]
2507,10,[]
2525,12,[]
2546,11,[]
2566,10,[]
2584,15,[]
2611,9,[]
2627,9,[]
2643,13,[]
2666,12,[]
2687,9,[]
2703,14,[]
2728,13,[]
2751,12,[]
2772,13,[]
2795,13,[]
2818,9,[]
2834,13,[]
2857,15,[]
2884,15,[]
2911,12,[]
2932,14,[]
2957,11,[]
2977,14,[]
3002,14,[]
3027,15,[]
3054,10,[]
3072,121,[]
3284,6,[]
3295,9,[]
3311,13,[]
3334,15,[]
3361,10,[]
3379,12,[]
3400,11,[]
3420,11,[]
3440,15,[]
3467,15,[]
3494,20,[]
3529,12,[2, 3, 4, 5, 6, 7, 8, 9, 10, 11]
3550,14,[]
3575,10,[]
3593,17,[]
3623,18,[]
3655,16,[]
3683,15,[]
3710,14,[]
3735,12,[0, 1, 2, 3, 4, 5, 6, 7, 8, 9, 10, 11]
3756,13,[]
3779,17,[]
3809,10,[]
3827,15,[]
3854,14,[]
3879,13,[]
3902,14,[]
3927,15,[]
3954,9,[]
3970,123,[]
4186,8,[]
4200,9,[]
4216,10,[]
4234,11,[]
4254,14,[]
4279,13,[]
4302,11,[]
4322,12,[]
4343,11,[]
4363,10,[]
4381,11,[]
4401,11,[]
4421,10,[]
4439,16,[]
4467,9,[]
4483,11,[]
4503,12,[]
4524,10,[]
4542,10,[]
4560,14,[]
4585,9,[]
4601,10,[]
4619,11,[]
4639,10,[]
4657,11,[]
4677,11,[]
4697,10,[]
4715,12,[]
4736,16,[]
4764,143,[]
5015,7,[]
5028,8,[1, 2, 3, 4, 5, 6, 7]
5042,8,[]
5056,9,[]
5072,9,[]
5088,9,[]
5104,10,[]
5122,10,[]
5140,12,[]
5161,11,[]
5181,10,[]
5199,12,[0, 1, 2, 3, 4, 5, 6, 7, 8, 9, 10, 11]
5220,14,[]
5245,13,[]
5268,8,[]
5282,9,[]
5298,14,[]
5323,10,[]
5341,9,[]
5357,10,[]
5375,11,[]
5395,10,[]
5413,9,[0, 1, 2, 3, 4, 5, 6, 7, 8]
5429,10,[]
5447,9,[]
5463,9,[]
5479,8,[]
5493,9,[]
5509,7,[]
5522,171,[]
5822,4,[]
5829,5,[]
5838,5,[]
5847,7,[]
5860,5,[]
5869,9,[]
5885,9,[0, 1, 2, 3, 4, 5, 6, 7, 8]
5901,10,[]
5919,9,[]
5935,9,[]
5951,7,[]
5964,9,[]
5980,9,[]
5996,11,[]
6016,12,[]
6037,12,[]
6058,10,[]
6076,11,[]
6096,10,[]
6114,9,[]
6130,10,[]
6148,10,[]
6166,11,[]
6186,17,[]
6216,11,[]
6236,9,[]
6252,10,[]
6270,10,[]
6288,9,[]
6304,164,[]
6591,6,[]
6602,7,[]
6615,10,[]
6633,12,[]
6654,13,[]
6677,14,[]
6702,15,[]
6729,14,[]
6754,16,[]
6782,18,[]
6814,18,[]
6846,15,[]
6873,11,[]
6893,10,[]
6911,8,[]
6925,10,[]
6943,14,[]
6968,17,[]
6998,18,[]
7030,13,[]
7053,12,[]
7074,10,[]
7092,10,[]
7110,11,[]
7130,13,[]
7153,10,[]
7171,12,[]
7192,10,[]
7210,12,[]
7231,165,[]
7520,6,[]
7531,9,[]
7547,8,[]
7561,10,[]
7579,13,[]
7602,13,[]
7625,10,[0, 1, 2, 3, 4, 5, 6, 7, 8, 9]
7643,15,[]
7670,12,[]
7691,10,[]
7709,12,[]
7730,15,[]
7757,10,[]
7775,10,[]
7793,14,[]
7818,13,[]
7841,7,[]
7854,10,[]
7872,13,[]
7895,9,[]
7911,11,[]
7931,13,[]
7954,7,[]
7967,10,[]
7985,11,[]
8005,7,[]
8018,9,[]
8034,12,[]
8055,14,[]
0,51,[]
90,13,[]
113,14,[]
138,15,[]
165,14,[]
190,12,[]
211,15,[]
238,13,[]
261,15,[]
288,13,[]
311,12,[]
332,17,[]
362,15,[]
389,12,[]
410,10,[]
428,10,[]
446,12,[]
467,17,[]
497,17,[]
527,16,[]
555,17,[]
585,14,[]
610,13,[]
633,16,[1, 3, 4, 5, 6, 7, 8, 9, 10, 11, 12, 13, 14]
661,17,[]
691,19,[]
725,19,[]
759,19,[]
793,18,[]
825,16,[]
853,76,[]
986,14,[]
1011,20,[]
1046,19,[1, 2, 3, 4, 5, 6, 7, 8, 9, 10, 11, 12, 13, 14, 15, 16, 17, 18]
1080,13,[]
1103,13,[]
1126,15,[]
1153,15,[]
1180,22,[]
1219,16,[]
1247,15,[]
1274,17,[]
1304,18,[]
1336,13,[]
1359,13,[]
1382,17,[]
1412,14,[]
1437,16,[]
1465,14,[]
1490,13,[]
1513,16,[]
1541,16,[]
1569,18,[]
1601,17,[]
1631,18,[1, 2, 3, 4, 5, 6, 7, 8, 9, 10, 11, 12, 13, 14, 15]
1663,15,[]
1690,22,[]
1729,14,[]
1754,18,[]
1786,22,[]
1825,68,[]
1944,6,[]
1955,10,[]
1973,13,[0, 1, 2, 3, 4, 5, 6, 7, 8, 9, 10, 11, 12]
1996,13,[]
2019,12,[]
2040,12,[]
2061,12,[]
2082,13,[]
2105,11,[]
2125,13,[]
2148,12,[]
2169,13,[]
2192,11,[]
2212,12,[]
2233,12,[]
2254,13,[]
2277,11,[]
2297,12,[]
2318,12,[]
2339,14,[]
2364,12,[]
2385,12,[]
2406,12,[]
2427,12,[]
2448,11,[]
2468,15,[]
2495,13,[]
2518,13,[]
2541,11,[]
2561,73,[]
2689,4,[]
2696,6,[]
2707,9,[]
2723,10,[]
2741,9,[]
2757,10,[]
2775,10,[]
2793,12,[]
2814,14,[]
2839,15,[]
2866,17,[]
2896,15,[]
2923,14,[]
2948,15,[]
2975,15,[]
3002,16,[]
3030,17,[]
3060,16,[]
3088,16,[]
3116,20,[]
3151,16,[]
3179,16,[]
3207,22,[]
3246,20,[]
3281,20,[]
3316,24,[]
3358,14,[]
3383,16,[]
3411,20,[]
3446,82,[]
3590,7,[]
3603,11,[]
3623,13,[]
3646,12,[]
3667,9,[]
3683,10,[0, 1, 2, 3, 4, 5, 6, 7, 8, 9]
3701,13,[]
3724,13,[]
3747,14,[]
3772,13,[]
3795,12,[]
3816,15,[]
3843,13,[]
3866,12,[]
3887,13,[]
3910,15,[]
3937,13,[]
3960,13,[]
3983,17,[]
4013,18,[]
4045,15,[]
4072,15,[]
4099,16,[]
4127,19,[]
4161,16,[]
4189,16,[]
4217,15,[]
4244,18,[]
4276,16,[]
4304,68,[]
4423,9,[]
4439,11,[]
4459,14,[]
4484,14,[]
4509,11,[]
4529,14,[]
4554,16,[]
4582,17,[]
4612,14,[]
4637,13,[]
4660,13,[]
4683,16,[]
4711,16,[]
4739,13,[]
4762,16,[]
4790,18,[]
4822,14,[]
4847,15,[]
4874,17,[]
4904,18,[]
4936,14,[]
4961,18,[]
4993,16,[]
5021,16,[]
5049,13,[]
5072,19,[]
5106,14,[]
5131,15,[]
5158,16,[]
5186,71,[]
5311,7,[]
5324,12,[]
5345,11,[]
5365,14,[]
5390,14,[]
5415,11,[]
5435,13,[]
5458,17,[]
5488,16,[]
5516,14,[]
5541,12,[]
5562,15,[]
5589,16,[]
5617,16,[2, 3, 4, 5, 6, 7, 8, 9, 10, 11, 12, 13, 14, 15]
5645,12,[]
5666,15,[]
5693,13,[]
5716,17,[]
5746,17,[]
5776,18,[]
5808,18,[]
5840,12,[]
5861,16,[]
5889,13,[]
5912,16,[]
5940,17,[]
5970,15,[]
5997,17,[]
6027,15,[]
6054,71,[]
6179,8,[]
6193,11,[]
6213,13,[]
6236,17,[]
6266,16,[]
6294,18,[]
6326,14,[]
6351,15,[]
6378,14,[]
6403,17,[]
6433,15,[]
6460,13,[]
6483,15,[]
6510,16,[]
6538,13,[]
6561,14,[]
6586,16,[]
6614,14,[]
6639,12,[]
6660,13,[]
6683,12,[]
6704,15,[]
6731,14,[]
6756,13,[]
6779,13,[]
6802,17,[]
6832,15,[]
6859,15,[]
6886,17,[]
6916,75,[]
7048,6,[]
7059,11,[]
7079,15,[]
7106,10,[]
7124,13,[]
7147,15,[0, 1, 2, 3, 4, 5, 6, 7, 8, 9, 10, 11, 12]
7174,15,[]
7201,15,[]
7228,14,[]
7253,16,[]
7281,14,[]
7306,15,[]
7333,12,[]
7354,15,[]
7381,15,[]
7408,16,[]
7436,12,[]
7457,14,[]
7482,14,[]
7507,17,[]
7537,14,[]
7562,14,[]
7587,14,[]
7612,16,[]
7640,13,[]
7663,14,[]
7688,13,[]
7711,16,[]
7739,14,[0, 1, 2, 3, 4, 5, 6, 7, 8, 9, 10, 11, 12]
7764,81,[]
7906,6,[]
7917,11,[]
7937,12,[]
7958,13,[]
7981,11,[]
8001,13,[]
8024,12,[]
8045,15,[]
8072,15,[0, 1, 2, 3, 4, 5, 6, 7, 8, 9, 10, 11, 12]
8099,16,[]
8127,16,[]
8155,19,[]
8189,14,[]
8214,15,[]
8241,16,[]
8269,16,[]
8297,12,[]
8318,14,[]
8343,14,[]
8368,18,[]
8400,12,[]
8421,14,[]
8446,12,[]
8467,16,[]
8495,14,[]
8520,13,[]
8543,13,[]
8566,15,[]
8593,3,[]
0,45,[]
79,13,[]
102,12,[2, 3, 4, 5, 6, 7, 8, 9, 10, 11]
123,2,[]
127,14,[]
152,17,[]
182,17,[]
212,18,[]
244,17,[]
274,10,[]
292,17,[]
322,17,[]
352,16,[]
380,15,[]
407,17,[]
437,10,[]
455,19,[]
489,18,[]
521,18,[]
553,19,[]
587,16,[]
615,6,[]
626,18,[]
658,18,[]
690,23,[]
731,11,[]
751,12,[]
772,9,[]
788,13,[]
811,12,[]
832,113,[]
1030,10,[]
1048,12,[]
1069,6,[]
1080,10,[]
1098,9,[]
1114,11,[]
1134,14,[]
1159,15,[]
1186,6,[]
1197,12,[]
1218,13,[]
1241,14,[]
1266,13,[]
1289,14,[]
1314,3,[]
1320,16,[]
1348,14,[]
1373,14,[]
1398,12,[]
1419,13,[]
1442,9,[]
1458,13,[]
1481,13,[]
1504,15,[]
1531,14,[]
1556,15,[]
1583,9,[]
1599,15,[0, 1, 2, 3, 4, 5, 6, 7, 8, 9, 10, 11, 12, 13, 14]
1626,13,[]
1649,103,[]
1830,8,[]
1844,10,[]
1862,3,[]
1868,13,[]
1891,11,[]
1911,11,[]
1931,13,[]
1954,13,[]
1977,4,[]
1984,15,[]
2011,13,[]
2034,12,[]
2055,9,[]
2071,14,[]
2096,9,[]
2112,11,[]
2132,11,[]
2152,12,[]
2173,15,[]
2200,15,[]
2227,9,[]
2243,16,[]
2271,15,[]
2298,15,[]
2325,14,[]
2350,15,[]
2377,9,[]
2393,15,[]
2420,14,[]
2445,107,[]
2633,8,[]
2647,10,[]
2665,4,[0, 1, 2, 3]
2672,12,[0, 1, 2, 3, 4, 5, 6, 7, 8, 9, 10]
2693,12,[]
2714,22,[]
2753,13,[]
2776,17,[]
2806,9,[]
2822,16,[]
2850,15,[]
2877,15,[]
2904,14,[]
2929,15,[]
2956,11,[]
2976,19,[]
3010,14,[]
3035,15,[]
3062,14,[]
3087,15,[]
3114,9,[]
3130,17,[]
3160,17,[]
3190,15,[]
3217,13,[]
3240,14,[]
3265,11,[]
3285,15,[]
3312,14,[]
3337,107,[]
3525,8,[]
3539,11,[]
3559,4,[]
3566,12,[]
3587,15,[]
3614,13,[]
3637,15,[]
3664,15,[]
3691,8,[]
3705,16,[]
3733,14,[]
3758,23,[]
3799,19,[]
3833,15,[]
3860,8,[]
3874,18,[]
3906,16,[]
3934,16,[]
3962,15,[]
3989,16,[]
4017,12,[]
4038,18,[]
4070,15,[]
4097,16,[]
4125,15,[]
4152,17,[]
4182,12,[]
4203,16,[]
4231,17,[]
4261,103,[]
4442,9,[]
4458,12,[]
4479,4,[]
4486,14,[]
4511,15,[]
4538,16,[]
4566,14,[]
4591,15,[]
4618,10,[]
4636,15,[]
4663,14,[]
4688,16,[]
4716,14,[]
4741,14,[]
4766,9,[]
4782,16,[]
4810,15,[]
4837,25,[]
4881,16,[]
4909,20,[]
4944,9,[]
4960,15,[]
4987,15,[]
5014,17,[]
5044,15,[]
5071,16,[]
5099,11,[]
5119,15,[]
5146,15,[]
5173,102,[]
5352,8,[]
5366,11,[]
5386,8,[]
5400,12,[]
5421,13,[]
5444,13,[]
5467,12,[]
5488,14,[]
5513,8,[]
5527,15,[]
5554,14,[]
5579,13,[]
5602,11,[]
5622,14,[]
5647,12,[]
5668,15,[]
5695,12,[]
5716,13,[]
5739,11,[]
5759,13,[]
5782,12,[]
5803,13,[]
5826,13,[]
5849,19,[]
5883,12,[]
5904,15,[]
5931,13,[]
5954,16,[]
5982,13,[]
6005,118,[]
6212,6,[]
6223,9,[]
6239,4,[]
6246,12,[]
6267,11,[]
6287,12,[]
6308,14,[]
6333,12,[]
6354,9,[]
6370,13,[]
6393,11,[]
6413,13,[]
6436,12,[]
6457,12,[]
6478,8,[]
6492,13,[]
6515,13,[]
6538,13,[]
6561,14,[]
6586,12,[]
6607,12,[]
6628,14,[]
6653,13,[]
6676,14,[]
6701,13,[]
6724,14,[]
6749,7,[]
6762,17,[]
6792,12,[]
6813,118,[]
7020,7,[]
7033,10,[]
7051,3,[]
7057,12,[]
7078,11,[0, 1, 2, 3, 4, 5, 6, 7, 8, 9]
7098,13,[]
7121,12,[]
7142,13,[]
7165,9,[]
7181,12,[]
7202,14,[]
7227,14,[]
7252,14,[]
7277,13,[]
7300,8,[]
7314,14,[]
7339,15,[]
7366,14,[]
7391,13,[]
7414,14,[]
7439,6,[]
7450,14,[]
7475,15,[]
7502,15,[0, 1, 2, 3, 4, 5, 6, 7, 8, 9, 10, 11, 12, 13, 14]
7529,18,[]
7561,15,[]
7588,8,[]
7602,15,[]
7629,15,[]
7656,113,[]
7854,8,[]
7868,13,[0, 1, 2, 3, 4, 5, 6, 7, 8, 9, 10, 11, 12]
7891,6,[]
7902,15,[]
7929,15,[]
7956,24,[]
7998,12,[]
8019,13,[]
8042,7,[]
8055,15,[]
8082,18,[]
8114,21,[]
8151,17,[]
8181,17,[]
8211,6,[]
8222,20,[]
8257,15,[]
8284,17,[]
8314,16,[]
8342,18,[]
8374,5,[]
8383,18,[]
8415,17,[]
8445,16,[]
8473,12,[]
8494,14,[]
8519,8,[]
8533,16,[]
8561,17,[]
0,28,[]
49,5,[]
58,11,[]
78,14,[]
103,8,[]
117,16,[]
145,8,[]
159,9,[]
175,14,[]
200,10,[]
218,9,[]
234,9,[]
250,11,[]
270,11,[]
290,8,[]
304,9,[]
320,10,[]
338,14,[]
363,17,[]
393,20,[]
428,15,[]
455,16,[]
483,23,[]
524,21,[]
561,20,[]
596,22,[]
635,15,[]
662,18,[]
694,13,[]
717,22,[]
756,133,[]
989,19,[]
1023,15,[]
1050,6,[]
1061,4,[]
1068,9,[]
1084,11,[]
1104,8,[]
1118,14,[]
1143,10,[]
1161,14,[]
1186,9,[]
1202,13,[]
1225,14,[]
1250,14,[]
1275,14,[]
1300,20,[]
1335,14,[]
1360,18,[]
1392,18,[]
1424,19,[]
1458,15,[]
1485,18,[]
1517,16,[]
1545,15,[]
1572,17,[]
1602,14,[]
1627,17,[]
1657,13,[]
1680,14,[2, 3, 4, 5, 6, 7, 8, 9, 10, 11, 12, 13]
1705,104,[]
1887,7,[]
1900,10,[]
1918,12,[]
1939,12,[]
1960,14,[]
1985,17,[]
2015,15,[]
2042,15,[]
2069,17,[]
2099,18,[]
2131,15,[]
2158,14,[]
2183,13,[]
2206,15,[]
2233,15,[]
2260,14,[]
2285,19,[]
2319,16,[]
2347,2,[]
2351,3,[]
2357,10,[]
2375,13,[]
2398,4,[]
2405,3,[]
2411,2,[]
2415,2,[]
2419,2,[]
2423,5,[]
2432,2,[]
2436,134,[]
2671,1,[]
2673,1,[]
2675,1,[]
2677,1,[]
2679,12,[]
2700,32,[]
2756,15,[]
2783,22,[1, 2, 3, 4, 5, 6, 7, 8, 9, 10, 11, 12, 13, 14, 15, 16, 17, 18, 19, 20]
2822,7,[]
2835,22,[]
2874,22,[]
2913,20,[]
2948,19,[]
2982,23,[]
3023,19,[]
3057,22,[]
3096,8,[]
3110,13,[]
3133,10,[]
3151,14,[]
3176,16,[]
3204,16,[]
3232,23,[]
3273,21,[]
3310,16,[]
3338,17,[]
3368,14,[]
3393,15,[]
3420,13,[]
3443,91,[]
3603,7,[]
3616,11,[]
3636,12,[]
3657,11,[]
3677,11,[]
3697,9,[]
3713,9,[]
3729,11,[]
3749,15,[]
3776,15,[]
3803,15,[]
3830,10,[]
3848,11,[]
3868,11,[]
3888,11,[]
3908,13,[]
3931,10,[]
3949,12,[]
3970,12,[]
3991,7,[]
4004,10,[]
4022,12,[]
4043,13,[]
4066,17,[]
4096,14,[]
4121,7,[]
4134,12,[]
4155,15,[]
4182,20,[]
4217,108,[]
4406,6,[]
4417,10,[]
4435,13,[]
4458,16,[]
4486,14,[]
4511,8,[]
4525,20,[]
4560,16,[]
4588,19,[]
4622,11,[]
4642,19,[]
4676,18,[]
4708,12,[]
4729,21,[]
4766,23,[]
4807,20,[]
4842,18,[]
4874,12,[]
4895,19,[2, 3, 4, 5, 6, 7, 8, 9, 10, 11, 12, 13, 14, 15, 16, 17, 18]
4929,21,[]
4966,17,[]
4996,19,[]
5030,20,[]
5065,18,[]
5097,18,[]
5129,17,[]
5159,20,[]
5194,21,[]
5231,21,[]
5268,85,[]
5417,14,[]
5442,19,[]
5476,18,[]
5508,20,[]
5543,17,[]
5573,19,[0, 1, 2, 3, 4, 5, 6, 7, 8, 9, 10, 11, 12, 13, 14, 15]
5607,20,[]
5642,23,[]
5683,18,[]
5715,21,[]
5752,22,[]
5791,22,[]
5830,19,[]
5864,12,[]
5885,26,[]
5931,22,[]
5970,12,[]
5991,50,[]
6079,25,[]
6123,30,[]
6176,16,[]
6204,18,[]
6236,22,[]
6275,22,[]
6314,15,[]
6341,16,[]
6369,18,[]
6401,17,[]
6431,15,[]
6458,79,[]
6597,6,[]
6608,7,[]
6621,10,[]
6639,13,[]
6662,12,[]
6683,11,[]
6703,13,[]
6726,11,[]
6746,12,[]
6767,13,[]
6790,12,[]
6811,13,[]
6834,11,[]
6854,12,[]
6875,14,[]
6900,14,[]
6925,12,[]
6946,12,[]
6967,12,[]
6988,13,[]
7011,12,[0, 1, 2, 3, 4, 5, 6, 7, 8, 9, 10]
7032,6,[]
7043,10,[]
7061,8,[]
7075,9,[]
7091,7,[]
7104,10,[]
7122,11,[]
7142,26,[]
7188,99,[]
7362,2,[]
7366,3,[]
7372,4,[]
7379,8,[]
7393,14,[]
7418,8,[]
7432,10,[]
7450,15,[]
7477,10,[]
7495,9,[0, 1, 2, 3, 4, 5, 6, 7, 8]
7511,10,[]
7529,15,[]
7556,13,[]
7579,15,[]
7606,12,[]
7627,15,[]
7654,15,[]
7681,19,[]
7715,16,[]
7743,16,[]
7771,16,[]
7799,11,[]
7819,18,[]
7851,22,[]
7890,16,[]
7918,18,[]
7950,8,[]
7964,10,[]
7982,13,[]
8005,78,[]
8142,2,[]
8146,3,[]
8152,2,[]
8156,5,[]
8165,8,[]
8179,5,[]
8188,6,[]
8199,4,[]
8206,4,[]
8213,3,[]
8219,4,[]
8226,9,[1, 2, 3, 4, 5, 6, 7, 8]
8242,5,[]
8251,2,[]
8255,27,[]
8303,4,[]
8310,8,[]
8324,7,[]
8337,1,[]
8339,12,[]
8360,58,[]
8462,3,[]
8468,3,[]
8474,37,[]
8539,24,[]
8581,8,[]
8595,19,[]
8629,5,[]
8638,11,[]
0,71,[]
125,4,[]
132,6,[]
143,17,[]
173,13,[]
196,11,[]
216,10,[]
234,6,[]
245,9,[]
261,15,[]
288,10,[]
306,8,[]
320,10,[]
338,15,[]
365,10,[]
383,12,[]
404,9,[]
420,12,[]
441,9,[]
457,15,[]
484,10,[]
502,10,[]
520,11,[]
540,10,[]
558,15,[]
585,13,[]
608,12,[]
629,10,[]
647,14,[]
672,14,[]
697,209,[]
1063,13,[]
1086,12,[]
1107,11,[]
1127,8,[]
1141,8,[]
1155,11,[]
1175,10,[]
1193,15,[]
1220,12,[]
1241,15,[]
1268,15,[]
1295,14,[]
1320,16,[]
1348,12,[]
1369,15,[]
1396,15,[]
1423,15,[]
1450,13,[]
1473,15,[]
1500,14,[]
1525,16,[]
1553,14,[]
1578,14,[]
1603,15,[]
1630,14,[]
1655,17,[]
1685,13,[]
1708,17,[]
1738,13,[]
1761,149,[]
2022,6,[]
2033,9,[]
2049,11,[]
2069,10,[]
2087,13,[]
2110,4,[]
2117,14,[]
2142,10,[]
2160,9,[]
2176,10,[]
2194,9,[]
2210,9,[]
2226,10,[]
2244,6,[]
2255,15,[]
2282,15,[]
2309,13,[]
2332,11,[]
2352,13,[]
2375,15,[]
2402,10,[]
2420,11,[]
2440,10,[]
2458,15,[]
2485,14,[]
2510,13,[]
2533,14,[]
2558,17,[]
2588,14,[]
2613,130,[]
2841,7,[]
2854,11,[]
2874,14,[]
2899,14,[]
2924,12,[]
2945,14,[]
2970,16,[]
2998,16,[]
3026,14,[]
3051,16,[]
3079,13,[]
3102,18,[]
3134,14,[]
3159,18,[]
3191,16,[]
3219,15,[]
3246,13,[0, 1, 2, 3, 4, 5, 6, 7, 8, 9, 10, 11, 12]
3269,19,[]
3303,15,[]
3330,17,[]
3360,17,[]
3390,17,[]
3420,14,[]
3445,16,[]
3473,14,[]
3498,12,[]
3519,12,[]
3540,16,[]
3568,14,[]
3593,125,[]
3812,5,[]
3821,6,[]
3832,10,[]
3850,10,[]
3868,11,[]
3888,9,[]
3904,8,[]
3918,11,[]
3938,14,[]
3963,13,[]
3986,10,[]
4004,13,[]
4027,11,[]
4047,11,[]
4067,10,[]
4085,10,[]
4103,5,[]
4112,10,[]
4130,15,[]
4157,13,[]
4180,12,[]
4201,16,[]
4229,14,[]
4254,16,[]
4282,14,[]
4307,4,[]
4314,19,[]
4348,17,[]
4378,15,[]
4405,132,[]
4636,8,[]
4650,10,[]
4668,11,[]
4688,12,[]
4709,4,[]
4716,12,[]
4737,17,[]
4767,14,[]
4792,13,[]
4815,13,[]
4838,12,[]
4859,14,[]
4884,14,[]
4909,3,[]
4915,13,[]
4938,18,[]
4970,12,[]
4991,12,[]
5012,15,[]
5039,12,[]
5060,13,[]
5083,13,[]
5106,11,[]
5126,13,[]
5149,15,[]
5176,13,[]
5199,15,[]
5226,14,[]
5251,12,[]
5272,133,[]
5505,3,[]
5511,7,[]
5524,8,[1, 2, 3, 4, 5, 6, 7]
5538,9,[]
5554,8,[]
5568,8,[]
5582,10,[]
5600,11,[]
5620,14,[]
5645,12,[]
5666,11,[]
5686,12,[]
5707,17,[]
5737,12,[]
5758,12,[]
5779,14,[]
5804,12,[]
5825,15,[]
5852,10,[]
5870,12,[]
5891,13,[]
5914,11,[]
5934,12,[]
5955,12,[]
5976,19,[]
6010,12,[]
6031,10,[]
6049,14,[]
6074,2,[]
6078,136,[]
6316,8,[]
6330,4,[]
6337,8,[]
6351,10,[]
6369,8,[]
6383,10,[]
6401,10,[]
6419,3,[]
6425,10,[]
6443,12,[]
6464,9,[]
6480,14,[]
6505,12,[]
6526,10,[]
6544,13,[]
6567,13,[]
6590,6,[]
6601,12,[]
6622,16,[]
6650,14,[]
6675,16,[]
6703,18,[]
6735,11,[]
6755,13,[]
6778,15,[]
6805,4,[]
6812,14,[]
6837,20,[]
6872,13,[]
6895,143,[]
7146,5,[]
7155,8,[]
7169,9,[0, 1, 2, 3, 4, 5, 6, 7]
7185,14,[]
7210,11,[]
7230,10,[]
7248,15,[]
7275,15,[]
7302,13,[]
7325,14,[]
7350,16,[]
7378,14,[]
7403,13,[]
7426,13,[]
7449,12,[]
7470,17,[]
7500,13,[]
7523,13,[]
7546,16,[]
7574,20,[]
7609,15,[]
7636,14,[]
7661,15,[]
7688,15,[]
7715,17,[]
7745,15,[]
7772,13,[]
7795,14,[]
7820,15,[]
7847,135,[]
8084,4,[]
8091,4,[]
8098,6,[]
8109,10,[]
8127,8,[]
8141,11,[]
8161,11,[]
8181,14,[]
8206,10,[]
8224,11,[0, 1, 2, 3, 4, 5, 6, 7, 8, 9, 10]
8244,5,[]
8253,16,[]
8281,15,[]
8308,13,[]
8331,13,[]
8354,13,[]
8377,14,[]
8402,11,[]
8422,15,[]
8449,3,[]
8455,14,[]
8480,17,[]
8510,14,[]
8535,13,[]
8558,16,[]
8586,15,[]
8613,15,[]
8640,12,[]
8661,8,[]
0,29,[]
51,14,[]
76,10,[]
94,19,[]
128,26,[]
174,17,[]
204,24,[]
246,8,[]
260,16,[]
288,14,[]
313,13,[]
336,13,[]
359,9,[]
375,14,[]
400,16,[]
428,14,[]
453,15,[]
480,9,[]
496,14,[]
521,14,[]
546,16,[]
574,15,[]
601,4,[]
608,17,[]
638,14,[]
663,16,[]
691,14,[]
716,9,[]
732,15,[]
759,15,[]
786,66,[]
902,10,[]
920,4,[]
927,15,[]
954,9,[]
970,14,[]
995,14,[]
1020,7,[]
1033,12,[]
1054,20,[]
1089,10,[]
1107,13,[]
1130,9,[]
1146,23,[]
1187,13,[]
1210,15,[]
1237,16,[0, 1, 2, 3, 4, 5, 6, 7, 8, 9, 10, 11, 12, 13, 14, 15]
1265,10,[]
1283,13,[]
1306,13,[]
1329,12,[]
1350,17,[]
1380,8,[]
1394,18,[]
1426,16,[]
1454,16,[]
1482,18,[]
1514,7,[]
1527,18,[]
1559,16,[]
1587,75,[]
1719,10,[]
1737,4,[]
1744,15,[]
1771,13,[]
1794,17,[]
1824,13,[]
1847,8,[]
1861,20,[]
1896,24,[]
1938,16,[]
1966,14,[]
1991,12,[]
2012,15,[]
2039,15,[]
2066,16,[]
2094,14,[]
2119,6,[]
2130,15,[]
2157,16,[]
2185,13,[]
2208,16,[]
2236,6,[]
2247,13,[]
2270,13,[]
2293,14,[]
2318,14,[]
2343,13,[0, 1, 2, 3, 4, 5, 6, 7, 8, 9, 10, 11, 12]
2366,14,[]
2391,14,[]
2416,82,[]
2560,6,[]
2571,4,[]
2578,11,[]
2598,11,[]
2618,12,[]
2639,14,[]
2664,7,[]
2677,17,[]
2707,12,[]
2728,15,[]
2755,13,[]
2778,11,[]
2798,13,[]
2821,13,[]
2844,13,[]
2867,14,[]
2892,11,[0, 1, 2, 3, 4, 5, 6, 7, 8, 9, 10]
2912,23,[]
2953,20,[]
2988,16,[]
3016,18,[]
3048,10,[]
3066,18,[]
3098,17,[]
3128,13,[]
3151,17,[]
3181,6,[]
3192,16,[]
3220,15,[]
3247,86,[]
3398,6,[]
3409,4,[]
3416,12,[]
3437,15,[]
3464,16,[]
3492,15,[]
3519,12,[]
3540,17,[]
3570,14,[]
3595,15,[]
3622,14,[]
3647,14,[]
3672,15,[]
3699,15,[]
3726,15,[]
3753,18,[]
3785,5,[]
3794,17,[]
3824,16,[]
3852,18,[]
3884,16,[]
3912,13,[]
3935,17,[]
3965,16,[]
3993,18,[]
4025,15,[]
4052,8,[]
4066,19,[]
4100,15,[]
4127,86,[]
4278,9,[]
4294,5,[]
4303,14,[0, 1, 2, 3, 4, 5, 6, 7, 8, 9, 10, 11, 12, 13]
4328,14,[]
4353,14,[]
4378,19,[]
4412,9,[]
4428,18,[]
4460,15,[]
4487,17,[]
4517,16,[]
4545,6,[]
4556,17,[]
4586,18,[]
4618,18,[]
4650,17,[]
4680,5,[]
4689,16,[]
4717,16,[]
4745,18,[]
4777,14,[]
4802,9,[]
4818,16,[]
4846,15,[]
4873,16,[]
4901,17,[]
4931,8,[]
4945,19,[]
4979,16,[]
5007,84,[]
5154,8,[]
5168,5,[]
5177,14,[]
5202,14,[]
5227,14,[]
5252,15,[]
5279,7,[]
5292,22,[]
5331,16,[]
5359,15,[]
5386,25,[]
5430,12,[]
5451,15,[]
5478,18,[]
5510,16,[]
5538,19,[]
5572,9,[]
5588,17,[]
5618,16,[]
5646,16,[]
5674,27,[]
5722,10,[]
5740,14,[]
5765,17,[]
5795,13,[]
5818,16,[]
5846,12,[]
5867,13,[]
5890,16,[]
5918,78,[]
6055,9,[]
6071,6,[]
6082,14,[]
6107,16,[]
6135,14,[]
6160,18,[]
6192,5,[]
6201,17,[]
6231,16,[]
6259,18,[]
6291,16,[]
6319,4,[]
6326,21,[]
6363,15,[]
6390,15,[]
6417,20,[]
6452,9,[]
6468,18,[]
6500,19,[]
6534,17,[]
6564,16,[]
6592,9,[]
6608,18,[]
6640,21,[]
6677,15,[]
6704,19,[]
6738,9,[]
6754,17,[]
6784,17,[]
6814,73,[]
6942,10,[]
6960,4,[]
6967,17,[]
6997,17,[]
7027,26,[]
7073,15,[]
7100,10,[]
7118,17,[]
7148,30,[]
7201,16,[]
7229,17,[]
7259,7,[]
7272,19,[]
7306,22,[]
7345,16,[]
7373,17,[]
7403,9,[]
7419,17,[]
7449,16,[]
7477,16,[]
7505,14,[]
7530,10,[]
7548,23,[]
7589,22,[]
7628,17,[]
7658,19,[]
7692,10,[]
7710,19,[]
7744,21,[]
7781,82,[]
7925,9,[]
7941,5,[]
7950,14,[]
7975,16,[]
8003,16,[]
8031,15,[2, 3, 4, 5, 6, 7, 8, 9, 10, 11, 12, 13, 14]
8058,11,[]
8078,16,[]
8106,22,[]
8145,16,[]
8173,18,[]
8205,8,[]
8219,19,[]
8253,14,[]
8278,17,[]
8308,16,[]
8336,5,[]
8345,15,[]
8372,19,[]
8406,16,[]
8434,18,[]
8466,5,[]
8475,17,[]
8505,16,[]
8533,17,[]
8563,15,[]
8590,8,[]
8604,18,[]
8636,19,[]
0,19,[]
34,4,[]
41,9,[]
57,12,[]
78,11,[]
98,12,[]
119,10,[]
137,17,[]
167,9,[]
183,9,[0, 1, 2, 3, 4, 5, 6, 7, 8]
199,12,[]
220,10,[]
238,9,[]
254,10,[]
272,9,[]
288,10,[]
306,10,[]
324,10,[]
342,9,[]
358,13,[]
381,17,[]
411,20,[]
446,19,[3, 4, 5, 6, 7, 8, 9, 10, 11, 12, 13, 14, 15, 16, 17, 18]
480,19,[]
514,13,[]
537,12,[]
558,15,[]
585,20,[]
620,23,[]
661,20,[]
696,83,[]
842,14,[]
867,5,[]
876,4,[]
883,5,[]
892,11,[]
912,13,[]
935,13,[]
958,16,[]
986,14,[]
1011,17,[]
1041,12,[]
1062,12,[]
1083,16,[]
1111,12,[]
1132,16,[]
1160,11,[]
1180,11,[]
1200,12,[]
1221,12,[]
1242,15,[]
1269,11,[]
1289,16,[]
1317,15,[]
1344,19,[]
1378,14,[]
1403,18,[]
1435,11,[0, 1, 2, 3, 4, 5, 6, 7, 8, 9]
1455,16,[]
1483,12,[]
1504,87,[]
1657,6,[]
1668,12,[]
1689,11,[]
1709,16,[]
1737,16,[]
1765,16,[]
1793,14,[]
1818,17,[]
1848,14,[]
1873,16,[]
1901,15,[]
1928,15,[]
1955,11,[]
1975,15,[]
2002,9,[]
2018,15,[]
2045,8,[]
2059,9,[]
2075,15,[]
2102,10,[]
2120,8,[]
2134,9,[]
2150,12,[]
2171,12,[]
2192,11,[]
2212,12,[]
2233,13,[]
2256,12,[]
2277,9,[]
2293,102,[]
2472,7,[]
2485,10,[]
2503,13,[]
2526,15,[]
2553,13,[0, 1, 2, 3, 4, 5, 6, 7, 8, 9, 10]
2576,15,[]
2603,14,[]
2628,10,[]
2646,11,[]
2666,11,[]
2686,13,[]
2709,15,[]
2736,15,[]
2763,16,[]
2791,11,[]
2811,14,[]
2836,11,[]
2856,10,[]
2874,17,[]
2904,11,[0, 1, 2, 3, 4, 5, 6, 7, 8, 9, 10]
2924,11,[]
2944,15,[]
2971,15,[]
2998,15,[]
3025,13,[]
3048,16,[]
3076,16,[]
3104,20,[]
3139,5,[]
3148,94,[]
3313,9,[]
3329,15,[]
3356,15,[]
3383,17,[]
3413,17,[]
3443,17,[]
3473,14,[]
3498,18,[]
3530,16,[]
3558,18,[]
3590,17,[]
3620,18,[]
3652,16,[]
3680,17,[0, 1, 2, 3, 4, 5, 6, 7, 8, 9, 10, 11, 12, 13, 14, 15, 16]
3710,16,[]
3738,19,[]
3772,17,[]
3802,18,[]
3834,17,[]
3864,20,[]
3899,20,[]
3934,17,[]
3964,17,[]
3994,21,[]
4031,18,[]
4063,19,[]
4097,17,[]
4127,19,[]
4161,16,[]
4189,65,[]
4303,10,[]
4321,14,[]
4346,13,[]
4369,15,[]
4396,16,[]
4424,20,[]
4459,18,[]
4491,22,[]
4530,22,[]
4569,22,[]
4608,20,[]
4643,20,[]
4678,22,[]
4717,19,[]
4751,21,[]
4788,19,[]
4822,23,[]
4863,22,[]
4902,21,[]
4939,23,[]
4980,25,[]
5024,23,[]
5065,26,[]
5111,21,[]
5148,25,[]
5192,22,[]
5231,24,[]
5273,25,[]
5317,25,[]
5361,85,[]
5510,15,[]
5537,20,[]
5572,18,[]
5604,21,[]
5641,18,[]
5673,24,[]
5715,18,[]
5747,21,[]
5784,18,[]
5816,20,[]
5851,17,[]
5881,19,[]
5915,16,[]
5943,15,[]
5970,17,[]
6000,16,[]
6028,15,[]
6055,16,[]
6083,19,[]
6117,18,[]
6149,17,[]
6179,16,[]
6207,17,[]
6237,16,[]
6265,16,[]
6293,14,[]
6318,13,[]
6341,13,[]
6364,13,[]
6387,48,[]
6471,6,[]
6482,13,[]
6505,8,[]
6519,11,[0, 1, 2, 3, 4, 5, 6, 7, 8, 9, 10]
6539,11,[]
6559,17,[]
6589,12,[]
6610,15,[]
6637,14,[]
6662,13,[]
6685,12,[]
6706,17,[]
6736,14,[]
6761,12,[]
6782,13,[]
6805,15,[]
6832,17,[]
6862,13,[]
6885,13,[]
6908,18,[]
6940,15,[]
6967,11,[]
6987,11,[]
7007,15,[]
7034,16,[]
7062,14,[]
7087,13,[]
7110,14,[]
7135,16,[]
7163,52,[]
7254,11,[]
7274,9,[]
7290,11,[]
7310,12,[]
7331,10,[0, 1, 2, 3, 4, 5, 6, 7, 8, 9]
7349,12,[]
7370,16,[]
7398,15,[]
7425,13,[]
7448,16,[]
7476,12,[]
7497,15,[]
7524,13,[]
7547,14,[]
7572,18,[]
7604,18,[]
7636,12,[]
7657,13,[]
7680,15,[]
7707,13,[]
7730,14,[]
7755,14,[]
7780,13,[]
7803,13,[]
7826,12,[]
7847,10,[]
7865,10,[]
7883,11,[]
7903,12,[]
7924,68,[]
8043,8,[]
8057,11,[]
8077,13,[]
8100,15,[]
8127,17,[]
8157,18,[]
8189,19,[]
8223,21,[]
8260,18,[]
8292,17,[]
8322,19,[]
8356,17,[]
8386,20,[]
8421,19,[]
8455,20,[]
8490,16,[]
8518,16,[]
8546,17,[]
8576,17,[]
8606,17,[]
8636,16,[]
8664,19,[]
8698,13,[]
8721,15,[]
8748,17,[]
8778,16,[]
8806,16,[]
8834,16,[]
8862,18,[]
0,25,[0, 1, 2, 3, 4, 5, 6, 7, 8, 9, 10, 11, 12, 13, 14, 15, 16, 17, 18, 19, 20]
44,3,[]
50,13,[]
73,16,[]
101,15,[]
128,14,[]
153,12,[]
174,12,[]
195,13,[]
218,11,[]
238,12,[]
259,12,[]
280,12,[]
301,11,[]
321,12,[]
342,12,[]
363,11,[]
383,10,[]
401,11,[0, 1, 2, 3, 4, 5, 6, 7, 8, 9, 10]
421,11,[]
441,10,[]
459,11,[]
479,13,[]
502,12,[]
523,12,[]
544,10,[]
562,11,[]
582,10,[]
600,10,[]
618,12,[]
639,54,[]
734,9,[0, 1, 2, 3, 4, 5, 6, 7, 8]
750,11,[]
770,10,[]
788,10,[]
806,11,[]
826,10,[]
844,11,[]
864,13,[]
887,12,[]
908,12,[]
929,12,[]
950,12,[]
971,11,[]
991,12,[]
1012,12,[]
1033,12,[]
1054,13,[]
1077,13,[]
1100,11,[]
1120,11,[]
1140,12,[]
1161,12,[]
1182,13,[]
1205,14,[]
1230,14,[]
1255,14,[]
1280,13,[]
1303,14,[]
1328,11,[]
1348,55,[]
1445,10,[]
1463,12,[]
1484,14,[0, 1, 2, 3, 4, 5, 6, 7, 8, 9, 10, 11, 12, 13]
1509,12,[]
1530,9,[]
1546,11,[]
1566,13,[]
1589,14,[]
1614,15,[]
1641,16,[]
1669,12,[]
1690,13,[]
1713,13,[]
1736,12,[]
1757,14,[]
1782,15,[]
1809,16,[3, 4, 5, 6, 7, 8, 9, 10, 11, 12, 13, 14, 15]
1837,17,[]
1867,16,[]
1895,16,[]
1923,15,[]
1950,14,[]
1975,12,[]
1996,12,[]
2017,15,[]
2044,14,[]
2069,13,[]
2092,13,[]
2115,13,[]
2138,45,[]
2217,8,[]
2231,11,[]
2251,11,[]
2271,12,[]
2292,12,[]
2313,13,[]
2336,13,[]
2359,13,[]
2382,12,[]
2403,12,[]
2424,12,[]
2445,12,[]
2466,12,[]
2487,14,[]
2512,13,[]
2535,12,[]
2556,14,[]
2581,14,[0, 1, 2, 3, 4, 5, 6, 7, 8, 9, 10, 11, 12, 13]
2606,13,[]
2629,15,[]
2656,12,[]
2677,12,[]
2698,12,[]
2719,12,[]
2740,12,[]
2761,11,[]
2781,11,[]
2801,14,[]
2826,14,[]
2851,53,[]
2944,10,[]
2962,11,[]
2982,9,[]
2998,11,[]
3018,11,[]
3038,12,[]
3059,11,[]
3079,11,[]
3099,13,[]
3122,11,[]
3142,12,[]
3163,12,[]
3184,10,[]
3202,12,[]
3223,12,[]
3244,12,[]
3265,12,[]
3286,14,[]
3311,13,[]
3334,13,[]
3357,13,[]
3380,14,[]
3405,14,[]
3430,14,[]
3455,14,[]
3480,13,[]
3503,12,[]
3524,13,[]
3547,14,[]
3572,53,[]
3665,14,[]
3690,16,[]
3718,16,[]
3746,20,[]
3781,19,[]
3815,18,[]
3847,17,[]
3877,17,[]
3907,17,[]
3937,15,[]
3964,14,[]
3989,14,[]
4014,13,[]
4037,12,[1, 2, 3, 4, 5, 6, 7, 8, 9, 10, 11]
4058,13,[]
4081,15,[]
4108,13,[]
4131,13,[]
4154,14,[]
4179,14,[]
4204,15,[0, 1, 2, 3, 4, 5, 6, 7, 8, 9, 10, 11, 12]
4231,13,[]
4254,13,[]
4277,16,[]
4305,14,[]
4330,14,[]
4355,13,[]
4378,13,[]
4401,13,[]
4424,57,[]
4524,9,[]
4540,11,[]
4560,12,[]
4581,12,[]
4602,13,[]
4625,13,[]
4648,12,[]
4669,13,[]
4692,16,[]
4720,14,[]
4745,12,[]
4766,12,[]
4787,13,[]
4810,14,[]
4835,16,[]
4863,18,[0, 1, 2, 3, 4, 5, 6, 7, 8, 9, 10, 11, 12, 13, 14, 15]
4895,18,[]
4927,20,[]
4962,21,[]
4999,17,[]
5029,14,[]
5054,14,[]
5079,14,[]
5104,14,[]
5129,15,[]
5156,14,[]
5181,15,[]
5208,13,[]
5231,13,[]
5254,45,[]
5333,10,[]
5351,11,[]
5371,11,[]
5391,12,[]
5412,12,[]
5433,12,[]
5454,12,[]
5475,12,[]
5496,12,[]
5517,11,[]
5537,13,[]
5560,13,[]
5583,11,[]
5603,12,[]
5624,12,[]
5645,13,[]
5668,14,[]
5693,12,[]
5714,11,[]
5734,11,[]
5754,12,[]
5775,11,[]
5795,12,[]
5816,12,[]
5837,13,[]
5860,12,[0, 1, 2, 3, 4, 5, 6, 7, 8, 9, 10]
5881,13,[]
5904,12,[]
5925,10,[]
5943,54,[]
6038,10,[]
6056,8,[]
6070,12,[]
6091,10,[]
6109,9,[]
6125,10,[]
6143,9,[]
6159,11,[]
6179,13,[]
6202,13,[]
6225,11,[]
6245,10,[]
6263,7,[]
6276,10,[]
6294,14,[]
6319,18,[]
6351,15,[]
6378,16,[]
6406,13,[]
6429,13,[]
6452,12,[]
6473,12,[]
6494,14,[]
6519,14,[]
6544,13,[]
6567,11,[]
6587,11,[]
6607,10,[]
6625,10,[]
6643,46,[]
6724,9,[]
6740,10,[]
6758,10,[]
6776,11,[]
6796,10,[]
6814,10,[]
6832,11,[]
6852,11,[0, 1, 2, 3, 4, 5, 6, 7, 8, 9, 10]
6872,12,[]
6893,11,[]
6913,12,[]
6934,11,[]
6954,12,[]
6975,11,[]
6995,12,[]
7016,13,[]
7039,13,[]
7062,17,[]
7092,12,[]
7113,13,[]
7136,12,[]
7157,13,[]
7180,11,[]
7200,12,[]
7221,12,[]
7242,12,[]
7263,10,[]
7281,14,[]
7306,11,[]
0,14,[]
25,2,[]
29,5,[]
38,11,[]
58,8,[]
72,7,[]
85,4,[]
92,7,[]
105,7,[]
118,5,[]
127,12,[]
148,16,[]
176,20,[]
211,18,[]
243,13,[]
266,15,[]
293,6,[0, 1, 2, 3, 4, 5]
304,14,[]
329,14,[]
354,15,[]
381,13,[]
404,5,[]
413,14,[]
438,19,[]
472,14,[]
497,10,[]
515,17,[]
545,16,[]
573,14,[]
598,15,[]
625,87,[]
778,1,[]
780,7,[]
793,8,[]
807,10,[]
825,10,[]
843,19,[]
877,18,[]
909,18,[]
941,18,[]
973,20,[]
1008,13,[]
1031,23,[]
1072,22,[]
1111,18,[]
1143,22,[]
1182,5,[]
1191,20,[]
1226,17,[]
1256,19,[]
1290,24,[]
1332,19,[]
1366,13,[]
1389,18,[]
1421,17,[]
1451,22,[]
1490,15,[]
1517,22,[]
1556,18,[]
1588,22,[]
1627,90,[]
1785,12,[]
1806,5,[]
1815,18,[]
1847,20,[]
1882,19,[]
1916,10,[]
1934,21,[]
1971,23,[]
2012,23,[]
2053,23,[]
2094,6,[]
2105,22,[]
2144,23,[]
2185,21,[]
2222,21,[]
2259,22,[]
2298,11,[]
2318,19,[]
2352,21,[]
2389,23,[]
2430,6,[]
2441,20,[]
2476,19,[]
2510,21,[]
2547,19,[]
2581,24,[]
2623,7,[]
2636,38,[]
2703,16,[]
2731,86,[]
2882,1,[]
2884,15,[]
2911,17,[]
2941,20,[]
2976,10,[]
2994,20,[]
3029,23,[]
3070,22,[]
3109,19,[]
3143,27,[]
3191,14,[]
3216,29,[]
3267,28,[]
3316,24,[]
3358,23,[]
3399,11,[]
3419,26,[]
3465,12,[]
3486,23,[]
3527,10,[]
3545,25,[]
3589,8,[]
3603,21,[]
3640,10,[]
3658,24,[]
3700,8,[]
3714,24,[]
3756,8,[]
3770,24,[]
3812,67,[]
3930,16,[]
3958,8,[]
3972,19,[]
4006,6,[]
4017,16,[]
4045,8,[]
4059,19,[]
4093,12,[]
4114,20,[]
4149,10,[]
4167,21,[]
4204,11,[]
4224,20,[]
4259,9,[]
4275,19,[]
4309,7,[]
4322,19,[]
4356,11,[]
4376,19,[]
4410,7,[]
4423,18,[]
4455,11,[]
4475,20,[]
4510,8,[]
4524,22,[]
4563,11,[]
4583,21,[]
4620,9,[]
4636,22,[]
4675,61,[]
4782,16,[]
4810,8,[]
4824,18,[]
4856,6,[]
4867,19,[]
4901,10,[]
4919,26,[]
4965,9,[]
4981,22,[]
5020,6,[]
5031,19,[]
5065,7,[]
5078,18,[]
5110,6,[]
5121,23,[]
5162,5,[]
5171,22,[]
5210,7,[]
5223,21,[]
5260,9,[]
5276,22,[]
5315,5,[]
5324,23,[]
5365,9,[]
5381,15,[]
5408,7,[]
5421,16,[]
5449,9,[]
5465,15,[]
5492,50,[]
5580,10,[]
5598,8,[]
5612,17,[1, 2, 3, 4, 5, 6, 7, 8, 9, 10, 11, 12, 13, 14, 15, 16]
5642,6,[]
5653,14,[]
5678,7,[]
5691,26,[]
5737,17,[]
5767,9,[]
5783,17,[]
5813,6,[]
5824,23,[]
5865,4,[]
5872,20,[0, 1, 2, 3, 4, 5, 6, 7, 8, 9, 10, 11, 12, 13, 14, 15, 16, 17, 18, 19]
5907,9,[]
5923,20,[]
5958,9,[]
5974,24,[]
6016,10,[]
6034,17,[]
6064,9,[]
6080,22,[]
6119,9,[]
6135,16,[]
6163,6,[]
6174,20,[]
6209,7,[]
6222,17,[]
6252,5,[]
6261,46,[]
6342,4,[]
6349,19,[]
6383,21,[]
6420,6,[]
6431,12,[]
6452,6,[0, 1, 2, 3, 4, 5]
6463,13,[]
6486,10,[]
6504,19,[]
6538,22,[]
6577,12,[]
6598,14,[]
6623,17,[]
6653,21,[]
6690,7,[]
6703,6,[]
6714,23,[]
6755,11,[]
6775,25,[]
6819,13,[]
6842,15,[]
6869,25,[]
6913,14,[]
6938,25,[]
6982,22,[]
7021,16,[]
7049,17,[]
7079,16,[]
7107,17,[]
7137,41,[]
7209,2,[]
7213,4,[]
7220,17,[]
7250,9,[]
7266,20,[]
7301,7,[]
7314,17,[]
7344,17,[]
7374,7,[]
7387,19,[]
7421,10,[]
7439,22,[]
7478,10,[]
7496,21,[]
7533,9,[]
7549,9,[]
7565,25,[]
7609,9,[]
7625,24,[]
7667,20,[]
7702,6,[]
7713,22,[]
7752,6,[]
7763,25,[]
7807,8,[]
7821,27,[]
7869,4,[]
7876,9,[]
7892,26,[]
7938,31,[]
7993,12,[]
8014,23,[]
8055,4,[]
8062,19,[]
8096,6,[]
8107,23,[]
8148,14,[]
8173,24,[]
8215,22,[]
8254,19,[]
8288,12,[]
8309,13,[]
8332,22,[]
8371,12,[]
8392,23,[]
8433,13,[]
8456,4,[]
8463,18,[]
8495,18,[]
8527,18,[]
8559,17,[]
8589,6,[]
8600,11,[]
8620,12,[0, 1, 2, 3, 4, 5, 6, 7, 8, 9]
8641,7,[]
8654,13,[]
8677,17,[]
8707,8,[]
8721,17,[]
0,28,[]
49,3,[]
55,16,[]
83,22,[]
122,10,[]
140,17,[]
170,18,[]
202,13,[]
225,18,[]
257,4,[]
264,20,[]
299,21,[]
336,14,[]
361,13,[]
384,11,[]
404,15,[]
431,20,[]
466,16,[]
494,9,[]
510,3,[]
516,17,[]
546,15,[]
573,14,[]
598,17,[]
628,9,[]
644,14,[]
669,14,[]
694,13,[]
717,15,[]
744,7,[]
757,118,[]
964,8,[]
978,8,[]
992,11,[]
1012,1,[]
1014,13,[]
1037,12,[]
1058,11,[]
1078,12,[]
1099,12,[]
1120,14,[]
1145,12,[]
1166,13,[]
1189,10,[]
1207,17,[]
1237,14,[]
1262,13,[]
1285,10,[]
1303,18,[]
1335,9,[]
1351,14,[]
1376,13,[]
1399,17,[]
1429,8,[]
1443,17,[]
1473,14,[]
1498,13,[]
1521,14,[]
1546,12,[]
1567,16,[]
1595,120,[]
1805,9,[]
1821,8,[]
1835,8,[0, 1, 2, 3, 4, 5, 6, 7]
1849,15,[]
1876,13,[]
1899,12,[]
1920,18,[]
1952,8,[]
1966,17,[]
1996,13,[]
2019,13,[]
2042,12,[0, 1, 2, 3, 4, 5, 6, 7, 8, 9, 10, 11]
2063,8,[]
2077,17,[]
2107,14,[]
2132,24,[]
2174,16,[]
2202,17,[]
2232,14,[]
2257,18,[]
2289,16,[]
2317,18,[]
2349,17,[]
2379,13,[]
2402,18,[]
2434,15,[]
2461,15,[]
2488,18,[]
2520,16,[]
2548,124,[]
2765,11,[]
2785,9,[]
2801,10,[]
2819,17,[]
2849,11,[]
2869,13,[]
2892,15,[]
2919,15,[]
2946,17,[]
2976,17,[]
3006,10,[]
3024,17,[]
3054,7,[]
3067,14,[]
3092,15,[]
3119,16,[]
3147,16,[]
3175,9,[]
3191,20,[]
3226,19,[]
3260,12,[]
3281,14,[]
3306,9,[0, 1, 2, 3, 4, 5, 6, 7, 8]
3322,19,[]
3356,16,[]
3384,17,[]
3414,13,[]
3437,9,[]
3453,18,[]
3485,131,[]
3715,5,[]
3724,4,[]
3731,12,[]
3752,14,[]
3777,14,[]
3802,13,[]
3825,12,[]
3846,9,[]
3862,15,[]
3889,17,[]
3919,15,[]
3946,12,[]
3967,16,[]
3995,17,[]
4025,14,[]
4050,13,[]
4073,7,[]
4086,17,[]
4116,13,[]
4139,18,[]
4171,16,[]
4199,13,[]
4222,17,[]
4252,17,[]
4282,14,[]
4307,16,[]
4335,8,[]
4349,18,[]
4381,19,[]
4415,131,[]
4645,7,[]
4658,4,[]
4665,14,[]
4690,14,[]
4715,13,[]
4738,11,[]
4758,10,[]
4776,13,[]
4799,18,[]
4831,11,[]
4851,17,[]
4881,9,[]
4897,16,[]
4925,16,[]
4953,16,[]
4981,14,[]
5006,7,[]
5019,22,[]
5058,14,[]
5083,16,[]
5111,14,[]
5136,9,[]
5152,19,[]
5186,18,[]
5218,16,[]
5246,18,[]
5278,11,[]
5298,19,[]
5332,11,[]
5352,129,[]
5578,7,[]
5591,5,[0, 1, 2, 3, 4]
5600,12,[]
5621,16,[]
5649,12,[]
5670,13,[]
5693,8,[]
5707,17,[]
5737,13,[]
5760,14,[]
5785,17,[]
5815,8,[]
5829,13,[]
5852,16,[]
5880,17,[]
5910,18,[]
5942,7,[]
5955,15,[]
5982,15,[]
6009,17,[]
6039,7,[]
6052,20,[]
6087,17,[]
6117,15,[]
6144,13,[]
6167,14,[]
6192,8,[]
6206,13,[]
6229,19,[]
6263,127,[]
6486,1,[]
6488,6,[]
6499,9,[]
6515,10,[]
6533,11,[]
6553,7,[]
6566,12,[]
6587,11,[]
6607,11,[]
6627,15,[]
6654,7,[]
6667,19,[]
6701,14,[]
6726,12,[]
6747,14,[]
6772,5,[]
6781,14,[]
6806,16,[]
6834,15,[]
6861,17,[]
6891,9,[]
6907,17,[0, 1, 2, 3, 4, 5, 6, 7, 8, 9, 10, 11, 12, 13]
6937,14,[]
6962,16,[]
6990,13,[]
7013,8,[]
7027,17,[]
7057,15,[]
7084,15,[]
7111,119,[]
7320,1,[]
7322,5,[]
7331,7,[]
7344,11,[]
7364,9,[]
7380,6,[]
7391,9,[]
7407,10,[]
7425,8,[]
7439,7,[]
7452,16,[]
7480,12,[]
7501,13,[]
7524,12,[]
7545,14,[]
7570,10,[]
7588,14,[]
7613,12,[]
7634,17,[]
7664,14,[]
7689,7,[]
7702,21,[]
7739,17,[]
7769,13,[]
7792,20,[]
7827,9,[]
7843,19,[]
7877,18,[]
7909,15,[]
7936,121,[]
8148,1,[]
8150,6,[]
8161,5,[]
8170,11,[]
8190,7,[0, 1, 2, 3, 4, 5, 6]
8203,11,[]
8223,11,[]
8243,11,[]
8263,11,[]
8283,6,[]
8294,13,[]
8317,14,[]
8342,12,[]
8363,18,[]
8395,8,[]
8409,18,[]
8441,13,[]
8464,15,[]
8491,8,[]
8505,21,[]
8542,17,[]
8572,14,[]
8597,12,[]
8618,14,[]
8643,7,[]
8656,15,[0, 1, 2, 3, 4, 5, 6, 7, 8, 9, 10, 11, 12, 13, 14]
8683,15,[]
8710,17,[]
8740,12,[]
0,18,[]
32,6,[]
43,12,[]
64,14,[]
89,13,[]
112,11,[]
132,11,[]
152,12,[]
173,12,[]
194,12,[]
215,17,[]
245,13,[]
268,12,[]
289,14,[]
314,15,[]
341,11,[]
361,13,[]
384,13,[]
407,14,[]
432,14,[]
457,18,[]
489,13,[]
512,14,[]
537,15,[]
564,14,[]
589,12,[]
610,16,[]
638,14,[]
663,18,[]
695,12,[]
716,45,[]
795,7,[]
808,12,[]
829,12,[]
850,8,[]
864,13,[]
887,18,[]
919,15,[]
946,21,[]
983,18,[]
1015,18,[]
1047,16,[]
1075,18,[]
1107,16,[]
1135,17,[]
1165,14,[]
1190,16,[]
1218,21,[]
1255,18,[]
1287,18,[]
1319,14,[]
1344,16,[]
1372,22,[]
1411,15,[]
1438,14,[]
1463,15,[]
1490,18,[]
1522,14,[]
1547,16,[]
1575,19,[]
1609,44,[]
1686,11,[]
1706,21,[]
1743,16,[]
1771,17,[]
1801,16,[]
1829,16,[]
1857,16,[]
1885,18,[]
1917,17,[]
1947,19,[]
1981,18,[]
2013,23,[]
2054,18,[]
2086,16,[]
2114,21,[]
2151,16,[]
2179,16,[]
2207,22,[]
2246,17,[]
2276,16,[]
2304,15,[]
2331,16,[]
2359,18,[]
2391,15,[]
2418,15,[]
2445,16,[]
2473,15,[]
2500,23,[]
2541,19,[]
2575,54,[]
2670,11,[]
2690,14,[]
2715,16,[]
2743,16,[]
2771,18,[]
2803,19,[]
2837,18,[]
2869,19,[]
2903,16,[2, 3, 4, 5, 6, 7, 8, 9, 10, 11, 12, 13, 14, 15]
2931,15,[]
2958,23,[]
2999,22,[]
3038,15,[]
3065,15,[]
3092,14,[]
3117,13,[]
3140,14,[]
3165,15,[]
3192,23,[]
3233,15,[]
3260,15,[]
3287,13,[]
3310,17,[]
3340,13,[]
3363,13,[]
3386,15,[]
3413,16,[]
3441,12,[]
3462,15,[]
3489,42,[]
3563,8,[]
3577,11,[]
3597,12,[]
3618,12,[]
3639,11,[]
3659,11,[]
3679,13,[]
3702,12,[]
3723,10,[]
3741,13,[]
3764,12,[]
3785,11,[]
3805,11,[]
3825,11,[]
3845,14,[]
3870,13,[]
3893,11,[]
3913,12,[]
3934,14,[]
3959,11,[]
3979,13,[]
4002,13,[]
4025,14,[]
4050,13,[]
4073,13,[]
4096,11,[]
4116,13,[]
4139,12,[]
4160,14,[]
4185,43,[]
4261,9,[]
4277,13,[0, 1, 2, 3, 4, 5, 6, 7, 8, 9, 10]
4300,13,[]
4323,14,[]
4348,12,[]
4369,17,[]
4399,17,[]
4429,15,[]
4456,15,[]
4483,13,[]
4506,14,[]
4531,15,[]
4558,20,[]
4593,18,[]
4625,14,[]
4650,13,[]
4673,14,[]
4698,18,[]
4730,15,[]
4757,14,[]
4782,13,[]
4805,16,[]
4833,18,[]
4865,14,[]
4890,15,[]
4917,14,[]
4942,12,[]
4963,13,[]
4986,12,[]
5007,42,[]
5081,10,[]
5099,13,[]
5122,12,[0, 1, 2, 3, 4, 5, 6, 7, 8, 9, 10, 11]
5143,14,[]
5168,14,[]
5193,12,[]
5214,14,[]
5239,15,[]
5266,14,[]
5291,20,[]
5326,14,[]
5351,14,[]
5376,13,[]
5399,16,[]
5427,15,[]
5454,16,[]
5482,21,[]
5519,16,[]
5547,13,[]
5570,17,[]
5600,17,[]
5630,18,[]
5662,16,[]
5690,16,[]
5718,11,[]
5738,14,[]
5763,11,[]
5783,14,[]
5808,16,[]
5836,58,[]
5938,8,[]
5952,11,[]
5972,11,[]
5992,13,[]
6015,11,[]
6035,11,[]
6055,14,[]
6080,16,[]
6108,13,[]
6131,13,[]
6154,11,[]
6174,13,[]
6197,13,[]
6220,13,[]
6243,13,[]
6266,15,[]
6293,15,[]
6320,15,[]
6347,13,[]
6370,15,[]
6397,13,[]
6420,13,[]
6443,14,[]
6468,14,[]
6493,13,[]
6516,13,[]
6539,13,[]
6562,17,[]
6592,14,[]
6617,53,[]
6710,10,[]
6728,12,[]
6749,15,[]
6776,16,[]
6804,14,[]
6829,18,[]
6861,16,[]
6889,21,[]
6926,14,[]
6951,14,[]
6976,16,[]
7004,19,[]
7038,15,[0, 1, 2, 3, 4, 5, 6, 7, 8, 9, 10, 11, 12, 13, 14]
7065,17,[]
7095,13,[]
7118,14,[]
7143,21,[]
7180,17,[]
7210,18,[]
7242,16,[]
7270,21,[]
7307,17,[]
7337,14,[]
7362,17,[]
7392,13,[]
7415,19,[]
7449,12,[]
7470,13,[]
7493,12,[]
7514,46,[]
7595,11,[]
7615,12,[]
7636,14,[]
7661,20,[]
7696,15,[]
7723,6,[]
7734,19,[]
7768,23,[]
7809,16,[]
7837,7,[]
7850,19,[]
7884,16,[]
7912,17,[]
7942,10,[]
7960,21,[]
7997,9,[]
8013,15,[]
8040,15,[]
8067,17,[]
8097,15,[]
8124,14,[]
8149,8,[]
8163,20,[]
8198,4,[]
8205,20,[]
8240,10,[]
8258,27,[]
8306,4,[]
8313,19,[]
0,43,[]
76,12,[]
97,13,[]
120,17,[]
150,14,[]
175,15,[]
202,14,[]
227,14,[]
252,16,[]
280,15,[]
307,15,[]
334,12,[]
355,14,[]
380,14,[]
405,17,[]
435,19,[]
469,18,[]
501,16,[]
529,14,[]
554,15,[]
581,15,[]
608,19,[]
642,22,[]
681,21,[]
718,22,[]
757,26,[]
803,23,[]
844,20,[]
879,23,[]
920,21,[]
957,75,[]
1089,18,[]
1121,20,[]
1156,20,[]
1191,10,[]
1209,14,[]
1234,19,[]
1268,17,[]
1298,18,[]
1330,14,[2, 3, 4, 5, 6, 7, 8, 9, 10, 11, 12, 13]
1355,18,[]
1387,17,[]
1417,17,[]
1447,17,[]
1477,16,[]
1505,18,[]
1537,16,[]
1565,16,[]
1593,12,[]
1614,15,[]
1641,17,[]
1671,14,[]
1696,14,[]
1721,16,[]
1749,18,[2, 3, 4, 5, 6, 7, 8, 9, 10, 11, 12, 13, 14, 15, 16, 17]
1781,18,[]
1813,16,[]
1841,13,[]
1864,17,[]
1894,13,[]
1917,65,[]
2031,9,[]
2047,14,[]
2072,12,[]
2093,12,[]
2114,13,[]
2137,11,[]
2157,12,[]
2178,14,[]
2203,11,[]
2223,12,[]
2244,15,[]
2271,13,[]
2294,10,[]
2312,14,[]
2337,12,[]
2358,13,[]
2381,13,[]
2404,15,[]
2431,14,[]
2456,13,[]
2479,12,[]
2500,13,[]
2523,13,[]
2546,13,[]
2569,15,[]
2596,15,[]
2623,12,[]
2644,13,[]
2667,15,[]
2694,59,[]
2798,9,[]
2814,9,[]
2830,15,[]
2857,13,[]
2880,15,[]
2907,13,[]
2930,13,[]
2953,12,[]
2974,12,[]
2995,15,[]
3022,13,[]
3045,15,[]
3072,14,[]
3097,14,[]
3122,12,[]
3143,17,[]
3173,17,[]
3203,15,[]
3230,13,[]
3253,14,[]
3278,14,[]
3303,14,[]
3328,13,[]
3351,16,[]
3379,16,[]
3407,15,[]
3434,13,[]
3457,15,[]
3484,16,[]
3512,63,[]
3623,8,[]
3637,10,[0, 1, 2, 3, 4, 5, 6, 7, 8, 9]
3655,13,[]
3678,13,[]
3701,12,[]
3722,12,[]
3743,13,[]
3766,15,[]
3793,14,[]
3818,14,[]
3843,17,[]
3873,16,[]
3901,17,[]
3931,13,[]
3954,15,[]
3981,15,[]
4008,14,[]
4033,16,[]
4061,13,[]
4084,16,[]
4112,14,[]
4137,16,[]
4165,14,[]
4190,14,[]
4215,16,[]
4243,19,[]
4277,17,[1, 2, 3, 4, 5, 6, 7, 8, 9, 10, 11, 12, 13, 14, 15]
4307,14,[]
4332,13,[]
4355,64,[]
4467,7,[]
4480,12,[]
4501,12,[]
4522,13,[]
4545,12,[]
4566,14,[]
4591,13,[]
4614,12,[]
4635,12,[0, 1, 2, 3, 4, 5, 6, 7, 8, 9, 10, 11]
4656,13,[]
4679,14,[]
4704,14,[]
4729,12,[]
4750,14,[]
4775,14,[]
4800,13,[]
4823,14,[]
4848,14,[]
4873,13,[]
4896,14,[]
4921,13,[]
4944,12,[]
4965,13,[]
4988,12,[]
5009,18,[]
5041,14,[]
5066,13,[]
5089,14,[]
5114,10,[]
5132,76,[]
5265,4,[]
5272,7,[]
5285,9,[]
5301,11,[]
5321,11,[]
5341,11,[]
5361,12,[]
5382,12,[]
5403,13,[]
5426,12,[]
5447,11,[]
5467,11,[]
5487,21,[]
5524,20,[]
5559,16,[]
5587,17,[]
5617,14,[]
5642,13,[]
5665,16,[]
5693,18,[]
5725,20,[]
5760,17,[]
5790,16,[]
5818,14,[]
5843,16,[]
5871,21,[]
5908,14,[]
5933,19,[]
5967,18,[]
5999,50,[]
6087,11,[]
6107,11,[]
6127,14,[]
6152,15,[]
6179,12,[]
6200,13,[]
6223,15,[]
6250,15,[]
6277,13,[]
6300,12,[]
6321,13,[]
6344,15,[]
6371,15,[]
6398,9,[]
6414,14,[]
6439,17,[]
6469,11,[]
6489,9,[]
6505,12,[]
6526,13,[]
6549,13,[]
6572,13,[]
6595,13,[]
6618,10,[]
6636,11,[]
6656,11,[]
6676,13,[]
6699,9,[]
6715,9,[0, 1, 2, 3, 4, 5, 6, 7, 8]
6731,77,[]
6866,4,[]
6873,8,[]
6887,10,[]
6905,13,[]
6928,13,[]
6951,13,[]
6974,10,[]
6992,11,[]
7012,11,[]
7032,13,[]
7055,14,[]
7080,14,[]
7105,11,[]
7125,14,[]
7150,16,[]
7178,15,[]
7205,15,[]
7232,14,[]
7257,14,[]
7282,16,[]
7310,17,[]
7340,15,[]
7367,15,[]
7394,16,[]
7422,15,[]
7449,13,[]
7472,16,[]
7500,16,[]
7528,15,[]
7555,69,[]
7676,9,[]
7692,16,[]
7720,15,[]
7747,15,[]
7774,15,[]
7801,18,[]
7833,17,[]
7863,15,[]
7890,13,[]
7913,16,[]
7941,15,[]
7968,13,[0, 1, 2, 3, 4, 5, 6, 7, 8, 9, 10, 11, 12]
7991,18,[]
8023,16,[]
8051,16,[]
8079,14,[]
8104,16,[]
8132,16,[]
8160,15,[]
8187,18,[]
8219,15,[]
8246,13,[]
8269,11,[]
8289,14,[]
8314,17,[]
8344,14,[]
8369,12,[]
8390,16,[]
8418,16,[]
0,28,[]
49,6,[]
60,8,[]
74,9,[]
90,10,[]
108,9,[]
124,13,[]
147,15,[]
174,19,[]
208,12,[]
229,11,[]
249,11,[]
269,14,[]
294,12,[]
315,11,[]
335,11,[]
355,11,[]
375,11,[]
395,9,[]
411,12,[]
432,11,[]
452,11,[]
472,10,[]
490,9,[]
506,8,[]
520,10,[]
538,10,[]
556,17,[]
586,18,[]
618,13,[]
641,62,[]
750,8,[]
764,10,[]
782,11,[]
802,8,[]
816,10,[]
834,14,[]
859,12,[]
880,16,[]
908,13,[]
931,15,[]
958,13,[]
981,12,[]
1002,13,[]
1025,12,[]
1046,12,[]
1067,14,[]
1092,13,[]
1115,12,[]
1136,13,[]
1159,12,[]
1180,14,[]
1205,14,[]
1230,15,[]
1257,16,[]
1285,12,[]
1306,14,[]
1331,14,[]
1356,14,[]
1381,15,[]
1408,64,[]
1520,11,[]
1540,13,[]
1563,12,[]
1584,15,[]
1611,12,[]
1632,14,[]
1657,13,[]
1680,15,[]
1707,13,[]
1730,15,[]
1757,14,[]
1782,13,[]
1805,16,[]
1833,14,[]
1858,14,[0, 1, 2, 3, 4, 5, 6, 7, 8, 9, 10, 11]
1883,17,[]
1913,14,[]
1938,15,[]
1965,14,[]
1990,14,[]
2015,14,[]
2040,15,[]
2067,19,[]
2101,16,[]
2129,17,[]
2159,17,[]
2189,16,[]
2217,17,[]
2247,18,[]
2279,56,[]
2377,13,[]
2400,14,[]
2425,15,[]
2452,17,[]
2482,14,[]
2507,16,[]
2535,14,[]
2560,18,[]
2592,16,[]
2620,14,[]
2645,17,[]
2675,15,[]
2702,14,[]
2727,14,[]
2752,14,[]
2777,13,[]
2800,14,[]
2825,15,[]
2852,13,[]
2875,24,[]
2917,16,[]
2945,14,[]
2970,14,[]
2995,14,[]
3020,18,[]
3052,17,[]
3082,14,[]
3107,18,[]
3139,14,[]
3164,52,[]
3255,13,[]
3278,10,[]
3296,14,[]
3321,16,[]
3349,17,[]
3379,15,[]
3406,12,[]
3427,15,[]
3454,13,[]
3477,16,[]
3505,12,[]
3526,16,[]
3554,18,[]
3586,15,[]
3613,13,[]
3636,17,[]
3666,15,[]
3693,15,[]
3720,13,[]
3743,17,[]
3773,14,[]
3798,14,[]
3823,14,[]
3848,14,[]
3873,14,[]
3898,14,[]
3923,15,[]
3950,15,[]
3977,14,[]
4002,58,[]
4104,11,[]
4124,11,[]
4144,12,[]
4165,12,[]
4186,13,[]
4209,15,[]
4236,14,[]
4261,14,[]
4286,14,[]
4311,14,[]
4336,14,[]
4361,14,[]
4386,14,[]
4411,14,[]
4436,14,[]
4461,14,[]
4486,14,[]
4511,14,[]
4536,14,[]
4561,13,[]
4584,13,[]
4607,12,[]
4628,14,[]
4653,17,[]
4683,13,[]
4706,16,[]
4734,14,[]
4759,14,[]
4784,17,[]
4814,64,[]
4926,11,[]
4946,14,[]
4971,13,[]
4994,14,[]
5019,12,[]
5040,15,[]
5067,14,[]
5092,12,[]
5113,12,[]
5134,16,[]
5162,13,[]
5185,13,[]
5208,15,[]
5235,14,[]
5260,14,[]
5285,14,[]
5310,14,[]
5335,15,[]
5362,15,[]
5389,15,[]
5416,15,[]
5443,15,[]
5470,13,[]
5493,15,[]
5520,13,[]
5543,14,[]
5568,16,[]
5596,15,[]
5623,14,[]
5648,72,[]
5774,8,[]
5788,22,[]
5827,19,[]
5861,15,[]
5888,15,[]
5915,18,[]
5947,17,[]
5977,15,[]
6004,17,[]
6034,17,[]
6064,17,[]
6094,14,[]
6119,15,[]
6146,18,[]
6178,17,[]
6208,14,[]
6233,18,[]
6265,16,[]
6293,16,[]
6321,17,[]
6351,17,[]
6381,16,[]
6409,18,[]
6441,15,[]
6468,18,[]
6500,15,[]
6527,16,[]
6555,18,[]
6587,14,[]
6612,63,[]
6723,12,[]
6744,11,[]
6764,14,[]
6789,14,[]
6814,13,[]
6837,15,[]
6864,16,[]
6892,15,[]
6919,15,[]
6946,15,[]
6973,15,[]
7000,16,[]
7028,12,[]
7049,17,[]
7079,16,[]
7107,14,[]
7132,16,[]
7160,16,[]
7188,15,[]
7215,14,[]
7240,16,[]
7268,16,[]
7296,14,[]
7321,16,[]
7349,12,[]
7370,14,[]
7395,17,[]
7425,14,[]
7450,16,[]
7478,71,[]
7603,10,[]
7621,12,[]
7642,13,[]
7665,12,[]
7686,16,[]
7714,11,[]
7734,17,[]
7764,12,[]
7785,13,[]
7808,12,[]
7829,14,[]
7854,17,[0, 1, 2, 3, 4, 5, 6, 7, 8, 9, 10, 11, 12, 13, 14, 15, 16]
7884,15,[]
7911,13,[]
7934,15,[]
7961,13,[]
7984,15,[]
8011,13,[]
8034,13,[]
8057,15,[]
8084,13,[]
8107,15,[]
8134,13,[]
8157,15,[]
8184,13,[]
8207,13,[]
8230,15,[]
8257,12,[]
8278,13,[0, 1, 2, 3, 4, 5, 6, 7, 8, 9, 10, 11, 12]
0,29,[]
51,3,[]
57,9,[]
73,14,[]
98,15,[]
125,14,[]
150,15,[]
177,9,[]
193,14,[]
218,13,[]
241,15,[]
268,11,[]
288,13,[]
311,12,[]
332,17,[]
362,15,[]
389,17,[]
419,13,[]
442,25,[]
486,21,[]
523,25,[]
567,21,[]
604,23,[]
645,16,[]
673,15,[]
700,16,[]
728,18,[]
760,16,[]
788,19,[]
822,18,[0, 1, 2, 3, 4, 5, 6, 7, 8, 9, 10, 11, 12, 13, 14]
854,86,[]
1005,13,[]
1028,15,[]
1055,18,[]
1087,13,[]
1110,24,[]
1152,22,[]
1191,21,[]
1228,21,[]
1265,22,[]
1304,19,[]
1338,21,[]
1375,20,[]
1410,17,[]
1440,23,[]
1481,19,[]
1515,22,[]
1554,18,[]
1586,19,[]
1620,20,[]
1655,21,[0, 1, 2, 3, 4, 5, 6, 7, 8, 9, 10, 11, 12, 13, 14, 15, 16, 17, 18, 19, 20]
1692,19,[]
1726,18,[]
1758,19,[]
1792,20,[]
1827,19,[]
1861,18,[]
1893,18,[]
1925,19,[]
1959,17,[]
1989,82,[]
2133,9,[]
2149,10,[]
2167,15,[]
2194,16,[]
2222,25,[]
2266,18,[]
2298,19,[]
2332,17,[]
2362,18,[]
2394,16,[]
2422,18,[]
2454,17,[3, 4, 5, 6, 7, 8, 9, 10, 11, 12, 13, 14, 15, 16]
2484,15,[]
2511,20,[]
2546,15,[]
2573,14,[]
2598,15,[]
2625,15,[]
2652,14,[]
2677,15,[]
2704,12,[]
2725,17,[]
2755,17,[]
2785,16,[]
2813,13,[]
2836,13,[]
2859,12,[]
2880,17,[]
2910,14,[]
2935,71,[]
3060,7,[]
3073,9,[]
3089,10,[]
3107,13,[]
3130,13,[]
3153,15,[]
3180,13,[]
3203,15,[]
3230,12,[]
3251,15,[]
3278,11,[]
3298,13,[]
3321,13,[]
3344,14,[]
3369,13,[]
3392,13,[]
3415,12,[]
3436,13,[]
3459,12,[]
3480,14,[]
3505,11,[]
3525,13,[]
3548,13,[]
3571,15,[]
3598,13,[]
3621,14,[]
3646,12,[]
3667,14,[]
3692,11,[]
3712,71,[]
3837,7,[]
3850,10,[]
3868,10,[]
3886,11,[]
3906,18,[]
3938,12,[]
3959,14,[]
3984,16,[]
4012,13,[]
4035,14,[]
4060,13,[]
4083,14,[]
4108,13,[]
4131,14,[]
4156,13,[]
4179,13,[]
4202,13,[]
4225,12,[]
4246,13,[]
4269,13,[]
4292,12,[]
4313,15,[]
4340,12,[]
4361,14,[]
4386,13,[]
4409,15,[]
4436,14,[]
4461,17,[]
4491,14,[]
4516,81,[]
4658,8,[]
4672,10,[]
4690,10,[]
4708,14,[]
4733,15,[]
4760,16,[]
4788,14,[]
4813,17,[]
4843,15,[]
4870,15,[]
4897,15,[]
4924,16,[]
4952,15,[]
4979,17,[]
5009,15,[]
5036,16,[]
5064,15,[]
5091,17,[]
5121,16,[]
5149,15,[]
5176,15,[]
5203,16,[]
5231,14,[]
5256,14,[]
5281,12,[]
5302,17,[]
5332,14,[]
5357,16,[]
5385,13,[]
5408,81,[]
5550,9,[]
5566,12,[]
5587,14,[]
5612,15,[]
5639,20,[]
5674,18,[]
5706,17,[]
5736,19,[]
5770,16,[]
5798,17,[]
5828,17,[]
5858,17,[]
5888,15,[]
5915,17,[]
5945,18,[]
5977,18,[]
6009,16,[]
6037,17,[]
6067,15,[]
6094,15,[]
6121,16,[]
6149,15,[]
6176,16,[]
6204,17,[]
6234,17,[]
6264,15,[]
6291,14,[]
6316,13,[]
6339,15,[]
6366,73,[]
6494,6,[]
6505,9,[]
6521,9,[]
6537,13,[]
6560,14,[]
6585,14,[]
6610,12,[]
6631,15,[]
6658,10,[]
6676,13,[]
6699,12,[]
6720,14,[]
6745,12,[]
6766,13,[]
6789,13,[]
6812,15,[]
6839,14,[]
6864,14,[]
6889,12,[]
6910,15,[]
6937,13,[]
6960,18,[]
6992,16,[]
7020,14,[]
7045,16,[]
7073,14,[]
7098,15,[]
7125,15,[]
7152,13,[]
7175,74,[]
7305,5,[]
7314,7,[]
7327,8,[]
7341,12,[]
7362,15,[]
7389,14,[]
7414,12,[]
7435,12,[]
7456,14,[]
7481,13,[]
7504,11,[]
7524,13,[]
7547,13,[]
7570,16,[]
7598,13,[]
7621,15,[]
7648,13,[]
7671,15,[]
7698,13,[]
7721,15,[]
7748,14,[]
7773,13,[]
7796,16,[]
7824,15,[]
7851,13,[]
7874,17,[]
7904,16,[]
7932,18,[]
7964,15,[]
7991,84,[]
8138,5,[0, 1, 2, 3, 4]
8147,8,[]
8161,10,[]
8179,13,[]
8202,16,[]
8230,9,[]
8246,12,[]
8267,11,[]
8287,12,[]
8308,14,[2, 3, 4, 5, 6, 7, 8, 9, 10, 11, 12, 13]
8333,14,[]
8358,14,[]
8383,13,[]
8406,13,[]
8429,14,[]
8454,17,[]
8484,14,[]
8509,16,[]
8537,14,[]
8562,15,[]
8589,13,[]
8612,13,[]
8635,13,[]
8658,16,[]
8686,14,[]
8711,14,[]
8736,12,[]
8757,15,[]
8784,13,[]
0,33,[]
58,3,[]
64,6,[]
75,11,[]
95,11,[]
115,14,[]
140,13,[]
163,12,[]
184,11,[]
204,14,[]
229,16,[]
257,9,[]
273,9,[]
289,9,[]
305,10,[]
323,16,[]
351,18,[]
383,17,[]
413,18,[]
445,17,[]
475,14,[]
500,16,[]
528,16,[]
556,18,[]
588,20,[]
623,21,[]
660,15,[0, 1, 2, 3, 4, 5, 6, 7, 8, 9, 10, 11, 12, 13]
687,15,[]
714,17,[]
744,17,[]
774,77,[]
909,15,[]
936,11,[]
956,15,[]
983,9,[]
999,15,[]
1026,17,[]
1056,16,[]
1084,16,[]
1112,14,[]
1137,16,[]
1165,17,[]
1195,18,[]
1227,18,[]
1259,18,[]
1291,18,[]
1323,19,[]
1357,19,[]
1391,19,[]
1425,18,[]
1457,16,[]
1485,19,[]
1519,14,[]
1544,17,[]
1574,15,[]
1601,17,[]
1631,16,[]
1659,15,[]
1686,18,[]
1718,15,[]
1745,75,[]
1877,7,[]
1890,12,[]
1911,12,[]
1932,17,[]
1962,15,[]
1989,13,[]
2012,12,[]
2033,13,[]
2056,12,[]
2077,14,[]
2102,15,[]
2129,16,[]
2157,13,[]
2180,12,[]
2201,12,[]
2222,11,[]
2242,10,[]
2260,13,[]
2283,10,[]
2301,14,[]
2326,13,[]
2349,11,[]
2369,11,[]
2389,12,[]
2410,14,[]
2435,15,[]
2462,16,[]
2490,17,[]
2520,13,[]
2543,91,[]
2703,4,[]
2710,7,[]
2723,11,[]
2743,14,[]
2768,14,[]
2793,18,[]
2825,17,[]
2855,18,[]
2887,17,[]
2917,16,[]
2945,15,[]
2972,15,[]
2999,15,[]
3026,15,[]
3053,15,[]
3080,15,[]
3107,18,[]
3139,16,[1, 2, 3, 4, 5, 6, 7, 8, 9, 10, 11, 12, 13, 14, 15]
3167,16,[]
3195,15,[]
3222,16,[]
3250,17,[]
3280,19,[]
3314,18,[]
3346,19,[]
3380,17,[]
3410,15,[]
3437,16,[]
3465,17,[]
3495,59,[]
3599,6,[]
3610,10,[]
3628,13,[]
3651,16,[]
3679,14,[]
3704,15,[]
3731,14,[]
3756,16,[]
3784,12,[]
3805,15,[]
3832,16,[]
3860,16,[]
3888,17,[]
3918,15,[]
3945,16,[]
3973,16,[]
4001,14,[]
4026,16,[]
4054,16,[]
4082,18,[]
4114,16,[]
4142,17,[]
4172,17,[]
4202,18,[]
4234,17,[]
4264,14,[]
4289,13,[]
4312,18,[]
4344,14,[]
4369,57,[]
4469,9,[]
4485,12,[]
4506,12,[]
4527,13,[]
4550,15,[]
4577,15,[]
4604,15,[]
4631,16,[]
4659,14,[]
4684,15,[]
4711,13,[]
4734,16,[]
4762,14,[]
4787,15,[]
4814,13,[]
4837,15,[]
4864,17,[]
4894,17,[]
4924,14,[]
4949,17,[1, 2, 3, 4, 5, 6, 7, 8, 9, 10, 11, 12, 13, 14, 15, 16]
4979,15,[]
5006,17,[]
5036,18,[]
5068,17,[]
5098,19,[]
5132,16,[]
5160,14,[]
5185,14,[]
5210,15,[]
5237,40,[]
5307,14,[]
5332,12,[]
5353,14,[]
5378,14,[]
5403,15,[]
5430,15,[]
5457,13,[]
5480,13,[]
5503,15,[]
5530,13,[]
5553,13,[]
5576,17,[]
5606,17,[]
5636,14,[]
5661,13,[]
5684,19,[]
5718,15,[]
5745,15,[]
5772,14,[]
5797,18,[]
5829,13,[]
5852,14,[]
5877,17,[]
5907,15,[]
5934,13,[]
5957,15,[]
5984,14,[]
6009,14,[]
6034,14,[]
6059,64,[]
6171,8,[]
6185,11,[]
6205,9,[]
6221,11,[]
6241,9,[]
6257,12,[]
6278,11,[]
6298,10,[]
6316,12,[]
6337,14,[]
6362,12,[]
6383,13,[]
6406,13,[]
6429,14,[]
6454,12,[]
6475,15,[]
6502,11,[]
6522,13,[]
6545,13,[]
6568,15,[]
6595,14,[]
6620,18,[]
6652,16,[]
6680,17,[]
6710,16,[]
6738,15,[]
6765,15,[]
6792,17,[]
6822,13,[]
6845,73,[]
6973,8,[]
6987,12,[]
7008,12,[]
7029,15,[]
7056,15,[]
7083,15,[]
7110,11,[]
7130,15,[]
7157,14,[]
7182,15,[]
7209,15,[]
7236,13,[]
7259,14,[]
7284,14,[]
7309,14,[]
7334,18,[]
7366,15,[]
7393,14,[]
7418,15,[]
7445,18,[]
7477,16,[]
7505,13,[]
7528,14,[]
7553,15,[]
7580,14,[]
7605,14,[]
7630,15,[]
7657,14,[]
7682,14,[]
7707,64,[]
7819,10,[]
7837,12,[]
7858,14,[]
7883,15,[]
7910,13,[0, 1, 2, 3, 4, 5, 6, 7, 8, 9, 10, 11, 12]
7933,13,[]
7956,14,[]
7981,16,[]
8009,15,[]
8036,15,[]
8063,15,[]
8090,16,[]
8118,14,[]
8143,16,[]
8171,16,[]
8199,17,[]
8229,14,[]
8254,13,[]
8277,14,[]
8302,15,[]
8329,17,[]
8359,17,[]
8389,16,[]
8417,17,[]
8447,17,[]
8477,17,[]
8507,17,[0, 1, 2, 3, 4, 5, 6, 7, 8, 9, 10, 11, 12, 13]
8537,18,[]
8569,17,[]
0,44,[]
77,8,[]
91,14,[]
116,14,[]
141,8,[]
155,17,[]
185,16,[]
213,15,[]
240,17,[]
270,16,[]
298,7,[]
311,15,[]
338,18,[]
370,16,[]
398,7,[]
411,15,[0, 1, 2, 3, 4, 5, 6, 7, 8, 9, 10, 11, 12, 13, 14]
438,17,[]
468,15,[]
495,17,[]
525,12,[]
546,20,[]
581,18,[]
613,20,[0, 1, 2, 3, 4, 5, 6, 7, 8, 9, 10, 11, 12, 13, 14, 15, 16, 17, 18, 19]
648,9,[]
664,23,[]
705,9,[]
721,17,[]
751,17,[]
781,19,[]
815,10,[]
833,122,[]
1047,16,[]
1075,18,[]
1107,18,[]
1139,9,[]
1155,9,[]
1171,16,[]
1199,16,[]
1227,17,[]
1257,9,[]
1273,17,[]
1303,19,[]
1337,19,[]
1371,19,[]
1405,11,[]
1425,22,[]
1464,19,[]
1498,17,[]
1528,17,[]
1558,16,[]
1586,12,[]
1607,16,[]
1635,21,[]
1672,22,[]
1711,5,[]
1720,16,[]
1748,18,[]
1780,18,[]
1812,19,[]
1846,15,[]
1873,83,[]
2019,10,[]
2037,14,[]
2062,15,[]
2089,9,[]
2105,17,[]
2135,16,[]
2163,16,[]
2191,14,[]
2216,15,[]
2243,12,[]
2264,13,[]
2287,14,[]
2312,16,[]
2340,11,[]
2360,14,[]
2385,16,[]
2413,13,[2, 3, 4, 5, 6, 7, 8, 9, 10, 11, 12]
2436,15,[]
2463,11,[]
2483,16,[]
2511,14,[]
2536,16,[]
2564,12,[]
2585,16,[]
2613,13,[]
2636,14,[]
2661,14,[]
2686,15,[]
2713,11,[]
2733,91,[]
2893,8,[]
2907,11,[]
2927,9,[]
2943,11,[]
2963,14,[]
2988,13,[]
3011,14,[]
3036,14,[]
3061,12,[]
3082,14,[]
3107,15,[]
3134,15,[]
3161,13,[]
3184,10,[]
3202,14,[]
3227,14,[]
3252,14,[]
3277,13,[]
3300,16,[]
3328,9,[]
3344,15,[]
3371,13,[]
3394,17,[]
3424,9,[]
3440,15,[]
3467,15,[]
3494,13,[]
3517,14,[]
3542,13,[]
3565,105,[]
3749,6,[]
3760,10,[]
3778,13,[]
3801,6,[]
3812,12,[]
3833,16,[]
3861,11,[]
3881,17,[]
3911,14,[]
3936,13,[]
3959,13,[]
3982,29,[]
4033,22,[]
4072,8,[]
4086,19,[]
4120,18,[]
4152,16,[]
4180,20,[]
4215,6,[]
4226,17,[]
4256,19,[]
4290,18,[]
4322,18,[]
4354,18,[]
4386,9,[]
4402,19,[]
4436,19,[]
4470,17,[]
4500,9,[]
4516,68,[]
4635,14,[]
4660,15,[]
4687,16,[]
4715,16,[]
4743,10,[]
4761,16,[]
4789,17,[]
4819,18,[]
4851,11,[]
4871,19,[]
4905,17,[]
4935,20,[]
4970,16,[]
4998,8,[0, 1, 2, 3, 4, 5, 6, 7]
5012,18,[]
5044,21,[]
5081,17,[]
5111,18,[]
5143,18,[]
5175,9,[]
5191,17,[]
5221,16,[]
5249,18,[]
5281,7,[]
5294,19,[]
5328,15,[]
5355,17,[]
5385,15,[]
5412,19,[]
5446,81,[]
5588,5,[]
5597,9,[]
5613,11,[]
5633,9,[]
5649,13,[]
5672,14,[]
5697,11,[0, 1, 2, 3, 4, 5, 6, 7, 8, 9, 10]
5717,14,[]
5742,14,[]
5767,8,[]
5781,15,[]
5808,15,[]
5835,14,[]
5860,7,[]
5873,15,[]
5900,14,[]
5925,12,[]
5946,15,[]
5973,12,[]
5994,18,[]
6026,13,[]
6049,14,[]
6074,13,[]
6097,16,[]
6125,12,[]
6146,14,[]
6171,16,[]
6199,18,[]
6231,7,[]
6244,85,[]
6393,8,[]
6407,11,[]
6427,11,[]
6447,13,[]
6470,10,[]
6488,13,[]
6511,14,[]
6536,16,[]
6564,11,[]
6584,13,[]
6607,15,[]
6634,15,[]
6661,13,[]
6684,17,[]
6714,7,[]
6727,17,[]
6757,17,[]
6787,13,[]
6810,20,[]
6845,8,[]
6859,17,[]
6889,11,[]
6909,16,[]
6937,9,[]
6953,14,[]
6978,13,[]
7001,16,[]
7029,12,[]
7050,17,[]
7080,95,[]
7247,5,[]
7256,9,[]
7272,11,[]
7292,10,[]
7310,12,[]
7331,16,[]
7359,12,[]
7380,17,[]
7410,16,[]
7438,7,[]
7451,12,[]
7472,16,[]
7500,13,[]
7523,10,[]
7541,11,[]
7561,16,[]
7589,13,[]
7612,18,[]
7644,6,[]
7655,19,[]
7689,13,[]
7712,19,[]
7746,15,[]
7773,17,[]
7803,8,[]
7817,18,[]
7849,12,[]
7870,14,[]
7895,9,[]
7911,98,[]
8083,6,[]
8094,10,[]
8112,11,[]
8132,10,[]
8150,12,[]
8171,14,[]
8196,14,[]
8221,17,[]
8251,7,[]
8264,17,[]
8294,14,[]
8319,17,[]
8349,13,[]
8372,15,[]
8399,9,[]
8415,18,[]
8447,17,[]
8477,20,[]
8512,16,[]
8540,8,[]
8554,20,[]
8589,17,[]
8619,20,[]
8654,8,[]
8668,18,[]
8700,19,[]
8734,14,[]
8759,16,[]
8787,10,[]
0,33,[]
58,7,[]
71,13,[]
94,15,[]
121,17,[]
151,16,[]
179,24,[]
221,17,[]
251,15,[]
278,11,[]
298,16,[]
326,16,[]
354,17,[]
384,12,[]
405,13,[]
428,14,[]
453,16,[]
481,14,[]
506,14,[]
531,12,[]
552,13,[]
575,12,[]
596,19,[]
630,16,[]
658,18,[]
690,18,[]
722,13,[]
745,13,[]
768,17,[]
798,15,[2, 3, 4, 5, 6, 7, 8, 9, 10, 11, 12, 13, 14]
825,82,[]
969,15,[]
996,11,[]
1016,6,[]
1027,8,[]
1041,8,[]
1055,15,[]
1082,10,[]
1100,15,[]
1127,14,[]
1152,16,[]
1180,14,[]
1205,16,[]
1233,17,[]
1263,17,[]
1293,7,[]
1306,18,[]
1338,21,[]
1375,18,[]
1407,18,[]
1439,18,[]
1471,19,[]
1505,20,[]
1540,18,[]
1572,20,[]
1607,18,[]
1639,17,[]
1669,11,[]
1689,23,[]
1730,12,[]
1751,67,[]
1869,11,[]
1889,16,[]
1917,14,[]
1942,15,[]
1969,15,[]
1996,18,[]
2028,18,[]
2060,20,[]
2095,12,[]
2116,22,[]
2155,15,[]
2182,15,[]
2209,17,[]
2239,17,[]
2269,14,[]
2294,15,[]
2321,16,[]
2349,17,[]
2379,16,[]
2407,17,[]
2437,12,[]
2458,17,[]
2488,16,[]
2516,17,[]
2546,14,[]
2571,17,[]
2601,16,[]
2629,18,[]
2661,13,[]
2684,68,[]
2803,8,[]
2817,14,[]
2842,6,[]
2853,15,[]
2880,15,[]
2907,17,[]
2937,14,[]
2962,18,[]
2994,15,[]
3021,14,[]
3046,14,[]
3071,15,[]
3098,15,[]
3125,16,[]
3153,11,[]
3173,21,[]
3210,17,[]
3240,23,[]
3281,15,[]
3308,16,[]
3336,13,[]
3359,14,[]
3384,15,[]
3411,16,[]
3439,13,[]
3462,16,[]
3490,12,[]
3511,17,[]
3541,18,[]
3573,69,[]
3694,9,[]
3710,14,[]
3735,14,[]
3760,17,[]
3790,15,[]
3817,15,[]
3844,17,[]
3874,18,[]
3906,11,[]
3926,19,[]
3960,9,[]
3976,23,[]
4017,15,[]
4044,16,[]
4072,15,[]
4099,17,[]
4129,16,[]
4157,17,[]
4187,17,[]
4217,19,[]
4251,12,[]
4272,21,[]
4309,19,[]
4343,19,[]
4377,19,[]
4411,20,[]
4446,18,[]
4478,18,[]
4510,18,[]
4542,63,[]
4653,10,[]
4671,13,[]
4694,6,[]
4705,17,[]
4735,14,[]
4760,16,[]
4788,17,[]
4818,16,[]
4846,14,[]
4871,15,[]
4898,15,[]
4925,16,[]
4953,15,[]
4980,15,[]
5007,13,[]
5030,18,[]
5062,17,[]
5092,13,[]
5115,17,[]
5145,14,[]
5170,14,[]
5195,14,[]
5220,13,[]
5243,13,[]
5266,12,[]
5287,12,[]
5308,15,[]
5335,14,[]
5360,12,[]
5381,72,[]
5507,8,[]
5521,13,[]
5544,13,[]
5567,15,[]
5594,14,[]
5619,14,[]
5644,14,[]
5669,14,[]
5694,12,[]
5715,15,[]
5742,17,[]
5772,14,[]
5797,14,[]
5822,17,[]
5852,14,[]
5877,14,[]
5902,13,[]
5925,17,[]
5955,14,[]
5980,15,[]
6007,8,[]
6021,16,[]
6049,17,[]
6079,14,[]
6104,13,[]
6127,13,[]
6150,14,[]
6175,14,[]
6200,14,[]
6225,63,[]
6336,8,[]
6350,12,[]
6371,6,[]
6382,15,[]
6409,13,[]
6432,14,[]
6457,14,[]
6482,14,[]
6507,14,[]
6532,15,[]
6559,15,[]
6586,15,[]
6613,15,[]
6640,15,[]
6667,12,[]
6688,20,[]
6723,15,[]
6750,15,[]
6777,13,[]
6800,13,[]
6823,14,[]
6848,14,[]
6873,13,[]
6896,13,[]
6919,14,[]
6944,14,[]
6969,14,[]
6994,15,[]
7021,17,[]
7051,72,[]
7177,9,[]
7193,13,[]
7216,14,[]
7241,14,[]
7266,13,[]
7289,14,[]
7314,12,[]
7335,15,[]
7362,10,[]
7380,20,[]
7415,16,[]
7443,18,[]
7475,16,[]
7503,16,[]
7531,16,[]
7559,14,[]
7584,14,[]
7609,18,[]
7641,17,[]
7671,17,[]
7701,12,[]
7722,19,[]
7756,20,[]
7791,10,[]
7809,20,[]
7844,16,[]
7872,15,[]
7899,16,[]
7927,16,[]
7955,62,[]
8064,9,[]
8080,12,[]
8101,6,[]
8112,17,[]
8142,18,[]
8174,14,[]
8199,15,[]
8226,15,[]
8253,13,[]
8276,13,[]
8299,14,[]
8324,16,[]
8352,15,[]
8379,14,[]
8404,12,[]
8425,20,[]
8460,5,[]
8469,17,[]
8499,16,[]
8527,15,[]
8554,15,[]
8581,15,[]
8608,14,[]
8633,16,[]
8661,13,[]
8684,15,[]
8711,13,[]
8734,15,[]
8761,15,[]
0,41,[]
72,1,[]
74,10,[]
92,10,[]
110,14,[]
135,13,[]
158,10,[]
176,14,[]
201,10,[]
219,16,[]
247,14,[]
272,16,[]
300,20,[]
335,13,[]
358,10,[]
376,13,[]
399,11,[]
419,16,[]
447,12,[]
468,12,[]
489,13,[]
512,10,[]
530,14,[]
555,13,[]
578,14,[]
603,15,[]
630,10,[]
648,10,[]
666,13,[]
689,15,[]
716,120,[]
926,11,[]
946,7,[]
959,12,[]
980,2,[]
984,7,[0, 1, 2, 3, 4, 5, 6]
997,10,[]
1015,15,[]
1042,15,[]
1069,12,[]
1090,14,[]
1115,9,[]
1131,17,[]
1161,8,[]
1175,15,[]
1202,13,[]
1225,12,[]
1246,11,[]
1266,17,[]
1296,11,[]
1316,20,[]
1351,11,[]
1371,13,[]
1394,16,[]
1422,14,[]
1447,17,[]
1477,16,[]
1505,12,[]
1526,20,[]
1561,11,[]
1581,120,[]
1791,5,[]
1800,12,[]
1821,15,[]
1848,10,[]
1866,13,[]
1889,12,[]
1910,15,[]
1937,9,[]
1953,9,[]
1969,17,[]
1999,15,[]
2026,11,[]
2046,15,[]
2073,14,[]
2098,17,[]
2128,14,[]
2153,13,[]
2176,15,[]
2203,15,[]
2230,13,[]
2253,15,[]
2280,14,[]
2305,21,[]
2342,10,[]
2360,15,[]
2387,16,[]
2415,18,[]
2447,14,[]
2472,18,[]
2504,121,[]
2716,3,[]
2722,17,[]
2752,11,[]
2772,17,[]
2802,14,[]
2827,11,[]
2847,16,[]
2875,14,[]
2900,18,[]
2932,16,[]
2960,16,[]
2988,17,[]
3018,14,[]
3043,13,[]
3066,17,[]
3096,15,[]
3123,16,[]
3151,14,[]
3176,17,[]
3206,14,[]
3231,19,[0, 1, 2, 3, 4, 5, 6, 7, 8, 9, 10, 11, 12, 13, 14, 15]
3265,20,[]
3300,16,[]
3328,13,[]
3351,19,[]
3385,17,[]
3415,19,[]
3449,15,[]
3476,16,[]
3504,120,[]
3714,4,[]
3721,12,[]
3742,12,[]
3763,16,[]
3791,16,[]
3819,13,[]
3842,15,[]
3869,16,[]
3897,13,[]
3920,14,[]
3945,14,[]
3970,18,[]
4002,15,[]
4029,15,[]
4056,16,[]
4084,13,[]
4107,16,[]
4135,25,[]
4179,14,[]
4204,12,[]
4225,13,[]
4248,12,[]
4269,14,[]
4294,20,[]
4329,17,[]
4359,19,[]
4393,13,[]
4416,14,[]
4441,15,[]
4468,118,[]
4675,5,[]
4684,13,[]
4707,13,[]
4730,14,[]
4755,13,[]
4778,18,[]
4810,15,[]
4837,17,[]
4867,14,[]
4892,14,[]
4917,13,[]
4940,12,[]
4961,15,[]
4988,14,[]
5013,19,[]
5047,11,[]
5067,17,[]
5097,15,[]
5124,17,[]
5154,14,[]
5179,17,[]
5209,15,[]
5236,18,[]
5268,14,[]
5293,15,[]
5320,14,[]
5345,15,[]
5372,14,[]
5397,16,[]
5425,106,[]
5611,3,[]
5617,9,[]
5633,8,[]
5647,9,[]
5663,8,[]
5677,8,[]
5691,9,[]
5707,11,[]
5727,14,[]
5752,11,[]
5772,13,[]
5795,12,[]
5816,19,[]
5850,12,[]
5871,15,[]
5898,13,[]
5921,12,[]
5942,15,[]
5969,12,[]
5990,14,[]
6015,17,[]
6045,14,[]
6070,14,[]
6095,14,[]
6120,12,[]
6141,17,[]
6171,14,[0, 1, 2, 3, 4, 5, 6, 7, 8, 9, 10, 11, 12, 13]
6196,13,[]
6219,12,[]
6240,108,[]
6429,2,[]
6433,6,[]
6444,9,[]
6460,9,[]
6476,11,[]
6496,11,[]
6516,11,[]
6536,19,[]
6570,13,[]
6593,12,[]
6614,14,[]
6639,16,[]
6667,12,[]
6688,16,[]
6716,14,[]
6741,14,[]
6766,12,[]
6787,15,[]
6814,16,[]
6842,18,[]
6874,16,[]
6902,14,[]
6927,13,[]
6950,15,[]
6977,16,[]
7005,17,[]
7035,17,[]
7065,20,[]
7100,12,[]
7121,113,[]
7319,4,[]
7326,14,[]
7351,11,[]
7371,7,[]
7384,10,[]
7402,10,[]
7420,8,[]
7434,12,[]
7455,15,[]
7482,14,[]
7507,14,[]
7532,16,[]
7560,13,[]
7583,14,[]
7608,12,[]
7629,15,[]
7656,13,[]
7679,16,[]
7707,15,[]
7734,17,[]
7764,12,[]
7785,14,[]
7810,15,[]
7837,17,[]
7867,15,[]
7894,16,[]
7922,13,[]
7945,16,[]
7973,16,[]
8001,110,[]
8194,2,[]
8198,10,[]
8216,8,[]
8230,11,[]
8250,9,[]
8266,10,[]
8284,14,[]
8309,13,[]
8332,9,[]
8348,11,[]
8368,9,[]
8384,15,[]
8411,14,[]
8436,10,[]
8454,13,[]
8477,13,[]
8500,14,[]
8525,12,[]
8546,10,[]
8564,13,[]
8587,13,[]
8610,12,[]
8631,11,[]
8651,13,[]
8674,13,[]
8697,15,[]
8724,12,[]
8745,11,[]
8765,13,[]
0,60,[]
105,15,[]
132,16,[]
160,3,[]
166,13,[]
189,18,[]
221,19,[]
255,16,[]
283,20,[]
318,17,[]
348,15,[]
375,18,[]
407,19,[]
441,17,[]
471,19,[]
505,25,[]
549,15,[]
576,15,[]
603,15,[]
630,15,[]
657,17,[]
687,16,[]
715,17,[]
745,18,[]
777,16,[]
805,19,[]
839,16,[]
867,18,[]
899,17,[]
929,21,[]
966,96,[]
1134,17,[]
1164,18,[]
1196,21,[]
1233,16,[]
1261,14,[]
1286,17,[]
1316,16,[]
1344,17,[]
1374,15,[0, 1, 2, 3, 4, 5, 6, 7, 8, 9, 10, 11, 12, 13, 14]
1401,15,[]
1428,16,[]
1456,12,[]
1477,13,[]
1500,15,[]
1527,16,[]
1555,16,[]
1583,17,[]
1613,16,[]
1641,16,[]
1669,16,[]
1697,13,[]
1720,15,[]
1747,16,[]
1775,19,[]
1809,20,[]
1844,18,[]
1876,18,[]
1908,20,[]
1943,18,[]
1975,66,[]
2091,13,[]
2114,14,[]
2139,16,[]
2167,16,[]
2195,15,[]
2222,15,[]
2249,19,[]
2283,15,[]
2310,12,[]
2331,14,[]
2356,15,[]
2383,17,[]
2413,16,[]
2441,14,[]
2466,19,[]
2500,15,[]
2527,14,[]
2552,19,[]
2586,15,[]
2613,15,[]
2640,17,[]
2670,18,[]
2702,19,[]
2736,19,[]
2770,20,[]
2805,17,[]
2835,16,[]
2863,16,[]
2891,14,[]
2916,44,[]
2993,11,[]
3013,13,[]
3036,16,[]
3064,14,[]
3089,16,[]
3117,16,[]
3145,16,[]
3173,15,[]
3200,14,[]
3225,13,[]
3248,11,[]
3268,14,[]
3293,11,[]
3313,13,[]
3336,17,[]
3366,14,[]
3391,15,[]
3418,18,[]
3450,12,[]
3471,13,[]
3494,13,[]
3517,15,[]
3544,16,[]
3572,15,[0, 1, 2, 3, 4, 5, 6, 7, 8, 9, 10, 11, 12, 13, 14]
3599,14,[]
3624,16,[]
3652,14,[]
3677,20,[]
3712,16,[]
3740,46,[]
3821,15,[]
3848,19,[]
3882,21,[]
3919,17,[]
3949,17,[]
3979,14,[]
4004,17,[]
4034,15,[]
4061,17,[]
4091,17,[]
4121,16,[]
4149,18,[]
4181,15,[]
4208,16,[]
4236,15,[]
4263,16,[]
4291,15,[]
4318,13,[]
4341,15,[]
4368,17,[]
4398,16,[]
4426,21,[]
4463,14,[]
4488,15,[]
4515,15,[]
4542,16,[]
4570,14,[]
4595,15,[]
4622,15,[]
4649,60,[]
4754,9,[]
4770,12,[]
4791,11,[]
4811,14,[]
4836,15,[]
4863,16,[]
4891,20,[0, 1, 2, 3, 4, 5, 6, 7, 8, 9, 10, 11, 12, 13, 14, 15]
4926,16,[]
4954,15,[]
4981,15,[]
5008,13,[]
5031,14,[]
5056,12,[]
5077,14,[]
5102,12,[]
5123,15,[]
5150,14,[]
5175,15,[]
5202,12,[]
5223,14,[]
5248,17,[]
5278,16,[]
5306,14,[]
5331,14,[0, 1, 2, 3, 4, 5, 6, 7, 8, 9, 10, 11, 12, 13]
5356,14,[]
5381,16,[]
5409,17,[]
5439,19,[]
5473,18,[]
5505,63,[]
5616,9,[]
5632,11,[]
5652,8,[]
5666,9,[]
5682,9,[]
5698,9,[]
5714,11,[]
5734,10,[]
5752,14,[]
5777,13,[]
5800,12,[]
5821,12,[]
5842,13,[]
5865,11,[]
5885,14,[]
5910,12,[]
5931,15,[]
5958,16,[]
5986,16,[1, 2, 3, 4, 5, 6, 7, 8, 9, 10, 11, 12, 13, 14, 15]
6014,13,[]
6037,15,[]
6064,14,[]
6089,16,[]
6117,18,[]
6149,16,[]
6177,16,[]
6205,16,[]
6233,16,[]
6261,16,[]
6289,62,[]
6398,8,[]
6412,10,[]
6430,11,[]
6450,14,[]
6475,11,[]
6495,10,[]
6513,13,[]
6536,12,[]
6557,12,[]
6578,20,[]
6613,14,[]
6638,12,[]
6659,15,[]
6686,14,[]
6711,16,[]
6739,18,[]
6771,17,[]
6801,18,[]
6833,15,[]
6860,15,[]
6887,16,[]
6915,17,[]
6945,16,[]
6973,15,[]
7000,16,[]
7028,17,[]
7058,17,[]
7088,18,[]
7120,17,[]
7150,46,[]
7231,14,[]
7256,3,[]
7262,15,[]
7289,14,[]
7314,12,[]
7335,11,[]
7355,12,[]
7376,15,[]
7403,14,[]
7428,14,[]
7453,13,[]
7476,12,[]
7497,13,[]
7520,13,[2, 3, 4, 5, 6, 7, 8, 9, 10, 11, 12]
7543,16,[]
7571,13,[]
7594,13,[]
7617,13,[]
7640,13,[]
7663,13,[]
7686,14,[]
7711,16,[]
7739,13,[]
7762,15,[]
7789,15,[]
7816,16,[]
7844,14,[]
7869,15,[]
7896,19,[]
7930,46,[]
8011,7,[]
8024,9,[]
8040,11,[]
8060,10,[]
8078,13,[]
8101,11,[]
8121,11,[]
8141,12,[]
8162,11,[]
8182,10,[]
8200,11,[]
8220,10,[]
8238,12,[]
8259,10,[]
8277,13,[]
8300,11,[]
8320,11,[]
8340,12,[]
8361,14,[]
8386,13,[]
8409,15,[]
8436,14,[]
8461,15,[]
8488,16,[1, 2, 3, 4, 5, 6, 7, 8, 9, 10, 11, 12, 13, 14]
8516,15,[]
8543,15,[]
8570,12,[]
8591,13,[]
8614,14,[]
0,72,[]
126,1,[]
128,2,[]
132,2,[]
136,1,[]
138,19,[]
172,5,[]
181,6,[]
192,2,[]
196,3,[]
202,4,[]
209,19,[]
243,16,[]
271,9,[0, 1, 2, 3, 4, 5, 6, 7, 8]
287,13,[]
310,4,[]
317,5,[]
326,4,[]
333,13,[]
356,4,[]
363,5,[]
372,11,[]
392,21,[]
429,8,[]
443,16,[]
471,34,[]
531,4,[]
538,13,[]
561,13,[]
584,36,[]
647,272,[]
1123,4,[]
1130,16,[]
1158,2,[]
1162,11,[]
1182,4,[]
1189,3,[]
1195,8,[]
1209,16,[]
1237,13,[]
1260,12,[]
1281,24,[]
1323,11,[]
1343,21,[]
1380,8,[]
1394,30,[]
1447,9,[]
1463,14,[]
1488,16,[]
1516,29,[]
1567,7,[]
1580,23,[]
1621,8,[]
1635,8,[0, 1, 2, 3, 4, 5, 6, 7]
1649,9,[]
1665,16,[]
1693,17,[]
1723,19,[]
1757,48,[]
1841,19,[]
1875,150,[]
2138,1,[]
2140,1,[]
2142,1,[]
2144,1,[]
2146,14,[]
2171,8,[]
2185,6,[]
2196,18,[]
2228,5,[]
2237,22,[]
2276,4,[]
2283,43,[]
2359,7,[]
2372,33,[]
2430,6,[]
2441,6,[]
2452,22,[]
2491,6,[]
2502,8,[]
2516,11,[]
2536,15,[]
2563,18,[]
2595,29,[]
2646,7,[]
2659,5,[]
2668,21,[]
2705,7,[]
2718,13,[0, 1, 2, 3, 4, 5, 6, 7, 8, 9, 10, 11, 12]
2741,16,[]
2769,175,[]
3076,1,[]
3078,5,[]
3087,4,[]
3094,4,[]
3101,11,[]
3121,4,[]
3128,5,[]
3137,2,[]
3141,15,[]
3168,6,[]
3179,7,[]
3192,10,[]
3210,9,[]
3226,22,[]
3265,8,[]
3279,19,[]
3313,11,[]
3333,29,[]
3384,8,[]
3398,19,[]
3432,12,[]
3453,12,[]
3474,16,[]
3502,14,[]
3527,18,[]
3559,14,[]
3584,22,[]
3623,4,[]
3630,16,[]
3658,183,[]
3979,1,[]
3981,8,[]
3995,6,[]
4006,4,[]
4013,8,[]
4027,13,[]
4050,6,[]
4061,8,[]
4075,7,[]
4088,9,[]
4104,13,[]
4127,6,[]
4138,16,[]
4166,9,[]
4182,7,[]
4195,10,[]
4213,20,[]
4248,9,[]
4264,9,[]
4280,26,[]
4326,9,[]
4342,12,[]
4363,14,[]
4388,11,[]
4408,16,[0, 1, 2, 3, 4, 5, 6, 7, 8, 9, 10, 11, 12, 13, 14, 15]
4436,20,[]
4471,3,[]
4477,6,[]
4488,18,[]
4520,178,[]
4832,5,[]
4841,3,[]
4847,5,[]
4856,5,[]
4865,3,[]
4871,5,[]
4880,16,[]
4908,15,[]
4935,7,[]
4948,7,[]
4961,9,[]
4977,9,[]
4993,9,[]
5009,24,[]
5051,8,[]
5065,22,[]
5104,16,[]
5132,3,[]
5138,15,[]
5165,9,[]
5181,8,[]
5195,11,[]
5215,12,[]
5236,13,[]
5259,18,[]
5291,36,[]
5354,7,[]
5367,21,[]
5404,7,[]
5417,144,[]
5669,1,[]
5671,8,[]
5685,2,[]
5689,4,[]
5696,14,[]
5721,6,[]
5732,8,[]
5746,9,[]
5762,18,[]
5794,6,[]
5805,7,[]
5818,9,[]
5834,19,[]
5868,17,[]
5898,6,[]
5909,7,[]
5922,12,[]
5943,12,[]
5964,13,[]
5987,24,[]
6029,4,[]
6036,8,[]
6050,22,[]
6089,9,[]
6105,28,[]
6154,2,[]
6158,10,[]
6176,12,[]
6197,8,[]
6211,163,[]
6497,16,[]
6525,6,[]
6536,6,[]
6547,9,[]
6563,8,[]
6577,12,[]
6598,6,[]
6609,16,[]
6637,6,[]
6648,8,[]
6662,17,[]
6692,2,[]
6696,18,[]
6728,7,[]
6741,6,[]
6752,9,[]
6768,20,[]
6803,4,[]
6810,10,[]
6828,24,[]
6870,7,[]
6883,4,[]
6890,10,[]
6908,19,[]
6942,7,[]
6955,7,[]
6968,5,[]
6977,8,[]
6991,22,[]
7030,163,[]
7316,1,[]
7318,1,[]
7320,9,[]
7336,5,[]
7345,5,[]
7354,6,[]
7365,16,[]
7393,15,[]
7420,9,[]
7436,5,[]
7445,7,[]
7458,17,[]
7488,9,[]
7504,5,[]
7513,8,[]
7527,7,[]
7540,20,[]
7575,8,[]
7589,9,[]
7605,10,[]
7623,9,[]
7639,10,[]
7657,25,[]
7701,2,[]
7705,21,[]
7742,8,[]
7756,8,[]
7770,7,[]
7783,10,[]
7801,178,[]
8113,1,[]
8115,9,[]
8131,5,[]
8140,15,[]
8167,3,[]
8173,4,[]
8180,6,[]
8191,7,[]
8204,9,[]
8220,7,[]
8233,10,[]
8251,8,[]
8265,70,[]
8388,15,[]
8415,6,[]
8426,19,[]
8460,8,[]
8474,10,[]
8492,9,[]
8508,19,[]
8542,8,[]
8556,22,[]
8595,9,[]
8611,10,[]
8629,9,[]
8645,9,[]
8661,11,[]
8681,9,[]
8697,9,[]
0,25,[]
44,6,[]
55,13,[]
78,22,[]
117,14,[]
142,17,[]
172,16,[]
200,16,[]
228,16,[]
256,15,[]
283,14,[]
308,15,[0, 1, 2, 3, 4, 5, 6, 7, 8, 9, 10, 11, 12]
335,14,[]
360,16,[]
388,14,[]
413,15,[]
440,17,[]
470,16,[]
498,15,[]
525,16,[]
553,15,[]
580,15,[]
607,13,[]
630,17,[]
660,14,[]
685,13,[]
708,15,[]
735,16,[]
763,11,[]
783,12,[1, 2, 3, 4, 5, 6, 7, 8, 9, 10, 11]
804,59,[]
908,6,[]
919,10,[]
937,19,[]
971,8,[]
985,16,[]
1013,15,[]
1040,9,[]
1056,11,[]
1076,11,[]
1096,12,[]
1117,11,[]
1137,16,[]
1165,10,[]
1183,15,[]
1210,11,[]
1230,9,[]
1246,11,[]
1266,11,[]
1286,10,[]
1304,12,[]
1325,12,[]
1346,13,[]
1369,13,[]
1392,19,[]
1426,15,[]
1453,16,[]
1481,18,[]
1513,17,[]
1543,17,[]
1573,67,[]
1691,9,[]
1707,13,[]
1730,19,[]
1764,15,[]
1791,13,[]
1814,16,[]
1842,13,[]
1865,17,[]
1895,15,[]
1922,15,[]
1949,14,[]
1974,13,[]
1997,14,[]
2022,13,[]
2045,14,[]
2070,14,[]
2095,15,[]
2122,14,[]
2147,17,[]
2177,15,[]
2204,17,[]
2234,14,[]
2259,15,[]
2286,15,[]
2313,16,[]
2341,14,[]
2366,17,[]
2396,14,[]
2421,15,[]
2448,51,[]
2538,9,[]
2554,11,[]
2574,21,[]
2611,13,[]
2634,15,[]
2661,15,[]
2688,13,[]
2711,15,[]
2738,15,[]
2765,16,[]
2793,15,[]
2820,15,[]
2847,12,[]
2868,14,[]
2893,14,[]
2918,18,[]
2950,14,[]
2975,16,[]
3003,18,[]
3035,20,[]
3070,17,[]
3100,16,[]
3128,20,[]
3163,21,[]
3200,19,[]
3234,17,[]
3264,16,[]
3292,16,[]
3320,13,[]
3343,42,[]
3417,11,[]
3437,16,[]
3465,19,[]
3499,13,[]
3522,12,[]
3543,14,[]
3568,15,[]
3595,16,[]
3623,15,[]
3650,15,[]
3677,14,[]
3702,16,[]
3730,15,[]
3757,14,[]
3782,16,[]
3810,15,[]
3837,16,[]
3865,15,[]
3892,20,[]
3927,19,[]
3961,22,[]
4000,19,[]
4034,23,[]
4075,18,[]
4107,20,[]
4142,16,[]
4170,20,[]
4205,16,[]
4233,16,[]
4261,56,[]
4359,9,[]
4375,11,[]
4395,20,[]
4430,14,[]
4455,14,[]
4480,12,[]
4501,14,[]
4526,15,[]
4553,14,[]
4578,14,[]
4603,13,[]
4626,14,[]
4651,15,[]
4678,14,[]
4703,17,[]
4733,14,[]
4758,20,[]
4793,16,[]
4821,18,[]
4853,16,[0, 1, 2, 3, 4, 5, 6, 7, 8, 9, 10, 11, 12, 13, 14, 15]
4881,18,[]
4913,15,[]
4940,16,[]
4968,14,[]
4993,16,[]
5021,15,[]
5048,18,[]
5080,19,[]
5114,21,[]
5151,56,[]
5249,11,[]
5269,13,[]
5292,22,[]
5331,13,[0, 1, 2, 3, 4, 5, 6, 7, 8, 9, 10, 11, 12]
5354,16,[]
5382,16,[]
5410,18,[]
5442,17,[]
5472,17,[]
5502,16,[]
5530,18,[]
5562,15,[]
5589,18,[]
5621,15,[]
5648,17,[]
5678,14,[]
5703,16,[]
5731,18,[]
5763,19,[]
5797,15,[]
5824,17,[]
5854,16,[]
5882,18,[]
5914,15,[]
5941,16,[]
5969,16,[]
5997,20,[]
6032,15,[]
6059,17,[]
6089,57,[]
6189,10,[]
6207,13,[]
6230,18,[]
6262,18,[]
6294,15,[]
6321,18,[]
6353,17,[]
6383,16,[]
6411,16,[]
6439,16,[]
6467,13,[]
6490,15,[]
6517,13,[]
6540,14,[]
6565,15,[]
6592,15,[]
6619,13,[]
6642,14,[]
6667,14,[]
6692,16,[]
6720,15,[]
6747,14,[]
6772,15,[]
6799,16,[]
6827,14,[]
6852,14,[]
6877,13,[]
6900,15,[]
6927,15,[]
6954,60,[]
7059,9,[]
7075,14,[]
7100,20,[]
7135,16,[]
7163,17,[]
7193,16,[]
7221,15,[]
7248,17,[]
7278,14,[]
7303,16,[]
7331,12,[]
7352,18,[]
7384,15,[]
7411,14,[]
7436,15,[]
7463,16,[]
7491,14,[]
7516,14,[]
7541,14,[]
7566,17,[]
7596,16,[]
7624,18,[]
7656,15,[]
7683,17,[]
7713,18,[]
7745,19,[]
7779,17,[]
7809,19,[]
7843,17,[]
7873,77,[]
8008,12,[]
8029,16,[]
8057,21,[]
8094,16,[]
8122,14,[]
8147,17,[]
8177,16,[]
8205,13,[]
8228,13,[]
8251,12,[]
8272,13,[]
8295,13,[]
8318,12,[]
8339,12,[]
8360,13,[]
8383,13,[]
8406,13,[]
8429,14,[]
8454,14,[]
8479,14,[]
8504,15,[]
8531,17,[]
8561,18,[]
8593,16,[]
8621,15,[]
8648,15,[]
8675,18,[]
8707,14,[]
8732,17,[]
0,18,[]
32,1,[]
34,9,[]
50,12,[]
71,10,[]
89,7,[0, 1, 2, 3, 4, 5, 6]
102,9,[]
118,9,[]
134,11,[]
154,10,[]
172,10,[]
190,9,[]
206,10,[]
224,12,[]
245,18,[]
277,19,[]
311,19,[]
345,17,[]
375,17,[]
405,16,[0, 1, 2, 3, 4, 5, 6, 7, 8, 9, 10, 11, 12]
433,21,[]
470,14,[]
495,18,[]
527,7,[]
540,11,[]
560,14,[]
585,18,[]
617,19,[]
651,23,[]
692,13,[]
715,82,[]
859,9,[]
875,10,[]
893,7,[]
906,7,[]
919,13,[]
942,18,[]
974,13,[]
997,16,[]
1025,15,[0, 1, 2, 3, 4, 5, 6, 7, 8, 9, 10, 11, 12, 13, 14]
1052,15,[]
1079,15,[]
1106,15,[]
1133,15,[]
1160,14,[]
1185,18,[]
1217,16,[]
1245,17,[]
1275,14,[]
1300,17,[]
1330,14,[]
1355,13,[]
1378,17,[]
1408,16,[]
1436,16,[]
1464,17,[]
1494,15,[]
1521,16,[]
1549,17,[]
1579,17,[]
1609,63,[]
1720,10,[]
1738,21,[]
1775,14,[]
1800,16,[]
1828,16,[]
1856,20,[]
1891,19,[]
1925,20,[]
1960,18,[]
1992,19,[]
2026,22,[]
2065,16,[]
2093,17,[]
2123,16,[]
2151,20,[]
2186,11,[]
2206,16,[]
2234,20,[]
2269,23,[]
2310,21,[]
2347,20,[]
2382,20,[]
2417,19,[]
2451,24,[]
2493,23,[]
2534,24,[]
2576,22,[]
2615,21,[]
2652,20,[]
2687,60,[]
2792,18,[]
2824,25,[]
2868,15,[0, 1, 2, 3, 4, 5, 6, 7, 8, 9, 10, 11, 12, 13, 14]
2895,15,[]
2922,19,[]
2956,24,[]
2998,18,[]
3030,20,[]
3065,20,[]
3100,18,[]
3132,17,[]
3162,17,[]
3192,21,[]
3229,18,[]
3261,20,[]
3296,16,[]
3324,18,[]
3356,18,[]
3388,19,[]
3422,15,[]
3449,19,[]
3483,19,[]
3517,16,[]
3545,18,[]
3577,16,[]
3605,16,[]
3633,18,[]
3665,15,[]
3692,17,[]
3722,54,[]
3817,8,[]
3831,15,[]
3858,11,[]
3878,16,[]
3906,12,[]
3927,12,[]
3948,11,[]
3968,13,[]
3991,14,[]
4016,9,[]
4032,12,[]
4053,10,[]
4071,10,[]
4089,10,[]
4107,10,[]
4125,12,[]
4146,6,[]
4157,8,[0, 1, 2, 3, 4, 5, 6, 7]
4171,9,[]
4187,10,[]
4205,9,[]
4221,9,[]
4237,10,[]
4255,13,[]
4278,13,[]
4301,15,[]
4328,14,[]
4353,15,[]
4380,14,[]
4405,62,[]
4514,11,[0, 1, 2, 3, 4, 5, 6, 7, 8, 9]
4534,12,[]
4555,20,[]
4590,14,[]
4615,17,[]
4645,15,[]
4672,14,[]
4697,17,[]
4727,16,[]
4755,16,[]
4783,15,[]
4810,16,[]
4838,18,[]
4870,18,[]
4902,18,[]
4934,18,[]
4966,23,[]
5007,15,[]
5034,16,[]
5062,18,[]
5094,17,[]
5124,19,[]
5158,20,[]
5193,18,[]
5225,16,[]
5253,16,[]
5281,17,[]
5311,18,[]
5343,19,[]
5377,65,[]
5491,11,[]
5511,15,[]
5538,24,[]
5580,16,[]
5608,18,[]
5640,17,[]
5670,17,[]
5700,17,[]
5730,19,[]
5764,16,[]
5792,17,[]
5822,18,[]
5854,18,[]
5886,17,[]
5916,17,[]
5946,13,[]
5969,13,[]
5992,18,[]
6024,15,[]
6051,15,[]
6078,16,[]
6106,13,[]
6129,14,[]
6154,16,[]
6182,16,[]
6210,15,[]
6237,17,[]
6267,17,[]
6297,15,[]
6324,49,[]
6410,11,[]
6430,13,[]
6453,22,[]
6492,13,[]
6515,16,[]
6543,17,[]
6573,18,[]
6605,20,[]
6640,19,[]
6674,20,[]
6709,20,[]
6744,20,[]
6779,19,[]
6813,17,[]
6843,17,[]
6873,17,[]
6903,16,[]
6931,14,[]
6956,13,[]
6979,18,[]
7011,15,[]
7038,15,[]
7065,16,[]
7093,15,[]
7120,15,[]
7147,13,[]
7170,16,[]
7198,14,[]
7223,18,[]
7255,47,[]
7338,12,[]
7359,13,[]
7382,20,[]
7417,12,[]
7438,16,[]
7466,14,[]
7491,14,[]
7516,14,[]
7541,13,[]
7564,15,[]
7591,14,[]
7616,15,[]
7643,15,[]
7670,15,[]
7697,13,[]
7720,13,[]
7743,15,[]
7770,13,[]
7793,16,[]
7821,14,[]
7846,11,[0, 1, 2, 3, 4, 5, 6, 7, 8, 9, 10]
7866,14,[]
7891,11,[]
7911,11,[]
7931,12,[]
7952,12,[]
7973,12,[]
7994,15,[]
8021,14,[]
8046,44,[]
8123,9,[]
8139,12,[]
8160,15,[]
8187,11,[]
8207,11,[]
8227,11,[]
8247,12,[]
8268,9,[]
8284,11,[]
8304,11,[]
8324,13,[]
8347,10,[]
8365,9,[]
8381,11,[]
8401,13,[]
8424,12,[]
8445,14,[]
8470,14,[]
8495,14,[]
8520,14,[]
8545,14,[]
8570,14,[]
8595,14,[]
8620,12,[]
8641,13,[]
8664,12,[]
8685,14,[]
8710,13,[]
8733,14,[]
0,17,[]
30,2,[]
34,8,[]
48,8,[]
62,9,[]
78,7,[]
91,6,[]
102,6,[]
113,7,[]
126,7,[]
139,6,[]
150,6,[]
161,7,[]
174,8,[]
188,15,[]
215,14,[]
240,20,[]
275,14,[]
300,11,[]
320,8,[]
334,16,[]
362,15,[]
389,15,[]
416,18,[]
448,25,[]
492,10,[]
510,13,[]
533,17,[]
563,11,[]
583,10,[]
601,105,[]
785,7,[]
798,1,[]
800,3,[]
806,4,[]
813,8,[]
827,7,[]
840,9,[]
856,11,[]
876,7,[]
889,14,[]
914,17,[]
944,20,[]
979,19,[]
1013,10,[]
1031,23,[]
1072,24,[]
1114,22,[]
1153,21,[]
1190,18,[]
1222,18,[]
1254,9,[]
1270,18,[]
1302,18,[]
1334,17,[]
1364,15,[]
1391,12,[]
1412,15,[]
1439,16,[]
1467,15,[]
1494,83,[]
1640,9,[]
1656,14,[]
1681,6,[]
1692,15,[]
1719,14,[]
1744,14,[]
1769,13,[]
1792,12,[]
1813,14,[]
1838,15,[]
1865,13,[]
1888,17,[]
1918,18,[]
1950,19,[]
1984,10,[]
2002,20,[]
2037,15,[]
2064,14,[]
2089,18,[]
2121,7,[]
2134,16,[]
2162,17,[]
2192,16,[]
2220,17,[]
2250,16,[]
2278,17,[]
2308,11,[]
2328,14,[]
2353,17,[]
2383,81,[]
2525,12,[]
2546,4,[]
2553,18,[]
2585,19,[]
2619,16,[]
2647,27,[]
2695,17,[]
2725,21,[]
2762,8,[]
2776,20,[]
2811,23,[]
2852,26,[]
2898,11,[]
2918,26,[]
2964,23,[]
3005,24,[]
3047,19,[]
3081,24,[]
3123,24,[]
3165,12,[]
3186,24,[]
3228,22,[]
3267,22,[]
3306,18,[]
3338,11,[]
3358,19,[]
3392,22,[]
3431,18,[]
3463,19,[]
3497,95,[]
3664,15,[]
3691,17,[]
3721,8,[]
3735,21,[]
3772,21,[]
3809,23,[]
3850,26,[]
3896,8,[]
3910,25,[]
3954,24,[]
3996,23,[]
4037,29,[]
4088,22,[]
4127,23,[]
4168,6,[0, 1, 2, 3, 4, 5]
4179,25,[]
4223,23,[]
4264,25,[]
4308,5,[]
4317,22,[]
4356,24,[]
4398,27,[]
4446,22,[]
4485,20,[]
4520,22,[]
4559,10,[]
4577,24,[]
4619,20,[]
4654,20,[]
4689,88,[]
4843,1,[]
4845,12,[]
4866,13,[]
4889,14,[]
4914,15,[]
4941,15,[]
4968,15,[]
4995,15,[]
5022,9,[]
5038,15,[]
5065,16,[]
5093,18,[]
5125,8,[]
5139,18,[]
5171,16,[]
5199,16,[0, 1, 2, 3, 4, 5, 6, 7, 8, 9, 10, 11, 12, 13, 14, 15]
5227,15,[]
5254,21,[]
5291,14,[]
5316,8,[]
5330,15,[]
5357,15,[]
5384,12,[]
5405,13,[]
5428,12,[]
5449,7,[0, 1, 2, 3, 4, 5, 6]
5462,12,[]
5483,13,[]
5506,13,[]
5529,74,[]
5659,9,[]
5675,11,[]
5695,5,[]
5704,14,[]
5729,12,[]
5750,13,[]
5773,15,[]
5800,7,[]
5813,16,[]
5841,14,[]
5866,15,[]
5893,15,[]
5920,14,[]
5945,15,[]
5972,10,[]
5990,16,[]
6018,15,[]
6045,13,[]
6068,14,[]
6093,9,[]
6109,13,[]
6132,13,[]
6155,15,[]
6182,17,[]
6212,14,[]
6237,14,[]
6262,10,[]
6280,13,[]
6303,13,[]
6326,54,[]
6421,6,[]
6432,6,[]
6443,10,[]
6461,11,[]
6481,10,[0, 1, 2, 3, 4, 5, 6, 7, 8, 9]
6499,13,[]
6522,12,[]
6543,12,[]
6564,9,[]
6580,13,[]
6603,11,[]
6623,13,[]
6646,12,[]
6667,8,[]
6681,12,[]
6702,13,[]
6725,12,[]
6746,12,[]
6767,10,[]
6785,12,[]
6806,10,[]
6824,13,[]
6847,13,[]
6870,13,[]
6893,12,[]
6914,7,[]
6927,12,[]
6948,13,[]
6971,12,[]
6992,61,[]
7099,7,[]
7112,8,[]
7126,7,[]
7139,9,[]
7155,10,[]
7173,11,[]
7193,13,[]
7216,7,[]
7229,13,[]
7252,13,[]
7275,13,[]
7298,12,[]
7319,11,[]
7339,12,[]
7360,9,[]
7376,11,[0, 1, 2, 3, 4, 5, 6, 7, 8, 9, 10]
7396,11,[]
7416,14,[]
7441,12,[]
7462,4,[]
7469,11,[]
7489,12,[]
7510,11,[]
7530,11,[]
7550,10,[]
7568,11,[]
7588,5,[]
7597,12,[]
7618,12,[]
7639,75,[]
7771,8,[]
7785,4,[]
7792,11,[]
7812,13,[]
7835,12,[]
7856,20,[]
7891,14,[]
7916,15,[]
7943,4,[]
7950,14,[]
7975,13,[]
7998,15,[]
8025,14,[]
8050,9,[]
8066,14,[]
8091,15,[]
8118,12,[]
8139,13,[]
8162,13,[]
8185,15,[]
8212,10,[]
8230,13,[]
8253,15,[]
8280,15,[]
8307,17,[]
8337,5,[]
8346,17,[]
8376,19,[]
8410,9,[]
0,19,[]
34,7,[0, 1, 2, 3, 4, 5, 6]
47,12,[]
68,13,[]
91,14,[]
116,13,[]
139,19,[]
173,10,[]
191,14,[]
216,11,[]
236,13,[]
259,12,[]
280,13,[]
303,11,[]
323,11,[]
343,12,[]
364,15,[]
391,13,[]
414,21,[]
451,23,[]
492,23,[]
533,17,[]
563,21,[]
600,14,[]
625,15,[]
652,18,[]
684,15,[]
711,12,[]
732,14,[]
757,17,[]
787,75,[]
919,17,[]
949,10,[]
967,11,[]
987,10,[]
1005,13,[]
1028,17,[]
1058,14,[]
1083,16,[]
1111,13,[]
1134,13,[]
1157,12,[]
1178,15,[]
1205,12,[]
1226,13,[]
1249,12,[]
1270,14,[]
1295,16,[]
1323,15,[]
1350,12,[]
1371,16,[]
1399,13,[]
1422,15,[]
1449,14,[]
1474,14,[]
1499,12,[]
1520,13,[]
1543,16,[]
1571,14,[]
1596,13,[]
1619,72,[]
1745,7,[]
1758,11,[]
1778,13,[]
1801,13,[]
1824,12,[]
1845,15,[]
1872,13,[]
1895,14,[]
1920,13,[]
1943,12,[]
1964,13,[]
1987,15,[]
2014,13,[]
2037,13,[]
2060,14,[0, 1, 2, 3, 4, 5, 6, 7, 8, 9, 10, 11, 12]
2085,16,[]
2113,14,[]
2138,14,[]
2163,14,[]
2188,17,[]
2218,13,[]
2241,16,[]
2269,14,[]
2294,16,[]
2322,14,[]
2347,15,[]
2374,13,[]
2397,15,[]
2424,11,[]
2444,72,[]
2570,7,[]
2583,11,[]
2603,10,[]
2621,15,[]
2648,13,[]
2671,15,[]
2698,15,[]
2725,19,[]
2759,17,[]
2789,19,[]
2823,18,[]
2855,20,[]
2890,18,[]
2922,20,[]
2957,17,[]
2987,21,[]
3024,18,[]
3056,24,[]
3098,14,[]
3123,18,[]
3155,19,[]
3189,17,[]
3219,19,[]
3253,18,[]
3285,16,[]
3313,18,[]
3345,17,[]
3375,18,[]
3407,17,[]
3437,60,[]
3542,13,[]
3565,16,[]
3593,15,[]
3620,18,[]
3652,18,[]
3684,19,[]
3718,18,[]
3750,20,[]
3785,15,[]
3812,19,[]
3846,16,[]
3874,18,[]
3906,15,[]
3933,16,[]
3961,16,[]
3989,19,[]
4023,16,[]
4051,18,[]
4083,17,[]
4113,20,[]
4148,18,[]
4180,16,[]
4208,15,[]
4235,18,[]
4267,16,[]
4295,17,[]
4325,17,[]
4355,19,[]
4389,18,[]
4421,53,[]
4514,15,[]
4541,20,[]
4576,20,[]
4611,22,[]
4650,19,[]
4684,21,[]
4721,22,[]
4760,20,[]
4795,19,[]
4829,24,[]
4871,21,[]
4908,20,[]
4943,22,[]
4982,19,[]
5016,21,[]
5053,22,[]
5092,19,[]
5126,20,[]
5161,18,[]
5193,21,[]
5230,17,[]
5260,20,[]
5295,19,[]
5329,20,[]
5364,20,[]
5399,20,[]
5434,17,[]
5464,19,[]
5498,18,[]
5530,60,[]
5635,10,[]
5653,15,[]
5680,14,[]
5705,17,[]
5735,15,[]
5762,16,[]
5790,16,[]
5818,17,[]
5848,15,[]
5875,16,[]
5903,15,[]
5930,13,[]
5953,14,[]
5978,16,[]
6006,15,[]
6033,15,[]
6060,16,[]
6088,16,[]
6116,15,[]
6143,17,[]
6173,16,[]
6201,15,[]
6228,14,[]
6253,16,[]
6281,14,[]
6306,14,[]
6331,15,[]
6358,18,[]
6390,15,[]
6417,38,[]
6484,9,[]
6500,12,[]
6521,12,[]
6542,13,[]
6565,14,[]
6590,14,[]
6615,14,[]
6640,15,[]
6667,13,[]
6690,14,[]
6715,13,[]
6738,14,[]
6763,13,[]
6786,13,[]
6809,13,[]
6832,14,[]
6857,13,[]
6880,13,[]
6903,13,[]
6926,14,[]
6951,14,[]
6976,14,[]
7001,13,[]
7024,16,[]
7052,14,[]
7077,15,[]
7104,13,[]
7127,15,[]
7154,13,[]
7177,39,[]
7246,10,[]
7264,11,[]
7284,12,[]
7305,13,[]
7328,13,[]
7351,13,[]
7374,15,[]
7401,14,[]
7426,14,[]
7451,16,[]
7479,13,[]
7502,16,[]
7530,15,[]
7557,15,[]
7584,13,[]
7607,15,[]
7634,14,[]
7659,15,[]
7686,14,[]
7711,16,[]
7739,13,[]
7762,15,[]
7789,16,[]
7817,17,[]
7847,15,[]
7874,17,[]
7904,15,[]
7931,16,[]
7959,14,[]
7984,49,[]
8070,9,[]
8086,12,[]
8107,12,[]
8128,15,[]
8155,14,[]
8180,14,[]
8205,12,[]
8226,16,[]
8254,12,[]
8275,15,[]
8302,14,[]
8327,14,[]
8352,16,[]
8380,16,[]
8408,14,[]
8433,17,[]
8463,16,[]
8491,16,[]
8519,14,[]
8544,16,[]
8572,15,[]
8599,15,[]
8626,14,[]
8651,17,[]
8681,15,[]
8708,16,[]
8736,14,[]
8761,18,[]
8793,16,[]
0,21,[]
37,3,[]
43,8,[]
57,12,[]
78,12,[]
99,11,[]
119,10,[]
137,8,[]
151,10,[]
169,8,[]
183,9,[]
199,9,[]
215,10,[]
233,8,[]
247,10,[]
265,9,[]
281,9,[]
297,12,[]
318,17,[]
348,16,[]
376,18,[]
408,15,[]
435,15,[]
462,13,[]
485,12,[]
506,22,[]
545,13,[]
568,14,[]
593,15,[]
620,12,[]
641,83,[]
787,10,[]
805,6,[]
816,7,[]
829,7,[]
842,9,[]
858,11,[]
878,12,[]
899,14,[]
924,14,[]
949,14,[]
974,15,[]
1001,13,[]
1024,10,[]
1042,12,[]
1063,13,[]
1086,13,[]
1109,17,[]
1139,17,[]
1169,19,[]
1203,21,[]
1240,19,[]
1274,19,[]
1308,18,[]
1340,21,[]
1377,23,[]
1418,22,[]
1457,21,[]
1494,24,[]
1536,26,[]
1582,79,[]
1721,23,[]
1762,25,[]
1806,25,[]
1850,24,[]
1892,21,[]
1929,19,[]
1963,18,[0, 1, 2, 3, 4, 5, 6, 7, 8, 9, 10, 11, 12, 13, 14]
1995,20,[]
2030,18,[]
2062,21,[]
2099,26,[]
2145,24,[]
2187,21,[]
2224,23,[]
2265,25,[]
2309,23,[]
2350,21,[]
2387,18,[]
2419,21,[]
2456,20,[]
2491,23,[]
2532,19,[]
2566,20,[]
2601,23,[]
2642,22,[]
2681,23,[]
2722,21,[]
2759,22,[]
2798,19,[]
2832,58,[]
2934,16,[]
2962,17,[]
2992,18,[]
3024,21,[]
3061,19,[]
3095,19,[]
3129,19,[]
3163,19,[]
3197,22,[]
3236,18,[]
3268,21,[]
3305,19,[]
3339,19,[]
3373,18,[]
3405,16,[]
3433,17,[0, 3, 4, 5, 6, 7, 8, 9, 10, 11, 12, 13, 14, 15, 16]
3463,15,[]
3490,15,[]
3517,16,[]
3545,17,[]
3575,13,[]
3598,13,[]
3621,13,[]
3644,14,[]
3669,15,[]
3696,15,[]
3723,14,[]
3748,16,[]
3776,14,[]
3801,60,[]
3906,9,[]
3922,10,[]
3940,9,[]
3956,10,[]
3974,10,[]
3992,10,[]
4010,18,[]
4042,10,[]
4060,7,[]
4073,8,[]
4087,9,[]
4103,11,[]
4123,11,[0, 1, 2, 3, 4, 5, 6, 7, 8, 9, 10]
4143,10,[]
4161,11,[]
4181,13,[]
4204,12,[]
4225,12,[]
4246,11,[]
4266,12,[]
4287,11,[]
4307,13,[]
4330,13,[]
4353,14,[]
4378,14,[]
4403,15,[]
4430,14,[]
4455,13,[]
4478,15,[]
4505,56,[]
4603,9,[]
4619,11,[]
4639,12,[]
4660,13,[]
4683,14,[]
4708,14,[]
4733,11,[]
4753,13,[]
4776,14,[]
4801,15,[]
4828,14,[]
4853,13,[]
4876,15,[]
4903,15,[]
4930,14,[]
4955,14,[]
4980,15,[]
5007,14,[]
5032,16,[]
5060,15,[]
5087,14,[]
5112,14,[]
5137,14,[]
5162,13,[]
5185,13,[]
5208,14,[]
5233,13,[]
5256,12,[]
5277,15,[]
5304,48,[]
5388,10,[]
5406,12,[]
5427,11,[]
5447,12,[]
5468,12,[]
5489,12,[]
5510,13,[]
5533,12,[0, 1, 2, 3, 4, 5, 6, 7, 8, 9]
5554,12,[]
5575,13,[]
5598,12,[]
5619,14,[]
5644,13,[]
5667,13,[]
5690,13,[]
5713,15,[]
5740,13,[]
5763,12,[]
5784,10,[]
5802,13,[]
5825,12,[]
5846,12,[]
5867,14,[]
5892,12,[]
5913,13,[]
5936,14,[]
5961,14,[]
5986,14,[]
6011,12,[]
6032,47,[]
6115,7,[]
6128,9,[]
6144,11,[]
6164,12,[]
6185,11,[]
6205,12,[]
6226,13,[]
6249,12,[]
6270,12,[]
6291,12,[]
6312,11,[]
6332,12,[]
6353,11,[]
6373,13,[]
6396,13,[]
6419,14,[]
6444,12,[0, 1, 2, 3, 4, 5, 6, 7, 8, 9]
6465,12,[]
6486,18,[]
6518,10,[]
6536,11,[]
6556,10,[]
6574,10,[]
6592,11,[]
6612,12,[]
6633,13,[]
6656,14,[]
6681,12,[]
6702,14,[]
6727,43,[]
6803,11,[]
6823,12,[]
6844,13,[]
6867,14,[]
6892,15,[]
6919,14,[]
6944,14,[]
6969,15,[]
6996,16,[]
7024,18,[]
7056,18,[]
7088,16,[]
7116,16,[]
7144,16,[]
7172,17,[]
7202,18,[]
7234,21,[]
7271,19,[]
7305,19,[]
7339,19,[]
7373,20,[]
7408,19,[]
7442,16,[]
7470,17,[]
7500,16,[]
7528,15,[]
7555,15,[]
7582,17,[]
7612,15,[]
7639,55,[]
7736,9,[]
7752,9,[]
7768,10,[]
7786,13,[]
7809,12,[]
7830,13,[]
7853,13,[]
7876,15,[]
7903,17,[]
7933,17,[]
7963,17,[]
7993,15,[]
8020,17,[]
8050,20,[]
8085,19,[]
8119,19,[]
8153,17,[]
8183,18,[]
8215,19,[]
8249,17,[0, 1, 2, 3, 4, 5, 6, 7, 8, 9, 10, 11, 12, 13, 14, 15, 16]
8279,18,[]
8311,17,[]
8341,18,[]
8373,18,[]
8405,17,[]
8435,17,[]
8465,17,[]
8495,16,[]
8523,7,[]
0,27,[]
48,7,[]
61,8,[]
75,8,[]
89,8,[]
103,8,[]
117,13,[]
140,9,[]
156,10,[]
174,11,[]
194,9,[]
210,8,[]
224,8,[]
238,8,[]
252,7,[]
265,9,[]
281,17,[]
311,14,[]
336,15,[0, 1, 2, 3, 4, 5, 6, 7, 8, 9, 10, 11, 12, 13, 14]
363,13,[]
386,9,[]
402,14,[]
427,16,[]
455,20,[]
490,16,[]
518,12,[]
539,15,[]
566,17,[]
596,20,[]
631,17,[]
661,84,[]
808,14,[]
833,11,[]
853,10,[]
871,8,[]
885,11,[]
905,11,[]
925,12,[]
946,16,[]
974,14,[]
999,14,[]
1024,13,[0, 1, 2, 3, 4, 5, 6, 7, 8, 9, 10, 11]
1047,15,[]
1074,14,[]
1099,15,[]
1126,14,[]
1151,16,[]
1179,15,[]
1206,14,[]
1231,14,[]
1256,16,[]
1284,14,[]
1309,15,[]
1336,14,[]
1361,15,[]
1388,13,[]
1411,14,[]
1436,12,[]
1457,15,[]
1484,12,[]
1505,58,[]
1607,9,[]
1623,11,[]
1643,12,[]
1664,15,[]
1691,13,[]
1714,15,[]
1741,13,[]
1764,16,[]
1792,14,[]
1817,15,[]
1844,15,[]
1871,17,[]
1901,16,[]
1929,16,[]
1957,14,[]
1982,19,[]
2016,13,[]
2039,18,[]
2071,12,[]
2092,16,[]
2120,15,[]
2147,17,[]
2177,19,[]
2211,21,[]
2248,22,[]
2287,23,[]
2328,23,[]
2369,20,[]
2404,20,[]
2439,68,[]
2558,18,[]
2590,19,[]
2624,18,[]
2656,19,[]
2690,19,[]
2724,17,[]
2754,20,[]
2789,23,[]
2830,20,[]
2865,21,[]
2902,20,[]
2937,20,[]
2972,21,[]
3009,19,[]
3043,22,[]
3082,20,[]
3117,19,[]
3151,26,[]
3197,18,[]
3229,22,[]
3268,21,[]
3305,24,[]
3347,22,[]
3386,25,[]
3430,26,[]
3476,25,[]
3520,24,[]
3562,24,[]
3604,21,[]
3641,69,[]
3762,13,[]
3785,13,[]
3808,13,[]
3831,16,[]
3859,14,[]
3884,16,[]
3912,15,[]
3939,15,[]
3966,18,[]
3998,18,[]
4030,19,[]
4064,17,[]
4094,18,[]
4126,18,[]
4158,17,[]
4188,14,[]
4213,13,[]
4236,13,[]
4259,13,[]
4282,14,[]
4307,13,[]
4330,13,[]
4353,15,[]
4380,14,[]
4405,14,[]
4430,12,[]
4451,12,[]
4472,12,[]
4493,11,[]
4513,66,[]
4629,10,[]
4647,13,[]
4670,11,[]
4690,14,[]
4715,14,[]
4740,16,[]
4768,15,[]
4795,18,[]
4827,18,[]
4859,19,[]
4893,18,[]
4925,16,[]
4953,15,[]
4980,16,[]
5008,15,[]
5035,15,[]
5062,13,[]
5085,14,[]
5110,12,[]
5131,14,[]
5156,15,[]
5183,17,[]
5213,20,[]
5248,18,[]
5280,18,[]
5312,17,[]
5342,18,[]
5374,17,[]
5404,17,[]
5434,40,[]
5504,14,[]
5529,14,[]
5554,14,[]
5579,14,[]
5604,12,[0, 1, 2, 3, 4, 5, 6, 7, 8, 9, 10, 11]
5625,13,[]
5648,12,[]
5669,12,[]
5690,11,[]
5710,11,[]
5730,9,[]
5746,10,[]
5764,21,[]
5801,27,[]
5849,25,[]
5893,10,[]
5911,14,[]
5936,17,[]
5966,18,[]
5998,22,[]
6037,17,[]
6067,17,[]
6097,19,[]
6131,17,[]
6161,18,[]
6193,17,[]
6223,17,[]
6253,16,[]
6281,15,[]
6308,34,[]
6368,9,[]
6384,10,[]
6402,10,[]
6420,11,[]
6440,11,[]
6460,20,[]
6495,21,[]
6532,20,[]
6567,9,[]
6583,12,[]
6604,25,[]
6648,9,[]
6664,8,[]
6678,23,[]
6719,9,[]
6735,13,[]
6758,26,[]
6804,8,[]
6818,10,[]
6836,11,[0, 1, 2, 3, 4, 5, 6, 7, 8, 9, 10]
6856,9,[]
6872,14,[]
6897,11,[]
6917,12,[]
6938,11,[]
6958,12,[]
6979,11,[]
6999,11,[]
7019,10,[]
7037,42,[]
7111,7,[]
7124,9,[]
7140,11,[]
7160,10,[]
7178,12,[]
7199,10,[]
7217,14,[]
7242,11,[]
7262,13,[]
7285,13,[0, 1, 2, 3, 4, 5, 6, 7, 8, 9, 10, 11, 12]
7308,14,[]
7333,15,[]
7360,14,[]
7385,13,[]
7408,15,[]
7435,12,[]
7456,14,[]
7481,11,[]
7501,14,[]
7526,13,[]
7549,16,[]
7577,5,[]
7586,17,[]
7616,17,[]
7646,20,[]
7681,17,[]
7711,21,[]
7748,21,[]
7785,18,[]
7817,57,[]
7917,13,[]
7940,14,[]
7965,14,[]
7990,15,[]
8017,12,[]
8038,16,[]
8066,13,[]
8089,14,[]
8114,16,[]
8142,16,[]
8170,21,[]
8207,16,[]
8235,17,[2, 3, 4, 5, 6, 7, 8, 9, 10, 11, 12, 13, 14, 15, 16]
8265,15,[]
8292,16,[]
8320,16,[]
8348,15,[]
8375,14,[]
8400,15,[]
8427,14,[]
8452,15,[]
8479,15,[]
8506,14,[]
8531,14,[]
8556,14,[]
8581,15,[]
8608,14,[]
8633,15,[]
8660,15,[]
0,29,[]
51,8,[]
65,14,[]
90,16,[]
118,16,[]
146,16,[]
174,17,[]
204,16,[]
232,17,[]
262,16,[]
290,17,[]
320,16,[]
348,19,[]
382,15,[]
409,17,[]
439,15,[]
466,18,[]
498,16,[]
526,18,[]
558,16,[]
586,18,[]
618,17,[]
648,18,[]
680,16,[]
708,17,[]
738,22,[]
777,17,[]
807,18,[]
839,17,[]
869,16,[]
897,54,[]
992,14,[]
1017,16,[]
1045,15,[]
1072,11,[]
1092,14,[]
1117,15,[]
1144,17,[]
1174,15,[]
1201,16,[]
1229,16,[]
1257,16,[]
1285,17,[]
1315,15,[]
1342,14,[]
1367,17,[]
1397,14,[]
1422,16,[]
1450,16,[]
1478,14,[]
1503,16,[]
1531,14,[]
1556,16,[]
1584,15,[]
1611,15,[]
1638,16,[0, 1, 2, 3, 4, 5, 6, 7, 8, 9, 10, 11, 12, 13, 14]
1666,14,[]
1691,16,[]
1719,16,[]
1747,14,[]
1772,59,[]
1876,9,[]
1892,13,[]
1915,14,[]
1940,16,[]
1968,15,[]
1995,16,[]
2023,15,[]
2050,17,[]
2080,15,[]
2107,16,[]
2135,15,[]
2162,17,[]
2192,15,[]
2219,16,[]
2247,15,[]
2274,16,[]
2302,14,[]
2327,16,[]
2355,14,[0, 1, 2, 3, 4, 5, 6, 7, 8, 9, 10, 11]
2380,15,[]
2407,16,[]
2435,13,[]
2458,14,[]
2483,14,[]
2508,15,[]
2535,15,[]
2562,14,[]
2587,16,[]
2615,14,[]
2640,49,[]
2726,10,[]
2744,12,[]
2765,12,[]
2786,15,[]
2813,12,[]
2834,13,[]
2857,13,[]
2880,13,[]
2903,12,[]
2924,15,[]
2951,12,[]
2972,12,[]
2993,10,[]
3011,11,[]
3031,10,[]
3049,12,[]
3070,11,[]
3090,14,[]
3115,14,[]
3140,13,[]
3163,14,[]
3188,15,[]
3215,14,[]
3240,15,[]
3267,14,[]
3292,15,[]
3319,15,[]
3346,17,[]
3376,14,[]
3401,56,[]
3499,10,[]
3517,14,[]
3542,14,[]
3567,15,[]
3594,13,[]
3617,14,[]
3642,21,[]
3679,13,[]
3702,15,[]
3729,14,[]
3754,13,[]
3777,15,[]
3804,13,[]
3827,14,[]
3852,13,[]
3875,15,[]
3902,14,[]
3927,16,[]
3955,13,[]
3978,13,[]
4001,11,[]
4021,17,[]
4051,15,[]
4078,18,[]
4110,18,[]
4142,17,[]
4172,18,[]
4204,14,[]
4229,17,[]
4259,58,[]
4361,11,[]
4381,14,[]
4406,12,[]
4427,16,[]
4455,14,[]
4480,15,[]
4507,15,[]
4534,17,[]
4564,17,[]
4594,18,[]
4626,16,[]
4654,17,[]
4684,15,[]
4711,16,[]
4739,15,[]
4766,16,[]
4794,16,[]
4822,16,[]
4850,15,[]
4877,15,[]
4904,13,[]
4927,14,[]
4952,14,[]
4977,16,[]
5005,14,[]
5030,14,[]
5055,12,[]
5076,14,[]
5101,15,[]
5128,51,[]
5218,10,[]
5236,13,[]
5259,12,[]
5280,14,[]
5305,15,[]
5332,14,[]
5357,13,[]
5380,14,[]
5405,12,[]
5426,13,[]
5449,14,[]
5474,15,[]
5501,14,[]
5526,12,[]
5547,12,[]
5568,14,[]
5593,13,[]
5616,15,[]
5643,16,[]
5671,16,[]
5699,15,[]
5726,16,[]
5754,14,[]
5779,15,[]
5806,14,[]
5831,15,[]
5858,13,[]
5881,14,[]
5906,13,[]
5929,46,[]
6010,10,[]
6028,13,[]
6051,12,[]
6072,14,[]
6097,13,[]
6120,14,[]
6145,15,[]
6172,15,[]
6199,14,[]
6224,13,[]
6247,13,[]
6270,12,[]
6291,14,[]
6316,12,[]
6337,13,[]
6360,12,[]
6381,14,[]
6406,12,[]
6427,17,[]
6457,15,[]
6484,15,[]
6511,15,[]
6538,16,[]
6566,15,[]
6593,16,[]
6621,15,[]
6648,16,[]
6676,15,[]
6703,14,[]
6728,39,[]
6797,9,[]
6813,10,[]
6831,12,[]
6852,12,[]
6873,12,[]
6894,12,[]
6915,14,[]
6940,12,[]
6961,13,[]
6984,12,[]
7005,13,[]
7028,15,[]
7055,14,[]
7080,14,[]
7105,15,[]
7132,15,[]
7159,16,[]
7187,16,[]
7215,16,[]
7243,14,[]
7268,15,[]
7295,13,[]
7318,15,[]
7345,13,[]
7368,14,[]
7393,13,[]
7416,15,[]
7443,15,[]
7470,14,[]
7495,42,[]
7569,12,[]
7590,14,[]
7615,13,[]
7638,16,[0, 1, 2, 3, 4, 5, 6, 7, 8, 9, 10, 11, 12, 13, 14, 15]
7666,15,[]
7693,16,[]
7721,15,[]
7748,16,[]
7776,16,[]
7804,17,[]
7834,16,[]
7862,17,[]
7892,16,[]
7920,16,[]
7948,15,[]
7975,17,[]
8005,16,[]
8033,17,[]
8063,16,[]
8091,17,[]
8121,16,[]
8149,16,[]
8177,16,[]
8205,15,[]
8232,13,[]
8255,14,[]
8280,14,[]
8305,16,[]
8333,7,[]
0,45,[]
79,28,[]
128,23,[]
169,20,[]
204,21,[]
241,24,[]
283,21,[]
320,19,[]
354,23,[]
395,22,[]
434,23,[]
475,20,[]
510,22,[]
549,20,[]
584,21,[]
621,21,[]
658,21,[]
695,18,[]
727,19,[]
761,19,[]
795,21,[]
832,5,[]
841,22,[]
880,22,[]
919,23,[]
960,27,[]
1008,27,[]
1056,29,[]
1107,31,[]
1162,28,[]
1211,75,[]
1343,26,[]
1389,26,[]
1435,22,[]
1474,13,[]
1497,12,[0, 1, 2, 3, 4, 5, 6, 7, 8, 9, 10, 11]
1518,14,[]
1543,14,[]
1568,13,[]
1591,10,[]
1609,11,[]
1629,11,[]
1649,12,[]
1670,13,[]
1693,11,[]
1713,11,[]
1733,12,[]
1754,10,[]
1772,11,[]
1792,12,[]
1813,11,[]
1833,12,[]
1854,12,[]
1875,10,[]
1893,12,[]
1914,12,[]
1935,12,[]
1956,11,[]
1976,10,[]
1994,10,[]
2012,41,[]
2084,8,[]
2098,8,[]
2112,8,[]
2126,11,[]
2146,9,[]
2162,9,[]
2178,8,[]
2192,9,[]
2208,9,[]
2224,10,[]
2242,12,[]
2263,11,[]
2283,10,[]
2301,10,[]
2319,11,[]
2339,11,[]
2359,13,[]
2382,11,[]
2402,10,[]
2420,12,[]
2441,12,[]
2462,14,[]
2487,13,[]
2510,11,[]
2530,14,[]
2555,13,[]
2578,14,[]
2603,15,[]
2630,14,[]
2655,36,[]
2718,12,[]
2739,13,[]
2762,13,[]
2785,15,[0, 1, 2, 3, 4, 5, 6, 7, 8, 9, 10, 11, 12, 13, 14]
2812,15,[]
2839,12,[]
2860,13,[]
2883,14,[]
2908,14,[]
2933,14,[]
2958,11,[]
2978,15,[]
3005,12,[]
3026,12,[]
3047,15,[]
3074,11,[]
3094,14,[]
3119,13,[]
3142,13,[]
3165,13,[]
3188,12,[]
3209,12,[]
3230,12,[]
3251,14,[]
3276,13,[]
3299,14,[0, 1, 2, 3, 4, 5, 6, 7, 8, 9, 10, 11, 12]
3324,13,[]
3347,16,[]
3375,15,[]
3402,40,[]
3472,8,[0, 1, 2, 3, 4, 5, 6, 7]
3486,14,[]
3511,11,[]
3531,12,[]
3552,14,[]
3577,14,[]
3602,16,[]
3630,15,[]
3657,12,[0, 1, 2, 3, 4, 5, 6, 7, 8, 9, 10, 11]
3678,14,[]
3703,13,[]
3726,14,[]
3751,13,[]
3774,13,[]
3797,14,[]
3822,14,[]
3847,15,[]
3874,13,[]
3897,14,[]
3922,14,[]
3947,15,[]
3974,15,[]
4001,12,[]
4022,11,[]
4042,13,[]
4065,11,[]
4085,12,[]
4106,12,[]
4127,13,[]
4150,51,[]
4240,6,[]
4251,10,[]
4269,11,[]
4289,13,[]
4312,10,[]
4330,11,[]
4350,12,[]
4371,13,[]
4394,16,[]
4422,16,[]
4450,16,[]
4478,15,[]
4505,16,[]
4533,14,[]
4558,15,[]
4585,17,[]
4615,14,[]
4640,15,[]
4667,14,[]
4692,14,[]
4717,13,[]
4740,15,[]
4767,14,[]
4792,13,[]
4815,17,[]
4845,15,[]
4872,11,[]
4892,13,[]
4915,11,[]
4935,57,[]
5035,8,[]
5049,9,[]
5065,12,[]
5086,13,[]
5109,9,[0, 1, 2, 3, 4, 5, 6, 7]
5125,11,[]
5145,11,[]
5165,14,[]
5190,11,[]
5210,12,[]
5231,12,[]
5252,13,[]
5275,11,[]
5295,10,[]
5313,15,[]
5340,14,[]
5365,12,[]
5386,12,[]
5407,12,[]
5428,11,[]
5448,12,[]
5469,14,[]
5494,14,[]
5519,12,[]
5540,14,[]
5565,13,[1, 2, 3, 4, 5, 6, 7, 8, 9, 10, 11, 12]
5588,9,[]
5604,12,[]
5625,16,[]
5653,63,[]
5764,5,[]
5773,8,[]
5787,10,[]
5805,9,[]
5821,12,[]
5842,8,[]
5856,13,[]
5879,11,[]
5899,9,[]
5915,14,[]
5940,12,[]
5961,12,[]
5982,9,[]
5998,11,[]
6018,11,[]
6038,14,[]
6063,12,[]
6084,13,[]
6107,10,[]
6125,14,[]
6150,12,[]
6171,13,[]
6194,10,[]
6212,12,[]
6233,12,[]
6254,14,[]
6279,17,[]
6309,15,[]
6336,14,[]
6361,75,[]
6493,5,[]
6502,12,[]
6523,11,[]
6543,12,[]
6564,14,[]
6589,11,[]
6609,11,[]
6629,15,[]
6656,13,[]
6679,12,[]
6700,14,[]
6725,12,[]
6746,13,[]
6769,16,[]
6797,13,[]
6820,17,[]
6850,15,[]
6877,17,[]
6907,14,[]
6932,17,[]
6962,13,[]
6985,14,[]
7010,14,[]
7035,15,[]
7062,13,[]
7085,14,[]
7110,12,[]
7131,13,[]
7154,12,[]
7175,57,[]
7275,7,[]
7288,11,[]
7308,12,[]
7329,15,[]
7356,14,[]
7381,14,[]
7406,15,[]
7433,15,[]
7460,17,[]
7490,20,[]
7525,19,[]
7559,19,[]
7593,18,[]
7625,14,[]
7650,15,[]
7677,18,[]
7709,15,[]
7736,17,[]
7766,17,[]
7796,21,[]
7833,19,[]
7867,21,[]
7904,19,[]
7938,21,[]
7975,15,[]
8002,17,[]
8032,15,[]
8059,17,[]
8089,16,[]
0,31,[]
55,4,[]
62,6,[]
73,12,[]
94,13,[]
117,12,[]
138,12,[]
159,11,[]
179,12,[]
200,14,[]
225,15,[]
252,13,[]
275,14,[]
300,11,[]
320,12,[]
341,12,[]
362,14,[]
387,16,[]
415,15,[]
442,14,[]
467,17,[]
497,14,[]
522,15,[]
549,18,[]
581,7,[]
594,19,[]
628,20,[]
663,17,[]
693,15,[]
720,14,[]
745,43,[]
821,13,[]
844,18,[]
876,19,[]
910,13,[]
933,18,[]
965,21,[]
1002,21,[]
1039,21,[]
1076,20,[]
1111,23,[]
1152,22,[]
1191,21,[]
1228,22,[]
1267,23,[]
1308,21,[]
1345,21,[]
1382,18,[]
1414,21,[]
1451,18,[]
1483,17,[]
1513,17,[]
1543,19,[]
1577,17,[]
1607,17,[]
1637,22,[]
1676,16,[]
1704,15,[]
1731,17,[]
1761,19,[]
1795,73,[]
1923,7,[]
1936,15,[]
1963,13,[]
1986,15,[]
2013,15,[]
2040,14,[]
2065,14,[]
2090,17,[]
2120,16,[]
2148,17,[]
2178,16,[]
2206,14,[]
2231,14,[]
2256,16,[]
2284,14,[]
2309,15,[]
2336,13,[]
2359,14,[]
2384,13,[]
2407,16,[]
2435,13,[]
2458,13,[]
2481,13,[]
2504,17,[]
2534,14,[2, 3, 4, 5, 6, 7, 8, 9, 10, 11, 12, 13]
2559,14,[]
2584,12,[]
2605,16,[]
2633,11,[]
2653,75,[]
2785,6,[]
2796,10,[]
2814,10,[]
2832,13,[]
2855,11,[]
2875,15,[]
2902,10,[]
2920,12,[]
2941,15,[]
2968,16,[]
2996,12,[]
3017,14,[]
3042,12,[]
3063,15,[]
3090,11,[]
3110,13,[]
3133,10,[]
3151,15,[]
3178,14,[]
3203,16,[]
3231,12,[]
3252,11,[]
3272,14,[]
3297,12,[]
3318,12,[]
3339,16,[]
3367,12,[]
3388,10,[]
3406,12,[]
3427,87,[]
3580,9,[]
3596,11,[]
3616,9,[]
3632,13,[]
3655,10,[]
3673,12,[]
3694,13,[]
3717,14,[]
3742,13,[]
3765,14,[]
3790,15,[]
3817,14,[]
3842,11,[]
3862,15,[]
3889,17,[]
3919,14,[]
3944,14,[]
3969,13,[]
3992,13,[]
4015,15,[]
4042,13,[]
4065,15,[]
4092,16,[]
4120,18,[]
4152,15,[]
4179,17,[]
4209,18,[0, 1, 2, 3, 4, 5, 6, 7, 8, 9, 10, 11, 12, 13, 14, 15, 16, 17]
4241,19,[]
4275,19,[]
4309,56,[]
4407,16,[]
4435,15,[]
4462,18,[]
4494,14,[]
4519,17,[]
4549,17,[]
4579,19,[]
4613,20,[]
4648,19,[]
4682,17,[]
4712,14,[]
4737,15,[]
4764,15,[]
4791,16,[]
4819,17,[]
4849,18,[]
4881,19,[]
4915,18,[]
4947,17,[]
4977,13,[]
5000,13,[]
5023,14,[]
5048,15,[]
5075,16,[]
5103,16,[]
5131,16,[]
5159,17,[]
5189,12,[]
5210,16,[]
5238,44,[]
5315,7,[]
5328,16,[]
5356,9,[]
5372,15,[]
5399,11,[]
5419,11,[]
5439,10,[]
5457,11,[]
5477,10,[]
5495,11,[]
5515,14,[]
5540,11,[]
5560,10,[]
5578,11,[]
5598,13,[]
5621,14,[]
5646,10,[]
5664,14,[]
5689,10,[]
5707,12,[]
5728,10,[]
5746,11,[]
5766,12,[]
5787,14,[]
5812,15,[]
5839,13,[]
5862,13,[]
5885,13,[]
5908,11,[]
5928,49,[]
6014,7,[]
6027,11,[]
6047,10,[]
6065,11,[]
6085,12,[]
6106,10,[]
6124,10,[]
6142,12,[]
6163,10,[]
6181,11,[]
6201,13,[]
6224,13,[]
6247,13,[]
6270,13,[]
6293,10,[]
6311,13,[]
6334,11,[]
6354,12,[]
6375,10,[]
6393,14,[0, 1, 2, 3, 4, 5, 6, 7, 8, 9, 10, 11, 12, 13]
6418,11,[]
6438,13,[]
6461,11,[]
6481,14,[]
6506,10,[]
6524,12,[]
6545,10,[]
6563,14,[]
6588,12,[]
6609,63,[]
6720,8,[0, 1, 2, 3, 4, 5, 6, 7]
6734,10,[]
6752,12,[]
6773,13,[]
6796,12,[]
6817,12,[]
6838,6,[]
6849,11,[]
6869,13,[]
6892,14,[]
6917,12,[]
6938,12,[]
6959,11,[]
6979,13,[0, 1, 2, 3, 4, 5, 6, 7, 8, 9, 10, 11, 12]
7002,11,[]
7022,14,[]
7047,12,[]
7068,14,[]
7093,13,[]
7116,14,[]
7141,11,[]
7161,12,[]
7182,12,[]
7203,15,[]
7230,14,[]
7255,15,[]
7282,13,[]
7305,17,[0, 1, 2, 3, 4, 5, 6, 7, 8, 9, 10, 11, 12, 13, 14, 15, 16]
7335,15,[]
7362,57,[]
7462,11,[]
7482,14,[]
7507,14,[]
7532,15,[]
7559,13,[]
7582,17,[]
7612,16,[]
7640,15,[]
7667,17,[]
7697,19,[]
7731,19,[]
7765,16,[]
7793,18,[]
7825,17,[]
7855,18,[]
7887,17,[]
7917,16,[]
7945,17,[]
7975,18,[]
8007,15,[]
8034,14,[]
8059,14,[]
8084,15,[]
8111,16,[]
8139,17,[]
8169,20,[]
8204,20,[]
8239,19,[]
8273,13,[]
0,50,[]
88,6,[]
99,12,[]
120,13,[]
143,16,[]
171,11,[]
191,15,[]
218,14,[]
243,14,[]
268,25,[]
312,14,[]
337,13,[]
360,14,[]
385,14,[]
410,14,[]
435,11,[]
455,16,[]
483,16,[]
511,15,[]
538,16,[]
566,17,[]
596,15,[]
623,15,[]
650,15,[]
677,14,[]
702,13,[]
725,14,[]
750,14,[]
775,17,[2, 3, 4, 5, 6, 7, 8, 9, 10, 11, 12, 13, 14, 15, 16]
805,16,[]
833,127,[]
1056,4,[]
1063,9,[]
1079,12,[]
1100,4,[]
1107,6,[]
1118,10,[]
1136,13,[]
1159,13,[]
1182,11,[]
1202,12,[]
1223,12,[0, 1, 2, 3, 4, 5, 6, 7, 8, 9, 10]
1244,14,[]
1269,12,[]
1290,12,[]
1311,16,[]
1339,13,[]
1362,15,[]
1389,19,[]
1423,19,[]
1457,16,[]
1485,16,[]
1513,13,[]
1536,16,[]
1564,13,[]
1587,15,[]
1614,12,[]
1635,17,[]
1665,15,[]
1692,18,[]
1724,96,[]
1892,5,[]
1901,9,[]
1917,15,[]
1944,11,[]
1964,15,[]
1991,12,[]
2012,16,[]
2040,14,[]
2065,15,[]
2092,11,[]
2112,17,[]
2142,15,[]
2169,16,[]
2197,15,[]
2224,20,[]
2259,13,[]
2282,17,[]
2312,16,[]
2340,20,[]
2375,19,[]
2409,18,[]
2441,15,[]
2468,21,[]
2505,14,[]
2530,17,[]
2560,14,[]
2585,20,[]
2620,17,[]
2650,19,[]
2684,95,[]
2851,7,[]
2864,10,[]
2882,15,[]
2909,12,[]
2930,16,[]
2958,16,[]
2986,14,[]
3011,13,[]
3034,15,[]
3061,13,[]
3084,14,[]
3109,13,[]
3132,13,[]
3155,8,[]
3169,16,[]
3197,16,[]
3225,14,[]
3250,15,[]
3277,20,[]
3312,17,[]
3342,13,[]
3365,12,[]
3386,25,[]
3430,13,[]
3453,14,[]
3478,14,[]
3503,14,[]
3528,10,[0, 1, 2, 3, 4, 5, 6, 7, 8, 9]
3546,16,[]
3574,66,[]
3690,6,[]
3701,9,[]
3717,13,[]
3740,9,[]
3756,11,[1, 2, 3, 4, 5, 6, 7, 8, 9, 10]
3776,12,[]
3797,12,[]
3818,12,[]
3839,13,[]
3862,12,[]
3883,13,[]
3906,18,[]
3938,15,[]
3965,15,[]
3992,16,[]
4020,13,[]
4043,18,[]
4075,18,[]
4107,18,[]
4139,16,[]
4167,15,[]
4194,15,[]
4221,13,[]
4244,12,[]
4265,12,[]
4286,12,[]
4307,14,[]
4332,11,[]
4352,15,[]
4379,59,[]
4483,10,[]
4501,11,[]
4521,11,[]
4541,10,[]
4559,13,[]
4582,11,[]
4602,13,[]
4625,15,[]
4652,16,[]
4680,15,[]
4707,12,[]
4728,17,[]
4758,15,[]
4785,16,[]
4813,15,[]
4840,16,[]
4868,15,[]
4895,20,[]
4930,12,[]
4951,12,[]
4972,10,[]
4990,12,[]
5011,18,[]
5043,11,[]
5063,15,[]
5090,18,[]
5122,14,[]
5147,16,[]
5175,14,[]
5200,69,[]
5321,9,[]
5337,11,[]
5357,14,[]
5382,17,[]
5412,21,[]
5449,23,[]
5490,19,[]
5524,21,[]
5561,18,[]
5593,17,[]
5623,15,[]
5650,18,[]
5682,15,[]
5709,19,[]
5743,18,[]
5775,18,[]
5807,19,[]
5841,21,[]
5878,21,[]
5915,22,[]
5954,25,[]
5998,22,[]
6037,20,[]
6072,22,[]
6111,22,[]
6150,22,[]
6189,21,[]
6226,20,[]
6261,19,[]
6295,68,[]
6414,13,[]
6437,16,[]
6465,19,[]
6499,18,[]
6531,24,[]
6573,20,[]
6608,14,[]
6633,13,[]
6656,12,[]
6677,11,[]
6697,14,[]
6722,12,[]
6743,12,[]
6764,15,[]
6791,15,[]
6818,14,[]
6843,15,[]
6870,15,[]
6897,22,[]
6936,16,[]
6964,18,[]
6996,16,[]
7024,16,[]
7052,17,[]
7082,17,[]
7112,16,[]
7140,13,[0, 1, 3, 4, 5, 6, 7, 8, 9, 10, 11, 12]
7163,14,[]
7188,14,[]
7213,47,[]
7296,11,[]
7316,16,[]
7344,15,[]
7371,14,[]
7396,15,[]
7423,15,[]
7450,15,[]
7477,14,[]
7502,11,[]
7522,11,[]
7542,15,[]
7569,11,[]
7589,10,[]
7607,13,[]
7630,11,[]
7650,15,[]
7677,12,[]
7698,10,[]
7716,16,[]
7744,15,[]
7771,11,[]
7791,12,[]
7812,16,[]
7840,13,[]
7863,15,[]
7890,12,[]
7911,13,[]
7934,12,[]
7955,12,[]
7976,53,[]
8069,9,[]
8085,11,[]
8105,13,[]
8128,14,[]
8153,15,[]
8180,16,[]
8208,16,[]
8236,17,[]
8266,15,[]
8293,15,[]
8320,19,[]
8354,16,[]
8382,15,[]
8409,15,[]
8436,14,[]
8461,22,[]
8500,11,[]
8520,14,[]
8545,15,[]
8572,16,[]
8600,15,[]
8627,14,[]
8652,15,[]
8679,14,[]
8704,12,[]
8725,10,[]
8743,10,[]
8761,13,[]
8784,11,[]
0,47,[]
83,11,[]
103,13,[0, 1, 2, 3, 4, 5, 6, 7, 8, 9, 10, 11, 12]
126,7,[]
139,15,[]
166,17,[]
196,14,[]
221,15,[]
248,6,[]
259,15,[]
286,12,[]
307,14,[]
332,26,[]
378,12,[]
399,13,[]
422,9,[]
438,12,[]
459,12,[]
480,16,[]
508,18,[]
540,10,[]
558,17,[]
588,17,[]
618,26,[]
664,14,[]
689,11,[]
709,11,[]
729,10,[]
747,14,[]
772,28,[]
821,103,[]
1002,9,[]
1018,5,[]
1027,6,[]
1038,4,[]
1045,6,[]
1056,7,[]
1069,20,[]
1104,23,[]
1145,5,[]
1154,14,[]
1179,13,[]
1202,15,[0, 1, 2, 3, 4, 5, 6, 7, 8, 9, 10, 11, 12]
1229,12,[]
1250,7,[]
1263,13,[]
1286,19,[]
1320,19,[]
1354,18,[]
1386,13,[]
1409,15,[]
1436,7,[]
1449,16,[]
1477,19,[]
1511,15,[]
1538,16,[]
1566,4,[]
1573,18,[]
1605,17,[]
1635,29,[]
1686,83,[]
1832,8,[0, 1, 2, 3, 4, 5, 6, 7]
1846,10,[]
1864,5,[]
1873,12,[]
1894,11,[]
1914,14,[]
1939,15,[]
1966,9,[]
1982,16,[]
2010,14,[]
2035,16,[]
2063,19,[]
2097,16,[]
2125,18,[]
2157,4,[]
2164,18,[]
2196,22,[]
2235,19,[]
2269,25,[]
2313,8,[]
2327,21,[]
2364,13,[]
2387,18,[]
2419,12,[]
2440,20,[]
2475,14,[]
2500,9,[]
2516,25,[]
2560,18,[]
2592,82,[]
2736,6,[]
2747,3,[]
2753,9,[]
2769,14,[]
2794,26,[]
2840,25,[]
2884,24,[]
2926,14,[]
2951,23,[]
2992,6,[]
3003,14,[]
3028,12,[]
3049,14,[]
3074,18,[]
3106,11,[]
3126,21,[]
3163,19,[]
3197,29,[]
3248,14,[]
3273,12,[]
3294,9,[]
3310,11,[]
3330,8,[]
3344,10,[]
3362,26,[]
3408,29,[]
3459,8,[]
3473,40,[]
3543,29,[]
3594,67,[]
3712,1,[]
3714,6,[]
3725,5,[]
3734,2,[]
3738,11,[]
3758,7,[]
3771,8,[]
3785,8,[]
3799,13,[]
3822,20,[]
3857,16,[]
3885,34,[]
3945,14,[]
3970,18,[]
4002,11,[]
4022,17,[]
4052,14,[]
4077,14,[]
4102,15,[]
4129,9,[]
4145,21,[]
4182,20,[]
4217,21,[]
4254,17,[]
4284,12,[]
4305,11,[]
4325,9,[]
4341,15,[]
4368,12,[]
4389,88,[]
4543,12,[]
4564,4,[]
4571,18,[]
4603,18,[]
4635,8,[]
4649,12,[]
4670,11,[]
4690,12,[]
4711,9,[]
4727,14,[]
4752,14,[]
4777,22,[]
4816,32,[]
4872,7,[]
4885,15,[]
4912,16,[]
4940,9,[1, 2, 3, 4, 5, 6, 7, 8]
4956,34,[]
5016,14,[]
5041,24,[]
5083,6,[]
5094,25,[]
5138,23,[]
5179,23,[]
5220,22,[]
5259,7,[]
5272,13,[]
5295,14,[]
5320,18,[]
5352,68,[]
5471,17,[]
5501,28,[]
5550,6,[]
5561,19,[]
5595,26,[]
5641,14,[]
5666,20,[]
5701,8,[]
5715,22,[]
5754,16,[]
5782,23,[]
5823,18,[]
5855,12,[]
5876,25,[]
5920,8,[]
5934,15,[]
5961,13,[]
5984,18,[]
6016,20,[]
6051,7,[]
6064,11,[]
6084,20,[]
6119,10,[]
6137,26,[]
6183,17,[]
6213,10,[]
6231,7,[]
6244,23,[]
6285,11,[]
6305,67,[]
6423,4,[]
6430,4,[]
6437,11,[]
6457,15,[]
6484,15,[]
6511,16,[]
6539,12,[]
6560,17,[]
6590,7,[]
6603,36,[]
6666,19,[]
6700,11,[]
6720,8,[]
6734,8,[]
6748,11,[]
6768,10,[]
6786,23,[]
6827,13,[]
6850,24,[]
6892,10,[]
6910,10,[]
6928,6,[]
6939,15,[]
6966,14,[]
6991,23,[]
7032,19,[]
7066,10,[]
7084,15,[]
7111,13,[]
7134,59,[]
7238,5,[]
7247,11,[]
7267,15,[]
7294,10,[]
7312,14,[]
7337,13,[]
7360,14,[]
7385,13,[0, 1, 2, 3, 4, 5, 6, 7, 8, 9, 10, 11, 12]
7408,8,[]
7422,15,[]
7449,14,[]
7474,15,[]
7501,19,[]
7535,16,[]
7563,15,[]
7590,9,[]
7606,16,[]
7634,12,[]
7655,13,[]
7678,13,[]
7701,11,[]
7721,14,[]
7746,17,[]
7776,16,[]
7804,15,[]
7831,12,[]
7852,20,[]
7887,8,[]
7901,21,[]
7938,80,[]
8078,4,[]
8085,8,[]
8099,5,[]
8108,12,[]
8129,14,[]
8154,21,[]
8191,19,[]
8225,21,[]
8262,33,[]
8320,7,[]
8333,13,[]
8356,14,[]
8381,17,[]
8411,19,[]
8445,6,[]
8456,17,[]
8486,11,[]
8506,13,[]
8529,13,[]
8552,13,[]
8575,18,[]
8607,6,[]
8618,22,[]
8657,10,[]
8675,11,[]
8695,12,[]
8716,10,[]
8734,12,[]
8755,9,[]
0,15,[]
27,1,[]
29,7,[]
42,9,[]
58,8,[]
72,4,[]
79,7,[]
92,4,[]
99,9,[]
115,7,[0, 1, 2, 3, 4, 5, 6]
128,5,[]
137,18,[]
169,14,[]
194,22,[]
233,13,[]
256,19,[]
290,14,[]
315,23,[]
356,15,[]
383,6,[]
394,13,[]
417,14,[]
442,18,[]
474,14,[]
499,31,[]
554,8,[]
568,20,[]
603,12,[]
624,21,[]
661,18,[]
693,124,[]
910,12,[]
931,1,[]
933,4,[]
940,2,[]
944,11,[]
964,6,[]
975,12,[]
996,9,[]
1012,12,[]
1033,14,[]
1058,13,[]
1081,18,[]
1113,9,[]
1129,20,[]
1164,8,[0, 1, 2, 3, 4, 5, 6]
1178,17,[]
1208,16,[]
1236,9,[]
1252,14,[]
1277,9,[]
1293,16,[]
1321,8,[]
1335,19,[]
1369,13,[]
1392,18,[]
1424,10,[]
1442,18,[]
1474,16,[]
1502,12,[]
1523,120,[]
1733,1,[]
1735,8,[]
1749,3,[]
1755,11,[]
1775,13,[]
1798,7,[]
1811,19,[]
1845,10,[]
1863,18,[]
1895,8,[]
1909,23,[]
1950,10,[]
1968,20,[]
2003,9,[]
2019,18,[]
2051,18,[]
2083,14,[]
2108,29,[]
2159,9,[]
2175,21,[]
2212,12,[]
2233,23,[]
2274,11,[]
2294,22,[]
2333,11,[]
2353,19,[]
2387,22,[1, 2, 3, 4, 5, 6, 7, 8, 9, 10, 11, 12, 13, 14, 15, 16, 17, 18]
2426,12,[]
2447,20,[]
2482,122,[]
2696,12,[]
2717,3,[]
2723,18,[]
2755,17,[]
2785,12,[]
2806,19,[]
2840,13,[]
2863,23,[]
2904,11,[]
2924,17,[]
2954,9,[]
2970,19,[]
3004,19,[]
3038,9,[]
3054,19,[]
3088,9,[]
3104,21,[]
3141,9,[]
3157,22,[]
3196,11,[]
3216,25,[]
3260,21,[]
3297,9,[]
3313,24,[]
3355,13,[]
3378,22,[]
3417,15,[]
3444,21,[]
3481,9,[]
3497,126,[]
3718,1,[]
3720,12,[]
3741,7,[]
3754,15,[]
3781,17,[]
3811,7,[]
3824,19,[]
3858,12,[]
3879,20,[]
3914,7,[]
3927,21,[]
3964,12,[]
3985,29,[]
4036,18,[]
4068,14,[]
4093,19,[]
4127,9,[]
4143,23,[]
4184,14,[]
4209,24,[]
4251,12,[]
4272,20,[]
4307,19,[]
4341,10,[]
4359,21,[]
4396,13,[]
4419,23,[]
4460,7,[]
4473,18,[]
4505,121,[]
4717,1,[]
4719,12,[]
4740,8,[]
4754,15,[]
4781,10,[]
4799,19,[]
4833,8,[]
4847,19,[]
4881,9,[]
4897,16,[]
4925,20,[]
4960,12,[]
4981,18,[]
5013,9,[]
5029,17,[]
5059,10,[]
5077,21,[]
5114,9,[]
5130,17,[]
5160,11,[]
5180,18,[]
5212,17,[]
5242,13,[]
5265,21,[]
5302,11,[]
5322,17,[]
5352,9,[]
5368,21,[]
5405,16,[]
5433,123,[]
5649,6,[]
5660,4,[]
5667,11,[]
5687,5,[]
5696,14,[]
5721,8,[]
5735,23,[]
5776,10,[]
5794,17,[]
5824,15,[]
5851,11,[]
5871,19,[]
5905,10,[]
5923,14,[]
5948,8,[0, 1, 2, 3, 4, 5, 6]
5962,19,[]
5996,14,[]
6021,8,[]
6035,15,[]
6062,9,[]
6078,18,[]
6110,10,[]
6128,18,[]
6160,13,[]
6183,19,[]
6217,11,[]
6237,18,[]
6269,11,[]
6289,20,[]
6324,123,[]
6540,1,[]
6542,9,[]
6558,8,[]
6572,11,[]
6592,8,[]
6606,11,[]
6626,6,[]
6637,12,[]
6658,11,[]
6678,10,[]
6696,16,[]
6724,9,[]
6740,14,[]
6765,9,[]
6781,16,[]
6809,16,[]
6837,8,[0, 1, 2, 3, 4, 5, 6]
6851,16,[]
6879,8,[]
6893,14,[]
6918,8,[]
6932,19,[]
6966,8,[]
6980,18,[]
7012,9,[]
7028,18,[]
7060,17,[]
7090,11,[]
7110,15,[]
7137,110,[]
7330,13,[]
7353,6,[]
7364,12,[]
7385,7,[]
7398,14,[]
7423,13,[]
7446,10,[]
7464,13,[]
7487,8,[]
7501,13,[]
7524,8,[]
7538,16,[]
7566,10,[]
7584,14,[]
7609,6,[]
7620,13,[]
7643,14,[]
7668,11,[]
7688,15,[]
7715,10,[]
7733,16,[]
7761,10,[]
7779,17,[]
7809,17,[]
7839,8,[]
7853,16,[]
7881,8,[]
7895,17,[]
7925,11,[]
7945,114,[]
8145,1,[]
8147,8,[]
8161,12,[]
8182,8,[]
8196,15,[]
8223,6,[]
8234,15,[]
8261,10,[]
8279,15,[]
8306,8,[]
8320,14,[]
8345,9,[]
8361,15,[]
8388,15,[]
8415,8,[]
8429,15,[]
8456,9,[]
8472,17,[]
8502,10,[]
8520,19,[]
8554,9,[]
8570,19,[]
8604,19,[]
8638,11,[]
8658,22,[]
8697,9,[]
8713,19,[]
8747,11,[]
8767,10,[]
0,21,[]
37,8,[]
51,10,[]
69,15,[]
96,9,[]
112,15,[]
139,16,[]
167,7,[]
180,14,[]
205,13,[]
228,4,[]
235,12,[]
256,7,[]
269,13,[]
292,13,[]
315,18,[]
347,8,[]
361,11,[]
381,13,[]
404,12,[0, 1, 2, 3, 4, 5, 6, 7, 8, 9, 10, 11]
425,23,[]
466,17,[]
496,5,[]
505,14,[]
530,16,[]
558,17,[]
588,30,[]
641,14,[]
666,7,[]
679,15,[]
706,97,[]
876,8,[]
890,12,[]
911,7,[]
924,2,[]
928,11,[]
948,7,[]
961,13,[]
984,14,[]
1009,14,[]
1034,4,[]
1041,17,[]
1071,20,[]
1106,8,[]
1120,20,[0, 1, 2, 3, 4, 5, 6, 7, 8, 9, 10, 11, 12, 13, 14, 15, 16, 17]
1155,23,[]
1196,8,[]
1210,24,[]
1252,23,[]
1293,7,[]
1306,24,[]
1348,21,[]
1385,7,[]
1398,22,[]
1437,20,[]
1472,13,[]
1495,20,[]
1530,19,[]
1564,6,[]
1575,18,[]
1607,82,[]
1751,2,[]
1755,14,[]
1780,16,[]
1808,9,[]
1824,18,[]
1856,20,[]
1891,11,[]
1911,20,[]
1946,10,[]
1964,25,[]
2008,21,[]
2045,22,[]
2084,11,[]
2104,24,[]
2146,25,[]
2190,12,[]
2211,23,[]
2252,20,[]
2287,8,[]
2301,9,[]
2317,27,[]
2365,9,[]
2381,21,[3, 4, 5, 6, 7, 8, 9, 10, 11, 12, 13, 14, 15, 16, 17, 18, 19, 20]
2418,5,[]
2427,19,[]
2461,18,[]
2493,18,[]
2525,7,[]
2538,19,[]
2572,79,[]
2711,2,[]
2715,9,[]
2731,6,[]
2742,14,[]
2767,10,[]
2785,8,[0, 1, 2, 3, 4, 5, 6]
2799,15,[]
2826,18,[]
2858,7,[]
2871,11,[]
2891,18,[]
2923,17,[]
2953,6,[]
2964,15,[]
2991,14,[]
3016,16,[]
3044,15,[]
3071,16,[]
3099,7,[]
3112,15,[]
3139,15,[]
3166,7,[]
3179,18,[]
3211,12,[]
3232,16,[]
3260,15,[]
3287,13,[]
3310,16,[]
3338,13,[]
3361,94,[]
3526,1,[]
3528,9,[]
3544,15,[0, 1, 2, 3, 4, 5, 6, 7, 8, 9, 10, 11, 12, 13, 14]
3571,5,[]
3580,17,[]
3610,4,[]
3617,17,[]
3647,18,[]
3679,11,[]
3699,20,[]
3734,16,[]
3762,19,[]
3796,12,[]
3817,21,[]
3854,16,[]
3882,11,[]
3902,21,[]
3939,9,[]
3955,22,[]
3994,19,[]
4028,9,[]
4044,18,[]
4076,17,[]
4106,20,[]
4141,9,[]
4157,21,[]
4194,16,[]
4222,10,[]
4240,21,[]
4277,75,[]
4409,11,[]
4429,15,[]
4456,10,[]
4474,17,[]
4504,16,[]
4532,18,[]
4564,10,[]
4582,19,[]
4616,7,[]
4629,12,[]
4650,21,[]
4687,13,[]
4710,21,[]
4747,16,[]
4775,13,[]
4798,18,[]
4830,17,[]
4860,14,[]
4885,17,[]
4915,15,[]
4942,17,[]
4972,15,[]
4999,17,[]
5029,9,[]
5045,16,[]
5073,24,[]
5115,12,[]
5136,15,[]
5163,22,[]
5202,93,[]
5365,8,[]
5379,13,[]
5402,8,[]
5416,16,[]
5444,18,[]
5476,10,[]
5494,18,[]
5526,18,[]
5558,10,[]
5576,20,[]
5611,16,[]
5639,17,[]
5669,14,[]
5694,19,[]
5728,6,[]
5739,18,[]
5771,19,[]
5805,7,[]
5818,16,[]
5846,16,[]
5874,9,[]
5890,17,[]
5920,16,[]
5948,13,[]
5971,16,[]
5999,17,[]
6029,9,[]
6045,18,[0, 4, 5, 6, 7, 8, 9, 10, 11, 12, 13, 14, 15, 16, 17]
6077,20,[]
6112,76,[]
6245,11,[]
6265,14,[]
6290,7,[]
6303,17,[]
6333,16,[]
6361,18,[]
6393,10,[]
6411,19,[]
6445,7,[]
6458,16,[]
6486,18,[]
6518,8,[]
6532,18,[]
6564,20,[]
6599,7,[]
6612,18,[]
6644,19,[]
6678,18,[]
6710,7,[]
6723,19,[]
6757,13,[]
6780,16,[]
6808,19,[]
6842,7,[]
6855,17,[]
6885,18,[]
6917,8,[]
6931,19,[]
6965,16,[]
6993,81,[]
7135,7,[]
7148,12,[]
7169,8,[]
7183,17,[]
7213,6,[]
7224,12,[]
7245,18,[]
7277,18,[]
7309,6,[]
7320,18,[]
7352,18,[]
7384,17,[]
7414,11,[]
7434,19,[]
7468,7,[]
7481,20,[]
7516,18,[]
7548,7,[]
7561,18,[]
7593,20,[]
7628,7,[]
7641,19,[]
7675,21,[]
7712,8,[]
7726,18,[]
7758,17,[]
7788,8,[]
7802,17,[]
7832,13,[]
7855,84,[]
8002,7,[]
8015,9,[]
8031,10,[]
8049,14,[]
8074,12,[]
8095,9,[]
8111,15,[]
8138,16,[]
8166,7,[]
8179,21,[]
8216,19,[]
8250,7,[]
8263,17,[]
8293,16,[]
8321,7,[]
8334,18,[]
8366,15,[]
8393,14,[]
8418,19,[]
8452,16,[]
8480,13,[]
8503,19,[]
8537,18,[]
8569,13,[]
8592,19,[]
8626,8,[]
8640,22,[]
8679,8,[]
8693,11,[]
0,30,[]
53,6,[]
64,13,[]
87,16,[]
115,15,[]
142,16,[]
170,14,[]
195,16,[]
223,15,[]
250,10,[]
268,21,[]
305,20,[]
340,20,[]
375,21,[]
412,21,[]
449,21,[]
486,20,[]
521,20,[]
556,20,[]
591,19,[]
625,19,[]
659,19,[]
693,17,[]
723,17,[]
753,16,[]
781,25,[]
825,13,[]
848,16,[]
876,18,[]
908,15,[]
935,60,[]
1040,9,[]
1056,12,[]
1077,13,[]
1100,8,[]
1114,15,[]
1141,13,[]
1164,16,[]
1192,15,[]
1219,16,[]
1247,19,[]
1281,18,[]
1313,18,[]
1345,18,[]
1377,16,[]
1405,16,[]
1433,17,[]
1463,19,[]
1497,16,[]
1525,17,[]
1555,15,[]
1582,15,[]
1609,14,[]
1634,14,[]
1659,14,[]
1684,25,[]
1728,17,[]
1758,17,[]
1788,15,[]
1815,15,[]
1842,77,[]
1977,5,[]
1986,9,[]
2002,10,[0, 1, 2, 3, 4, 5, 6, 7, 8, 9]
2020,12,[]
2041,13,[]
2064,11,[]
2084,13,[]
2107,11,[]
2127,16,[]
2155,19,[]
2189,16,[]
2217,19,[]
2251,16,[]
2279,17,[]
2309,15,[]
2336,18,[]
2368,18,[]
2400,19,[]
2434,17,[]
2464,18,[]
2496,15,[]
2523,17,[]
2553,16,[]
2581,19,[]
2615,27,[]
2663,13,[]
2686,17,[]
2716,15,[]
2743,13,[]
2766,86,[]
2917,8,[]
2931,15,[]
2958,13,[]
2981,18,[]
3013,13,[]
3036,14,[]
3061,13,[]
3084,16,[1, 2, 3, 4, 5, 6, 7, 8, 9, 10, 11, 12, 13, 14]
3112,15,[]
3139,17,[]
3169,15,[]
3196,16,[]
3224,14,[]
3249,13,[]
3272,16,[]
3300,15,[]
3327,16,[]
3355,16,[]
3383,14,[]
3408,14,[]
3433,13,[]
3456,13,[]
3479,15,[]
3506,23,[]
3547,12,[]
3568,15,[]
3595,16,[]
3623,14,[]
3648,13,[]
3671,61,[]
3778,8,[]
3792,10,[]
3810,13,[]
3833,12,[]
3854,12,[]
3875,13,[]
3898,12,[]
3919,12,[]
3940,13,[]
3963,13,[]
3986,12,[]
4007,12,[]
4028,13,[]
4051,12,[]
4072,17,[]
4102,14,[]
4127,15,[]
4154,16,[]
4182,17,[]
4212,18,[]
4244,16,[]
4272,17,[]
4302,26,[]
4348,15,[]
4375,17,[]
4405,17,[]
4435,15,[]
4462,24,[]
4504,15,[]
4531,72,[]
4657,9,[]
4673,13,[]
4696,20,[]
4731,18,[]
4763,13,[]
4786,13,[]
4809,17,[]
4839,18,[]
4871,17,[]
4901,16,[]
4929,16,[]
4957,14,[]
4982,16,[]
5010,18,[]
5042,18,[]
5074,18,[]
5106,19,[]
5140,17,[]
5170,19,[]
5204,16,[]
5232,17,[]
5262,17,[]
5292,31,[]
5347,15,[]
5374,15,[]
5401,17,[]
5431,17,[]
5461,16,[]
5489,16,[]
5517,75,[]
5649,8,[]
5663,12,[]
5684,12,[]
5705,14,[]
5730,14,[]
5755,13,[]
5778,16,[]
5806,15,[]
5833,15,[]
5860,13,[]
5883,17,[]
5913,17,[]
5943,12,[]
5964,13,[]
5987,21,[]
6024,16,[]
6052,17,[]
6082,12,[]
6103,12,[]
6124,13,[]
6147,14,[]
6172,23,[]
6213,11,[]
6233,13,[]
6256,16,[]
6284,13,[]
6307,15,[]
6334,13,[]
6357,14,[]
6382,79,[]
6521,5,[]
6530,7,[]
6543,8,[]
6557,11,[]
6577,9,[]
6593,10,[]
6611,12,[]
6632,15,[]
6659,13,[]
6682,12,[]
6703,14,[]
6728,16,[]
6756,14,[]
6781,13,[]
6804,11,[]
6824,11,[]
6844,12,[]
6865,11,[]
6885,11,[]
6905,15,[]
6932,14,[]
6957,28,[]
7006,15,[]
7033,17,[]
7063,14,[]
7088,13,[]
7111,13,[]
7134,15,[]
7161,17,[]
7191,88,[]
7345,6,[]
7356,10,[]
7374,12,[]
7395,13,[]
7418,14,[]
7443,14,[]
7468,14,[]
7493,15,[]
7520,15,[]
7547,15,[]
7574,14,[]
7599,15,[]
7626,14,[]
7651,13,[]
7674,18,[]
7706,13,[]
7729,13,[]
7752,12,[]
7773,13,[]
7796,15,[]
7823,22,[]
7862,12,[]
7883,13,[]
7906,12,[]
7927,12,[]
7948,12,[]
7969,13,[]
7992,13,[]
8015,12,[0, 1, 2, 3, 4, 5, 6, 7, 8, 9, 10, 11]
8036,61,[]
8143,6,[]
8154,9,[]
8170,10,[]
8188,11,[]
8208,9,[]
8224,12,[]
8245,12,[]
8266,12,[]
8287,13,[]
8310,13,[]
8333,14,[]
8358,15,[]
8385,14,[]
8410,15,[]
8437,15,[]
8464,16,[]
8492,16,[]
8520,16,[]
8548,14,[]
8573,16,[]
8601,23,[]
8642,15,[]
8669,14,[]
8694,16,[]
8722,16,[]
8750,17,[]
8780,15,[]
8807,14,[]
8832,12,[]
0,20,[]
35,7,[]
48,3,[]
54,11,[]
74,11,[]
94,14,[]
119,10,[]
137,13,[]
160,13,[]
183,12,[]
204,12,[]
225,11,[]
245,6,[]
256,12,[]
277,12,[]
298,12,[]
319,12,[]
340,8,[]
354,11,[]
374,13,[]
397,15,[]
424,14,[]
449,18,[]
481,18,[]
513,17,[]
543,12,[]
564,13,[]
587,13,[]
610,13,[]
633,17,[]
663,74,[]
793,16,[]
821,13,[]
844,3,[]
850,12,[]
871,14,[]
896,16,[]
924,10,[]
942,17,[]
972,16,[]
1000,17,[]
1030,8,[]
1044,17,[]
1074,18,[]
1106,17,[]
1136,15,[]
1163,18,[]
1195,6,[]
1206,17,[]
1236,16,[]
1264,17,[]
1294,20,[]
1329,8,[]
1343,18,[]
1375,20,[]
1410,17,[]
1440,18,[]
1472,10,[]
1490,20,[]
1525,16,[]
1553,70,[]
1676,12,[]
1697,4,[]
1704,16,[]
1732,17,[]
1762,17,[]
1792,17,[]
1822,10,[]
1840,18,[]
1872,17,[]
1902,18,[]
1934,18,[]
1966,11,[]
1986,19,[]
2020,19,[]
2054,18,[]
2086,17,[]
2116,20,[]
2151,10,[]
2169,21,[]
2206,17,[]
2236,18,[]
2268,10,[]
2286,26,[]
2332,20,[]
2367,21,[]
2404,20,[]
2439,20,[]
2474,6,[]
2485,17,[]
2515,73,[]
2643,2,[]
2647,14,[]
2672,15,[]
2699,16,[]
2727,16,[]
2755,15,[]
2782,10,[0, 1, 2, 3, 4, 5, 6, 7, 8, 9]
2800,19,[]
2834,19,[]
2868,16,[]
2896,9,[]
2912,19,[]
2946,19,[]
2980,15,[]
3007,16,[]
3035,18,[]
3067,10,[]
3085,20,[]
3120,18,[]
3152,19,[]
3186,19,[]
3220,6,[]
3231,17,[]
3261,19,[]
3295,19,[]
3329,18,[]
3361,18,[]
3393,9,[]
3409,16,[]
3437,62,[]
3546,12,[]
3567,4,[]
3574,15,[]
3601,15,[]
3628,13,[]
3651,16,[]
3679,15,[]
3706,8,[]
3720,17,[]
3750,9,[]
3766,18,[]
3798,17,[]
3828,17,[]
3858,17,[]
3888,16,[]
3916,10,[]
3934,16,[]
3962,17,[]
3992,16,[]
4020,14,[]
4045,15,[]
4072,10,[]
4090,18,[]
4122,16,[]
4150,15,[]
4177,15,[]
4204,15,[]
4231,7,[]
4244,16,[]
4272,71,[]
4397,2,[]
4401,13,[]
4424,14,[]
4449,16,[]
4477,16,[]
4505,16,[]
4533,10,[]
4551,15,[]
4578,17,[]
4608,17,[]
4638,13,[]
4661,9,[]
4677,15,[]
4704,18,[]
4736,16,[]
4764,16,[]
4792,9,[]
4808,17,[]
4838,17,[]
4868,16,[]
4896,15,[]
4923,17,[]
4953,6,[]
4964,15,[]
4991,15,[]
5018,16,[0, 1, 2, 3, 4, 5, 6, 7, 8, 9, 10, 11, 12, 13, 14, 15]
5046,16,[]
5074,7,[]
5087,16,[]
5115,68,[]
5234,12,[]
5255,5,[]
5264,15,[]
5291,18,[]
5323,12,[]
5344,7,[]
5357,16,[]
5385,18,[]
5417,17,[]
5447,18,[]
5479,7,[]
5492,19,[]
5526,20,[]
5561,19,[]
5595,19,[]
5629,9,[]
5645,19,[]
5679,19,[]
5713,22,[]
5752,17,[]
5782,23,[]
5823,6,[]
5834,23,[]
5875,21,[]
5912,22,[]
5951,16,[]
5979,7,[]
5992,16,[]
6020,22,[]
6059,61,[]
6166,16,[]
6194,5,[]
6203,19,[]
6237,20,[]
6272,16,[]
6300,17,[]
6330,7,[]
6343,21,[]
6380,18,[]
6412,17,[]
6442,19,[]
6476,6,[]
6487,16,[]
6515,19,[]
6549,18,[2, 3, 4, 5, 6, 7, 8, 9, 10, 11, 12, 13, 14, 15, 16, 17]
6581,17,[]
6611,9,[]
6627,17,[]
6657,17,[]
6687,19,[]
6721,18,[]
6753,5,[]
6762,17,[]
6792,15,[]
6819,18,[]
6851,16,[]
6879,15,[]
6906,7,[]
6919,17,[]
6949,65,[]
7063,1,[]
7065,13,[]
7088,17,[]
7118,17,[]
7148,17,[]
7178,8,[]
7192,17,[]
7222,20,[]
7257,16,[]
7285,8,[]
7299,17,[]
7329,20,[]
7364,16,[]
7392,17,[]
7422,18,[]
7454,4,[0, 1, 2, 3]
7461,16,[]
7489,19,[]
7523,17,[]
7553,14,[]
7578,7,[]
7591,16,[]
7619,17,[]
7649,17,[]
7679,17,[]
7709,16,[]
7737,7,[0, 1, 2, 3, 4, 5, 6]
7750,18,[]
7782,19,[]
7816,64,[]
7928,11,[]
7948,5,[0, 1, 2, 3, 4]
7957,15,[]
7984,17,[]
8014,10,[]
8032,10,[]
8050,8,[]
8064,16,[]
8092,16,[]
8120,19,[]
8154,7,[]
8167,17,[]
8197,17,[]
8227,17,[]
8257,17,[]
8287,17,[]
8317,7,[]
8330,16,[]
8358,17,[]
8388,18,[]
8420,13,[]
8443,6,[]
8454,17,[]
8484,14,[]
8509,18,[]
8541,13,[]
8564,12,[0, 1, 2, 3, 4, 5, 6, 7, 8, 9, 10, 11]
8585,9,[]
8601,14,[]
0,26,[]
46,1,[]
48,8,[]
62,8,[]
76,11,[]
96,10,[]
114,15,[]
141,10,[]
159,11,[]
179,11,[]
199,11,[]
219,16,[]
247,13,[]
270,12,[]
291,12,[]
312,12,[]
333,11,[]
353,14,[]
378,12,[]
399,9,[]
415,9,[]
431,10,[]
449,14,[]
474,15,[]
501,16,[]
529,15,[]
556,18,[]
588,20,[]
623,19,[]
657,19,[]
691,84,[]
838,17,[]
868,14,[0, 1, 2, 3, 4, 5, 6, 7, 8, 9, 10, 11]
893,11,[]
913,8,[]
927,9,[]
943,15,[]
970,14,[]
995,16,[]
1023,15,[]
1050,13,[]
1073,16,[]
1101,15,[]
1128,15,[]
1155,15,[]
1182,15,[]
1209,14,[]
1234,15,[]
1261,13,[]
1284,16,[]
1312,14,[]
1337,16,[]
1365,14,[]
1390,18,[]
1422,13,[]
1445,13,[]
1468,15,[]
1495,17,[]
1525,15,[]
1552,17,[]
1582,76,[]
1715,7,[]
1728,13,[]
1751,13,[]
1774,15,[]
1801,14,[]
1826,20,[]
1861,17,[]
1891,16,[]
1919,11,[]
1939,14,[]
1964,13,[]
1987,16,[]
2015,18,[]
2047,18,[]
2079,19,[]
2113,19,[]
2147,19,[]
2181,19,[]
2215,19,[]
2249,20,[]
2284,22,[]
2323,22,[]
2362,21,[]
2399,16,[0, 1, 2, 3, 4, 5, 6, 7, 8, 9, 10, 11, 12, 13, 14, 15]
2427,16,[]
2455,18,[]
2487,20,[]
2522,17,[]
2552,16,[]
2580,72,[]
2706,7,[]
2719,14,[]
2744,14,[]
2769,16,[]
2797,15,[]
2824,21,[]
2861,12,[]
2882,12,[]
2903,16,[]
2931,17,[]
2961,15,[]
2988,15,[]
3015,12,[]
3036,14,[]
3061,14,[]
3086,18,[]
3118,12,[]
3139,14,[]
3164,12,[]
3185,14,[]
3210,10,[]
3228,12,[]
3249,12,[]
3270,11,[]
3290,13,[]
3313,14,[]
3338,13,[]
3361,11,[]
3381,9,[]
3397,77,[]
3532,5,[]
3541,10,[]
3559,10,[]
3577,11,[]
3597,9,[]
3613,17,[]
3643,8,[]
3657,10,[]
3675,11,[]
3695,12,[]
3716,10,[]
3734,11,[]
3754,13,[]
3777,15,[]
3804,10,[]
3822,10,[]
3840,14,[]
3865,15,[]
3892,14,[]
3917,13,[]
3940,14,[]
3965,13,[]
3988,13,[]
4011,16,[]
4039,15,[]
4066,6,[]
4077,19,[]
4111,17,[]
4141,17,[]
4171,72,[]
4297,10,[]
4315,14,[]
4340,14,[]
4365,17,[]
4395,15,[]
4422,14,[]
4447,20,[]
4482,14,[]
4507,12,[]
4528,14,[]
4553,15,[]
4580,15,[]
4607,20,[]
4642,18,[]
4674,13,[]
4697,13,[]
4720,12,[]
4741,14,[]
4766,18,[]
4798,18,[]
4830,13,[]
4853,13,[]
4876,16,[]
4904,15,[]
4931,16,[]
4959,18,[]
4991,15,[]
5018,15,[]
5045,22,[]
5084,65,[]
5198,8,[1, 2, 3, 4, 5, 6, 7]
5212,8,[]
5226,9,[]
5242,11,[]
5262,11,[]
5282,13,[]
5305,21,[]
5342,11,[]
5362,10,[]
5380,11,[]
5400,11,[]
5420,11,[]
5440,12,[]
5461,13,[]
5484,12,[]
5505,10,[]
5523,11,[]
5543,11,[]
5563,14,[]
5588,23,[]
5629,13,[]
5652,10,[]
5670,10,[]
5688,12,[]
5709,13,[]
5732,16,[]
5760,17,[]
5790,17,[]
5820,15,[]
5847,73,[]
5975,7,[]
5988,9,[]
6004,10,[]
6022,15,[]
6049,12,[]
6070,11,[]
6090,15,[0, 2, 3, 4, 5, 6, 7, 8, 9, 10, 11, 12, 13]
6117,9,[]
6133,9,[]
6149,9,[]
6165,11,[]
6185,12,[]
6206,10,[]
6224,13,[]
6247,13,[]
6270,12,[]
6291,11,[]
6311,10,[]
6329,12,[]
6350,12,[]
6371,10,[0, 1, 2, 3, 4, 5, 6, 7, 8, 9]
6389,13,[]
6412,12,[]
6433,10,[]
6451,10,[]
6469,12,[]
6490,10,[]
6508,10,[]
6526,10,[]
6544,82,[]
6688,7,[]
6701,10,[]
6719,9,[]
6735,11,[]
6755,14,[]
6780,11,[]
6800,15,[]
6827,11,[]
6847,10,[]
6865,9,[]
6881,8,[0, 1, 2, 3, 4, 5, 6, 7]
6895,10,[]
6913,10,[]
6931,10,[]
6949,13,[]
6972,12,[]
6993,10,[]
7011,11,[]
7031,14,[]
7056,17,[]
7086,15,[]
7113,16,[]
7141,16,[1, 2, 3, 4, 5, 6, 7, 8, 9, 10, 11, 12, 13, 14, 15]
7169,15,[]
7196,14,[]
7221,14,[]
7246,15,[]
7273,18,[]
7305,17,[]
7335,72,[]
7461,10,[]
7479,13,[]
7502,15,[]
7529,14,[]
7554,16,[]
7582,15,[]
7609,23,[]
7650,16,[]
7678,18,[]
7710,15,[]
7737,15,[]
7764,15,[]
7791,16,[]
7819,17,[]
7849,17,[]
7879,15,[]
7906,16,[]
7934,16,[]
7962,20,[]
7997,17,[]
8027,15,[]
8054,16,[]
8082,15,[]
8109,17,[]
8139,16,[]
8167,17,[]
8197,15,[]
8224,13,[]
8247,8,[]
0,21,[]
37,3,[]
43,9,[]
59,14,[]
84,9,[]
100,9,[]
116,9,[]
132,8,[]
146,10,[]
164,9,[]
180,10,[]
198,8,[]
212,10,[]
230,9,[]
246,10,[]
264,10,[]
282,14,[]
307,16,[]
335,12,[]
356,14,[]
381,13,[]
404,15,[]
431,12,[]
452,14,[]
477,11,[]
497,11,[]
517,12,[]
538,15,[]
565,15,[]
592,15,[]
619,134,[]
854,15,[]
881,7,[]
894,4,[]
901,3,[]
907,6,[]
918,10,[]
936,4,[0, 1, 2, 3]
943,17,[]
973,11,[]
993,10,[]
1011,10,[]
1029,9,[]
1045,13,[]
1068,14,[]
1093,11,[]
1113,17,[]
1143,16,[]
1171,17,[]
1201,16,[]
1229,17,[]
1259,17,[]
1289,15,[]
1316,15,[]
1343,16,[]
1371,14,[]
1396,13,[]
1419,12,[]
1440,14,[]
1465,13,[]
1488,104,[]
1670,6,[]
1681,9,[]
1697,14,[]
1722,8,[]
1736,16,[]
1764,17,[]
1794,17,[]
1824,14,[]
1849,14,[]
1874,16,[]
1902,16,[]
1930,18,[]
1962,15,[]
1989,20,[]
2024,20,[]
2059,18,[]
2091,11,[]
2111,18,[]
2143,18,[]
2175,21,[]
2212,21,[]
2249,23,[]
2290,20,[]
2325,22,[]
2364,22,[]
2403,16,[]
2431,20,[]
2466,18,[]
2498,16,[]
2526,102,[]
2705,9,[]
2721,11,[]
2741,12,[]
2762,14,[]
2787,15,[]
2814,15,[]
2841,16,[]
2869,16,[]
2897,9,[]
2913,16,[]
2941,20,[]
2976,18,[]
3008,18,[]
3040,18,[]
3072,19,[]
3106,20,[]
3141,18,[]
3173,22,[]
3212,17,[]
3242,14,[]
3267,21,[]
3304,19,[]
3338,16,[]
3366,21,[1, 2, 3, 4, 5, 6, 7, 8, 9, 10, 11, 12, 13, 14, 15, 16, 17, 18]
3403,15,[]
3430,17,[]
3460,16,[]
3488,18,[]
3520,11,[]
3540,104,[]
3722,6,[]
3733,11,[]
3753,12,[]
3774,15,[]
3801,13,[]
3824,13,[]
3847,14,[]
3872,14,[]
3897,13,[]
3920,18,[]
3952,14,[]
3977,16,[]
4005,16,[]
4033,10,[]
4051,16,[]
4079,16,[]
4107,11,[]
4127,13,[]
4150,12,[]
4171,11,[]
4191,9,[]
4207,10,[]
4225,13,[]
4248,12,[]
4269,14,[]
4294,13,[]
4317,12,[]
4338,20,[]
4373,8,[]
4387,104,[]
4569,8,[]
4583,7,[]
4596,10,[]
4614,13,[]
4637,10,[]
4655,10,[]
4673,9,[]
4689,13,[]
4712,10,[]
4730,13,[]
4753,12,[]
4774,10,[]
4792,13,[]
4815,13,[]
4838,14,[]
4863,7,[]
4876,11,[]
4896,14,[]
4921,13,[]
4944,12,[]
4965,11,[]
4985,12,[]
5006,9,[]
5022,9,[]
5038,11,[]
5058,12,[]
5079,13,[]
5102,14,[0, 1, 2, 3, 4, 5, 6, 7, 8, 9, 10, 11, 12, 13]
5127,3,[]
5133,104,[]
5315,8,[]
5329,12,[]
5350,13,[]
5373,16,[]
5401,18,[]
5433,16,[]
5461,19,[]
5495,19,[]
5529,18,[]
5561,8,[]
5575,21,[]
5612,20,[]
5647,18,[]
5679,21,[]
5716,18,[]
5748,20,[]
5783,16,[]
5811,17,[]
5841,18,[]
5873,22,[]
5912,21,[]
5949,21,[]
5986,23,[]
6027,23,[]
6068,22,[]
6107,21,[]
6144,22,[]
6183,20,[]
6218,7,[]
6231,75,[]
6363,12,[]
6384,17,[]
6414,17,[]
6444,16,[]
6472,18,[]
6504,18,[]
6536,18,[]
6568,19,[]
6602,15,[]
6629,17,[]
6659,19,[]
6693,19,[]
6727,7,[]
6740,18,[]
6772,18,[]
6804,17,[]
6834,15,[]
6861,16,[]
6889,16,[]
6917,17,[]
6947,15,[]
6974,20,[]
7009,16,[]
7037,16,[]
7065,8,[]
7079,17,[]
7109,14,[]
7134,17,[]
7164,17,[]
7194,57,[]
7294,9,[]
7310,13,[]
7333,15,[]
7360,16,[]
7388,13,[]
7411,5,[]
7420,16,[]
7448,14,[]
7473,13,[]
7496,13,[]
7519,13,[]
7542,13,[]
7565,13,[]
7588,13,[]
7611,12,[]
7632,13,[]
7655,7,[]
7668,13,[]
7691,18,[]
7723,14,[]
7748,14,[0, 1, 2, 3, 4, 5, 6, 7, 8, 9, 10, 11, 12, 13]
7773,13,[]
7796,11,[]
7816,11,[]
7836,14,[]
7861,5,[]
7870,14,[]
7895,11,[]
7915,17,[]
7945,46,[]
8026,12,[]
8047,15,[]
8074,14,[]
8099,17,[]
8129,14,[]
8154,13,[]
8177,16,[]
8205,15,[]
8232,14,[]
8257,16,[]
8285,5,[]
8294,18,[]
8326,15,[]
8353,17,[]
8383,16,[]
8411,17,[]
8441,13,[]
8464,15,[]
8491,15,[]
8518,5,[]
8527,17,[]
8557,16,[]
8585,16,[]
8613,15,[]
8640,14,[]
8665,14,[]
8690,8,[]
8704,17,[]
8734,21,[]
0,51,[]
90,15,[]
117,6,[]
128,19,[]
162,6,[]
173,20,[]
208,8,[]
222,17,[]
252,2,[]
256,19,[]
290,8,[]
304,19,[]
338,4,[0, 1, 2, 3]
345,21,[]
382,3,[]
388,16,[]
416,4,[]
423,18,[]
455,6,[]
466,17,[]
496,3,[]
502,20,[]
537,7,[]
550,21,[]
587,3,[]
593,20,[]
628,6,[]
639,18,[]
671,10,[]
689,20,[]
724,133,[]
957,12,[]
978,5,[]
987,17,[]
1017,1,[]
1019,8,[]
1033,8,[]
1047,15,[]
1074,6,[]
1085,13,[]
1108,8,[]
1122,18,[]
1154,10,[]
1172,15,[]
1199,8,[]
1213,20,[]
1248,9,[]
1264,15,[]
1291,7,[]
1304,20,[]
1339,7,[]
1352,19,[]
1386,7,[]
1399,22,[]
1438,9,[]
1454,19,[]
1488,8,[]
1502,36,[]
1565,4,[]
1572,20,[]
1607,98,[]
1779,15,[]
1806,4,[]
1813,21,[]
1850,8,[]
1864,18,[]
1896,7,[]
1909,18,[]
1941,7,[]
1954,16,[]
1982,12,[]
2003,18,[]
2035,8,[]
2049,17,[]
2079,8,[]
2093,21,[]
2130,8,[]
2144,19,[]
2178,6,[]
2189,21,[]
2226,7,[]
2239,22,[]
2278,5,[]
2287,25,[]
2331,7,[]
2344,23,[]
2385,6,[]
2396,24,[]
2438,8,[]
2452,20,[]
2487,87,[]
2640,14,[]
2665,6,[]
2676,17,[]
2706,4,[]
2713,17,[]
2743,6,[]
2754,17,[]
2784,9,[]
2800,18,[]
2832,6,[]
2843,16,[]
2871,7,[]
2884,18,[]
2916,7,[]
2929,16,[]
2957,9,[]
2973,17,[0, 1, 2, 3, 4, 5, 6, 7, 8, 9, 10, 11, 12, 13, 14]
3003,7,[]
3016,13,[]
3039,10,[]
3057,17,[]
3087,5,[]
3096,17,[]
3126,10,[]
3144,17,[]
3174,8,[]
3188,20,[]
3223,7,[]
3236,13,[]
3259,109,[]
3450,7,[]
3463,3,[]
3469,16,[]
3497,5,[]
3506,16,[]
3534,5,[]
3543,21,[]
3580,5,[]
3589,27,[]
3637,7,[0, 1, 2, 3, 4, 5, 6]
3650,24,[]
3692,9,[]
3708,23,[]
3749,6,[]
3760,24,[]
3802,6,[]
3813,18,[]
3845,4,[]
3852,21,[]
3889,5,[]
3898,19,[]
3932,3,[]
3938,20,[]
3973,6,[]
3984,19,[]
4018,8,[0, 1, 2, 3, 4, 5, 6, 7]
4032,15,[]
4059,3,[]
4065,16,[]
4093,106,[]
4279,12,[]
4300,3,[]
4306,17,[]
4336,6,[]
4347,19,[]
4381,4,[]
4388,24,[]
4430,6,[]
4441,26,[]
4487,7,[]
4500,26,[]
4546,8,[]
4560,24,[]
4602,8,[]
4616,22,[]
4655,6,[]
4666,21,[]
4703,6,[]
4714,19,[]
4748,9,[]
4764,14,[]
4789,4,[]
4796,16,[]
4824,8,[]
4838,15,[]
4865,21,[]
4902,4,[]
4909,8,[]
4923,17,[]
4953,98,[]
5125,7,[]
5138,5,[]
5147,14,[]
5172,6,[]
5183,16,[]
5211,9,[]
5227,17,[]
5257,19,[]
5291,6,[]
5302,21,[]
5339,5,[]
5348,8,[]
5362,28,[]
5411,8,[]
5425,31,[]
5480,5,[]
5489,27,[]
5537,8,[]
5551,26,[]
5597,19,[]
5631,7,[]
5644,17,[]
5674,4,[]
5681,8,[]
5695,25,[]
5739,5,[]
5748,30,[]
5801,5,[]
5810,28,[]
5859,87,[]
6012,19,[]
6046,15,[]
6073,8,[]
6087,17,[]
6117,6,[0, 1, 2, 3, 4, 5]
6128,21,[]
6165,7,[]
6178,8,[]
6192,20,[]
6227,4,[]
6234,18,[]
6266,4,[]
6273,19,[]
6307,20,[]
6342,6,[]
6353,20,[]
6388,5,[0, 1, 2, 3, 4]
6397,19,[]
6431,6,[]
6442,19,[]
6476,5,[]
6485,10,[]
6503,21,[]
6540,5,[]
6549,21,[]
6586,28,[]
6635,6,[]
6646,20,[]
6681,8,[]
6695,77,[]
6830,1,[]
6832,21,[]
6869,5,[]
6878,5,[]
6887,24,[]
6929,7,[]
6942,21,[]
6979,19,[]
7013,5,[]
7022,15,[]
7049,6,[]
7060,16,[]
7088,5,[]
7097,18,[]
7129,3,[]
7135,21,[]
7172,3,[]
7178,7,[]
7191,29,[]
7242,23,[]
7283,4,[]
7290,20,[]
7325,6,[]
7336,19,[]
7370,11,[]
7390,18,[]
7422,6,[]
7433,22,[]
7472,4,[]
7479,87,[]
7632,1,[]
7634,19,[]
7668,4,[]
7675,19,[]
7709,6,[]
7720,19,[]
7754,4,[]
7761,18,[]
7793,4,[]
7800,17,[]
7830,8,[]
7844,18,[]
7876,6,[]
7887,18,[]
7919,6,[]
7930,18,[]
7962,5,[]
7971,17,[]
8001,6,[]
8012,19,[]
8046,7,[]
8059,18,[]
8091,7,[]
8104,22,[]
8143,4,[0, 1, 2, 3]
8150,28,[]
8199,6,[]
8210,19,[]
8244,13,[]
0,33,[]
58,3,[]
64,10,[]
82,13,[]
105,13,[]
128,16,[]
156,12,[]
177,12,[]
198,9,[]
214,8,[]
228,9,[]
244,7,[]
257,14,[]
282,12,[]
303,16,[]
331,11,[]
351,13,[]
374,16,[]
402,19,[]
436,20,[3, 4, 5, 6, 7, 8, 9, 10, 11, 12, 13, 14, 15, 16, 17, 18, 19]
471,22,[]
510,20,[]
545,21,[]
582,17,[]
612,19,[]
646,15,[]
673,19,[]
707,13,[]
730,18,[1, 2, 3, 4, 5, 6, 7, 8, 9, 10, 11, 12, 13, 14, 15, 16, 17]
762,18,[]
794,119,[]
1003,9,[]
1019,8,[]
1033,10,[]
1051,4,[]
1058,12,[]
1079,15,[]
1106,13,[]
1129,15,[]
1156,13,[]
1179,15,[]
1206,13,[]
1229,15,[]
1256,18,[]
1288,18,[]
1320,16,[]
1348,19,[]
1382,17,[]
1412,18,[]
1444,16,[]
1472,19,[]
1506,16,[]
1534,17,[]
1564,15,[]
1591,19,[]
1625,16,[]
1653,17,[]
1683,16,[]
1711,16,[]
1739,20,[]
1774,83,[]
1920,13,[]
1943,16,[]
1971,15,[]
1998,14,[]
2023,18,[]
2055,16,[]
2083,17,[]
2113,15,[]
2140,17,[]
2170,16,[]
2198,16,[]
2226,14,[]
2251,14,[]
2276,14,[]
2301,23,[]
2342,13,[]
2365,21,[]
2402,16,[]
2430,15,[]
2457,14,[]
2482,19,[]
2516,15,[]
2543,17,[]
2573,15,[]
2600,15,[]
2627,14,[]
2652,14,[]
2677,13,[]
2700,13,[]
2723,78,[]
2860,5,[]
2869,12,[]
2890,11,[]
2910,13,[]
2933,14,[]
2958,14,[]
2983,13,[]
3006,14,[]
3031,12,[]
3052,14,[]
3077,12,[]
3098,14,[]
3123,13,[]
3146,14,[]
3171,13,[]
3194,16,[]
3222,18,[]
3254,17,[]
3284,14,[]
3309,16,[]
3337,13,[]
3360,14,[]
3385,13,[0, 1, 2, 3, 4, 5, 6, 7, 8, 9, 10, 11, 12]
3408,15,[]
3435,13,[]
3458,15,[]
3485,13,[]
3508,14,[]
3533,11,[]
3553,74,[]
3683,5,[]
3692,8,[]
3706,9,[]
3722,11,[]
3742,10,[]
3760,11,[]
3780,11,[]
3800,15,[]
3827,15,[]
3854,15,[]
3881,13,[]
3904,14,[]
3929,14,[]
3954,15,[]
3981,13,[]
4004,16,[]
4032,13,[]
4055,14,[]
4080,13,[]
4103,14,[]
4128,13,[]
4151,13,[]
4174,12,[]
4195,13,[]
4218,14,[]
4243,16,[]
4271,12,[]
4292,13,[]
4315,14,[]
4340,69,[]
4461,5,[]
4470,8,[]
4484,8,[]
4498,11,[]
4518,10,[]
4536,13,[]
4559,13,[]
4582,12,[0, 1, 2, 3, 4, 5, 6, 7, 8, 9, 10]
4603,10,[]
4621,12,[]
4642,13,[]
4665,14,[]
4690,15,[]
4717,15,[]
4744,12,[0, 1, 2, 3, 4, 5, 6, 7, 8, 9]
4765,13,[]
4788,14,[]
4813,14,[]
4838,13,[]
4861,16,[]
4889,15,[]
4916,13,[]
4939,13,[]
4962,15,[]
4989,15,[]
5016,15,[]
5043,14,[]
5068,16,[]
5096,15,[]
5123,68,[]
5242,10,[]
5260,15,[]
5287,16,[0, 1, 2, 3, 4, 5, 6, 7, 8, 9, 10, 11, 12, 13, 14, 15]
5315,15,[]
5342,16,[]
5370,16,[]
5398,18,[]
5430,16,[]
5458,16,[]
5486,15,[]
5513,16,[]
5541,17,[]
5571,14,[]
5596,16,[]
5624,14,[]
5649,14,[]
5674,12,[]
5695,12,[]
5716,17,[]
5746,14,[]
5771,14,[]
5796,15,[]
5823,14,[]
5848,15,[]
5875,14,[]
5900,15,[]
5927,15,[]
5954,15,[]
5981,15,[]
6008,84,[]
6155,4,[]
6162,8,[]
6176,8,[]
6190,11,[]
6210,9,[]
6226,13,[]
6249,11,[]
6269,10,[]
6287,10,[]
6305,10,[]
6323,9,[]
6339,8,[]
6353,9,[]
6369,9,[]
6385,9,[]
6401,13,[]
6424,12,[]
6445,10,[]
6463,11,[]
6483,13,[]
6506,12,[]
6527,13,[]
6550,13,[1, 2, 3, 4, 5, 6, 7, 8, 9, 10, 11, 12]
6573,14,[]
6598,13,[]
6621,14,[]
6646,14,[]
6671,12,[]
6692,15,[]
6719,97,[]
6889,5,[]
6898,10,[]
6916,12,[]
6937,14,[]
6962,11,[]
6982,15,[]
7009,16,[]
7037,13,[]
7060,14,[]
7085,17,[]
7115,14,[]
7140,14,[]
7165,15,[]
7192,14,[]
7217,13,[]
7240,21,[]
7277,14,[]
7302,16,[]
7330,14,[]
7355,31,[]
7410,13,[]
7433,23,[]
7474,13,[]
7497,26,[]
7543,13,[]
7566,24,[]
7608,12,[]
7629,27,[]
7677,13,[]
7700,62,[]
7809,6,[]
7820,8,[]
7834,10,[]
7852,14,[]
7877,12,[]
7898,9,[]
7914,13,[]
7937,15,[]
7964,13,[]
7987,14,[]
8012,13,[]
8035,15,[]
8062,12,[]
8083,13,[]
8106,13,[]
8129,13,[]
8152,13,[]
8175,13,[]
8198,13,[]
8221,14,[]
8246,13,[]
8269,13,[]
8292,12,[0, 1, 2, 3, 4, 5, 6, 7, 8, 9, 10]
8313,13,[]
8336,14,[]
8361,13,[]
8384,12,[]
8405,13,[]
8428,9,[]
0,21,[]
37,1,[]
39,8,[]
53,13,[]
76,14,[]
101,13,[]
124,12,[]
145,12,[]
166,11,[]
186,13,[]
209,13,[]
232,12,[]
253,10,[]
271,10,[]
289,10,[]
307,10,[]
325,9,[0, 1, 2, 3, 4, 5, 6, 7, 8]
341,9,[]
357,13,[]
380,18,[]
412,16,[]
440,13,[]
463,12,[]
484,18,[]
516,11,[]
536,8,[]
550,10,[]
568,16,[]
596,19,[]
630,24,[]
672,85,[]
821,25,[]
865,13,[]
888,11,[]
908,8,[]
922,10,[]
940,17,[]
970,16,[]
998,14,[]
1023,14,[]
1048,12,[]
1069,16,[]
1097,12,[]
1118,15,[]
1145,10,[]
1163,10,[]
1181,18,[]
1213,12,[]
1234,11,[]
1254,12,[]
1275,17,[]
1305,11,[]
1325,11,[]
1345,14,[]
1370,14,[]
1395,16,[]
1423,16,[]
1451,15,[]
1478,16,[]
1506,17,[]
1536,67,[]
1654,16,[]
1682,11,[]
1702,16,[]
1730,14,[]
1755,13,[]
1778,16,[]
1806,13,[]
1829,13,[]
1852,14,[]
1877,17,[]
1907,16,[]
1935,14,[]
1960,12,[]
1981,11,[]
2001,16,[]
2029,11,[]
2049,14,[]
2074,12,[]
2095,11,[]
2115,13,[]
2138,7,[]
2151,7,[]
2164,8,[]
2178,9,[]
2194,9,[]
2210,10,[]
2228,8,[]
2242,13,[]
2265,3,[]
2271,98,[]
2443,9,[]
2459,7,[]
2472,9,[]
2488,10,[0, 1, 2, 3, 4, 5, 6, 7, 8]
2506,8,[]
2520,10,[]
2538,14,[]
2563,14,[]
2588,16,[]
2616,15,[]
2643,14,[]
2668,16,[]
2696,14,[]
2721,15,[]
2748,17,[]
2778,16,[]
2806,14,[]
2831,14,[]
2856,16,[]
2884,13,[]
2907,14,[]
2932,9,[]
2948,12,[]
2969,12,[]
2990,12,[]
3011,14,[]
3036,12,[]
3057,13,[]
3080,14,[]
3105,74,[]
3235,16,[]
3263,12,[]
3284,12,[]
3305,14,[]
3330,13,[]
3353,14,[]
3378,15,[]
3405,16,[]
3433,16,[]
3461,14,[]
3486,15,[]
3513,15,[]
3540,19,[]
3574,14,[]
3599,13,[]
3622,16,[]
3650,11,[]
3670,16,[]
3698,15,[0, 1, 2, 3, 4, 5, 6, 7, 8, 9, 10, 11, 12, 13, 14]
3725,13,[]
3748,13,[]
3771,12,[]
3792,13,[]
3815,13,[]
3838,16,[]
3866,18,[]
3898,19,[]
3932,18,[]
3964,19,[]
3998,75,[]
4130,18,[]
4162,17,[]
4192,18,[]
4224,21,[]
4261,21,[]
4298,23,[]
4339,21,[]
4376,21,[]
4413,20,[]
4448,19,[]
4482,15,[]
4509,13,[]
4532,14,[]
4557,18,[]
4589,18,[]
4621,20,[]
4656,20,[]
4691,15,[]
4718,15,[]
4745,19,[]
4779,17,[]
4809,15,[]
4836,20,[]
4871,15,[]
4898,21,[]
4935,19,[]
4969,23,[]
5010,20,[]
5045,22,[]
5084,67,[]
5202,22,[]
5241,14,[]
5266,14,[]
5291,15,[]
5318,17,[]
5348,15,[]
5375,17,[]
5405,15,[]
5432,16,[]
5460,15,[]
5487,11,[]
5507,17,[]
5537,15,[]
5564,14,[]
5589,18,[]
5621,15,[]
5648,18,[]
5680,13,[]
5703,14,[]
5728,17,[]
5758,14,[]
5783,13,[]
5806,15,[]
5833,16,[]
5861,17,[]
5891,14,[]
5916,18,[]
5948,16,[]
5976,14,[0, 1, 2, 3, 4, 5, 6, 7, 8, 9, 10, 11, 12, 13]
6001,71,[]
6126,6,[]
6137,14,[]
6162,13,[]
6185,13,[]
6208,16,[]
6236,11,[]
6256,11,[]
6276,13,[]
6299,13,[]
6322,17,[]
6352,14,[]
6377,11,[]
6397,12,[]
6418,15,[]
6445,15,[]
6472,12,[]
6493,12,[]
6514,14,[]
6539,16,[]
6567,15,[]
6594,12,[]
6615,11,[]
6635,15,[]
6662,15,[]
6689,12,[]
6710,12,[]
6731,12,[]
6752,14,[]
6777,12,[]
6798,81,[]
6940,5,[]
6949,16,[]
6977,13,[]
7000,12,[]
7021,9,[]
7037,13,[]
7060,11,[]
7080,12,[]
7101,10,[]
7119,14,[]
7144,16,[]
7172,14,[]
7197,14,[]
7222,17,[]
7252,15,[]
7279,16,[]
7307,14,[]
7332,16,[]
7360,16,[]
7388,19,[]
7422,17,[]
7452,18,[]
7484,19,[]
7518,18,[]
7550,17,[]
7580,18,[]
7612,18,[]
7644,18,[]
7676,15,[]
7703,76,[]
7836,8,[]
7850,24,[]
7892,13,[]
7915,12,[]
7936,10,[]
7954,14,[]
7979,13,[]
8002,11,[]
8022,10,[]
8040,13,[]
8063,10,[]
8081,14,[]
8106,15,[]
8133,18,[]
8165,13,[]
8188,14,[]
8213,14,[]
8238,14,[]
8263,14,[]
8288,15,[]
8315,16,[]
8343,16,[]
8371,13,[]
8394,15,[]
8421,15,[]
8448,17,[]
8478,15,[]
8505,18,[]
8537,18,[]
0,19,[]
34,1,[]
36,7,[]
49,9,[]
65,10,[]
83,9,[]
99,6,[]
110,11,[]
130,8,[]
144,9,[]
160,10,[]
178,13,[]
201,15,[]
228,14,[]
253,17,[]
283,15,[]
310,23,[]
351,14,[]
376,16,[]
404,18,[]
436,26,[]
482,17,[]
512,23,[]
553,22,[]
592,14,[]
617,22,[]
656,13,[]
679,25,[]
723,11,[]
743,23,[]
784,152,[]
1050,2,[]
1054,19,[]
1088,2,[]
1092,7,[]
1105,10,[]
1123,18,[]
1155,18,[]
1187,6,[]
1198,10,[]
1216,14,[]
1241,20,[]
1276,6,[]
1287,20,[]
1322,19,[]
1356,24,[]
1398,7,[]
1411,17,[]
1441,19,[]
1475,11,[]
1495,19,[]
1529,6,[]
1540,12,[]
1561,19,[]
1595,22,[]
1634,8,[]
1648,17,[]
1678,15,[]
1705,8,[0, 1, 2, 3, 4, 5, 6, 7]
1719,13,[]
1742,99,[]
1916,8,[]
1930,4,[]
1937,6,[]
1948,2,[]
1952,16,[]
1980,19,[]
2014,13,[]
2037,17,[]
2067,7,[]
2080,13,[]
2103,12,[]
2124,15,[]
2151,8,[]
2165,15,[]
2192,6,[]
2203,16,[]
2231,14,[]
2256,8,[]
2270,14,[]
2295,6,[]
2306,18,[]
2338,4,[]
2345,19,[]
2379,4,[]
2386,17,[]
2416,14,[]
2441,6,[]
2452,20,[]
2487,5,[]
2496,99,[]
2670,23,[]
2711,6,[]
2722,17,[2, 3, 4, 5, 6, 7, 8, 9, 10, 11, 12, 13, 14, 15, 16]
2752,7,[]
2765,15,[]
2792,11,[]
2812,16,[]
2840,5,[]
2849,15,[]
2876,8,[]
2890,21,[]
2927,15,[]
2954,7,[]
2967,15,[]
2994,14,[]
3019,18,[]
3051,10,[]
3069,16,[]
3097,9,[]
3113,19,[]
3147,10,[]
3165,20,[]
3200,16,[]
3228,15,[]
3255,19,[]
3289,10,[]
3307,19,[]
3341,11,[]
3361,18,[]
3393,103,[]
3574,1,[]
3576,1,[]
3578,2,[]
3582,15,[]
3609,8,[]
3623,13,[]
3646,7,[]
3659,16,[]
3687,18,[]
3719,7,[]
3732,19,[]
3766,8,[]
3780,16,[]
3808,11,[]
3828,15,[]
3855,10,[0, 1, 2, 3, 4, 5, 6, 7, 8, 9]
3873,18,[]
3905,9,[]
3921,19,[]
3955,20,[]
3990,11,[]
4010,8,[]
4024,15,[]
4051,23,[]
4092,18,[]
4124,9,[]
4140,18,[]
4172,11,[]
4192,15,[]
4219,106,[]
4405,18,[]
4437,6,[]
4448,20,[]
4483,8,[]
4497,12,[]
4518,15,[]
4545,8,[]
4559,20,[]
4594,19,[]
4628,19,[]
4662,10,[]
4680,7,[]
4693,18,[]
4725,9,[]
4741,23,[]
4782,9,[]
4798,26,[]
4844,10,[]
4862,24,[]
4904,8,[]
4918,23,[]
4959,13,[]
4982,20,[]
5017,12,[]
5038,18,[]
5070,24,[]
5112,17,[]
5142,26,[]
5188,7,[]
5201,108,[]
5390,2,[]
5394,14,[]
5419,15,[]
5446,13,[]
5469,17,[]
5499,6,[]
5510,11,[]
5530,13,[]
5553,21,[]
5590,20,[]
5625,10,[]
5643,20,[]
5678,10,[]
5696,22,[]
5735,28,[]
5784,9,[]
5800,14,[]
5825,21,[]
5862,8,[]
5876,22,[]
5915,21,[]
5952,9,[]
5968,24,[]
6010,10,[]
6028,19,[]
6062,10,[]
6080,25,[]
6124,9,[]
6140,26,[]
6186,104,[]
6368,19,[]
6402,6,[]
6413,10,[]
6431,24,[]
6473,17,[]
6503,10,[]
6521,19,[]
6555,9,[]
6571,21,[]
6608,5,[]
6617,18,[]
6649,13,[]
6672,20,[]
6707,5,[]
6716,25,[]
6760,6,[]
6771,12,[]
6792,17,[]
6822,11,[]
6842,17,[]
6872,11,[]
6892,17,[]
6922,9,[]
6938,18,[]
6970,18,[]
7002,11,[]
7022,19,[]
7056,8,[]
7070,17,[]
7100,106,[]
7286,10,[]
7304,10,[]
7322,16,[]
7350,4,[]
7357,13,[]
7380,6,[]
7391,18,[]
7423,19,[]
7457,5,[]
7466,17,[]
7496,5,[]
7505,11,[]
7525,6,[]
7536,14,[]
7561,16,[]
7589,6,[]
7600,15,[]
7627,9,[]
7643,17,[]
7673,7,[]
7686,18,[]
7718,7,[]
7731,20,[]
7766,17,[]
7796,7,[]
7809,15,[]
7836,8,[]
7850,26,[]
7896,6,[]
7907,98,[]
8079,1,[]
8081,21,[]
8118,15,[]
8145,8,[]
8159,9,[]
8175,9,[]
8191,18,[]
8223,9,[]
8239,17,[]
8269,16,[]
8297,13,[]
8320,18,[]
8352,8,[]
8366,17,[]
8396,9,[]
8412,10,[]
8430,9,[]
8446,23,[]
8487,17,[]
8517,7,[]
8530,19,[]
8564,8,[]
8578,19,[]
8612,6,[]
8623,15,[]
8650,13,[]
8673,9,[]
8689,9,[]
8705,7,[]
0,45,[]
79,7,[]
92,15,[]
119,17,[]
149,18,[]
181,17,[]
211,16,[]
239,17,[]
269,16,[]
297,14,[]
322,15,[]
349,13,[]
372,16,[]
400,16,[]
428,19,[]
462,16,[]
490,18,[]
522,18,[]
554,18,[]
586,21,[]
623,19,[]
657,18,[]
689,22,[]
728,19,[]
762,20,[]
797,20,[]
832,20,[]
867,15,[]
894,19,[]
928,18,[1, 2, 3, 4, 5, 6, 7, 8, 9, 10, 11, 12, 13, 14, 15, 16, 17]
960,107,[]
1148,8,[]
1162,14,[]
1187,10,[]
1205,6,[]
1216,10,[]
1234,12,[]
1255,16,[]
1283,13,[]
1306,11,[]
1326,13,[]
1349,15,[]
1376,12,[]
1397,13,[]
1420,13,[]
1443,13,[]
1466,12,[]
1487,14,[]
1512,14,[]
1537,13,[]
1560,15,[]
1587,12,[]
1608,13,[]
1631,12,[]
1652,19,[]
1686,15,[]
1713,11,[]
1733,15,[]
1760,12,[]
1781,13,[]
1804,100,[]
1979,4,[]
1986,7,[]
1999,8,[]
2013,9,[]
2029,14,[0, 1, 2, 3, 4, 5, 6, 7, 8, 9, 10, 11, 12]
2054,9,[]
2070,11,[]
2090,11,[]
2110,12,[]
2131,11,[]
2151,13,[]
2174,12,[]
2195,12,[]
2216,15,[]
2243,14,[]
2268,12,[]
2289,13,[]
2312,11,[]
2332,13,[]
2355,10,[]
2373,10,[]
2391,10,[]
2409,12,[]
2430,10,[]
2448,11,[]
2468,10,[]
2486,11,[]
2506,13,[]
2529,13,[]
2552,110,[]
2745,3,[]
2751,6,[]
2762,8,[]
2776,9,[]
2792,9,[]
2808,10,[]
2826,8,[]
2840,10,[]
2858,9,[]
2874,14,[]
2899,13,[]
2922,12,[]
2943,15,[]
2970,13,[1, 2, 3, 4, 5, 6, 7, 8, 9, 10, 11, 12]
2993,12,[]
3014,14,[]
3039,12,[]
3060,9,[]
3076,13,[]
3099,12,[]
3120,10,[]
3138,11,[]
3158,10,[]
3176,11,[]
3196,10,[]
3214,11,[]
3234,13,[]
3257,14,[]
3282,11,[]
3302,123,[]
3518,3,[]
3524,4,[]
3531,6,[]
3542,9,[]
3558,9,[]
3574,10,[]
3592,11,[]
3612,11,[]
3632,11,[]
3652,12,[]
3673,12,[]
3694,10,[]
3712,12,[]
3733,13,[]
3756,15,[]
3783,10,[]
3801,12,[]
3822,13,[]
3845,14,[]
3870,10,[]
3888,20,[]
3923,16,[]
3951,16,[]
3979,11,[]
3999,13,[]
4022,14,[]
4047,16,[]
4075,13,[]
4098,14,[]
4123,149,[]
4384,5,[]
4393,7,[]
4406,10,[]
4424,11,[]
4444,11,[]
4464,8,[]
4478,11,[]
4498,11,[]
4518,10,[]
4536,13,[]
4559,15,[]
4586,16,[]
4614,15,[]
4641,15,[]
4668,11,[]
4688,14,[]
4713,13,[]
4736,11,[]
4756,13,[]
4779,13,[]
4802,15,[]
4829,14,[]
4854,14,[]
4879,11,[]
4899,15,[]
4926,12,[]
4947,10,[]
4965,15,[]
4992,11,[]
5012,154,[]
5282,4,[]
5289,5,[]
5298,6,[]
5309,10,[]
5327,11,[]
5347,8,[]
5361,10,[]
5379,10,[]
5397,12,[]
5418,15,[]
5445,11,[]
5465,12,[]
5486,14,[]
5511,15,[]
5538,12,[]
5559,15,[]
5586,14,[]
5611,15,[]
5638,12,[]
5659,15,[]
5686,16,[]
5714,14,[]
5739,13,[]
5762,15,[]
5789,17,[]
5819,16,[]
5847,16,[]
5875,16,[]
5903,18,[]
5935,126,[]
6156,9,[]
6172,13,[]
6195,14,[]
6220,16,[]
6248,16,[]
6276,15,[]
6303,18,[]
6335,15,[]
6362,17,[]
6392,17,[]
6422,17,[]
6452,16,[]
6480,18,[]
6512,17,[]
6542,18,[]
6574,18,[]
6606,17,[]
6636,16,[]
6664,19,[]
6698,18,[]
6730,18,[]
6762,18,[]
6794,17,[]
6824,17,[]
6854,19,[]
6888,18,[]
6920,18,[]
6952,18,[]
6984,20,[]
7019,101,[]
7196,10,[]
7214,12,[]
7235,15,[]
7262,16,[]
7290,16,[]
7318,17,[]
7348,15,[]
7375,16,[]
7403,16,[]
7431,18,[]
7463,16,[]
7491,17,[]
7521,15,[]
7548,18,[]
7580,17,[]
7610,14,[]
7635,15,[]
7662,18,[]
7694,17,[]
7724,18,[]
7756,17,[]
7786,16,[]
7814,17,[]
7844,16,[]
7872,15,[]
7899,15,[]
7926,14,[]
7951,15,[]
7978,13,[]
8001,92,[]
8162,4,[]
8169,7,[]
8182,7,[]
8195,8,[]
8209,8,[]
8223,9,[]
8239,7,[]
8252,9,[]
8268,9,[]
8284,9,[]
8300,11,[]
8320,11,[]
8340,11,[]
8360,13,[]
8383,12,[]
8404,13,[]
8427,15,[]
8454,15,[]
8481,12,[]
8502,16,[]
8530,14,[]
8555,16,[]
8583,15,[]
8610,16,[]
8638,13,[]
8661,16,[]
8689,13,[]
8712,14,[]
8737,15,[2, 3, 4, 5, 6, 7, 8, 9, 10, 11, 12, 13, 14]
0,58,[]
102,1,[]
104,6,[]
115,8,[]
129,10,[]
147,11,[]
167,10,[]
185,14,[]
210,13,[]
233,15,[]
260,11,[1, 2, 3, 4, 5, 6, 7, 8, 9, 10]
280,18,[]
312,19,[]
346,15,[]
373,17,[]
403,13,[]
426,13,[]
449,7,[]
462,14,[]
487,17,[]
517,18,[]
549,7,[]
562,15,[]
589,16,[]
617,16,[]
645,13,[]
668,14,[0, 1, 2, 3, 4, 5, 6, 7, 8, 9, 10, 11, 12, 13]
693,22,[]
732,18,[]
764,14,[]
789,172,[]
1090,7,[]
1103,12,[]
1124,13,[]
1147,1,[]
1149,10,[]
1167,10,[]
1185,13,[]
1208,22,[]
1247,10,[]
1265,19,[]
1299,15,[]
1326,16,[]
1354,9,[]
1370,21,[]
1407,8,[]
1421,14,[]
1446,11,[0, 1, 2, 3, 4, 5, 6, 7, 8, 9, 10]
1466,13,[]
1489,11,[]
1509,17,[]
1539,12,[]
1560,14,[]
1585,13,[]
1608,14,[]
1633,12,[]
1654,11,[]
1674,15,[]
1701,15,[]
1728,13,[]
1751,162,[]
2035,6,[]
2046,2,[]
2050,12,[]
2071,13,[]
2094,10,[]
2112,11,[]
2132,13,[]
2155,16,[]
2183,14,[]
2208,18,[]
2240,12,[0, 1, 2, 3, 4, 5, 6, 7, 8, 9, 10, 11]
2261,16,[]
2289,11,[]
2309,11,[]
2329,10,[]
2347,26,[]
2393,15,[]
2420,16,[]
2448,20,[]
2483,17,[]
2513,16,[]
2541,15,[]
2568,12,[]
2589,16,[]
2617,16,[]
2645,15,[]
2672,11,[]
2692,16,[]
2720,13,[]
2743,157,[]
3018,7,[]
3031,6,[]
3042,11,[]
3062,13,[]
3085,13,[]
3108,10,[]
3126,17,[]
3156,19,[]
3190,14,[]
3215,9,[]
3231,15,[]
3258,13,[]
3281,15,[]
3308,16,[]
3336,17,[]
3366,17,[]
3396,10,[]
3414,18,[]
3446,11,[]
3466,21,[]
3503,14,[]
3528,17,[]
3558,21,[]
3595,21,[]
3632,21,[]
3669,12,[]
3690,20,[]
3725,20,[]
3760,13,[]
3783,138,[]
4025,3,[]
4031,5,[]
4040,7,[]
4053,11,[]
4073,10,[]
4091,11,[]
4111,10,[]
4129,13,[]
4152,12,[]
4173,13,[]
4196,9,[]
4212,15,[]
4239,12,[]
4260,10,[]
4278,15,[]
4305,16,[]
4333,10,[]
4351,9,[]
4367,11,[]
4387,15,[]
4414,11,[]
4434,17,[]
4464,16,[]
4492,13,[]
4515,9,[]
4531,12,[]
4552,10,[]
4570,11,[]
4590,14,[]
4615,133,[]
4848,5,[]
4857,5,[]
4866,5,[]
4875,8,[]
4889,7,[]
4902,9,[]
4918,6,[]
4929,7,[]
4942,11,[]
4962,14,[]
4987,10,[]
5005,17,[]
5035,15,[]
5062,17,[]
5092,12,[]
5113,11,[]
5133,10,[]
5151,11,[]
5171,13,[]
5194,16,[]
5222,14,[]
5247,12,[]
5268,17,[]
5298,10,[]
5316,12,[]
5337,11,[]
5357,10,[]
5375,14,[]
5400,15,[]
5427,146,[]
5683,1,[]
5685,3,[]
5691,6,[]
5702,9,[]
5718,10,[]
5736,8,[]
5750,10,[]
5768,24,[]
5810,10,[]
5828,7,[0, 1, 2, 3, 4, 5, 6]
5841,18,[]
5873,16,[]
5901,14,[]
5926,15,[]
5953,12,[]
5974,15,[]
6001,9,[]
6017,17,[]
6047,16,[]
6075,16,[]
6103,10,[]
6121,15,[]
6148,17,[]
6178,13,[]
6201,14,[]
6226,12,[]
6247,20,[]
6282,18,[]
6314,18,[]
6346,142,[]
6595,3,[]
6601,6,[]
6612,7,[]
6625,10,[]
6643,6,[]
6654,9,[]
6670,10,[]
6688,15,[]
6715,7,[]
6728,17,[]
6758,12,[]
6779,13,[]
6802,12,[]
6823,13,[]
6846,21,[]
6883,7,[]
6896,15,[]
6923,13,[0, 1, 2, 3, 4, 5, 6, 7, 8, 9, 10]
6946,13,[]
6969,15,[]
6996,12,[]
7017,12,[]
7038,14,[]
7063,18,[]
7095,4,[]
7102,14,[]
7127,13,[]
7150,16,[]
7178,10,[]
7196,131,[]
7426,4,[0, 1, 2, 3]
7433,5,[]
7442,6,[]
7453,9,[]
7469,6,[]
7480,9,[]
7496,10,[]
7514,11,[]
7534,12,[]
7555,11,[]
7575,8,[]
7589,12,[]
7610,12,[]
7631,11,[]
7651,11,[]
7671,14,[]
7696,7,[]
7709,14,[]
7734,12,[]
7755,10,[]
7773,16,[]
7801,14,[]
7826,16,[]
7854,13,[]
7877,12,[]
7898,15,[]
7925,9,[]
7941,15,[]
7968,12,[]
7989,134,[]
8224,1,[]
8226,5,[]
8235,6,[]
8246,9,[]
8262,7,[]
8275,10,[]
8293,8,[]
8307,13,[]
8330,10,[]
8348,14,[]
8373,15,[]
8400,7,[]
8413,12,[]
8434,17,[]
8464,9,[]
8480,14,[]
8505,13,[]
8528,13,[]
8551,8,[]
8565,13,[]
8588,15,[]
8615,16,[]
8643,14,[]
8668,16,[]
8696,8,[]
8710,13,[]
8733,10,[]
8751,12,[0, 1, 2, 3, 4, 5, 6, 7, 8, 9]
8772,10,[]
0,22,[]
39,2,[]
43,8,[]
57,13,[]
80,10,[]
98,9,[]
114,8,[]
128,9,[]
144,13,[]
167,5,[]
176,6,[]
187,6,[]
198,7,[]
211,7,[]
224,13,[]
247,14,[]
272,19,[]
306,16,[]
334,16,[]
362,19,[]
396,15,[]
423,15,[]
450,6,[]
461,6,[]
472,9,[]
488,13,[]
511,10,[]
529,12,[]
550,15,[]
577,17,[]
607,124,[]
824,19,[]
858,14,[]
883,8,[]
897,5,[]
906,10,[]
924,12,[]
945,10,[]
963,11,[]
983,12,[]
1004,11,[]
1024,13,[]
1047,9,[]
1063,9,[]
1079,13,[]
1102,8,[]
1116,12,[]
1137,15,[]
1164,9,[]
1180,11,[]
1200,11,[]
1220,9,[]
1236,8,[0, 1, 2, 3, 4, 5, 6, 7]
1250,8,[0, 1, 2, 3, 4, 5, 6, 7]
1264,10,[]
1282,8,[]
1296,9,[]
1312,11,[]
1332,14,[]
1357,8,[]
1371,120,[]
1581,6,[]
1592,9,[]
1608,10,[]
1626,9,[]
1642,10,[0, 1, 2, 3, 4, 5, 6, 7, 8]
1660,9,[]
1676,12,[]
1697,11,[]
1717,14,[]
1742,11,[]
1762,11,[]
1782,12,[]
1803,11,[]
1823,15,[]
1850,16,[]
1878,19,[]
1912,19,[]
1946,20,[]
1981,18,[]
2013,19,[]
2047,19,[]
2081,20,[]
2116,18,[]
2148,23,[]
2189,23,[]
2230,23,[]
2271,20,[]
2306,20,[]
2341,18,[]
2373,98,[]
2545,15,[]
2572,20,[]
2607,18,[]
2639,20,[]
2674,19,[]
2708,20,[]
2743,20,[]
2778,22,[]
2817,24,[]
2859,22,[]
2898,21,[]
2935,20,[]
2970,24,[]
3012,23,[]
3053,25,[]
3097,22,[]
3136,23,[]
3177,24,[]
3219,22,[]
3258,27,[]
3306,31,[]
3361,23,[]
3402,23,[]
3443,23,[]
3484,19,[]
3518,22,[]
3557,19,[]
3591,24,[]
3633,20,[]
3668,91,[]
3828,10,[]
3846,13,[]
3869,14,[]
3894,20,[]
3929,18,[]
3961,19,[]
3995,18,[]
4027,20,[]
4062,18,[]
4094,19,[]
4128,18,[]
4160,15,[]
4187,16,[]
4215,14,[]
4240,18,[]
4272,15,[]
4299,18,[]
4331,15,[]
4358,18,[]
4390,15,[]
4417,16,[]
4445,16,[]
4473,16,[]
4501,16,[]
4529,17,[]
4559,16,[]
4587,16,[]
4615,16,[]
4643,15,[]
4670,72,[]
4796,8,[]
4810,10,[]
4828,11,[0, 1, 2, 3, 4, 5, 6, 7, 8, 9, 10]
4848,12,[]
4869,12,[]
4890,13,[]
4913,11,[]
4933,13,[]
4956,14,[]
4981,12,[]
5002,13,[]
5025,14,[]
5050,10,[]
5068,12,[]
5089,14,[]
5114,14,[]
5139,14,[]
5164,16,[]
5192,15,[]
5219,14,[]
5244,14,[]
5269,15,[]
5296,15,[]
5323,18,[]
5355,17,[]
5385,16,[]
5413,17,[]
5443,17,[]
5473,15,[]
5500,66,[]
5616,6,[]
5627,10,[]
5645,10,[]
5663,13,[]
5686,12,[]
5707,13,[]
5730,11,[]
5750,13,[]
5773,12,[]
5794,13,[]
5817,14,[]
5842,14,[]
5867,12,[]
5888,13,[]
5911,15,[]
5938,14,[]
5963,15,[]
5990,14,[]
6015,16,[]
6043,14,[]
6068,15,[]
6095,13,[]
6118,16,[]
6146,15,[]
6173,16,[]
6201,14,[]
6226,17,[]
6256,13,[]
6279,15,[]
6306,64,[]
6418,8,[]
6432,9,[]
6448,15,[]
6475,10,[]
6493,10,[]
6511,11,[]
6531,11,[]
6551,12,[]
6572,14,[]
6597,12,[]
6618,11,[]
6638,12,[]
6659,12,[]
6680,14,[]
6705,11,[]
6725,14,[]
6750,13,[]
6773,16,[]
6801,13,[]
6824,14,[]
6849,14,[]
6874,14,[]
6899,14,[]
6924,15,[]
6951,14,[]
6976,15,[]
7003,13,[]
7026,16,[]
7054,14,[]
7079,64,[]
7191,8,[]
7205,12,[]
7226,12,[0, 1, 2, 3, 4, 5, 6, 7, 8, 9, 10, 11]
7247,12,[]
7268,12,[]
7289,11,[]
7309,11,[]
7329,12,[]
7350,13,[]
7373,13,[]
7396,13,[]
7419,15,[]
7446,12,[]
7467,11,[]
7487,14,[]
7512,13,[]
7535,12,[]
7556,13,[]
7579,13,[]
7602,16,[]
7630,13,[]
7653,14,[]
7678,13,[]
7701,14,[]
7726,13,[]
7749,14,[]
7774,11,[]
7794,12,[]
7815,11,[]
7835,72,[]
7961,6,[]
7972,7,[]
7985,7,[]
7998,8,[]
8012,9,[]
8028,11,[]
8048,11,[]
8068,12,[]
8089,11,[]
8109,16,[]
8137,14,[]
8162,15,[]
8189,14,[0, 1, 2, 3, 4, 5, 6, 7, 8, 9, 10, 11, 12, 13]
8214,15,[]
8241,14,[]
8266,16,[]
8294,12,[]
8315,15,[]
8342,15,[]
8369,16,[]
8397,15,[]
8424,15,[]
8451,17,[]
8481,15,[]
8508,16,[]
8536,17,[]
8566,15,[]
8593,14,[2, 3, 4, 5, 6, 7, 8, 9, 10, 11, 12, 13]
8618,14,[]
0,17,[]
30,1,[]
32,6,[]
43,10,[]
61,7,[]
74,7,[]
87,8,[]
101,7,[]
114,8,[]
128,8,[]
142,6,[]
153,5,[]
162,14,[]
187,14,[]
212,19,[]
246,18,[]
278,11,[]
298,11,[]
318,17,[]
348,15,[]
375,13,[]
398,13,[]
421,19,[]
455,16,[]
483,15,[]
510,14,[]
535,15,[]
562,15,[]
589,15,[]
616,14,[]
641,140,[]
886,12,[]
907,8,[]
921,5,[]
930,2,[]
934,9,[0, 1, 2, 3, 4, 5, 6, 7, 8]
950,11,[]
970,11,[]
990,12,[]
1011,9,[]
1027,13,[]
1050,8,[]
1064,11,[]
1084,11,[]
1104,12,[]
1125,14,[]
1150,10,[]
1168,10,[]
1186,12,[]
1207,12,[]
1228,13,[]
1251,13,[]
1274,12,[]
1295,12,[]
1316,11,[]
1336,14,[]
1361,15,[]
1388,12,[]
1409,15,[]
1436,11,[]
1456,119,[]
1665,6,[]
1676,14,[]
1701,14,[]
1726,12,[]
1747,14,[]
1772,11,[]
1792,16,[]
1820,15,[]
1847,14,[]
1872,16,[]
1900,17,[]
1930,11,[]
1950,19,[]
1984,19,[]
2018,16,[]
2046,21,[]
2083,20,[]
2118,13,[]
2141,18,[]
2173,15,[]
2200,18,[]
2232,18,[]
2264,20,[]
2299,11,[]
2319,19,[]
2353,22,[]
2392,16,[]
2420,18,[]
2452,18,[]
2484,122,[]
2698,9,[]
2714,12,[]
2735,13,[]
2758,15,[]
2785,15,[]
2812,14,[]
2837,17,[]
2867,20,[]
2902,19,[]
2936,15,[]
2963,11,[]
2983,12,[]
3004,15,[]
3031,16,[]
3059,16,[]
3087,16,[]
3115,16,[]
3143,10,[]
3161,18,[]
3193,23,[]
3234,17,[]
3264,16,[]
3292,18,[]
3324,15,[]
3351,17,[]
3381,14,[]
3406,15,[]
3433,17,[]
3463,12,[1, 2, 3, 4, 5, 6, 7, 8, 9, 10, 11]
3484,122,[]
3698,7,[]
3711,10,[]
3729,12,[]
3750,13,[]
3773,11,[]
3793,13,[]
3816,13,[]
3839,16,[0, 1, 2, 3, 4, 5, 6, 7, 8, 9, 10, 11, 12, 13, 14, 15]
3867,16,[]
3895,15,[]
3922,15,[]
3949,12,[]
3970,15,[]
3997,17,[]
4027,16,[]
4055,17,[]
4085,16,[]
4113,9,[]
4129,17,[]
4159,14,[]
4184,16,[]
4212,12,[]
4233,13,[]
4256,13,[]
4279,16,[]
4307,14,[]
4332,14,[]
4357,15,[]
4384,9,[]
4400,127,[]
4623,6,[]
4634,9,[]
4650,11,[]
4670,11,[]
4690,10,[]
4708,9,[]
4724,14,[]
4749,14,[]
4774,14,[]
4799,14,[]
4824,14,[]
4849,12,[]
4870,16,[]
4898,17,[]
4928,15,[]
4955,9,[]
4971,14,[]
4996,13,[]
5019,14,[]
5044,16,[]
5072,15,[]
5099,14,[]
5124,14,[]
5149,17,[]
5179,12,[]
5200,15,[]
5227,12,[]
5248,15,[1, 2, 3, 4, 5, 6, 7, 8, 9, 10, 11, 12, 13, 14]
5275,13,[]
5298,125,[]
5517,7,[0, 1, 2, 3, 4, 5, 6]
5530,15,[]
5557,15,[]
5584,14,[]
5609,12,[]
5630,10,[]
5648,8,[]
5662,14,[]
5687,14,[]
5712,16,[]
5740,16,[]
5768,14,[]
5793,17,[]
5823,18,[]
5855,18,[]
5887,20,[]
5922,15,[]
5949,12,[]
5970,14,[]
5995,15,[]
6022,12,[]
6043,15,[]
6070,18,[]
6102,12,[]
6123,19,[]
6157,15,[]
6184,14,[]
6209,17,[]
6239,14,[]
6264,120,[]
6474,6,[]
6485,10,[]
6503,11,[]
6523,12,[0, 1, 2, 3, 4, 5, 6, 7, 8, 9, 10, 11]
6544,12,[]
6565,9,[]
6581,13,[]
6604,16,[]
6632,14,[]
6657,15,[]
6684,14,[]
6709,17,[]
6739,10,[]
6757,14,[]
6782,16,[]
6810,16,[]
6838,12,[]
6859,9,[]
6875,11,[]
6895,13,[]
6918,15,[]
6945,12,[]
6966,13,[]
6989,15,[]
7016,9,[]
7032,13,[]
7055,12,[]
7076,15,[]
7103,13,[]
7126,110,[]
7319,4,[]
7326,5,[]
7335,9,[]
7351,8,[]
7365,10,[]
7383,10,[]
7401,9,[]
7417,12,[]
7438,10,[]
7456,11,[]
7476,12,[]
7497,7,[]
7510,12,[]
7531,13,[]
7554,11,[]
7574,14,[]
7599,14,[]
7624,9,[]
7640,34,[]
7700,20,[]
7735,14,[]
7760,16,[]
7788,16,[]
7816,8,[]
7830,15,[]
7857,18,[]
7889,14,[]
7914,13,[]
7937,12,[]
7958,97,[]
8128,6,[0, 1, 2, 3, 4, 5]
8139,7,[]
8152,8,[]
8166,9,[]
8182,8,[]
8196,6,[]
8207,10,[]
8225,12,[]
8246,10,[]
8264,28,[0, 1, 2, 3, 4, 5, 6, 7, 8, 9, 10, 11, 12, 13, 14, 15, 16, 17, 18, 19, 20, 21, 22, 23]
8313,19,[]
8347,10,[]
8365,12,[]
8386,11,[]
8406,11,[]
8426,12,[]
8447,11,[]
8467,11,[]
8487,11,[]
8507,14,[]
8532,12,[]
8553,13,[]
8576,11,[]
8596,17,[]
8626,21,[]
8663,16,[]
8691,17,[]
8721,20,[]
8756,14,[]
0,34,[]
60,5,[]
69,11,[]
89,6,[]
100,8,[]
114,12,[]
135,14,[]
160,9,[]
176,15,[]
203,14,[]
228,14,[]
253,15,[]
280,15,[]
307,12,[]
328,17,[]
358,14,[]
383,15,[]
410,6,[]
421,16,[]
449,14,[]
474,13,[]
497,11,[]
517,15,[]
544,18,[]
576,18,[]
608,16,[]
636,21,[]
673,17,[]
703,12,[]
724,14,[]
749,129,[]
975,17,[]
1005,2,[]
1009,11,[]
1029,6,[]
1040,12,[]
1061,16,[]
1089,16,[]
1117,11,[]
1137,16,[]
1165,16,[2, 3, 4, 5, 6, 7, 8, 9, 10, 11, 12, 13, 14, 15]
1193,14,[]
1218,8,[]
1232,15,[]
1259,13,[]
1282,14,[]
1307,12,[]
1328,15,[]
1355,17,[]
1385,17,[]
1415,15,[]
1442,16,[]
1470,10,[]
1488,19,[]
1522,20,[]
1557,23,[]
1598,30,[]
1651,5,[]
1660,25,[]
1704,23,[]
1745,80,[]
1885,17,[]
1915,18,[]
1947,6,[]
1958,19,[]
1992,20,[]
2027,17,[]
2057,9,[0, 1, 2, 3, 4, 5, 6, 7, 8]
2073,20,[]
2108,22,[]
2147,23,[]
2188,21,[]
2225,21,[]
2262,12,[]
2283,42,[]
2357,22,[]
2396,19,[]
2430,9,[]
2446,30,[]
2499,19,[]
2533,18,[]
2565,22,[]
2604,7,[]
2617,23,[]
2658,19,[]
2692,20,[]
2727,19,[]
2761,21,[]
2798,10,[]
2816,19,[]
2850,80,[]
2990,13,[]
3013,5,[]
3022,17,[]
3052,17,[]
3082,16,[]
3110,16,[]
3138,19,[]
3172,9,[]
3188,19,[]
3222,25,[]
3266,9,[]
3282,21,[]
3319,4,[]
3326,20,[]
3361,5,[]
3370,20,[]
3405,10,[]
3423,18,[]
3455,7,[]
3468,18,[]
3500,7,[]
3513,17,[]
3543,7,[]
3556,18,[]
3588,8,[0, 1, 2, 3, 4, 5, 6, 7]
3602,17,[]
3632,7,[]
3645,30,[]
3698,7,[]
3711,77,[]
3846,1,[]
3848,10,[]
3866,6,[]
3877,15,[]
3904,7,[]
3917,16,[]
3945,9,[]
3961,18,[]
3993,10,[]
4011,17,[]
4041,9,[]
4057,16,[]
4085,9,[]
4101,16,[]
4129,7,[0, 1, 2, 3, 4, 5, 6]
4142,14,[]
4167,10,[]
4185,15,[]
4212,8,[]
4226,14,[]
4251,8,[]
4265,18,[]
4297,4,[]
4304,16,[]
4332,9,[]
4348,19,[]
4382,10,[]
4400,20,[]
4435,9,[]
4451,92,[]
4612,1,[]
4614,12,[]
4635,4,[]
4642,16,[]
4670,6,[]
4681,15,[]
4708,6,[]
4719,16,[]
4747,7,[]
4760,16,[]
4788,7,[]
4801,18,[]
4833,8,[]
4847,20,[]
4882,8,[]
4896,21,[]
4933,10,[]
4951,20,[]
4986,8,[]
5000,18,[]
5032,7,[]
5045,18,[]
5077,7,[]
5090,18,[]
5122,9,[]
5138,19,[]
5172,7,[]
5185,35,[]
5247,6,[]
5258,87,[]
5411,1,[]
5413,16,[]
5441,7,[]
5454,17,[]
5484,6,[]
5495,19,[]
5529,7,[0, 1, 2, 3, 4, 5, 6]
5542,19,[]
5576,8,[]
5590,21,[]
5627,8,[]
5641,23,[]
5682,9,[]
5698,24,[]
5740,8,[]
5754,24,[]
5796,8,[]
5810,23,[]
5851,8,[]
5865,22,[]
5904,8,[]
5918,20,[]
5953,8,[]
5967,21,[]
6004,10,[]
6022,20,[]
6057,6,[]
6068,20,[]
6103,9,[]
6119,88,[]
6273,1,[]
6275,17,[]
6305,5,[0, 1, 2, 3, 4]
6314,23,[]
6355,5,[]
6364,20,[]
6399,8,[]
6413,19,[]
6447,8,[]
6461,22,[]
6500,8,[]
6514,19,[]
6548,7,[]
6561,21,[]
6598,8,[]
6612,23,[]
6653,9,[]
6669,21,[]
6706,6,[]
6717,22,[]
6756,6,[]
6767,21,[]
6804,9,[]
6820,22,[]
6859,6,[]
6870,20,[]
6905,7,[]
6918,32,[]
6974,7,[]
6987,85,[]
7136,1,[]
7138,14,[]
7163,8,[]
7177,17,[]
7207,5,[]
7216,19,[]
7250,7,[]
7263,19,[]
7297,8,[]
7311,21,[]
7348,9,[]
7364,21,[]
7401,8,[]
7415,20,[]
7450,7,[]
7463,25,[]
7507,7,[0, 1, 2, 3, 4, 5, 6]
7520,22,[]
7559,6,[]
7570,21,[]
7607,9,[]
7623,21,[]
7660,6,[]
7671,24,[]
7713,6,[]
7724,24,[]
7766,6,[]
7777,25,[]
7821,9,[]
7837,75,[]
7969,1,[]
7971,20,[]
8006,7,[]
8019,20,[]
8054,6,[]
8065,21,[]
8102,6,[]
8113,19,[]
8147,7,[]
8160,17,[]
8190,9,[]
8206,18,[]
8238,6,[]
8249,17,[]
8279,6,[]
8290,17,[]
8320,8,[]
8334,17,[0, 1, 2, 3, 4, 5, 6, 7, 8, 9, 10, 11, 12, 13, 14]
8364,7,[]
8377,19,[]
8411,8,[]
8425,20,[]
8460,8,[]
8474,18,[]
8506,8,[]
8520,17,[]
8550,8,[]
8564,29,[]
8615,8,[]
0,46,[]
81,14,[]
106,12,[]
127,4,[]
134,14,[]
159,15,[2, 3, 4, 5, 6, 7, 8, 9, 10, 11, 12, 13, 14]
186,16,[]
214,12,[]
235,17,[]
265,15,[]
292,14,[]
317,14,[]
342,17,[]
372,14,[]
397,11,[]
417,11,[]
437,13,[]
460,14,[]
485,12,[]
506,11,[]
526,14,[]
551,18,[1, 2, 3, 4, 5, 6, 7, 8, 9, 10, 11, 12, 13, 14, 15, 16, 17]
583,14,[]
608,15,[]
635,15,[]
662,18,[]
694,18,[]
726,18,[]
758,20,[]
793,19,[]
827,72,[]
953,15,[]
980,19,[]
1014,18,[]
1046,11,[]
1066,11,[]
1086,14,[]
1111,17,[]
1141,17,[]
1171,18,[]
1203,18,[]
1235,21,[]
1272,17,[]
1302,20,[]
1337,17,[]
1367,13,[]
1390,15,[]
1417,13,[]
1440,14,[]
1465,17,[]
1495,14,[]
1520,15,[]
1547,21,[]
1584,15,[]
1611,17,[]
1641,14,[]
1666,16,[]
1694,14,[]
1719,16,[]
1747,13,[]
1770,78,[]
1907,6,[]
1918,8,[]
1932,11,[]
1952,16,[]
1980,11,[]
2000,12,[]
2021,10,[]
2039,13,[]
2062,11,[]
2082,19,[]
2116,13,[]
2139,12,[]
2160,11,[]
2180,16,[]
2208,14,[]
2233,13,[]
2256,12,[]
2277,14,[]
2302,12,[]
2323,17,[]
2353,11,[]
2373,15,[]
2400,13,[]
2423,15,[]
2450,19,[]
2484,11,[]
2504,12,[]
2525,11,[]
2545,14,[]
2570,89,[]
2726,6,[]
2737,10,[]
2755,10,[1, 2, 3, 4, 5, 6, 7, 8, 9]
2773,12,[]
2794,10,[]
2812,10,[]
2830,12,[]
2851,12,[]
2872,14,[]
2897,14,[]
2922,12,[]
2943,22,[]
2982,12,[]
3003,12,[]
3024,15,[]
3051,16,[0, 1, 2, 3, 4, 5, 6, 7, 8, 9, 10, 11, 12, 13, 14, 15]
3079,14,[]
3104,14,[]
3129,12,[]
3150,14,[]
3175,13,[]
3198,14,[]
3223,14,[]
3248,14,[]
3273,13,[]
3296,14,[0, 1, 2, 3, 4, 5, 6, 7, 8, 9, 10, 11]
3321,18,[]
3353,17,[]
3383,10,[]
3401,85,[]
3550,4,[]
3557,12,[]
3578,10,[]
3596,12,[]
3617,15,[]
3644,15,[]
3671,12,[]
3692,14,[]
3717,11,[]
3737,15,[]
3764,13,[]
3787,15,[]
3814,11,[]
3834,13,[]
3857,13,[]
3880,15,[]
3907,11,[]
3927,14,[]
3952,13,[]
3975,17,[]
4005,14,[]
4030,16,[]
4058,15,[]
4085,15,[]
4112,15,[]
4139,18,[]
4171,16,[]
4199,20,[]
4234,17,[]
4264,71,[]
4389,10,[]
4407,11,[]
4427,15,[]
4454,17,[]
4484,14,[]
4509,16,[]
4537,16,[]
4565,17,[]
4595,16,[]
4623,17,[2, 3, 4, 5, 6, 7, 8, 9, 10, 11, 12, 13, 14, 15, 16]
4653,17,[]
4683,20,[]
4718,19,[]
4752,16,[]
4780,16,[]
4808,15,[]
4835,16,[]
4863,16,[]
4891,13,[]
4914,26,[]
4960,13,[]
4983,13,[0, 1, 2, 3, 4, 5, 6, 7, 8, 9, 10, 11, 12]
5006,14,[]
5031,19,[]
5065,16,[]
5093,16,[]
5121,16,[]
5149,14,[]
5174,13,[]
5197,78,[]
5334,8,[1, 2, 3, 4, 5, 6, 7]
5348,10,[]
5366,12,[]
5387,21,[]
5424,12,[]
5445,9,[]
5461,15,[]
5488,18,[]
5520,15,[]
5547,16,[]
5575,14,[]
5600,14,[]
5625,13,[]
5648,14,[]
5673,20,[]
5708,17,[]
5738,11,[]
5758,12,[]
5779,10,[]
5797,18,[0, 1, 2, 3, 4, 5, 6, 7, 8, 9, 10, 11, 12, 13, 14]
5829,14,[]
5854,15,[]
5881,19,[]
5915,12,[]
5936,11,[]
5956,12,[]
5977,16,[]
6005,16,[]
6033,12,[]
6054,84,[]
6201,6,[]
6212,12,[]
6233,10,[]
6251,15,[]
6278,12,[]
6299,14,[]
6324,13,[]
6347,18,[]
6379,10,[]
6397,14,[]
6422,11,[]
6442,13,[0, 1, 2, 3, 4, 5, 6, 7, 8, 9, 10, 11, 12]
6465,13,[]
6488,15,[]
6515,12,[]
6536,16,[]
6564,10,[]
6582,15,[]
6609,11,[]
6629,14,[]
6654,13,[]
6677,14,[]
6702,13,[]
6725,13,[]
6748,13,[]
6771,14,[]
6796,13,[]
6819,18,[]
6851,10,[]
6869,85,[]
7018,5,[]
7027,11,[]
7047,14,[]
7072,17,[]
7102,11,[0, 1, 2, 3, 4, 5, 6, 7, 8, 9]
7122,12,[]
7143,10,[]
7161,13,[]
7184,14,[]
7209,13,[]
7232,13,[]
7255,14,[]
7280,16,[]
7308,10,[]
7326,11,[]
7346,20,[]
7381,11,[]
7401,12,[]
7422,10,[]
7440,11,[]
7460,17,[]
7490,15,[]
7517,14,[]
7542,20,[]
7577,13,[]
7600,14,[]
7625,13,[]
7648,14,[]
7673,15,[]
7700,84,[]
7847,6,[]
7858,12,[]
7879,11,[]
7899,13,[]
7922,11,[]
7942,12,[]
7963,13,[]
7986,17,[]
8016,12,[]
8037,15,[]
8064,15,[]
8091,20,[]
8126,19,[]
8160,22,[]
8199,22,[]
8238,20,[]
8273,20,[]
8308,19,[]
8342,18,[]
8374,19,[]
8408,19,[]
8442,18,[]
8474,19,[]
8508,20,[]
8543,16,[]
8571,17,[]
8601,17,[]
8631,16,[]
8659,15,[]
0,21,[]
37,5,[]
46,8,[]
60,15,[]
87,14,[]
112,11,[]
132,13,[]
155,12,[]
176,15,[]
203,12,[]
224,14,[]
249,12,[]
270,14,[]
295,11,[]
315,12,[]
336,14,[]
361,19,[]
395,20,[]
430,20,[]
465,22,[]
504,22,[]
543,14,[]
568,16,[]
596,15,[]
623,18,[]
655,14,[]
680,17,[]
710,19,[]
744,23,[]
785,16,[]
813,94,[]
978,29,[]
1029,10,[]
1047,8,[]
1061,8,[]
1075,11,[]
1095,15,[]
1122,12,[]
1143,14,[]
1168,11,[]
1188,12,[]
1209,12,[]
1230,15,[]
1257,15,[]
1284,14,[]
1309,14,[]
1334,15,[]
1361,11,[]
1381,16,[]
1409,13,[]
1432,15,[]
1459,12,[]
1480,14,[1, 2, 3, 4, 5, 6, 7, 8, 9, 10, 11, 12, 13]
1505,14,[]
1530,13,[]
1553,14,[]
1578,15,[]
1605,12,[]
1626,15,[]
1653,13,[]
1676,82,[]
1820,9,[]
1836,12,[]
1857,11,[]
1877,12,[]
1898,12,[]
1919,12,[]
1940,12,[]
1961,16,[]
1989,15,[]
2016,16,[]
2044,15,[]
2071,16,[]
2099,14,[]
2124,16,[]
2152,14,[]
2177,16,[]
2205,15,[]
2232,15,[]
2259,15,[]
2286,15,[]
2313,16,[]
2341,14,[]
2366,13,[]
2389,16,[]
2417,16,[]
2445,17,[]
2475,14,[]
2500,19,[]
2534,14,[]
2559,78,[]
2696,9,[]
2712,13,[]
2735,13,[]
2758,16,[]
2786,13,[]
2809,14,[]
2834,16,[]
2862,16,[]
2890,14,[]
2915,15,[]
2942,13,[]
2965,15,[]
2992,14,[]
3017,15,[]
3044,13,[]
3067,15,[]
3094,12,[]
3115,15,[]
3142,14,[0, 1, 2, 3, 4, 5, 6, 7, 8, 9, 10, 11, 12, 13]
3167,16,[]
3195,13,[]
3218,13,[]
3241,13,[]
3264,16,[]
3292,13,[]
3315,14,[]
3340,13,[]
3363,14,[]
3388,15,[]
3415,79,[]
3554,7,[]
3567,11,[]
3587,13,[]
3610,15,[]
3637,15,[]
3664,16,[]
3692,13,[]
3715,17,[]
3745,15,[]
3772,16,[]
3800,14,[]
3825,15,[]
3852,13,[]
3875,22,[]
3914,14,[]
3939,19,[]
3973,15,[]
4000,17,[]
4030,15,[]
4057,17,[]
4087,13,[]
4110,15,[]
4137,14,[]
4162,15,[]
4189,13,[]
4212,13,[]
4235,13,[]
4258,17,[]
4288,15,[]
4315,81,[]
4457,10,[]
4475,13,[]
4498,13,[]
4521,15,[]
4548,15,[]
4575,16,[]
4603,15,[]
4630,8,[]
4644,19,[]
4678,15,[]
4705,15,[]
4732,16,[]
4760,13,[]
4783,15,[]
4810,14,[]
4835,15,[]
4862,15,[]
4889,14,[]
4914,13,[]
4937,14,[]
4962,13,[]
4985,15,[]
5012,14,[]
5037,15,[]
5064,14,[]
5089,16,[]
5117,15,[]
5144,19,[]
5178,15,[]
5205,80,[]
5345,11,[]
5365,13,[]
5388,15,[]
5415,14,[]
5440,13,[]
5463,14,[]
5488,13,[]
5511,13,[]
5534,13,[]
5557,15,[]
5584,14,[]
5609,17,[]
5639,18,[]
5671,16,[]
5699,16,[]
5727,16,[]
5755,15,[]
5782,16,[]
5810,17,[]
5840,16,[]
5868,16,[]
5896,17,[]
5926,13,[]
5949,14,[]
5974,14,[]
5999,13,[]
6022,12,[]
6043,13,[]
6066,17,[]
6096,83,[]
6242,8,[]
6256,13,[]
6279,11,[]
6299,15,[]
6326,15,[]
6353,10,[]
6371,16,[]
6399,17,[]
6429,13,[]
6452,15,[]
6479,16,[]
6507,19,[]
6541,17,[]
6571,17,[]
6601,17,[]
6631,19,[]
6665,15,[]
6692,17,[]
6722,15,[]
6749,17,[]
6779,15,[]
6806,17,[]
6836,14,[]
6861,17,[]
6891,15,[]
6918,16,[]
6946,14,[]
6971,21,[]
7008,15,[]
7035,79,[]
7174,7,[]
7187,11,[]
7207,12,[]
7228,12,[]
7249,12,[]
7270,14,[]
7295,12,[]
7316,13,[]
7339,14,[]
7364,17,[]
7394,14,[]
7419,14,[]
7444,12,[]
7465,13,[]
7488,12,[]
7509,15,[]
7536,12,[0, 1, 2, 3, 4, 5, 6, 7, 8, 9]
7557,12,[]
7578,15,[]
7605,13,[]
7628,14,[]
7653,16,[]
7681,15,[]
7708,16,[]
7736,12,[]
7757,15,[]
7784,15,[]
7811,13,[]
7834,12,[]
7855,80,[]
7995,8,[]
8009,11,[]
8029,6,[]
8040,17,[]
8070,16,[]
8098,18,[]
8130,13,[]
8153,16,[]
8181,14,[]
8206,16,[]
8234,16,[1, 2, 3, 4, 5, 6, 7, 8, 9, 10, 11, 12, 13, 14, 15]
8262,17,[]
8292,16,[]
8320,16,[]
8348,13,[]
8371,18,[]
8403,15,[]
8430,15,[]
8457,15,[]
8484,17,[]
8514,17,[]
8544,17,[]
8574,15,[]
8601,16,[]
8629,16,[]
8657,16,[]
8685,14,[]
8710,16,[]
8738,13,[]
0,17,[]
30,1,[]
32,9,[]
48,12,[]
69,11,[]
89,9,[]
105,10,[]
123,8,[]
137,9,[0, 1, 2, 3, 4, 5, 6, 7, 8]
153,6,[]
164,8,[]
178,8,[]
192,10,[]
210,7,[]
223,9,[]
239,11,[]
259,14,[]
284,8,[]
298,12,[]
319,12,[]
340,19,[]
374,15,[]
401,16,[]
429,15,[]
456,12,[]
477,26,[]
523,9,[]
539,13,[]
562,17,[]
592,14,[]
617,100,[]
792,6,[]
803,5,[]
812,6,[]
823,8,[]
837,12,[]
858,17,[0, 1, 2, 3, 4, 5, 6, 7, 8, 9, 10, 11, 12, 13, 14, 15, 16]
888,15,[]
915,15,[]
942,12,[]
963,13,[]
986,16,[]
1014,14,[]
1039,16,[]
1067,13,[]
1090,11,[]
1110,13,[]
1133,13,[]
1156,14,[]
1181,13,[1, 2, 3, 4, 5, 6, 7, 8, 9, 10, 11, 12]
1204,14,[]
1229,11,[]
1249,12,[]
1270,13,[]
1293,15,[]
1320,25,[]
1364,16,[]
1392,11,[]
1412,15,[]
1439,10,[]
1457,104,[]
1639,7,[]
1652,5,[]
1661,12,[]
1682,11,[]
1702,12,[]
1723,12,[]
1744,10,[]
1762,13,[]
1785,12,[]
1806,12,[]
1827,10,[]
1845,11,[]
1865,11,[]
1885,14,[]
1910,10,[]
1928,11,[]
1948,10,[]
1966,11,[]
1986,13,[]
2009,15,[]
2036,12,[]
2057,11,[]
2077,11,[]
2097,14,[]
2122,13,[]
2145,23,[]
2186,16,[]
2214,15,[]
2241,11,[]
2261,103,[]
2442,7,[]
2455,11,[]
2475,12,[]
2496,13,[]
2519,13,[]
2542,16,[]
2570,12,[]
2591,9,[]
2607,13,[0, 1, 2, 3, 4, 5, 6, 7, 8, 9, 10, 11, 12]
2630,14,[]
2655,13,[]
2678,17,[]
2708,13,[]
2731,14,[]
2756,14,[]
2781,18,[]
2813,16,[]
2841,17,[]
2871,15,[]
2898,18,[]
2930,16,[]
2958,16,[]
2986,16,[]
3014,18,[]
3046,15,[]
3073,15,[]
3100,26,[]
3146,13,[]
3169,13,[]
3192,104,[]
3374,7,[]
3387,9,[]
3403,11,[]
3423,15,[]
3450,12,[]
3471,12,[]
3492,13,[]
3515,16,[]
3543,15,[]
3570,15,[]
3597,15,[]
3624,15,[]
3651,14,[]
3676,8,[]
3690,15,[]
3717,15,[]
3744,14,[]
3769,14,[]
3794,14,[]
3819,17,[]
3849,16,[]
3877,15,[]
3904,14,[]
3929,17,[]
3959,9,[]
3975,13,[]
3998,15,[]
4025,14,[]
4050,9,[]
4066,114,[]
4266,7,[]
4279,10,[]
4297,12,[]
4318,11,[]
4338,11,[]
4358,10,[]
4376,10,[]
4394,11,[]
4414,11,[]
4434,10,[]
4452,10,[]
4470,12,[]
4491,11,[]
4511,12,[]
4532,12,[]
4553,14,[]
4578,12,[0, 1, 2, 3, 4, 5, 6, 7, 8, 9, 10, 11]
4599,12,[]
4620,12,[]
4641,15,[]
4668,11,[]
4688,14,[]
4713,12,[]
4734,14,[]
4759,13,[]
4782,11,[]
4802,12,[]
4823,13,[]
4846,15,[]
4873,114,[]
5073,6,[]
5084,9,[]
5100,12,[]
5121,13,[]
5144,14,[]
5169,16,[]
5197,15,[]
5224,8,[1, 2, 3, 4, 5, 6, 7]
5238,16,[]
5266,13,[]
5289,13,[]
5312,15,[]
5339,12,[]
5360,12,[]
5381,13,[]
5404,15,[]
5431,11,[]
5451,16,[]
5479,11,[]
5499,12,[]
5520,11,[]
5540,14,[]
5565,13,[]
5588,15,[]
5615,14,[]
5640,13,[]
5663,13,[]
5686,16,[]
5714,11,[]
5734,111,[]
5929,17,[]
5959,11,[]
5979,17,[]
6009,18,[]
6041,16,[]
6069,14,[]
6094,16,[]
6122,20,[]
6157,19,[]
6191,19,[0, 1, 2, 3, 4, 5, 6, 7, 8, 9, 10, 11, 12, 13, 14, 15]
6225,18,[]
6257,24,[]
6299,22,[]
6338,19,[]
6372,23,[]
6413,24,[]
6455,24,[]
6497,25,[]
6541,21,[]
6578,22,[]
6617,19,[]
6651,19,[]
6685,13,[]
6708,21,[]
6745,15,[]
6772,15,[]
6799,12,[]
6820,15,[]
6847,15,[]
6874,108,[]
7063,7,[]
7076,12,[]
7097,22,[]
7136,10,[]
7154,14,[]
7179,16,[]
7207,17,[]
7237,19,[]
7271,17,[]
7301,17,[]
7331,9,[]
7347,16,[]
7375,15,[]
7402,14,[]
7427,16,[]
7455,19,[]
7489,35,[]
7551,8,[]
7565,17,[]
7595,17,[]
7625,13,[]
7648,11,[]
7668,15,[]
7695,26,[]
7741,28,[]
7790,20,[]
7825,20,[]
7860,12,[]
7881,10,[]
7899,106,[]
8085,6,[]
8096,11,[]
8116,13,[]
8139,12,[]
8160,9,[]
8176,9,[]
8192,10,[]
8210,11,[]
8230,23,[]
8271,14,[]
8296,10,[]
8314,13,[]
8337,12,[]
8358,13,[]
8381,15,[]
8408,16,[]
8436,7,[]
8449,16,[]
8477,8,[]
8491,17,[]
8521,14,[]
8546,13,[]
8569,12,[]
8590,13,[]
8613,12,[]
8634,11,[]
8654,13,[]
8677,13,[]
8700,14,[]
0,51,[]
90,1,[]
92,1,[]
94,1,[]
96,5,[]
105,21,[]
142,7,[]
155,31,[]
210,3,[]
216,14,[]
241,6,[]
252,20,[]
287,8,[]
301,32,[]
357,10,[]
375,21,[]
412,22,[]
451,10,[]
469,7,[]
482,25,[]
526,27,[]
574,7,[]
587,23,[]
628,8,[]
642,9,[]
658,25,[]
702,24,[]
744,9,[]
760,3,[]
766,8,[]
780,140,[]
1025,1,[]
1027,17,[]
1057,5,[]
1066,16,[]
1094,5,[]
1103,24,[]
1145,8,[]
1159,23,[]
1200,6,[]
1211,28,[]
1260,8,[]
1274,22,[]
1313,4,[]
1320,25,[]
1364,4,[]
1371,25,[]
1415,23,[]
1456,7,[]
1469,23,[]
1510,8,[]
1524,12,[]
1545,13,[]
1568,53,[]
1661,4,[]
1668,18,[]
1700,9,[]
1716,25,[]
1760,9,[]
1776,22,[]
1815,112,[]
2011,19,[]
2045,5,[]
2054,20,[]
2089,9,[]
2105,19,[]
2139,3,[]
2145,7,[]
2158,38,[]
2225,9,[]
2241,4,[]
2248,19,[]
2282,22,[]
2321,9,[]
2337,36,[]
2400,9,[]
2416,16,[]
2444,9,[]
2460,26,[]
2506,5,[]
2515,22,[]
2554,7,[]
2567,23,[]
2608,7,[]
2621,10,[1, 2, 3, 4, 5, 6, 7, 8, 9]
2639,52,[]
2730,5,[]
2739,9,[]
2755,19,[]
2789,2,[]
2793,105,[]
2977,1,[]
2979,17,[]
3009,23,[]
3050,8,[]
3064,21,[]
3101,7,[]
3114,36,[]
3177,6,[]
3188,17,[]
3218,6,[]
3229,24,[]
3271,6,[]
3282,22,[]
3321,7,[]
3334,22,[]
3373,26,[]
3419,9,[]
3435,7,[]
3448,23,[]
3489,6,[]
3500,8,[]
3514,45,[]
3593,4,[]
3600,7,[]
3613,18,[]
3645,7,[]
3658,19,[]
3692,10,[]
3710,20,[]
3745,95,[]
3912,10,[]
3930,12,[]
3951,5,[]
3960,24,[]
4002,3,[]
4008,13,[]
4031,5,[]
4040,19,[]
4074,8,[]
4088,17,[]
4118,8,[]
4132,16,[]
4160,15,[]
4187,6,[]
4198,7,[]
4211,23,[]
4252,4,[]
4259,6,[]
4270,51,[]
4360,4,[]
4367,8,[]
4381,17,[]
4411,4,[]
4418,21,[]
4455,16,[]
4483,7,[]
4496,23,[]
4537,9,[]
4553,6,[]
4564,88,[]
4718,1,[]
4720,1,[]
4722,16,[]
4750,6,[]
4761,15,[]
4788,6,[]
4799,16,[]
4827,7,[]
4840,19,[]
4874,7,[]
4887,27,[]
4935,8,[]
4949,17,[]
4979,7,[]
4992,19,[]
5026,6,[]
5037,18,[]
5069,8,[]
5083,7,[]
5096,22,[]
5135,6,[]
5146,40,[]
5216,5,[0, 1, 2, 3, 4]
5225,16,[]
5253,7,[]
5266,20,[]
5301,8,[]
5315,31,[]
5370,4,[]
5377,89,[]
5533,8,[]
5547,8,[]
5561,6,[]
5572,15,[]
5599,5,[]
5608,12,[]
5629,4,[]
5636,16,[]
5664,15,[]
5691,8,[]
5705,22,[]
5744,9,[]
5760,26,[]
5806,9,[]
5822,16,[]
5850,7,[]
5863,8,[]
5877,68,[]
5996,4,[]
6003,5,[]
6012,5,[]
6021,23,[]
6062,6,[]
6073,6,[]
6084,34,[]
6144,5,[]
6153,7,[]
6166,32,[]
6222,6,[]
6233,96,[]
6401,19,[]
6435,4,[]
6442,13,[]
6465,12,[]
6486,4,[]
6493,32,[]
6549,5,[]
6558,15,[]
6585,6,[]
6596,16,[]
6624,7,[]
6637,16,[]
6665,5,[]
6674,21,[]
6711,6,[]
6722,19,[]
6756,7,[]
6769,11,[]
6789,32,[]
6845,9,[]
6861,8,[]
6875,17,[]
6905,9,[]
6921,16,[]
6949,6,[]
6960,18,[]
6992,8,[]
7006,19,[]
7040,18,[]
7072,93,[]
7235,9,[]
7251,7,[]
7264,8,[]
7278,6,[]
7289,26,[]
7335,7,[]
7348,17,[]
7378,8,[]
7392,17,[]
7422,31,[]
7477,9,[]
7493,7,[]
7506,22,[]
7545,7,[]
7558,20,[]
7593,5,[]
7602,7,[]
7615,32,[]
7671,6,[]
7682,6,[]
7693,19,[]
7727,18,[]
7759,9,[]
7775,17,[]
7805,8,[]
7819,16,[]
7847,8,[]
7861,16,[]
7889,7,[]
7902,90,[]
8060,1,[]
8062,17,[]
8092,3,[]
8098,5,[]
8107,13,[]
8130,8,[]
8144,7,[]
8157,15,[]
8184,6,[]
8195,15,[]
8222,6,[]
8233,14,[]
8258,7,[]
8271,31,[]
8326,10,[]
8344,13,[]
8367,9,[]
8383,14,[]
8408,12,[]
8429,7,[]
8442,16,[]
8470,6,[]
8481,17,[]
8511,7,[]
8524,16,[]
8552,5,[]
8561,15,[]
8588,6,[]
8599,29,[]
0,30,[]
53,1,[]
55,15,[]
82,5,[]
91,20,[]
126,6,[]
137,22,[]
176,10,[]
194,23,[]
235,9,[]
251,18,[]
283,17,[]
313,11,[]
333,10,[]
351,22,[]
390,8,[]
404,21,[]
441,9,[]
457,17,[]
487,6,[]
498,17,[]
528,6,[0, 1, 2, 3, 4, 5]
539,28,[]
588,18,[]
620,7,[]
633,29,[]
684,7,[]
697,9,[]
713,20,[]
748,6,[]
759,75,[]
891,1,[]
893,11,[]
913,9,[]
929,6,[]
940,15,[]
967,11,[]
987,23,[]
1028,8,[]
1042,22,[]
1081,6,[]
1092,12,[]
1113,18,[]
1145,12,[]
1166,20,[]
1201,6,[]
1212,21,[]
1249,18,[]
1281,12,[]
1302,22,[]
1341,8,[]
1355,23,[]
1396,6,[0, 1, 2, 3, 4, 5]
1407,24,[]
1449,14,[]
1474,16,[]
1502,21,[]
1539,11,[]
1559,21,[]
1596,16,[]
1624,83,[]
1770,13,[]
1793,6,[]
1804,16,[]
1832,12,[]
1853,20,[]
1888,9,[]
1904,20,[]
1939,10,[]
1957,11,[]
1977,22,[]
2016,16,[]
2044,13,[]
2067,18,[]
2099,12,[]
2120,21,[]
2157,8,[]
2171,22,[]
2210,6,[]
2221,20,[]
2256,8,[]
2270,22,[]
2309,12,[]
2330,20,[]
2365,8,[]
2379,17,[0, 1, 2, 3, 4, 5, 6, 7, 8, 9, 10, 11, 12, 13, 14, 15]
2409,13,[]
2432,20,[]
2467,8,[]
2481,19,[]
2515,85,[]
2664,9,[]
2680,6,[]
2691,17,[]
2721,7,[]
2734,21,[]
2771,7,[]
2784,17,[]
2814,10,[]
2832,16,[]
2860,12,[]
2881,19,[]
2915,8,[]
2929,21,[]
2966,6,[]
2977,20,[]
3012,8,[]
3026,20,[]
3061,12,[]
3082,20,[]
3117,8,[]
3131,21,[]
3168,11,[]
3188,22,[]
3227,7,[]
3240,17,[]
3270,12,[]
3291,19,[]
3325,8,[]
3339,16,[]
3367,82,[]
3511,13,[]
3534,5,[]
3543,19,[]
3577,7,[]
3590,20,[]
3625,11,[]
3645,18,[]
3677,13,[]
3700,31,[]
3755,22,[]
3794,30,[]
3847,22,[]
3886,19,[]
3920,21,[]
3957,22,[]
3996,21,[]
4033,21,[]
4070,27,[]
4118,6,[]
4129,17,[]
4159,10,[]
4177,29,[]
4228,12,[]
4249,22,[]
4288,9,[]
4304,21,[]
4341,14,[]
4366,21,[]
4403,7,[]
4416,73,[]
4544,1,[]
4546,14,[]
4571,10,[]
4589,15,[]
4616,12,[]
4637,19,[]
4671,12,[]
4692,17,[]
4722,10,[]
4740,19,[]
4774,11,[]
4794,20,[]
4829,6,[]
4840,19,[]
4874,6,[]
4885,21,[]
4922,15,[]
4949,8,[]
4963,10,[]
4981,21,[]
5018,7,[]
5031,17,[]
5061,6,[]
5072,15,[]
5099,12,[]
5120,14,[]
5145,12,[]
5166,15,[]
5193,14,[]
5218,86,[]
5369,9,[]
5385,6,[]
5396,8,[]
5410,16,[]
5438,8,[]
5452,12,[]
5473,11,[]
5493,15,[]
5520,9,[]
5536,13,[]
5559,14,[]
5584,8,[]
5598,15,[]
5625,9,[]
5641,14,[]
5666,11,[]
5686,11,[]
5706,19,[]
5740,8,[]
5754,19,[]
5788,7,[]
5801,17,[]
5831,12,[]
5852,14,[]
5877,14,[]
5902,8,[]
5916,18,[]
5948,9,[]
5964,17,[]
5994,89,[]
6150,1,[]
6152,11,[]
6172,9,[]
6188,13,[]
6211,14,[]
6236,8,[]
6250,19,[]
6284,8,[]
6298,19,[]
6332,6,[]
6343,19,[]
6377,8,[]
6391,19,[]
6425,12,[1, 2, 3, 4, 5, 6, 7, 8, 9, 10, 11]
6446,21,[]
6483,6,[]
6494,17,[]
6524,12,[]
6545,19,[]
6579,6,[]
6590,18,[]
6622,12,[]
6643,20,[]
6678,6,[]
6689,18,[]
6721,11,[]
6741,20,[]
6776,12,[]
6797,18,[]
6829,87,[]
6982,8,[]
6996,12,[]
7017,11,[]
7037,13,[]
7060,16,[]
7088,9,[]
7104,17,[]
7134,8,[]
7148,19,[]
7182,7,[]
7195,17,[]
7225,9,[]
7241,18,[]
7273,11,[]
7293,18,[]
7325,11,[]
7345,17,[]
7375,11,[]
7395,17,[]
7425,11,[]
7445,18,[]
7477,11,[]
7497,17,[]
7527,11,[]
7547,18,[]
7579,11,[]
7599,17,[]
7629,10,[]
7647,17,[]
7677,99,[]
7851,10,[]
7869,8,[]
7883,13,[]
7906,7,[]
7919,20,[]
7954,5,[]
7963,19,[]
7997,8,[]
8011,21,[]
8048,11,[]
8068,20,[]
8103,8,[]
8117,21,[]
8154,8,[]
8168,20,[]
8203,10,[]
8221,20,[]
8256,12,[]
8277,20,[]
8312,11,[]
8332,20,[]
8367,10,[]
8385,22,[]
8424,12,[]
8445,20,[]
8480,10,[]
8498,22,[]
8537,11,[]
8557,15,[]
0,52,[]
91,6,[]
102,7,[]
115,12,[]
136,12,[]
157,11,[]
177,11,[]
197,12,[]
218,11,[]
238,8,[]
252,10,[]
270,10,[]
288,13,[]
311,11,[]
331,11,[]
351,10,[]
369,12,[]
390,10,[]
408,12,[0, 1, 2, 3, 4, 5, 6, 7, 8, 9, 10, 11]
429,12,[]
450,13,[]
473,12,[]
494,14,[]
519,18,[]
551,18,[]
583,18,[]
615,19,[]
649,18,[]
681,16,[]
709,28,[]
758,125,[]
977,10,[]
995,12,[]
1016,19,[]
1050,7,[]
1063,9,[]
1079,26,[]
1125,14,[]
1150,16,[]
1178,14,[]
1203,16,[]
1231,14,[]
1256,15,[]
1283,17,[]
1313,12,[]
1334,17,[]
1364,16,[]
1392,12,[]
1413,18,[]
1445,12,[]
1466,15,[0, 1, 2, 3, 4, 5, 6, 7, 8, 9, 10, 11, 12, 13]
1493,15,[]
1520,17,[]
1550,14,[]
1575,22,[]
1614,11,[]
1634,13,[]
1657,18,[]
1689,17,[]
1719,30,[]
1772,120,[]
1982,5,[]
1991,7,[]
2004,9,[]
2020,13,[]
2043,11,[]
2063,14,[]
2088,12,[]
2109,13,[]
2132,12,[]
2153,12,[]
2174,11,[]
2194,13,[]
2217,9,[]
2233,14,[]
2258,14,[]
2283,15,[]
2310,11,[]
2330,12,[]
2351,11,[]
2371,12,[]
2392,11,[]
2412,13,[]
2435,11,[]
2455,14,[]
2480,10,[]
2498,12,[]
2519,12,[]
2540,13,[]
2563,19,[]
2597,113,[]
2795,5,[]
2804,10,[]
2822,10,[]
2840,11,[]
2860,10,[]
2878,11,[]
2898,12,[]
2919,13,[]
2942,12,[]
2963,13,[]
2986,13,[]
3009,14,[]
3034,12,[]
3055,14,[]
3080,12,[]
3101,15,[]
3128,12,[]
3149,14,[]
3174,10,[]
3192,14,[]
3217,11,[]
3237,15,[]
3264,14,[]
3289,15,[]
3316,11,[]
3336,13,[]
3359,11,[]
3379,12,[]
3400,24,[]
3442,118,[]
3649,7,[]
3662,10,[]
3680,11,[]
3700,13,[]
3723,10,[]
3741,13,[]
3764,12,[]
3785,15,[]
3812,12,[]
3833,13,[]
3856,12,[]
3877,14,[]
3902,16,[]
3930,16,[]
3958,14,[]
3983,18,[]
4015,12,[]
4036,14,[]
4061,13,[]
4084,15,[]
4111,13,[]
4134,13,[]
4157,13,[]
4180,17,[]
4210,11,[]
4230,13,[]
4253,12,[]
4274,14,[]
4299,24,[]
4341,125,[]
4560,6,[]
4571,12,[]
4592,11,[]
4612,11,[]
4632,12,[]
4653,11,[]
4673,12,[]
4694,15,[]
4721,13,[]
4744,14,[]
4769,14,[]
4794,15,[]
4821,14,[]
4846,16,[]
4874,13,[]
4897,18,[]
4929,12,[]
4950,13,[]
4973,12,[]
4994,15,[]
5021,16,[]
5049,17,[]
5079,14,[]
5104,23,[]
5145,12,[]
5166,13,[]
5189,10,[]
5207,11,[]
5227,27,[]
5275,129,[]
5501,4,[]
5508,11,[]
5528,10,[]
5546,12,[]
5567,10,[]
5585,11,[]
5605,13,[]
5628,14,[]
5653,12,[]
5674,13,[]
5697,15,[]
5724,16,[]
5752,15,[]
5779,18,[]
5811,12,[]
5832,16,[]
5860,12,[]
5881,14,[]
5906,12,[]
5927,18,[]
5959,13,[]
5982,16,[]
6010,11,[]
6030,14,[]
6055,11,[]
6075,13,[]
6098,12,[]
6119,15,[]
6146,28,[]
6195,136,[]
6433,3,[]
6439,8,[]
6453,9,[]
6469,11,[]
6489,8,[]
6503,9,[]
6519,11,[]
6539,13,[]
6562,13,[]
6585,15,[]
6612,13,[]
6635,13,[]
6658,10,[]
6676,10,[]
6694,11,[]
6714,11,[]
6734,11,[]
6754,10,[]
6772,11,[]
6792,13,[]
6815,14,[]
6840,15,[]
6867,16,[]
6895,18,[]
6927,11,[]
6947,13,[]
6970,10,[]
6988,14,[]
7013,30,[]
7066,137,[]
7306,4,[]
7313,5,[]
7322,8,[]
7336,9,[]
7352,8,[]
7366,9,[]
7382,11,[]
7402,13,[]
7425,10,[]
7443,13,[]
7466,12,[]
7487,11,[]
7507,13,[]
7530,12,[]
7551,13,[]
7574,13,[]
7597,17,[]
7627,14,[]
7652,16,[]
7680,11,[]
7700,14,[]
7725,12,[]
7746,13,[]
7769,14,[]
7794,19,[]
7828,13,[]
7851,14,[]
7876,12,[]
7897,34,[]
7957,129,[]
8183,4,[]
8190,5,[]
8199,7,[]
8212,11,[]
8232,9,[]
8248,9,[]
8264,9,[]
8280,11,[]
8300,12,[]
8321,11,[]
8341,8,[]
8355,11,[]
8375,11,[]
8395,12,[]
8416,11,[]
8436,13,[]
8459,15,[]
8486,12,[]
8507,12,[]
8528,16,[]
8556,9,[]
8572,10,[]
8590,12,[]
8611,13,[]
8634,10,[]
8652,11,[]
8672,11,[]
8692,14,[]
8717,3,[]
0,48,[]
84,7,[]
97,7,[]
110,9,[]
126,12,[]
147,19,[]
181,8,[]
195,7,[]
208,7,[]
221,7,[]
234,13,[]
257,11,[]
277,11,[]
297,11,[]
317,9,[]
333,10,[]
351,13,[]
374,9,[]
390,11,[]
410,10,[]
428,12,[]
449,12,[0, 1, 2, 3, 4, 5, 6, 7, 8, 9]
470,12,[]
491,16,[]
519,10,[]
537,14,[]
562,14,[]
587,15,[]
614,15,[]
641,14,[]
666,137,[]
906,5,[]
915,10,[]
933,10,[]
951,7,[]
964,4,[]
971,9,[]
987,11,[]
1007,8,[]
1021,8,[]
1035,9,[]
1051,10,[]
1069,11,[]
1089,10,[]
1107,8,[]
1121,11,[]
1141,9,[]
1157,13,[]
1180,12,[]
1201,12,[]
1222,9,[]
1238,9,[]
1254,11,[]
1274,12,[]
1295,10,[]
1313,11,[]
1333,14,[]
1358,15,[]
1385,8,[]
1399,9,[]
1415,135,[]
1652,3,[]
1658,8,[]
1672,7,[]
1685,8,[]
1699,9,[]
1715,10,[]
1733,11,[]
1753,10,[]
1771,12,[]
1792,11,[]
1812,13,[]
1835,9,[]
1851,10,[]
1869,16,[]
1897,14,[]
1922,10,[]
1940,11,[]
1960,11,[]
1980,13,[]
2003,11,[]
2023,19,[]
2057,17,[]
2087,15,[]
2114,18,[]
2146,19,[]
2180,18,[]
2212,18,[]
2244,18,[]
2276,25,[]
2320,88,[]
2474,11,[]
2494,11,[]
2514,13,[]
2537,14,[]
2562,11,[]
2582,12,[]
2603,16,[]
2631,24,[]
2673,14,[]
2698,20,[]
2733,18,[]
2765,19,[]
2799,22,[]
2838,17,[]
2868,14,[]
2893,14,[0, 1, 2, 3, 4, 5, 6, 7, 8, 9, 10, 11, 12, 13]
2918,23,[]
2959,14,[]
2984,16,[]
3012,19,[]
3046,22,[]
3085,16,[]
3113,18,[]
3145,19,[]
3179,19,[]
3213,17,[]
3243,19,[]
3277,18,[]
3309,15,[]
3336,80,[]
3476,11,[]
3496,18,[]
3528,12,[]
3549,13,[]
3572,11,[]
3592,14,[]
3617,16,[]
3645,18,[]
3677,17,[]
3707,16,[]
3735,14,[]
3760,14,[]
3785,14,[]
3810,15,[]
3837,15,[]
3864,18,[]
3896,13,[]
3919,16,[]
3947,14,[]
3972,15,[]
3999,12,[]
4020,15,[]
4047,15,[]
4074,13,[]
4097,14,[]
4122,15,[]
4149,17,[]
4179,14,[]
4204,16,[]
4232,95,[]
4399,10,[]
4417,16,[]
4445,14,[]
4470,16,[]
4498,17,[]
4528,19,[]
4562,20,[]
4597,17,[]
4627,17,[]
4657,18,[]
4689,19,[]
4723,21,[]
4760,19,[]
4794,18,[]
4826,18,[]
4858,19,[]
4892,19,[]
4926,22,[]
4965,20,[]
5000,19,[]
5034,19,[]
5068,18,[]
5100,16,[]
5128,24,[]
5170,20,[]
5205,17,[]
5235,18,[]
5267,19,[]
5301,20,[]
5336,74,[]
5466,8,[]
5480,9,[]
5496,12,[0, 1, 2, 3, 4, 5, 6, 7, 8, 9, 10, 11]
5517,12,[]
5538,14,[]
5563,13,[]
5586,11,[]
5606,14,[]
5631,16,[]
5659,14,[]
5684,16,[]
5712,16,[]
5740,16,[]
5768,12,[]
5789,12,[]
5810,10,[]
5828,10,[]
5846,17,[]
5876,19,[]
5910,17,[]
5940,9,[]
5956,13,[]
5979,12,[]
6000,12,[]
6021,13,[]
6044,12,[]
6065,14,[]
6090,11,[]
6110,16,[]
6138,73,[]
6266,6,[]
6277,6,[]
6288,8,[]
6302,11,[]
6322,7,[]
6335,9,[]
6351,11,[]
6371,11,[]
6391,12,[]
6412,9,[]
6428,15,[]
6455,14,[]
6480,12,[]
6501,9,[]
6517,14,[]
6542,14,[]
6567,14,[]
6592,11,[]
6612,13,[]
6635,14,[]
6660,15,[]
6687,11,[]
6707,11,[]
6727,14,[]
6752,14,[]
6777,11,[]
6797,9,[]
6813,16,[]
6841,15,[]
6868,85,[]
7017,2,[]
7021,9,[]
7037,11,[]
7057,10,[]
7075,7,[]
7088,12,[]
7109,12,[]
7130,14,[]
7155,11,[]
7175,13,[]
7198,10,[]
7216,12,[]
7237,8,[]
7251,12,[]
7272,14,[]
7297,12,[]
7318,7,[]
7331,10,[]
7349,13,[]
7372,10,[]
7390,8,[]
7404,10,[]
7422,15,[]
7449,13,[]
7472,9,[]
7488,11,[]
7508,9,[]
7524,11,[]
7544,10,[]
7562,100,[]
7737,2,[]
7741,6,[0, 1, 2, 3, 4, 5]
7752,8,[]
7766,11,[]
7786,7,[]
7799,10,[]
7817,9,[]
7833,12,[]
7854,11,[]
7874,8,[]
7888,11,[]
7908,13,[0, 1, 2, 3, 4, 5, 6, 7, 8, 9, 10]
7931,13,[]
7954,11,[]
7974,11,[]
7994,13,[]
8017,8,[]
8031,12,[]
8052,12,[]
8073,13,[]
8096,13,[]
8119,12,[]
8140,14,[]
8165,15,[]
8192,10,[]
8210,13,[]
8233,11,[]
8253,11,[]
8273,4,[0, 1, 2, 3]
0,27,[]
48,7,[]
61,10,[]
79,14,[]
104,12,[]
125,12,[]
146,13,[0, 1, 2, 3, 4, 5, 6, 7, 8, 9, 10, 11, 12]
169,12,[]
190,14,[]
215,11,[]
235,17,[]
265,12,[]
286,13,[]
309,10,[]
327,12,[]
348,12,[]
369,12,[]
390,11,[]
410,14,[]
435,11,[]
455,14,[]
480,12,[]
501,14,[]
526,13,[]
549,16,[]
577,17,[]
607,16,[]
635,15,[]
662,18,[]
694,16,[]
722,61,[]
829,12,[]
850,16,[]
878,15,[]
905,9,[]
921,16,[]
949,15,[]
976,17,[]
1006,16,[]
1034,15,[]
1061,21,[]
1098,18,[]
1130,17,[]
1160,14,[]
1185,17,[]
1215,17,[]
1245,16,[]
1273,17,[]
1303,16,[]
1331,17,[]
1361,17,[]
1391,18,[]
1423,16,[]
1451,19,[]
1485,17,[]
1515,19,[]
1549,18,[]
1581,19,[]
1615,15,[]
1642,17,[]
1672,68,[]
1791,12,[]
1812,13,[]
1835,16,[]
1863,15,[]
1890,15,[]
1917,14,[]
1942,13,[]
1965,14,[]
1990,15,[]
2017,19,[]
2051,14,[]
2076,15,[]
2103,15,[]
2130,15,[]
2157,15,[]
2184,15,[]
2211,15,[]
2238,15,[]
2265,15,[]
2292,14,[]
2317,16,[]
2345,14,[]
2370,12,[]
2391,15,[]
2418,15,[]
2445,11,[]
2465,14,[]
2490,12,[]
2511,14,[]
2536,66,[]
2652,10,[]
2670,13,[]
2693,12,[]
2714,13,[]
2737,13,[]
2760,14,[]
2785,14,[]
2810,17,[]
2840,12,[]
2861,19,[]
2895,13,[]
2918,10,[]
2936,13,[2, 3, 4, 5, 6, 7, 8, 9, 10, 11, 12]
2959,12,[]
2980,13,[]
3003,15,[]
3030,14,[]
3055,14,[]
3080,12,[]
3101,16,[]
3129,15,[]
3156,14,[]
3181,13,[]
3204,12,[]
3225,14,[]
3250,15,[]
3277,17,[]
3307,14,[]
3332,14,[]
3357,67,[]
3475,7,[]
3488,12,[]
3509,13,[]
3532,11,[]
3552,11,[]
3572,13,[]
3595,9,[]
3611,14,[]
3636,14,[]
3661,15,[]
3688,14,[]
3713,16,[]
3741,12,[]
3762,13,[]
3785,15,[]
3812,13,[]
3835,13,[]
3858,15,[]
3885,14,[]
3910,13,[]
3933,15,[]
3960,14,[]
3985,12,[]
4006,17,[]
4036,16,[]
4064,17,[]
4094,10,[]
4112,13,[]
4135,13,[]
4158,70,[]
4281,7,[]
4294,10,[]
4312,11,[]
4332,12,[]
4353,10,[]
4371,9,[]
4387,10,[]
4405,13,[]
4428,9,[]
4444,17,[]
4474,10,[]
4492,12,[]
4513,13,[]
4536,14,[]
4561,13,[]
4584,13,[]
4607,12,[]
4628,12,[]
4649,13,[]
4672,16,[]
4700,14,[]
4725,12,[]
4746,12,[]
4767,14,[]
4792,11,[]
4812,13,[]
4835,15,[]
4862,15,[2, 3, 4, 5, 6, 7, 8, 9, 10, 11, 12, 13, 14]
4889,11,[]
4909,84,[]
5056,3,[]
5062,5,[]
5071,5,[]
5080,11,[]
5100,9,[]
5116,12,[]
5137,12,[]
5158,14,[]
5183,12,[]
5204,18,[]
5236,8,[]
5250,10,[]
5268,8,[]
5282,10,[]
5300,8,[]
5314,11,[]
5334,11,[]
5354,14,[]
5379,11,[]
5399,11,[]
5419,13,[]
5442,10,[]
5460,10,[]
5478,15,[]
5505,10,[]
5523,9,[]
5539,10,[]
5557,14,[]
5582,11,[]
5602,106,[]
5788,5,[]
5797,7,[]
5810,9,[]
5826,10,[]
5844,9,[0, 1, 2, 3, 4, 5, 6, 7, 8]
5860,11,[]
5880,8,[]
5894,9,[]
5910,10,[]
5928,14,[]
5953,10,[]
5971,12,[]
5992,9,[]
6008,14,[]
6033,12,[]
6054,11,[]
6074,10,[]
6092,11,[]
6112,13,[]
6135,14,[]
6160,11,[0, 1, 2, 3, 4, 5, 6, 7, 8, 9, 10]
6180,11,[]
6200,15,[]
6227,14,[]
6252,10,[]
6270,12,[]
6291,13,[]
6314,14,[]
6339,12,[]
6360,106,[]
6546,5,[]
6555,7,[]
6568,7,[]
6581,12,[]
6602,10,[]
6620,12,[]
6641,12,[]
6662,16,[]
6690,13,[]
6713,18,[]
6745,13,[]
6768,13,[]
6791,9,[]
6807,16,[]
6835,10,[]
6853,12,[]
6874,10,[]
6892,11,[]
6912,10,[]
6930,11,[]
6950,10,[]
6968,12,[]
6989,13,[]
7012,13,[]
7035,13,[]
7058,14,[]
7083,13,[]
7106,16,[]
7134,18,[]
7166,100,[]
7341,12,[]
7362,17,[]
7392,16,[]
7420,18,[]
7452,19,[]
7486,21,[]
7523,20,[]
7558,21,[]
7595,20,[]
7630,24,[]
7672,20,[]
7707,20,[]
7742,17,[]
7772,18,[]
7804,19,[]
7838,18,[]
7870,15,[]
7897,17,[]
7927,17,[]
7957,19,[]
7991,17,[]
8021,18,[]
8053,15,[]
8080,18,[]
8112,17,[]
8142,18,[]
8174,17,[]
8204,20,[]
8239,9,[]
