0,17,[]
31,8,[]
46,13,[]
70,14,[]
96,5,[]
105,16,[]
134,16,[]
163,15,[]
190,13,[]
214,6,[]
225,16,[]
254,13,[]
278,15,[]
305,14,[]
331,14,[]
357,15,[]
384,3,[]
390,13,[]
414,15,[]
441,16,[]
470,13,[]
494,6,[]
505,15,[]
532,17,[0, 1, 2, 3, 4, 5, 6, 7, 8, 9, 10, 11, 12, 13, 14, 15, 16]
563,18,[]
596,14,[]
622,14,[]
648,14,[]
674,7,[]
687,14,[]
713,37,[]
780,14,[]
806,12,[]
828,6,[]
839,14,[]
865,16,[]
894,17,[]
925,16,[]
954,20,[]
990,16,[]
1019,7,[]
1032,17,[]
1063,16,[]
1092,18,[]
1125,5,[]
1134,16,[]
1163,16,[]
1192,15,[]
1219,16,[]
1248,15,[]
1275,17,[]
1306,8,[]
1321,16,[]
1350,17,[]
1381,17,[]
1412,17,[]
1443,5,[]
1452,15,[]
1479,17,[]
1510,16,[]
1539,41,[]
1613,13,[]
1637,17,[]
1668,2,[]
1672,17,[]
1703,17,[]
1734,17,[]
1765,18,[]
1798,5,[0, 1, 2, 3, 4]
1807,18,[]
1840,17,[]
1871,18,[]
1904,18,[]
1937,17,[]
1968,17,[]
1999,8,[]
2014,16,[]
2043,17,[]
2074,17,[]
2105,17,[]
2136,7,[]
2149,18,[]
2182,18,[]
2215,16,[]
2244,17,[]
2275,16,[]
2304,16,[]
2333,8,[]
2348,16,[]
2377,18,[]
2410,42,[]
2486,13,[]
2510,4,[]
2518,17,[]
2549,16,[]
2578,14,[]
2604,21,[]
2642,15,[]
2669,17,[]
2700,10,[]
2718,17,[]
2749,17,[]
2780,16,[]
2809,16,[0, 1, 2, 3, 4, 5, 6, 7, 8, 9, 10, 11, 12, 13, 14, 15]
2838,7,[]
2851,17,[]
2882,19,[]
2917,15,[]
2944,15,[]
2971,15,[]
2998,8,[]
3013,15,[]
3040,16,[]
3069,18,[]
3102,16,[]
3131,7,[]
3144,16,[]
3173,19,[]
3208,16,[]
3237,16,[]
3266,48,[]
3353,13,[]
3377,4,[]
3385,17,[]
3416,17,[]
3447,18,[]
3480,18,[]
3513,7,[]
3526,19,[]
3561,16,[]
3590,16,[]
3619,17,[]
3650,22,[]
3690,17,[]
3721,7,[]
3734,18,[]
3767,16,[]
3796,17,[]
3827,17,[]
3858,7,[]
3871,20,[]
3907,20,[]
3943,21,[]
3981,20,[]
4017,19,[]
4052,21,[]
4090,9,[]
4107,23,[]
4149,22,[]
4189,22,[]
4229,46,[]
4312,3,[]
4318,21,[]
4356,22,[]
4396,23,[]
4438,23,[]
4480,19,[]
4515,19,[]
4550,6,[]
4561,19,[]
4596,20,[]
4632,20,[]
4668,18,[]
4701,6,[]
4712,19,[]
4747,19,[]
4782,21,[]
4820,17,[]
4851,22,[]
4891,19,[]
4926,6,[]
4937,20,[]
4973,20,[]
5009,17,[]
5040,18,[]
5073,5,[]
5082,21,[]
5120,18,[]
5153,20,[]
5189,20,[]
5225,43,[]
5303,3,[]
5309,19,[]
5344,19,[]
5379,18,[]
5412,18,[]
5445,6,[]
5456,19,[]
5491,18,[]
5524,18,[]
5557,18,[]
5590,16,[]
5619,17,[]
5650,6,[]
5661,17,[]
5692,20,[]
5728,16,[]
5757,20,[]
5793,3,[]
5799,16,[]
5828,18,[]
5861,18,[]
5894,19,[]
5929,18,[]
5962,23,[]
6004,6,[]
6015,20,[]
6051,18,[]
6084,17,[]
6115,19,[]
6150,46,[]
6233,15,[]
6260,16,[]
6289,18,[]
6322,18,[]
6355,16,[]
6384,17,[]
6415,6,[]
6426,16,[]
6455,18,[]
6488,20,[]
6524,17,[]
6555,7,[]
6568,17,[]
6599,20,[]
6635,16,[]
6664,16,[]
6693,16,[]
6722,16,[]
6751,7,[]
6764,18,[]
6797,19,[]
6832,17,[]
6863,17,[]
6894,6,[0, 1, 2, 3, 4, 5]
6905,19,[]
6940,17,[]
6971,18,[]
7004,6,[]
7015,17,[]
7046,46,[]
7129,18,[]
7162,14,[]
7188,14,[]
7214,16,[]
7243,7,[]
7256,19,[]
7291,16,[]
7320,16,[]
7349,16,[]
7378,9,[]
7395,18,[]
7428,18,[]
7461,15,[]
7488,16,[2, 3, 4, 5, 6, 7, 8, 9, 10, 11, 12, 13, 14, 15]
7517,16,[]
7546,15,[]
7573,7,[]
7586,17,[]
7617,17,[]
7648,17,[]
7679,17,[]
7710,3,[]
7716,17,[]
7747,19,[]
7782,16,[]
7811,16,[]
7840,17,[]
7871,17,[]
7902,6,[]
7913,45,[]
7994,14,[]
8020,18,[]
8053,18,[]
8086,5,[]
8095,18,[]
8128,16,[]
8157,22,[]
8197,15,[]
8224,16,[]
8253,14,[]
8279,6,[]
8290,15,[]
8317,16,[]
8346,17,[]
8377,15,[]
8404,8,[]
8419,15,[]
8446,17,[]
8477,17,[]
8508,18,[]
8541,16,[]
8570,17,[]
8601,6,[]
8612,18,[]
8645,18,[]
8678,18,[]
8711,17,[]
8742,3,[]
8748,10,[]
0,60,[]
108,1,[]
110,13,[]
134,13,[]
158,15,[]
185,13,[]
209,14,[]
235,14,[]
261,15,[]
288,13,[]
312,14,[]
338,16,[]
367,17,[]
398,15,[]
425,17,[]
456,14,[]
482,16,[]
511,16,[]
540,19,[]
575,18,[]
608,17,[]
639,11,[0, 1, 2, 3, 4, 5, 6, 7, 8, 9, 10]
659,16,[]
688,17,[]
719,19,[]
754,17,[]
785,17,[]
816,18,[]
849,23,[]
891,19,[]
926,163,[]
1220,16,[]
1249,6,[]
1260,11,[]
1280,6,[]
1291,9,[]
1308,9,[]
1325,9,[]
1342,12,[]
1364,11,[]
1384,13,[]
1408,8,[]
1423,10,[]
1441,12,[]
1463,10,[]
1481,9,[]
1498,11,[]
1518,8,[]
1533,9,[]
1550,15,[2, 3, 4, 5, 6, 7, 8, 9, 10, 11, 12, 13, 14]
1577,10,[]
1595,7,[]
1608,11,[]
1628,7,[]
1641,13,[]
1665,11,[]
1685,11,[]
1705,15,[]
1732,11,[]
1752,9,[]
1769,141,[]
2023,5,[]
2032,4,[]
2040,9,[]
2057,10,[]
2075,9,[]
2092,13,[]
2116,11,[]
2136,13,[]
2160,15,[]
2187,10,[]
2205,12,[]
2227,15,[]
2254,11,[]
2274,11,[]
2294,10,[]
2312,11,[]
2332,11,[]
2352,14,[]
2378,13,[]
2402,14,[]
2428,14,[]
2454,13,[0, 1, 2, 3, 4, 5, 6, 7, 8, 9, 10, 11, 12]
2478,14,[]
2504,15,[]
2531,12,[]
2553,13,[]
2577,14,[]
2603,16,[]
2632,11,[]
2652,134,[]
2894,12,[]
2916,10,[]
2934,10,[]
2952,11,[]
2972,8,[]
2987,11,[]
3007,14,[]
3033,13,[]
3057,13,[]
3081,17,[]
3112,13,[]
3136,18,[]
3169,12,[]
3191,16,[]
3220,14,[]
3246,16,[]
3275,11,[]
3295,12,[]
3317,13,[]
3341,16,[]
3370,17,[]
3401,13,[]
3425,12,[]
3447,16,[]
3476,13,[]
3500,14,[]
3526,13,[]
3550,16,[]
3579,9,[]
3596,149,[]
3865,12,[]
3887,8,[]
3902,9,[]
3919,12,[]
3941,14,[]
3967,16,[]
3996,13,[]
4020,17,[]
4051,12,[]
4073,12,[]
4095,17,[]
4126,18,[]
4159,12,[]
4181,12,[]
4203,10,[]
4221,14,[]
4247,11,[]
4267,11,[]
4287,11,[]
4307,12,[]
4329,10,[]
4347,13,[]
4371,13,[]
4395,14,[]
4421,9,[0, 1, 2, 3, 4, 5, 6, 7, 8]
4438,10,[]
4456,13,[]
4480,15,[]
4507,10,[]
4525,161,[]
4815,10,[]
4833,7,[]
4846,7,[]
4859,9,[]
4876,9,[]
4893,9,[]
4910,14,[]
4936,13,[]
4960,16,[]
4989,16,[]
5018,13,[]
5042,17,[]
5073,16,[]
5102,15,[]
5129,17,[]
5160,17,[]
5191,16,[]
5220,16,[]
5249,16,[]
5278,17,[]
5309,13,[]
5333,16,[]
5362,17,[]
5393,17,[]
5424,15,[]
5451,15,[]
5478,14,[]
5504,16,[]
5533,13,[]
5557,141,[]
5811,7,[]
5824,6,[]
5835,10,[]
5853,12,[]
5875,10,[]
5893,11,[]
5913,11,[]
5933,13,[]
5957,15,[]
5984,13,[]
6008,13,[]
6032,13,[]
6056,12,[]
6078,13,[]
6102,12,[]
6124,13,[]
6148,12,[]
6170,13,[]
6194,13,[]
6218,13,[]
6242,11,[]
6262,12,[]
6284,13,[]
6308,15,[]
6335,13,[]
6359,13,[0, 1, 2, 3, 4, 5, 6, 7, 8, 9, 10, 11, 12]
6383,13,[]
6407,15,[]
6434,11,[]
6454,143,[]
6712,6,[]
6723,5,[]
6732,8,[]
6747,10,[]
6765,9,[]
6782,11,[]
6802,13,[]
6826,16,[]
6855,14,[]
6881,14,[]
6907,13,[]
6931,12,[]
6953,14,[]
6979,13,[]
7003,13,[0, 1, 2, 3, 4, 5, 6, 7, 8, 9, 10, 11, 12]
7027,12,[]
7049,12,[]
7071,11,[]
7091,13,[]
7115,13,[]
7139,11,[]
7159,11,[]
7179,10,[]
7197,12,[]
7219,10,[]
7237,11,[]
7257,10,[]
7275,13,[]
7299,11,[]
7319,119,[]
7534,3,[]
7540,10,[]
7558,6,[]
7569,7,[]
7582,8,[]
7597,8,[]
7612,8,[]
7627,8,[]
7642,11,[]
7662,9,[]
7679,8,[]
7694,11,[0, 1, 2, 3, 4, 5, 6, 7, 8, 9]
7714,9,[]
7731,11,[]
7751,12,[]
7773,11,[]
7793,11,[]
7813,10,[]
7831,9,[]
7848,12,[]
7870,15,[]
7897,12,[]
7919,11,[]
7939,13,[]
7963,15,[]
7990,15,[]
8017,14,[]
8043,17,[]
8074,16,[]
8103,135,[]
8346,9,[]
8363,8,[0, 1, 2, 3, 4, 5, 6, 7]
8378,11,[]
8398,11,[]
8418,11,[]
8438,12,[]
8460,12,[]
8482,14,[]
8508,15,[]
8535,15,[]
8562,15,[]
8589,16,[]
8618,16,[]
8647,18,[]
8680,15,[]
8707,15,[]
8734,13,[]
8758,15,[]
8785,13,[]
8809,16,[]
8838,14,[1, 2, 3, 4, 5, 6, 7, 8, 9, 10, 11, 12, 13]
8864,15,[]
8891,14,[]
8917,13,[]
8941,18,[]
8974,18,[]
9007,12,[]
9029,13,[]
9053,14,[]
0,28,[]
51,3,[]
57,8,[]
72,12,[]
94,15,[]
121,14,[]
147,11,[]
167,11,[]
187,12,[]
209,11,[]
229,13,[]
253,13,[]
277,15,[]
304,12,[]
326,13,[]
350,11,[]
370,15,[]
397,12,[]
419,12,[]
441,13,[]
465,14,[]
491,11,[]
511,13,[]
535,11,[]
555,13,[]
579,12,[]
601,12,[0, 1, 2, 3, 4, 5, 6, 7, 8, 9, 10, 11]
623,12,[]
645,18,[]
678,14,[]
704,74,[]
838,18,[]
871,16,[]
900,15,[]
927,11,[]
947,16,[]
976,21,[]
1014,24,[]
1058,21,[]
1096,21,[]
1134,23,[]
1176,22,[]
1216,22,[]
1256,24,[]
1300,20,[]
1336,24,[]
1380,24,[]
1424,23,[]
1466,19,[]
1501,21,[]
1539,23,[]
1581,20,[]
1617,25,[]
1662,21,[]
1700,21,[]
1738,22,[]
1778,22,[]
1818,18,[]
1851,20,[]
1887,22,[]
1927,42,[]
2003,19,[]
2038,19,[]
2073,18,[]
2106,20,[]
2142,18,[]
2175,18,[]
2208,19,[]
2243,19,[]
2278,16,[]
2307,19,[]
2342,16,[]
2371,16,[]
2400,18,[]
2433,18,[]
2466,15,[]
2493,16,[]
2522,16,[]
2551,18,[]
2584,15,[]
2611,16,[]
2640,15,[]
2667,17,[]
2698,17,[]
2729,16,[]
2758,15,[1, 2, 3, 4, 5, 6, 7, 8, 9, 10, 11, 12, 13, 14]
2785,15,[]
2812,16,[]
2841,16,[]
2870,17,[]
2901,46,[]
2984,12,[]
3006,14,[]
3032,13,[]
3056,17,[]
3087,13,[]
3111,13,[]
3135,15,[]
3162,16,[]
3191,16,[]
3220,16,[]
3249,14,[]
3275,13,[]
3299,14,[]
3325,14,[]
3351,15,[0, 1, 2, 3, 4, 5, 6, 7, 8, 9, 10, 11, 12, 13, 14]
3378,16,[]
3407,12,[]
3429,14,[]
3455,13,[]
3479,16,[]
3508,15,[]
3535,13,[0, 1, 2, 3, 4, 5, 6, 7, 8, 9, 10, 11]
3559,15,[]
3586,15,[]
3613,16,[]
3642,18,[]
3675,14,[]
3701,15,[]
3728,13,[]
3752,34,[]
3814,12,[]
3836,13,[]
3860,15,[]
3887,16,[]
3916,19,[]
3951,18,[]
3984,15,[]
4011,15,[]
4038,15,[]
4065,14,[]
4091,14,[]
4117,13,[]
4141,14,[]
4167,14,[]
4193,13,[]
4217,13,[]
4241,15,[]
4268,13,[]
4292,16,[]
4321,15,[]
4348,15,[]
4375,14,[]
4401,15,[]
4428,15,[]
4455,15,[]
4482,13,[]
4506,13,[]
4530,15,[]
4557,13,[]
4581,42,[]
4657,9,[]
4674,12,[]
4696,12,[]
4718,15,[]
4745,12,[]
4767,11,[]
4787,15,[]
4814,14,[]
4840,10,[]
4858,11,[]
4878,11,[]
4898,14,[]
4924,12,[]
4946,12,[]
4968,10,[]
4986,12,[]
5008,10,[]
5026,11,[]
5046,10,[]
5064,10,[]
5082,10,[]
5100,12,[]
5122,12,[]
5144,13,[]
5168,11,[]
5188,11,[]
5208,13,[]
5232,15,[]
5259,14,[]
5285,57,[]
5388,10,[]
5406,12,[]
5428,14,[]
5454,15,[]
5481,16,[]
5510,16,[]
5539,16,[]
5568,17,[]
5599,14,[]
5625,14,[]
5651,14,[]
5677,13,[]
5701,14,[]
5727,14,[]
5753,11,[]
5773,18,[]
5806,15,[]
5833,14,[]
5859,15,[]
5886,15,[]
5913,12,[]
5935,14,[]
5961,14,[]
5987,14,[]
6013,13,[]
6037,13,[]
6061,12,[]
6083,15,[]
6110,12,[]
6132,64,[]
6248,5,[]
6257,9,[]
6274,9,[]
6291,11,[]
6311,12,[]
6333,12,[]
6355,13,[]
6379,14,[]
6405,13,[]
6429,15,[]
6456,16,[0, 1, 2, 3, 4, 5, 6, 7, 8, 9, 10, 11, 12, 13, 14, 15]
6485,13,[]
6509,14,[]
6535,14,[]
6561,10,[]
6579,12,[]
6601,11,[]
6621,12,[]
6643,14,[]
6669,16,[]
6698,13,[]
6722,14,[]
6748,14,[]
6774,13,[]
6798,12,[]
6820,12,[]
6842,11,[]
6862,14,[]
6888,13,[]
6912,72,[]
7042,7,[]
7055,9,[]
7072,10,[]
7090,12,[]
7112,12,[]
7134,10,[]
7152,13,[]
7176,13,[]
7200,12,[]
7222,16,[]
7251,14,[]
7277,14,[]
7303,11,[]
7323,14,[]
7349,8,[]
7364,12,[]
7386,11,[]
7406,9,[]
7423,10,[]
7441,13,[]
7465,13,[]
7489,16,[]
7518,15,[]
7545,16,[]
7574,14,[]
7600,15,[]
7627,15,[]
7654,17,[]
7685,15,[]
7712,71,[]
7840,9,[]
7857,12,[]
7879,12,[]
7901,14,[]
7927,15,[]
7954,11,[]
7974,12,[]
7996,14,[]
8022,11,[]
8042,12,[]
8064,10,[0, 1, 2, 3, 4, 5, 6, 7, 8, 9]
8082,12,[]
8104,12,[]
8126,13,[]
8150,11,[]
8170,15,[]
8197,17,[]
8228,15,[]
8255,14,[]
8281,16,[]
8310,14,[]
8336,15,[]
8363,15,[]
8390,15,[]
8417,14,[]
8443,16,[]
8472,14,[]
8498,18,[1, 2, 3, 4, 5, 6, 7, 8, 9, 10, 11, 12, 13, 14, 15, 16]
8531,15,[]
0,70,[]
126,7,[]
139,2,[]
143,9,[0, 1, 2, 3, 4, 5, 6, 7, 8]
160,10,[]
178,10,[]
196,14,[]
222,3,[]
228,13,[]
252,17,[]
283,17,[]
314,18,[]
347,4,[]
355,20,[]
391,23,[]
433,23,[]
475,26,[]
522,3,[]
528,31,[]
584,31,[]
640,30,[]
694,28,[]
745,8,[]
760,29,[]
813,26,[]
860,26,[]
907,35,[]
970,4,[]
978,21,[]
1016,21,[]
1054,123,[]
1276,13,[]
1300,6,[]
1311,15,[]
1338,11,[]
1358,7,[]
1371,14,[]
1397,8,[]
1412,19,[]
1447,21,[]
1485,23,[]
1527,25,[]
1572,3,[]
1578,28,[]
1629,23,[]
1671,23,[]
1713,42,[]
1789,2,[]
1793,19,[]
1828,17,[]
1859,17,[]
1890,19,[]
1925,4,[]
1933,17,[]
1964,17,[]
1995,15,[]
2022,19,[]
2057,3,[]
2063,17,[]
2094,15,[]
2121,106,[]
2312,5,[]
2321,4,[]
2329,9,[]
2346,12,[]
2368,11,[]
2388,14,[]
2414,4,[]
2422,10,[]
2440,13,[]
2464,17,[]
2495,14,[]
2521,5,[]
2530,16,[2, 3, 4, 5, 6, 7, 8, 9, 10, 11, 12, 13, 14, 15]
2559,18,[]
2592,13,[]
2616,13,[]
2640,6,[]
2651,17,[]
2682,14,[]
2708,14,[]
2734,15,[]
2761,5,[]
2770,12,[]
2792,13,[]
2816,11,[]
2836,14,[]
2862,6,[]
2873,16,[]
2902,11,[]
2922,105,[]
3111,5,[]
3120,4,[]
3128,11,[]
3148,11,[]
3168,9,[]
3185,14,[]
3211,4,[]
3219,15,[]
3246,12,[]
3268,10,[]
3286,15,[]
3313,5,[]
3322,10,[]
3340,12,[]
3362,13,[]
3386,16,[]
3415,6,[]
3426,15,[]
3453,14,[]
3479,11,[]
3499,14,[]
3525,8,[0, 1, 2, 3, 4, 5, 6, 7]
3540,17,[]
3571,11,[]
3591,9,[]
3608,17,[]
3639,7,[]
3652,11,[]
3672,11,[]
3692,112,[]
3894,4,[]
3902,1,[]
3904,10,[]
3922,9,[]
3939,8,[]
3954,12,[]
3976,5,[]
3985,12,[]
4007,14,[]
4033,10,[]
4051,12,[]
4073,7,[]
4086,14,[]
4112,10,[]
4130,9,[]
4147,14,[]
4173,6,[0, 1, 2, 3, 4, 5]
4184,17,[]
4215,11,[]
4235,12,[]
4257,37,[]
4324,5,[]
4333,22,[]
4373,15,[]
4400,12,[]
4422,14,[]
4448,6,[]
4459,17,[]
4490,16,[]
4519,122,[]
4739,3,[]
4745,3,[]
4751,10,[]
4769,10,[]
4787,7,[]
4800,10,[]
4818,5,[]
4827,7,[]
4840,8,[]
4855,9,[]
4872,12,[]
4894,3,[]
4900,12,[]
4922,11,[]
4942,14,[]
4968,17,[]
4999,6,[]
5010,12,[]
5032,18,[]
5065,14,[]
5091,15,[]
5118,7,[]
5131,20,[]
5167,18,[]
5200,16,[]
5229,18,[]
5262,5,[]
5271,18,[]
5304,17,[]
5335,126,[]
5562,8,[]
5577,4,[]
5585,17,[]
5616,14,[]
5642,13,[]
5666,14,[]
5692,7,[]
5705,19,[]
5740,12,[]
5762,11,[]
5782,12,[]
5804,7,[]
5817,14,[]
5843,13,[]
5867,17,[]
5898,18,[]
5931,4,[]
5939,22,[]
5979,17,[]
6010,17,[]
6041,15,[]
6068,6,[]
6079,17,[]
6110,20,[]
6146,14,[]
6172,15,[]
6199,5,[]
6208,18,[]
6241,16,[]
6270,123,[]
6492,11,[]
6512,5,[]
6521,12,[]
6543,13,[]
6567,16,[]
6596,13,[]
6620,6,[]
6631,17,[]
6662,12,[]
6684,12,[]
6706,16,[]
6735,5,[]
6744,15,[]
6771,21,[]
6809,14,[]
6835,14,[]
6861,8,[]
6876,16,[]
6905,13,[]
6929,12,[]
6951,10,[]
6969,6,[]
6980,13,[]
7004,12,[]
7026,14,[]
7052,18,[]
7085,6,[]
7096,12,[]
7118,12,[]
7140,133,[]
7380,3,[]
7386,1,[]
7388,7,[]
7401,12,[]
7423,8,[]
7438,14,[]
7464,6,[]
7475,15,[]
7502,12,[]
7524,11,[]
7544,8,[]
7559,9,[]
7576,13,[]
7600,13,[]
7624,13,[]
7648,14,[]
7674,10,[]
7692,14,[0, 1, 2, 3, 4, 5, 6, 7, 8, 9, 10, 11, 12, 13]
7718,15,[]
7745,11,[]
7765,10,[]
7783,11,[]
7803,12,[]
7825,16,[]
7854,10,[]
7872,11,[]
7892,9,[]
7909,15,[0, 1, 2, 3, 4, 5, 6, 7, 8, 9, 10, 11, 12, 13]
7936,11,[]
7956,143,[]
8214,8,[]
8229,5,[]
8238,8,[]
8253,12,[]
8275,10,[]
8293,8,[]
8308,3,[]
8314,14,[]
8340,15,[]
8367,19,[]
8402,20,[]
8438,4,[]
8446,20,[]
8482,21,[]
8520,18,[]
8553,16,[]
8582,5,[]
8591,22,[]
8631,15,[]
8658,16,[]
8687,16,[]
8716,6,[]
8727,21,[]
8765,14,[]
8791,15,[]
8818,17,[]
8849,9,[]
8866,14,[]
8892,16,[]
0,48,[]
87,1,[]
89,3,[]
95,4,[]
103,7,[]
116,5,[]
125,5,[]
134,6,[]
145,10,[]
163,7,[]
176,8,[]
191,13,[]
215,9,[]
232,9,[]
249,9,[]
266,9,[]
283,11,[]
303,17,[]
334,19,[]
369,11,[]
389,14,[]
415,21,[]
453,17,[]
484,17,[]
515,17,[]
546,14,[]
572,14,[]
598,14,[]
624,15,[]
651,15,[]
678,153,[]
954,13,[]
978,15,[]
1005,12,[]
1027,5,[0, 1, 2, 3, 4]
1036,8,[]
1051,12,[]
1073,17,[]
1104,21,[]
1142,16,[]
1171,19,[]
1206,16,[]
1235,13,[]
1259,14,[]
1285,15,[]
1312,16,[]
1341,18,[]
1374,14,[]
1400,10,[]
1418,14,[]
1444,12,[]
1466,16,[]
1495,16,[2, 3, 4, 5, 6, 7, 8, 9, 10, 11, 12, 13, 14, 15]
1524,14,[]
1550,12,[]
1572,13,[]
1596,10,[]
1614,12,[]
1636,14,[]
1662,11,[]
1682,129,[]
1915,4,[]
1923,8,[]
1938,10,[]
1956,8,[]
1971,12,[]
1993,12,[]
2015,15,[]
2042,12,[]
2064,11,[]
2084,10,[]
2102,11,[]
2122,12,[]
2144,16,[]
2173,12,[]
2195,11,[]
2215,10,[]
2233,12,[]
2255,11,[]
2275,13,[]
2299,11,[]
2319,11,[]
2339,12,[]
2361,12,[0, 1, 2, 3, 4, 5, 6, 7, 8, 9, 10]
2383,13,[]
2407,11,[]
2427,13,[]
2451,16,[]
2480,13,[]
2504,11,[]
2524,129,[]
2757,7,[]
2770,11,[]
2790,14,[]
2816,11,[]
2836,14,[]
2862,14,[]
2888,17,[]
2919,16,[]
2948,16,[]
2977,15,[]
3004,15,[]
3031,16,[]
3060,15,[]
3087,15,[]
3114,15,[]
3141,15,[]
3168,16,[]
3197,15,[]
3224,16,[]
3253,15,[]
3280,17,[]
3311,17,[]
3342,16,[]
3371,14,[]
3397,13,[]
3421,13,[]
3445,16,[]
3474,15,[]
3501,12,[]
3523,120,[]
3739,12,[]
3761,14,[]
3787,15,[]
3814,13,[]
3838,13,[]
3862,14,[]
3888,15,[]
3915,17,[]
3946,17,[]
3977,17,[]
4008,15,[]
4035,15,[]
4062,14,[]
4088,14,[]
4114,14,[]
4140,20,[]
4176,15,[]
4203,15,[]
4230,14,[]
4256,15,[]
4283,15,[]
4310,17,[]
4341,14,[]
4367,15,[]
4394,14,[]
4420,17,[]
4451,14,[]
4477,13,[]
4501,15,[]
4528,109,[]
4725,6,[]
4736,10,[]
4754,11,[]
4774,14,[]
4800,13,[]
4824,15,[]
4851,15,[]
4878,14,[]
4904,14,[]
4930,14,[]
4956,15,[]
4983,14,[]
5009,14,[]
5035,14,[]
5061,15,[]
5088,15,[]
5115,13,[]
5139,13,[0, 1, 2, 3, 4, 5, 6, 7, 8, 9, 10, 11, 12]
5163,13,[]
5187,14,[]
5213,14,[]
5239,14,[]
5265,14,[]
5291,16,[]
5320,16,[]
5349,14,[]
5375,15,[]
5402,16,[]
5431,14,[]
5457,120,[]
5673,8,[]
5688,11,[]
5708,11,[]
5728,14,[]
5754,13,[]
5778,17,[]
5809,15,[]
5836,15,[]
5863,15,[]
5890,15,[]
5917,15,[]
5944,14,[]
5970,13,[]
5994,12,[]
6016,17,[]
6047,15,[]
6074,15,[]
6101,14,[]
6127,14,[]
6153,17,[]
6184,16,[]
6213,15,[]
6240,14,[]
6266,14,[]
6292,13,[]
6316,16,[]
6345,13,[]
6369,13,[]
6393,13,[]
6417,112,[]
6619,4,[]
6627,7,[]
6640,8,[]
6655,8,[]
6670,10,[]
6688,9,[]
6705,9,[]
6722,9,[0, 1, 2, 3, 4, 5, 6, 7, 8]
6739,13,[]
6763,11,[]
6783,11,[]
6803,11,[]
6823,10,[]
6841,12,[]
6863,13,[]
6887,19,[]
6922,13,[]
6946,11,[]
6966,10,[]
6984,11,[]
7004,10,[]
7022,19,[]
7057,14,[]
7083,13,[]
7107,12,[]
7129,12,[]
7151,11,[]
7171,20,[]
7207,9,[]
7224,129,[]
7457,3,[]
7463,7,[]
7476,7,[]
7489,12,[]
7511,13,[]
7535,12,[]
7557,11,[]
7577,11,[]
7597,11,[]
7617,13,[]
7641,11,[]
7661,15,[]
7688,14,[]
7714,12,[]
7736,11,[]
7756,9,[]
7773,11,[]
7793,11,[]
7813,15,[]
7840,16,[]
7869,14,[]
7895,11,[]
7915,9,[]
7932,10,[]
7950,15,[]
7977,17,[]
8008,14,[]
8034,10,[]
8052,13,[]
8076,122,[]
8296,5,[]
8305,7,[]
8318,9,[]
8335,11,[]
8355,10,[]
8373,11,[]
8393,12,[]
8415,15,[]
8442,12,[]
8464,12,[]
8486,12,[]
8508,15,[]
8535,12,[]
8557,16,[]
8586,16,[]
8615,13,[]
8639,12,[]
8661,11,[]
8681,11,[]
8701,17,[]
8732,17,[]
8763,14,[]
8789,13,[]
8813,12,[]
8835,12,[]
8857,12,[]
8879,14,[]
8905,14,[]
8931,8,[]
0,18,[]
33,6,[]
44,12,[]
66,15,[]
93,13,[]
117,14,[]
143,14,[]
169,15,[]
196,14,[]
222,14,[]
248,14,[]
274,15,[]
301,15,[]
328,15,[]
355,13,[]
379,14,[]
405,14,[]
431,14,[]
457,14,[]
483,14,[]
509,15,[]
536,15,[]
563,15,[]
590,16,[]
619,15,[]
646,18,[]
679,17,[]
710,13,[]
734,14,[]
760,18,[]
793,54,[]
891,10,[]
909,13,[]
933,12,[]
955,11,[]
975,16,[]
1004,19,[]
1039,17,[]
1070,18,[]
1103,17,[]
1134,18,[]
1167,18,[]
1200,19,[]
1235,18,[]
1268,18,[]
1301,18,[]
1334,20,[]
1370,18,[]
1403,19,[]
1438,18,[]
1471,21,[0, 1, 2, 3, 4, 5, 6, 7, 8, 9, 10, 11, 12, 13, 14, 15, 16, 17]
1509,20,[]
1545,22,[]
1585,19,[]
1620,20,[]
1656,19,[]
1691,19,[]
1726,19,[]
1761,20,[]
1797,19,[]
1832,54,[]
1930,16,[]
1959,18,[]
1992,19,[]
2027,19,[]
2062,17,[]
2093,21,[]
2131,20,[]
2167,21,[]
2205,20,[]
2241,20,[]
2277,20,[]
2313,21,[]
2351,20,[]
2387,20,[]
2423,20,[]
2459,18,[]
2492,17,[]
2523,19,[]
2558,18,[]
2591,19,[]
2626,19,[]
2661,19,[]
2696,18,[]
2729,20,[]
2765,19,[]
2800,20,[]
2836,19,[]
2871,21,[]
2909,19,[]
2944,50,[]
3034,15,[]
3061,17,[]
3092,16,[]
3121,17,[]
3152,16,[]
3181,17,[]
3212,19,[]
3247,17,[]
3278,19,[]
3313,19,[]
3348,18,[]
3381,20,[]
3417,16,[]
3446,16,[]
3475,19,[]
3510,16,[]
3539,15,[]
3566,16,[]
3595,19,[]
3630,16,[]
3659,15,[]
3686,15,[]
3713,19,[]
3748,17,[]
3779,17,[]
3810,18,[]
3843,17,[]
3874,18,[]
3907,17,[]
3938,46,[]
4021,14,[]
4047,14,[]
4073,17,[]
4104,17,[]
4135,16,[]
4164,17,[]
4195,17,[]
4226,17,[]
4257,17,[]
4288,17,[]
4319,15,[]
4346,16,[]
4375,17,[]
4406,18,[]
4439,17,[]
4470,14,[]
4496,14,[]
4522,14,[]
4548,14,[]
4574,14,[]
4600,18,[]
4633,17,[]
4664,16,[]
4693,17,[]
4724,17,[]
4755,17,[]
4786,17,[]
4817,14,[]
4843,14,[]
4869,46,[]
4952,13,[]
4976,13,[]
5000,13,[]
5024,15,[]
5051,15,[]
5078,15,[]
5105,15,[]
5132,13,[]
5156,13,[]
5180,13,[]
5204,13,[]
5228,13,[]
5252,12,[]
5274,12,[]
5296,11,[]
5316,11,[]
5336,11,[]
5356,12,[]
5378,11,[]
5398,12,[]
5420,11,[]
5440,11,[]
5460,11,[]
5480,12,[]
5502,11,[]
5522,11,[]
5542,11,[]
5562,12,[]
5584,11,[]
5604,34,[]
5666,10,[]
5684,10,[]
5702,11,[]
5722,11,[]
5742,12,[]
5764,13,[]
5788,13,[]
5812,13,[]
5836,13,[]
5860,13,[]
5884,12,[]
5906,12,[]
5928,12,[]
5950,12,[]
5972,12,[]
5994,16,[]
6023,14,[]
6049,14,[]
6075,14,[]
6101,15,[]
6128,15,[]
6155,15,[]
6182,14,[]
6208,14,[]
6234,14,[]
6260,14,[]
6286,14,[]
6312,14,[]
6338,14,[]
6364,34,[]
6426,11,[]
6446,12,[]
6468,14,[]
6494,14,[]
6520,4,[]
6528,16,[]
6557,16,[]
6586,16,[]
6615,16,[]
6644,16,[]
6673,15,[]
6700,16,[]
6729,15,[]
6756,15,[]
6783,15,[]
6810,16,[]
6839,15,[]
6866,15,[]
6893,16,[]
6922,16,[]
6951,15,[]
6978,16,[]
7007,15,[]
7034,16,[]
7063,15,[]
7090,16,[]
7119,16,[]
7148,15,[]
7175,14,[]
7201,39,[]
7272,11,[]
7292,11,[]
7312,14,[]
7338,14,[]
7364,14,[]
7390,14,[]
7416,13,[]
7440,14,[]
7466,14,[]
7492,14,[]
7518,14,[]
7544,14,[]
7570,13,[]
7594,14,[]
7620,13,[]
7644,14,[]
7670,13,[]
7694,13,[]
7718,13,[]
7742,14,[]
7768,13,[]
7792,13,[]
7816,16,[]
7845,13,[]
7869,15,[]
7896,15,[]
7923,14,[]
7949,15,[]
7976,14,[]
8002,40,[]
8074,9,[]
8091,10,[]
8109,12,[]
8131,12,[]
8153,12,[]
8175,13,[]
8199,13,[]
8223,14,[]
8249,13,[]
8273,13,[]
8297,13,[]
8321,14,[]
8347,13,[]
8371,14,[]
8397,14,[]
8423,14,[]
8449,14,[]
8475,15,[]
8502,14,[]
8528,15,[]
8555,14,[]
8581,15,[]
8608,14,[]
8634,14,[]
8660,13,[]
8684,13,[]
8708,13,[]
8732,14,[]
8758,8,[]
0,51,[]
92,2,[]
96,7,[]
109,9,[]
126,7,[]
139,8,[]
154,6,[]
165,5,[]
174,7,[]
187,6,[0, 1, 2, 3, 4, 5]
198,7,[]
211,8,[]
226,9,[]
243,5,[]
252,7,[]
265,8,[]
280,14,[]
306,9,[]
323,16,[]
352,14,[]
378,17,[]
409,14,[]
435,19,[]
470,18,[]
503,18,[]
536,18,[]
569,18,[]
602,19,[]
637,15,[]
664,17,[]
695,234,[]
1117,16,[]
1146,7,[]
1159,4,[]
1167,4,[]
1175,3,[]
1181,8,[]
1196,12,[]
1218,10,[]
1236,10,[]
1254,11,[]
1274,9,[]
1291,12,[]
1313,11,[]
1333,12,[]
1355,13,[]
1379,17,[]
1410,12,[]
1432,12,[]
1454,12,[]
1476,14,[]
1502,12,[]
1524,17,[]
1555,17,[]
1586,14,[]
1612,13,[]
1636,12,[]
1658,12,[]
1680,15,[]
1707,7,[]
1720,156,[]
2001,1,[]
2003,6,[]
2014,6,[]
2025,8,[]
2040,8,[]
2055,8,[]
2070,10,[]
2088,7,[]
2101,7,[]
2114,8,[]
2129,11,[]
2149,11,[]
2169,13,[]
2193,15,[]
2220,16,[]
2249,14,[]
2275,11,[]
2295,11,[]
2315,14,[]
2341,12,[]
2363,15,[]
2390,14,[]
2416,18,[]
2449,14,[]
2475,15,[]
2502,17,[]
2533,15,[]
2560,20,[]
2596,15,[]
2623,149,[]
2892,12,[]
2914,9,[]
2931,12,[]
2953,10,[]
2971,12,[]
2993,8,[]
3008,12,[]
3030,16,[]
3059,12,[]
3081,15,[]
3108,10,[]
3126,15,[]
3153,14,[]
3179,14,[]
3205,15,[]
3232,18,[]
3265,18,[]
3298,19,[]
3333,17,[]
3364,18,[]
3397,17,[]
3428,16,[0, 1, 2, 3, 4, 5, 6, 7, 8, 9, 10, 11, 12, 13, 14, 15]
3457,17,[]
3488,18,[]
3521,16,[]
3550,14,[]
3576,13,[]
3600,14,[]
3626,14,[]
3652,152,[]
3926,7,[]
3939,9,[]
3956,11,[]
3976,10,[]
3994,11,[]
4014,11,[]
4034,13,[]
4058,18,[]
4091,16,[]
4120,15,[]
4147,13,[]
4171,18,[]
4204,14,[]
4230,15,[]
4257,15,[]
4284,15,[]
4311,15,[]
4338,16,[]
4367,14,[]
4393,17,[]
4424,13,[]
4448,16,[]
4477,19,[]
4512,18,[]
4545,15,[]
4572,14,[]
4598,15,[]
4625,13,[]
4649,14,[]
4675,141,[]
4929,4,[]
4937,5,[]
4946,7,[]
4959,8,[]
4974,8,[0, 1, 2, 3, 4, 5, 6, 7]
4989,10,[]
5007,12,[]
5029,13,[]
5053,15,[]
5080,14,[]
5106,15,[]
5133,13,[]
5157,13,[]
5181,13,[]
5205,11,[]
5225,17,[]
5256,11,[]
5276,12,[]
5298,10,[]
5316,14,[]
5342,13,[]
5366,13,[]
5390,10,[0, 1, 2, 3, 4, 5, 6, 7, 8]
5408,12,[]
5430,12,[]
5452,13,[]
5476,13,[]
5500,13,[]
5524,10,[]
5542,130,[]
5776,4,[]
5784,9,[]
5801,9,[]
5818,9,[]
5835,9,[]
5852,10,[]
5870,12,[]
5892,13,[]
5916,16,[]
5945,12,[]
5967,19,[]
6002,17,[]
6033,16,[]
6062,17,[]
6093,13,[]
6117,17,[0, 1, 2, 3, 4, 5, 6, 7, 8, 9, 10, 11, 12, 13, 14, 15]
6148,12,[]
6170,14,[]
6196,11,[]
6216,12,[]
6238,14,[]
6264,13,[]
6288,16,[]
6317,13,[]
6341,17,[]
6372,13,[]
6396,11,[]
6416,16,[]
6445,17,[]
6476,109,[]
6673,3,[]
6679,10,[]
6697,8,[]
6712,9,[]
6729,10,[]
6747,12,[]
6769,13,[]
6793,15,[]
6820,16,[]
6849,10,[]
6867,10,[]
6885,10,[]
6903,12,[]
6925,12,[]
6947,14,[]
6973,12,[]
6995,11,[]
7015,11,[]
7035,10,[]
7053,11,[]
7073,10,[]
7091,11,[]
7111,12,[0, 1, 2, 3, 4, 5, 6, 7, 8, 9, 10]
7133,14,[]
7159,16,[]
7188,16,[]
7217,11,[]
7237,14,[]
7263,18,[]
7296,115,[]
7503,4,[]
7511,7,[]
7524,7,[]
7537,8,[]
7552,7,[]
7565,7,[]
7578,11,[]
7598,10,[]
7616,13,[]
7640,11,[]
7660,10,[]
7678,10,[]
7696,12,[]
7718,11,[]
7738,12,[]
7760,13,[]
7784,14,[]
7810,15,[]
7837,15,[]
7864,13,[]
7888,14,[]
7914,15,[]
7941,15,[]
7968,16,[]
7997,19,[]
8032,15,[]
8059,13,[]
8083,13,[]
8107,15,[]
8134,119,[]
8349,5,[]
8358,10,[]
8376,8,[]
8391,14,[]
8417,7,[]
8430,11,[]
8450,10,[]
8468,12,[]
8490,12,[]
8512,11,[]
8532,13,[]
8556,12,[]
8578,14,[]
8604,13,[]
8628,14,[]
8654,16,[]
8683,11,[]
8703,14,[]
8729,11,[]
8749,16,[]
8778,10,[]
8796,10,[]
8814,13,[]
8838,12,[]
8860,13,[]
8884,14,[]
8910,12,[]
8932,12,[]
8954,11,[]
0,20,[]
36,1,[]
38,11,[0, 1, 2, 3, 4, 5, 6, 7, 8, 9, 10]
58,9,[]
75,11,[]
95,11,[]
115,7,[]
128,6,[]
139,10,[]
157,10,[]
175,8,[]
190,7,[]
203,10,[]
221,10,[]
239,13,[]
263,14,[]
289,22,[]
329,8,[]
344,22,[]
384,13,[]
408,23,[]
450,14,[]
476,27,[]
525,18,[]
558,7,[]
571,18,[]
604,11,[]
624,21,[]
662,9,[]
679,19,[]
714,110,[]
912,1,[]
914,8,[]
929,10,[]
947,1,[]
949,14,[]
975,12,[]
997,18,[]
1030,7,[]
1043,7,[]
1056,20,[]
1092,20,[]
1128,11,[]
1148,19,[]
1183,11,[]
1203,17,[]
1234,21,[]
1272,19,[]
1307,10,[]
1325,21,[]
1363,5,[]
1372,9,[]
1389,17,[]
1420,11,[0, 1, 2, 3, 4, 5, 6, 7, 8, 9]
1440,18,[]
1473,12,[]
1495,14,[]
1521,10,[]
1539,14,[]
1565,26,[]
1612,104,[]
1800,9,[]
1817,6,[]
1828,13,[]
1852,8,[]
1867,17,[]
1898,9,[]
1915,10,[]
1933,19,[]
1968,17,[]
1999,11,[]
2019,17,[]
2050,11,[]
2070,18,[]
2103,5,[]
2112,11,[]
2132,19,[]
2167,17,[]
2198,11,[]
2218,11,[]
2238,17,[]
2269,18,[]
2302,11,[]
2322,18,[]
2355,7,[]
2368,17,[]
2399,6,[]
2410,19,[]
2445,7,[]
2458,16,[]
2487,110,[]
2685,1,[]
2687,13,[]
2711,4,[]
2719,14,[]
2745,16,[]
2774,4,[]
2782,18,[]
2815,7,[]
2828,19,[]
2863,6,[]
2874,18,[]
2907,7,[]
2920,19,[]
2955,10,[]
2973,12,[]
2995,22,[]
3035,7,[]
3048,17,[]
3079,6,[]
3090,20,[]
3126,6,[]
3137,19,[]
3172,17,[]
3203,13,[]
3227,19,[]
3262,11,[]
3282,13,[]
3306,20,[]
3342,24,[]
3386,106,[]
3577,9,[]
3594,6,[]
3605,15,[]
3632,6,[]
3643,7,[]
3656,14,[]
3682,12,[]
3704,16,[]
3733,11,[]
3753,16,[]
3782,18,[]
3815,6,[]
3826,10,[]
3844,19,[]
3879,19,[]
3914,8,[]
3929,20,[]
3965,5,[]
3974,12,[]
3996,20,[]
4032,6,[]
4043,17,[]
4074,13,[]
4098,15,[]
4125,7,[]
4138,18,[]
4171,11,[]
4191,21,[]
4229,17,[]
4260,110,[]
4458,1,[]
4460,13,[]
4484,16,[]
4513,8,[]
4528,7,[]
4541,19,[]
4576,17,[]
4607,7,[]
4620,11,[]
4640,19,[]
4675,7,[]
4688,18,[]
4721,12,[]
4743,23,[0, 1, 2, 3, 4, 5, 6, 7, 8, 9, 10, 11, 12, 13, 14, 15, 16, 17, 18, 19, 20]
4785,6,[]
4796,27,[]
4845,21,[]
4883,12,[]
4905,21,[]
4943,7,[]
4956,18,[]
4989,10,[]
5007,20,[]
5043,12,[0, 1, 2, 3, 4, 5, 6, 7, 8, 9, 10, 11]
5065,21,[]
5103,6,[]
5114,13,[]
5138,25,[]
5183,5,[]
5192,115,[]
5399,1,[]
5401,17,[]
5432,6,[]
5443,22,[]
5483,19,[]
5518,9,[]
5535,22,[]
5575,13,[]
5599,21,[]
5637,5,[]
5646,12,[]
5668,20,[]
5704,19,[]
5739,9,[]
5756,11,[]
5776,22,[]
5816,14,[1, 2, 3, 4, 5, 6, 7, 8, 9, 10, 11, 12, 13]
5842,26,[]
5889,26,[]
5936,12,[]
5958,13,[]
5982,18,[]
6015,22,[]
6055,6,[0, 1, 2, 3, 4, 5]
6066,11,[0, 1, 2, 3, 4, 5, 6, 7, 8, 9, 10]
6086,19,[]
6121,13,[]
6145,20,[]
6181,21,[]
6219,104,[]
6407,13,[]
6431,7,[]
6444,24,[]
6488,5,[]
6497,17,[]
6528,10,[]
6546,12,[]
6568,21,[]
6606,11,[]
6626,19,[]
6661,21,[1, 2, 3, 4, 5, 6, 7, 8, 9, 10, 11, 12, 13, 14, 15, 16, 17, 18]
6699,7,[]
6712,20,[]
6748,6,[]
6759,24,[]
6803,7,[]
6816,23,[]
6858,6,[]
6869,14,[]
6895,26,[]
6942,23,[]
6984,12,[]
7006,21,[]
7044,13,[]
7068,21,[]
7106,7,[]
7119,12,[]
7141,25,[]
7186,5,[]
7195,104,[]
7383,12,[]
7405,7,[]
7418,15,[]
7445,8,[]
7460,17,[]
7491,10,[]
7509,11,[]
7529,18,[]
7562,5,[]
7571,18,[]
7604,5,[]
7613,19,[]
7648,7,[]
7661,18,[]
7694,6,[]
7705,20,[]
7741,17,[]
7772,7,[]
7785,11,[]
7805,19,[]
7840,8,[]
7855,17,[]
7886,21,[]
7924,8,[]
7939,20,[]
7975,6,[]
7986,16,[]
8015,8,[]
8030,16,[]
8059,110,[]
8257,7,[]
8270,8,[]
8285,6,[]
8296,14,[]
8322,17,[]
8353,5,[]
8362,21,[]
8400,5,[]
8409,18,[]
8442,8,[]
8457,19,[]
8492,6,[]
8503,9,[]
8520,20,[]
8556,15,[]
8583,10,[]
8601,18,[]
8634,9,[]
8651,19,[]
8686,8,[]
8701,5,[]
8710,17,[]
8741,17,[]
8772,12,[]
8794,4,[]
8802,19,[]
8837,13,[]
8861,12,[]
8883,24,[]
0,15,[]
27,6,[]
38,10,[]
56,12,[]
78,12,[]
100,13,[]
124,11,[]
144,12,[]
166,4,[]
174,11,[]
194,10,[]
212,12,[]
234,12,[]
256,8,[]
271,11,[]
291,9,[]
308,11,[]
328,11,[]
348,13,[]
372,14,[]
398,13,[]
422,14,[]
448,18,[]
481,14,[]
507,15,[]
534,14,[]
560,15,[]
587,10,[]
605,14,[]
631,18,[]
664,48,[]
751,10,[]
769,9,[]
786,11,[]
806,11,[]
826,13,[]
850,14,[]
876,14,[]
902,14,[]
928,14,[]
954,16,[]
983,15,[]
1010,17,[]
1041,16,[]
1070,17,[]
1101,18,[]
1134,17,[]
1165,18,[]
1198,15,[]
1225,14,[]
1251,17,[]
1282,15,[]
1309,16,[]
1338,15,[]
1365,15,[]
1392,14,[]
1418,16,[]
1447,16,[]
1476,17,[]
1507,15,[]
1534,47,[]
1619,12,[]
1641,15,[]
1668,14,[]
1694,22,[]
1734,23,[]
1776,25,[]
1821,24,[]
1865,25,[]
1910,23,[]
1952,17,[]
1983,18,[]
2016,22,[]
2056,19,[]
2091,20,[]
2127,21,[]
2165,17,[]
2196,18,[]
2229,18,[]
2262,17,[]
2293,17,[]
2324,16,[]
2353,19,[]
2388,20,[]
2424,22,[]
2464,20,[]
2500,20,[]
2536,22,[]
2576,20,[]
2612,18,[]
2645,51,[]
2737,14,[]
2763,15,[]
2790,14,[]
2816,17,[]
2847,17,[]
2878,15,[]
2905,17,[]
2936,17,[]
2967,17,[]
2998,14,[]
3024,16,[]
3053,15,[]
3080,15,[]
3107,15,[]
3134,16,[]
3163,15,[]
3190,18,[]
3223,17,[]
3254,19,[]
3289,16,[]
3318,19,[]
3353,17,[]
3384,18,[]
3417,17,[]
3448,17,[]
3479,16,[]
3508,17,[]
3539,15,[]
3566,15,[]
3593,44,[]
3673,11,[]
3693,13,[]
3717,13,[]
3741,13,[]
3765,14,[]
3791,12,[]
3813,13,[]
3837,16,[]
3866,15,[]
3893,14,[]
3919,21,[]
3957,19,[]
3992,19,[]
4027,18,[]
4060,19,[]
4095,13,[]
4119,14,[]
4145,14,[]
4171,15,[]
4198,16,[]
4227,18,[]
4260,18,[]
4293,17,[]
4324,17,[]
4355,17,[]
4386,14,[0, 1, 2, 3, 4, 5, 6, 7, 8, 9, 10, 11, 12, 13]
4412,18,[]
4445,14,[]
4471,16,[]
4500,43,[]
4578,11,[]
4598,14,[]
4624,7,[0, 1, 2, 3, 4, 5, 6]
4637,15,[]
4664,14,[]
4690,14,[]
4716,13,[]
4740,13,[]
4764,13,[]
4788,15,[]
4815,19,[]
4850,20,[]
4886,19,[]
4921,19,[]
4956,15,[]
4983,15,[]
5010,14,[]
5036,17,[0, 1, 2, 3, 4, 5, 6, 7, 8, 9, 10, 11, 12, 13, 14, 15, 16]
5067,14,[]
5093,17,[]
5124,16,[]
5153,23,[]
5195,14,[]
5221,17,[]
5252,17,[]
5283,17,[]
5314,21,[]
5352,13,[]
5376,17,[]
5407,57,[]
5510,9,[]
5527,11,[]
5547,11,[]
5567,12,[]
5589,13,[]
5613,14,[]
5639,14,[]
5665,13,[]
5689,15,[]
5716,13,[]
5740,14,[]
5766,12,[]
5788,15,[]
5815,13,[]
5839,13,[]
5863,12,[]
5885,14,[]
5911,12,[]
5933,13,[]
5957,12,[]
5979,15,[]
6006,14,[]
6032,12,[]
6054,12,[]
6076,12,[]
6098,10,[]
6116,16,[]
6145,10,[]
6163,13,[]
6187,66,[]
6306,7,[]
6319,11,[]
6339,9,[]
6356,13,[]
6380,10,[]
6398,11,[]
6418,12,[]
6440,13,[]
6464,12,[]
6486,11,[]
6506,11,[]
6526,11,[]
6546,11,[]
6566,12,[]
6588,12,[]
6610,14,[]
6636,14,[]
6662,14,[]
6688,14,[]
6714,14,[]
6740,13,[]
6764,12,[]
6786,12,[]
6808,19,[]
6843,13,[]
6867,14,[]
6893,12,[]
6915,13,[]
6939,16,[]
6968,71,[]
7096,7,[]
7109,10,[]
7127,11,[]
7147,12,[]
7169,14,[]
7195,14,[]
7221,13,[]
7245,14,[]
7271,13,[]
7295,13,[]
7319,11,[]
7339,13,[]
7363,11,[]
7383,12,[]
7405,15,[]
7432,13,[0, 1, 2, 3, 4, 5, 6, 7, 8, 9, 10, 11, 12]
7456,13,[]
7480,16,[]
7509,15,[]
7536,18,[]
7569,17,[]
7600,15,[]
7627,15,[]
7654,16,[]
7683,16,[]
7712,16,[]
7741,15,[]
7768,17,[]
7799,15,[]
7826,52,[]
7920,13,[]
7944,13,[]
7968,15,[]
7995,7,[]
8008,16,[]
8037,16,[]
8066,15,[]
8093,20,[]
8129,20,[]
8165,19,[]
8200,20,[]
8236,15,[]
8263,13,[]
8287,18,[]
8320,15,[]
8347,17,[]
8378,16,[]
8407,17,[]
8438,17,[]
8469,16,[]
8498,17,[]
8529,15,[]
8556,16,[]
8585,13,[]
8609,16,[]
8638,16,[]
8667,14,[]
8693,13,[]
8717,7,[]
0,53,[]
96,4,[]
104,18,[]
137,8,[]
152,19,[]
187,19,[]
222,6,[]
233,21,[]
271,17,[]
302,7,[]
315,18,[]
348,6,[]
359,21,[]
397,19,[]
432,19,[]
467,7,[]
480,18,[]
513,18,[]
546,8,[]
561,16,[]
590,19,[]
625,7,[]
638,19,[]
673,6,[]
684,24,[]
728,20,[]
764,20,[]
800,3,[]
806,21,[]
844,22,[]
884,104,[]
1072,22,[]
1112,24,[]
1156,7,[]
1169,14,[]
1195,6,[]
1206,22,[]
1246,20,[]
1282,25,[]
1327,5,[]
1336,27,[]
1385,20,[]
1421,5,[]
1430,23,[]
1472,18,[]
1505,7,[]
1518,25,[]
1563,7,[0, 1, 2, 3, 4, 5, 6]
1576,23,[]
1618,22,[]
1658,17,[]
1689,9,[]
1706,25,[]
1751,20,[]
1787,6,[]
1798,18,[]
1831,18,[]
1864,6,[]
1875,20,[]
1911,10,[]
1929,90,[]
2091,9,[]
2108,11,[]
2128,6,[]
2139,17,[]
2170,15,[]
2197,8,[]
2212,17,[]
2243,18,[]
2276,5,[]
2285,18,[]
2318,6,[]
2329,20,[]
2365,15,[]
2392,13,[]
2416,6,[]
2427,16,[]
2456,15,[]
2483,8,[]
2498,16,[]
2527,18,[]
2560,6,[]
2571,19,[]
2606,6,[]
2617,18,[]
2650,19,[]
2685,15,[]
2712,9,[]
2729,18,[]
2762,15,[]
2789,78,[]
2930,10,[]
2948,12,[0, 1, 2, 3, 4, 5, 6, 7, 8, 9, 10, 11]
2970,7,[]
2983,17,[]
3014,6,[]
3025,12,[]
3047,15,[]
3074,17,[]
3105,6,[]
3116,17,[]
3147,18,[]
3180,6,[]
3191,13,[]
3215,16,[]
3244,6,[]
3255,19,[]
3290,6,[]
3301,16,[]
3330,14,[]
3356,15,[]
3383,8,[]
3398,15,[]
3425,18,[]
3458,6,[]
3469,15,[]
3496,16,[]
3525,7,[]
3538,18,[]
3571,8,[]
3586,79,[]
3729,9,[]
3746,13,[]
3770,8,[]
3785,15,[]
3812,16,[]
3841,5,[]
3850,19,[]
3885,14,[]
3911,7,[]
3924,16,[]
3953,7,[]
3966,17,[]
3997,13,[]
4021,16,[]
4050,7,[]
4063,16,[]
4092,15,[]
4119,9,[]
4136,15,[]
4163,13,[]
4187,6,[]
4198,16,[]
4227,10,[]
4245,19,[]
4280,16,[]
4309,20,[]
4345,5,[]
4354,17,[]
4385,19,[]
4420,74,[]
4554,12,[]
4576,14,[]
4602,7,[]
4615,21,[]
4653,5,[]
4662,17,[]
4693,17,[]
4724,20,[]
4760,6,[]
4771,17,[]
4802,20,[]
4838,6,[]
4849,22,[]
4889,17,[]
4920,7,[]
4933,20,[]
4969,6,[]
4980,17,[]
5011,16,[]
5040,19,[]
5075,7,[]
5088,17,[0, 1, 2, 3, 4, 5, 6, 7, 8, 9, 10, 11, 12, 13, 14, 15, 16]
5119,17,[]
5150,9,[]
5167,14,[]
5193,16,[]
5222,11,[]
5242,21,[]
5280,11,[]
5300,83,[]
5450,12,[]
5472,14,[0, 1, 2, 3, 4, 5, 6, 7, 8, 9, 10, 11, 12]
5498,9,[]
5515,16,[]
5544,15,[]
5571,9,[]
5588,16,[]
5617,20,[]
5653,5,[]
5662,20,[]
5698,9,[]
5715,17,[]
5746,16,[]
5775,15,[]
5802,7,[]
5815,16,[]
5844,22,[]
5884,6,[]
5895,15,[]
5922,20,[]
5958,5,[]
5967,18,[]
6000,7,[]
6013,17,[]
6044,17,[]
6075,14,[]
6101,6,[]
6112,17,[]
6143,17,[]
6174,84,[]
6326,6,[]
6337,15,[]
6364,8,[]
6379,16,[]
6408,8,[]
6423,17,[]
6454,19,[]
6489,13,[]
6513,8,[]
6528,17,[]
6559,20,[]
6595,7,[]
6608,15,[]
6635,17,[]
6666,9,[]
6683,19,[]
6718,6,[]
6729,16,[]
6758,14,[]
6784,13,[]
6808,9,[]
6825,14,[]
6851,15,[]
6878,8,[]
6893,16,[]
6922,15,[]
6949,6,[]
6960,16,[]
6989,6,[]
7000,85,[]
7153,10,[]
7171,10,[]
7189,7,[]
7202,15,[]
7229,10,[]
7247,8,[]
7262,16,[]
7291,15,[]
7318,10,[]
7336,16,[]
7365,7,[]
7378,17,[]
7409,15,[]
7436,16,[]
7465,5,[]
7474,20,[]
7510,17,[0, 1, 2, 3, 4, 5, 6, 7, 8, 9, 10, 11, 12, 13, 14, 15, 16]
7541,5,[]
7550,16,[]
7579,20,[]
7615,6,[]
7626,17,[]
7657,7,[]
7670,17,[]
7701,17,[]
7732,18,[]
7765,6,[]
7776,17,[]
7807,17,[]
7838,90,[]
8000,9,[]
8017,11,[]
8037,6,[]
8048,16,[]
8077,6,[]
8088,16,[]
8117,16,[]
8146,17,[]
8177,10,[]
8195,19,[]
8230,19,[]
8265,6,[]
8276,20,[]
8312,20,[]
8348,6,[]
8359,22,[]
8399,6,[]
8410,20,[]
8446,17,[]
8477,16,[]
8506,9,[]
8523,16,[]
8552,17,[]
8583,7,[]
8596,17,[]
8627,18,[]
8660,6,[]
8671,21,[]
8709,7,[]
0,23,[]
42,4,[]
50,10,[]
68,14,[]
94,13,[]
118,10,[]
136,16,[]
165,13,[]
189,12,[]
211,10,[]
229,12,[]
251,11,[]
271,14,[]
297,12,[]
319,14,[]
345,13,[]
369,15,[]
396,13,[]
420,14,[]
446,12,[]
468,15,[]
495,13,[]
519,16,[]
548,17,[]
579,12,[]
601,13,[]
625,14,[]
651,19,[]
686,16,[]
715,14,[]
741,80,[]
885,12,[]
907,9,[]
924,10,[]
942,8,[]
957,15,[]
984,17,[]
1015,16,[]
1044,15,[]
1071,17,[]
1102,15,[]
1129,16,[]
1158,16,[]
1187,15,[]
1214,17,[]
1245,15,[]
1272,16,[]
1301,14,[]
1327,16,[]
1356,15,[]
1383,16,[]
1412,15,[]
1439,18,[]
1472,17,[]
1503,15,[]
1530,13,[]
1554,18,[]
1587,17,[]
1618,13,[]
1642,15,[]
1669,82,[]
1817,7,[]
1830,11,[]
1850,12,[]
1872,14,[]
1898,13,[]
1922,14,[]
1948,13,[]
1972,13,[]
1996,14,[]
2022,15,[]
2049,14,[]
2075,15,[]
2102,12,[]
2124,13,[]
2148,9,[]
2165,14,[]
2191,14,[]
2217,17,[]
2248,13,[]
2272,17,[]
2303,13,[]
2327,14,[]
2353,10,[]
2371,14,[]
2397,14,[0, 1, 2, 3, 4, 5, 6, 7, 8, 9, 10, 11, 12, 13]
2423,15,[]
2450,14,[]
2476,17,[]
2507,14,[]
2533,82,[]
2681,8,[]
2696,10,[]
2714,10,[]
2732,16,[]
2761,14,[]
2787,14,[]
2813,15,[]
2840,15,[]
2867,14,[]
2893,15,[]
2920,14,[]
2946,18,[]
2979,17,[]
3010,18,[]
3043,15,[2, 3, 4, 5, 6, 7, 8, 9, 10, 11, 12, 13, 14]
3070,19,[]
3105,14,[]
3131,22,[]
3171,16,[]
3200,16,[]
3229,20,[]
3265,18,[]
3298,17,[]
3329,17,[]
3360,16,[]
3389,17,[]
3420,14,[]
3446,18,[]
3479,18,[]
3512,83,[]
3662,6,[]
3673,11,[]
3693,11,[]
3713,11,[]
3733,13,[]
3757,13,[]
3781,15,[]
3808,17,[]
3839,16,[]
3868,18,[]
3901,15,[]
3928,19,[]
3963,16,[]
3992,18,[]
4025,14,[]
4051,18,[]
4084,17,[]
4115,17,[]
4146,15,[]
4173,18,[]
4206,15,[]
4233,18,[]
4266,15,[]
4293,14,[]
4319,15,[0, 1, 2, 3, 4, 5, 6, 7, 8, 9, 10, 11, 12, 13, 14]
4346,16,[]
4375,14,[]
4401,15,[]
4428,14,[]
4454,85,[]
4607,7,[]
4620,11,[]
4640,13,[]
4664,14,[]
4690,16,[]
4719,17,[]
4750,16,[]
4779,15,[]
4806,14,[]
4832,14,[]
4858,15,[]
4885,16,[]
4914,16,[]
4943,15,[]
4970,14,[]
4996,15,[]
5023,15,[]
5050,17,[]
5081,16,[]
5110,17,[]
5141,16,[]
5170,17,[]
5201,15,[]
5228,16,[]
5257,15,[]
5284,16,[]
5313,16,[]
5342,15,[]
5369,16,[]
5398,87,[]
5555,6,[]
5566,10,[]
5584,11,[]
5604,17,[]
5635,14,[]
5661,16,[]
5690,14,[]
5716,14,[]
5742,15,[]
5769,15,[]
5796,14,[]
5822,16,[]
5851,13,[]
5875,15,[]
5902,16,[]
5931,16,[]
5960,14,[]
5986,14,[]
6012,16,[]
6041,16,[]
6070,16,[1, 2, 3, 4, 5, 6, 7, 8, 9, 10, 11, 12, 13, 14, 15]
6099,13,[]
6123,17,[]
6154,16,[]
6183,16,[]
6212,15,[]
6239,15,[]
6266,17,[]
6297,15,[]
6324,86,[]
6479,7,[]
6492,12,[]
6514,12,[]
6536,13,[]
6560,11,[]
6580,15,[]
6607,13,[]
6631,14,[]
6657,15,[]
6684,15,[]
6711,16,[]
6740,18,[]
6773,17,[]
6804,17,[]
6835,17,[]
6866,19,[]
6901,16,[]
6930,15,[]
6957,14,[]
6983,15,[]
7010,15,[]
7037,16,[]
7066,14,[]
7092,16,[]
7121,16,[]
7150,17,[]
7181,17,[]
7212,17,[]
7243,15,[]
7270,88,[]
7429,6,[]
7440,10,[]
7458,11,[]
7478,15,[]
7505,14,[]
7531,13,[]
7555,12,[]
7577,15,[]
7604,12,[]
7626,16,[]
7655,13,[]
7679,16,[]
7708,14,[]
7734,15,[]
7761,16,[]
7790,18,[]
7823,15,[]
7850,14,[]
7876,12,[]
7898,13,[]
7922,14,[]
7948,13,[]
7972,12,[]
7994,14,[]
8020,13,[]
8044,14,[]
8070,13,[]
8094,14,[]
8120,13,[]
8144,92,[]
8310,7,[]
8323,11,[]
8343,12,[]
8365,14,[]
8391,12,[]
8413,15,[]
8440,13,[]
8464,16,[]
8493,13,[]
8517,15,[]
8544,14,[]
8570,17,[]
8601,13,[]
8625,15,[]
8652,14,[]
8678,17,[]
8709,15,[]
8736,16,[]
8765,15,[]
8792,17,[]
8823,14,[]
8849,15,[]
8876,14,[]
8902,17,[]
8933,14,[]
8959,15,[]
8986,12,[]
9008,16,[]
9037,13,[]
0,27,[]
49,5,[]
58,8,[]
73,9,[]
90,7,[]
103,15,[]
130,13,[]
154,13,[]
178,13,[]
202,6,[]
213,15,[]
240,12,[]
262,14,[]
288,11,[]
308,12,[0, 1, 2, 3, 4, 5, 6, 7, 8, 9, 10, 11]
330,10,[]
348,11,[]
368,12,[]
390,12,[]
412,15,[]
439,15,[]
466,6,[]
477,12,[]
499,15,[]
526,15,[]
553,13,[]
577,13,[]
601,12,[]
623,10,[]
641,19,[]
676,95,[]
847,16,[]
876,14,[]
902,1,[]
904,6,[]
915,11,[]
935,15,[]
962,12,[]
984,18,[]
1017,13,[]
1041,8,[]
1056,16,[]
1085,14,[]
1111,17,[]
1142,16,[]
1171,5,[]
1180,16,[]
1209,15,[]
1236,16,[]
1265,15,[]
1292,16,[]
1321,15,[]
1348,15,[]
1375,12,[]
1397,12,[]
1419,13,[]
1443,14,[]
1469,11,[]
1489,10,[]
1507,16,[]
1536,89,[]
1697,9,[]
1714,11,[]
1734,11,[]
1754,12,[]
1776,7,[]
1789,14,[]
1815,12,[]
1837,19,[]
1872,14,[]
1898,9,[]
1915,13,[]
1939,17,[]
1970,13,[]
1994,14,[]
2020,17,[]
2051,19,[]
2086,12,[]
2108,17,[]
2139,17,[]
2170,21,[]
2208,18,[]
2241,5,[]
2250,17,[]
2281,20,[]
2317,18,[]
2350,19,[]
2385,17,[]
2416,19,[]
2451,5,[]
2460,84,[]
2612,10,[]
2630,15,[]
2657,20,[]
2693,7,[]
2706,21,[]
2744,18,[]
2777,16,[]
2806,16,[]
2835,16,[]
2864,14,[]
2890,16,[]
2919,9,[]
2936,17,[]
2967,17,[]
2998,17,[]
3029,19,[]
3064,18,[]
3097,19,[]
3132,10,[]
3150,17,[]
3181,21,[]
3219,18,[]
3252,19,[]
3287,8,[]
3302,20,[]
3338,15,[]
3365,24,[]
3409,15,[]
3436,14,[]
3462,55,[]
3561,2,[]
3565,12,[]
3587,13,[]
3611,13,[]
3635,15,[]
3662,8,[]
3677,14,[]
3703,16,[]
3732,16,[]
3761,14,[]
3787,15,[]
3814,15,[]
3841,9,[]
3858,16,[]
3887,17,[]
3918,17,[]
3949,21,[]
3987,6,[]
3998,18,[]
4031,20,[]
4067,21,[]
4105,20,[]
4141,15,[]
4168,17,[]
4199,11,[]
4219,17,[]
4250,15,[]
4277,16,[]
4306,18,[]
4339,58,[]
4444,2,[]
4448,13,[]
4472,15,[]
4499,17,[]
4530,15,[]
4557,16,[]
4586,17,[]
4617,9,[]
4634,18,[]
4667,17,[]
4698,15,[]
4725,16,[]
4754,11,[]
4774,19,[]
4809,16,[]
4838,17,[]
4869,20,[]
4905,18,[]
4938,20,[]
4974,10,[]
4992,19,[]
5027,18,[]
5060,25,[]
5105,23,[]
5147,8,[]
5162,29,[]
5215,23,[]
5257,21,[]
5295,24,[]
5339,57,[]
5442,22,[]
5482,6,[]
5493,24,[]
5537,22,[]
5577,20,[]
5613,19,[]
5648,8,[]
5663,21,[]
5701,20,[]
5737,33,[]
5797,25,[]
5842,24,[]
5886,30,[]
5940,9,[]
5957,29,[]
6010,26,[]
6057,18,[]
6090,17,[]
6121,18,[]
6154,14,[]
6180,16,[]
6209,16,[]
6238,18,[]
6271,16,[]
6300,19,[]
6335,22,[]
6375,8,[]
6390,28,[]
6441,22,[]
6481,37,[]
6548,13,[]
6572,7,[]
6585,20,[]
6621,15,[]
6648,14,[]
6674,17,[]
6705,11,[]
6725,13,[]
6749,14,[]
6775,13,[]
6799,6,[]
6810,16,[]
6839,18,[]
6872,17,[]
6903,22,[0, 1, 2, 3, 4, 5, 6, 7, 8, 9, 10, 11, 12, 13, 14, 15, 16, 17, 18, 19, 20, 21]
6943,6,[]
6954,18,[]
6987,16,[]
7016,15,[]
7043,15,[]
7070,14,[]
7096,18,[]
7129,7,[]
7142,16,[]
7171,18,[]
7204,16,[]
7233,14,[]
7259,16,[]
7288,15,[]
7315,43,[]
7393,13,[]
7417,16,[]
7446,18,[]
7479,10,[]
7497,17,[]
7528,15,[]
7555,14,[]
7581,15,[]
7608,13,[]
7632,8,[0, 1, 2, 3, 4, 5, 6, 7]
7647,19,[]
7682,12,[]
7704,16,[]
7733,17,[]
7764,18,[]
7797,16,[]
7826,16,[]
7855,7,[]
7868,15,[]
7895,18,[]
7928,16,[]
7957,16,[]
7986,12,[]
8008,11,[]
8028,11,[]
8048,12,[]
8070,14,[]
8096,18,[]
8129,6,[0, 1, 2, 3, 4, 5]
8140,48,[]
8227,8,[]
8242,11,[]
8262,13,[]
8286,5,[]
8295,14,[]
8321,23,[]
8363,11,[]
8383,14,[]
8409,13,[]
8433,15,[]
8460,8,[]
8475,13,[]
8499,13,[]
8523,14,[]
8549,20,[]
8585,9,[]
8602,12,[]
8624,16,[]
8653,14,[]
8679,17,[]
8710,12,[]
8732,15,[]
8759,7,[]
8772,14,[0, 1, 2, 3, 4, 5, 6, 7, 8, 9, 10, 11, 12, 13]
8798,13,[]
8822,12,[]
8844,12,[]
8866,15,[]
8893,7,[]
0,24,[]
44,2,[]
48,6,[]
59,12,[]
81,10,[]
99,15,[]
126,10,[]
144,11,[]
164,12,[]
186,12,[]
208,11,[]
228,9,[]
245,13,[]
269,8,[]
284,10,[]
302,14,[]
328,13,[]
352,9,[]
369,12,[]
391,6,[]
402,10,[]
420,14,[]
446,16,[]
475,8,[]
490,8,[]
505,8,[]
520,14,[]
546,18,[0, 1, 2, 3, 4, 5, 6, 7, 8, 9, 10, 11, 12, 13, 14, 15, 16, 17]
579,13,[]
603,17,[]
634,110,[]
832,14,[]
858,15,[]
885,5,[]
894,5,[]
903,11,[]
923,14,[]
949,22,[]
989,23,[]
1031,23,[]
1073,23,[]
1115,24,[]
1159,23,[]
1201,23,[]
1243,23,[]
1285,24,[]
1329,24,[0, 1, 2, 3, 4, 5, 6, 7, 8, 9, 10, 11, 12, 13, 14, 15, 16, 17, 18, 19, 20, 21, 22]
1373,24,[]
1417,26,[]
1464,28,[]
1515,28,[]
1566,29,[]
1619,27,[]
1668,24,[]
1712,27,[]
1761,26,[]
1808,26,[]
1855,26,[]
1902,26,[]
1949,25,[]
1994,59,[]
2101,19,[]
2136,23,[]
2178,22,[]
2218,24,[]
2262,22,[]
2302,24,[]
2346,24,[]
2390,20,[]
2426,23,[]
2468,21,[]
2506,18,[]
2539,20,[]
2575,16,[]
2604,15,[]
2631,15,[]
2658,14,[]
2684,14,[]
2710,15,[]
2737,15,[]
2764,14,[]
2790,18,[]
2823,12,[]
2845,12,[]
2867,13,[]
2891,11,[]
2911,13,[]
2935,10,[]
2953,12,[]
2975,9,[]
2992,67,[]
3113,5,[]
3122,7,[]
3135,8,[]
3150,9,[0, 1, 2, 3, 4, 5, 6, 7, 8]
3167,8,[]
3182,9,[]
3199,11,[]
3219,9,[]
3236,10,[]
3254,9,[]
3271,9,[]
3288,8,[]
3303,11,[]
3323,9,[]
3340,10,[]
3358,8,[]
3373,7,[]
3386,12,[]
3408,8,[]
3423,10,[]
3441,8,[]
3456,10,[]
3474,12,[]
3496,10,[]
3514,9,[]
3531,9,[]
3548,10,[]
3566,10,[]
3584,11,[]
3604,73,[]
3736,4,[]
3744,8,[]
3759,6,[]
3770,9,[]
3787,9,[]
3804,8,[]
3819,10,[]
3837,11,[0, 1, 2, 3, 4, 5, 6, 7, 8, 9, 10]
3857,9,[]
3874,9,[]
3891,9,[]
3908,12,[]
3930,9,[]
3947,9,[]
3964,8,[0, 1, 2, 3, 4, 5, 6, 7]
3979,10,[]
3997,8,[]
4012,9,[]
4029,8,[]
4044,13,[]
4068,9,[]
4085,8,[]
4100,12,[]
4122,11,[]
4142,11,[]
4162,9,[]
4179,28,[]
4230,23,[]
4272,7,[]
4285,73,[]
4417,4,[]
4425,7,[0, 1, 2, 3, 4, 5, 6]
4438,11,[]
4458,11,[]
4478,11,[]
4498,13,[]
4522,14,[]
4548,17,[]
4579,17,[]
4610,19,[]
4645,20,[]
4681,22,[]
4721,22,[]
4761,22,[]
4801,20,[]
4837,24,[]
4881,23,[]
4923,23,[]
4965,21,[]
5003,22,[]
5043,21,[]
5081,20,[]
5117,22,[]
5157,24,[]
5201,22,[]
5241,21,[]
5279,22,[]
5319,21,[]
5357,18,[]
5390,50,[]
5480,16,[]
5509,15,[]
5536,14,[]
5562,16,[]
5591,14,[]
5617,15,[]
5644,13,[]
5668,14,[]
5694,19,[]
5729,11,[]
5749,13,[]
5773,15,[]
5800,16,[]
5829,16,[0, 1, 2, 3, 4, 5, 6, 7, 8, 9, 10, 11, 12, 13, 14]
5858,16,[]
5887,16,[]
5916,17,[]
5947,15,[]
5974,17,[]
6005,14,[]
6031,17,[]
6062,9,[]
6079,12,[]
6101,13,[]
6125,12,[]
6147,12,[]
6169,16,[]
6198,16,[]
6227,13,[]
6251,63,[]
6365,9,[]
6382,10,[]
6400,9,[]
6417,14,[]
6443,9,[]
6460,12,[]
6482,10,[]
6500,12,[]
6522,10,[]
6540,12,[]
6562,10,[]
6580,10,[]
6598,10,[]
6616,10,[]
6634,13,[]
6658,10,[]
6676,8,[]
6691,9,[]
6708,8,[]
6723,9,[]
6740,9,[]
6757,9,[]
6774,15,[]
6801,11,[]
6821,12,[]
6843,12,[]
6865,9,[]
6882,10,[]
6900,8,[]
6915,84,[]
7067,3,[]
7073,4,[]
7081,7,[]
7094,6,[]
7105,10,[]
7123,8,[]
7138,7,[]
7151,9,[]
7168,9,[]
7185,11,[0, 1, 2, 3, 4, 5, 6, 7, 8, 9]
7205,9,[]
7222,10,[]
7240,9,[]
7257,7,[]
7270,8,[]
7285,9,[]
7302,8,[]
7317,9,[]
7334,9,[]
7351,9,[]
7368,14,[]
7394,9,[]
7411,11,[]
7431,11,[]
7451,13,[]
7475,9,[]
7492,9,[]
7509,11,[]
7529,9,[]
7546,104,[]
7734,6,[]
7745,10,[]
7763,13,[]
7787,15,[]
7814,14,[]
7840,13,[]
7864,17,[]
7895,19,[]
7930,19,[]
7965,21,[]
8003,20,[]
8039,22,[]
8079,21,[]
8117,21,[]
8155,23,[]
8197,22,[]
8237,21,[]
8275,22,[]
8315,22,[]
8355,24,[]
8399,25,[]
8444,26,[]
8491,23,[]
8533,26,[]
8580,24,[]
8624,25,[]
8669,24,[]
8713,24,[]
8757,9,[]
0,82,[]
148,10,[]
166,16,[]
195,20,[]
231,7,[]
244,16,[]
273,15,[]
300,20,[]
336,24,[]
380,4,[]
388,18,[]
421,22,[]
461,20,[]
497,7,[]
510,22,[]
550,20,[]
586,22,[]
626,25,[]
671,6,[]
682,23,[]
724,22,[]
764,27,[]
813,20,[0, 1, 2, 3, 4, 5, 6, 7, 8, 9, 10, 11, 12, 13, 14, 15, 16, 17]
849,22,[]
889,9,[]
906,29,[]
959,21,[]
997,25,[]
1042,7,[]
1055,21,[]
1093,201,[]
1455,17,[]
1486,21,[]
1524,5,[]
1533,15,[]
1560,13,[]
1584,16,[]
1613,14,[]
1639,6,[]
1650,22,[]
1690,19,[]
1725,15,[]
1752,18,[]
1785,14,[]
1811,5,[]
1820,17,[]
1851,13,[]
1875,19,[]
1910,15,[]
1937,6,[]
1948,16,[]
1977,14,[]
2003,15,[]
2030,9,[]
2047,15,[]
2074,12,[]
2096,14,[]
2122,13,[0, 1, 2, 3, 4, 5, 6, 7, 8, 9, 10, 11]
2146,15,[]
2173,6,[]
2184,132,[]
2422,3,[]
2428,6,[]
2439,6,[]
2450,7,[]
2463,7,[]
2476,7,[]
2489,10,[]
2507,7,[]
2520,11,[]
2540,11,[]
2560,11,[]
2580,7,[]
2593,13,[]
2617,16,[]
2646,11,[]
2666,7,[]
2679,12,[]
2701,12,[]
2723,13,[]
2747,10,[]
2765,14,[]
2791,10,[]
2809,13,[]
2833,10,[]
2851,18,[]
2884,13,[]
2908,16,[]
2937,9,[]
2954,16,[]
2983,110,[]
3181,4,[]
3189,9,[]
3206,7,[]
3219,14,[]
3245,10,[]
3263,10,[]
3281,6,[]
3292,12,[]
3314,12,[1, 2, 3, 4, 5, 6, 7, 8, 9, 10, 11]
3336,14,[]
3362,6,[]
3373,15,[]
3400,12,[]
3422,12,[]
3444,13,[]
3468,9,[]
3485,16,[]
3514,14,[]
3540,14,[]
3566,16,[]
3595,11,[]
3615,13,[]
3639,14,[]
3665,14,[]
3691,15,[]
3718,9,[]
3735,18,[]
3768,15,[]
3795,14,[]
3821,124,[]
4045,4,[]
4053,7,[]
4066,9,[]
4083,9,[]
4100,14,[]
4126,13,[]
4150,13,[]
4174,17,[]
4205,6,[]
4216,17,[]
4247,14,[]
4273,14,[]
4299,9,[]
4316,17,[]
4347,15,[]
4374,16,[]
4403,10,[]
4421,16,[]
4450,12,[]
4472,18,[]
4505,7,[0, 1, 2, 3, 4, 5, 6]
4518,18,[]
4551,15,[]
4578,18,[]
4611,10,[]
4629,21,[]
4667,15,[]
4694,17,[0, 1, 2, 3, 4, 5, 6, 7, 8, 9, 10, 11, 12, 13, 14, 15, 16]
4725,8,[]
4740,144,[]
5000,3,[]
5006,5,[]
5015,9,[]
5032,10,[]
5050,11,[]
5070,9,[]
5087,11,[]
5107,8,[0, 1, 2, 3, 4, 5, 6, 7]
5122,11,[]
5142,11,[]
5162,8,[]
5177,13,[]
5201,12,[]
5223,12,[]
5245,16,[]
5274,9,[]
5291,14,[]
5317,12,[]
5339,20,[]
5375,7,[]
5388,14,[]
5414,15,[]
5441,9,[]
5458,18,[]
5491,12,[]
5513,16,[]
5542,9,[]
5559,11,[]
5579,17,[]
5610,156,[]
5891,2,[]
5895,1,[]
5897,3,[]
5903,4,[]
5911,7,[]
5924,7,[]
5937,11,[]
5957,8,[]
5972,13,[]
5996,7,[]
6009,13,[]
6033,12,[]
6055,12,[]
6077,9,[]
6094,16,[]
6123,12,[]
6145,13,[]
6169,10,[]
6187,10,[]
6205,10,[]
6223,10,[]
6241,9,[]
6258,12,[]
6280,13,[]
6304,7,[]
6317,12,[]
6339,16,[]
6368,12,[]
6390,19,[]
6425,115,[]
6632,3,[]
6638,4,[]
6646,6,[]
6657,10,[]
6675,10,[]
6693,10,[]
6711,2,[]
6715,8,[]
6730,9,[]
6747,9,[]
6764,13,[]
6788,7,[]
6801,13,[]
6825,15,[]
6852,13,[]
6876,16,[]
6905,14,[]
6931,14,[]
6957,8,[0, 1, 2, 3, 4, 5, 6, 7]
6972,16,[]
7001,14,[]
7027,15,[]
7054,12,[]
7076,17,[]
7107,16,[]
7136,17,[]
7167,8,[]
7182,17,[]
7213,17,[]
7244,141,[]
7498,3,[]
7504,7,[]
7517,9,[]
7534,9,[]
7551,11,[]
7571,12,[]
7593,6,[]
7604,12,[]
7626,10,[]
7644,13,[]
7668,13,[]
7692,8,[]
7707,11,[]
7727,13,[]
7751,17,[]
7782,8,[]
7797,17,[]
7828,18,[]
7861,11,[]
7881,18,[]
7914,14,[]
7940,13,[]
7964,15,[]
7991,22,[]
8031,9,[]
8048,11,[]
8068,15,[]
8095,13,[]
8119,19,[]
8154,165,[]
8451,1,[]
8453,2,[]
8457,6,[]
8468,7,[]
8481,10,[]
8499,10,[]
8517,4,[]
8525,13,[]
8549,8,[]
8564,10,[]
8582,4,[]
8590,11,[]
8610,9,[]
8627,10,[0, 1, 2, 3, 4, 5, 6, 7, 8, 9]
8645,13,[]
8669,10,[]
8687,12,[]
8709,11,[]
8729,8,[]
8744,9,[]
8761,15,[]
8788,12,[]
8810,8,[]
8825,10,[]
8843,15,[]
8870,15,[]
8897,13,[]
8921,11,[]
8941,11,[]
0,26,[]
47,2,[]
51,8,[]
66,10,[]
84,8,[]
99,14,[]
125,13,[]
149,8,[]
164,9,[]
181,7,[]
194,9,[]
211,10,[]
229,8,[]
244,11,[]
264,11,[]
284,9,[]
301,9,[]
318,14,[]
344,17,[]
375,9,[]
392,13,[]
416,22,[]
456,20,[]
492,23,[]
534,17,[]
565,14,[]
591,14,[]
617,13,[]
641,16,[]
670,28,[]
721,112,[]
923,8,[]
938,6,[]
949,6,[]
960,4,[]
968,7,[]
981,14,[]
1007,10,[]
1025,11,[]
1045,12,[]
1067,11,[0, 1, 2, 3, 4, 5, 6, 7, 8, 9, 10]
1087,9,[]
1104,13,[]
1128,12,[]
1150,12,[]
1172,12,[]
1194,13,[]
1218,12,[]
1240,14,[]
1266,16,[]
1295,12,[]
1317,14,[]
1343,14,[]
1369,13,[]
1393,12,[]
1415,13,[]
1439,14,[]
1465,12,[]
1487,14,[]
1513,11,[]
1533,92,[]
1699,8,[]
1714,8,[]
1729,10,[]
1747,9,[]
1764,11,[]
1784,10,[]
1802,12,[]
1824,12,[]
1846,9,[]
1863,12,[]
1885,11,[]
1905,10,[]
1923,13,[]
1947,14,[]
1973,13,[]
1997,15,[]
2024,14,[]
2050,13,[]
2074,12,[0, 1, 2, 3, 4, 5, 6, 7, 8, 9, 10, 11]
2096,14,[]
2122,14,[]
2148,16,[]
2177,17,[]
2208,14,[]
2234,13,[]
2258,15,[0, 1, 2, 3, 4, 5, 6, 7, 8, 9, 10, 11, 12, 13, 14]
2285,14,[]
2311,12,[]
2333,13,[]
2357,110,[]
2555,4,[]
2563,8,[]
2578,9,[]
2595,10,[]
2613,12,[]
2635,11,[]
2655,10,[]
2673,15,[]
2700,9,[]
2717,9,[]
2734,13,[]
2758,12,[]
2780,9,[]
2797,14,[]
2823,13,[]
2847,12,[]
2869,13,[]
2893,13,[]
2917,9,[]
2934,13,[]
2958,15,[]
2985,15,[]
3012,12,[]
3034,14,[]
3060,11,[]
3080,14,[]
3106,14,[]
3132,15,[]
3159,10,[]
3177,121,[]
3395,6,[]
3406,9,[]
3423,13,[]
3447,15,[]
3474,10,[]
3492,12,[]
3514,11,[]
3534,11,[]
3554,15,[]
3581,15,[]
3608,20,[]
3644,12,[]
3666,14,[]
3692,10,[]
3710,17,[]
3741,18,[]
3774,16,[]
3803,15,[]
3830,14,[]
3856,12,[]
3878,13,[]
3902,17,[]
3933,10,[]
3951,15,[]
3978,14,[]
4004,13,[]
4028,14,[]
4054,15,[]
4081,9,[]
4098,123,[]
4320,8,[]
4335,9,[]
4352,10,[]
4370,11,[]
4390,14,[]
4416,13,[]
4440,11,[]
4460,12,[]
4482,11,[]
4502,10,[]
4520,11,[]
4540,11,[]
4560,10,[]
4578,16,[]
4607,9,[]
4624,11,[]
4644,12,[]
4666,10,[]
4684,10,[]
4702,14,[]
4728,9,[]
4745,10,[]
4763,11,[]
4783,10,[]
4801,11,[]
4821,11,[]
4841,10,[]
4859,12,[0, 1, 2, 3, 4, 5, 6, 7, 8, 9, 10, 11]
4881,16,[]
4910,143,[]
5168,7,[]
5181,8,[]
5196,8,[]
5211,9,[]
5228,9,[]
5245,9,[]
5262,10,[]
5280,10,[]
5298,12,[]
5320,11,[]
5340,10,[]
5358,12,[]
5380,14,[]
5406,13,[]
5430,8,[]
5445,9,[]
5462,14,[]
5488,10,[]
5506,9,[]
5523,10,[]
5541,11,[]
5561,10,[]
5579,9,[]
5596,10,[]
5614,9,[]
5631,9,[]
5648,8,[]
5663,9,[]
5680,7,[]
5693,171,[]
6001,4,[]
6009,5,[]
6018,5,[]
6027,7,[]
6040,5,[]
6049,9,[]
6066,9,[]
6083,10,[]
6101,9,[]
6118,9,[]
6135,7,[]
6148,9,[]
6165,9,[]
6182,11,[]
6202,12,[]
6224,12,[]
6246,10,[]
6264,11,[]
6284,10,[]
6302,9,[]
6319,10,[]
6337,10,[]
6355,11,[]
6375,17,[]
6406,11,[]
6426,9,[]
6443,10,[]
6461,10,[]
6479,9,[]
6496,164,[]
6792,6,[0, 1, 2, 3, 4, 5]
6803,7,[]
6816,10,[]
6834,12,[]
6856,13,[]
6880,14,[]
6906,15,[]
6933,14,[]
6959,16,[]
6988,18,[]
7021,18,[]
7054,15,[]
7081,11,[]
7101,10,[]
7119,8,[]
7134,10,[]
7152,14,[]
7178,17,[]
7209,18,[]
7242,13,[]
7266,12,[]
7288,10,[0, 1, 2, 3, 4, 5, 6, 7, 8, 9]
7306,10,[]
7324,11,[]
7344,13,[]
7368,10,[]
7386,12,[]
7408,10,[]
7426,12,[]
7448,165,[]
7745,6,[]
7756,9,[]
7773,8,[]
7788,10,[]
7806,13,[]
7830,13,[]
7854,10,[]
7872,15,[]
7899,12,[]
7921,10,[]
7939,12,[]
7961,15,[]
7988,10,[]
8006,10,[]
8024,14,[]
8050,13,[]
8074,7,[]
8087,10,[]
8105,13,[]
8129,9,[]
8146,11,[]
8166,13,[]
8190,7,[]
8203,10,[]
8221,11,[]
8241,7,[]
8254,9,[]
8271,12,[]
8293,14,[]
0,51,[]
92,13,[]
116,14,[]
142,15,[]
169,14,[]
195,12,[]
217,15,[]
244,13,[]
268,15,[]
295,13,[]
319,12,[]
341,17,[]
372,15,[]
399,12,[]
421,10,[]
439,10,[]
457,12,[]
479,17,[]
510,17,[]
541,16,[]
570,17,[]
601,14,[]
627,13,[]
651,16,[]
680,17,[]
711,19,[]
746,19,[]
781,19,[]
816,18,[]
849,16,[]
878,76,[]
1015,14,[]
1041,20,[]
1077,19,[]
1112,13,[]
1136,13,[]
1160,15,[]
1187,15,[]
1214,22,[]
1254,16,[]
1283,15,[]
1310,17,[]
1341,18,[]
1374,13,[]
1398,13,[]
1422,17,[]
1453,14,[]
1479,16,[]
1508,14,[]
1534,13,[]
1558,16,[]
1587,16,[]
1616,18,[]
1649,17,[]
1680,18,[]
1713,15,[]
1740,22,[]
1780,14,[]
1806,18,[]
1839,22,[]
1879,68,[]
2002,6,[]
2013,10,[]
2031,13,[]
2055,13,[]
2079,12,[]
2101,12,[]
2123,12,[]
2145,13,[]
2169,11,[]
2189,13,[]
2213,12,[]
2235,13,[]
2259,11,[]
2279,12,[]
2301,12,[]
2323,13,[]
2347,11,[]
2367,12,[]
2389,12,[]
2411,14,[]
2437,12,[]
2459,12,[]
2481,12,[]
2503,12,[]
2525,11,[]
2545,15,[]
2572,13,[]
2596,13,[]
2620,11,[]
2640,73,[]
2772,4,[]
2780,6,[]
2791,9,[]
2808,10,[]
2826,9,[]
2843,10,[0, 1, 2, 3, 4, 5, 6, 7, 8, 9]
2861,10,[]
2879,12,[]
2901,14,[]
2927,15,[]
2954,17,[]
2985,15,[]
3012,14,[]
3038,15,[]
3065,15,[]
3092,16,[]
3121,17,[]
3152,16,[]
3181,16,[]
3210,20,[]
3246,16,[]
3275,16,[]
3304,22,[]
3344,20,[]
3380,20,[]
3416,24,[]
3460,14,[]
3486,16,[]
3515,20,[]
3551,82,[]
3699,7,[]
3712,11,[]
3732,13,[]
3756,12,[]
3778,9,[]
3795,10,[]
3813,13,[]
3837,13,[]
3861,14,[]
3887,13,[]
3911,12,[]
3933,15,[]
3960,13,[]
3984,12,[]
4006,13,[]
4030,15,[]
4057,13,[]
4081,13,[]
4105,17,[]
4136,18,[]
4169,15,[]
4196,15,[]
4223,16,[]
4252,19,[]
4287,16,[]
4316,16,[]
4345,15,[]
4372,18,[]
4405,16,[]
4434,68,[]
4557,9,[]
4574,11,[]
4594,14,[]
4620,14,[]
4646,11,[]
4666,14,[]
4692,16,[]
4721,17,[]
4752,14,[]
4778,13,[]
4802,13,[]
4826,16,[]
4855,16,[]
4884,13,[]
4908,16,[]
4937,18,[]
4970,14,[]
4996,15,[]
5023,17,[]
5054,18,[]
5087,14,[]
5113,18,[]
5146,16,[]
5175,16,[]
5204,13,[]
5228,19,[]
5263,14,[]
5289,15,[]
5316,16,[]
5345,71,[]
5473,7,[]
5486,12,[]
5508,11,[]
5528,14,[]
5554,14,[]
5580,11,[]
5600,13,[]
5624,17,[]
5655,16,[]
5684,14,[]
5710,12,[]
5732,15,[]
5759,16,[]
5788,16,[]
5817,12,[]
5839,15,[]
5866,13,[]
5890,17,[]
5921,17,[]
5952,18,[]
5985,18,[]
6018,12,[]
6040,16,[]
6069,13,[]
6093,16,[]
6122,17,[]
6153,15,[]
6180,17,[]
6211,15,[]
6238,71,[]
6366,8,[]
6381,11,[]
6401,13,[]
6425,17,[]
6456,16,[]
6485,18,[]
6518,14,[]
6544,15,[]
6571,14,[]
6597,17,[]
6628,15,[]
6655,13,[]
6679,15,[]
6706,16,[]
6735,13,[]
6759,14,[]
6785,16,[]
6814,14,[]
6840,12,[]
6862,13,[]
6886,12,[]
6908,15,[]
6935,14,[]
6961,13,[]
6985,13,[]
7009,17,[]
7040,15,[]
7067,15,[]
7094,17,[]
7125,75,[]
7260,6,[]
7271,11,[]
7291,15,[]
7318,10,[]
7336,13,[]
7360,15,[]
7387,15,[]
7414,15,[]
7441,14,[]
7467,16,[]
7496,14,[]
7522,15,[]
7549,12,[]
7571,15,[]
7598,15,[]
7625,16,[]
7654,12,[]
7676,14,[]
7702,14,[]
7728,17,[]
7759,14,[]
7785,14,[]
7811,14,[]
7837,16,[]
7866,13,[]
7890,14,[]
7916,13,[]
7940,16,[]
7969,14,[]
7995,81,[]
8141,6,[]
8152,11,[]
8172,12,[]
8194,13,[]
8218,11,[]
8238,13,[]
8262,12,[]
8284,15,[]
8311,15,[]
8338,16,[]
8367,16,[]
8396,19,[]
8431,14,[]
8457,15,[]
8484,16,[]
8513,16,[]
8542,12,[]
8564,14,[]
8590,14,[]
8616,18,[]
8649,12,[]
8671,14,[]
8697,12,[]
8719,16,[]
8748,14,[]
8774,13,[]
8798,13,[]
8822,15,[]
8849,3,[]
0,45,[]
81,13,[]
105,12,[]
127,2,[]
131,14,[]
157,17,[]
188,17,[]
219,18,[]
252,17,[]
283,10,[]
301,17,[]
332,17,[]
363,16,[]
392,15,[]
419,17,[]
450,10,[]
468,19,[]
503,18,[]
536,18,[]
569,19,[]
604,16,[]
633,6,[]
644,18,[]
677,18,[]
710,23,[]
752,11,[]
772,12,[]
794,9,[]
811,13,[]
835,12,[]
857,113,[]
1061,10,[]
1079,12,[]
1101,6,[]
1112,10,[]
1130,9,[]
1147,11,[]
1167,14,[]
1193,15,[]
1220,6,[]
1231,12,[]
1253,13,[]
1277,14,[]
1303,13,[]
1327,14,[0, 1, 2, 3, 4, 5, 6, 7, 8, 9, 10, 11, 12, 13]
1353,3,[]
1359,16,[]
1388,14,[]
1414,14,[]
1440,12,[]
1462,13,[]
1486,9,[]
1503,13,[]
1527,13,[]
1551,15,[]
1578,14,[]
1604,15,[]
1631,9,[]
1648,15,[]
1675,13,[]
1699,103,[]
1885,8,[]
1900,10,[]
1918,3,[]
1924,13,[]
1948,11,[]
1968,11,[]
1988,13,[]
2012,13,[]
2036,4,[]
2044,15,[]
2071,13,[]
2095,12,[]
2117,9,[]
2134,14,[]
2160,9,[]
2177,11,[]
2197,11,[]
2217,12,[]
2239,15,[]
2266,15,[]
2293,9,[]
2310,16,[]
2339,15,[]
2366,15,[]
2393,14,[]
2419,15,[]
2446,9,[]
2463,15,[]
2490,14,[]
2516,107,[]
2709,8,[]
2724,10,[]
2742,4,[]
2750,12,[]
2772,12,[0, 1, 2, 3, 4, 5, 6, 7, 8, 9, 10, 11]
2794,22,[]
2834,13,[]
2858,17,[]
2889,9,[]
2906,16,[]
2935,15,[]
2962,15,[]
2989,14,[]
3015,15,[]
3042,11,[]
3062,19,[]
3097,14,[]
3123,15,[]
3150,14,[]
3176,15,[]
3203,9,[]
3220,17,[]
3251,17,[]
3282,15,[]
3309,13,[]
3333,14,[]
3359,11,[]
3379,15,[0, 1, 2, 3, 4, 5, 6, 7, 8, 9, 10, 11, 12, 13, 14]
3406,14,[]
3432,107,[]
3625,8,[]
3640,11,[]
3660,4,[]
3668,12,[]
3690,15,[]
3717,13,[]
3741,15,[]
3768,15,[]
3795,8,[]
3810,16,[]
3839,14,[]
3865,23,[]
3907,19,[]
3942,15,[]
3969,8,[]
3984,18,[]
4017,16,[]
4046,16,[]
4075,15,[]
4102,16,[]
4131,12,[]
4153,18,[]
4186,15,[]
4213,16,[]
4242,15,[]
4269,17,[]
4300,12,[]
4322,16,[]
4351,17,[]
4382,103,[]
4568,9,[]
4585,12,[]
4607,4,[]
4615,14,[]
4641,15,[]
4668,16,[]
4697,14,[]
4723,15,[]
4750,10,[]
4768,15,[]
4795,14,[]
4821,16,[]
4850,14,[]
4876,14,[]
4902,9,[]
4919,16,[]
4948,15,[0, 1, 2, 3, 4, 5, 6, 7, 8, 9, 10, 11, 12, 13, 14]
4975,25,[]
5020,16,[]
5049,20,[]
5085,9,[]
5102,15,[]
5129,15,[]
5156,17,[]
5187,15,[]
5214,16,[]
5243,11,[]
5263,15,[]
5290,15,[]
5317,102,[]
5501,8,[]
5516,11,[]
5536,8,[]
5551,12,[]
5573,13,[]
5597,13,[0, 1, 2, 3, 4, 5, 6, 7, 8, 9, 10, 11, 12]
5621,12,[]
5643,14,[]
5669,8,[]
5684,15,[]
5711,14,[]
5737,13,[]
5761,11,[]
5781,14,[]
5807,12,[]
5829,15,[]
5856,12,[]
5878,13,[]
5902,11,[]
5922,13,[]
5946,12,[]
5968,13,[]
5992,13,[]
6016,19,[]
6051,12,[]
6073,15,[]
6100,13,[]
6124,16,[1, 2, 3, 4, 5, 6, 7, 8, 9, 10, 11, 12, 13, 14, 15]
6153,13,[]
6177,118,[]
6390,6,[]
6401,9,[]
6418,4,[]
6426,12,[]
6448,11,[]
6468,12,[]
6490,14,[]
6516,12,[]
6538,9,[]
6555,13,[]
6579,11,[]
6599,13,[]
6623,12,[]
6645,12,[]
6667,8,[]
6682,13,[]
6706,13,[]
6730,13,[]
6754,14,[]
6780,12,[]
6802,12,[]
6824,14,[]
6850,13,[]
6874,14,[]
6900,13,[]
6924,14,[]
6950,7,[]
6963,17,[]
6994,12,[]
7016,118,[]
7229,7,[]
7242,10,[]
7260,3,[]
7266,12,[]
7288,11,[]
7308,13,[]
7332,12,[]
7354,13,[]
7378,9,[]
7395,12,[]
7417,14,[]
7443,14,[]
7469,14,[]
7495,13,[]
7519,8,[]
7534,14,[]
7560,15,[]
7587,14,[]
7613,13,[]
7637,14,[]
7663,6,[]
7674,14,[]
7700,15,[]
7727,15,[]
7754,18,[]
7787,15,[]
7814,8,[]
7829,15,[]
7856,15,[]
7883,113,[]
8087,8,[]
8102,13,[]
8126,6,[]
8137,15,[]
8164,15,[]
8191,24,[]
8235,12,[]
8257,13,[]
8281,7,[]
8294,15,[]
8321,18,[]
8354,21,[]
8392,17,[]
8423,17,[]
8454,6,[]
8465,20,[]
8501,15,[]
8528,17,[]
8559,16,[]
8588,18,[]
8621,5,[]
8630,18,[]
8663,17,[]
8694,16,[]
8723,12,[]
8745,14,[]
8771,8,[]
8786,16,[]
8815,17,[]
0,28,[]
51,5,[]
60,11,[]
80,14,[]
106,8,[]
121,16,[0, 1, 2, 3, 4, 5, 6, 7, 8, 9, 10, 11, 12, 13, 14]
150,8,[]
165,9,[]
182,14,[]
208,10,[]
226,9,[]
243,9,[]
260,11,[]
280,11,[]
300,8,[]
315,9,[]
332,10,[]
350,14,[]
376,17,[]
407,20,[]
443,15,[]
470,16,[]
499,23,[]
541,21,[]
579,20,[]
615,22,[]
655,15,[]
682,18,[]
715,13,[]
739,22,[]
779,133,[]
1019,19,[]
1054,15,[]
1081,6,[]
1092,4,[]
1100,9,[]
1117,11,[]
1137,8,[]
1152,14,[]
1178,10,[]
1196,14,[]
1222,9,[]
1239,13,[]
1263,14,[]
1289,14,[]
1315,14,[]
1341,20,[]
1377,14,[]
1403,18,[]
1436,18,[]
1469,19,[]
1504,15,[]
1531,18,[]
1564,16,[]
1593,15,[]
1620,17,[]
1651,14,[]
1677,17,[]
1708,13,[]
1732,14,[]
1758,104,[]
1946,7,[]
1959,10,[]
1977,12,[]
1999,12,[]
2021,14,[0, 1, 2, 3, 4, 5, 6, 7, 8, 9, 10, 11, 12, 13]
2047,17,[]
2078,15,[]
2105,15,[]
2132,17,[]
2163,18,[]
2196,15,[]
2223,14,[]
2249,13,[]
2273,15,[]
2300,15,[]
2327,14,[]
2353,19,[]
2388,16,[]
2417,2,[]
2421,3,[]
2427,10,[]
2445,13,[]
2469,4,[]
2477,3,[]
2483,2,[]
2487,2,[]
2491,2,[]
2495,5,[]
2504,2,[]
2508,134,[]
2750,1,[]
2752,1,[]
2754,1,[]
2756,1,[]
2758,12,[]
2780,32,[]
2838,15,[]
2865,22,[]
2905,7,[]
2918,22,[]
2958,22,[]
2998,20,[]
3034,19,[]
3069,23,[]
3111,19,[]
3146,22,[]
3186,8,[]
3201,13,[]
3225,10,[]
3243,14,[]
3269,16,[]
3298,16,[]
3327,23,[]
3369,21,[]
3407,16,[]
3436,17,[]
3467,14,[]
3493,15,[]
3520,13,[]
3544,91,[]
3708,7,[]
3721,11,[]
3741,12,[]
3763,11,[]
3783,11,[]
3803,9,[]
3820,9,[]
3837,11,[]
3857,15,[]
3884,15,[]
3911,15,[]
3938,10,[]
3956,11,[]
3976,11,[]
3996,11,[]
4016,13,[]
4040,10,[]
4058,12,[]
4080,12,[]
4102,7,[]
4115,10,[]
4133,12,[]
4155,13,[]
4179,17,[]
4210,14,[]
4236,7,[]
4249,12,[]
4271,15,[]
4298,20,[]
4334,108,[]
4529,6,[]
4540,10,[]
4558,13,[]
4582,16,[]
4611,14,[]
4637,8,[]
4652,20,[]
4688,16,[]
4717,19,[]
4752,11,[]
4772,19,[]
4807,18,[]
4840,12,[]
4862,21,[]
4900,23,[]
4942,20,[]
4978,18,[]
5011,12,[]
5033,19,[]
5068,21,[]
5106,17,[]
5137,19,[]
5172,20,[]
5208,18,[]
5241,18,[]
5274,17,[]
5305,20,[]
5341,21,[]
5379,21,[]
5417,85,[]
5570,14,[]
5596,19,[]
5631,18,[]
5664,20,[]
5700,17,[]
5731,19,[]
5766,20,[]
5802,23,[]
5844,18,[]
5877,21,[]
5915,22,[]
5955,22,[]
5995,19,[]
6030,12,[]
6052,26,[]
6099,22,[]
6139,12,[]
6161,50,[]
6251,25,[]
6296,30,[]
6350,16,[]
6379,18,[]
6412,22,[]
6452,22,[]
6492,15,[]
6519,16,[]
6548,18,[]
6581,17,[]
6612,15,[]
6639,79,[]
6782,6,[]
6793,7,[]
6806,10,[]
6824,13,[]
6848,12,[]
6870,11,[]
6890,13,[]
6914,11,[]
6934,12,[]
6956,13,[]
6980,12,[]
7002,13,[]
7026,11,[]
7046,12,[]
7068,14,[]
7094,14,[]
7120,12,[]
7142,12,[]
7164,12,[]
7186,13,[]
7210,12,[]
7232,6,[]
7243,10,[]
7261,8,[]
7276,9,[]
7293,7,[]
7306,10,[]
7324,11,[]
7344,26,[]
7391,99,[]
7570,2,[]
7574,3,[]
7580,4,[]
7588,8,[]
7603,14,[]
7629,8,[]
7644,10,[]
7662,15,[]
7689,10,[]
7707,9,[]
7724,10,[]
7742,15,[]
7769,13,[]
7793,15,[]
7820,12,[]
7842,15,[]
7869,15,[]
7896,19,[]
7931,16,[]
7960,16,[]
7989,16,[]
8018,11,[]
8038,18,[]
8071,22,[]
8111,16,[]
8140,18,[]
8173,8,[]
8188,10,[]
8206,13,[]
8230,78,[]
8371,2,[]
8375,3,[]
8381,2,[]
8385,5,[]
8394,8,[]
8409,5,[]
8418,6,[]
8429,4,[]
8437,4,[]
8445,3,[]
8451,4,[]
8459,9,[]
8476,5,[]
8485,2,[]
8489,27,[]
8538,4,[]
8546,8,[]
8561,7,[]
8574,1,[]
8576,12,[]
8598,58,[]
8703,3,[]
8709,3,[]
8715,37,[]
8782,24,[]
8826,8,[]
8841,19,[]
8876,5,[]
8885,11,[]
0,71,[]
128,4,[]
136,6,[]
147,17,[]
178,13,[]
202,11,[]
222,10,[]
240,6,[]
251,9,[]
268,15,[]
295,10,[]
313,8,[]
328,10,[]
346,15,[]
373,10,[]
391,12,[]
413,9,[]
430,12,[]
452,9,[]
469,15,[]
496,10,[]
514,10,[]
532,11,[]
552,10,[]
570,15,[]
597,13,[]
621,12,[]
643,10,[]
661,14,[]
687,14,[]
713,209,[]
1090,13,[]
1114,12,[]
1136,11,[]
1156,8,[]
1171,8,[]
1186,11,[]
1206,10,[]
1224,15,[]
1251,12,[]
1273,15,[]
1300,15,[]
1327,14,[]
1353,16,[]
1382,12,[]
1404,15,[]
1431,15,[]
1458,15,[]
1485,13,[]
1509,15,[]
1536,14,[]
1562,16,[]
1591,14,[]
1617,14,[]
1643,15,[]
1670,14,[]
1696,17,[]
1727,13,[]
1751,17,[]
1782,13,[]
1806,149,[]
2075,6,[]
2086,9,[]
2103,11,[]
2123,10,[]
2141,13,[]
2165,4,[]
2173,14,[]
2199,10,[]
2217,9,[]
2234,10,[]
2252,9,[0, 1, 2, 3, 4, 5, 6, 7, 8]
2269,9,[]
2286,10,[]
2304,6,[]
2315,15,[]
2342,15,[]
2369,13,[]
2393,11,[]
2413,13,[]
2437,15,[]
2464,10,[]
2482,11,[]
2502,10,[]
2520,15,[]
2547,14,[]
2573,13,[1, 2, 3, 4, 5, 6, 7, 8, 9, 10, 11, 12]
2597,14,[]
2623,17,[]
2654,14,[]
2680,130,[]
2914,7,[]
2927,11,[]
2947,14,[]
2973,14,[]
2999,12,[]
3021,14,[]
3047,16,[]
3076,16,[]
3105,14,[]
3131,16,[]
3160,13,[]
3184,18,[]
3217,14,[]
3243,18,[]
3276,16,[]
3305,15,[]
3332,13,[]
3356,19,[]
3391,15,[]
3418,17,[]
3449,17,[]
3480,17,[0, 1, 2, 3, 4, 5, 6, 7, 8, 9, 10, 11, 12, 13, 14, 15, 16]
3511,14,[]
3537,16,[]
3566,14,[]
3592,12,[]
3614,12,[]
3636,16,[]
3665,14,[]
3691,125,[]
3916,5,[]
3925,6,[]
3936,10,[]
3954,10,[]
3972,11,[]
3992,9,[]
4009,8,[]
4024,11,[]
4044,14,[]
4070,13,[]
4094,10,[]
4112,13,[]
4136,11,[]
4156,11,[]
4176,10,[]
4194,10,[0, 1, 2, 3, 4, 5, 6, 7, 8, 9]
4212,5,[]
4221,10,[]
4239,15,[]
4266,13,[]
4290,12,[]
4312,16,[]
4341,14,[]
4367,16,[]
4396,14,[]
4422,4,[]
4430,19,[]
4465,17,[]
4496,15,[]
4523,132,[]
4761,8,[0, 1, 2, 3, 4, 5, 6, 7]
4776,10,[]
4794,11,[]
4814,12,[]
4836,4,[]
4844,12,[]
4866,17,[]
4897,14,[]
4923,13,[]
4947,13,[]
4971,12,[]
4993,14,[]
5019,14,[]
5045,3,[]
5051,13,[]
5075,18,[]
5108,12,[]
5130,12,[]
5152,15,[]
5179,12,[]
5201,13,[]
5225,13,[]
5249,11,[]
5269,13,[]
5293,15,[]
5320,13,[]
5344,15,[]
5371,14,[]
5397,12,[]
5419,133,[]
5659,3,[]
5665,7,[]
5678,8,[]
5693,9,[]
5710,8,[]
5725,8,[0, 1, 2, 3, 4, 5, 6, 7]
5740,10,[]
5758,11,[]
5778,14,[]
5804,12,[]
5826,11,[]
5846,12,[]
5868,17,[]
5899,12,[]
5921,12,[]
5943,14,[]
5969,12,[]
5991,15,[]
6018,10,[]
6036,12,[]
6058,13,[]
6082,11,[]
6102,12,[]
6124,12,[]
6146,19,[]
6181,12,[]
6203,10,[]
6221,14,[]
6247,2,[]
6251,136,[]
6496,8,[]
6511,4,[]
6519,8,[]
6534,10,[]
6552,8,[]
6567,10,[]
6585,10,[]
6603,3,[]
6609,10,[]
6627,12,[]
6649,9,[]
6666,14,[]
6692,12,[]
6714,10,[]
6732,13,[]
6756,13,[]
6780,6,[]
6791,12,[]
6813,16,[]
6842,14,[]
6868,16,[]
6897,18,[]
6930,11,[]
6950,13,[]
6974,15,[]
7001,4,[]
7009,14,[]
7035,20,[]
7071,13,[]
7095,143,[]
7353,5,[]
7362,8,[0, 1, 2, 3, 4, 5, 6, 7]
7377,9,[]
7394,14,[]
7420,11,[]
7440,10,[]
7458,15,[]
7485,15,[]
7512,13,[]
7536,14,[]
7562,16,[]
7591,14,[]
7617,13,[]
7641,13,[]
7665,12,[]
7687,17,[]
7718,13,[]
7742,13,[]
7766,16,[]
7795,20,[]
7831,15,[]
7858,14,[]
7884,15,[]
7911,15,[]
7938,17,[]
7969,15,[]
7996,13,[]
8020,14,[]
8046,15,[]
8073,135,[]
8316,4,[]
8324,4,[]
8332,6,[]
8343,10,[]
8361,8,[]
8376,11,[]
8396,11,[]
8416,14,[]
8442,10,[]
8460,11,[]
8480,5,[]
8489,16,[1, 2, 3, 4, 5, 6, 7, 8, 9, 10, 11, 12, 13, 14, 15]
8518,15,[]
8545,13,[]
8569,13,[]
8593,13,[]
8617,14,[]
8643,11,[]
8663,15,[]
8690,3,[]
8696,14,[]
8722,17,[]
8753,14,[]
8779,13,[0, 1, 2, 3, 4, 5, 6, 7, 8, 9, 10, 11, 12]
8803,16,[]
8832,15,[]
8859,15,[]
8886,12,[]
8908,8,[]
0,29,[]
53,14,[]
79,10,[]
97,19,[]
132,26,[]
179,17,[]
210,24,[]
254,8,[]
269,16,[]
298,14,[]
324,13,[]
348,13,[]
372,9,[]
389,14,[]
415,16,[]
444,14,[]
470,15,[]
497,9,[]
514,14,[]
540,14,[]
566,16,[]
595,15,[]
622,4,[]
630,17,[]
661,14,[]
687,16,[]
716,14,[]
742,9,[]
759,15,[]
786,15,[]
813,66,[]
932,10,[]
950,4,[]
958,15,[]
985,9,[]
1002,14,[]
1028,14,[]
1054,7,[]
1067,12,[]
1089,20,[]
1125,10,[]
1143,13,[]
1167,9,[]
1184,23,[]
1226,13,[]
1250,15,[]
1277,16,[]
1306,10,[]
1324,13,[]
1348,13,[]
1372,12,[]
1394,17,[]
1425,8,[0, 1, 2, 3, 4, 5, 6, 7]
1440,18,[]
1473,16,[]
1502,16,[]
1531,18,[]
1564,7,[]
1577,18,[]
1610,16,[]
1639,75,[]
1774,10,[]
1792,4,[]
1800,15,[]
1827,13,[]
1851,17,[]
1882,13,[]
1906,8,[]
1921,20,[]
1957,24,[]
2001,16,[]
2030,14,[]
2056,12,[]
2078,15,[]
2105,15,[]
2132,16,[]
2161,14,[]
2187,6,[]
2198,15,[]
2225,16,[]
2254,13,[]
2278,16,[]
2307,6,[]
2318,13,[]
2342,13,[]
2366,14,[]
2392,14,[]
2418,13,[]
2442,14,[]
2468,14,[]
2494,82,[]
2642,6,[]
2653,4,[]
2661,11,[]
2681,11,[]
2701,12,[]
2723,14,[]
2749,7,[]
2762,17,[]
2793,12,[]
2815,15,[]
2842,13,[]
2866,11,[]
2886,13,[]
2910,13,[]
2934,13,[]
2958,14,[]
2984,11,[]
3004,23,[]
3046,20,[]
3082,16,[]
3111,18,[]
3144,10,[]
3162,18,[]
3195,17,[]
3226,13,[]
3250,17,[]
3281,6,[]
3292,16,[]
3321,15,[]
3348,86,[]
3503,6,[]
3514,4,[]
3522,12,[]
3544,15,[]
3571,16,[]
3600,15,[]
3627,12,[]
3649,17,[]
3680,14,[]
3706,15,[0, 1, 2, 3, 4, 5, 6, 7, 8, 9, 10, 11, 12, 13]
3733,14,[]
3759,14,[]
3785,15,[]
3812,15,[]
3839,15,[]
3866,18,[]
3899,5,[]
3908,17,[]
3939,16,[]
3968,18,[]
4001,16,[]
4030,13,[]
4054,17,[]
4085,16,[]
4114,18,[]
4147,15,[]
4174,8,[]
4189,19,[]
4224,15,[]
4251,86,[]
4406,9,[]
4423,5,[]
4432,14,[]
4458,14,[]
4484,14,[]
4510,19,[]
4545,9,[]
4562,18,[]
4595,15,[]
4622,17,[]
4653,16,[]
4682,6,[]
4693,17,[]
4724,18,[]
4757,18,[]
4790,17,[]
4821,5,[]
4830,16,[]
4859,16,[]
4888,18,[]
4921,14,[]
4947,9,[]
4964,16,[]
4993,15,[]
5020,16,[]
5049,17,[0, 1, 2, 3, 4, 5, 6, 7, 8, 9, 10, 11, 12, 13, 14, 15, 16]
5080,8,[]
5095,19,[]
5130,16,[]
5159,84,[]
5311,8,[]
5326,5,[]
5335,14,[]
5361,14,[]
5387,14,[]
5413,15,[]
5440,7,[]
5453,22,[]
5493,16,[0, 1, 2, 3, 4, 5, 6, 7, 8, 9, 10, 11, 12, 13, 14, 15]
5522,15,[]
5549,25,[]
5594,12,[]
5616,15,[]
5643,18,[]
5676,16,[]
5705,19,[]
5740,9,[]
5757,17,[]
5788,16,[]
5817,16,[]
5846,27,[]
5895,10,[]
5913,14,[]
5939,17,[]
5970,13,[]
5994,16,[]
6023,12,[]
6045,13,[]
6069,16,[]
6098,78,[]
6239,9,[]
6256,6,[]
6267,14,[]
6293,16,[]
6322,14,[]
6348,18,[]
6381,5,[]
6390,17,[]
6421,16,[]
6450,18,[]
6483,16,[]
6512,4,[]
6520,21,[]
6558,15,[]
6585,15,[]
6612,20,[]
6648,9,[]
6665,18,[]
6698,19,[]
6733,17,[0, 1, 2, 3, 4, 5, 6, 7, 8, 9, 10, 11, 12, 13, 14, 15]
6764,16,[]
6793,9,[]
6810,18,[]
6843,21,[]
6881,15,[]
6908,19,[]
6943,9,[]
6960,17,[]
6991,17,[]
7022,73,[]
7154,10,[]
7172,4,[]
7180,17,[]
7211,17,[]
7242,26,[]
7289,15,[]
7316,10,[]
7334,17,[]
7365,30,[]
7419,16,[]
7448,17,[]
7479,7,[]
7492,19,[]
7527,22,[]
7567,16,[]
7596,17,[]
7627,9,[]
7644,17,[]
7675,16,[]
7704,16,[]
7733,14,[]
7759,10,[]
7777,23,[]
7819,22,[]
7859,17,[]
7890,19,[]
7925,10,[]
7943,19,[]
7978,21,[]
8016,82,[]
8164,9,[]
8181,5,[]
8190,14,[]
8216,16,[]
8245,16,[]
8274,15,[]
8301,11,[]
8321,16,[]
8350,22,[]
8390,16,[]
8419,18,[]
8452,8,[]
8467,19,[]
8502,14,[]
8528,17,[]
8559,16,[]
8588,5,[]
8597,15,[]
8624,19,[]
8659,16,[]
8688,18,[]
8721,5,[]
8730,17,[]
8761,16,[]
8790,17,[]
8821,15,[]
8848,8,[]
8863,18,[]
8896,19,[]
0,19,[]
35,4,[]
43,9,[]
60,12,[]
82,11,[]
102,12,[]
124,10,[]
142,17,[]
173,9,[]
190,9,[]
207,12,[]
229,10,[]
247,9,[]
264,10,[]
282,9,[]
299,10,[]
317,10,[]
335,10,[]
353,9,[]
370,13,[]
394,17,[]
425,20,[]
461,19,[]
496,19,[]
531,13,[]
555,12,[]
577,15,[]
604,20,[]
640,23,[]
682,20,[]
718,83,[]
868,14,[]
894,5,[]
903,4,[]
911,5,[]
920,11,[]
940,13,[]
964,13,[]
988,16,[]
1017,14,[]
1043,17,[]
1074,12,[]
1096,12,[]
1118,16,[]
1147,12,[]
1169,16,[]
1198,11,[]
1218,11,[]
1238,12,[]
1260,12,[]
1282,15,[]
1309,11,[]
1329,16,[]
1358,15,[]
1385,19,[]
1420,14,[]
1446,18,[]
1479,11,[]
1499,16,[]
1528,12,[]
1550,87,[]
1707,6,[]
1718,12,[]
1740,11,[]
1760,16,[]
1789,16,[]
1818,16,[]
1847,14,[]
1873,17,[]
1904,14,[]
1930,16,[]
1959,15,[]
1986,15,[]
2013,11,[]
2033,15,[]
2060,9,[]
2077,15,[]
2104,8,[]
2119,9,[]
2136,15,[]
2163,10,[]
2181,8,[]
2196,9,[]
2213,12,[]
2235,12,[0, 1, 2, 3, 4, 5, 6, 7, 8, 9, 10, 11]
2257,11,[]
2277,12,[]
2299,13,[]
2323,12,[]
2345,9,[]
2362,102,[]
2546,7,[]
2559,10,[]
2577,13,[]
2601,15,[]
2628,13,[]
2652,15,[]
2679,14,[]
2705,10,[]
2723,11,[0, 1, 2, 3, 4, 5, 6, 7, 8, 9, 10]
2743,11,[]
2763,13,[]
2787,15,[]
2814,15,[]
2841,16,[]
2870,11,[]
2890,14,[]
2916,11,[]
2936,10,[]
2954,17,[]
2985,11,[]
3005,11,[]
3025,15,[]
3052,15,[]
3079,15,[]
3106,13,[]
3130,16,[]
3159,16,[]
3188,20,[]
3224,5,[]
3233,94,[]
3403,9,[]
3420,15,[]
3447,15,[]
3474,17,[]
3505,17,[]
3536,17,[]
3567,14,[]
3593,18,[]
3626,16,[]
3655,18,[]
3688,17,[]
3719,18,[0, 1, 2, 3, 4, 5, 6, 7, 8, 9, 10, 11, 12, 13, 14, 15, 16, 17]
3752,16,[]
3781,17,[]
3812,16,[]
3841,19,[]
3876,17,[]
3907,18,[]
3940,17,[]
3971,20,[]
4007,20,[]
4043,17,[]
4074,17,[]
4105,21,[]
4143,18,[]
4176,19,[]
4211,17,[]
4242,19,[]
4277,16,[]
4306,65,[]
4423,10,[]
4441,14,[]
4467,13,[]
4491,15,[]
4518,16,[]
4547,20,[]
4583,18,[]
4616,22,[]
4656,22,[]
4696,22,[]
4736,20,[]
4772,20,[]
4808,22,[]
4848,19,[]
4883,21,[]
4921,19,[]
4956,23,[]
4998,22,[]
5038,21,[]
5076,23,[]
5118,25,[]
5163,23,[]
5205,26,[]
5252,21,[]
5290,25,[]
5335,22,[]
5375,24,[]
5419,25,[]
5464,25,[]
5509,85,[]
5662,15,[]
5689,20,[]
5725,18,[]
5758,21,[]
5796,18,[]
5829,24,[]
5873,18,[]
5906,21,[]
5944,18,[]
5977,20,[]
6013,17,[]
6044,19,[]
6079,16,[]
6108,15,[]
6135,17,[]
6166,16,[]
6195,15,[]
6222,16,[]
6251,19,[]
6286,18,[]
6319,17,[]
6350,16,[]
6379,17,[]
6410,16,[]
6439,16,[]
6468,14,[]
6494,13,[]
6518,13,[]
6542,13,[]
6566,48,[]
6653,6,[]
6664,13,[]
6688,8,[]
6703,11,[]
6723,11,[]
6743,17,[]
6774,12,[]
6796,15,[]
6823,14,[]
6849,13,[]
6873,12,[]
6895,17,[]
6926,14,[]
6952,12,[]
6974,13,[]
6998,15,[]
7025,17,[]
7056,13,[]
7080,13,[]
7104,18,[]
7137,15,[]
7164,11,[]
7184,11,[]
7204,15,[]
7231,16,[]
7260,14,[]
7286,13,[]
7310,14,[]
7336,16,[]
7365,52,[]
7459,11,[]
7479,9,[]
7496,11,[]
7516,12,[]
7538,10,[]
7556,12,[]
7578,16,[]
7607,15,[]
7634,13,[]
7658,16,[]
7687,12,[]
7709,15,[]
7736,13,[]
7760,14,[]
7786,18,[]
7819,18,[]
7852,12,[]
7874,13,[]
7898,15,[]
7925,13,[]
7949,14,[]
7975,14,[]
8001,13,[]
8025,13,[]
8049,12,[]
8071,10,[]
8089,10,[]
8107,11,[]
8127,12,[]
8149,68,[]
8272,8,[]
8287,11,[]
8307,13,[]
8331,15,[]
8358,17,[]
8389,18,[]
8422,19,[]
8457,21,[]
8495,18,[]
8528,17,[]
8559,19,[]
8594,17,[]
8625,20,[]
8661,19,[]
8696,20,[]
8732,16,[]
8761,16,[]
8790,17,[]
8821,17,[]
8852,17,[]
8883,16,[]
8912,19,[]
8947,13,[]
8971,15,[]
8998,17,[]
9029,16,[]
9058,16,[]
9087,16,[]
9116,18,[]
0,25,[]
45,3,[]
51,13,[]
75,16,[]
104,15,[]
131,14,[]
157,12,[]
179,12,[]
201,13,[]
225,11,[]
245,12,[0, 1, 2, 3, 4, 5, 6, 7, 8, 9, 10, 11]
267,12,[]
289,12,[]
311,11,[]
331,12,[]
353,12,[]
375,11,[]
395,10,[]
413,11,[]
433,11,[]
453,10,[]
471,11,[]
491,13,[]
515,12,[0, 1, 2, 3, 4, 5, 6, 7, 8, 9, 10, 11]
537,12,[]
559,10,[]
577,11,[]
597,10,[]
615,10,[]
633,12,[]
655,54,[]
753,9,[]
770,11,[]
790,10,[]
808,10,[]
826,11,[]
846,10,[]
864,11,[]
884,13,[]
908,12,[]
930,12,[]
952,12,[]
974,12,[]
996,11,[]
1016,12,[]
1038,12,[]
1060,12,[]
1082,13,[]
1106,13,[]
1130,11,[]
1150,11,[]
1170,12,[]
1192,12,[]
1214,13,[]
1238,14,[]
1264,14,[]
1290,14,[]
1316,13,[]
1340,14,[]
1366,11,[]
1386,55,[]
1485,10,[]
1503,12,[]
1525,14,[]
1551,12,[]
1573,9,[]
1590,11,[]
1610,13,[]
1634,14,[]
1660,15,[]
1687,16,[]
1716,12,[]
1738,13,[]
1762,13,[]
1786,12,[]
1808,14,[]
1834,15,[]
1861,16,[]
1890,17,[]
1921,16,[]
1950,16,[]
1979,15,[]
2006,14,[]
2032,12,[]
2054,12,[]
2076,15,[]
2103,14,[]
2129,13,[]
2153,13,[]
2177,13,[]
2201,45,[]
2282,8,[]
2297,11,[]
2317,11,[]
2337,12,[]
2359,12,[]
2381,13,[]
2405,13,[]
2429,13,[]
2453,12,[]
2475,12,[]
2497,12,[]
2519,12,[]
2541,12,[]
2563,14,[]
2589,13,[]
2613,12,[]
2635,14,[]
2661,14,[]
2687,13,[]
2711,15,[]
2738,12,[]
2760,12,[]
2782,12,[]
2804,12,[]
2826,12,[]
2848,11,[]
2868,11,[]
2888,14,[]
2914,14,[]
2940,53,[]
3036,10,[]
3054,11,[]
3074,9,[]
3091,11,[]
3111,11,[]
3131,12,[]
3153,11,[]
3173,11,[]
3193,13,[]
3217,11,[]
3237,12,[]
3259,12,[]
3281,10,[]
3299,12,[]
3321,12,[]
3343,12,[]
3365,12,[]
3387,14,[]
3413,13,[]
3437,13,[]
3461,13,[]
3485,14,[]
3511,14,[]
3537,14,[]
3563,14,[]
3589,13,[]
3613,12,[]
3635,13,[]
3659,14,[]
3685,53,[]
3781,14,[]
3807,16,[]
3836,16,[]
3865,20,[]
3901,19,[]
3936,18,[]
3969,17,[]
4000,17,[]
4031,17,[]
4062,15,[]
4089,14,[]
4115,14,[]
4141,13,[]
4165,12,[]
4187,13,[]
4211,15,[]
4238,13,[]
4262,13,[]
4286,14,[]
4312,14,[]
4338,15,[]
4365,13,[]
4389,13,[]
4413,16,[]
4442,14,[]
4468,14,[]
4494,13,[]
4518,13,[]
4542,13,[0, 1, 2, 3, 4, 5, 6, 7, 8, 9, 10, 11]
4566,57,[]
4669,9,[]
4686,11,[]
4706,12,[]
4728,12,[]
4750,13,[]
4774,13,[]
4798,12,[]
4820,13,[]
4844,16,[]
4873,14,[]
4899,12,[]
4921,12,[]
4943,13,[]
4967,14,[]
4993,16,[]
5022,18,[]
5055,18,[]
5088,20,[]
5124,21,[]
5162,17,[]
5193,14,[]
5219,14,[]
5245,14,[]
5271,14,[]
5297,15,[]
5324,14,[]
5350,15,[]
5377,13,[]
5401,13,[]
5425,45,[]
5506,10,[]
5524,11,[]
5544,11,[]
5564,12,[]
5586,12,[]
5608,12,[]
5630,12,[]
5652,12,[]
5674,12,[]
5696,11,[]
5716,13,[0, 1, 2, 3, 4, 5, 6, 7, 8, 9, 10, 11]
5740,13,[]
5764,11,[]
5784,12,[]
5806,12,[]
5828,13,[]
5852,14,[]
5878,12,[]
5900,11,[]
5920,11,[]
5940,12,[]
5962,11,[]
5982,12,[]
6004,12,[]
6026,13,[]
6050,12,[]
6072,13,[]
6096,12,[]
6118,10,[]
6136,54,[]
6234,10,[]
6252,8,[]
6267,12,[]
6289,10,[]
6307,9,[]
6324,10,[]
6342,9,[]
6359,11,[]
6379,13,[]
6403,13,[]
6427,11,[]
6447,10,[]
6465,7,[]
6478,10,[]
6496,14,[]
6522,18,[]
6555,15,[]
6582,16,[]
6611,13,[]
6635,13,[]
6659,12,[]
6681,12,[]
6703,14,[]
6729,14,[]
6755,13,[]
6779,11,[]
6799,11,[]
6819,10,[]
6837,10,[]
6855,46,[]
6938,9,[]
6955,10,[]
6973,10,[]
6991,11,[]
7011,10,[]
7029,10,[]
7047,11,[]
7067,11,[]
7087,12,[]
7109,11,[]
7129,12,[]
7151,11,[]
7171,12,[]
7193,11,[]
7213,12,[]
7235,13,[]
7259,13,[]
7283,17,[]
7314,12,[]
7336,13,[]
7360,12,[]
7382,13,[]
7406,11,[]
7426,12,[]
7448,12,[]
7470,12,[]
7492,10,[]
7510,14,[]
7536,11,[]
0,14,[]
26,2,[]
30,5,[]
39,11,[]
59,8,[]
74,7,[0, 1, 2, 3, 4, 5, 6]
87,4,[]
95,7,[]
108,7,[]
121,5,[]
130,12,[]
152,16,[]
181,20,[]
217,18,[]
250,13,[]
274,15,[]
301,6,[0, 1, 2, 3, 4, 5]
312,14,[]
338,14,[]
364,15,[]
391,13,[]
415,5,[]
424,14,[]
450,19,[]
485,14,[]
511,10,[]
529,17,[]
560,16,[]
589,14,[]
615,15,[]
642,87,[]
799,1,[]
801,7,[]
814,8,[]
829,10,[]
847,10,[]
865,19,[]
900,18,[]
933,18,[]
966,18,[]
999,20,[]
1035,13,[]
1059,23,[]
1101,22,[]
1141,18,[]
1174,22,[]
1214,5,[]
1223,20,[]
1259,17,[]
1290,19,[]
1325,24,[]
1369,19,[]
1404,13,[]
1428,18,[]
1461,17,[]
1492,22,[]
1532,15,[]
1559,22,[]
1599,18,[]
1632,22,[]
1672,90,[]
1834,12,[]
1856,5,[]
1865,18,[]
1898,20,[]
1934,19,[]
1969,10,[]
1987,21,[]
2025,23,[]
2067,23,[]
2109,23,[]
2151,6,[]
2162,22,[]
2202,23,[]
2244,21,[]
2282,21,[]
2320,22,[]
2360,11,[]
2380,19,[]
2415,21,[]
2453,23,[]
2495,6,[]
2506,20,[]
2542,19,[]
2577,21,[]
2615,19,[]
2650,24,[]
2694,7,[]
2707,38,[]
2776,16,[]
2805,86,[]
2960,1,[]
2962,15,[]
2989,17,[]
3020,20,[]
3056,10,[]
3074,20,[]
3110,23,[]
3152,22,[]
3192,19,[]
3227,27,[]
3276,14,[]
3302,29,[]
3355,28,[]
3406,24,[]
3450,23,[]
3492,11,[]
3512,26,[]
3559,12,[]
3581,23,[]
3623,10,[]
3641,25,[]
3686,8,[]
3701,21,[]
3739,10,[]
3757,24,[]
3801,8,[]
3816,24,[]
3860,8,[]
3875,24,[]
3919,67,[]
4040,16,[]
4069,8,[]
4084,19,[]
4119,6,[]
4130,16,[]
4159,8,[0, 1, 2, 3, 4, 5, 6, 7]
4174,19,[]
4209,12,[]
4231,20,[]
4267,10,[]
4285,21,[]
4323,11,[]
4343,20,[]
4379,9,[]
4396,19,[]
4431,7,[]
4444,19,[]
4479,11,[]
4499,19,[]
4534,7,[]
4547,18,[]
4580,11,[]
4600,20,[]
4636,8,[]
4651,22,[]
4691,11,[]
4711,21,[]
4749,9,[]
4766,22,[]
4806,61,[]
4916,16,[]
4945,8,[]
4960,18,[]
4993,6,[]
5004,19,[]
5039,10,[]
5057,26,[]
5104,9,[]
5121,22,[]
5161,6,[]
5172,19,[]
5207,7,[]
5220,18,[]
5253,6,[]
5264,23,[]
5306,5,[]
5315,22,[]
5355,7,[]
5368,21,[]
5406,9,[]
5423,22,[]
5463,5,[]
5472,23,[]
5514,9,[]
5531,15,[]
5558,7,[]
5571,16,[]
5600,9,[]
5617,15,[]
5644,50,[]
5734,10,[]
5752,8,[]
5767,17,[]
5798,6,[]
5809,14,[]
5835,7,[]
5848,26,[]
5895,17,[]
5926,9,[]
5943,17,[]
5974,6,[]
5985,23,[]
6027,4,[]
6035,20,[]
6071,9,[]
6088,20,[]
6124,9,[]
6141,24,[]
6185,10,[]
6203,17,[]
6234,9,[]
6251,22,[]
6291,9,[]
6308,16,[]
6337,6,[]
6348,20,[]
6384,7,[]
6397,17,[]
6428,5,[]
6437,46,[]
6520,4,[]
6528,19,[]
6563,21,[]
6601,6,[]
6612,12,[]
6634,6,[]
6645,13,[]
6669,10,[]
6687,19,[]
6722,22,[]
6762,12,[]
6784,14,[]
6810,17,[]
6841,21,[]
6879,7,[]
6892,6,[]
6903,23,[]
6945,11,[]
6965,25,[]
7010,13,[]
7034,15,[]
7061,25,[]
7106,14,[]
7132,25,[]
7177,22,[]
7217,16,[]
7246,17,[]
7277,16,[]
7306,17,[]
7337,41,[]
7411,2,[]
7415,4,[]
7423,17,[0, 1, 2, 3, 4, 5, 6, 7, 8, 9, 10, 11, 12, 13, 14]
7454,9,[]
7471,20,[]
7507,7,[]
7520,17,[]
7551,17,[]
7582,7,[]
7595,19,[]
7630,10,[]
7648,22,[]
7688,10,[]
7706,21,[]
7744,9,[]
7761,9,[]
7778,25,[]
7823,9,[]
7840,24,[]
7884,20,[]
7920,6,[]
7931,22,[]
7971,6,[]
7982,25,[]
8027,8,[]
8042,27,[]
8091,4,[]
8099,9,[]
8116,26,[]
8163,31,[]
8219,12,[]
8241,23,[]
8283,4,[]
8291,19,[]
8326,6,[]
8337,23,[]
8379,14,[]
8405,24,[]
8449,22,[]
8489,19,[]
8524,12,[]
8546,13,[]
8570,22,[]
8610,12,[]
8632,23,[]
8674,13,[]
8698,4,[]
8706,18,[]
8739,18,[]
8772,18,[]
8805,17,[]
8836,6,[]
8847,11,[]
8867,12,[]
8889,7,[]
8902,13,[]
8926,17,[]
8957,8,[]
8972,17,[]
0,28,[]
51,3,[]
57,16,[]
86,22,[]
126,10,[]
144,17,[0, 1, 2, 3, 4, 5, 6, 7, 8, 9, 10, 11, 12, 13, 14, 15, 16]
175,18,[]
208,13,[]
232,18,[]
265,4,[]
273,20,[]
309,21,[]
347,14,[]
373,13,[]
397,11,[0, 1, 2, 3, 4, 5, 6, 7, 8, 9, 10]
417,15,[]
444,20,[]
480,16,[]
509,9,[]
526,3,[]
532,17,[]
563,15,[]
590,14,[]
616,17,[]
647,9,[]
664,14,[]
690,14,[]
716,13,[]
740,15,[]
767,7,[]
780,118,[]
993,8,[]
1008,8,[]
1023,11,[]
1043,1,[]
1045,13,[]
1069,12,[]
1091,11,[]
1111,12,[]
1133,12,[]
1155,14,[]
1181,12,[]
1203,13,[]
1227,10,[]
1245,17,[]
1276,14,[]
1302,13,[]
1326,10,[]
1344,18,[]
1377,9,[]
1394,14,[]
1420,13,[]
1444,17,[]
1475,8,[]
1490,17,[]
1521,14,[]
1547,13,[]
1571,14,[]
1597,12,[]
1619,16,[]
1648,120,[]
1864,9,[]
1881,8,[]
1896,8,[]
1911,15,[]
1938,13,[]
1962,12,[]
1984,18,[]
2017,8,[]
2032,17,[]
2063,13,[]
2087,13,[]
2111,12,[]
2133,8,[]
2148,17,[]
2179,14,[]
2205,24,[]
2249,16,[]
2278,17,[]
2309,14,[]
2335,18,[]
2368,16,[]
2397,18,[]
2430,17,[]
2461,13,[]
2485,18,[]
2518,15,[]
2545,15,[]
2572,18,[]
2605,16,[]
2634,124,[]
2858,11,[]
2878,9,[]
2895,10,[]
2913,17,[]
2944,11,[]
2964,13,[]
2988,15,[]
3015,15,[]
3042,17,[]
3073,17,[]
3104,10,[]
3122,17,[]
3153,7,[]
3166,14,[]
3192,15,[]
3219,16,[]
3248,16,[]
3277,9,[]
3294,20,[]
3330,19,[]
3365,12,[]
3387,14,[]
3413,9,[]
3430,19,[]
3465,16,[]
3494,17,[]
3525,13,[]
3549,9,[]
3566,18,[]
3599,131,[]
3835,5,[]
3844,4,[]
3852,12,[]
3874,14,[]
3900,14,[]
3926,13,[]
3950,12,[]
3972,9,[]
3989,15,[]
4016,17,[]
4047,15,[]
4074,12,[]
4096,16,[]
4125,17,[]
4156,14,[0, 1, 2, 3, 4, 5, 6, 7, 8, 9, 10, 11, 12, 13]
4182,13,[]
4206,7,[]
4219,17,[]
4250,13,[]
4274,18,[]
4307,16,[]
4336,13,[]
4360,17,[]
4391,17,[]
4422,14,[]
4448,16,[]
4477,8,[]
4492,18,[]
4525,19,[]
4560,131,[]
4796,7,[]
4809,4,[]
4817,14,[]
4843,14,[]
4869,13,[]
4893,11,[]
4913,10,[]
4931,13,[]
4955,18,[]
4988,11,[]
5008,17,[]
5039,9,[]
5056,16,[]
5085,16,[]
5114,16,[]
5143,14,[]
5169,7,[]
5182,22,[]
5222,14,[]
5248,16,[]
5277,14,[]
5303,9,[]
5320,19,[]
5355,18,[]
5388,16,[]
5417,18,[]
5450,11,[]
5470,19,[]
5505,11,[]
5525,129,[]
5758,7,[]
5771,5,[]
5780,12,[]
5802,16,[]
5831,12,[]
5853,13,[0, 1, 2, 3, 4, 5, 6, 7, 8, 9, 10, 11, 12]
5877,8,[]
5892,17,[]
5923,13,[]
5947,14,[]
5973,17,[]
6004,8,[]
6019,13,[]
6043,16,[]
6072,17,[]
6103,18,[]
6136,7,[]
6149,15,[]
6176,15,[]
6203,17,[]
6234,7,[]
6247,20,[]
6283,17,[]
6314,15,[]
6341,13,[]
6365,14,[]
6391,8,[]
6406,13,[]
6430,19,[]
6465,127,[]
6694,1,[]
6696,6,[]
6707,9,[]
6724,10,[]
6742,11,[]
6762,7,[]
6775,12,[]
6797,11,[0, 1, 2, 3, 4, 5, 6, 7, 8, 9, 10]
6817,11,[]
6837,15,[]
6864,7,[]
6877,19,[]
6912,14,[]
6938,12,[]
6960,14,[]
6986,5,[]
6995,14,[]
7021,16,[]
7050,15,[]
7077,17,[]
7108,9,[]
7125,17,[]
7156,14,[]
7182,16,[]
7211,13,[]
7235,8,[]
7250,17,[]
7281,15,[]
7308,15,[]
7335,119,[]
7550,1,[]
7552,5,[]
7561,7,[]
7574,11,[]
7594,9,[]
7611,6,[]
7622,9,[]
7639,10,[]
7657,8,[]
7672,7,[]
7685,16,[]
7714,12,[]
7736,13,[]
7760,12,[]
7782,14,[]
7808,10,[]
7826,14,[]
7852,12,[]
7874,17,[]
7905,14,[]
7931,7,[]
7944,21,[]
7982,17,[]
8013,13,[]
8037,20,[]
8073,9,[]
8090,19,[]
8125,18,[]
8158,15,[]
8185,121,[]
8403,1,[]
8405,6,[]
8416,5,[]
8425,11,[]
8445,7,[]
8458,11,[]
8478,11,[]
8498,11,[]
8518,11,[1, 2, 3, 4, 5, 6, 7, 8, 9, 10]
8538,6,[]
8549,13,[]
8573,14,[]
8599,12,[]
8621,18,[]
8654,8,[]
8669,18,[]
8702,13,[]
8726,15,[]
8753,8,[]
8768,21,[]
8806,17,[]
8837,14,[]
8863,12,[]
8885,14,[]
8911,7,[]
8924,15,[]
8951,15,[]
8978,17,[]
9009,12,[]
0,18,[]
33,6,[]
44,12,[]
66,14,[]
92,13,[]
116,11,[]
136,11,[]
156,12,[]
178,12,[0, 1, 2, 3, 4, 5, 6, 7, 8, 9, 10, 11]
200,12,[]
222,17,[]
253,13,[]
277,12,[]
299,14,[]
325,15,[]
352,11,[]
372,13,[]
396,13,[]
420,14,[]
446,14,[]
472,18,[]
505,13,[]
529,14,[]
555,15,[]
582,14,[]
608,12,[]
630,16,[]
659,14,[]
685,18,[]
718,12,[]
740,45,[]
821,7,[]
834,12,[]
856,12,[]
878,8,[]
893,13,[]
917,18,[]
950,15,[]
977,21,[]
1015,18,[]
1048,18,[]
1081,16,[]
1110,18,[]
1143,16,[]
1172,17,[]
1203,14,[]
1229,16,[]
1258,21,[]
1296,18,[]
1329,18,[]
1362,14,[]
1388,16,[]
1417,22,[]
1457,15,[]
1484,14,[]
1510,15,[]
1537,18,[]
1570,14,[]
1596,16,[]
1625,19,[]
1660,44,[]
1740,11,[]
1760,21,[]
1798,16,[]
1827,17,[]
1858,16,[]
1887,16,[]
1916,16,[]
1945,18,[]
1978,17,[]
2009,19,[]
2044,18,[]
2077,23,[]
2119,18,[]
2152,16,[]
2181,21,[]
2219,16,[]
2248,16,[]
2277,22,[]
2317,17,[]
2348,16,[]
2377,15,[]
2404,16,[]
2433,18,[]
2466,15,[]
2493,15,[]
2520,16,[]
2549,15,[]
2576,23,[]
2618,19,[]
2653,54,[]
2751,11,[]
2771,14,[]
2797,16,[]
2826,16,[]
2855,18,[]
2888,19,[]
2923,18,[]
2956,19,[]
2991,16,[]
3020,15,[]
3047,23,[]
3089,22,[]
3129,15,[]
3156,15,[]
3183,14,[]
3209,13,[]
3233,14,[]
3259,15,[]
3286,23,[]
3328,15,[]
3355,15,[]
3382,13,[]
3406,17,[]
3437,13,[]
3461,13,[]
3485,15,[]
3512,16,[]
3541,12,[]
3563,15,[]
3590,42,[]
3666,8,[]
3681,11,[]
3701,12,[]
3723,12,[]
3745,11,[]
3765,11,[]
3785,13,[]
3809,12,[]
3831,10,[]
3849,13,[]
3873,12,[]
3895,11,[]
3915,11,[]
3935,11,[]
3955,14,[]
3981,13,[]
4005,11,[]
4025,12,[]
4047,14,[]
4073,11,[]
4093,13,[]
4117,13,[]
4141,14,[]
4167,13,[]
4191,13,[]
4215,11,[]
4235,13,[]
4259,12,[]
4281,14,[]
4307,43,[]
4385,9,[]
4402,13,[]
4426,13,[]
4450,14,[]
4476,12,[]
4498,17,[]
4529,17,[]
4560,15,[]
4587,15,[]
4614,13,[]
4638,14,[]
4664,15,[]
4691,20,[]
4727,18,[]
4760,14,[]
4786,13,[]
4810,14,[]
4836,18,[]
4869,15,[]
4896,14,[]
4922,13,[]
4946,16,[]
4975,18,[]
5008,14,[]
5034,15,[]
5061,14,[]
5087,12,[]
5109,13,[]
5133,12,[]
5155,42,[]
5231,10,[]
5249,13,[]
5273,12,[]
5295,14,[]
5321,14,[]
5347,12,[]
5369,14,[]
5395,15,[]
5422,14,[]
5448,20,[]
5484,14,[]
5510,14,[]
5536,13,[]
5560,16,[]
5589,15,[]
5616,16,[]
5645,21,[]
5683,16,[]
5712,13,[]
5736,17,[]
5767,17,[]
5798,18,[]
5831,16,[]
5860,16,[]
5889,11,[]
5909,14,[]
5935,11,[]
5955,14,[]
5981,16,[]
6010,58,[]
6115,8,[]
6130,11,[]
6150,11,[]
6170,13,[]
6194,11,[]
6214,11,[]
6234,14,[]
6260,16,[]
6289,13,[]
6313,13,[]
6337,11,[]
6357,13,[]
6381,13,[]
6405,13,[]
6429,13,[]
6453,15,[]
6480,15,[]
6507,15,[]
6534,13,[]
6558,15,[]
6585,13,[]
6609,13,[]
6633,14,[]
6659,14,[]
6685,13,[]
6709,13,[]
6733,13,[]
6757,17,[]
6788,14,[]
6814,53,[]
6910,10,[]
6928,12,[]
6950,15,[]
6977,16,[]
7006,14,[]
7032,18,[]
7065,16,[]
7094,21,[]
7132,14,[]
7158,14,[]
7184,16,[]
7213,19,[]
7248,15,[]
7275,17,[]
7306,13,[]
7330,14,[]
7356,21,[]
7394,17,[]
7425,18,[]
7458,16,[]
7487,21,[]
7525,17,[]
7556,14,[]
7582,17,[]
7613,13,[]
7637,19,[]
7672,12,[]
7694,13,[]
7718,12,[]
7740,46,[]
7823,11,[]
7843,12,[]
7865,14,[]
7891,20,[]
7927,15,[]
7954,6,[]
7965,19,[]
8000,23,[]
8042,16,[]
8071,7,[]
8084,19,[]
8119,16,[]
8148,17,[]
8179,10,[]
8197,21,[]
8235,9,[]
8252,15,[]
8279,15,[]
8306,17,[]
8337,15,[]
8364,14,[]
8390,8,[]
8405,20,[]
8441,4,[]
8449,20,[]
8485,10,[]
8503,27,[]
8552,4,[]
8560,19,[]
0,43,[]
78,12,[]
100,13,[]
124,17,[]
155,14,[]
181,15,[]
208,14,[]
234,14,[]
260,16,[]
289,15,[]
316,15,[]
343,12,[]
365,14,[]
391,14,[]
417,17,[]
448,19,[]
483,18,[]
516,16,[]
545,14,[]
571,15,[1, 2, 3, 4, 5, 6, 7, 8, 9, 10, 11, 12, 13, 14]
598,15,[]
625,19,[]
660,22,[]
700,21,[]
738,22,[]
778,26,[]
825,23,[]
867,20,[]
903,23,[]
945,21,[]
983,75,[]
1118,18,[]
1151,20,[]
1187,20,[]
1223,10,[]
1241,14,[]
1267,19,[]
1302,17,[]
1333,18,[]
1366,14,[]
1392,18,[]
1425,17,[]
1456,17,[]
1487,17,[]
1518,16,[]
1547,18,[]
1580,16,[]
1609,16,[]
1638,12,[]
1660,15,[]
1687,17,[]
1718,14,[]
1744,14,[]
1770,16,[]
1799,18,[]
1832,18,[]
1865,16,[]
1894,13,[]
1918,17,[]
1949,13,[]
1973,65,[]
2090,9,[]
2107,14,[]
2133,12,[]
2155,12,[]
2177,13,[]
2201,11,[]
2221,12,[]
2243,14,[]
2269,11,[]
2289,12,[]
2311,15,[]
2338,13,[]
2362,10,[]
2380,14,[]
2406,12,[]
2428,13,[]
2452,13,[]
2476,15,[]
2503,14,[]
2529,13,[]
2553,12,[]
2575,13,[]
2599,13,[]
2623,13,[]
2647,15,[]
2674,15,[]
2701,12,[]
2723,13,[]
2747,15,[]
2774,59,[]
2881,9,[]
2898,9,[]
2915,15,[]
2942,13,[]
2966,15,[]
2993,13,[]
3017,13,[]
3041,12,[]
3063,12,[]
3085,15,[]
3112,13,[]
3136,15,[]
3163,14,[]
3189,14,[]
3215,12,[]
3237,17,[]
3268,17,[]
3299,15,[]
3326,13,[]
3350,14,[]
3376,14,[]
3402,14,[]
3428,13,[]
3452,16,[]
3481,16,[]
3510,15,[]
3537,13,[]
3561,15,[]
3588,16,[]
3617,63,[]
3731,8,[]
3746,10,[]
3764,13,[]
3788,13,[]
3812,12,[]
3834,12,[]
3856,13,[]
3880,15,[]
3907,14,[]
3933,14,[]
3959,17,[]
3990,16,[]
4019,17,[]
4050,13,[]
4074,15,[]
4101,15,[0, 1, 2, 3, 4, 5, 6, 7, 8, 9, 10, 11, 12, 13, 14]
4128,14,[]
4154,16,[]
4183,13,[]
4207,16,[]
4236,14,[]
4262,16,[]
4291,14,[]
4317,14,[]
4343,16,[]
4372,19,[]
4407,17,[]
4438,14,[]
4464,13,[]
4488,64,[]
4604,7,[0, 1, 2, 3, 4, 5, 6]
4617,12,[]
4639,12,[]
4661,13,[]
4685,12,[]
4707,14,[]
4733,13,[]
4757,12,[]
4779,12,[]
4801,13,[]
4825,14,[]
4851,14,[]
4877,12,[]
4899,14,[]
4925,14,[]
4951,13,[]
4975,14,[]
5001,14,[]
5027,13,[0, 1, 2, 3, 4, 5, 6, 7, 8, 9, 10, 11, 12]
5051,14,[]
5077,13,[]
5101,12,[]
5123,13,[]
5147,12,[]
5169,18,[]
5202,14,[]
5228,13,[]
5252,14,[]
5278,10,[]
5296,76,[]
5433,4,[]
5441,7,[]
5454,9,[]
5471,11,[]
5491,11,[]
5511,11,[]
5531,12,[]
5553,12,[]
5575,13,[]
5599,12,[]
5621,11,[]
5641,11,[]
5661,21,[]
5699,20,[]
5735,16,[]
5764,17,[]
5795,14,[]
5821,13,[]
5845,16,[]
5874,18,[]
5907,20,[]
5943,17,[]
5974,16,[]
6003,14,[]
6029,16,[]
6058,21,[]
6096,14,[]
6122,19,[]
6157,18,[]
6190,50,[]
6280,11,[]
6300,11,[]
6320,14,[]
6346,15,[]
6373,12,[]
6395,13,[]
6419,15,[]
6446,15,[]
6473,13,[]
6497,12,[]
6519,13,[]
6543,15,[]
6570,15,[]
6597,9,[]
6614,14,[]
6640,17,[]
6671,11,[]
6691,9,[]
6708,12,[]
6730,13,[]
6754,13,[]
6778,13,[]
6802,13,[]
6826,10,[]
6844,11,[]
6864,11,[]
6884,13,[]
6908,9,[]
6925,9,[]
6942,77,[]
7081,4,[]
7089,8,[]
7104,10,[]
7122,13,[]
7146,13,[]
7170,13,[]
7194,10,[0, 1, 2, 3, 4, 5, 6, 7, 8, 9]
7212,11,[]
7232,11,[]
7252,13,[]
7276,14,[]
7302,14,[]
7328,11,[]
7348,14,[]
7374,16,[]
7403,15,[]
7430,15,[]
7457,14,[]
7483,14,[]
7509,16,[]
7538,17,[]
7569,15,[]
7596,15,[]
7623,16,[]
7652,15,[]
7679,13,[]
7703,16,[]
7732,16,[]
7761,15,[]
7788,69,[]
7913,9,[]
7930,16,[]
7959,15,[]
7986,15,[]
8013,15,[]
8040,18,[]
8073,17,[]
8104,15,[]
8131,13,[]
8155,16,[]
8184,15,[]
8211,13,[]
8235,18,[]
8268,16,[]
8297,16,[]
8326,14,[]
8352,16,[]
8381,16,[]
8410,15,[]
8437,18,[]
8470,15,[]
8497,13,[]
8521,11,[]
8541,14,[]
8567,17,[]
8598,14,[]
8624,12,[]
8646,16,[0, 1, 2, 3, 4, 5, 6, 7, 8, 9, 10, 11, 12, 13, 14]
8675,16,[]
0,28,[]
51,6,[]
62,8,[]
77,9,[]
94,10,[]
112,9,[]
129,13,[]
153,15,[]
180,19,[]
215,12,[]
237,11,[]
257,11,[]
277,14,[]
303,12,[]
325,11,[]
345,11,[]
365,11,[]
385,11,[]
405,9,[]
422,12,[]
444,11,[]
464,11,[]
484,10,[]
502,9,[]
519,8,[]
534,10,[]
552,10,[]
570,17,[]
601,18,[]
634,13,[]
658,62,[]
770,8,[]
785,10,[]
803,11,[]
823,8,[]
838,10,[]
856,14,[]
882,12,[]
904,16,[]
933,13,[]
957,15,[]
984,13,[]
1008,12,[]
1030,13,[]
1054,12,[]
1076,12,[]
1098,14,[]
1124,13,[]
1148,12,[]
1170,13,[]
1194,12,[]
1216,14,[]
1242,14,[]
1268,15,[]
1295,16,[]
1324,12,[]
1346,14,[]
1372,14,[]
1398,14,[]
1424,15,[]
1451,64,[]
1567,11,[]
1587,13,[0, 1, 2, 3, 4, 5, 6, 7, 8, 9, 10, 11, 12]
1611,12,[]
1633,15,[]
1660,12,[]
1682,14,[]
1708,13,[]
1732,15,[]
1759,13,[]
1783,15,[]
1810,14,[]
1836,13,[]
1860,16,[2, 3, 4, 5, 6, 7, 8, 9, 10, 11, 12, 13, 14, 15]
1889,14,[]
1915,14,[]
1941,17,[]
1972,14,[]
1998,15,[]
2025,14,[]
2051,14,[]
2077,14,[]
2103,15,[]
2130,19,[]
2165,16,[]
2194,17,[]
2225,17,[]
2256,16,[]
2285,17,[]
2316,18,[]
2349,56,[]
2450,13,[]
2474,14,[]
2500,15,[]
2527,17,[]
2558,14,[]
2584,16,[]
2613,14,[]
2639,18,[]
2672,16,[]
2701,14,[]
2727,17,[]
2758,15,[]
2785,14,[]
2811,14,[]
2837,14,[]
2863,13,[]
2887,14,[]
2913,15,[]
2940,13,[]
2964,24,[]
3008,16,[]
3037,14,[]
3063,14,[]
3089,14,[]
3115,18,[]
3148,17,[]
3179,14,[]
3205,18,[]
3238,14,[]
3264,52,[]
3358,13,[]
3382,10,[]
3400,14,[]
3426,16,[]
3455,17,[]
3486,15,[]
3513,12,[]
3535,15,[]
3562,13,[]
3586,16,[]
3615,12,[]
3637,16,[]
3666,18,[]
3699,15,[]
3726,13,[]
3750,17,[1, 2, 3, 4, 5, 6, 7, 8, 9, 10, 11, 12, 13, 14, 15, 16]
3781,15,[]
3808,15,[]
3835,13,[]
3859,17,[]
3890,14,[]
3916,14,[]
3942,14,[]
3968,14,[]
3994,14,[]
4020,14,[]
4046,15,[]
4073,15,[]
4100,14,[]
4126,58,[]
4231,11,[]
4251,11,[]
4271,12,[]
4293,12,[]
4315,13,[]
4339,15,[]
4366,14,[]
4392,14,[]
4418,14,[]
4444,14,[]
4470,14,[]
4496,14,[]
4522,14,[]
4548,14,[]
4574,14,[]
4600,14,[]
4626,14,[]
4652,14,[]
4678,14,[]
4704,13,[]
4728,13,[]
4752,12,[]
4774,14,[]
4800,17,[]
4831,13,[]
4855,16,[]
4884,14,[]
4910,14,[]
4936,17,[]
4967,64,[]
5083,11,[]
5103,14,[]
5129,13,[]
5153,14,[]
5179,12,[]
5201,15,[]
5228,14,[]
5254,12,[]
5276,12,[]
5298,16,[]
5327,13,[]
5351,13,[]
5375,15,[]
5402,14,[]
5428,14,[]
5454,14,[]
5480,14,[]
5506,15,[]
5533,15,[]
5560,15,[]
5587,15,[]
5614,15,[]
5641,13,[]
5665,15,[]
5692,13,[]
5716,14,[]
5742,16,[]
5771,15,[0, 1, 2, 3, 4, 5, 6, 7, 8, 9, 10, 11, 12, 13]
5798,14,[]
5824,72,[]
5954,8,[]
5969,22,[]
6009,19,[]
6044,15,[]
6071,15,[]
6098,18,[]
6131,17,[]
6162,15,[]
6189,17,[]
6220,17,[]
6251,17,[]
6282,14,[]
6308,15,[]
6335,18,[]
6368,17,[]
6399,14,[]
6425,18,[]
6458,16,[]
6487,16,[]
6516,17,[]
6547,17,[]
6578,16,[]
6607,18,[]
6640,15,[]
6667,18,[]
6700,15,[]
6727,16,[]
6756,18,[]
6789,14,[]
6815,63,[]
6929,12,[]
6951,11,[]
6971,14,[]
6997,14,[]
7023,13,[]
7047,15,[]
7074,16,[]
7103,15,[]
7130,15,[]
7157,15,[]
7184,15,[]
7211,16,[]
7240,12,[]
7262,17,[]
7293,16,[]
7322,14,[]
7348,16,[]
7377,16,[]
7406,15,[]
7433,14,[]
7459,16,[]
7488,16,[]
7517,14,[]
7543,16,[]
7572,12,[]
7594,14,[]
7620,17,[]
7651,14,[]
7677,16,[]
7706,71,[]
7834,10,[]
7852,12,[]
7874,13,[]
7898,12,[]
7920,16,[]
7949,11,[]
7969,17,[]
8000,12,[]
8022,13,[]
8046,12,[]
8068,14,[]
8094,17,[]
8125,15,[]
8152,13,[]
8176,15,[]
8203,13,[]
8227,15,[]
8254,13,[]
8278,13,[]
8302,15,[]
8329,13,[]
8353,15,[]
8380,13,[]
8404,15,[0, 1, 2, 3, 4, 5, 6, 7, 8, 9, 10, 11, 12, 13, 14]
8431,13,[]
8455,13,[]
8479,15,[]
8506,12,[]
8528,13,[]
0,29,[]
53,3,[]
59,9,[]
76,14,[]
102,15,[]
129,14,[]
155,15,[]
182,9,[]
199,14,[]
225,13,[]
249,15,[]
276,11,[]
296,13,[]
320,12,[]
342,17,[]
373,15,[]
400,17,[]
431,13,[]
455,25,[]
500,21,[]
538,25,[]
583,21,[]
621,23,[]
663,16,[]
692,15,[]
719,16,[]
748,18,[]
781,16,[]
810,19,[]
845,18,[]
878,86,[]
1033,13,[]
1057,15,[]
1084,18,[]
1117,13,[]
1141,24,[]
1185,22,[]
1225,21,[]
1263,21,[]
1301,22,[]
1341,19,[]
1376,21,[]
1414,20,[]
1450,17,[]
1481,23,[]
1523,19,[]
1558,22,[]
1598,18,[]
1631,19,[]
1666,20,[]
1702,21,[]
1740,19,[0, 1, 2, 3, 4, 5, 6, 7, 8, 9, 10, 11, 12, 13, 14, 15, 16]
1775,18,[]
1808,19,[]
1843,20,[]
1879,19,[]
1914,18,[]
1947,18,[]
1980,19,[]
2015,17,[]
2046,82,[]
2194,9,[]
2211,10,[]
2229,15,[]
2256,16,[]
2285,25,[]
2330,18,[]
2363,19,[]
2398,17,[]
2429,18,[]
2462,16,[]
2491,18,[]
2524,17,[]
2555,15,[]
2582,20,[]
2618,15,[]
2645,14,[]
2671,15,[]
2698,15,[]
2725,14,[]
2751,15,[]
2778,12,[]
2800,17,[]
2831,17,[]
2862,16,[]
2891,13,[]
2915,13,[]
2939,12,[0, 1, 2, 3, 4, 5, 6, 7, 8, 9, 10, 11]
2961,17,[]
2992,14,[]
3018,71,[]
3146,7,[]
3159,9,[]
3176,10,[]
3194,13,[]
3218,13,[]
3242,15,[]
3269,13,[]
3293,15,[]
3320,12,[]
3342,15,[]
3369,11,[]
3389,13,[]
3413,13,[]
3437,14,[]
3463,13,[]
3487,13,[]
3511,12,[]
3533,13,[]
3557,12,[]
3579,14,[]
3605,11,[]
3625,13,[0, 1, 2, 3, 4, 5, 6, 7, 8, 9, 10, 11]
3649,13,[]
3673,15,[]
3700,13,[]
3724,14,[]
3750,12,[]
3772,14,[]
3798,11,[]
3818,71,[]
3946,7,[]
3959,10,[]
3977,10,[]
3995,11,[]
4015,18,[]
4048,12,[]
4070,14,[]
4096,16,[]
4125,13,[]
4149,14,[]
4175,13,[]
4199,14,[]
4225,13,[]
4249,14,[]
4275,13,[]
4299,13,[]
4323,13,[]
4347,12,[]
4369,13,[]
4393,13,[]
4417,12,[]
4439,15,[]
4466,12,[]
4488,14,[]
4514,13,[]
4538,15,[]
4565,14,[]
4591,17,[]
4622,14,[]
4648,81,[]
4794,8,[0, 1, 2, 3, 4, 5, 6, 7]
4809,10,[]
4827,10,[]
4845,14,[]
4871,15,[]
4898,16,[]
4927,14,[]
4953,17,[]
4984,15,[]
5011,15,[]
5038,15,[]
5065,16,[]
5094,15,[]
5121,17,[]
5152,15,[]
5179,16,[]
5208,15,[]
5235,17,[]
5266,16,[]
5295,15,[]
5322,15,[]
5349,16,[]
5378,14,[]
5404,14,[]
5430,12,[]
5452,17,[]
5483,14,[]
5509,16,[]
5538,13,[0, 1, 2, 3, 4, 5, 6, 7, 8, 9, 10, 11, 12]
5562,81,[]
5708,9,[]
5725,12,[]
5747,14,[]
5773,15,[]
5800,20,[]
5836,18,[]
5869,17,[]
5900,19,[]
5935,16,[]
5964,17,[]
5995,17,[]
6026,17,[]
6057,15,[]
6084,17,[]
6115,18,[]
6148,18,[]
6181,16,[]
6210,17,[]
6241,15,[]
6268,15,[]
6295,16,[]
6324,15,[]
6351,16,[]
6380,17,[]
6411,17,[]
6442,15,[]
6469,14,[]
6495,13,[]
6519,15,[]
6546,73,[]
6678,6,[]
6689,9,[]
6706,9,[]
6723,13,[]
6747,14,[]
6773,14,[]
6799,12,[]
6821,15,[]
6848,10,[]
6866,13,[]
6890,12,[]
6912,14,[]
6938,12,[]
6960,13,[]
6984,13,[]
7008,15,[]
7035,14,[]
7061,14,[]
7087,12,[]
7109,15,[]
7136,13,[]
7160,18,[]
7193,16,[]
7222,14,[]
7248,16,[]
7277,14,[]
7303,15,[]
7330,15,[]
7357,13,[]
7381,74,[]
7515,5,[]
7524,7,[]
7537,8,[]
7552,12,[]
7574,15,[]
7601,14,[]
7627,12,[]
7649,12,[]
7671,14,[]
7697,13,[]
7721,11,[]
7741,13,[]
7765,13,[]
7789,16,[]
7818,13,[]
7842,15,[]
7869,13,[]
7893,15,[]
7920,13,[]
7944,15,[]
7971,14,[]
7997,13,[]
8021,16,[]
8050,15,[]
8077,13,[]
8101,17,[]
8132,16,[]
8161,18,[]
8194,15,[]
8221,84,[]
8373,5,[]
8382,8,[]
8397,10,[]
8415,13,[]
8439,16,[]
8468,9,[]
8485,12,[]
8507,11,[]
8527,12,[]
8549,14,[]
8575,14,[]
8601,14,[]
8627,13,[]
8651,13,[]
8675,14,[]
8701,17,[]
8732,14,[]
8758,16,[0, 1, 2, 3, 4, 5, 6, 7, 8, 9, 10, 11, 12, 13, 14]
8787,14,[]
8813,15,[]
8840,13,[]
8864,13,[]
8888,13,[]
8912,16,[]
8941,14,[]
8967,14,[]
8993,12,[]
9015,15,[]
9042,13,[]
0,33,[]
60,3,[]
66,6,[]
77,11,[]
97,11,[]
117,14,[]
143,13,[]
167,12,[]
189,11,[]
209,14,[]
235,16,[]
264,9,[]
281,9,[]
298,9,[]
315,10,[]
333,16,[]
362,18,[]
395,17,[]
426,18,[]
459,17,[]
490,14,[]
516,16,[]
545,16,[]
574,18,[]
607,20,[]
643,21,[]
681,15,[]
708,15,[]
735,17,[]
766,17,[]
797,77,[]
936,15,[]
963,11,[]
983,15,[]
1010,9,[]
1027,15,[]
1054,17,[]
1085,16,[]
1114,16,[]
1143,14,[]
1169,16,[]
1198,17,[]
1229,18,[]
1262,18,[]
1295,18,[]
1328,18,[]
1361,19,[]
1396,19,[]
1431,19,[]
1466,18,[]
1499,16,[]
1528,19,[]
1563,14,[]
1589,17,[]
1620,15,[]
1647,17,[]
1678,16,[]
1707,15,[]
1734,18,[]
1767,15,[]
1794,75,[]
1929,7,[]
1942,12,[]
1964,12,[0, 1, 2, 3, 4, 5, 6, 7, 8, 9, 10, 11]
1986,17,[]
2017,15,[]
2044,13,[]
2068,12,[]
2090,13,[]
2114,12,[]
2136,14,[]
2162,15,[]
2189,16,[]
2218,13,[]
2242,12,[]
2264,12,[]
2286,11,[]
2306,10,[]
2324,13,[]
2348,10,[]
2366,14,[]
2392,13,[]
2416,11,[]
2436,11,[]
2456,12,[]
2478,14,[]
2504,15,[]
2531,16,[]
2560,17,[]
2591,13,[]
2615,91,[]
2779,4,[]
2787,7,[]
2800,11,[]
2820,14,[]
2846,14,[]
2872,18,[]
2905,17,[]
2936,18,[]
2969,17,[]
3000,16,[]
3029,15,[]
3056,15,[]
3083,15,[]
3110,15,[]
3137,15,[]
3164,15,[]
3191,18,[]
3224,16,[]
3253,16,[]
3282,15,[]
3309,16,[]
3338,17,[]
3369,19,[]
3404,18,[]
3437,19,[]
3472,17,[]
3503,15,[0, 1, 2, 3, 4, 5, 6, 7, 8, 9, 10, 11, 12, 13, 14]
3530,16,[]
3559,17,[]
3590,59,[]
3697,6,[]
3708,10,[]
3726,13,[]
3750,16,[]
3779,14,[]
3805,15,[]
3832,14,[]
3858,16,[]
3887,12,[]
3909,15,[]
3936,16,[]
3965,16,[]
3994,17,[]
4025,15,[]
4052,16,[0, 1, 2, 3, 4, 5, 6, 7, 8, 9, 10, 11, 12, 13, 14, 15]
4081,16,[]
4110,14,[]
4136,16,[]
4165,16,[]
4194,18,[]
4227,16,[]
4256,17,[]
4287,17,[]
4318,18,[]
4351,17,[]
4382,14,[]
4408,13,[]
4432,18,[]
4465,14,[]
4491,57,[]
4594,9,[]
4611,12,[0, 1, 2, 3, 4, 5, 6, 7, 8, 9, 10, 11]
4633,12,[]
4655,13,[]
4679,15,[]
4706,15,[]
4733,15,[]
4760,16,[]
4789,14,[]
4815,15,[]
4842,13,[]
4866,16,[]
4895,14,[]
4921,15,[]
4948,13,[]
4972,15,[]
4999,17,[]
5030,17,[]
5061,14,[]
5087,17,[]
5118,15,[1, 2, 3, 4, 5, 6, 7, 8, 9, 10, 11, 12, 13, 14]
5145,17,[]
5176,18,[]
5209,17,[]
5240,19,[]
5275,16,[]
5304,14,[]
5330,14,[0, 1, 2, 3, 4, 5, 6, 7, 8, 9, 10, 11, 12, 13]
5356,15,[]
5383,40,[]
5455,14,[]
5481,12,[]
5503,14,[]
5529,14,[]
5555,15,[]
5582,15,[]
5609,13,[]
5633,13,[]
5657,15,[]
5684,13,[]
5708,13,[]
5732,17,[]
5763,17,[]
5794,14,[]
5820,13,[]
5844,19,[]
5879,15,[]
5906,15,[]
5933,14,[0, 1, 2, 3, 4, 5, 6, 7, 8, 9, 10, 11, 12, 13]
5959,18,[]
5992,13,[]
6016,14,[]
6042,17,[]
6073,15,[]
6100,13,[]
6124,15,[]
6151,14,[]
6177,14,[]
6203,14,[]
6229,64,[]
6345,8,[]
6360,11,[]
6380,9,[]
6397,11,[]
6417,9,[]
6434,12,[]
6456,11,[]
6476,10,[]
6494,12,[]
6516,14,[]
6542,12,[]
6564,13,[]
6588,13,[]
6612,14,[]
6638,12,[]
6660,15,[]
6687,11,[]
6707,13,[]
6731,13,[]
6755,15,[]
6782,14,[]
6808,18,[]
6841,16,[]
6870,17,[]
6901,16,[]
6930,15,[]
6957,15,[]
6984,17,[]
7015,13,[]
7039,73,[]
7171,8,[]
7186,12,[]
7208,12,[]
7230,15,[0, 1, 2, 3, 4, 5, 6, 7, 8, 9, 10, 11, 12, 13, 14]
7257,15,[]
7284,15,[]
7311,11,[]
7331,15,[]
7358,14,[]
7384,15,[]
7411,15,[]
7438,13,[]
7462,14,[]
7488,14,[]
7514,14,[]
7540,18,[]
7573,15,[]
7600,14,[]
7626,15,[]
7653,18,[]
7686,16,[]
7715,13,[]
7739,14,[]
7765,15,[]
7792,14,[]
7818,14,[]
7844,15,[]
7871,14,[]
7897,14,[]
7923,64,[]
8039,10,[]
8057,12,[]
8079,14,[]
8105,15,[]
8132,13,[]
8156,13,[]
8180,14,[]
8206,16,[]
8235,15,[]
8262,15,[]
8289,15,[]
8316,16,[]
8345,14,[]
8371,16,[]
8400,16,[]
8429,17,[]
8460,14,[]
8486,13,[]
8510,14,[]
8536,15,[]
8563,17,[]
8594,17,[]
8625,16,[]
8654,17,[]
8685,17,[]
8716,17,[]
8747,17,[]
8778,18,[]
8811,17,[]
0,44,[]
80,8,[]
95,14,[]
121,14,[]
147,8,[]
162,17,[]
193,16,[]
222,15,[]
249,17,[]
280,16,[]
309,7,[]
322,15,[]
349,18,[]
382,16,[]
411,7,[]
424,15,[]
451,17,[]
482,15,[]
509,17,[]
540,12,[]
562,20,[]
598,18,[]
631,20,[]
667,9,[]
684,23,[]
726,9,[]
743,17,[]
774,17,[]
805,19,[]
840,10,[]
858,122,[]
1078,16,[]
1107,18,[]
1140,18,[]
1173,9,[]
1190,9,[]
1207,16,[]
1236,16,[]
1265,17,[]
1296,9,[]
1313,17,[]
1344,19,[]
1379,19,[]
1414,19,[]
1449,11,[]
1469,22,[]
1509,19,[]
1544,17,[0, 1, 2, 3, 4, 5, 6, 7, 8, 9, 10, 11, 12, 13, 14]
1575,17,[]
1606,16,[]
1635,12,[]
1657,16,[]
1686,21,[]
1724,22,[]
1764,5,[]
1773,16,[]
1802,18,[]
1835,18,[]
1868,19,[]
1903,15,[]
1930,83,[]
2080,10,[]
2098,14,[]
2124,15,[]
2151,9,[]
2168,17,[]
2199,16,[]
2228,16,[]
2257,14,[]
2283,15,[]
2310,12,[]
2332,13,[]
2356,14,[]
2382,16,[]
2411,11,[]
2431,14,[]
2457,16,[]
2486,13,[]
2510,15,[]
2537,11,[]
2557,16,[]
2586,14,[]
2612,16,[]
2641,12,[]
2663,16,[]
2692,13,[]
2716,14,[]
2742,14,[]
2768,15,[]
2795,11,[]
2815,91,[]
2979,8,[]
2994,11,[]
3014,9,[]
3031,11,[]
3051,14,[]
3077,13,[]
3101,14,[]
3127,14,[]
3153,12,[]
3175,14,[]
3201,15,[0, 1, 2, 3, 4, 5, 6, 7, 8, 9, 10, 11, 12, 13, 14]
3228,15,[]
3255,13,[]
3279,10,[]
3297,14,[]
3323,14,[]
3349,14,[]
3375,13,[]
3399,16,[]
3428,9,[]
3445,15,[]
3472,13,[]
3496,17,[]
3527,9,[]
3544,15,[]
3571,15,[]
3598,13,[]
3622,14,[]
3648,13,[]
3672,105,[]
3861,6,[]
3872,10,[]
3890,13,[]
3914,6,[]
3925,12,[]
3947,16,[]
3976,11,[]
3996,17,[]
4027,14,[]
4053,13,[]
4077,13,[]
4101,29,[]
4154,22,[]
4194,8,[]
4209,19,[]
4244,18,[]
4277,16,[]
4306,20,[]
4342,6,[]
4353,17,[]
4384,19,[]
4419,18,[]
4452,18,[]
4485,18,[]
4518,9,[]
4535,19,[]
4570,19,[]
4605,17,[]
4636,9,[]
4653,68,[]
4776,14,[]
4802,15,[]
4829,16,[]
4858,16,[]
4887,10,[]
4905,16,[]
4934,17,[]
4965,18,[]
4998,11,[]
5018,19,[]
5053,17,[]
5084,20,[]
5120,16,[]
5149,8,[]
5164,18,[]
5197,21,[]
5235,17,[]
5266,18,[]
5299,18,[]
5332,9,[]
5349,17,[]
5380,16,[]
5409,18,[]
5442,7,[]
5455,19,[]
5490,15,[]
5517,17,[]
5548,15,[]
5575,19,[]
5610,81,[]
5756,5,[]
5765,9,[]
5782,11,[]
5802,9,[]
5819,13,[]
5843,14,[]
5869,11,[]
5889,14,[]
5915,14,[]
5941,8,[]
5956,15,[]
5983,15,[]
6010,14,[1, 2, 3, 4, 5, 6, 7, 8, 9, 10, 11, 12, 13]
6036,7,[]
6049,15,[]
6076,14,[]
6102,12,[]
6124,15,[]
6151,12,[]
6173,18,[]
6206,13,[]
6230,14,[]
6256,13,[]
6280,16,[]
6309,12,[]
6331,14,[]
6357,16,[]
6386,18,[]
6419,7,[]
6432,85,[]
6585,8,[]
6600,11,[]
6620,11,[]
6640,13,[]
6664,10,[]
6682,13,[]
6706,14,[]
6732,16,[]
6761,11,[]
6781,13,[]
6805,15,[]
6832,15,[]
6859,13,[]
6883,17,[]
6914,7,[]
6927,17,[]
6958,17,[]
6989,13,[]
7013,20,[]
7049,8,[]
7064,17,[]
7095,11,[]
7115,16,[]
7144,9,[]
7161,14,[]
7187,13,[]
7211,16,[]
7240,12,[]
7262,17,[]
7293,95,[]
7464,5,[]
7473,9,[]
7490,11,[]
7510,10,[]
7528,12,[]
7550,16,[]
7579,12,[]
7601,17,[]
7632,16,[]
7661,7,[]
7674,12,[]
7696,16,[]
7725,13,[]
7749,10,[]
7767,11,[]
7787,16,[]
7816,13,[]
7840,18,[]
7873,6,[]
7884,19,[]
7919,13,[]
7943,19,[]
7978,15,[]
8005,17,[]
8036,8,[]
8051,18,[]
8084,12,[]
8106,14,[]
8132,9,[]
8149,98,[]
8326,6,[]
8337,10,[]
8355,11,[]
8375,10,[]
8393,12,[]
8415,14,[]
8441,14,[]
8467,17,[]
8498,7,[]
8511,17,[]
8542,14,[]
8568,17,[]
8599,13,[]
8623,15,[]
8650,9,[]
8667,18,[]
8700,17,[]
8731,20,[]
8767,16,[]
8796,8,[]
8811,20,[]
8847,17,[]
8878,20,[]
8914,8,[]
8929,18,[]
8962,19,[]
8997,14,[]
9023,16,[]
9052,10,[]
0,33,[]
60,7,[]
73,13,[]
97,15,[]
124,17,[]
155,16,[]
184,24,[]
228,17,[]
259,15,[]
286,11,[]
306,16,[]
335,16,[]
364,17,[]
395,12,[]
417,13,[]
441,14,[]
467,16,[]
496,14,[]
522,14,[]
548,12,[]
570,13,[]
594,12,[]
616,19,[]
651,16,[]
680,18,[]
713,18,[]
746,13,[]
770,13,[]
794,17,[]
825,15,[]
852,82,[]
1000,15,[]
1027,11,[]
1047,6,[]
1058,8,[]
1073,8,[]
1088,15,[]
1115,10,[]
1133,15,[]
1160,14,[]
1186,16,[]
1215,14,[]
1241,16,[]
1270,17,[]
1301,17,[]
1332,7,[]
1345,18,[]
1378,21,[]
1416,18,[]
1449,18,[]
1482,18,[]
1515,19,[]
1550,20,[]
1586,18,[]
1619,20,[]
1655,18,[]
1688,17,[]
1719,11,[]
1739,23,[]
1781,12,[]
1803,67,[]
1924,11,[]
1944,16,[]
1973,14,[]
1999,15,[]
2026,15,[]
2053,18,[]
2086,18,[]
2119,20,[]
2155,12,[]
2177,22,[]
2217,15,[]
2244,15,[]
2271,17,[]
2302,17,[]
2333,14,[]
2359,15,[]
2386,16,[]
2415,17,[]
2446,16,[]
2475,17,[]
2506,12,[]
2528,17,[]
2559,16,[]
2588,17,[]
2619,14,[]
2645,17,[]
2676,16,[]
2705,18,[]
2738,13,[]
2762,68,[]
2885,8,[]
2900,14,[]
2926,6,[]
2937,15,[]
2964,15,[]
2991,17,[]
3022,14,[]
3048,18,[]
3081,15,[]
3108,14,[]
3134,14,[]
3160,15,[]
3187,15,[]
3214,16,[]
3243,11,[]
3263,21,[]
3301,17,[]
3332,23,[]
3374,15,[0, 1, 2, 3, 4, 5, 6, 7, 8, 9, 10, 11, 12, 13, 14]
3401,16,[]
3430,13,[]
3454,14,[]
3480,15,[]
3507,16,[]
3536,13,[]
3560,16,[]
3589,12,[]
3611,17,[]
3642,18,[]
3675,69,[]
3800,9,[]
3817,14,[]
3843,14,[]
3869,17,[]
3900,15,[]
3927,15,[]
3954,17,[]
3985,18,[]
4018,11,[]
4038,19,[]
4073,9,[]
4090,23,[]
4132,15,[]
4159,16,[]
4188,15,[]
4215,17,[]
4246,16,[]
4275,17,[]
4306,17,[]
4337,19,[]
4372,12,[]
4394,21,[]
4432,19,[]
4467,19,[]
4502,19,[]
4537,20,[]
4573,18,[]
4606,18,[]
4639,18,[]
4672,63,[]
4786,10,[]
4804,13,[]
4828,6,[]
4839,17,[]
4870,14,[]
4896,16,[]
4925,17,[]
4956,16,[]
4985,14,[]
5011,15,[]
5038,15,[]
5065,16,[]
5094,15,[]
5121,15,[]
5148,13,[]
5172,18,[]
5205,17,[]
5236,13,[]
5260,17,[]
5291,14,[]
5317,14,[]
5343,14,[]
5369,13,[]
5393,13,[]
5417,12,[]
5439,12,[]
5461,15,[]
5488,14,[]
5514,12,[]
5536,72,[]
5666,8,[]
5681,13,[]
5705,13,[]
5729,15,[]
5756,14,[]
5782,14,[]
5808,14,[]
5834,14,[]
5860,12,[]
5882,15,[]
5909,17,[]
5940,14,[0, 1, 2, 3, 4, 5, 6, 7, 8, 9, 10, 11, 12, 13]
5966,14,[]
5992,17,[]
6023,14,[]
6049,14,[]
6075,13,[]
6099,17,[]
6130,14,[]
6156,15,[]
6183,8,[]
6198,16,[]
6227,17,[]
6258,14,[]
6284,13,[]
6308,13,[]
6332,14,[]
6358,14,[]
6384,14,[]
6410,63,[]
6524,8,[]
6539,12,[]
6561,6,[]
6572,15,[0, 1, 2, 3, 4, 5, 6, 7, 8, 9, 10, 11, 12, 13, 14]
6599,13,[]
6623,14,[]
6649,14,[]
6675,14,[]
6701,14,[]
6727,15,[]
6754,15,[]
6781,15,[]
6808,15,[]
6835,15,[]
6862,12,[]
6884,20,[]
6920,15,[]
6947,15,[]
6974,13,[]
6998,13,[]
7022,14,[]
7048,14,[]
7074,13,[]
7098,13,[]
7122,14,[]
7148,14,[]
7174,14,[]
7200,15,[]
7227,17,[]
7258,72,[]
7388,9,[]
7405,13,[]
7429,14,[]
7455,14,[]
7481,13,[]
7505,14,[]
7531,12,[]
7553,15,[]
7580,10,[]
7598,20,[]
7634,16,[]
7663,18,[]
7696,16,[]
7725,16,[]
7754,16,[]
7783,14,[]
7809,14,[]
7835,18,[]
7868,17,[]
7899,17,[]
7930,12,[]
7952,19,[]
7987,20,[]
8023,10,[]
8041,20,[]
8077,16,[]
8106,15,[]
8133,16,[]
8162,16,[]
8191,62,[]
8303,9,[]
8320,12,[]
8342,6,[]
8353,17,[]
8384,18,[]
8417,14,[]
8443,15,[]
8470,15,[]
8497,13,[]
8521,13,[]
8545,14,[]
8571,16,[]
8600,15,[]
8627,14,[]
8653,12,[]
8675,20,[]
8711,5,[0, 1, 2, 3, 4]
8720,17,[]
8751,16,[]
8780,15,[]
8807,15,[]
8834,15,[]
8861,14,[]
8887,16,[]
8916,13,[]
8940,15,[]
8967,13,[0, 1, 2, 3, 4, 5, 6, 7, 8, 9, 10, 11, 12]
8991,15,[]
9018,15,[]
0,41,[]
74,1,[]
76,10,[]
94,10,[]
112,14,[]
138,13,[]
162,10,[]
180,14,[]
206,10,[]
224,16,[]
253,14,[]
279,16,[]
308,20,[]
344,13,[]
368,10,[]
386,13,[]
410,11,[]
430,16,[]
459,12,[]
481,12,[]
503,13,[]
527,10,[]
545,14,[]
571,13,[]
595,14,[]
621,15,[]
648,10,[]
666,10,[]
684,13,[]
708,15,[]
735,120,[]
951,11,[]
971,7,[]
984,12,[]
1006,2,[]
1010,7,[]
1023,10,[]
1041,15,[]
1068,15,[]
1095,12,[]
1117,14,[]
1143,9,[]
1160,17,[]
1191,8,[]
1206,15,[]
1233,13,[]
1257,12,[]
1279,11,[]
1299,17,[]
1330,11,[]
1350,20,[]
1386,11,[]
1406,13,[]
1430,16,[]
1459,14,[]
1485,17,[]
1516,16,[]
1545,12,[]
1567,20,[]
1603,11,[]
1623,120,[]
1839,5,[]
1848,12,[]
1870,15,[]
1897,10,[]
1915,13,[]
1939,12,[]
1961,15,[]
1988,9,[]
2005,9,[]
2022,17,[]
2053,15,[]
2080,11,[]
2100,15,[]
2127,14,[]
2153,17,[]
2184,14,[]
2210,13,[]
2234,15,[]
2261,15,[]
2288,13,[]
2312,15,[]
2339,14,[]
2365,21,[]
2403,10,[]
2421,15,[]
2448,16,[]
2477,18,[]
2510,14,[]
2536,18,[]
2569,121,[]
2787,3,[]
2793,17,[]
2824,11,[]
2844,17,[]
2875,14,[]
2901,11,[]
2921,16,[]
2950,14,[]
2976,18,[]
3009,16,[]
3038,16,[]
3067,17,[]
3098,14,[]
3124,13,[]
3148,17,[]
3179,15,[]
3206,16,[]
3235,14,[]
3261,17,[]
3292,14,[]
3318,19,[]
3353,20,[]
3389,16,[]
3418,13,[]
3442,19,[]
3477,17,[0, 3, 4, 5, 6, 7, 8, 9, 10, 11, 12, 13, 14, 15, 16]
3508,19,[]
3543,15,[]
3570,16,[]
3599,120,[]
3815,4,[]
3823,12,[]
3845,12,[]
3867,16,[]
3896,16,[]
3925,13,[]
3949,15,[]
3976,16,[]
4005,13,[]
4029,14,[]
4055,14,[]
4081,18,[]
4114,15,[]
4141,15,[]
4168,16,[]
4197,13,[]
4221,16,[]
4250,25,[]
4295,14,[]
4321,12,[]
4343,13,[]
4367,12,[]
4389,14,[]
4415,20,[]
4451,17,[]
4482,19,[]
4517,13,[]
4541,14,[]
4567,15,[]
4594,118,[]
4807,5,[]
4816,13,[]
4840,13,[]
4864,14,[]
4890,13,[]
4914,18,[]
4947,15,[]
4974,17,[]
5005,14,[]
5031,14,[]
5057,13,[]
5081,12,[]
5103,15,[]
5130,14,[]
5156,19,[]
5191,11,[]
5211,17,[]
5242,15,[]
5269,17,[]
5300,14,[]
5326,17,[]
5357,15,[]
5384,18,[]
5417,14,[]
5443,15,[]
5470,14,[]
5496,15,[]
5523,14,[]
5549,16,[1, 2, 3, 4, 5, 6, 7, 8, 9, 10, 11, 12, 13, 14, 15]
5578,106,[]
5769,3,[]
5775,9,[]
5792,8,[]
5807,9,[]
5824,8,[]
5839,8,[]
5854,9,[]
5871,11,[]
5891,14,[]
5917,11,[]
5937,13,[]
5961,12,[]
5983,19,[]
6018,12,[]
6040,15,[]
6067,13,[]
6091,12,[]
6113,15,[]
6140,12,[]
6162,14,[]
6188,17,[]
6219,14,[]
6245,14,[]
6271,14,[]
6297,12,[]
6319,17,[]
6350,14,[]
6376,13,[]
6400,12,[]
6422,108,[]
6617,2,[]
6621,6,[]
6632,9,[]
6649,9,[]
6666,11,[]
6686,11,[]
6706,11,[]
6726,19,[]
6761,13,[]
6785,12,[]
6807,14,[]
6833,16,[]
6862,12,[]
6884,16,[]
6913,14,[]
6939,14,[]
6965,12,[]
6987,15,[]
7014,16,[]
7043,18,[]
7076,16,[]
7105,14,[]
7131,13,[]
7155,15,[]
7182,16,[]
7211,17,[]
7242,17,[]
7273,20,[]
7309,12,[]
7331,113,[]
7535,4,[]
7543,14,[]
7569,11,[]
7589,7,[]
7602,10,[]
7620,10,[]
7638,8,[]
7653,12,[]
7675,15,[]
7702,14,[]
7728,14,[]
7754,16,[]
7783,13,[]
7807,14,[]
7833,12,[]
7855,15,[]
7882,13,[]
7906,16,[]
7935,15,[]
7962,17,[]
7993,12,[]
8015,14,[]
8041,15,[]
8068,17,[]
8099,15,[]
8126,16,[]
8155,13,[]
8179,16,[]
8208,16,[]
8237,110,[]
8435,2,[]
8439,10,[]
8457,8,[]
8472,11,[]
8492,9,[]
8509,10,[]
8527,14,[]
8553,13,[]
8577,9,[]
8594,11,[]
8614,9,[]
8631,15,[]
8658,14,[]
8684,10,[]
8702,13,[]
8726,13,[]
8750,14,[]
8776,12,[]
8798,10,[]
8816,13,[]
8840,13,[]
8864,12,[]
8886,11,[]
8906,13,[]
8930,13,[]
8954,15,[]
8981,12,[]
9003,11,[0, 1, 2, 3, 4, 5, 6, 7, 8, 9, 10]
9023,13,[]
0,60,[]
108,15,[]
135,16,[]
164,3,[]
170,13,[]
194,18,[]
227,19,[]
262,16,[]
291,20,[]
327,17,[]
358,15,[]
385,18,[]
418,19,[]
453,17,[]
484,19,[]
519,25,[]
564,15,[]
591,15,[]
618,15,[]
645,15,[]
672,17,[]
703,16,[]
732,17,[]
763,18,[]
796,16,[]
825,19,[]
860,16,[]
889,18,[]
922,17,[]
953,21,[]
991,96,[]
1164,17,[]
1195,18,[]
1228,21,[]
1266,16,[]
1295,14,[]
1321,17,[1, 2, 3, 4, 5, 6, 7, 8, 9, 10, 11, 12, 13, 14, 15, 16]
1352,16,[]
1381,17,[]
1412,15,[]
1439,15,[]
1466,16,[]
1495,12,[]
1517,13,[]
1541,15,[]
1568,16,[]
1597,16,[]
1626,17,[]
1657,16,[]
1686,16,[]
1715,16,[]
1744,13,[]
1768,15,[]
1795,16,[]
1824,19,[]
1859,20,[]
1895,18,[]
1928,18,[]
1961,20,[]
1997,18,[]
2030,66,[]
2149,13,[]
2173,14,[]
2199,16,[]
2228,16,[]
2257,15,[]
2284,15,[]
2311,19,[]
2346,15,[]
2373,12,[]
2395,14,[]
2421,15,[]
2448,17,[0, 1, 2, 3, 4, 5, 6, 7, 8, 9, 10, 11, 12, 13, 14, 15]
2479,16,[]
2508,14,[]
2534,19,[]
2569,15,[]
2596,14,[]
2622,19,[]
2657,15,[]
2684,15,[]
2711,17,[]
2742,18,[]
2775,19,[]
2810,19,[]
2845,20,[]
2881,17,[]
2912,16,[]
2941,16,[]
2970,14,[]
2996,44,[]
3076,11,[]
3096,13,[]
3120,16,[]
3149,14,[]
3175,16,[]
3204,16,[]
3233,16,[]
3262,15,[]
3289,14,[]
3315,13,[]
3339,11,[]
3359,14,[0, 1, 2, 3, 4, 5, 6, 7, 8, 9, 10, 11, 12]
3385,11,[]
3405,13,[]
3429,17,[]
3460,14,[]
3486,15,[]
3513,18,[]
3546,12,[]
3568,13,[]
3592,13,[]
3616,15,[]
3643,16,[]
3672,15,[]
3699,14,[]
3725,16,[]
3754,14,[]
3780,20,[]
3816,16,[]
3845,46,[]
3928,15,[]
3955,19,[]
3990,21,[]
4028,17,[]
4059,17,[]
4090,14,[]
4116,17,[]
4147,15,[]
4174,17,[]
4205,17,[]
4236,16,[]
4265,18,[]
4298,15,[]
4325,16,[]
4354,15,[]
4381,16,[]
4410,15,[]
4437,13,[]
4461,15,[]
4488,17,[]
4519,16,[]
4548,21,[]
4586,14,[]
4612,15,[]
4639,15,[]
4666,16,[]
4695,14,[]
4721,15,[]
4748,15,[]
4775,60,[]
4883,9,[]
4900,12,[0, 1, 2, 3, 4, 5, 6, 7, 8, 9, 10, 11]
4922,11,[]
4942,14,[]
4968,15,[]
4995,16,[]
5024,20,[]
5060,16,[]
5089,15,[]
5116,15,[]
5143,13,[]
5167,14,[]
5193,12,[]
5215,14,[]
5241,12,[]
5263,15,[]
5290,14,[]
5316,15,[]
5343,12,[]
5365,14,[]
5391,17,[]
5422,16,[]
5451,14,[]
5477,14,[]
5503,14,[]
5529,16,[]
5558,17,[]
5589,19,[]
5624,18,[]
5657,63,[]
5771,9,[]
5788,11,[]
5808,8,[]
5823,9,[]
5840,9,[]
5857,9,[]
5874,11,[]
5894,10,[]
5912,14,[]
5938,13,[]
5962,12,[]
5984,12,[]
6006,13,[]
6030,11,[]
6050,14,[]
6076,12,[]
6098,15,[]
6125,16,[]
6154,16,[]
6183,13,[]
6207,15,[]
6234,14,[]
6260,16,[]
6289,18,[]
6322,16,[]
6351,16,[]
6380,16,[]
6409,16,[]
6438,16,[]
6467,62,[]
6579,8,[]
6594,10,[]
6612,11,[]
6632,14,[]
6658,11,[]
6678,10,[]
6696,13,[]
6720,12,[]
6742,12,[]
6764,20,[]
6800,14,[]
6826,12,[]
6848,15,[]
6875,14,[]
6901,16,[]
6930,18,[]
6963,17,[]
6994,18,[]
7027,15,[]
7054,15,[]
7081,16,[]
7110,17,[]
7141,16,[]
7170,15,[]
7197,16,[]
7226,17,[]
7257,17,[]
7288,18,[]
7321,17,[]
7352,46,[]
7435,14,[]
7461,3,[]
7467,15,[]
7494,14,[]
7520,12,[]
7542,11,[]
7562,12,[]
7584,15,[]
7611,14,[0, 1, 2, 3, 4, 5, 6, 7, 8, 9, 10, 11, 12, 13]
7637,14,[]
7663,13,[]
7687,12,[]
7709,13,[]
7733,13,[]
7757,16,[]
7786,13,[]
7810,13,[]
7834,13,[]
7858,13,[]
7882,13,[]
7906,14,[]
7932,16,[]
7961,13,[]
7985,15,[]
8012,15,[]
8039,16,[]
8068,14,[]
8094,15,[]
8121,19,[]
8156,46,[]
8239,7,[]
8252,9,[]
8269,11,[]
8289,10,[]
8307,13,[]
8331,11,[]
8351,11,[]
8371,12,[]
8393,11,[]
8413,10,[]
8431,11,[]
8451,10,[]
8469,12,[]
8491,10,[]
8509,13,[]
8533,11,[]
8553,11,[]
8573,12,[]
8595,14,[]
8621,13,[]
8645,15,[]
8672,14,[]
8698,15,[]
8725,16,[]
8754,15,[]
8781,15,[]
8808,12,[]
8830,13,[]
8854,14,[]
0,72,[]
130,1,[]
132,2,[]
136,2,[]
140,1,[]
142,19,[]
177,5,[]
186,6,[]
197,2,[]
201,3,[]
207,4,[]
215,19,[]
250,16,[]
279,9,[]
296,13,[]
320,4,[]
328,5,[]
337,4,[]
345,13,[]
369,4,[]
377,5,[]
386,11,[]
406,21,[]
444,8,[]
459,16,[]
488,34,[]
550,4,[]
558,13,[]
582,13,[]
606,36,[]
671,272,[]
1161,4,[]
1169,16,[]
1198,2,[]
1202,11,[]
1222,4,[]
1230,3,[]
1236,8,[]
1251,16,[]
1280,13,[]
1304,12,[]
1326,24,[]
1370,11,[]
1390,21,[]
1428,8,[]
1443,30,[]
1497,9,[]
1514,14,[]
1540,16,[]
1569,29,[]
1622,7,[]
1635,23,[]
1677,8,[]
1692,8,[]
1707,9,[]
1724,16,[]
1753,17,[0, 1, 2, 3, 4, 5, 6, 7, 8, 9, 10, 11, 12, 13, 14, 15, 16]
1784,19,[]
1819,48,[]
1906,19,[]
1941,150,[]
2211,1,[]
2213,1,[]
2215,1,[]
2217,1,[]
2219,14,[]
2245,8,[]
2260,6,[]
2271,18,[]
2304,5,[]
2313,22,[]
2353,4,[]
2361,43,[]
2439,7,[]
2452,33,[]
2512,6,[]
2523,6,[]
2534,22,[]
2574,6,[]
2585,8,[]
2600,11,[]
2620,15,[]
2647,18,[]
2680,29,[]
2733,7,[]
2746,5,[]
2755,21,[]
2793,7,[]
2806,13,[]
2830,16,[]
2859,175,[]
3174,1,[]
3176,5,[0, 1, 2, 3, 4]
3185,4,[]
3193,4,[]
3201,11,[]
3221,4,[]
3229,5,[]
3238,2,[]
3242,15,[]
3269,6,[]
3280,7,[]
3293,10,[]
3311,9,[]
3328,22,[]
3368,8,[]
3383,19,[]
3418,11,[]
3438,29,[]
3491,8,[]
3506,19,[]
3541,12,[]
3563,12,[]
3585,16,[]
3614,14,[]
3640,18,[]
3673,14,[]
3699,22,[]
3739,4,[]
3747,16,[]
3776,183,[]
4106,1,[]
4108,8,[]
4123,6,[]
4134,4,[]
4142,8,[]
4157,13,[]
4181,6,[]
4192,8,[]
4207,7,[]
4220,9,[]
4237,13,[]
4261,6,[]
4272,16,[]
4301,9,[]
4318,7,[]
4331,10,[]
4349,20,[]
4385,9,[]
4402,9,[]
4419,26,[]
4466,9,[]
4483,12,[]
4505,14,[]
4531,11,[]
4551,16,[]
4580,20,[]
4616,3,[]
4622,6,[]
4633,18,[]
4666,178,[]
4987,5,[]
4996,3,[]
5002,5,[]
5011,5,[]
5020,3,[]
5026,5,[]
5035,16,[]
5064,15,[]
5091,7,[]
5104,7,[]
5117,9,[]
5134,9,[]
5151,9,[]
5168,24,[]
5212,8,[]
5227,22,[]
5267,16,[]
5296,3,[]
5302,15,[]
5329,9,[]
5346,8,[]
5361,11,[]
5381,12,[0, 1, 2, 3, 4, 5, 6, 7, 8, 9, 10, 11]
5403,13,[]
5427,18,[]
5460,36,[]
5525,7,[]
5538,21,[]
5576,7,[]
5589,144,[]
5849,1,[]
5851,8,[]
5866,2,[]
5870,4,[]
5878,14,[]
5904,6,[]
5915,8,[]
5930,9,[]
5947,18,[]
5980,6,[]
5991,7,[]
6004,9,[]
6021,19,[]
6056,17,[]
6087,6,[]
6098,7,[]
6111,12,[]
6133,12,[]
6155,13,[]
6179,24,[]
6223,4,[]
6231,8,[]
6246,22,[]
6286,9,[]
6303,28,[]
6354,2,[]
6358,10,[]
6376,12,[]
6398,8,[]
6413,163,[]
6707,16,[]
6736,6,[]
6747,6,[]
6758,9,[]
6775,8,[]
6790,12,[]
6812,6,[]
6823,16,[]
6852,6,[]
6863,8,[]
6878,17,[]
6909,2,[]
6913,18,[]
6946,7,[]
6959,6,[]
6970,9,[]
6987,20,[]
7023,4,[]
7031,10,[]
7049,24,[]
7093,7,[]
7106,4,[]
7114,10,[]
7132,19,[]
7167,7,[]
7180,7,[]
7193,5,[]
7202,8,[]
7217,22,[]
7257,163,[]
7551,1,[]
7553,1,[]
7555,9,[]
7572,5,[]
7581,5,[]
7590,6,[]
7601,16,[]
7630,15,[]
7657,9,[]
7674,5,[]
7683,7,[]
7696,17,[]
7727,9,[]
7744,5,[]
7753,8,[]
7768,7,[0, 1, 2, 3, 4, 5, 6]
7781,20,[]
7817,8,[]
7832,9,[]
7849,10,[]
7867,9,[]
7884,10,[]
7902,25,[]
7947,2,[]
7951,21,[]
7989,8,[]
8004,8,[]
8019,7,[]
8032,10,[]
8050,178,[]
8371,1,[]
8373,9,[]
8390,5,[]
8399,15,[]
8426,3,[]
8432,4,[]
8440,6,[]
8451,7,[]
8464,9,[]
8481,7,[]
8494,10,[]
8512,8,[]
8527,70,[]
8653,15,[]
8680,6,[]
8691,19,[]
8726,8,[]
8741,10,[]
8759,9,[]
8776,19,[]
8811,8,[]
8826,22,[]
8866,9,[]
8883,10,[]
8901,9,[]
8918,9,[]
8935,11,[]
8955,9,[]
8972,9,[]
0,25,[]
45,6,[]
56,13,[]
80,22,[]
120,14,[]
146,17,[]
177,16,[]
206,16,[]
235,16,[]
264,15,[]
291,14,[]
317,15,[]
344,14,[]
370,16,[]
399,14,[]
425,15,[]
452,17,[]
483,16,[]
512,15,[]
539,16,[]
568,15,[]
595,15,[]
622,13,[]
646,17,[]
677,14,[]
703,13,[]
727,15,[]
754,16,[]
783,11,[]
803,12,[]
825,59,[]
932,6,[]
943,10,[]
961,19,[]
996,8,[]
1011,16,[]
1040,15,[]
1067,9,[]
1084,11,[]
1104,11,[]
1124,12,[]
1146,11,[]
1166,16,[]
1195,10,[]
1213,15,[]
1240,11,[]
1260,9,[]
1277,11,[]
1297,11,[]
1317,10,[]
1335,12,[]
1357,12,[]
1379,13,[]
1403,13,[]
1427,19,[]
1462,15,[]
1489,16,[]
1518,18,[]
1551,17,[]
1582,17,[]
1613,67,[]
1734,9,[]
1751,13,[]
1775,19,[]
1810,15,[]
1837,13,[]
1861,16,[]
1890,13,[]
1914,17,[]
1945,15,[]
1972,15,[]
1999,14,[]
2025,13,[]
2049,14,[]
2075,13,[]
2099,14,[]
2125,14,[]
2151,15,[]
2178,14,[]
2204,17,[]
2235,15,[]
2262,17,[]
2293,14,[]
2319,15,[]
2346,15,[]
2373,16,[]
2402,14,[]
2428,17,[]
2459,14,[]
2485,15,[]
2512,51,[]
2604,9,[]
2621,11,[]
2641,21,[]
2679,13,[]
2703,15,[]
2730,15,[]
2757,13,[]
2781,15,[]
2808,15,[]
2835,16,[]
2864,15,[]
2891,15,[]
2918,12,[]
2940,14,[]
2966,14,[]
2992,18,[]
3025,14,[]
3051,16,[0, 1, 2, 3, 4, 5, 6, 7, 8, 9, 10, 11, 12, 13, 14]
3080,18,[]
3113,20,[]
3149,17,[]
3180,16,[]
3209,20,[]
3245,21,[]
3283,19,[]
3318,17,[]
3349,16,[]
3378,16,[]
3407,13,[]
3431,42,[]
3507,11,[]
3527,16,[]
3556,19,[]
3591,13,[]
3615,12,[]
3637,14,[]
3663,15,[]
3690,16,[]
3719,15,[]
3746,15,[]
3773,14,[]
3799,16,[]
3828,15,[]
3855,14,[]
3881,16,[]
3910,15,[]
3937,16,[]
3966,15,[]
3993,20,[]
4029,19,[]
4064,22,[2, 3, 4, 5, 6, 7, 8, 9, 10, 11, 12, 13, 14, 15, 16, 17, 18, 19, 20]
4104,19,[]
4139,23,[]
4181,18,[]
4214,20,[]
4250,16,[]
4279,20,[]
4315,16,[]
4344,16,[]
4373,56,[]
4474,9,[]
4491,11,[]
4511,20,[]
4547,14,[]
4573,14,[]
4599,12,[]
4621,14,[]
4647,15,[]
4674,14,[]
4700,14,[]
4726,13,[]
4750,14,[]
4776,15,[]
4803,14,[]
4829,17,[]
4860,14,[]
4886,20,[]
4922,16,[]
4951,18,[]
4984,16,[]
5013,18,[]
5046,15,[]
5073,16,[0, 1, 2, 3, 4, 5, 6, 7, 8, 9, 10, 11, 12, 13, 14, 15]
5102,14,[]
5128,16,[]
5157,15,[]
5184,18,[]
5217,19,[]
5252,21,[]
5290,56,[]
5391,11,[]
5411,13,[]
5435,22,[]
5475,13,[]
5499,16,[]
5528,16,[]
5557,18,[]
5590,17,[]
5621,17,[]
5652,16,[]
5681,18,[]
5714,15,[]
5741,18,[]
5774,15,[]
5801,17,[]
5832,14,[]
5858,16,[]
5887,18,[]
5920,19,[]
5955,15,[]
5982,17,[]
6013,16,[]
6042,18,[]
6075,15,[]
6102,16,[]
6131,16,[]
6160,20,[]
6196,15,[]
6223,17,[]
6254,57,[]
6357,10,[]
6375,13,[]
6399,18,[]
6432,18,[]
6465,15,[]
6492,18,[]
6525,17,[]
6556,16,[]
6585,16,[]
6614,16,[]
6643,13,[]
6667,15,[]
6694,13,[]
6718,14,[]
6744,15,[]
6771,15,[]
6798,13,[]
6822,14,[]
6848,14,[]
6874,16,[]
6903,15,[]
6930,14,[]
6956,15,[]
6983,16,[]
7012,14,[]
7038,14,[]
7064,13,[]
7088,15,[]
7115,15,[]
7142,60,[]
7250,9,[]
7267,14,[]
7293,20,[]
7329,16,[]
7358,17,[]
7389,16,[]
7418,15,[2, 3, 4, 5, 6, 7, 8, 9, 10, 11, 12, 13, 14]
7445,17,[]
7476,14,[]
7502,16,[]
7531,12,[]
7553,18,[]
7586,15,[]
7613,14,[]
7639,15,[]
7666,16,[]
7695,14,[]
7721,14,[]
7747,14,[]
7773,17,[]
7804,16,[]
7833,18,[]
7866,15,[]
7893,17,[]
7924,18,[]
7957,19,[]
7992,17,[]
8023,19,[]
8058,17,[]
8089,77,[]
8228,12,[]
8250,16,[]
8279,21,[]
8317,16,[]
8346,14,[]
8372,17,[]
8403,16,[]
8432,13,[]
8456,13,[]
8480,12,[]
8502,13,[]
8526,13,[]
8550,12,[]
8572,12,[]
8594,13,[]
8618,13,[]
8642,13,[]
8666,14,[]
8692,14,[]
8718,14,[]
8744,15,[]
8771,17,[]
8802,18,[]
8835,16,[]
8864,15,[]
8891,15,[]
8918,18,[]
8951,14,[]
8977,17,[]
0,18,[]
33,1,[]
35,9,[]
52,12,[]
74,10,[]
92,7,[]
105,9,[]
122,9,[]
139,11,[]
159,10,[]
177,10,[]
195,9,[]
212,10,[]
230,12,[]
252,18,[]
285,19,[]
320,19,[]
355,17,[]
386,17,[]
417,16,[]
446,21,[]
484,14,[]
510,18,[]
543,7,[]
556,11,[]
576,14,[]
602,18,[]
635,19,[]
670,23,[]
712,13,[]
736,82,[]
884,9,[]
901,10,[]
919,7,[]
932,7,[]
945,13,[]
969,18,[]
1002,13,[]
1026,16,[]
1055,15,[]
1082,15,[]
1109,15,[]
1136,15,[]
1163,15,[]
1190,14,[]
1216,18,[]
1249,16,[]
1278,17,[]
1309,14,[]
1335,17,[]
1366,14,[]
1392,13,[]
1416,17,[]
1447,16,[]
1476,16,[]
1505,17,[]
1536,15,[]
1563,16,[]
1592,17,[]
1623,17,[]
1654,63,[]
1768,10,[]
1786,21,[]
1824,14,[]
1850,16,[]
1879,16,[]
1908,20,[]
1944,19,[]
1979,20,[]
2015,18,[]
2048,19,[]
2083,22,[]
2123,16,[]
2152,17,[]
2183,16,[]
2212,20,[]
2248,11,[]
2268,16,[]
2297,20,[]
2333,23,[]
2375,21,[]
2413,20,[]
2449,20,[]
2485,19,[]
2520,24,[]
2564,23,[]
2606,24,[]
2650,22,[]
2690,21,[]
2728,20,[]
2764,60,[]
2872,18,[]
2905,25,[]
2950,15,[]
2977,15,[]
3004,19,[]
3039,24,[]
3083,18,[]
3116,20,[]
3152,20,[]
3188,18,[]
3221,17,[]
3252,17,[]
3283,21,[]
3321,18,[]
3354,20,[]
3390,16,[]
3419,18,[]
3452,18,[]
3485,19,[]
3520,15,[]
3547,19,[]
3582,19,[]
3617,16,[]
3646,18,[]
3679,16,[]
3708,16,[]
3737,18,[]
3770,15,[]
3797,17,[]
3828,54,[]
3926,8,[]
3941,15,[]
3968,11,[]
3988,16,[]
4017,12,[]
4039,12,[]
4061,11,[]
4081,13,[]
4105,14,[]
4131,9,[]
4148,12,[]
4170,10,[0, 2, 3, 4, 5, 6, 7, 8, 9]
4188,10,[]
4206,10,[]
4224,10,[]
4242,12,[]
4264,6,[]
4275,8,[]
4290,9,[]
4307,10,[]
4325,9,[]
4342,9,[]
4359,10,[]
4377,13,[]
4401,13,[]
4425,15,[]
4452,14,[]
4478,15,[]
4505,14,[]
4531,62,[]
4643,11,[]
4663,12,[]
4685,20,[]
4721,14,[]
4747,17,[]
4778,15,[]
4805,14,[]
4831,17,[]
4862,16,[]
4891,16,[]
4920,15,[]
4947,16,[]
4976,18,[]
5009,18,[]
5042,18,[]
5075,18,[]
5108,23,[]
5150,15,[]
5177,16,[]
5206,18,[]
5239,17,[]
5270,19,[]
5305,20,[]
5341,18,[]
5374,16,[]
5403,16,[0, 1, 2, 3, 4, 5, 6, 7, 8, 9, 10, 11, 12, 13, 14, 15]
5432,17,[]
5463,18,[]
5496,19,[]
5531,65,[]
5648,11,[]
5668,15,[]
5695,24,[]
5739,16,[]
5768,18,[]
5801,17,[]
5832,17,[]
5863,17,[]
5894,19,[]
5929,16,[]
5958,17,[]
5989,18,[]
6022,18,[]
6055,17,[]
6086,17,[]
6117,13,[]
6141,13,[]
6165,18,[]
6198,15,[]
6225,15,[]
6252,16,[]
6281,13,[]
6305,14,[]
6331,16,[]
6360,16,[]
6389,15,[]
6416,17,[]
6447,17,[]
6478,15,[]
6505,49,[]
6594,11,[]
6614,13,[]
6638,22,[]
6678,13,[]
6702,16,[]
6731,17,[]
6762,18,[]
6795,20,[]
6831,19,[0, 1, 2, 3, 4, 5, 6, 7, 8, 9, 10, 11, 12, 13, 14, 15, 16, 17, 18]
6866,20,[]
6902,20,[]
6938,20,[]
6974,19,[]
7009,17,[]
7040,17,[]
7071,17,[]
7102,16,[]
7131,14,[]
7157,13,[]
7181,18,[]
7214,15,[]
7241,15,[]
7268,16,[]
7297,15,[]
7324,15,[]
7351,13,[]
7375,16,[]
7404,14,[]
7430,18,[]
7463,47,[]
7548,12,[]
7570,13,[]
7594,20,[]
7630,12,[]
7652,16,[]
7681,14,[]
7707,14,[]
7733,14,[]
7759,13,[]
7783,15,[]
7810,14,[]
7836,15,[]
7863,15,[]
7890,15,[]
7917,13,[]
7941,13,[]
7965,15,[0, 1, 2, 3, 4, 5, 6, 7, 8, 9, 10, 11, 12]
7992,13,[]
8016,16,[]
8045,14,[]
8071,11,[]
8091,14,[]
8117,11,[]
8137,11,[]
8157,12,[]
8179,12,[]
8201,12,[]
8223,15,[]
8250,14,[]
8276,44,[]
8356,9,[]
8373,12,[]
8395,15,[]
8422,11,[]
8442,11,[]
8462,11,[]
8482,12,[]
8504,9,[]
8521,11,[]
8541,11,[]
8561,13,[]
8585,10,[]
8603,9,[]
8620,11,[]
8640,13,[]
8664,12,[]
8686,14,[]
8712,14,[]
8738,14,[]
8764,14,[]
8790,14,[]
8816,14,[]
8842,14,[]
8868,12,[1, 2, 3, 4, 5, 6, 7, 8, 9, 10, 11]
8890,13,[]
8914,12,[]
8936,14,[]
8962,13,[]
8986,14,[]
0,17,[]
31,2,[]
35,8,[]
50,8,[]
65,9,[]
82,7,[]
95,6,[]
106,6,[]
117,7,[]
130,7,[0, 1, 2, 3, 4, 5, 6]
143,6,[]
154,6,[]
165,7,[]
178,8,[]
193,15,[]
220,14,[]
246,20,[]
282,14,[]
308,11,[]
328,8,[]
343,16,[]
372,15,[]
399,15,[]
426,18,[]
459,25,[]
504,10,[]
522,13,[]
546,17,[]
577,11,[]
597,10,[]
615,105,[]
804,7,[]
817,1,[]
819,3,[]
825,4,[]
833,8,[]
848,7,[]
861,9,[]
878,11,[]
898,7,[]
911,14,[]
937,17,[]
968,20,[1, 2, 3, 4, 5, 6, 7, 8, 9, 10, 11, 12, 13, 14, 15, 16, 17]
1004,19,[]
1039,10,[]
1057,23,[]
1099,24,[]
1143,22,[]
1183,21,[]
1221,18,[]
1254,18,[]
1287,9,[]
1304,18,[]
1337,18,[]
1370,17,[]
1401,15,[]
1428,12,[]
1450,15,[]
1477,16,[]
1506,15,[]
1533,83,[]
1683,9,[]
1700,14,[]
1726,6,[]
1737,15,[]
1764,14,[]
1790,14,[]
1816,13,[]
1840,12,[]
1862,14,[]
1888,15,[]
1915,13,[]
1939,17,[]
1970,18,[]
2003,19,[]
2038,10,[]
2056,20,[]
2092,15,[]
2119,14,[]
2145,18,[]
2178,7,[]
2191,16,[]
2220,17,[]
2251,16,[]
2280,17,[]
2311,16,[]
2340,17,[]
2371,11,[]
2391,14,[]
2417,17,[]
2448,81,[]
2594,12,[]
2616,4,[]
2624,18,[]
2657,19,[]
2692,16,[]
2721,27,[]
2770,17,[]
2801,21,[]
2839,8,[]
2854,20,[]
2890,23,[]
2932,26,[]
2979,11,[0, 1, 2, 3, 4, 5, 6, 7, 8, 9, 10]
2999,26,[]
3046,23,[]
3088,24,[]
3132,19,[]
3167,24,[]
3211,24,[]
3255,12,[]
3277,24,[]
3321,22,[]
3361,22,[]
3401,18,[]
3434,11,[]
3454,19,[]
3489,22,[]
3529,18,[]
3562,19,[]
3597,95,[]
3768,15,[]
3795,17,[]
3826,8,[]
3841,21,[]
3879,21,[]
3917,23,[]
3959,26,[]
4006,8,[]
4021,25,[]
4066,24,[]
4110,23,[]
4152,29,[]
4205,22,[]
4245,23,[]
4287,6,[]
4298,25,[]
4343,23,[]
4385,25,[]
4430,5,[]
4439,22,[]
4479,24,[]
4523,27,[]
4572,22,[]
4612,20,[]
4648,22,[]
4688,10,[]
4706,24,[]
4750,20,[]
4786,20,[]
4822,88,[]
4981,1,[]
4983,12,[]
5005,13,[]
5029,14,[]
5055,15,[]
5082,15,[]
5109,15,[]
5136,15,[]
5163,9,[]
5180,15,[]
5207,16,[]
5236,18,[]
5269,8,[0, 1, 2, 3, 4, 5, 6, 7]
5284,18,[]
5317,16,[]
5346,16,[]
5375,15,[]
5402,21,[]
5440,14,[]
5466,8,[]
5481,15,[]
5508,15,[]
5535,12,[]
5557,13,[]
5581,12,[]
5603,7,[]
5616,12,[]
5638,13,[]
5662,13,[]
5686,74,[]
5820,9,[]
5837,11,[]
5857,5,[]
5866,14,[]
5892,12,[]
5914,13,[]
5938,15,[]
5965,7,[]
5978,16,[]
6007,14,[]
6033,15,[]
6060,15,[]
6087,14,[]
6113,15,[]
6140,10,[]
6158,16,[]
6187,15,[0, 1, 2, 3, 4, 5, 6, 7, 8, 9, 10, 11, 12, 13, 14]
6214,13,[]
6238,14,[]
6264,9,[]
6281,13,[]
6305,13,[]
6329,15,[]
6356,17,[]
6387,14,[]
6413,14,[]
6439,10,[]
6457,13,[]
6481,13,[]
6505,54,[]
6603,6,[]
6614,6,[]
6625,10,[]
6643,11,[]
6663,10,[]
6681,13,[]
6705,12,[]
6727,12,[]
6749,9,[]
6766,13,[]
6790,11,[]
6810,13,[]
6834,12,[]
6856,8,[0, 1, 2, 3, 4, 5, 6, 7]
6871,12,[]
6893,13,[]
6917,12,[]
6939,12,[]
6961,10,[]
6979,12,[]
7001,10,[]
7019,13,[]
7043,13,[]
7067,13,[]
7091,12,[]
7113,7,[]
7126,12,[]
7148,13,[]
7172,12,[]
7194,61,[]
7304,7,[]
7317,8,[]
7332,7,[]
7345,9,[]
7362,10,[]
7380,11,[]
7400,13,[]
7424,7,[]
7437,13,[]
7461,13,[]
7485,13,[]
7509,12,[]
7531,11,[]
7551,12,[]
7573,9,[]
7590,11,[]
7610,11,[]
7630,14,[]
7656,12,[]
7678,4,[]
7686,11,[]
7706,12,[]
7728,11,[]
7748,11,[0, 1, 2, 3, 4, 5, 6, 7, 8, 9]
7768,10,[]
7786,11,[]
7806,5,[]
7815,12,[]
7837,12,[]
7859,75,[]
7994,8,[]
8009,4,[]
8017,11,[]
8037,13,[]
8061,12,[]
8083,20,[]
8119,14,[]
8145,15,[]
8172,4,[]
8180,14,[]
8206,13,[]
8230,15,[]
8257,14,[]
8283,9,[]
8300,14,[]
8326,15,[]
8353,12,[]
8375,13,[]
8399,13,[]
8423,15,[]
8450,10,[]
8468,13,[]
8492,15,[]
8519,15,[]
8546,17,[]
8577,5,[]
8586,17,[]
8617,19,[]
8652,9,[]
0,19,[]
35,7,[]
48,12,[]
70,13,[]
94,14,[]
120,13,[]
144,19,[]
179,10,[]
197,14,[]
223,11,[]
243,13,[]
267,12,[]
289,13,[]
313,11,[]
333,11,[]
353,12,[]
375,15,[]
402,13,[]
426,21,[]
464,23,[]
506,23,[]
548,17,[]
579,21,[]
617,14,[]
643,15,[]
670,18,[]
703,15,[]
730,12,[]
752,14,[]
778,17,[]
809,75,[]
944,17,[]
975,10,[]
993,11,[]
1013,10,[]
1031,13,[]
1055,17,[]
1086,14,[]
1112,16,[]
1141,13,[]
1165,13,[]
1189,12,[]
1211,15,[]
1238,12,[]
1260,13,[]
1284,12,[]
1306,14,[]
1332,16,[]
1361,15,[]
1388,12,[]
1410,16,[]
1439,13,[]
1463,15,[]
1490,14,[]
1516,14,[]
1542,12,[]
1564,13,[]
1588,16,[]
1617,14,[]
1643,13,[]
1667,72,[]
1797,7,[]
1810,11,[]
1830,13,[]
1854,13,[]
1878,12,[]
1900,15,[]
1927,13,[]
1951,14,[]
1977,13,[]
2001,12,[]
2023,13,[]
2047,15,[]
2074,13,[]
2098,13,[]
2122,14,[]
2148,16,[]
2177,14,[]
2203,14,[]
2229,14,[]
2255,17,[]
2286,13,[]
2310,16,[]
2339,14,[]
2365,16,[]
2394,14,[]
2420,15,[]
2447,13,[]
2471,15,[]
2498,11,[]
2518,72,[]
2648,7,[]
2661,11,[]
2681,10,[]
2699,15,[]
2726,13,[]
2750,15,[]
2777,15,[]
2804,19,[]
2839,17,[]
2870,19,[]
2905,18,[]
2938,20,[]
2974,18,[]
3007,20,[]
3043,17,[]
3074,21,[]
3112,18,[]
3145,24,[]
3189,14,[]
3215,18,[]
3248,19,[]
3283,17,[]
3314,19,[]
3349,18,[]
3382,16,[]
3411,18,[]
3444,17,[]
3475,18,[]
3508,17,[]
3539,60,[]
3647,13,[]
3671,16,[]
3700,15,[]
3727,18,[]
3760,18,[]
3793,19,[]
3828,18,[]
3861,20,[]
3897,15,[]
3924,19,[]
3959,16,[0, 1, 2, 3, 4, 5, 6, 7, 8, 9, 10, 11, 12, 13, 14, 15]
3988,18,[]
4021,15,[]
4048,16,[]
4077,16,[]
4106,19,[]
4141,16,[]
4170,18,[]
4203,17,[]
4234,20,[]
4270,18,[]
4303,16,[]
4332,15,[]
4359,18,[]
4392,16,[]
4421,17,[]
4452,17,[]
4483,19,[]
4518,18,[0, 1, 2, 3, 4, 5, 6, 7, 8, 9, 10, 11, 12, 13, 14, 15]
4551,53,[]
4647,15,[]
4674,20,[]
4710,20,[]
4746,22,[]
4786,19,[]
4821,21,[]
4859,22,[]
4899,20,[]
4935,19,[]
4970,24,[]
5014,21,[]
5052,20,[]
5088,22,[]
5128,19,[]
5163,21,[]
5201,22,[]
5241,19,[]
5276,20,[]
5312,18,[]
5345,21,[]
5383,17,[]
5414,20,[]
5450,19,[]
5485,20,[]
5521,20,[]
5557,20,[]
5593,17,[]
5624,19,[]
5659,18,[]
5692,60,[]
5800,10,[]
5818,15,[]
5845,14,[]
5871,17,[]
5902,15,[]
5929,16,[]
5958,16,[]
5987,17,[]
6018,15,[]
6045,16,[]
6074,15,[]
6101,13,[]
6125,14,[]
6151,16,[]
6180,15,[]
6207,15,[]
6234,16,[]
6263,16,[]
6292,15,[]
6319,17,[]
6350,16,[]
6379,15,[]
6406,14,[]
6432,16,[]
6461,14,[]
6487,14,[]
6513,15,[]
6540,18,[]
6573,15,[]
6600,38,[]
6669,9,[]
6686,12,[0, 1, 2, 3, 4, 5, 6, 7, 8, 9, 10, 11]
6708,12,[]
6730,13,[]
6754,14,[]
6780,14,[]
6806,14,[]
6832,15,[]
6859,13,[]
6883,14,[]
6909,13,[]
6933,14,[]
6959,13,[]
6983,13,[]
7007,13,[]
7031,14,[]
7057,13,[]
7081,13,[]
7105,13,[]
7129,14,[]
7155,14,[]
7181,14,[]
7207,13,[]
7231,16,[]
7260,14,[]
7286,15,[]
7313,13,[]
7337,15,[]
7364,13,[]
7388,39,[]
7459,10,[]
7477,11,[]
7497,12,[]
7519,13,[]
7543,13,[]
7567,13,[]
7591,15,[]
7618,14,[]
7644,14,[]
7670,16,[]
7699,13,[]
7723,16,[]
7752,15,[]
7779,15,[]
7806,13,[]
7830,15,[]
7857,14,[]
7883,15,[]
7910,14,[]
7936,16,[]
7965,13,[]
7989,15,[]
8016,16,[]
8045,17,[]
8076,15,[]
8103,17,[]
8134,15,[]
8161,16,[]
8190,14,[]
8216,49,[]
8305,9,[]
8322,12,[]
8344,12,[]
8366,15,[]
8393,14,[]
8419,14,[]
8445,12,[]
8467,16,[]
8496,12,[]
8518,15,[]
8545,14,[]
8571,14,[]
8597,16,[]
8626,16,[]
8655,14,[]
8681,17,[]
8712,16,[]
8741,16,[]
8770,14,[]
8796,16,[]
8825,15,[]
8852,15,[]
8879,14,[]
8905,17,[]
8936,15,[]
8963,16,[]
8992,14,[]
9018,18,[]
9051,16,[]
0,21,[]
38,3,[]
44,8,[]
59,12,[]
81,12,[]
103,11,[]
123,10,[]
141,8,[0, 1, 2, 3, 4, 5, 6, 7]
156,10,[]
174,8,[]
189,9,[]
206,9,[]
223,10,[]
241,8,[]
256,10,[]
274,9,[]
291,9,[]
308,12,[]
330,17,[]
361,16,[]
390,18,[]
423,15,[]
450,15,[]
477,13,[]
501,12,[]
523,22,[]
563,13,[]
587,14,[]
613,15,[]
640,12,[]
662,83,[]
812,10,[]
830,6,[]
841,7,[]
854,7,[]
867,9,[]
884,11,[]
904,12,[]
926,14,[]
952,14,[]
978,14,[]
1004,15,[]
1031,13,[]
1055,10,[]
1073,12,[]
1095,13,[]
1119,13,[]
1143,17,[]
1174,17,[]
1205,19,[]
1240,21,[]
1278,19,[]
1313,19,[]
1348,18,[]
1381,21,[]
1419,23,[]
1461,22,[]
1501,21,[]
1539,24,[]
1583,26,[]
1630,79,[]
1773,23,[]
1815,25,[]
1860,25,[]
1905,24,[]
1949,21,[]
1987,19,[]
2022,18,[]
2055,20,[]
2091,18,[]
2124,21,[]
2162,26,[]
2209,24,[]
2253,21,[]
2291,23,[]
2333,25,[]
2378,23,[]
2420,21,[]
2458,18,[]
2491,21,[]
2529,20,[]
2565,23,[]
2607,19,[]
2642,20,[]
2678,23,[]
2720,22,[]
2760,23,[]
2802,21,[]
2840,22,[]
2880,19,[]
2915,58,[]
3020,16,[]
3049,17,[]
3080,18,[]
3113,21,[]
3151,19,[]
3186,19,[]
3221,19,[]
3256,19,[]
3291,22,[]
3331,18,[]
3364,21,[]
3402,19,[]
3437,19,[]
3472,18,[]
3505,16,[]
3534,17,[]
3565,15,[]
3592,15,[]
3619,16,[]
3648,17,[]
3679,13,[]
3703,13,[]
3727,13,[]
3751,14,[]
3777,15,[]
3804,15,[]
3831,14,[]
3857,16,[]
3886,14,[]
3912,60,[]
4020,9,[]
4037,10,[]
4055,9,[]
4072,10,[]
4090,10,[]
4108,10,[]
4126,18,[]
4159,10,[]
4177,7,[]
4190,8,[]
4205,9,[]
4222,11,[]
4242,11,[]
4262,10,[]
4280,11,[]
4300,13,[]
4324,12,[]
4346,12,[]
4368,11,[]
4388,12,[]
4410,11,[]
4430,13,[]
4454,13,[]
4478,14,[]
4504,14,[]
4530,15,[]
4557,14,[]
4583,13,[]
4607,15,[]
4634,56,[]
4735,9,[]
4752,11,[]
4772,12,[]
4794,13,[]
4818,14,[]
4844,14,[]
4870,11,[]
4890,13,[]
4914,14,[]
4940,15,[]
4967,14,[]
4993,13,[]
5017,15,[]
5044,15,[]
5071,14,[]
5097,14,[]
5123,15,[]
5150,14,[]
5176,16,[]
5205,15,[]
5232,14,[]
5258,14,[]
5284,14,[]
5310,13,[]
5334,13,[]
5358,14,[]
5384,13,[]
5408,12,[]
5430,15,[]
5457,48,[]
5544,10,[]
5562,12,[]
5584,11,[]
5604,12,[]
5626,12,[]
5648,12,[]
5670,13,[]
5694,12,[]
5716,12,[0, 1, 2, 3, 4, 5, 6, 7, 8, 9, 10, 11]
5738,13,[]
5762,12,[]
5784,14,[]
5810,13,[]
5834,13,[]
5858,13,[]
5882,15,[]
5909,13,[]
5933,12,[]
5955,10,[]
5973,13,[]
5997,12,[]
6019,12,[]
6041,14,[]
6067,12,[]
6089,13,[]
6113,14,[]
6139,14,[]
6165,14,[]
6191,12,[]
6213,47,[]
6298,7,[]
6311,9,[]
6328,11,[]
6348,12,[]
6370,11,[]
6390,12,[]
6412,13,[]
6436,12,[]
6458,12,[]
6480,12,[]
6502,11,[]
6522,12,[]
6544,11,[]
6564,13,[]
6588,13,[]
6612,14,[]
6638,12,[]
6660,12,[]
6682,18,[]
6715,10,[]
6733,11,[]
6753,10,[0, 1, 2, 3, 4, 5, 6, 7, 8, 9]
6771,10,[]
6789,11,[]
6809,12,[]
6831,13,[]
6855,14,[]
6881,12,[]
6903,14,[]
6929,43,[]
7007,11,[]
7027,12,[]
7049,13,[]
7073,14,[]
7099,15,[]
7126,14,[]
7152,14,[]
7178,15,[]
7205,16,[]
7234,18,[]
7267,18,[]
7300,16,[]
7329,16,[]
7358,16,[]
7387,17,[]
7418,18,[]
7451,21,[]
7489,19,[]
7524,19,[]
7559,19,[]
7594,20,[]
7630,19,[]
7665,16,[]
7694,17,[]
7725,16,[]
7754,15,[]
7781,15,[]
7808,17,[]
7839,15,[]
7866,55,[]
7965,9,[]
7982,9,[]
7999,10,[]
8017,13,[0, 1, 2, 3, 4, 5, 6, 7, 8, 9, 10, 11, 12]
8041,12,[]
8063,13,[]
8087,13,[]
8111,15,[]
8138,17,[]
8169,17,[]
8200,17,[]
8231,15,[]
8258,17,[]
8289,20,[]
8325,19,[]
8360,19,[]
8395,17,[]
8426,18,[]
8459,19,[]
8494,17,[]
8525,18,[]
8558,17,[]
8589,18,[]
8622,18,[]
8655,17,[]
8686,17,[]
8717,17,[]
8748,16,[]
8777,7,[]
0,27,[]
49,7,[]
62,8,[]
77,8,[]
92,8,[]
107,8,[]
122,13,[]
146,9,[]
163,10,[]
181,11,[]
201,9,[]
218,8,[]
233,8,[]
248,8,[]
263,7,[]
276,9,[]
293,17,[]
324,14,[]
350,15,[]
377,13,[]
401,9,[]
418,14,[]
444,16,[]
473,20,[]
509,16,[]
538,12,[]
560,15,[]
587,17,[]
618,20,[]
654,17,[]
685,84,[]
837,14,[]
863,11,[]
883,10,[]
901,8,[]
916,11,[]
936,11,[]
956,12,[]
978,16,[]
1007,14,[]
1033,14,[]
1059,13,[]
1083,15,[]
1110,14,[]
1136,15,[]
1163,14,[]
1189,16,[]
1218,15,[]
1245,14,[]
1271,14,[]
1297,16,[]
1326,14,[]
1352,15,[]
1379,14,[]
1405,15,[]
1432,13,[]
1456,14,[]
1482,12,[]
1504,15,[]
1531,12,[]
1553,58,[]
1658,9,[]
1675,11,[]
1695,12,[]
1717,15,[0, 1, 2, 3, 4, 5, 6, 7, 8, 9, 10, 11, 12, 13, 14]
1744,13,[]
1768,15,[]
1795,13,[]
1819,16,[]
1848,14,[]
1874,15,[]
1901,15,[]
1928,17,[]
1959,16,[]
1988,16,[]
2017,14,[]
2043,19,[]
2078,13,[]
2102,18,[]
2135,12,[]
2157,16,[]
2186,15,[]
2213,17,[]
2244,19,[]
2279,21,[]
2317,22,[]
2357,23,[]
2399,23,[]
2441,20,[]
2477,20,[]
2513,68,[]
2636,18,[]
2669,19,[]
2704,18,[]
2737,19,[]
2772,19,[]
2807,17,[]
2838,20,[]
2874,23,[]
2916,20,[]
2952,21,[]
2990,20,[]
3026,20,[]
3062,21,[]
3100,19,[]
3135,22,[]
3175,20,[]
3211,19,[]
3246,26,[]
3293,18,[]
3326,22,[]
3366,21,[]
3404,24,[]
3448,22,[]
3488,25,[]
3533,26,[]
3580,25,[]
3625,24,[]
3669,24,[]
3713,21,[]
3751,69,[]
3876,13,[0, 1, 2, 3, 4, 5, 6, 7, 8, 9, 10, 11, 12]
3900,13,[]
3924,13,[]
3948,16,[]
3977,14,[]
4003,16,[]
4032,15,[]
4059,15,[]
4086,18,[]
4119,18,[]
4152,19,[]
4187,17,[]
4218,18,[]
4251,18,[]
4284,17,[]
4315,14,[]
4341,13,[]
4365,13,[]
4389,13,[]
4413,14,[]
4439,13,[]
4463,13,[]
4487,15,[]
4514,14,[]
4540,14,[]
4566,12,[]
4588,12,[]
4610,12,[]
4632,11,[]
4652,66,[]
4771,10,[]
4789,13,[]
4813,11,[]
4833,14,[]
4859,14,[]
4885,16,[]
4914,15,[]
4941,18,[]
4974,18,[]
5007,19,[]
5042,18,[]
5075,16,[]
5104,15,[]
5131,16,[]
5160,15,[]
5187,15,[]
5214,13,[]
5238,14,[]
5264,12,[]
5286,14,[]
5312,15,[]
5339,17,[]
5370,20,[]
5406,18,[]
5439,18,[]
5472,17,[]
5503,18,[]
5536,17,[]
5567,17,[]
5598,40,[]
5670,14,[]
5696,14,[]
5722,14,[]
5748,14,[]
5774,12,[]
5796,13,[]
5820,12,[]
5842,12,[]
5864,11,[]
5884,11,[]
5904,9,[]
5921,10,[]
5939,21,[]
5977,27,[]
6026,25,[]
6071,10,[]
6089,14,[]
6115,17,[]
6146,18,[]
6179,22,[]
6219,17,[]
6250,17,[]
6281,19,[]
6316,17,[]
6347,18,[]
6380,17,[]
6411,17,[]
6442,16,[]
6471,15,[]
6498,34,[]
6560,9,[]
6577,10,[]
6595,10,[0, 1, 2, 3, 4, 5, 6, 7, 8, 9]
6613,11,[]
6633,11,[]
6653,20,[]
6689,21,[]
6727,20,[]
6763,9,[]
6780,12,[]
6802,25,[]
6847,9,[]
6864,8,[]
6879,23,[]
6921,9,[]
6938,13,[]
6962,26,[]
7009,8,[]
7024,10,[]
7042,11,[]
7062,9,[]
7079,14,[]
7105,11,[]
7125,12,[]
7147,11,[]
7167,12,[]
7189,11,[]
7209,11,[]
7229,10,[]
7247,42,[]
7323,7,[]
7336,9,[]
7353,11,[]
7373,10,[]
7391,12,[]
7413,10,[]
7431,14,[]
7457,11,[]
7477,13,[]
7501,13,[]
7525,14,[]
7551,15,[]
7578,14,[]
7604,13,[]
7628,15,[]
7655,12,[]
7677,14,[]
7703,11,[]
7723,14,[]
7749,13,[]
7773,16,[]
7802,5,[]
7811,17,[]
7842,17,[]
7873,20,[]
7909,17,[]
7940,21,[]
7978,21,[]
8016,18,[]
8049,57,[]
8152,13,[]
8176,14,[]
8202,14,[]
8228,15,[]
8255,12,[]
8277,16,[]
8306,13,[]
8330,14,[]
8356,16,[]
8385,16,[1, 2, 3, 4, 5, 6, 7, 8, 9, 10, 11, 12, 13, 14, 15]
8414,21,[]
8452,16,[]
8481,17,[]
8512,15,[]
8539,16,[]
8568,16,[]
8597,15,[]
8624,14,[]
8650,15,[]
8677,14,[]
8703,15,[]
8730,15,[]
8757,14,[]
8783,14,[]
8809,14,[]
8835,15,[]
8862,14,[]
8888,15,[]
8915,15,[]
0,29,[]
53,8,[]
68,14,[]
94,16,[]
123,16,[]
152,16,[]
181,17,[]
212,16,[]
241,17,[]
272,16,[]
301,17,[]
332,16,[]
361,19,[]
396,15,[]
423,17,[]
454,15,[]
481,18,[]
514,16,[]
543,18,[]
576,16,[]
605,18,[]
638,17,[]
669,18,[]
702,16,[]
731,17,[1, 2, 3, 4, 5, 6, 7, 8, 9, 10, 11, 12, 13, 14, 15]
762,22,[]
802,17,[]
833,18,[]
866,17,[]
897,16,[]
926,54,[]
1024,14,[]
1050,16,[]
1079,15,[]
1106,11,[]
1126,14,[]
1152,15,[]
1179,17,[]
1210,15,[0, 1, 2, 3, 4, 5, 6, 7, 8, 9, 10, 11, 12, 13, 14]
1237,16,[]
1266,16,[]
1295,16,[]
1324,17,[]
1355,15,[]
1382,14,[]
1408,17,[]
1439,14,[]
1465,16,[]
1494,16,[]
1523,14,[]
1549,16,[]
1578,14,[]
1604,16,[]
1633,15,[]
1660,15,[]
1687,16,[]
1716,14,[]
1742,16,[]
1771,16,[]
1800,14,[]
1826,59,[]
1933,9,[]
1950,13,[]
1974,14,[]
2000,16,[]
2029,15,[]
2056,16,[]
2085,15,[]
2112,17,[]
2143,15,[]
2170,16,[]
2199,15,[]
2226,17,[]
2257,15,[]
2284,16,[]
2313,15,[]
2340,16,[]
2369,14,[]
2395,16,[]
2424,14,[]
2450,15,[0, 1, 2, 3, 4, 5, 6, 7, 8, 9, 10, 11, 12, 13, 14]
2477,16,[]
2506,13,[]
2530,14,[]
2556,14,[]
2582,15,[]
2609,15,[]
2636,14,[]
2662,16,[]
2691,14,[]
2717,49,[]
2806,10,[]
2824,12,[]
2846,12,[]
2868,15,[]
2895,12,[]
2917,13,[]
2941,13,[]
2965,13,[]
2989,12,[]
3011,15,[]
3038,12,[]
3060,12,[0, 2, 3, 4, 5, 6, 7, 8, 9, 10, 11]
3082,10,[]
3100,11,[]
3120,10,[]
3138,12,[]
3160,11,[]
3180,14,[]
3206,14,[]
3232,13,[]
3256,14,[]
3282,15,[]
3309,14,[]
3335,15,[]
3362,14,[]
3388,15,[]
3415,15,[]
3442,17,[]
3473,14,[]
3499,56,[]
3600,10,[]
3618,14,[]
3644,14,[]
3670,15,[]
3697,13,[]
3721,14,[]
3747,21,[]
3785,13,[]
3809,15,[]
3836,14,[]
3862,13,[]
3886,15,[]
3913,13,[]
3937,14,[]
3963,13,[]
3987,15,[]
4014,14,[]
4040,16,[]
4069,13,[]
4093,13,[]
4117,11,[]
4137,17,[]
4168,15,[]
4195,18,[]
4228,18,[]
4261,17,[]
4292,18,[]
4325,14,[]
4351,17,[]
4382,58,[]
4487,11,[]
4507,14,[]
4533,12,[]
4555,16,[]
4584,14,[]
4610,15,[]
4637,15,[]
4664,17,[]
4695,17,[]
4726,18,[]
4759,16,[]
4788,17,[]
4819,15,[]
4846,16,[]
4875,15,[]
4902,16,[]
4931,16,[]
4960,16,[]
4989,15,[]
5016,15,[]
5043,13,[]
5067,14,[]
5093,14,[]
5119,16,[]
5148,14,[]
5174,14,[]
5200,12,[]
5222,14,[]
5248,15,[]
5275,51,[]
5367,10,[]
5385,13,[]
5409,12,[]
5431,14,[]
5457,15,[]
5484,14,[]
5510,13,[]
5534,14,[]
5560,12,[]
5582,13,[]
5606,14,[]
5632,15,[]
5659,14,[]
5685,12,[]
5707,12,[]
5729,14,[]
5755,13,[]
5779,15,[]
5806,16,[]
5835,16,[]
5864,15,[]
5891,16,[]
5920,14,[]
5946,15,[]
5973,14,[]
5999,15,[]
6026,13,[]
6050,14,[]
6076,13,[]
6100,46,[]
6183,10,[]
6201,13,[]
6225,12,[0, 1, 2, 3, 4, 5, 6, 7, 8, 9, 10, 11]
6247,14,[]
6273,13,[]
6297,14,[]
6323,15,[]
6350,15,[]
6377,14,[]
6403,13,[0, 1, 2, 3, 4, 5, 6, 7, 8, 9, 10, 11, 12]
6427,13,[]
6451,12,[]
6473,14,[]
6499,12,[]
6521,13,[]
6545,12,[]
6567,14,[]
6593,12,[]
6615,17,[]
6646,15,[]
6673,15,[]
6700,15,[]
6727,16,[]
6756,15,[]
6783,16,[]
6812,15,[]
6839,16,[]
6868,15,[]
6895,14,[]
6921,39,[]
6992,9,[]
7009,10,[]
7027,12,[]
7049,12,[]
7071,12,[]
7093,12,[]
7115,14,[]
7141,12,[]
7163,13,[]
7187,12,[]
7209,13,[]
7233,15,[]
7260,14,[]
7286,14,[]
7312,15,[]
7339,15,[]
7366,16,[]
7395,16,[]
7424,16,[]
7453,14,[]
7479,15,[]
7506,13,[]
7530,15,[]
7557,13,[]
7581,14,[]
7607,13,[]
7631,15,[]
7658,15,[]
7685,14,[]
7711,42,[]
7787,12,[]
7809,14,[]
7835,13,[]
7859,16,[]
7888,15,[]
7915,16,[]
7944,15,[]
7971,16,[]
8000,16,[]
8029,17,[]
8060,16,[]
8089,17,[0, 1, 2, 3, 4, 5, 6, 7, 8, 9, 10, 11, 12, 13, 14, 15, 16]
8120,16,[]
8149,16,[]
8178,15,[]
8205,17,[]
8236,16,[]
8265,17,[]
8296,16,[]
8325,17,[]
8356,16,[]
8385,16,[]
8414,16,[]
8443,15,[]
8470,13,[]
8494,14,[]
8520,14,[]
8546,16,[]
8575,7,[]
0,45,[]
81,28,[]
132,23,[]
174,20,[]
210,21,[]
248,24,[]
292,21,[]
330,19,[]
365,23,[]
407,22,[]
447,23,[]
489,20,[]
525,22,[]
565,20,[]
601,21,[]
639,21,[]
677,21,[]
715,18,[]
748,19,[]
783,19,[]
818,21,[]
856,5,[]
865,22,[]
905,22,[]
945,23,[]
987,27,[]
1036,27,[]
1085,29,[]
1138,31,[]
1194,28,[]
1245,75,[]
1380,26,[]
1427,26,[]
1474,22,[]
1514,13,[]
1538,12,[]
1560,14,[]
1586,14,[]
1612,13,[]
1636,10,[]
1654,11,[]
1674,11,[]
1694,12,[]
1716,13,[]
1740,11,[]
1760,11,[]
1780,12,[]
1802,10,[]
1820,11,[]
1840,12,[]
1862,11,[]
1882,12,[]
1904,12,[]
1926,10,[]
1944,12,[]
1966,12,[]
1988,12,[]
2010,11,[]
2030,10,[0, 1, 2, 3, 4, 5, 6, 7, 8, 9]
2048,10,[]
2066,41,[]
2140,8,[]
2155,8,[]
2170,8,[]
2185,11,[]
2205,9,[]
2222,9,[]
2239,8,[]
2254,9,[]
2271,9,[]
2288,10,[1, 2, 3, 4, 5, 6, 7, 8, 9]
2306,12,[]
2328,11,[]
2348,10,[]
2366,10,[]
2384,11,[]
2404,11,[]
2424,13,[]
2448,11,[]
2468,10,[]
2486,12,[]
2508,12,[]
2530,14,[]
2556,13,[]
2580,11,[]
2600,14,[]
2626,13,[]
2650,14,[]
2676,15,[]
2703,14,[]
2729,36,[]
2794,12,[]
2816,13,[]
2840,13,[]
2864,15,[]
2891,15,[]
2918,12,[]
2940,13,[]
2964,14,[]
2990,14,[]
3016,14,[]
3042,11,[]
3062,15,[]
3089,12,[]
3111,12,[]
3133,15,[]
3160,11,[]
3180,14,[]
3206,13,[]
3230,13,[0, 1, 2, 3, 4, 5, 6, 7, 8, 9, 10, 11, 12]
3254,13,[]
3278,12,[]
3300,12,[]
3322,12,[]
3344,14,[]
3370,13,[]
3394,14,[]
3420,13,[]
3444,16,[]
3473,15,[]
3500,40,[]
3572,8,[]
3587,14,[]
3613,11,[]
3633,12,[]
3655,14,[]
3681,14,[0, 1, 2, 3, 4, 5, 6, 7, 8, 9, 10, 11, 12, 13]
3707,16,[]
3736,15,[]
3763,12,[]
3785,14,[]
3811,13,[]
3835,14,[]
3861,13,[]
3885,13,[]
3909,14,[]
3935,14,[]
3961,15,[]
3988,13,[]
4012,14,[]
4038,14,[]
4064,15,[]
4091,15,[]
4118,12,[]
4140,11,[]
4160,13,[]
4184,11,[0, 1, 2, 3, 4, 5, 6, 7, 8, 9]
4204,12,[]
4226,12,[]
4248,13,[]
4272,51,[]
4364,6,[]
4375,10,[]
4393,11,[]
4413,13,[]
4437,10,[]
4455,11,[]
4475,12,[]
4497,13,[]
4521,16,[]
4550,16,[]
4579,16,[]
4608,15,[]
4635,16,[]
4664,14,[]
4690,15,[]
4717,17,[]
4748,14,[]
4774,15,[]
4801,14,[]
4827,14,[]
4853,13,[]
4877,15,[]
4904,14,[]
4930,13,[]
4954,17,[]
4985,15,[]
5012,11,[]
5032,13,[]
5056,11,[]
5076,57,[]
5179,8,[]
5194,9,[]
5211,12,[]
5233,13,[]
5257,9,[]
5274,11,[]
5294,11,[]
5314,14,[]
5340,11,[]
5360,12,[]
5382,12,[]
5404,13,[]
5428,11,[]
5448,10,[]
5466,15,[]
5493,14,[]
5519,12,[]
5541,12,[]
5563,12,[]
5585,11,[]
5605,12,[]
5627,14,[]
5653,14,[]
5679,12,[]
5701,14,[]
5727,13,[]
5751,9,[]
5768,12,[]
5790,16,[]
5819,63,[]
5933,5,[]
5942,8,[]
5957,10,[]
5975,9,[]
5992,12,[]
6014,8,[]
6029,13,[]
6053,11,[]
6073,9,[]
6090,14,[]
6116,12,[]
6138,12,[]
6160,9,[]
6177,11,[]
6197,11,[]
6217,14,[]
6243,12,[0, 1, 2, 3, 4, 5, 6, 7, 8, 9, 10]
6265,13,[]
6289,10,[]
6307,14,[]
6333,12,[]
6355,13,[]
6379,10,[]
6397,12,[]
6419,12,[]
6441,14,[]
6467,17,[]
6498,15,[]
6525,14,[]
6551,75,[]
6686,5,[]
6695,12,[]
6717,11,[]
6737,12,[]
6759,14,[]
6785,11,[]
6805,11,[]
6825,15,[]
6852,13,[0, 1, 2, 3, 4, 5, 6, 7, 8, 9, 10, 11, 12]
6876,12,[]
6898,14,[]
6924,12,[]
6946,13,[]
6970,16,[]
6999,13,[]
7023,17,[]
7054,15,[]
7081,17,[]
7112,14,[]
7138,17,[]
7169,13,[]
7193,14,[]
7219,14,[]
7245,15,[]
7272,13,[]
7296,14,[]
7322,12,[]
7344,13,[]
7368,12,[]
7390,57,[]
7493,7,[]
7506,11,[]
7526,12,[]
7548,15,[]
7575,14,[]
7601,14,[]
7627,15,[]
7654,15,[]
7681,17,[]
7712,20,[]
7748,19,[]
7783,19,[]
7818,18,[]
7851,14,[]
7877,15,[]
7904,18,[]
7937,15,[]
7964,17,[]
7995,17,[0, 1, 2, 3, 4, 5, 6, 7, 8, 9, 10, 11, 12, 13, 14, 15, 16]
8026,21,[]
8064,19,[]
8099,21,[]
8137,19,[]
8172,21,[]
8210,15,[]
8237,17,[]
8268,15,[]
8295,17,[]
8326,16,[]
0,31,[]
56,4,[]
64,6,[]
75,12,[]
97,13,[]
121,12,[]
143,12,[]
165,11,[0, 1, 2, 3, 4, 5, 6, 7, 8, 9, 10]
185,12,[]
207,14,[]
233,15,[]
260,13,[]
284,14,[]
310,11,[]
330,12,[]
352,12,[]
374,14,[]
400,16,[]
429,15,[]
456,14,[]
482,17,[]
513,14,[]
539,15,[]
566,18,[]
599,7,[]
612,19,[]
647,20,[]
683,17,[]
714,15,[]
741,14,[]
767,43,[]
845,13,[]
869,18,[]
902,19,[]
937,13,[]
961,18,[]
994,21,[]
1032,21,[]
1070,21,[]
1108,20,[]
1144,23,[]
1186,22,[]
1226,21,[]
1264,22,[]
1304,23,[]
1346,21,[]
1384,21,[]
1422,18,[]
1455,21,[]
1493,18,[]
1526,17,[]
1557,17,[]
1588,19,[]
1623,17,[]
1654,17,[]
1685,22,[]
1725,16,[]
1754,15,[]
1781,17,[]
1812,19,[]
1847,73,[]
1979,7,[]
1992,15,[]
2019,13,[]
2043,15,[]
2070,15,[]
2097,14,[]
2123,14,[]
2149,17,[]
2180,16,[]
2209,17,[]
2240,16,[]
2269,14,[]
2295,14,[]
2321,16,[]
2350,14,[]
2376,15,[]
2403,13,[]
2427,14,[]
2453,13,[]
2477,16,[]
2506,13,[]
2530,13,[]
2554,13,[]
2578,17,[]
2609,14,[]
2635,14,[]
2661,12,[]
2683,16,[]
2712,11,[]
2732,75,[]
2867,6,[]
2878,10,[]
2896,10,[]
2914,13,[]
2938,11,[]
2958,15,[]
2985,10,[]
3003,12,[]
3025,15,[]
3052,16,[]
3081,12,[]
3103,14,[]
3129,12,[]
3151,15,[]
3178,11,[]
3198,13,[]
3222,10,[]
3240,15,[]
3267,14,[]
3293,16,[]
3322,12,[0, 1, 2, 3, 4, 5, 6, 7, 8, 9, 10, 11]
3344,11,[]
3364,14,[]
3390,12,[]
3412,12,[]
3434,16,[]
3463,12,[]
3485,10,[]
3503,12,[]
3525,87,[]
3682,9,[]
3699,11,[]
3719,9,[]
3736,13,[]
3760,10,[]
3778,12,[]
3800,13,[]
3824,14,[]
3850,13,[]
3874,14,[]
3900,15,[]
3927,14,[]
3953,11,[]
3973,15,[]
4000,17,[]
4031,14,[]
4057,14,[]
4083,13,[]
4107,13,[]
4131,15,[]
4158,13,[]
4182,15,[]
4209,16,[]
4238,18,[]
4271,15,[]
4298,17,[]
4329,18,[]
4362,19,[]
4397,19,[]
4432,56,[]
4533,16,[]
4562,15,[]
4589,18,[]
4622,14,[]
4648,17,[0, 1, 2, 3, 4, 5, 6, 7, 8, 9, 10, 11, 12, 13, 14, 15, 16]
4679,17,[]
4710,19,[]
4745,20,[]
4781,19,[]
4816,17,[]
4847,14,[]
4873,15,[]
4900,15,[]
4927,16,[]
4956,17,[]
4987,18,[]
5020,19,[]
5055,18,[]
5088,17,[]
5119,13,[]
5143,13,[]
5167,14,[]
5193,15,[]
5220,16,[]
5249,16,[]
5278,16,[]
5307,17,[]
5338,12,[]
5360,16,[]
5389,44,[]
5469,7,[]
5482,16,[]
5511,9,[]
5528,15,[]
5555,11,[]
5575,11,[]
5595,10,[]
5613,11,[]
5633,10,[]
5651,11,[]
5671,14,[]
5697,11,[]
5717,10,[]
5735,11,[]
5755,13,[]
5779,14,[]
5805,10,[]
5823,14,[]
5849,10,[]
5867,12,[]
5889,10,[]
5907,11,[]
5927,12,[]
5949,14,[]
5975,15,[]
6002,13,[]
6026,13,[]
6050,13,[]
6074,11,[0, 1, 2, 3, 4, 5, 6, 7, 8, 9, 10]
6094,49,[]
6183,7,[]
6196,11,[]
6216,10,[]
6234,11,[]
6254,12,[]
6276,10,[]
6294,10,[]
6312,12,[]
6334,10,[]
6352,11,[]
6372,13,[]
6396,13,[0, 1, 2, 3, 4, 5, 6, 7, 8, 9, 10, 11, 12]
6420,13,[]
6444,13,[]
6468,10,[]
6486,13,[]
6510,11,[]
6530,12,[]
6552,10,[]
6570,14,[]
6596,11,[]
6616,13,[]
6640,11,[]
6660,14,[]
6686,10,[]
6704,12,[]
6726,10,[0, 1, 2, 3, 4, 5, 6, 7, 8, 9]
6744,14,[]
6770,12,[]
6792,63,[]
6906,8,[]
6921,10,[]
6939,12,[]
6961,13,[]
6985,12,[]
7007,12,[]
7029,6,[0, 1, 2, 3, 4, 5]
7040,11,[]
7060,13,[]
7084,14,[]
7110,12,[]
7132,12,[]
7154,11,[]
7174,13,[]
7198,11,[]
7218,14,[]
7244,12,[]
7266,14,[]
7292,13,[]
7316,14,[]
7342,11,[]
7362,12,[0, 1, 2, 3, 4, 5, 6, 7, 8, 9, 10, 11]
7384,12,[]
7406,15,[]
7433,14,[]
7459,15,[]
7486,13,[]
7510,17,[]
7541,15,[]
7568,57,[]
7671,11,[]
7691,14,[]
7717,14,[]
7743,15,[]
7770,13,[]
7794,17,[]
7825,16,[]
7854,15,[]
7881,17,[]
7912,19,[]
7947,19,[]
7982,16,[]
8011,18,[]
8044,17,[]
8075,18,[]
8108,17,[]
8139,16,[]
8168,17,[]
8199,18,[]
8232,15,[]
8259,14,[]
8285,14,[]
8311,15,[]
8338,16,[]
8367,17,[]
8398,20,[]
8434,20,[]
8470,19,[]
8505,13,[]
0,50,[]
90,6,[]
101,12,[]
123,13,[]
147,16,[]
176,11,[]
196,15,[]
223,14,[]
249,14,[]
275,25,[]
320,14,[]
346,13,[]
370,14,[]
396,14,[]
422,14,[]
448,11,[]
468,16,[]
497,16,[]
526,15,[]
553,16,[]
582,17,[]
613,15,[]
640,15,[]
667,15,[]
694,14,[]
720,13,[]
744,14,[]
770,14,[]
796,17,[]
827,16,[]
856,127,[]
1085,4,[]
1093,9,[]
1110,12,[0, 1, 2, 3, 4, 5, 6, 7, 8, 9, 10, 11]
1132,4,[]
1140,6,[]
1151,10,[]
1169,13,[]
1193,13,[]
1217,11,[]
1237,12,[]
1259,12,[]
1281,14,[]
1307,12,[]
1329,12,[]
1351,16,[]
1380,13,[]
1404,15,[]
1431,19,[]
1466,19,[]
1501,16,[]
1530,16,[]
1559,13,[]
1583,16,[]
1612,13,[]
1636,15,[]
1663,12,[]
1685,17,[]
1716,15,[]
1743,18,[]
1776,96,[]
1949,5,[]
1958,9,[0, 1, 2, 3, 4, 5, 6, 7, 8]
1975,15,[]
2002,11,[]
2022,15,[]
2049,12,[]
2071,16,[]
2100,14,[]
2126,15,[]
2153,11,[]
2173,17,[]
2204,15,[]
2231,16,[]
2260,15,[]
2287,20,[]
2323,13,[]
2347,17,[]
2378,16,[]
2407,20,[]
2443,19,[]
2478,18,[]
2511,15,[]
2538,21,[]
2576,14,[]
2602,17,[]
2633,14,[]
2659,20,[]
2695,17,[]
2726,19,[]
2761,95,[]
2932,7,[]
2945,10,[]
2963,15,[]
2990,12,[]
3012,16,[]
3041,16,[]
3070,14,[]
3096,13,[]
3120,15,[]
3147,13,[0, 1, 2, 3, 4, 5, 6, 7, 8, 9, 10, 11, 12]
3171,14,[]
3197,13,[]
3221,13,[]
3245,8,[]
3260,16,[]
3289,16,[]
3318,14,[]
3344,15,[]
3371,20,[]
3407,17,[]
3438,13,[]
3462,12,[]
3484,25,[]
3529,13,[]
3553,14,[]
3579,14,[]
3605,14,[]
3631,10,[0, 1, 2, 3, 4, 5, 6, 7, 8, 9]
3649,16,[]
3678,66,[]
3797,6,[]
3808,9,[]
3825,13,[]
3849,9,[]
3866,11,[]
3886,12,[]
3908,12,[]
3930,12,[]
3952,13,[]
3976,12,[]
3998,13,[]
4022,18,[]
4055,15,[]
4082,15,[]
4109,16,[]
4138,13,[]
4162,18,[]
4195,18,[]
4228,18,[]
4261,16,[]
4290,15,[]
4317,15,[]
4344,13,[]
4368,12,[]
4390,12,[]
4412,12,[]
4434,14,[]
4460,11,[]
4480,15,[]
4507,59,[]
4614,10,[]
4632,11,[]
4652,11,[]
4672,10,[]
4690,13,[]
4714,11,[]
4734,13,[]
4758,15,[]
4785,16,[]
4814,15,[]
4841,12,[]
4863,17,[]
4894,15,[]
4921,16,[]
4950,15,[]
4977,16,[]
5006,15,[]
5033,20,[]
5069,12,[1, 2, 3, 4, 5, 6, 7, 8, 9, 10, 11]
5091,12,[]
5113,10,[]
5131,12,[]
5153,18,[]
5186,11,[]
5206,15,[]
5233,18,[]
5266,14,[]
5292,16,[]
5321,14,[]
5347,69,[]
5472,9,[]
5489,11,[]
5509,14,[]
5535,17,[]
5566,21,[]
5604,23,[]
5646,19,[]
5681,21,[]
5719,18,[]
5752,17,[]
5783,15,[]
5810,18,[]
5843,15,[]
5870,19,[]
5905,18,[]
5938,18,[]
5971,19,[]
6006,21,[]
6044,21,[]
6082,22,[]
6122,25,[]
6167,22,[]
6207,20,[]
6243,22,[]
6283,22,[]
6323,22,[]
6363,21,[]
6401,20,[]
6437,19,[]
6472,68,[]
6595,13,[]
6619,16,[]
6648,19,[]
6683,18,[]
6716,24,[]
6760,20,[]
6796,14,[]
6822,13,[]
6846,12,[]
6868,11,[]
6888,14,[]
6914,12,[]
6936,12,[]
6958,15,[]
6985,15,[]
7012,14,[]
7038,15,[]
7065,15,[]
7092,22,[]
7132,16,[]
7161,18,[]
7194,16,[]
7223,16,[]
7252,17,[]
7283,17,[]
7314,16,[]
7343,13,[]
7367,14,[]
7393,14,[]
7419,47,[]
7504,11,[]
7524,16,[]
7553,15,[]
7580,14,[]
7606,15,[]
7633,15,[]
7660,15,[]
7687,14,[]
7713,11,[]
7733,11,[]
7753,15,[]
7780,11,[]
7800,10,[]
7818,13,[]
7842,11,[]
7862,15,[]
7889,12,[]
7911,10,[]
7929,16,[]
7958,15,[]
7985,11,[]
8005,12,[]
8027,16,[]
8056,13,[]
8080,15,[]
8107,12,[]
8129,13,[]
8153,12,[]
8175,12,[]
8197,53,[]
8293,9,[]
8310,11,[0, 1, 2, 3, 4, 5, 6, 7, 8, 9, 10]
8330,13,[]
8354,14,[]
8380,15,[]
8407,16,[]
8436,16,[]
8465,17,[]
8496,15,[]
8523,15,[]
8550,19,[]
8585,16,[]
8614,15,[]
8641,15,[]
8668,14,[]
8694,22,[]
8734,11,[]
8754,14,[]
8780,15,[]
8807,16,[]
8836,15,[]
8863,14,[]
8889,15,[]
8916,14,[]
8942,12,[]
8964,10,[]
8982,10,[]
9000,13,[]
9024,11,[]
0,47,[]
85,11,[]
105,13,[]
129,7,[]
142,15,[]
169,17,[]
200,14,[]
226,15,[]
253,6,[]
264,15,[]
291,12,[]
313,14,[]
339,26,[]
386,12,[]
408,13,[]
432,9,[]
449,12,[]
471,12,[]
493,16,[]
522,18,[]
555,10,[]
573,17,[]
604,17,[]
635,26,[]
682,14,[]
708,11,[]
728,11,[]
748,10,[]
766,14,[]
792,28,[]
843,103,[]
1029,9,[]
1046,5,[]
1055,6,[]
1066,4,[]
1074,6,[]
1085,7,[]
1098,20,[]
1134,23,[]
1176,5,[]
1185,14,[]
1211,13,[]
1235,15,[]
1262,12,[]
1284,7,[]
1297,13,[]
1321,19,[]
1356,19,[]
1391,18,[]
1424,13,[]
1448,15,[]
1475,7,[]
1488,16,[]
1517,19,[]
1552,15,[]
1579,16,[]
1608,4,[]
1616,18,[]
1649,17,[]
1680,29,[]
1733,83,[]
1883,8,[]
1898,10,[]
1916,5,[]
1925,12,[]
1947,11,[]
1967,14,[]
1993,15,[]
2020,9,[]
2037,16,[]
2066,14,[]
2092,16,[]
2121,19,[]
2156,16,[0, 1, 2, 3, 4, 5, 6, 7, 8, 9, 10, 11, 12, 13, 14, 15]
2185,18,[]
2218,4,[]
2226,18,[]
2259,22,[]
2299,19,[]
2334,25,[]
2379,8,[]
2394,21,[]
2432,13,[]
2456,18,[]
2489,12,[]
2511,20,[1, 2, 3, 4, 5, 6, 7, 8, 9, 10, 11, 12, 13, 14, 15, 16, 17, 18, 19]
2547,14,[]
2573,9,[]
2590,25,[]
2635,18,[]
2668,82,[]
2816,6,[]
2827,3,[]
2833,9,[]
2850,14,[]
2876,26,[]
2923,25,[]
2968,24,[]
3012,14,[]
3038,23,[]
3080,6,[]
3091,14,[]
3117,12,[]
3139,14,[]
3165,18,[]
3198,11,[]
3218,21,[]
3256,19,[]
3291,29,[]
3344,14,[]
3370,12,[]
3392,9,[]
3409,11,[]
3429,8,[]
3444,10,[]
3462,26,[]
3509,29,[]
3562,8,[]
3577,40,[]
3649,29,[]
3702,67,[]
3823,1,[]
3825,6,[]
3836,5,[]
3845,2,[]
3849,11,[]
3869,7,[]
3882,8,[]
3897,8,[]
3912,13,[]
3936,20,[]
3972,16,[]
4001,34,[]
4063,14,[]
4089,18,[]
4122,11,[]
4142,17,[]
4173,14,[]
4199,14,[]
4225,15,[]
4252,9,[]
4269,21,[]
4307,20,[]
4343,21,[]
4381,17,[]
4412,12,[]
4434,11,[]
4454,9,[]
4471,15,[]
4498,12,[]
4520,88,[]
4679,12,[]
4701,4,[]
4709,18,[]
4742,18,[]
4775,8,[]
4790,12,[]
4812,11,[]
4832,12,[]
4854,9,[]
4871,14,[]
4897,14,[]
4923,22,[]
4963,32,[]
5021,7,[]
5034,15,[]
5061,16,[]
5090,9,[]
5107,34,[]
5169,14,[]
5195,24,[]
5239,6,[]
5250,25,[]
5295,23,[]
5337,23,[]
5379,22,[]
5419,7,[]
5432,13,[]
5456,14,[]
5482,18,[]
5515,68,[]
5638,17,[]
5669,28,[]
5720,6,[]
5731,19,[]
5766,26,[]
5813,14,[]
5839,20,[]
5875,8,[]
5890,22,[]
5930,16,[]
5959,23,[]
6001,18,[]
6034,12,[]
6056,25,[]
6101,8,[]
6116,15,[]
6143,13,[]
6167,18,[]
6200,20,[]
6236,7,[]
6249,11,[]
6269,20,[]
6305,10,[]
6323,26,[]
6370,17,[]
6401,10,[]
6419,7,[]
6432,23,[]
6474,11,[]
6494,67,[]
6615,4,[]
6623,4,[]
6631,11,[]
6651,15,[]
6678,15,[]
6705,16,[]
6734,12,[]
6756,17,[]
6787,7,[]
6800,36,[]
6865,19,[]
6900,11,[]
6920,8,[]
6935,8,[0, 1, 2, 3, 4, 5, 6, 7]
6950,11,[]
6970,10,[]
6988,23,[]
7030,13,[]
7054,24,[]
7098,10,[]
7116,10,[]
7134,6,[]
7145,15,[]
7172,14,[]
7198,23,[]
7240,19,[]
7275,10,[]
7293,15,[]
7320,13,[]
7344,59,[]
7451,5,[]
7460,11,[]
7480,15,[]
7507,10,[]
7525,14,[]
7551,13,[]
7575,14,[]
7601,13,[]
7625,8,[]
7640,15,[]
7667,14,[]
7693,15,[]
7720,19,[]
7755,16,[]
7784,15,[]
7811,9,[]
7828,16,[]
7857,12,[]
7879,13,[]
7903,13,[]
7927,11,[]
7947,14,[]
7973,17,[]
8004,16,[]
8033,15,[]
8060,12,[]
8082,20,[]
8118,8,[]
8133,21,[]
8171,80,[]
8315,4,[]
8323,8,[]
8338,5,[]
8347,12,[]
8369,14,[]
8395,21,[]
8433,19,[]
8468,21,[]
8506,33,[]
8566,7,[0, 1, 2, 3, 4, 5, 6]
8579,13,[]
8603,14,[]
8629,17,[]
8660,19,[]
8695,6,[]
8706,17,[]
8737,11,[]
8757,13,[]
8781,13,[]
8805,13,[]
8829,18,[]
8862,6,[]
8873,22,[]
8913,10,[]
8931,11,[]
8951,12,[]
8973,10,[]
8991,12,[]
9013,9,[]
0,15,[]
27,1,[]
29,7,[]
42,9,[]
59,8,[]
74,4,[]
82,7,[]
95,4,[]
103,9,[]
120,7,[]
133,5,[]
142,18,[]
175,14,[]
201,22,[]
241,13,[]
265,19,[]
300,14,[]
326,23,[]
368,15,[]
395,6,[]
406,13,[]
430,14,[]
456,18,[]
489,14,[]
515,31,[]
571,8,[]
586,20,[]
622,12,[]
644,21,[]
682,18,[]
715,124,[]
939,12,[]
961,1,[]
963,4,[]
971,2,[]
975,11,[]
995,6,[]
1006,12,[]
1028,9,[]
1045,12,[]
1067,14,[]
1093,13,[]
1117,18,[]
1150,9,[]
1167,20,[]
1203,8,[]
1218,17,[]
1249,16,[]
1278,9,[]
1295,14,[]
1321,9,[]
1338,16,[]
1367,8,[]
1382,19,[]
1417,13,[]
1441,18,[]
1474,10,[]
1492,18,[]
1525,16,[]
1554,12,[]
1576,120,[]
1792,1,[]
1794,8,[]
1809,3,[]
1815,11,[]
1835,13,[]
1859,7,[]
1872,19,[]
1907,10,[]
1925,18,[]
1958,8,[]
1973,23,[]
2015,10,[]
2033,20,[]
2069,9,[]
2086,18,[]
2119,18,[]
2152,14,[]
2178,29,[]
2231,9,[]
2248,21,[]
2286,12,[]
2308,23,[]
2350,11,[]
2370,22,[]
2410,11,[]
2430,19,[]
2465,22,[]
2505,12,[]
2527,20,[]
2563,122,[]
2783,12,[]
2805,3,[]
2811,18,[]
2844,17,[]
2875,12,[]
2897,19,[]
2932,13,[]
2956,23,[]
2998,11,[]
3018,17,[]
3049,9,[]
3066,19,[]
3101,19,[]
3136,9,[]
3153,19,[]
3188,9,[]
3205,21,[]
3243,9,[]
3260,22,[]
3300,11,[]
3320,25,[]
3365,21,[]
3403,9,[]
3420,24,[]
3464,13,[]
3488,22,[]
3528,15,[]
3555,21,[]
3593,9,[]
3610,126,[]
3837,1,[]
3839,12,[]
3861,7,[]
3874,15,[]
3901,17,[]
3932,7,[]
3945,19,[]
3980,12,[]
4002,20,[]
4038,7,[]
4051,21,[]
4089,12,[]
4111,29,[]
4164,18,[]
4197,14,[]
4223,19,[]
4258,9,[]
4275,23,[]
4317,14,[]
4343,24,[]
4387,12,[]
4409,20,[]
4445,19,[]
4480,10,[]
4498,21,[]
4536,13,[]
4560,23,[]
4602,7,[]
4615,18,[]
4648,121,[]
4866,1,[]
4868,12,[]
4890,8,[]
4905,15,[]
4932,10,[]
4950,19,[]
4985,8,[]
5000,19,[2, 3, 4, 5, 6, 7, 8, 9, 10, 11, 12, 13, 14, 15, 16, 17, 18]
5035,9,[]
5052,16,[]
5081,20,[]
5117,12,[]
5139,18,[]
5172,9,[]
5189,17,[]
5220,10,[]
5238,21,[]
5276,9,[]
5293,17,[]
5324,11,[]
5344,18,[]
5377,17,[]
5408,13,[]
5432,21,[]
5470,11,[]
5490,17,[]
5521,9,[]
5538,21,[]
5576,16,[]
5605,123,[]
5827,6,[]
5838,4,[]
5846,11,[]
5866,5,[]
5875,14,[0, 1, 2, 3, 4, 5, 6, 7, 8, 9, 10, 11, 12, 13]
5901,8,[]
5916,23,[]
5958,10,[]
5976,17,[]
6007,15,[]
6034,11,[]
6054,19,[]
6089,10,[]
6107,14,[]
6133,8,[]
6148,19,[]
6183,14,[]
6209,8,[]
6224,15,[]
6251,9,[]
6268,18,[]
6301,10,[]
6319,18,[]
6352,13,[]
6376,19,[]
6411,11,[]
6431,18,[0, 1, 2, 3, 4, 5, 6, 7, 8, 9, 10, 11, 12, 13, 14, 15, 16, 17]
6464,11,[]
6484,20,[]
6520,123,[]
6742,1,[]
6744,9,[]
6761,8,[]
6776,11,[]
6796,8,[]
6811,11,[]
6831,6,[]
6842,12,[]
6864,11,[]
6884,10,[]
6902,16,[]
6931,9,[0, 1, 2, 3, 4, 5, 6, 7, 8]
6948,14,[]
6974,9,[]
6991,16,[]
7020,16,[]
7049,8,[]
7064,16,[]
7093,8,[]
7108,14,[]
7134,8,[]
7149,19,[]
7184,8,[]
7199,18,[]
7232,9,[]
7249,18,[]
7282,17,[]
7313,11,[]
7333,15,[]
7360,110,[]
7558,13,[]
7582,6,[]
7593,12,[]
7615,7,[]
7628,14,[]
7654,13,[]
7678,10,[]
7696,13,[]
7720,8,[]
7735,13,[]
7759,8,[]
7774,16,[]
7803,10,[]
7821,14,[]
7847,6,[]
7858,13,[]
7882,14,[]
7908,11,[0, 1, 2, 3, 4, 5, 6, 7, 8, 9]
7928,15,[]
7955,10,[]
7973,16,[]
8002,10,[]
8020,17,[]
8051,17,[]
8082,8,[]
8097,16,[]
8126,8,[]
8141,17,[]
8172,11,[]
8192,114,[]
8398,1,[]
8400,8,[]
8415,12,[]
8437,8,[]
8452,15,[]
8479,6,[]
8490,15,[]
8517,10,[]
8535,15,[]
8562,8,[]
8577,14,[]
8603,9,[]
8620,15,[]
8647,15,[]
8674,8,[]
8689,15,[]
8716,9,[]
8733,17,[]
8764,10,[]
8782,19,[]
8817,9,[]
8834,19,[]
8869,19,[]
8904,11,[]
8924,22,[]
8964,9,[]
8981,19,[]
9016,11,[]
9036,10,[]
0,21,[]
38,8,[]
53,10,[]
71,15,[]
98,9,[]
115,15,[]
142,16,[]
171,7,[]
184,14,[]
210,13,[]
234,4,[]
242,12,[]
264,7,[]
277,13,[]
301,13,[]
325,18,[]
358,8,[]
373,11,[]
393,13,[]
417,12,[]
439,23,[]
481,17,[]
512,5,[]
521,14,[]
547,16,[]
576,17,[]
607,30,[]
661,14,[]
687,7,[]
700,15,[]
727,97,[]
902,8,[]
917,12,[]
939,7,[]
952,2,[]
956,11,[]
976,7,[]
989,13,[]
1013,14,[]
1039,14,[]
1065,4,[]
1073,17,[]
1104,20,[]
1140,8,[]
1155,20,[]
1191,23,[]
1233,8,[]
1248,24,[]
1292,23,[]
1334,7,[]
1347,24,[]
1391,21,[]
1429,7,[]
1442,22,[]
1482,20,[]
1518,13,[]
1542,20,[]
1578,19,[]
1613,6,[]
1624,18,[]
1657,82,[]
1805,2,[]
1809,14,[]
1835,16,[]
1864,9,[]
1881,18,[]
1914,20,[]
1950,11,[]
1970,20,[0, 1, 2, 3, 4, 5, 6, 7, 8, 9, 10, 11, 12, 13, 14, 15, 16, 17]
2006,10,[]
2024,25,[]
2069,21,[]
2107,22,[]
2147,11,[]
2167,24,[]
2211,25,[]
2256,12,[]
2278,23,[]
2320,20,[]
2356,8,[]
2371,9,[]
2388,27,[]
2437,9,[]
2454,21,[]
2492,5,[]
2501,19,[]
2536,18,[]
2569,18,[]
2602,7,[]
2615,19,[]
2650,79,[]
2793,2,[]
2797,9,[]
2814,6,[]
2825,14,[]
2851,10,[]
2869,8,[]
2884,15,[]
2911,18,[]
2944,7,[0, 1, 2, 3, 4, 5, 6]
2957,11,[]
2977,18,[]
3010,17,[]
3041,6,[]
3052,15,[]
3079,14,[]
3105,16,[]
3134,15,[]
3161,16,[]
3190,7,[]
3203,15,[]
3230,15,[]
3257,7,[]
3270,18,[]
3303,12,[]
3325,16,[]
3354,15,[]
3381,13,[]
3405,16,[]
3434,13,[]
3458,94,[]
3628,1,[]
3630,9,[]
3647,15,[]
3674,5,[]
3683,17,[]
3714,4,[]
3722,17,[]
3753,18,[]
3786,11,[]
3806,20,[]
3842,16,[]
3871,19,[]
3906,12,[]
3928,21,[]
3966,16,[]
3995,11,[]
4015,21,[]
4053,9,[]
4070,22,[]
4110,19,[]
4145,9,[]
4162,18,[]
4195,17,[]
4226,20,[]
4262,9,[]
4279,21,[]
4317,16,[]
4346,10,[]
4364,21,[]
4402,75,[]
4537,11,[]
4557,15,[]
4584,10,[]
4602,17,[]
4633,16,[]
4662,18,[]
4695,10,[]
4713,19,[]
4748,7,[]
4761,12,[]
4783,21,[]
4821,13,[]
4845,21,[]
4883,16,[]
4912,13,[]
4936,18,[]
4969,17,[]
5000,14,[]
5026,17,[]
5057,15,[]
5084,17,[]
5115,15,[]
5142,17,[]
5173,9,[]
5190,16,[]
5219,24,[]
5263,12,[]
5285,15,[]
5312,22,[]
5352,93,[]
5520,8,[]
5535,13,[]
5559,8,[]
5574,16,[]
5603,18,[]
5636,10,[]
5654,18,[]
5687,18,[]
5720,10,[]
5738,20,[]
5774,16,[]
5803,17,[]
5834,14,[]
5860,19,[]
5895,6,[]
5906,18,[]
5939,19,[]
5974,7,[]
5987,16,[]
6016,16,[]
6045,9,[]
6062,17,[]
6093,16,[]
6122,13,[]
6146,16,[]
6175,17,[]
6206,9,[]
6223,18,[]
6256,20,[]
6292,76,[]
6429,11,[]
6449,14,[]
6475,7,[]
6488,17,[]
6519,16,[]
6548,18,[]
6581,10,[]
6599,19,[]
6634,7,[]
6647,16,[]
6676,18,[]
6709,8,[]
6724,18,[]
6757,20,[]
6793,7,[]
6806,18,[]
6839,19,[]
6874,18,[]
6907,7,[]
6920,19,[]
6955,13,[]
6979,16,[]
7008,19,[]
7043,7,[]
7056,17,[]
7087,18,[]
7120,8,[]
7135,19,[]
7170,16,[]
7199,81,[]
7345,7,[]
7358,12,[0, 1, 2, 3, 4, 5, 6, 7, 8, 9, 10]
7380,8,[]
7395,17,[]
7426,6,[]
7437,12,[]
7459,18,[]
7492,18,[]
7525,6,[]
7536,18,[]
7569,18,[]
7602,17,[]
7633,11,[]
7653,19,[]
7688,7,[]
7701,20,[]
7737,18,[]
7770,7,[]
7783,18,[]
7816,20,[]
7852,7,[]
7865,19,[]
7900,21,[]
7938,8,[]
7953,18,[]
7986,17,[]
8017,8,[]
8032,17,[]
8063,13,[]
8087,84,[]
8239,7,[]
8252,9,[]
8269,10,[]
8287,14,[]
8313,12,[]
8335,9,[]
8352,15,[]
8379,16,[]
8408,7,[]
8421,21,[]
8459,19,[]
8494,7,[]
8507,17,[]
8538,16,[]
8567,7,[]
8580,18,[]
8613,15,[]
8640,14,[]
8666,19,[]
8701,16,[]
8730,13,[]
8754,19,[]
8789,18,[]
8822,13,[]
8846,19,[]
8881,8,[]
8896,22,[]
8936,8,[]
8951,11,[]
0,30,[]
54,6,[]
65,13,[]
89,16,[]
118,15,[]
145,16,[]
174,14,[]
200,16,[]
229,15,[]
256,10,[]
274,21,[]
312,20,[]
348,20,[]
384,21,[]
422,21,[]
460,21,[]
498,20,[]
534,20,[]
570,20,[]
606,19,[]
641,19,[]
676,19,[]
711,17,[]
742,17,[]
773,16,[]
802,25,[]
847,13,[]
871,16,[]
900,18,[]
933,15,[]
960,60,[]
1068,9,[]
1085,12,[]
1107,13,[]
1131,8,[]
1146,15,[]
1173,13,[]
1197,16,[]
1226,15,[]
1253,16,[]
1282,19,[]
1317,18,[]
1350,18,[]
1383,18,[]
1416,16,[2, 3, 4, 5, 6, 7, 8, 9, 10, 11, 12, 13, 14, 15]
1445,16,[]
1474,17,[]
1505,19,[]
1540,16,[]
1569,17,[]
1600,15,[]
1627,15,[]
1654,14,[]
1680,14,[]
1706,14,[]
1732,25,[]
1777,17,[]
1808,17,[]
1839,15,[]
1866,15,[]
1893,77,[]
2032,5,[]
2041,9,[]
2058,10,[]
2076,12,[]
2098,13,[]
2122,11,[]
2142,13,[]
2166,11,[]
2186,16,[]
2215,19,[]
2250,16,[]
2279,19,[]
2314,16,[]
2343,17,[]
2374,15,[]
2401,18,[]
2434,18,[]
2467,19,[]
2502,17,[]
2533,18,[]
2566,15,[]
2593,17,[]
2624,16,[]
2653,19,[]
2688,27,[]
2737,13,[]
2761,17,[]
2792,15,[]
2819,13,[]
2843,86,[]
2998,8,[]
3013,15,[]
3040,13,[]
3064,18,[0, 1, 2, 3, 4, 5, 6, 7, 8, 9, 10, 11, 12, 13, 14, 15]
3097,13,[]
3121,14,[]
3147,13,[]
3171,16,[]
3200,15,[]
3227,17,[]
3258,15,[]
3285,16,[]
3314,14,[]
3340,13,[]
3364,16,[]
3393,15,[]
3420,16,[]
3449,16,[]
3478,14,[]
3504,14,[]
3530,13,[]
3554,13,[]
3578,15,[]
3605,23,[]
3647,12,[]
3669,15,[]
3696,16,[]
3725,14,[]
3751,13,[]
3775,61,[]
3885,8,[]
3900,10,[]
3918,13,[]
3942,12,[]
3964,12,[]
3986,13,[]
4010,12,[]
4032,12,[]
4054,13,[]
4078,13,[]
4102,12,[]
4124,12,[]
4146,13,[]
4170,12,[]
4192,17,[]
4223,14,[]
4249,15,[]
4276,16,[]
4305,17,[]
4336,18,[]
4369,16,[]
4398,17,[]
4429,26,[]
4476,15,[]
4503,17,[]
4534,17,[]
4565,15,[]
4592,24,[]
4636,15,[]
4663,72,[]
4793,9,[]
4810,13,[]
4834,20,[]
4870,18,[]
4903,13,[]
4927,13,[]
4951,17,[]
4982,18,[]
5015,17,[]
5046,16,[]
5075,16,[]
5104,14,[]
5130,16,[]
5159,18,[]
5192,18,[]
5225,18,[]
5258,19,[]
5293,17,[]
5324,19,[]
5359,16,[]
5388,17,[]
5419,17,[]
5450,31,[]
5506,15,[]
5533,15,[0, 1, 2, 3, 4, 5, 6, 7, 8, 9, 10, 11, 12, 13]
5560,17,[]
5591,17,[]
5622,16,[]
5651,16,[]
5680,75,[]
5815,8,[]
5830,12,[]
5852,12,[]
5874,14,[]
5900,14,[]
5926,13,[]
5950,16,[]
5979,15,[]
6006,15,[]
6033,13,[]
6057,17,[]
6088,17,[]
6119,12,[]
6141,13,[]
6165,21,[]
6203,16,[]
6232,17,[]
6263,12,[]
6285,12,[]
6307,13,[]
6331,14,[]
6357,23,[]
6399,11,[]
6419,13,[]
6443,16,[]
6472,13,[]
6496,15,[]
6523,13,[]
6547,14,[]
6573,79,[]
6716,5,[]
6725,7,[]
6738,8,[]
6753,11,[]
6773,9,[]
6790,10,[]
6808,12,[]
6830,15,[]
6857,13,[]
6881,12,[]
6903,14,[]
6929,16,[]
6958,14,[]
6984,13,[]
7008,11,[]
7028,11,[]
7048,12,[]
7070,11,[]
7090,11,[]
7110,15,[]
7137,14,[]
7163,28,[]
7214,15,[0, 1, 2, 3, 4, 5, 6, 7, 8, 9, 10, 11, 12, 13, 14]
7241,17,[]
7272,14,[]
7298,13,[]
7322,13,[]
7346,15,[]
7373,17,[]
7404,88,[]
7563,6,[]
7574,10,[]
7592,12,[]
7614,13,[]
7638,14,[]
7664,14,[]
7690,14,[]
7716,15,[]
7743,15,[]
7770,15,[]
7797,14,[]
7823,15,[]
7850,14,[]
7876,13,[]
7900,18,[]
7933,13,[]
7957,13,[]
7981,12,[]
8003,13,[]
8027,15,[]
8054,22,[]
8094,12,[]
8116,13,[]
8140,12,[]
8162,12,[]
8184,12,[]
8206,13,[]
8230,13,[]
8254,12,[]
8276,61,[]
8386,6,[]
8397,9,[]
8414,10,[]
8432,11,[]
8452,9,[0, 1, 2, 3, 4, 5, 6, 7, 8]
8469,12,[]
8491,12,[]
8513,12,[]
8535,13,[]
8559,13,[]
8583,14,[]
8609,15,[]
8636,14,[]
8662,15,[]
8689,15,[]
8716,16,[]
8745,16,[]
8774,16,[]
8803,14,[]
8829,16,[]
8858,23,[]
8900,15,[]
8927,14,[]
8953,16,[]
8982,16,[]
9011,17,[]
9042,15,[]
9069,14,[]
9095,12,[]
0,20,[3, 4, 5, 6, 7, 8, 9, 10, 11, 12, 13, 14, 15, 16, 17, 18, 19]
36,7,[]
49,3,[]
55,11,[]
75,11,[]
95,14,[]
121,10,[]
139,13,[]
163,13,[]
187,12,[]
209,12,[]
231,11,[]
251,6,[]
262,12,[]
284,12,[]
306,12,[]
328,12,[]
350,8,[]
365,11,[]
385,13,[]
409,15,[]
436,14,[]
462,18,[]
495,18,[]
528,17,[]
559,12,[]
581,13,[]
605,13,[]
629,13,[]
653,17,[]
684,74,[]
818,16,[2, 3, 4, 5, 6, 7, 8, 9, 10, 11, 12, 13, 14, 15]
847,13,[]
871,3,[]
877,12,[]
899,14,[]
925,16,[]
954,10,[]
972,17,[]
1003,16,[]
1032,17,[]
1063,8,[]
1078,17,[]
1109,18,[]
1142,17,[]
1173,15,[]
1200,18,[]
1233,6,[]
1244,17,[]
1275,16,[]
1304,17,[]
1335,20,[]
1371,8,[]
1386,18,[]
1419,20,[]
1455,17,[]
1486,18,[]
1519,10,[]
1537,20,[]
1573,16,[]
1602,70,[]
1728,12,[]
1750,4,[]
1758,16,[]
1787,17,[]
1818,17,[]
1849,17,[]
1880,10,[]
1898,18,[]
1931,17,[]
1962,18,[]
1995,18,[]
2028,11,[]
2048,19,[]
2083,19,[]
2118,18,[]
2151,17,[]
2182,20,[]
2218,10,[]
2236,21,[]
2274,17,[]
2305,18,[]
2338,10,[]
2356,26,[]
2403,20,[]
2439,21,[]
2477,20,[]
2513,20,[]
2549,6,[]
2560,17,[]
2591,73,[]
2723,2,[]
2727,14,[]
2753,15,[]
2780,16,[]
2809,16,[]
2838,15,[]
2865,10,[]
2883,19,[]
2918,19,[]
2953,16,[]
2982,9,[]
2999,19,[]
3034,19,[]
3069,15,[]
3096,16,[]
3125,18,[]
3158,10,[]
3176,20,[]
3212,18,[]
3245,19,[]
3280,19,[]
3315,6,[]
3326,17,[]
3357,19,[]
3392,19,[]
3427,18,[]
3460,18,[]
3493,9,[]
3510,16,[]
3539,62,[]
3651,12,[]
3673,4,[]
3681,15,[]
3708,15,[]
3735,13,[]
3759,16,[]
3788,15,[]
3815,8,[]
3830,17,[]
3861,9,[]
3878,18,[]
3911,17,[]
3942,17,[]
3973,17,[]
4004,16,[]
4033,10,[]
4051,16,[]
4080,17,[]
4111,16,[]
4140,14,[]
4166,15,[]
4193,10,[]
4211,18,[]
4244,16,[]
4273,15,[]
4300,15,[]
4327,15,[]
4354,7,[]
4367,16,[]
4396,71,[]
4524,2,[]
4528,13,[]
4552,14,[]
4578,16,[]
4607,16,[]
4636,16,[]
4665,10,[]
4683,15,[]
4710,17,[]
4741,17,[]
4772,13,[]
4796,9,[]
4813,15,[]
4840,18,[]
4873,16,[]
4902,16,[]
4931,9,[]
4948,17,[]
4979,17,[]
5010,16,[]
5039,15,[]
5066,17,[]
5097,6,[]
5108,15,[]
5135,15,[]
5162,16,[]
5191,16,[]
5220,7,[]
5233,16,[]
5262,68,[]
5385,12,[]
5407,5,[]
5416,15,[]
5443,18,[]
5476,12,[]
5498,7,[]
5511,16,[]
5540,18,[]
5573,17,[]
5604,18,[]
5637,7,[]
5650,19,[]
5685,20,[]
5721,19,[]
5756,19,[]
5791,9,[]
5808,19,[]
5843,19,[]
5878,22,[]
5918,17,[]
5949,23,[]
5991,6,[]
6002,23,[]
6044,21,[]
6082,22,[]
6122,16,[]
6151,7,[]
6164,16,[]
6193,22,[]
6233,61,[]
6343,16,[]
6372,5,[]
6381,19,[]
6416,20,[]
6452,16,[]
6481,17,[]
6512,7,[]
6525,21,[]
6563,18,[]
6596,17,[]
6627,19,[]
6662,6,[]
6673,16,[]
6702,19,[]
6737,18,[]
6770,17,[]
6801,9,[]
6818,17,[2, 3, 4, 5, 6, 7, 8, 9, 10, 11, 12, 13, 14, 15, 16]
6849,17,[]
6880,19,[]
6915,18,[]
6948,5,[]
6957,17,[]
6988,15,[]
7015,18,[]
7048,16,[]
7077,15,[]
7104,7,[]
7117,17,[]
7148,65,[]
7265,1,[]
7267,13,[]
7291,17,[]
7322,17,[]
7353,17,[]
7384,8,[]
7399,17,[]
7430,20,[]
7466,16,[]
7495,8,[]
7510,17,[]
7541,20,[]
7577,16,[]
7606,17,[]
7637,18,[]
7670,4,[]
7678,16,[]
7707,19,[]
7742,17,[2, 3, 4, 5, 6, 7, 8, 9, 10, 11, 12, 13, 14, 15, 16]
7773,14,[]
7799,7,[]
7812,16,[]
7841,17,[]
7872,17,[]
7903,17,[]
7934,16,[]
7963,7,[]
7976,18,[]
8009,19,[]
8044,64,[]
8160,11,[]
8180,5,[0, 1, 2, 3, 4]
8189,15,[]
8216,17,[]
8247,10,[]
8265,10,[]
8283,8,[]
8298,16,[]
8327,16,[]
8356,19,[]
8391,7,[]
8404,17,[]
8435,17,[]
8466,17,[]
8497,17,[]
8528,17,[]
8559,7,[0, 1, 2, 3, 4, 5, 6]
8572,16,[]
8601,17,[]
8632,18,[]
8665,13,[]
8689,6,[]
8700,17,[]
8731,14,[]
8757,18,[]
8790,13,[]
8814,12,[]
8836,9,[]
8853,14,[]
0,26,[]
47,1,[]
49,8,[]
64,8,[]
79,11,[]
99,10,[]
117,15,[]
144,10,[]
162,11,[]
182,11,[]
202,11,[]
222,16,[]
251,13,[]
275,12,[]
297,12,[]
319,12,[]
341,11,[0, 1, 2, 3, 4, 5, 6, 7, 8, 9, 10]
361,14,[]
387,12,[]
409,9,[]
426,9,[]
443,10,[]
461,14,[]
487,15,[]
514,16,[]
543,15,[]
570,18,[]
603,20,[]
639,19,[]
674,19,[]
709,84,[]
861,17,[]
892,14,[]
918,11,[]
938,8,[]
953,9,[]
970,15,[]
997,14,[]
1023,16,[]
1052,15,[]
1079,13,[]
1103,16,[]
1132,15,[]
1159,15,[]
1186,15,[]
1213,15,[]
1240,14,[]
1266,15,[]
1293,13,[]
1317,16,[]
1346,14,[]
1372,16,[]
1401,14,[]
1427,18,[]
1460,13,[]
1484,13,[]
1508,15,[1, 2, 3, 4, 5, 6, 7, 8, 9, 10, 11, 12, 13, 14]
1535,17,[]
1566,15,[]
1593,17,[]
1624,76,[]
1761,7,[]
1774,13,[]
1798,13,[]
1822,15,[]
1849,14,[]
1875,20,[]
1911,17,[]
1942,16,[]
1971,11,[]
1991,14,[]
2017,13,[]
2041,16,[]
2070,18,[]
2103,18,[]
2136,19,[]
2171,19,[]
2206,19,[]
2241,19,[]
2276,19,[]
2311,20,[]
2347,22,[]
2387,22,[]
2427,21,[]
2465,16,[]
2494,16,[]
2523,18,[]
2556,20,[]
2592,17,[]
2623,16,[]
2652,72,[]
2782,7,[]
2795,14,[]
2821,14,[]
2847,16,[]
2876,15,[]
2903,21,[]
2941,12,[]
2963,12,[]
2985,16,[]
3014,17,[]
3045,15,[]
3072,15,[]
3099,12,[]
3121,14,[]
3147,14,[]
3173,18,[]
3206,12,[]
3228,14,[]
3254,12,[]
3276,14,[]
3302,10,[]
3320,12,[]
3342,12,[]
3364,11,[]
3384,13,[]
3408,14,[]
3434,13,[]
3458,11,[]
3478,9,[]
3495,77,[]
3634,5,[]
3643,10,[]
3661,10,[]
3679,11,[]
3699,9,[]
3716,17,[]
3747,8,[]
3762,10,[]
3780,11,[]
3800,12,[]
3822,10,[]
3840,11,[]
3860,13,[]
3884,15,[]
3911,10,[]
3929,10,[]
3947,14,[]
3973,15,[]
4000,14,[]
4026,13,[]
4050,14,[]
4076,13,[]
4100,13,[]
4124,16,[]
4153,15,[]
4180,6,[]
4191,19,[]
4226,17,[]
4257,17,[]
4288,72,[]
4418,10,[]
4436,14,[]
4462,14,[]
4488,17,[]
4519,15,[]
4546,14,[]
4572,20,[]
4608,14,[]
4634,12,[]
4656,14,[]
4682,15,[]
4709,15,[]
4736,20,[]
4772,18,[]
4805,13,[]
4829,13,[]
4853,12,[]
4875,14,[]
4901,18,[]
4934,18,[]
4967,13,[]
4991,13,[]
5015,16,[]
5044,15,[]
5071,16,[]
5100,18,[]
5133,15,[]
5160,15,[]
5187,22,[0, 1, 2, 3, 4, 5, 6, 7, 8, 9, 10, 11, 12, 13, 14, 15, 16, 17, 18, 19, 20]
5227,65,[]
5344,8,[]
5359,8,[]
5374,9,[]
5391,11,[]
5411,11,[]
5431,13,[]
5455,21,[]
5493,11,[]
5513,10,[]
5531,11,[1, 2, 3, 4, 5, 6, 7, 8, 9, 10]
5551,11,[]
5571,11,[]
5591,12,[]
5613,13,[]
5637,12,[]
5659,10,[]
5677,11,[]
5697,11,[]
5717,14,[]
5743,23,[]
5785,13,[]
5809,10,[]
5827,10,[]
5845,12,[]
5867,13,[]
5891,16,[]
5920,17,[]
5951,17,[]
5982,15,[]
6009,73,[]
6141,7,[]
6154,9,[]
6171,10,[]
6189,15,[]
6216,12,[]
6238,11,[]
6258,15,[]
6285,9,[]
6302,9,[]
6319,9,[]
6336,11,[]
6356,12,[]
6378,10,[]
6396,13,[]
6420,13,[]
6444,12,[]
6466,11,[]
6486,10,[]
6504,12,[]
6526,12,[]
6548,10,[]
6566,13,[]
6590,12,[]
6612,10,[]
6630,10,[]
6648,12,[]
6670,10,[]
6688,10,[]
6706,10,[]
6724,82,[]
6872,7,[]
6885,10,[]
6903,9,[]
6920,11,[]
6940,14,[]
6966,11,[]
6986,15,[]
7013,11,[]
7033,10,[]
7051,9,[]
7068,8,[]
7083,10,[]
7101,10,[]
7119,10,[]
7137,13,[]
7161,12,[]
7183,10,[]
7201,11,[]
7221,14,[]
7247,17,[]
7278,15,[]
7305,16,[]
7334,16,[]
7363,15,[]
7390,14,[]
7416,14,[]
7442,15,[]
7469,18,[]
7502,17,[]
7533,72,[]
7663,10,[]
7681,13,[]
7705,15,[]
7732,14,[]
7758,16,[]
7787,15,[]
7814,23,[]
7856,16,[]
7885,18,[]
7918,15,[]
7945,15,[]
7972,15,[]
7999,16,[]
8028,17,[]
8059,17,[]
8090,15,[]
8117,16,[]
8146,16,[]
8175,20,[]
8211,17,[]
8242,15,[]
8269,16,[]
8298,15,[]
8325,17,[]
8356,16,[]
8385,17,[]
8416,15,[]
8443,13,[]
8467,8,[]
0,21,[]
38,3,[]
44,9,[]
61,14,[]
87,9,[]
104,9,[]
121,9,[]
138,8,[]
153,10,[]
171,9,[]
188,10,[]
206,8,[]
221,10,[]
239,9,[]
256,10,[]
274,10,[]
292,14,[]
318,16,[]
347,12,[]
369,14,[0, 1, 2, 3, 4, 5, 6, 7, 8, 9, 10, 11, 12, 13]
395,13,[]
419,15,[]
446,12,[]
468,14,[]
494,11,[]
514,11,[]
534,12,[]
556,15,[]
583,15,[]
610,15,[]
637,134,[]
879,15,[]
906,7,[]
919,4,[]
927,3,[]
933,6,[]
944,10,[]
962,4,[]
970,17,[]
1001,11,[]
1021,10,[]
1039,10,[]
1057,9,[]
1074,13,[]
1098,14,[]
1124,11,[]
1144,17,[]
1175,16,[]
1204,17,[]
1235,16,[]
1264,17,[]
1295,17,[]
1326,15,[]
1353,15,[]
1380,16,[]
1409,14,[]
1435,13,[]
1459,12,[]
1481,14,[]
1507,13,[]
1531,104,[]
1719,6,[]
1730,9,[]
1747,14,[]
1773,8,[]
1788,16,[0, 1, 2, 3, 4, 5, 6, 7, 8, 9, 10, 11, 12, 13]
1817,17,[]
1848,17,[]
1879,14,[]
1905,14,[]
1931,16,[]
1960,16,[]
1989,18,[]
2022,15,[]
2049,20,[]
2085,20,[]
2121,18,[]
2154,11,[]
2174,18,[]
2207,18,[]
2240,21,[]
2278,21,[]
2316,23,[]
2358,20,[]
2394,22,[]
2434,22,[]
2474,16,[]
2503,20,[]
2539,18,[]
2572,16,[]
2601,102,[]
2785,9,[]
2802,11,[]
2822,12,[]
2844,14,[]
2870,15,[]
2897,15,[]
2924,16,[]
2953,16,[]
2982,9,[]
2999,16,[]
3028,20,[]
3064,18,[]
3097,18,[]
3130,18,[]
3163,19,[]
3198,20,[]
3234,18,[]
3267,22,[]
3307,17,[]
3338,14,[]
3364,21,[]
3402,19,[]
3437,16,[]
3466,21,[]
3504,15,[]
3531,17,[]
3562,16,[]
3591,18,[]
3624,11,[]
3644,104,[]
3832,6,[]
3843,11,[]
3863,12,[]
3885,15,[]
3912,13,[]
3936,13,[]
3960,14,[]
3986,14,[]
4012,13,[]
4036,18,[]
4069,14,[]
4095,16,[]
4124,16,[]
4153,10,[]
4171,16,[]
4200,16,[]
4229,11,[]
4249,13,[]
4273,12,[]
4295,11,[]
4315,9,[]
4332,10,[]
4350,13,[]
4374,12,[]
4396,14,[]
4422,13,[]
4446,12,[]
4468,20,[]
4504,8,[]
4519,104,[]
4707,8,[]
4722,7,[]
4735,10,[]
4753,13,[0, 1, 2, 3, 4, 5, 6, 7, 8, 9, 10, 11, 12]
4777,10,[]
4795,10,[]
4813,9,[]
4830,13,[]
4854,10,[]
4872,13,[]
4896,12,[]
4918,10,[]
4936,13,[]
4960,13,[]
4984,14,[]
5010,7,[]
5023,11,[]
5043,14,[]
5069,13,[]
5093,12,[]
5115,11,[0, 1, 2, 3, 4, 5, 6, 7, 8, 9, 10]
5135,12,[]
5157,9,[]
5174,9,[]
5191,11,[]
5211,12,[]
5233,13,[]
5257,14,[]
5283,3,[]
5289,104,[]
5477,8,[]
5492,12,[]
5514,13,[]
5538,16,[]
5567,18,[]
5600,16,[]
5629,19,[]
5664,19,[]
5699,18,[]
5732,8,[]
5747,21,[]
5785,20,[]
5821,18,[]
5854,21,[]
5892,18,[]
5925,20,[]
5961,16,[]
5990,17,[0, 1, 2, 3, 4, 5, 6, 7, 8, 9, 10, 11, 12, 13, 14, 15, 16]
6021,18,[]
6054,22,[]
6094,21,[]
6132,21,[]
6170,23,[]
6212,23,[]
6254,22,[]
6294,21,[]
6332,22,[]
6372,20,[]
6408,7,[]
6421,75,[]
6556,12,[]
6578,17,[]
6609,17,[]
6640,16,[]
6669,18,[]
6702,18,[]
6735,18,[]
6768,19,[]
6803,15,[]
6830,17,[]
6861,19,[]
6896,19,[]
6931,7,[]
6944,18,[]
6977,18,[]
7010,17,[]
7041,15,[]
7068,16,[]
7097,16,[]
7126,17,[]
7157,15,[]
7184,20,[]
7220,16,[]
7249,16,[]
7278,8,[]
7293,17,[]
7324,14,[]
7350,17,[]
7381,17,[]
7412,57,[]
7515,9,[]
7532,13,[]
7556,15,[]
7583,16,[]
7612,13,[]
7636,5,[]
7645,16,[]
7674,14,[]
7700,13,[]
7724,13,[]
7748,13,[]
7772,13,[]
7796,13,[]
7820,13,[]
7844,12,[]
7866,13,[]
7890,7,[]
7903,13,[]
7927,18,[]
7960,14,[]
7986,14,[]
8012,13,[]
8036,11,[]
8056,11,[]
8076,14,[]
8102,5,[]
8111,14,[]
8137,11,[]
8157,17,[]
8188,46,[]
8271,12,[]
8293,15,[]
8320,14,[]
8346,17,[]
8377,14,[]
8403,13,[]
8427,16,[]
8456,15,[]
8483,14,[]
8509,16,[]
8538,5,[]
8547,18,[]
8580,15,[]
8607,17,[]
8638,16,[]
8667,17,[]
8698,13,[]
8722,15,[]
8749,15,[]
8776,5,[]
8785,17,[]
8816,16,[]
8845,16,[]
8874,15,[]
8901,14,[]
8927,14,[]
8953,8,[]
8968,17,[]
8999,21,[]
0,51,[]
92,15,[]
119,6,[0, 1, 2, 3, 4, 5]
130,19,[]
165,6,[]
176,20,[]
212,8,[]
227,17,[]
258,2,[]
262,19,[]
297,8,[]
312,19,[]
347,4,[]
355,21,[]
393,3,[]
399,16,[]
428,4,[]
436,18,[]
469,6,[]
480,17,[]
511,3,[]
517,20,[]
553,7,[]
566,21,[]
604,3,[]
610,20,[]
646,6,[]
657,18,[]
690,10,[]
708,20,[]
744,133,[]
984,12,[]
1006,5,[]
1015,17,[]
1046,1,[]
1048,8,[]
1063,8,[]
1078,15,[]
1105,6,[]
1116,13,[]
1140,8,[]
1155,18,[]
1188,10,[]
1206,15,[]
1233,8,[0, 1, 2, 3, 4, 5, 6, 7]
1248,20,[]
1284,9,[]
1301,15,[]
1328,7,[]
1341,20,[]
1377,7,[]
1390,19,[]
1425,7,[]
1438,22,[]
1478,9,[]
1495,19,[]
1530,8,[]
1545,36,[]
1610,4,[]
1618,20,[]
1654,98,[]
1831,15,[]
1858,4,[]
1866,21,[]
1904,8,[]
1919,18,[]
1952,7,[]
1965,18,[]
1998,7,[]
2011,16,[]
2040,12,[]
2062,18,[]
2095,8,[]
2110,17,[]
2141,8,[]
2156,21,[]
2194,8,[]
2209,19,[]
2244,6,[]
2255,21,[]
2293,7,[]
2306,22,[]
2346,5,[]
2355,25,[]
2400,7,[]
2413,23,[]
2455,6,[]
2466,24,[]
2510,8,[]
2525,20,[]
2561,87,[]
2718,14,[0, 1, 2, 3, 4, 5, 6, 7, 8, 9, 10, 11, 12, 13]
2744,6,[]
2755,17,[]
2786,4,[]
2794,17,[]
2825,6,[]
2836,17,[]
2867,9,[]
2884,18,[]
2917,6,[]
2928,16,[]
2957,7,[]
2970,18,[]
3003,7,[]
3016,16,[]
3045,9,[]
3062,17,[]
3093,7,[]
3106,13,[]
3130,10,[]
3148,17,[]
3179,5,[]
3188,17,[]
3219,10,[]
3237,17,[]
3268,8,[]
3283,20,[]
3319,7,[]
3332,13,[]
3356,109,[]
3553,7,[]
3566,3,[]
3572,16,[]
3601,5,[]
3610,16,[]
3639,5,[]
3648,21,[]
3686,5,[]
3695,27,[]
3744,7,[]
3757,24,[]
3801,9,[]
3818,23,[]
3860,6,[]
3871,24,[]
3915,6,[]
3926,18,[]
3959,4,[]
3967,21,[]
4005,5,[]
4014,19,[]
4049,3,[]
4055,20,[]
4091,6,[]
4102,19,[]
4137,8,[]
4152,15,[]
4179,3,[]
4185,16,[]
4214,106,[]
4405,12,[]
4427,3,[]
4433,17,[]
4464,6,[]
4475,19,[]
4510,4,[]
4518,24,[]
4562,6,[]
4573,26,[]
4620,7,[]
4633,26,[]
4680,8,[]
4695,24,[]
4739,8,[]
4754,22,[]
4794,6,[]
4805,21,[]
4843,6,[]
4854,19,[]
4889,9,[]
4906,14,[]
4932,4,[]
4940,16,[]
4969,8,[]
4984,15,[]
5011,21,[]
5049,4,[]
5057,8,[]
5072,17,[]
5103,98,[]
5280,7,[]
5293,5,[]
5302,14,[]
5328,6,[]
5339,16,[]
5368,9,[]
5385,17,[]
5416,19,[]
5451,6,[]
5462,21,[]
5500,5,[]
5509,8,[0, 1, 2, 3, 4, 5, 6, 7]
5524,28,[]
5575,8,[]
5590,31,[]
5646,5,[]
5655,27,[]
5704,8,[]
5719,26,[]
5766,19,[]
5801,7,[]
5814,17,[]
5845,4,[]
5853,8,[]
5868,25,[]
5913,5,[]
5922,30,[]
5976,5,[]
5985,28,[]
6036,87,[]
6193,19,[]
6228,15,[]
6255,8,[]
6270,17,[]
6301,6,[]
6312,21,[]
6350,7,[]
6363,8,[]
6378,20,[]
6414,4,[]
6422,18,[]
6455,4,[]
6463,19,[]
6498,20,[]
6534,6,[]
6545,20,[]
6581,5,[]
6590,19,[]
6625,6,[]
6636,19,[]
6671,5,[]
6680,10,[]
6698,21,[]
6736,5,[]
6745,21,[]
6783,28,[]
6834,6,[]
6845,20,[]
6881,8,[]
6896,77,[]
7035,1,[]
7037,21,[]
7075,5,[]
7084,5,[]
7093,24,[]
7137,7,[]
7150,21,[]
7188,19,[]
7223,5,[]
7232,15,[]
7259,6,[]
7270,16,[]
7299,5,[]
7308,18,[]
7341,3,[]
7347,21,[]
7385,3,[]
7391,7,[]
7404,29,[]
7457,23,[]
7499,4,[]
7507,20,[]
7543,6,[]
7554,19,[]
7589,11,[]
7609,18,[]
7642,6,[]
7653,22,[]
7693,4,[]
7701,87,[]
7858,1,[]
7860,19,[]
7895,4,[]
7903,19,[]
7938,6,[]
7949,19,[]
7984,4,[]
7992,18,[]
8025,4,[]
8033,17,[]
8064,8,[]
8079,18,[]
8112,6,[]
8123,18,[]
8156,6,[]
8167,18,[]
8200,5,[]
8209,17,[]
8240,6,[]
8251,19,[]
8286,7,[]
8299,18,[]
8332,7,[]
8345,22,[]
8385,4,[]
8393,28,[]
8444,6,[]
8455,19,[]
8490,13,[]
0,33,[]
60,3,[]
66,10,[]
84,13,[]
108,13,[]
132,16,[]
161,12,[]
183,12,[]
205,9,[]
222,8,[]
237,9,[]
254,7,[]
267,14,[]
293,12,[]
315,16,[]
344,11,[]
364,13,[]
388,16,[]
417,19,[]
452,20,[]
488,22,[]
528,20,[]
564,21,[0, 1, 2, 3, 4, 5, 6, 7, 8, 9, 10, 11, 12, 13, 14, 15, 16, 17]
602,17,[]
633,19,[]
668,15,[]
695,19,[]
730,13,[]
754,18,[]
787,18,[]
820,119,[]
1035,9,[]
1052,8,[]
1067,10,[]
1085,4,[]
1093,12,[]
1115,15,[]
1142,13,[]
1166,15,[]
1193,13,[]
1217,15,[]
1244,13,[]
1268,15,[]
1295,18,[]
1328,18,[]
1361,16,[]
1390,19,[]
1425,17,[]
1456,18,[]
1489,16,[]
1518,19,[]
1553,16,[]
1582,17,[]
1613,15,[]
1640,19,[]
1675,16,[]
1704,17,[]
1735,16,[]
1764,16,[]
1793,20,[]
1829,83,[]
1979,13,[]
2003,16,[]
2032,15,[]
2059,14,[]
2085,18,[]
2118,16,[1, 2, 3, 4, 5, 6, 7, 8, 9, 10, 11, 12, 13, 14, 15]
2147,17,[]
2178,15,[]
2205,17,[]
2236,16,[]
2265,16,[]
2294,14,[]
2320,14,[]
2346,14,[]
2372,23,[]
2414,13,[0, 1, 2, 3, 4, 5, 6, 7, 8, 9, 10, 11]
2438,21,[]
2476,16,[]
2505,15,[]
2532,14,[]
2558,19,[]
2593,15,[]
2620,17,[]
2651,15,[]
2678,15,[]
2705,14,[]
2731,14,[]
2757,13,[]
2781,13,[]
2805,78,[]
2946,5,[]
2955,12,[]
2977,11,[]
2997,13,[]
3021,14,[]
3047,14,[]
3073,13,[]
3097,14,[]
3123,12,[]
3145,14,[]
3171,12,[]
3193,14,[]
3219,13,[]
3243,14,[]
3269,13,[]
3293,16,[]
3322,18,[]
3355,17,[]
3386,14,[]
3412,16,[]
3441,13,[]
3465,14,[]
3491,13,[]
3515,15,[]
3542,13,[]
3566,15,[]
3593,13,[]
3617,14,[]
3643,11,[]
3663,74,[]
3797,5,[]
3806,8,[]
3821,9,[]
3838,11,[]
3858,10,[]
3876,11,[]
3896,11,[]
3916,15,[]
3943,15,[]
3970,15,[]
3997,13,[]
4021,14,[]
4047,14,[]
4073,15,[]
4100,13,[]
4124,16,[]
4153,13,[]
4177,14,[]
4203,13,[]
4227,14,[]
4253,13,[]
4277,13,[]
4301,12,[]
4323,13,[]
4347,14,[]
4373,16,[]
4402,12,[]
4424,13,[]
4448,14,[]
4474,69,[]
4599,5,[]
4608,8,[]
4623,8,[]
4638,11,[]
4658,10,[]
4676,13,[]
4700,13,[]
4724,12,[]
4746,10,[]
4764,12,[]
4786,13,[]
4810,14,[]
4836,15,[]
4863,15,[]
4890,12,[]
4912,13,[]
4936,14,[]
4962,14,[]
4988,13,[]
5012,16,[]
5041,15,[]
5068,13,[]
5092,13,[]
5116,15,[]
5143,15,[]
5170,15,[1, 2, 3, 4, 5, 6, 7, 8, 9, 10, 11, 12, 13, 14]
5197,14,[]
5223,16,[]
5252,15,[]
5279,68,[]
5402,10,[]
5420,15,[]
5447,16,[]
5476,15,[]
5503,16,[]
5532,16,[]
5561,18,[]
5594,16,[]
5623,16,[]
5652,15,[]
5679,16,[0, 1, 2, 3, 4, 5, 6, 7, 8, 9, 10, 11, 12, 13, 14]
5708,17,[]
5739,14,[]
5765,16,[]
5794,14,[]
5820,14,[]
5846,12,[]
5868,12,[]
5890,17,[]
5921,14,[]
5947,14,[0, 1, 2, 3, 4, 5, 6, 7, 8, 9, 10, 11, 12]
5973,15,[]
6000,14,[]
6026,15,[]
6053,14,[]
6079,15,[]
6106,15,[]
6133,15,[]
6160,15,[]
6187,84,[]
6339,4,[]
6347,8,[]
6362,8,[]
6377,11,[]
6397,9,[]
6414,13,[]
6438,11,[0, 1, 2, 3, 4, 5, 6, 7, 8, 9, 10]
6458,10,[]
6476,10,[]
6494,10,[]
6512,9,[]
6529,8,[]
6544,9,[]
6561,9,[]
6578,9,[]
6595,13,[]
6619,12,[]
6641,10,[]
6659,11,[]
6679,13,[]
6703,12,[]
6725,13,[]
6749,13,[]
6773,14,[]
6799,13,[]
6823,14,[]
6849,14,[]
6875,12,[]
6897,15,[]
6924,97,[]
7099,5,[]
7108,10,[]
7126,12,[]
7148,14,[]
7174,11,[0, 1, 2, 3, 4, 5, 6, 7, 8, 9, 10]
7194,15,[]
7221,16,[]
7250,13,[]
7274,14,[]
7300,17,[]
7331,14,[]
7357,14,[]
7383,15,[]
7410,14,[]
7436,13,[]
7460,21,[]
7498,14,[]
7524,16,[]
7553,14,[]
7579,31,[]
7635,13,[]
7659,23,[]
7701,13,[]
7725,26,[]
7772,13,[]
7796,24,[]
7840,12,[]
7862,27,[]
7911,13,[]
7935,62,[]
8047,6,[]
8058,8,[]
8073,10,[]
8091,14,[]
8117,12,[]
8139,9,[]
8156,13,[]
8180,15,[]
8207,13,[]
8231,14,[]
8257,13,[]
8281,15,[]
8308,12,[]
8330,13,[]
8354,13,[]
8378,13,[]
8402,13,[]
8426,13,[]
8450,13,[]
8474,14,[]
8500,13,[]
8524,13,[]
8548,12,[]
8570,13,[]
8594,14,[]
8620,13,[]
8644,12,[]
8666,13,[]
8690,9,[]
0,21,[]
38,1,[]
40,8,[]
55,13,[]
79,14,[]
105,13,[]
129,12,[]
151,12,[]
173,11,[]
193,13,[]
217,13,[]
241,12,[]
263,10,[]
281,10,[]
299,10,[]
317,10,[]
335,9,[]
352,9,[]
369,13,[]
393,18,[]
426,16,[]
455,13,[]
479,12,[]
501,18,[]
534,11,[]
554,8,[]
569,10,[]
587,16,[]
616,19,[]
651,24,[]
695,85,[]
848,25,[]
893,13,[]
917,11,[]
937,8,[]
952,10,[]
970,17,[]
1001,16,[]
1030,14,[]
1056,14,[]
1082,12,[]
1104,16,[]
1133,12,[]
1155,15,[]
1182,10,[]
1200,10,[]
1218,18,[]
1251,12,[]
1273,11,[]
1293,12,[]
1315,17,[]
1346,11,[]
1366,11,[]
1386,14,[]
1412,14,[]
1438,16,[]
1467,16,[]
1496,15,[]
1523,16,[]
1552,17,[]
1583,67,[]
1704,16,[]
1733,11,[]
1753,16,[]
1782,14,[]
1808,13,[]
1832,16,[]
1861,13,[]
1885,13,[]
1909,14,[]
1935,17,[]
1966,16,[]
1995,14,[]
2021,12,[]
2043,11,[]
2063,16,[]
2092,11,[]
2112,14,[]
2138,12,[]
2160,11,[]
2180,13,[]
2204,7,[]
2217,7,[]
2230,8,[]
2245,9,[]
2262,9,[]
2279,10,[]
2297,8,[]
2312,13,[]
2336,3,[]
2342,98,[]
2519,9,[]
2536,7,[]
2549,9,[]
2566,10,[]
2584,8,[]
2599,10,[]
2617,14,[]
2643,14,[]
2669,16,[]
2698,15,[]
2725,14,[]
2751,16,[]
2780,14,[]
2806,15,[]
2833,17,[]
2864,16,[]
2893,14,[]
2919,14,[]
2945,16,[]
2974,13,[]
2998,14,[]
3024,9,[]
3041,12,[]
3063,12,[]
3085,12,[]
3107,14,[]
3133,12,[]
3155,13,[]
3179,14,[]
3205,74,[]
3339,16,[]
3368,12,[]
3390,12,[]
3412,14,[]
3438,13,[]
3462,14,[]
3488,15,[]
3515,16,[]
3544,16,[]
3573,14,[]
3599,15,[]
3626,15,[]
3653,19,[]
3688,14,[]
3714,13,[]
3738,16,[]
3767,11,[]
3787,16,[]
3816,15,[]
3843,13,[]
3867,13,[]
3891,12,[]
3913,13,[]
3937,13,[]
3961,16,[]
3990,18,[]
4023,19,[]
4058,18,[]
4091,19,[]
4126,75,[]
4261,18,[]
4294,17,[]
4325,18,[]
4358,21,[]
4396,21,[]
4434,23,[]
4476,21,[]
4514,21,[]
4552,20,[]
4588,19,[]
4623,15,[]
4650,13,[]
4674,14,[]
4700,18,[]
4733,18,[]
4766,20,[]
4802,20,[]
4838,15,[]
4865,15,[]
4892,19,[]
4927,17,[]
4958,15,[]
4985,20,[]
5021,15,[]
5048,21,[]
5086,19,[]
5121,23,[]
5163,20,[]
5199,22,[]
5239,67,[]
5360,22,[]
5400,14,[]
5426,14,[]
5452,15,[]
5479,17,[]
5510,15,[]
5537,17,[]
5568,15,[]
5595,16,[]
5624,15,[]
5651,11,[]
5671,17,[]
5702,15,[]
5729,14,[]
5755,18,[]
5788,15,[]
5815,18,[]
5848,13,[]
5872,14,[]
5898,17,[]
5929,14,[]
5955,13,[]
5979,15,[]
6006,16,[]
6035,17,[]
6066,14,[]
6092,18,[]
6125,16,[]
6154,14,[]
6180,71,[]
6308,6,[]
6319,14,[]
6345,13,[0, 1, 2, 3, 4, 5, 6, 7, 8, 9, 10, 11, 12]
6369,13,[]
6393,16,[]
6422,11,[]
6442,11,[]
6462,13,[]
6486,13,[]
6510,17,[]
6541,14,[]
6567,11,[]
6587,12,[]
6609,15,[]
6636,15,[]
6663,12,[]
6685,12,[]
6707,14,[]
6733,16,[]
6762,15,[]
6789,12,[]
6811,11,[]
6831,15,[]
6858,15,[]
6885,12,[]
6907,12,[0, 1, 2, 3, 4, 5, 6, 7, 8, 9, 10]
6929,12,[]
6951,14,[]
6977,12,[]
6999,81,[]
7145,5,[]
7154,16,[]
7183,13,[]
7207,12,[]
7229,9,[]
7246,13,[]
7270,11,[]
7290,12,[]
7312,10,[]
7330,14,[]
7356,16,[]
7385,14,[]
7411,14,[]
7437,17,[]
7468,15,[]
7495,16,[]
7524,14,[]
7550,16,[]
7579,16,[]
7608,19,[]
7643,17,[]
7674,18,[]
7707,19,[]
7742,18,[]
7775,17,[]
7806,18,[]
7839,18,[]
7872,18,[]
7905,15,[]
7932,76,[]
8069,8,[]
8084,24,[]
8128,13,[]
8152,12,[]
8174,10,[]
8192,14,[]
8218,13,[]
8242,11,[]
8262,10,[]
8280,13,[]
8304,10,[]
8322,14,[]
8348,15,[]
8375,18,[]
8408,13,[]
8432,14,[]
8458,14,[]
8484,14,[]
8510,14,[]
8536,15,[]
8563,16,[]
8592,16,[]
8621,13,[]
8645,15,[]
8672,15,[]
8699,17,[]
8730,15,[]
8757,18,[]
8790,18,[]
0,19,[]
35,1,[]
37,7,[]
50,9,[]
67,10,[]
85,9,[]
102,6,[]
113,11,[]
133,8,[]
148,9,[]
165,10,[]
183,13,[]
207,15,[]
234,14,[]
260,17,[]
291,15,[]
318,23,[]
360,14,[]
386,16,[]
415,18,[]
448,26,[]
495,17,[]
526,23,[]
568,22,[]
608,14,[]
634,22,[]
674,13,[]
698,25,[]
743,11,[]
763,23,[]
805,152,[]
1079,2,[]
1083,19,[]
1118,2,[]
1122,7,[]
1135,10,[]
1153,18,[]
1186,18,[]
1219,6,[]
1230,10,[]
1248,14,[]
1274,20,[]
1310,6,[]
1321,20,[]
1357,19,[]
1392,24,[]
1436,7,[]
1449,17,[]
1480,19,[]
1515,11,[]
1535,19,[]
1570,6,[]
1581,12,[]
1603,19,[]
1638,22,[]
1678,8,[]
1693,17,[]
1724,15,[]
1751,8,[]
1766,13,[]
1790,99,[]
1969,8,[]
1984,4,[]
1992,6,[]
2003,2,[]
2007,16,[]
2036,19,[]
2071,13,[]
2095,17,[]
2126,7,[]
2139,13,[]
2163,12,[]
2185,15,[]
2212,8,[]
2227,15,[]
2254,6,[]
2265,16,[]
2294,14,[]
2320,8,[]
2335,14,[]
2361,6,[]
2372,18,[]
2405,4,[]
2413,19,[]
2448,4,[]
2456,17,[]
2487,14,[]
2513,6,[]
2524,20,[]
2560,5,[]
2569,99,[]
2748,23,[]
2790,6,[]
2801,17,[]
2832,7,[]
2845,15,[]
2872,11,[]
2892,16,[]
2921,5,[]
2930,15,[]
2957,8,[]
2972,21,[]
3010,15,[]
3037,7,[0, 1, 2, 3, 4, 5, 6]
3050,15,[]
3077,14,[]
3103,18,[]
3136,10,[]
3154,16,[]
3183,9,[]
3200,19,[]
3235,10,[]
3253,20,[]
3289,16,[]
3318,15,[]
3345,19,[]
3380,10,[]
3398,19,[]
3433,11,[]
3453,18,[]
3486,103,[]
3672,1,[]
3674,1,[]
3676,2,[]
3680,15,[]
3707,8,[]
3722,13,[]
3746,7,[]
3759,16,[]
3788,18,[]
3821,7,[]
3834,19,[]
3869,8,[]
3884,16,[]
3913,11,[]
3933,15,[]
3960,10,[]
3978,18,[]
4011,9,[]
4028,19,[]
4063,20,[]
4099,11,[]
4119,8,[]
4134,15,[]
4161,23,[]
4203,18,[]
4236,9,[]
4253,18,[]
4286,11,[]
4306,15,[]
4333,106,[]
4524,18,[]
4557,6,[]
4568,20,[]
4604,8,[]
4619,12,[]
4641,15,[]
4668,8,[]
4683,20,[]
4719,19,[]
4754,19,[]
4789,10,[]
4807,7,[]
4820,18,[]
4853,9,[]
4870,23,[]
4912,9,[]
4929,26,[]
4976,10,[]
4994,24,[]
5038,8,[]
5053,23,[]
5095,13,[]
5119,20,[]
5155,12,[]
5177,18,[0, 1, 2, 3, 4, 5, 6, 7, 8, 9, 10, 11, 12, 13, 14, 15, 16]
5210,24,[]
5254,17,[]
5285,26,[]
5332,7,[]
5345,108,[]
5540,2,[]
5544,14,[]
5570,15,[]
5597,13,[]
5621,17,[]
5652,6,[]
5663,11,[]
5683,13,[]
5707,21,[]
5745,20,[]
5781,10,[]
5799,20,[]
5835,10,[]
5853,22,[]
5893,28,[]
5944,9,[]
5961,14,[]
5987,21,[]
6025,8,[]
6040,22,[]
6080,21,[]
6118,9,[]
6135,24,[]
6179,10,[]
6197,19,[]
6232,10,[]
6250,25,[]
6295,9,[]
6312,26,[]
6359,104,[]
6547,19,[]
6582,6,[]
6593,10,[]
6611,24,[]
6655,17,[]
6686,10,[]
6704,19,[]
6739,9,[]
6756,21,[]
6794,5,[]
6803,18,[]
6836,13,[]
6860,20,[]
6896,5,[]
6905,25,[]
6950,6,[]
6961,12,[]
6983,17,[]
7014,11,[]
7034,17,[]
7065,11,[]
7085,17,[]
7116,9,[]
7133,18,[]
7166,18,[0, 1, 2, 3, 4, 5, 6, 7, 8, 9, 10, 11, 12, 13, 14, 15, 16, 17]
7199,11,[]
7219,19,[]
7254,8,[]
7269,17,[]
7300,106,[]
7491,10,[]
7509,10,[]
7527,16,[]
7556,4,[]
7564,13,[]
7588,6,[]
7599,18,[]
7632,19,[]
7667,5,[]
7676,17,[]
7707,5,[]
7716,11,[]
7736,6,[]
7747,14,[]
7773,16,[]
7802,6,[]
7813,15,[]
7840,9,[]
7857,17,[]
7888,7,[]
7901,18,[]
7934,7,[]
7947,20,[]
7983,17,[]
8014,7,[]
8027,15,[]
8054,8,[]
8069,26,[]
8116,6,[]
8127,98,[]
8304,1,[]
8306,21,[]
8344,15,[]
8371,8,[]
8386,9,[]
8403,9,[]
8420,18,[]
8453,9,[]
8470,17,[]
8501,16,[]
8530,13,[]
8554,18,[]
8587,8,[]
8602,17,[]
8633,9,[]
8650,10,[]
8668,9,[]
8685,23,[]
8727,17,[]
8758,7,[]
8771,19,[]
8806,8,[]
8821,19,[]
8856,6,[]
8867,15,[]
8894,13,[]
8918,9,[]
8935,9,[]
8952,7,[]
0,45,[]
81,7,[]
94,15,[]
121,17,[]
152,18,[]
185,17,[]
216,16,[]
245,17,[]
276,16,[]
305,14,[]
331,15,[]
358,13,[]
382,16,[]
411,16,[]
440,19,[]
475,16,[]
504,18,[]
537,18,[]
570,18,[]
603,21,[]
641,19,[]
676,18,[]
709,22,[]
749,19,[]
784,20,[]
820,20,[]
856,20,[]
892,15,[]
919,19,[]
954,18,[]
987,107,[]
1180,8,[]
1195,14,[]
1221,10,[]
1239,6,[]
1250,10,[]
1268,12,[]
1290,16,[]
1319,13,[]
1343,11,[]
1363,13,[]
1387,15,[]
1414,12,[]
1436,13,[]
1460,13,[]
1484,13,[]
1508,12,[]
1530,14,[]
1556,14,[]
1582,13,[]
1606,15,[]
1633,12,[]
1655,13,[]
1679,12,[]
1701,19,[]
1736,15,[]
1763,11,[]
1783,15,[]
1810,12,[]
1832,13,[]
1856,100,[]
2036,4,[]
2044,7,[0, 1, 2, 3, 4, 5, 6]
2057,8,[0, 1, 2, 3, 4, 5, 6, 7]
2072,9,[]
2089,14,[]
2115,9,[]
2132,11,[]
2152,11,[]
2172,12,[]
2194,11,[]
2214,13,[]
2238,12,[]
2260,12,[]
2282,15,[]
2309,14,[]
2335,12,[]
2357,13,[]
2381,11,[]
2401,13,[]
2425,10,[]
2443,10,[]
2461,10,[]
2479,12,[]
2501,10,[1, 2, 3, 4, 5, 6, 7, 8, 9]
2519,11,[]
2539,10,[]
2557,11,[]
2577,13,[]
2601,13,[]
2625,110,[]
2823,3,[]
2829,6,[]
2840,8,[]
2855,9,[]
2872,9,[]
2889,10,[]
2907,8,[]
2922,10,[]
2940,9,[]
2957,14,[]
2983,13,[]
3007,12,[]
3029,15,[]
3056,13,[]
3080,12,[]
3102,14,[]
3128,12,[]
3150,9,[]
3167,13,[]
3191,12,[]
3213,10,[]
3231,11,[]
3251,10,[]
3269,11,[]
3289,10,[]
3307,11,[]
3327,13,[]
3351,14,[]
3377,11,[]
3397,123,[]
3619,3,[]
3625,4,[]
3633,6,[]
3644,9,[]
3661,9,[]
3678,10,[]
3696,11,[]
3716,11,[]
3736,11,[]
3756,12,[]
3778,12,[]
3800,10,[]
3818,12,[]
3840,13,[]
3864,15,[0, 1, 2, 3, 4, 5, 6, 7, 8, 9, 10, 11, 12, 13, 14]
3891,10,[]
3909,12,[]
3931,13,[]
3955,14,[]
3981,10,[]
3999,20,[]
4035,16,[]
4064,16,[]
4093,11,[]
4113,13,[]
4137,14,[]
4163,16,[]
4192,13,[]
4216,14,[]
4242,149,[]
4511,5,[]
4520,7,[]
4533,10,[]
4551,11,[]
4571,11,[]
4591,8,[0, 1, 2, 3, 4, 5, 6, 7]
4606,11,[]
4626,11,[]
4646,10,[]
4664,13,[]
4688,15,[]
4715,16,[]
4744,15,[0, 1, 2, 3, 4, 5, 6, 7, 8, 9, 10, 11, 12, 13, 14]
4771,15,[]
4798,11,[]
4818,14,[]
4844,13,[]
4868,11,[]
4888,13,[]
4912,13,[]
4936,15,[]
4963,14,[]
4989,14,[]
5015,11,[]
5035,15,[]
5062,12,[]
5084,10,[]
5102,15,[]
5129,11,[]
5149,154,[]
5427,4,[]
5435,5,[]
5444,6,[]
5455,10,[]
5473,11,[]
5493,8,[]
5508,10,[]
5526,10,[]
5544,12,[]
5566,15,[]
5593,11,[]
5613,12,[]
5635,14,[]
5661,15,[]
5688,12,[]
5710,15,[]
5737,14,[]
5763,15,[]
5790,12,[]
5812,15,[]
5839,16,[]
5868,14,[]
5894,13,[]
5918,15,[]
5945,17,[]
5976,16,[]
6005,16,[]
6034,16,[]
6063,18,[]
6096,126,[]
6323,9,[]
6340,13,[0, 1, 2, 3, 4, 5, 6, 7, 8, 9, 10, 11, 12]
6364,14,[]
6390,16,[]
6419,16,[]
6448,15,[]
6475,18,[]
6508,15,[]
6535,17,[]
6566,17,[]
6597,17,[]
6628,16,[]
6657,18,[]
6690,17,[]
6721,18,[]
6754,18,[]
6787,17,[]
6818,16,[]
6847,19,[]
6882,18,[]
6915,18,[]
6948,18,[]
6981,17,[]
7012,17,[]
7043,19,[]
7078,18,[]
7111,18,[]
7144,18,[]
7177,20,[]
7213,101,[]
7395,10,[]
7413,12,[]
7435,15,[]
7462,16,[]
7491,16,[]
7520,17,[]
7551,15,[]
7578,16,[]
7607,16,[]
7636,18,[]
7669,16,[]
7698,17,[]
7729,15,[]
7756,18,[]
7789,17,[]
7820,14,[]
7846,15,[]
7873,18,[]
7906,17,[]
7937,18,[]
7970,17,[]
8001,16,[]
8030,17,[]
8061,16,[]
8090,15,[]
8117,15,[]
8144,14,[]
8170,15,[]
8197,13,[]
8221,92,[]
8387,4,[]
8395,7,[]
8408,7,[]
8421,8,[]
8436,8,[]
8451,9,[]
8468,7,[]
8481,9,[]
8498,9,[]
8515,9,[]
8532,11,[]
8552,11,[]
8572,11,[]
8592,13,[]
8616,12,[]
8638,13,[]
8662,15,[]
8689,15,[]
8716,12,[]
8738,16,[]
8767,14,[]
8793,16,[]
8822,15,[]
8849,16,[]
8878,13,[]
8902,16,[]
8931,13,[]
8955,14,[]
8981,15,[]
0,58,[]
105,1,[]
107,6,[]
118,8,[]
133,10,[]
151,11,[]
171,10,[]
189,14,[]
215,13,[]
239,15,[]
266,11,[]
286,18,[]
319,19,[]
354,15,[]
381,17,[]
412,13,[]
436,13,[]
460,7,[]
473,14,[]
499,17,[]
530,18,[]
563,7,[]
576,15,[]
603,16,[]
632,16,[]
661,13,[]
685,14,[]
711,22,[]
751,18,[]
784,14,[]
810,172,[]
1120,7,[0, 1, 2, 3, 4, 5, 6]
1133,12,[]
1155,13,[]
1179,1,[]
1181,10,[]
1199,10,[]
1217,13,[]
1241,22,[]
1281,10,[]
1299,19,[]
1334,15,[]
1361,16,[]
1390,9,[]
1407,21,[]
1445,8,[]
1460,14,[]
1486,11,[]
1506,13,[]
1530,11,[]
1550,17,[]
1581,12,[]
1603,14,[]
1629,13,[]
1653,14,[]
1679,12,[]
1701,11,[]
1721,15,[]
1748,15,[]
1775,13,[]
1799,162,[]
2091,6,[]
2102,2,[]
2106,12,[]
2128,13,[]
2152,10,[]
2170,11,[]
2190,13,[]
2214,16,[]
2243,14,[]
2269,18,[]
2302,12,[]
2324,16,[]
2353,11,[]
2373,11,[]
2393,10,[]
2411,26,[]
2458,15,[]
2485,16,[]
2514,20,[]
2550,17,[]
2581,16,[]
2610,15,[]
2637,12,[]
2659,16,[]
2688,16,[]
2717,15,[]
2744,11,[]
2764,16,[]
2793,13,[]
2817,157,[]
3100,7,[]
3113,6,[]
3124,11,[]
3144,13,[]
3168,13,[]
3192,10,[]
3210,17,[]
3241,19,[]
3276,14,[]
3302,9,[]
3319,15,[]
3346,13,[]
3370,15,[]
3397,16,[]
3426,17,[]
3457,17,[]
3488,10,[]
3506,18,[]
3539,11,[]
3559,21,[]
3597,14,[]
3623,17,[]
3654,21,[]
3692,21,[]
3730,21,[]
3768,12,[]
3790,20,[]
3826,20,[]
3862,13,[]
3886,138,[]
4135,3,[]
4141,5,[]
4150,7,[]
4163,11,[]
4183,10,[]
4201,11,[]
4221,10,[]
4239,13,[]
4263,12,[]
4285,13,[]
4309,9,[]
4326,15,[]
4353,12,[]
4375,10,[]
4393,15,[]
4420,16,[]
4449,10,[]
4467,9,[]
4484,11,[]
4504,15,[]
4531,11,[]
4551,17,[]
4582,16,[]
4611,13,[]
4635,9,[]
4652,12,[]
4674,10,[]
4692,11,[]
4712,14,[]
4738,133,[]
4978,5,[]
4987,5,[]
4996,5,[]
5005,8,[]
5020,7,[]
5033,9,[]
5050,6,[]
5061,7,[]
5074,11,[]
5094,14,[]
5120,10,[]
5138,17,[]
5169,15,[]
5196,17,[]
5227,12,[]
5249,11,[]
5269,10,[]
5287,11,[]
5307,13,[]
5331,16,[]
5360,14,[]
5386,12,[]
5408,17,[]
5439,10,[]
5457,12,[]
5479,11,[]
5499,10,[]
5517,14,[]
5543,15,[]
5570,146,[]
5833,1,[]
5835,3,[]
5841,6,[]
5852,9,[]
5869,10,[]
5887,8,[]
5902,10,[]
5920,24,[]
5964,10,[]
5982,7,[]
5995,18,[]
6028,16,[]
6057,14,[]
6083,15,[]
6110,12,[]
6132,15,[]
6159,9,[]
6176,17,[]
6207,16,[]
6236,16,[]
6265,10,[]
6283,15,[]
6310,17,[]
6341,13,[]
6365,14,[]
6391,12,[]
6413,20,[0, 1, 2, 3, 4, 5, 6, 7, 8, 9, 10, 11, 12, 13, 14, 15, 16, 17, 18, 19]
6449,18,[]
6482,18,[]
6515,142,[]
6771,3,[]
6777,6,[]
6788,7,[0, 1, 2, 3, 4, 5, 6]
6801,10,[]
6819,6,[]
6830,9,[]
6847,10,[]
6865,15,[]
6892,7,[]
6905,17,[]
6936,12,[]
6958,13,[]
6982,12,[]
7004,13,[]
7028,21,[]
7066,7,[]
7079,15,[]
7106,13,[]
7130,13,[]
7154,15,[]
7181,12,[]
7203,12,[]
7225,14,[]
7251,18,[]
7284,4,[]
7292,14,[]
7318,13,[]
7342,16,[]
7371,10,[]
7389,131,[]
7625,4,[]
7633,5,[]
7642,6,[]
7653,9,[0, 1, 2, 3, 4, 5, 6, 7, 8]
7670,6,[]
7681,9,[]
7698,10,[]
7716,11,[]
7736,12,[]
7758,11,[]
7778,8,[]
7793,12,[]
7815,12,[]
7837,11,[]
7857,11,[]
7877,14,[]
7903,7,[]
7916,14,[]
7942,12,[]
7964,10,[]
7982,16,[]
8011,14,[]
8037,16,[]
8066,13,[]
8090,12,[]
8112,15,[]
8139,9,[]
8156,15,[]
8183,12,[]
8205,134,[]
8447,1,[]
8449,5,[]
8458,6,[]
8469,9,[]
8486,7,[]
8499,10,[]
8517,8,[]
8532,13,[]
8556,10,[]
8574,14,[]
8600,15,[]
8627,7,[0, 1, 2, 3, 4, 5, 6]
8640,12,[]
8662,17,[]
8693,9,[]
8710,14,[]
8736,13,[]
8760,13,[]
8784,8,[]
8799,13,[]
8823,15,[]
8850,16,[]
8879,14,[]
8905,16,[]
8934,8,[]
8949,13,[]
8973,10,[]
8991,12,[]
9013,10,[]
0,22,[]
40,2,[]
44,8,[]
59,13,[]
83,10,[]
101,9,[]
118,8,[]
133,9,[]
150,13,[]
174,5,[0, 1, 2, 3, 4]
183,6,[0, 1, 2, 3, 4, 5]
194,6,[]
205,7,[]
218,7,[]
231,13,[]
255,14,[]
281,19,[]
316,16,[]
345,16,[]
374,19,[]
409,15,[]
436,15,[]
463,6,[0, 1, 2, 3, 4, 5]
474,6,[]
485,9,[]
502,13,[]
526,10,[]
544,12,[]
566,15,[]
593,17,[]
624,124,[]
848,19,[]
883,14,[]
909,8,[]
924,5,[]
933,10,[]
951,12,[]
973,10,[]
991,11,[0, 1, 2, 3, 4, 5, 6, 7, 8, 9, 10]
1011,12,[]
1033,11,[]
1053,13,[]
1077,9,[]
1094,9,[0, 1, 2, 3, 4, 5, 6, 7, 8]
1111,13,[]
1135,8,[]
1150,12,[]
1172,15,[]
1199,9,[]
1216,11,[]
1236,11,[]
1256,9,[]
1273,8,[]
1288,8,[]
1303,10,[]
1321,8,[]
1336,9,[]
1353,11,[]
1373,14,[]
1399,8,[0, 1, 2, 3, 4, 5, 6, 7]
1414,120,[]
1630,6,[]
1641,9,[0, 1, 2, 3, 4, 5, 6, 7, 8]
1658,10,[]
1676,9,[]
1693,10,[]
1711,9,[]
1728,12,[]
1750,11,[]
1770,14,[]
1796,11,[]
1816,11,[]
1836,12,[]
1858,11,[]
1878,15,[]
1905,16,[]
1934,19,[]
1969,19,[]
2004,20,[]
2040,18,[]
2073,19,[]
2108,19,[]
2143,20,[]
2179,18,[]
2212,23,[]
2254,23,[]
2296,23,[]
2338,20,[]
2374,20,[]
2410,18,[]
2443,98,[]
2620,15,[]
2647,20,[]
2683,18,[]
2716,20,[]
2752,19,[]
2787,20,[]
2823,20,[]
2859,22,[]
2899,24,[]
2943,22,[]
2983,21,[]
3021,20,[]
3057,24,[]
3101,23,[]
3143,25,[]
3188,22,[]
3228,23,[]
3270,24,[]
3314,22,[]
3354,27,[]
3403,31,[]
3459,23,[]
3501,23,[]
3543,23,[]
3585,19,[]
3620,22,[]
3660,19,[]
3695,24,[]
3739,20,[]
3775,91,[]
3939,10,[]
3957,13,[]
3981,14,[]
4007,20,[]
4043,18,[]
4076,19,[]
4111,18,[]
4144,20,[]
4180,18,[]
4213,19,[]
4248,18,[]
4281,15,[]
4308,16,[]
4337,14,[]
4363,18,[]
4396,15,[]
4423,18,[]
4456,15,[]
4483,18,[]
4516,15,[]
4543,16,[]
4572,16,[]
4601,16,[]
4630,16,[]
4659,17,[]
4690,16,[0, 1, 2, 3, 4, 5, 6, 7, 8, 9, 10, 11, 12, 13]
4719,16,[]
4748,16,[]
4777,15,[]
4804,72,[]
4934,8,[]
4949,10,[]
4967,11,[]
4987,12,[]
5009,12,[]
5031,13,[]
5055,11,[]
5075,13,[0, 1, 2, 3, 4, 5, 6, 7, 8, 9, 10, 11, 12]
5099,14,[]
5125,12,[]
5147,13,[]
5171,14,[]
5197,10,[]
5215,12,[]
5237,14,[]
5263,14,[]
5289,14,[]
5315,16,[]
5344,15,[]
5371,14,[]
5397,14,[]
5423,15,[]
5450,15,[]
5477,18,[]
5510,17,[]
5541,16,[]
5570,17,[]
5601,17,[]
5632,15,[]
5659,66,[]
5778,6,[]
5789,10,[]
5807,10,[]
5825,13,[]
5849,12,[]
5871,13,[]
5895,11,[]
5915,13,[]
5939,12,[]
5961,13,[]
5985,14,[]
6011,14,[]
6037,12,[]
6059,13,[]
6083,15,[]
6110,14,[]
6136,15,[]
6163,14,[]
6189,16,[]
6218,14,[]
6244,15,[]
6271,13,[]
6295,16,[]
6324,15,[]
6351,16,[]
6380,14,[]
6406,17,[]
6437,13,[]
6461,15,[]
6488,64,[]
6604,8,[0, 1, 2, 3, 4, 5, 6, 7]
6619,9,[]
6636,15,[]
6663,10,[]
6681,10,[]
6699,11,[]
6719,11,[]
6739,12,[]
6761,14,[]
6787,12,[]
6809,11,[]
6829,12,[]
6851,12,[]
6873,14,[]
6899,11,[]
6919,14,[]
6945,13,[]
6969,16,[]
6998,13,[]
7022,14,[]
7048,14,[]
7074,14,[]
7100,14,[]
7126,15,[]
7153,14,[]
7179,15,[]
7206,13,[]
7230,16,[]
7259,14,[]
7285,64,[]
7401,8,[]
7416,12,[]
7438,12,[]
7460,12,[]
7482,12,[]
7504,11,[]
7524,11,[]
7544,12,[0, 1, 2, 3, 4, 5, 6, 7, 8, 9, 10, 11]
7566,13,[]
7590,13,[]
7614,13,[]
7638,15,[]
7665,12,[]
7687,11,[]
7707,14,[]
7733,13,[]
7757,12,[]
7779,13,[]
7803,13,[]
7827,16,[]
7856,13,[]
7880,14,[]
7906,13,[]
7930,14,[]
7956,13,[]
7980,14,[]
8006,11,[]
8026,12,[]
8048,11,[]
8068,72,[]
8198,6,[]
8209,7,[]
8222,7,[]
8235,8,[]
8250,9,[]
8267,11,[]
8287,11,[]
8307,12,[]
8329,11,[]
8349,16,[]
8378,14,[]
8404,15,[]
8431,14,[]
8457,15,[]
8484,14,[]
8510,16,[]
8539,12,[]
8561,15,[]
8588,15,[]
8615,16,[]
8644,15,[]
8671,15,[]
8698,17,[]
8729,15,[]
8756,16,[]
8785,17,[]
8816,15,[]
8843,14,[]
8869,14,[]
0,17,[]
31,1,[]
33,6,[]
44,10,[]
62,7,[]
75,7,[]
88,8,[0, 1, 2, 3, 4, 5, 6, 7]
103,7,[]
116,8,[]
131,8,[]
146,6,[]
157,5,[]
166,14,[]
192,14,[]
218,19,[]
253,18,[]
286,11,[]
306,11,[]
326,17,[]
357,15,[]
384,13,[]
408,13,[]
432,19,[]
467,16,[]
496,15,[]
523,14,[]
549,15,[]
576,15,[]
603,15,[]
630,14,[]
656,140,[]
908,12,[]
930,8,[]
945,5,[]
954,2,[]
958,9,[]
975,11,[]
995,11,[]
1015,12,[]
1037,9,[]
1054,13,[]
1078,8,[]
1093,11,[]
1113,11,[]
1133,12,[]
1155,14,[]
1181,10,[]
1199,10,[]
1217,12,[0, 1, 2, 3, 4, 5, 6, 7, 8, 9, 10, 11]
1239,12,[]
1261,13,[]
1285,13,[]
1309,12,[]
1331,12,[]
1353,11,[]
1373,14,[]
1399,15,[]
1426,12,[]
1448,15,[]
1475,11,[]
1495,119,[]
1710,6,[]
1721,14,[]
1747,14,[]
1773,12,[]
1795,14,[]
1821,11,[]
1841,16,[]
1870,15,[]
1897,14,[]
1923,16,[]
1952,17,[]
1983,11,[]
2003,19,[]
2038,19,[]
2073,16,[]
2102,21,[]
2140,20,[]
2176,13,[]
2200,18,[]
2233,15,[]
2260,18,[]
2293,18,[]
2326,20,[]
2362,11,[]
2382,19,[]
2417,22,[]
2457,16,[]
2486,18,[]
2519,18,[]
2552,122,[]
2772,9,[]
2789,12,[]
2811,13,[]
2835,15,[]
2862,15,[]
2889,14,[]
2915,17,[]
2946,20,[]
2982,19,[]
3017,15,[]
3044,11,[]
3064,12,[]
3086,15,[]
3113,16,[]
3142,16,[]
3171,16,[]
3200,16,[]
3229,10,[]
3247,18,[]
3280,23,[]
3322,17,[]
3353,16,[]
3382,18,[]
3415,15,[]
3442,17,[]
3473,14,[]
3499,15,[]
3526,17,[]
3557,12,[]
3579,122,[]
3799,7,[]
3812,10,[]
3830,12,[]
3852,13,[]
3876,11,[]
3896,13,[]
3920,13,[]
3944,16,[]
3973,16,[]
4002,15,[]
4029,15,[]
4056,12,[]
4078,15,[]
4105,17,[]
4136,16,[]
4165,17,[]
4196,16,[]
4225,9,[]
4242,17,[]
4273,14,[]
4299,16,[]
4328,12,[]
4350,13,[]
4374,13,[]
4398,16,[]
4427,14,[]
4453,14,[]
4479,15,[]
4506,9,[]
4523,127,[]
4752,6,[]
4763,9,[]
4780,11,[]
4800,11,[]
4820,10,[]
4838,9,[]
4855,14,[]
4881,14,[]
4907,14,[]
4933,14,[]
4959,14,[]
4985,12,[]
5007,16,[]
5036,17,[]
5067,15,[]
5094,9,[]
5111,14,[]
5137,13,[]
5161,14,[]
5187,16,[]
5216,15,[]
5243,14,[]
5269,14,[]
5295,17,[]
5326,12,[]
5348,15,[]
5375,12,[]
5397,15,[]
5424,13,[]
5448,125,[]
5673,7,[]
5686,15,[]
5713,15,[]
5740,14,[]
5766,12,[]
5788,10,[]
5806,8,[]
5821,14,[]
5847,14,[]
5873,16,[]
5902,16,[]
5931,14,[]
5957,17,[]
5988,18,[]
6021,18,[]
6054,20,[]
6090,15,[]
6117,12,[]
6139,14,[]
6165,15,[]
6192,12,[]
6214,15,[]
6241,18,[]
6274,12,[]
6296,19,[]
6331,15,[]
6358,14,[]
6384,17,[]
6415,14,[]
6441,120,[]
6657,6,[]
6668,10,[]
6686,11,[]
6706,12,[]
6728,12,[]
6750,9,[0, 1, 2, 3, 4, 5, 6, 7, 8]
6767,13,[]
6791,16,[]
6820,14,[]
6846,15,[]
6873,14,[]
6899,17,[]
6930,10,[]
6948,14,[]
6974,16,[]
7003,16,[]
7032,12,[]
7054,9,[]
7071,11,[]
7091,13,[]
7115,15,[]
7142,12,[]
7164,13,[]
7188,15,[]
7215,9,[]
7232,13,[]
7256,12,[]
7278,15,[]
7305,13,[]
7329,110,[]
7527,4,[]
7535,5,[]
7544,9,[]
7561,8,[]
7576,10,[]
7594,10,[]
7612,9,[]
7629,12,[]
7651,10,[]
7669,11,[]
7689,12,[]
7711,7,[]
7724,12,[]
7746,13,[]
7770,11,[]
7790,14,[]
7816,14,[]
7842,9,[]
7859,34,[]
7921,20,[2, 3, 4, 5, 6, 7, 8, 9, 10, 11, 12, 13, 14, 15, 16, 17, 18, 19]
7957,14,[]
7983,16,[]
8012,16,[]
8041,8,[]
8056,15,[]
8083,18,[]
8116,14,[]
8142,13,[]
8166,12,[]
8188,97,[]
8363,6,[]
8374,7,[]
8387,8,[]
8402,9,[]
8419,8,[]
8434,6,[]
8445,10,[]
8463,12,[]
8485,10,[]
8503,28,[]
8554,19,[]
8589,10,[]
8607,12,[]
8629,11,[]
8649,11,[]
8669,12,[]
8691,11,[]
8711,11,[]
8731,11,[0, 1, 2, 3, 4, 5, 6, 7, 8, 9, 10]
8751,14,[]
8777,12,[]
8799,13,[]
8823,11,[]
8843,17,[]
8874,21,[]
8912,16,[]
8941,17,[]
8972,20,[]
9008,14,[]
0,34,[]
62,5,[]
71,11,[]
91,6,[]
102,8,[]
117,12,[]
139,14,[]
165,9,[]
182,15,[]
209,14,[]
235,14,[]
261,15,[]
288,15,[]
315,12,[]
337,17,[]
368,14,[]
394,15,[]
421,6,[]
432,16,[]
461,14,[]
487,13,[]
511,11,[]
531,15,[]
558,18,[]
591,18,[]
624,16,[]
653,21,[]
691,17,[]
722,12,[]
744,14,[]
770,129,[]
1003,17,[]
1034,2,[]
1038,11,[]
1058,6,[]
1069,12,[]
1091,16,[]
1120,16,[]
1149,11,[]
1169,16,[]
1198,16,[]
1227,14,[]
1253,8,[0, 1, 2, 3, 4, 5, 6, 7]
1268,15,[]
1295,13,[]
1319,14,[]
1345,12,[]
1367,15,[]
1394,17,[]
1425,17,[]
1456,15,[]
1483,16,[]
1512,10,[]
1530,19,[]
1565,20,[]
1601,23,[]
1643,30,[]
1697,5,[]
1706,25,[]
1751,23,[]
1793,80,[]
1937,17,[]
1968,18,[]
2001,6,[]
2012,19,[]
2047,20,[]
2083,17,[]
2114,9,[]
2131,20,[]
2167,22,[]
2207,23,[]
2249,21,[]
2287,21,[]
2325,12,[]
2347,42,[]
2423,22,[]
2463,19,[]
2498,9,[]
2515,30,[]
2569,19,[]
2604,18,[]
2637,22,[]
2677,7,[]
2690,23,[]
2732,19,[]
2767,20,[]
2803,19,[]
2838,21,[]
2876,10,[]
2894,19,[]
2929,80,[]
3073,13,[]
3097,5,[]
3106,17,[]
3137,17,[]
3168,16,[]
3197,16,[]
3226,19,[]
3261,9,[]
3278,19,[]
3313,25,[]
3358,9,[]
3375,21,[]
3413,4,[]
3421,20,[]
3457,5,[]
3466,20,[]
3502,10,[]
3520,18,[]
3553,7,[]
3566,18,[]
3599,7,[]
3612,17,[]
3643,7,[]
3656,18,[]
3689,8,[]
3704,17,[]
3735,7,[]
3748,30,[]
3802,7,[]
3815,77,[]
3954,1,[]
3956,10,[]
3974,6,[]
3985,15,[]
4012,7,[]
4025,16,[]
4054,9,[]
4071,18,[]
4104,10,[]
4122,17,[]
4153,9,[]
4170,16,[]
4199,9,[]
4216,16,[]
4245,7,[]
4258,14,[]
4284,10,[]
4302,15,[]
4329,8,[]
4344,14,[]
4370,8,[]
4385,18,[]
4418,4,[]
4426,16,[]
4455,9,[]
4472,19,[]
4507,10,[]
4525,20,[]
4561,9,[]
4578,92,[]
4744,1,[]
4746,12,[]
4768,4,[]
4776,16,[]
4805,6,[]
4816,15,[]
4843,6,[]
4854,16,[]
4883,7,[]
4896,16,[]
4925,7,[]
4938,18,[]
4971,8,[]
4986,20,[]
5022,8,[]
5037,21,[]
5075,10,[]
5093,20,[]
5129,8,[]
5144,18,[]
5177,7,[]
5190,18,[]
5223,7,[]
5236,18,[]
5269,9,[]
5286,19,[]
5321,7,[0, 1, 2, 3, 4, 5, 6]
5334,35,[]
5397,6,[]
5408,87,[]
5565,1,[]
5567,16,[]
5596,7,[]
5609,17,[]
5640,6,[]
5651,19,[]
5686,7,[]
5699,19,[]
5734,8,[]
5749,21,[]
5787,8,[]
5802,23,[]
5844,9,[]
5861,24,[]
5905,8,[]
5920,24,[]
5964,8,[]
5979,23,[]
6021,8,[0, 1, 2, 3, 4, 5, 6, 7]
6036,22,[]
6076,8,[]
6091,20,[]
6127,8,[]
6142,21,[]
6180,10,[]
6198,20,[]
6234,6,[]
6245,20,[]
6281,9,[]
6298,88,[]
6457,1,[]
6459,17,[]
6490,5,[]
6499,23,[]
6541,5,[]
6550,20,[]
6586,8,[]
6601,19,[]
6636,8,[]
6651,22,[]
6691,8,[]
6706,19,[]
6741,7,[]
6754,21,[]
6792,8,[]
6807,23,[]
6849,9,[]
6866,21,[]
6904,6,[]
6915,22,[]
6955,6,[]
6966,21,[]
7004,9,[]
7021,22,[]
7061,6,[]
7072,20,[]
7108,7,[]
7121,32,[]
7179,7,[]
7192,85,[]
7345,1,[]
7347,14,[]
7373,8,[]
7388,17,[]
7419,5,[0, 1, 2, 3, 4]
7428,19,[]
7463,7,[]
7476,19,[]
7511,8,[]
7526,21,[]
7564,9,[]
7581,21,[]
7619,8,[]
7634,20,[]
7670,7,[]
7683,25,[]
7728,7,[]
7741,22,[]
7781,6,[]
7792,21,[]
7830,9,[]
7847,21,[]
7885,6,[]
7896,24,[]
7940,6,[]
7951,24,[]
7995,6,[]
8006,25,[]
8051,9,[]
8068,75,[]
8203,1,[]
8205,20,[]
8241,7,[]
8254,20,[]
8290,6,[]
8301,21,[]
8339,6,[]
8350,19,[]
8385,7,[]
8398,17,[]
8429,9,[]
8446,18,[]
8479,6,[]
8490,17,[]
8521,6,[]
8532,17,[]
8563,8,[]
8578,17,[]
8609,7,[]
8622,19,[]
8657,8,[]
8672,20,[]
8708,8,[]
8723,18,[]
8756,8,[]
8771,17,[]
8802,8,[]
8817,29,[]
8870,8,[]
0,46,[]
83,14,[]
109,12,[]
131,4,[]
139,14,[]
165,15,[]
192,16,[]
221,12,[]
243,17,[]
274,15,[]
301,14,[]
327,14,[]
353,17,[]
384,14,[]
410,11,[]
430,11,[]
450,13,[]
474,14,[]
500,12,[]
522,11,[]
542,14,[]
568,18,[]
601,14,[]
627,15,[]
654,15,[]
681,18,[]
714,18,[]
747,18,[]
780,20,[]
816,19,[]
851,72,[]
981,15,[]
1008,19,[]
1043,18,[]
1076,11,[]
1096,11,[]
1116,14,[]
1142,17,[]
1173,17,[]
1204,18,[]
1237,18,[]
1270,21,[]
1308,17,[]
1339,20,[]
1375,17,[]
1406,13,[]
1430,15,[]
1457,13,[]
1481,14,[]
1507,17,[]
1538,14,[]
1564,15,[]
1591,21,[]
1629,15,[]
1656,17,[]
1687,14,[]
1713,16,[]
1742,14,[]
1768,16,[]
1797,13,[]
1821,78,[]
1962,6,[0, 1, 2, 3, 4, 5]
1973,8,[]
1988,11,[]
2008,16,[]
2037,11,[]
2057,12,[]
2079,10,[]
2097,13,[]
2121,11,[]
2141,19,[]
2176,13,[]
2200,12,[]
2222,11,[]
2242,16,[]
2271,14,[]
2297,13,[]
2321,12,[]
2343,14,[]
2369,12,[]
2391,17,[]
2422,11,[]
2442,15,[]
2469,13,[]
2493,15,[]
2520,19,[]
2555,11,[]
2575,12,[]
2597,11,[]
2617,14,[]
2643,89,[]
2804,6,[]
2815,10,[]
2833,10,[]
2851,12,[]
2873,10,[]
2891,10,[]
2909,12,[]
2931,12,[]
2953,14,[]
2979,14,[]
3005,12,[]
3027,22,[]
3067,12,[]
3089,12,[]
3111,15,[]
3138,16,[]
3167,14,[]
3193,14,[]
3219,12,[]
3241,14,[]
3267,13,[]
3291,14,[]
3317,14,[]
3343,14,[]
3369,13,[]
3393,14,[]
3419,18,[]
3452,17,[]
3483,10,[]
3501,85,[]
3654,4,[]
3662,12,[]
3684,10,[]
3702,12,[]
3724,15,[]
3751,15,[]
3778,12,[]
3800,14,[]
3826,11,[]
3846,15,[]
3873,13,[]
3897,15,[]
3924,11,[]
3944,13,[]
3968,13,[]
3992,15,[]
4019,11,[]
4039,14,[]
4065,13,[]
4089,17,[]
4120,14,[]
4146,16,[]
4175,15,[]
4202,15,[]
4229,15,[]
4256,18,[]
4289,16,[]
4318,20,[]
4354,17,[]
4385,71,[]
4513,10,[]
4531,11,[]
4551,15,[]
4578,17,[]
4609,14,[]
4635,16,[]
4664,16,[]
4693,17,[]
4724,16,[]
4753,17,[]
4784,17,[]
4815,20,[]
4851,19,[]
4886,16,[0, 1, 2, 3, 4, 5, 6, 7, 8, 9, 10, 11, 12, 13]
4915,16,[]
4944,15,[]
4971,16,[]
5000,16,[]
5029,13,[]
5053,26,[]
5100,13,[]
5124,13,[]
5148,14,[]
5174,19,[]
5209,16,[]
5238,16,[]
5267,16,[]
5296,14,[]
5322,13,[]
5346,78,[]
5487,8,[]
5502,10,[]
5520,12,[]
5542,21,[]
5580,12,[]
5602,9,[]
5619,15,[]
5646,18,[]
5679,15,[]
5706,16,[]
5735,14,[]
5761,14,[]
5787,13,[]
5811,14,[]
5837,20,[]
5873,17,[]
5904,11,[1, 2, 3, 4, 5, 6, 7, 8, 9, 10]
5924,12,[]
5946,10,[]
5964,18,[]
5997,14,[]
6023,15,[]
6050,19,[]
6085,12,[]
6107,11,[]
6127,12,[]
6149,16,[]
6178,16,[]
6207,12,[]
6229,84,[]
6381,6,[]
6392,12,[]
6414,10,[]
6432,15,[]
6459,12,[]
6481,14,[]
6507,13,[]
6531,18,[]
6564,10,[]
6582,14,[]
6608,11,[0, 1, 2, 3, 4, 5, 6, 7, 8, 9]
6628,13,[]
6652,13,[]
6676,15,[]
6703,12,[]
6725,16,[]
6754,10,[]
6772,15,[]
6799,11,[]
6819,14,[]
6845,13,[]
6869,14,[]
6895,13,[]
6919,13,[]
6943,13,[]
6967,14,[]
6993,13,[]
7017,18,[]
7050,10,[]
7068,85,[]
7221,5,[]
7230,11,[]
7250,14,[]
7276,17,[]
7307,11,[]
7327,12,[]
7349,10,[]
7367,13,[]
7391,14,[]
7417,13,[]
7441,13,[]
7465,14,[]
7491,16,[]
7520,10,[]
7538,11,[]
7558,20,[]
7594,11,[]
7614,12,[]
7636,10,[]
7654,11,[]
7674,17,[]
7705,15,[]
7732,14,[]
7758,20,[]
7794,13,[]
7818,14,[]
7844,13,[]
7868,14,[]
7894,15,[]
7921,84,[]
8073,6,[]
8084,12,[]
8106,11,[]
8126,13,[]
8150,11,[]
8170,12,[]
8192,13,[]
8216,17,[]
8247,12,[]
8269,15,[]
8296,15,[]
8323,20,[]
8359,19,[]
8394,22,[]
8434,22,[]
8474,20,[]
8510,20,[]
8546,19,[]
8581,18,[]
8614,19,[]
8649,19,[]
8684,18,[]
8717,19,[]
8752,20,[]
8788,16,[]
8817,17,[]
8848,17,[]
8879,16,[]
8908,15,[]
0,21,[]
38,5,[]
47,8,[]
62,15,[]
89,14,[]
115,11,[]
135,13,[]
159,12,[]
181,15,[]
208,12,[]
230,14,[]
256,12,[]
278,14,[]
304,11,[]
324,12,[]
346,14,[]
372,19,[]
407,20,[]
443,20,[]
479,22,[]
519,22,[]
559,14,[]
585,16,[]
614,15,[]
641,18,[]
674,14,[]
700,17,[0, 1, 2, 3, 4, 5, 6, 7, 8, 9, 10, 11, 12, 13, 14, 15, 16]
731,19,[]
766,23,[]
808,16,[]
837,94,[]
1007,29,[]
1060,10,[0, 1, 2, 3, 4, 5, 6, 7, 8, 9]
1078,8,[]
1093,8,[]
1108,11,[]
1128,15,[]
1155,12,[]
1177,14,[]
1203,11,[]
1223,12,[]
1245,12,[]
1267,15,[2, 3, 4, 5, 6, 7, 8, 9, 10, 11, 12, 13, 14]
1294,15,[]
1321,14,[]
1347,14,[]
1373,15,[]
1400,11,[]
1420,16,[]
1449,13,[]
1473,15,[]
1500,12,[]
1522,14,[]
1548,14,[]
1574,13,[]
1598,14,[]
1624,15,[]
1651,12,[]
1673,15,[]
1700,13,[]
1724,82,[]
1872,9,[]
1889,12,[]
1911,11,[]
1931,12,[]
1953,12,[]
1975,12,[]
1997,12,[]
2019,16,[]
2048,15,[]
2075,16,[]
2104,15,[]
2131,16,[]
2160,14,[]
2186,16,[]
2215,14,[]
2241,16,[]
2270,15,[]
2297,15,[]
2324,15,[]
2351,15,[]
2378,16,[]
2407,14,[]
2433,13,[]
2457,16,[]
2486,16,[]
2515,17,[]
2546,14,[]
2572,19,[]
2607,14,[]
2633,78,[]
2774,9,[]
2791,13,[]
2815,13,[]
2839,16,[]
2868,13,[]
2892,14,[]
2918,16,[]
2947,16,[]
2976,14,[]
3002,15,[]
3029,13,[]
3053,15,[]
3080,14,[]
3106,15,[]
3133,13,[]
3157,15,[]
3184,12,[]
3206,15,[]
3233,14,[]
3259,16,[]
3288,13,[]
3312,13,[]
3336,13,[]
3360,16,[]
3389,13,[]
3413,14,[]
3439,13,[]
3463,14,[0, 1, 2, 3, 4, 5, 6, 7, 8, 9, 10, 11, 12]
3489,15,[]
3516,79,[]
3659,7,[]
3672,11,[]
3692,13,[]
3716,15,[]
3743,15,[]
3770,16,[]
3799,13,[]
3823,17,[]
3854,15,[]
3881,16,[]
3910,14,[]
3936,15,[]
3963,13,[]
3987,22,[]
4027,14,[]
4053,19,[]
4088,15,[]
4115,17,[]
4146,15,[]
4173,17,[]
4204,13,[]
4228,15,[]
4255,14,[]
4281,15,[]
4308,13,[]
4332,13,[]
4356,13,[]
4380,17,[]
4411,15,[]
4438,81,[]
4584,10,[]
4602,13,[]
4626,13,[]
4650,15,[]
4677,15,[]
4704,16,[]
4733,15,[]
4760,8,[]
4775,19,[]
4810,15,[]
4837,15,[]
4864,16,[]
4893,13,[]
4917,15,[]
4944,14,[]
4970,15,[]
4997,15,[]
5024,14,[]
5050,13,[]
5074,14,[]
5100,13,[]
5124,15,[]
5151,14,[]
5177,15,[]
5204,14,[]
5230,16,[]
5259,15,[]
5286,19,[]
5321,15,[]
5348,80,[]
5492,11,[]
5512,13,[]
5536,15,[]
5563,14,[]
5589,13,[]
5613,14,[]
5639,13,[]
5663,13,[]
5687,13,[]
5711,15,[]
5738,14,[]
5764,17,[]
5795,18,[]
5828,16,[]
5857,16,[]
5886,16,[]
5915,15,[]
5942,16,[]
5971,17,[]
6002,16,[]
6031,16,[]
6060,17,[]
6091,13,[]
6115,14,[]
6141,14,[]
6167,13,[]
6191,12,[]
6213,13,[]
6237,17,[]
6268,83,[]
6418,8,[]
6433,13,[]
6457,11,[]
6477,15,[]
6504,15,[]
6531,10,[0, 1, 2, 3, 4, 5, 6, 7, 8, 9]
6549,16,[]
6578,17,[]
6609,13,[]
6633,15,[]
6660,16,[]
6689,19,[]
6724,17,[]
6755,17,[]
6786,17,[]
6817,19,[]
6852,15,[]
6879,17,[]
6910,15,[]
6937,17,[]
6968,15,[]
6995,17,[]
7026,14,[]
7052,17,[]
7083,15,[]
7110,16,[]
7139,14,[]
7165,21,[]
7203,15,[]
7230,79,[]
7373,7,[]
7386,11,[]
7406,12,[]
7428,12,[]
7450,12,[]
7472,14,[]
7498,12,[]
7520,13,[]
7544,14,[]
7570,17,[]
7601,14,[]
7627,14,[]
7653,12,[]
7675,13,[]
7699,12,[]
7721,15,[]
7748,12,[]
7770,12,[]
7792,15,[]
7819,13,[]
7843,14,[]
7869,16,[]
7898,15,[]
7925,16,[]
7954,12,[]
7976,15,[]
8003,15,[]
8030,13,[]
8054,12,[]
8076,80,[]
8220,8,[]
8235,11,[]
8255,6,[0, 1, 2, 3, 4, 5]
8266,17,[]
8297,16,[]
8326,18,[]
8359,13,[]
8383,16,[]
8412,14,[]
8438,16,[]
8467,16,[]
8496,17,[]
8527,16,[]
8556,16,[]
8585,13,[]
8609,18,[]
8642,15,[]
8669,15,[]
8696,15,[]
8723,17,[]
8754,17,[]
8785,17,[]
8816,15,[]
8843,16,[]
8872,16,[]
8901,16,[]
8930,14,[]
8956,16,[]
8985,13,[]
0,17,[]
31,1,[]
33,9,[]
50,12,[0, 1, 2, 3, 4, 5, 6, 7, 8, 9, 10, 11]
72,11,[]
92,9,[]
109,10,[]
127,8,[]
142,9,[]
159,6,[0, 1, 2, 3, 4, 5]
170,8,[]
185,8,[]
200,10,[]
218,7,[]
231,9,[]
248,11,[]
268,14,[]
294,8,[]
309,12,[]
331,12,[]
353,19,[]
388,15,[]
415,16,[]
444,15,[]
471,12,[]
493,26,[]
540,9,[]
557,13,[]
581,17,[]
612,14,[]
638,100,[]
818,6,[]
829,5,[]
838,6,[0, 1, 2, 3, 4, 5]
849,8,[]
864,12,[]
886,17,[]
917,15,[]
944,15,[]
971,12,[]
993,13,[]
1017,16,[]
1046,14,[]
1072,16,[]
1101,13,[]
1125,11,[]
1145,13,[]
1169,13,[]
1193,14,[]
1219,13,[]
1243,14,[]
1269,11,[]
1289,12,[]
1311,13,[]
1335,15,[]
1362,25,[]
1407,16,[]
1436,11,[]
1456,15,[]
1483,10,[]
1501,104,[]
1689,7,[]
1702,5,[]
1711,12,[]
1733,11,[]
1753,12,[]
1775,12,[0, 1, 2, 3, 4, 5, 6, 7, 8, 9, 10]
1797,10,[]
1815,13,[]
1839,12,[]
1861,12,[]
1883,10,[]
1901,11,[]
1921,11,[]
1941,14,[]
1967,10,[]
1985,11,[]
2005,10,[]
2023,11,[]
2043,13,[]
2067,15,[]
2094,12,[]
2116,11,[]
2136,11,[0, 1, 2, 3, 4, 5, 6, 7, 8, 9, 10]
2156,14,[]
2182,13,[]
2206,23,[]
2248,16,[]
2277,15,[]
2304,11,[]
2324,103,[]
2510,7,[]
2523,11,[]
2543,12,[]
2565,13,[]
2589,13,[]
2613,16,[]
2642,12,[]
2664,9,[]
2681,13,[]
2705,14,[]
2731,13,[]
2755,17,[]
2786,13,[]
2810,14,[]
2836,14,[]
2862,18,[]
2895,16,[]
2924,17,[]
2955,15,[]
2982,18,[]
3015,16,[]
3044,16,[]
3073,16,[]
3102,18,[]
3135,15,[]
3162,15,[]
3189,26,[]
3236,13,[]
3260,13,[]
3284,104,[]
3472,7,[]
3485,9,[]
3502,11,[]
3522,15,[]
3549,12,[]
3571,12,[]
3593,13,[]
3617,16,[]
3646,15,[]
3673,15,[]
3700,15,[]
3727,15,[]
3754,14,[]
3780,8,[]
3795,15,[]
3822,15,[]
3849,14,[]
3875,14,[]
3901,14,[]
3927,17,[]
3958,16,[]
3987,15,[]
4014,14,[]
4040,17,[]
4071,9,[]
4088,13,[]
4112,15,[]
4139,14,[]
4165,9,[]
4182,114,[]
4388,7,[]
4401,10,[]
4419,12,[]
4441,11,[]
4461,11,[]
4481,10,[]
4499,10,[]
4517,11,[]
4537,11,[]
4557,10,[]
4575,10,[]
4593,12,[]
4615,11,[]
4635,12,[]
4657,12,[]
4679,14,[]
4705,12,[]
4727,12,[]
4749,12,[]
4771,15,[]
4798,11,[]
4818,14,[]
4844,12,[]
4866,14,[]
4892,13,[]
4916,11,[]
4936,12,[]
4958,13,[]
4982,15,[]
5009,114,[]
5215,6,[]
5226,9,[]
5243,12,[]
5265,13,[]
5289,14,[0, 1, 2, 3, 4, 5, 6, 7, 8, 9, 10, 11, 12, 13]
5315,16,[]
5344,15,[]
5371,8,[]
5386,16,[]
5415,13,[]
5439,13,[]
5463,15,[]
5490,12,[]
5512,12,[]
5534,13,[]
5558,15,[]
5585,11,[]
5605,16,[]
5634,11,[]
5654,12,[]
5676,11,[]
5696,14,[]
5722,13,[]
5746,15,[]
5773,14,[]
5799,13,[]
5823,13,[]
5847,16,[]
5876,11,[]
5896,111,[]
6096,17,[]
6127,11,[]
6147,17,[]
6178,18,[]
6211,16,[]
6240,14,[]
6266,16,[]
6295,20,[]
6331,19,[]
6366,19,[]
6401,18,[]
6434,24,[]
6478,22,[]
6518,19,[]
6553,23,[]
6595,24,[]
6639,24,[]
6683,25,[]
6728,21,[]
6766,22,[]
6806,19,[]
6841,19,[]
6876,13,[]
6900,21,[]
6938,15,[]
6965,15,[]
6992,12,[]
7014,15,[]
7041,15,[]
7068,108,[]
7263,7,[]
7276,12,[]
7298,22,[]
7338,10,[]
7356,14,[]
7382,16,[]
7411,17,[]
7442,19,[]
7477,17,[]
7508,17,[]
7539,9,[]
7556,16,[]
7585,15,[]
7612,14,[]
7638,16,[0, 1, 2, 3, 4, 5, 6, 7, 8, 9, 10, 11, 12, 13]
7667,19,[]
7702,35,[]
7765,8,[]
7780,17,[]
7811,17,[]
7842,13,[]
7866,11,[]
7886,15,[]
7913,26,[]
7960,28,[]
8011,20,[]
8047,20,[]
8083,12,[]
8105,10,[]
8123,106,[]
8314,6,[]
8325,11,[]
8345,13,[]
8369,12,[]
8391,9,[]
8408,9,[]
8425,10,[]
8443,11,[]
8463,23,[]
8505,14,[]
8531,10,[]
8549,13,[]
8573,12,[]
8595,13,[]
8619,15,[]
8646,16,[]
8675,7,[]
8688,16,[]
8717,8,[]
8732,17,[]
8763,14,[]
8789,13,[]
8813,12,[]
8835,13,[]
8859,12,[]
8881,11,[]
8901,13,[]
8925,13,[]
8949,14,[]
0,51,[]
92,1,[]
94,1,[]
96,1,[]
98,5,[]
107,21,[]
145,7,[]
158,31,[]
214,3,[]
220,14,[]
246,6,[]
257,20,[]
293,8,[]
308,32,[]
366,10,[]
384,21,[]
422,22,[]
462,10,[]
480,7,[]
493,25,[]
538,27,[]
587,7,[]
600,23,[]
642,8,[]
657,9,[0, 1, 2, 3, 4, 5, 6, 7, 8]
674,25,[]
719,24,[]
763,9,[]
780,3,[]
786,8,[]
801,140,[]
1053,1,[]
1055,17,[]
1086,5,[]
1095,16,[]
1124,5,[]
1133,24,[]
1177,8,[]
1192,23,[]
1234,6,[]
1245,28,[]
1296,8,[]
1311,22,[]
1351,4,[]
1359,25,[]
1404,4,[]
1412,25,[]
1457,23,[]
1499,7,[]
1512,23,[]
1554,8,[]
1569,12,[]
1591,13,[]
1615,53,[]
1711,4,[]
1719,18,[]
1752,9,[]
1769,25,[]
1814,9,[]
1831,22,[]
1871,112,[]
2073,19,[]
2108,5,[]
2117,20,[]
2153,9,[]
2170,19,[]
2205,3,[]
2211,7,[]
2224,38,[]
2293,9,[]
2310,4,[]
2318,19,[]
2353,22,[]
2393,9,[]
2410,36,[]
2475,9,[]
2492,16,[]
2521,9,[]
2538,26,[]
2585,5,[]
2594,22,[]
2634,7,[]
2647,23,[]
2689,7,[]
2702,10,[]
2720,52,[]
2814,5,[]
2823,9,[]
2840,19,[]
2875,2,[]
2879,105,[]
3068,1,[]
3070,17,[]
3101,23,[]
3143,8,[]
3158,21,[]
3196,7,[]
3209,36,[]
3274,6,[]
3285,17,[]
3316,6,[]
3327,24,[]
3371,6,[]
3382,22,[]
3422,7,[]
3435,22,[]
3475,26,[]
3522,9,[]
3539,7,[]
3552,23,[]
3594,6,[]
3605,8,[]
3620,45,[]
3701,4,[]
3709,7,[]
3722,18,[]
3755,7,[]
3768,19,[]
3803,10,[]
3821,20,[]
3857,95,[]
4028,10,[]
4046,12,[]
4068,5,[]
4077,24,[]
4121,3,[]
4127,13,[]
4151,5,[]
4160,19,[]
4195,8,[]
4210,17,[]
4241,8,[]
4256,16,[]
4285,15,[]
4312,6,[]
4323,7,[]
4336,23,[]
4378,4,[]
4386,6,[]
4397,51,[]
4489,4,[]
4497,8,[]
4512,17,[]
4543,4,[]
4551,21,[]
4589,16,[]
4618,7,[]
4631,23,[]
4673,9,[]
4690,6,[]
4701,88,[]
4860,1,[]
4862,1,[]
4864,16,[]
4893,6,[]
4904,15,[]
4931,6,[]
4942,16,[]
4971,7,[]
4984,19,[]
5019,7,[]
5032,27,[]
5081,8,[]
5096,17,[]
5127,7,[]
5140,19,[]
5175,6,[]
5186,18,[]
5219,8,[]
5234,7,[]
5247,22,[]
5287,6,[]
5298,40,[]
5370,5,[]
5379,16,[]
5408,7,[]
5421,20,[]
5457,8,[]
5472,31,[]
5528,4,[]
5536,89,[]
5697,8,[]
5712,8,[]
5727,6,[]
5738,15,[]
5765,5,[]
5774,12,[]
5796,4,[]
5804,16,[]
5833,15,[]
5860,8,[]
5875,22,[]
5915,9,[]
5932,26,[]
5979,9,[]
5996,16,[]
6025,7,[]
6038,8,[]
6053,68,[]
6176,4,[]
6184,5,[]
6193,5,[0, 1, 2, 3, 4]
6202,23,[]
6244,6,[]
6255,6,[]
6266,34,[]
6328,5,[]
6337,7,[]
6350,32,[]
6408,6,[]
6419,96,[]
6592,19,[]
6627,4,[]
6635,13,[]
6659,12,[]
6681,4,[]
6689,32,[]
6747,5,[]
6756,15,[]
6783,6,[]
6794,16,[]
6823,7,[]
6836,16,[]
6865,5,[]
6874,21,[]
6912,6,[]
6923,19,[]
6958,7,[]
6971,11,[]
6991,32,[]
7049,9,[0, 1, 2, 3, 4, 5, 6, 7, 8]
7066,8,[]
7081,17,[]
7112,9,[]
7129,16,[]
7158,6,[]
7169,18,[]
7202,8,[]
7217,19,[]
7252,18,[]
7285,93,[]
7453,9,[]
7470,7,[]
7483,8,[]
7498,6,[]
7509,26,[]
7556,7,[0, 1, 2, 3, 4, 5, 6]
7569,17,[]
7600,8,[]
7615,17,[]
7646,31,[]
7702,9,[]
7719,7,[]
7732,22,[]
7772,7,[]
7785,20,[]
7821,5,[]
7830,7,[]
7843,32,[]
7901,6,[]
7912,6,[]
7923,19,[]
7958,18,[]
7991,9,[]
8008,17,[]
8039,8,[]
8054,16,[]
8083,8,[]
8098,16,[]
8127,7,[]
8140,90,[]
8302,1,[]
8304,17,[]
8335,3,[]
8341,5,[]
8350,13,[]
8374,8,[]
8389,7,[]
8402,15,[]
8429,6,[]
8440,15,[]
8467,6,[]
8478,14,[]
8504,7,[]
8517,31,[]
8573,10,[]
8591,13,[]
8615,9,[]
8632,14,[]
8658,12,[]
8680,7,[]
8693,16,[]
8722,6,[]
8733,17,[2, 3, 4, 5, 6, 7, 8, 9, 10, 11, 12, 13, 14, 15, 16]
8764,7,[]
8777,16,[]
8806,5,[]
8815,15,[]
8842,6,[]
8853,29,[]
0,30,[]
54,1,[]
56,15,[]
83,5,[]
92,20,[]
128,6,[]
139,22,[]
179,10,[]
197,23,[]
239,9,[]
256,18,[]
289,17,[]
320,11,[]
340,10,[]
358,22,[]
398,8,[]
413,21,[]
451,9,[]
468,17,[]
499,6,[]
510,17,[]
541,6,[]
552,28,[]
603,18,[]
636,7,[]
649,29,[]
702,7,[]
715,9,[]
732,20,[]
768,6,[]
779,75,[]
914,1,[]
916,11,[]
936,9,[]
953,6,[]
964,15,[]
991,11,[]
1011,23,[]
1053,8,[]
1068,22,[]
1108,6,[]
1119,12,[]
1141,18,[]
1174,12,[]
1196,20,[]
1232,6,[]
1243,21,[]
1281,18,[]
1314,12,[]
1336,22,[]
1376,8,[]
1391,23,[]
1433,6,[]
1444,24,[]
1488,14,[]
1514,16,[]
1543,21,[]
1581,11,[]
1601,21,[]
1639,16,[]
1668,83,[]
1818,13,[]
1842,6,[]
1853,16,[]
1882,12,[]
1904,20,[]
1940,9,[]
1957,20,[]
1993,10,[0, 1, 2, 3, 4, 5, 6, 7, 8, 9]
2011,11,[]
2031,22,[]
2071,16,[]
2100,13,[]
2124,18,[]
2157,12,[]
2179,21,[]
2217,8,[]
2232,22,[]
2272,6,[]
2283,20,[]
2319,8,[]
2334,22,[]
2374,12,[]
2396,20,[]
2432,8,[]
2447,17,[]
2478,13,[]
2502,20,[]
2538,8,[0, 1, 2, 3, 4, 5, 6, 7]
2553,19,[]
2588,85,[]
2741,9,[]
2758,6,[]
2769,17,[]
2800,7,[]
2813,21,[]
2851,7,[]
2864,17,[]
2895,10,[]
2913,16,[]
2942,12,[]
2964,19,[]
2999,8,[]
3014,21,[]
3052,6,[]
3063,20,[]
3099,8,[]
3114,20,[]
3150,12,[]
3172,20,[]
3208,8,[]
3223,21,[]
3261,11,[]
3281,22,[]
3321,7,[]
3334,17,[]
3365,12,[]
3387,19,[]
3422,8,[]
3437,16,[]
3466,82,[]
3614,13,[]
3638,5,[]
3647,19,[]
3682,7,[]
3695,20,[]
3731,11,[]
3751,18,[]
3784,13,[]
3808,31,[]
3864,22,[]
3904,30,[]
3958,22,[]
3998,19,[]
4033,21,[]
4071,22,[]
4111,21,[]
4149,21,[]
4187,27,[]
4236,6,[]
4247,17,[]
4278,10,[]
4296,29,[]
4349,12,[]
4371,22,[]
4411,9,[]
4428,21,[]
4466,14,[]
4492,21,[]
4530,7,[]
4543,73,[]
4675,1,[]
4677,14,[]
4703,10,[]
4721,15,[1, 2, 3, 4, 5, 6, 7, 8, 9, 10, 11, 12, 13, 14]
4748,12,[]
4770,19,[]
4805,12,[]
4827,17,[]
4858,10,[]
4876,19,[]
4911,11,[]
4931,20,[]
4967,6,[]
4978,19,[]
5013,6,[]
5024,21,[]
5062,15,[]
5089,8,[]
5104,10,[]
5122,21,[]
5160,7,[]
5173,17,[]
5204,6,[]
5215,15,[]
5242,12,[]
5264,14,[]
5290,12,[]
5312,15,[]
5339,14,[]
5365,86,[]
5520,9,[]
5537,6,[]
5548,8,[]
5563,16,[]
5592,8,[]
5607,12,[]
5629,11,[]
5649,15,[]
5676,9,[]
5693,13,[]
5717,14,[]
5743,8,[]
5758,15,[]
5785,9,[]
5802,14,[]
5828,11,[]
5848,11,[]
5868,19,[]
5903,8,[0, 1, 2, 3, 4, 5, 6, 7]
5918,19,[]
5953,7,[]
5966,17,[]
5997,12,[]
6019,14,[]
6045,14,[]
6071,8,[]
6086,18,[]
6119,9,[]
6136,17,[]
6167,89,[]
6328,1,[]
6330,11,[]
6350,9,[]
6367,13,[]
6391,14,[]
6417,8,[]
6432,19,[]
6467,8,[]
6482,19,[]
6517,6,[]
6528,19,[]
6563,8,[]
6578,19,[]
6613,12,[]
6635,21,[]
6673,6,[]
6684,17,[]
6715,12,[]
6737,19,[]
6772,6,[]
6783,18,[]
6816,12,[]
6838,20,[]
6874,6,[]
6885,18,[]
6918,11,[]
6938,20,[]
6974,12,[]
6996,18,[]
7029,87,[]
7186,8,[]
7201,12,[]
7223,11,[]
7243,13,[]
7267,16,[]
7296,9,[0, 1, 2, 3, 4, 5, 6, 7, 8]
7313,17,[]
7344,8,[]
7359,19,[]
7394,7,[]
7407,17,[]
7438,9,[]
7455,18,[]
7488,11,[]
7508,18,[]
7541,11,[]
7561,17,[]
7592,11,[]
7612,17,[]
7643,11,[]
7663,18,[]
7696,11,[]
7716,17,[]
7747,11,[]
7767,18,[]
7800,11,[]
7820,17,[]
7851,10,[]
7869,17,[]
7900,99,[]
8079,10,[]
8097,8,[]
8112,13,[]
8136,7,[]
8149,20,[]
8185,5,[]
8194,19,[]
8229,8,[]
8244,21,[]
8282,11,[]
8302,20,[]
8338,8,[]
8353,21,[]
8391,8,[]
8406,20,[]
8442,10,[]
8460,20,[]
8496,12,[]
8518,20,[]
8554,11,[]
8574,20,[]
8610,10,[]
8628,22,[]
8668,12,[]
8690,20,[]
8726,10,[]
8744,22,[]
8784,11,[]
8804,15,[]
0,52,[]
94,6,[]
105,7,[]
118,12,[]
140,12,[]
162,11,[]
182,11,[]
202,12,[]
224,11,[]
244,8,[]
259,10,[]
277,10,[]
295,13,[]
319,11,[]
339,11,[]
359,10,[]
377,12,[]
399,10,[]
417,12,[]
439,12,[]
461,13,[]
485,12,[]
507,14,[]
533,18,[]
566,18,[]
599,18,[]
632,19,[]
667,18,[]
700,16,[]
729,28,[]
780,125,[]
1005,10,[]
1023,12,[]
1045,19,[]
1080,7,[]
1093,9,[]
1110,26,[]
1157,14,[]
1183,16,[]
1212,14,[]
1238,16,[]
1267,14,[]
1293,15,[]
1320,17,[]
1351,12,[]
1373,17,[]
1404,16,[]
1433,12,[]
1455,18,[]
1488,12,[]
1510,15,[]
1537,15,[]
1564,17,[]
1595,14,[]
1621,22,[]
1661,11,[]
1681,13,[]
1705,18,[]
1738,17,[]
1769,30,[]
1823,120,[]
2039,5,[]
2048,7,[]
2061,9,[]
2078,13,[]
2102,11,[]
2122,14,[]
2148,12,[]
2170,13,[]
2194,12,[]
2216,12,[]
2238,11,[]
2258,13,[]
2282,9,[]
2299,14,[]
2325,14,[]
2351,15,[]
2378,11,[]
2398,12,[]
2420,11,[]
2440,12,[]
2462,11,[]
2482,13,[]
2506,11,[]
2526,14,[]
2552,10,[]
2570,12,[]
2592,12,[]
2614,13,[]
2638,19,[]
2673,113,[]
2877,5,[]
2886,10,[]
2904,10,[]
2922,11,[]
2942,10,[]
2960,11,[]
2980,12,[]
3002,13,[]
3026,12,[]
3048,13,[]
3072,13,[]
3096,14,[]
3122,12,[]
3144,14,[]
3170,12,[]
3192,15,[]
3219,12,[]
3241,14,[0, 1, 2, 3, 4, 5, 6, 7, 8, 9, 10, 11, 12]
3267,10,[]
3285,14,[]
3311,11,[]
3331,15,[]
3358,14,[]
3384,15,[]
3411,11,[]
3431,13,[]
3455,11,[]
3475,12,[]
3497,24,[]
3541,118,[]
3754,7,[]
3767,10,[]
3785,11,[]
3805,13,[]
3829,10,[]
3847,13,[]
3871,12,[]
3893,15,[]
3920,12,[]
3942,13,[]
3966,12,[]
3988,14,[]
4014,16,[]
4043,16,[]
4072,14,[]
4098,18,[]
4131,12,[]
4153,14,[]
4179,13,[]
4203,15,[]
4230,13,[]
4254,13,[]
4278,13,[]
4302,17,[]
4333,11,[]
4353,13,[]
4377,12,[]
4399,14,[]
4425,24,[]
4469,125,[]
4694,6,[]
4705,12,[]
4727,11,[]
4747,11,[]
4767,12,[]
4789,11,[]
4809,12,[]
4831,15,[]
4858,13,[]
4882,14,[]
4908,14,[]
4934,15,[2, 3, 4, 5, 6, 7, 8, 9, 10, 11, 12, 13, 14]
4961,14,[]
4987,16,[]
5016,13,[]
5040,18,[]
5073,12,[]
5095,13,[]
5119,12,[]
5141,15,[]
5168,16,[]
5197,17,[]
5228,14,[]
5254,23,[]
5296,12,[]
5318,13,[]
5342,10,[]
5360,11,[]
5380,27,[]
5429,129,[]
5662,4,[]
5670,11,[]
5690,10,[]
5708,12,[]
5730,10,[]
5748,11,[]
5768,13,[]
5792,14,[]
5818,12,[]
5840,13,[]
5864,15,[]
5891,16,[]
5920,15,[]
5947,18,[]
5980,12,[]
6002,16,[]
6031,12,[]
6053,14,[]
6079,12,[]
6101,18,[]
6134,13,[]
6158,16,[]
6187,11,[]
6207,14,[]
6233,11,[]
6253,13,[]
6277,12,[]
6299,15,[]
6326,28,[]
6377,136,[]
6622,3,[]
6628,8,[]
6643,9,[]
6660,11,[]
6680,8,[]
6695,9,[]
6712,11,[]
6732,13,[]
6756,13,[]
6780,15,[]
6807,13,[]
6831,13,[]
6855,10,[]
6873,10,[]
6891,11,[]
6911,11,[]
6931,11,[]
6951,10,[]
6969,11,[]
6989,13,[]
7013,14,[]
7039,15,[]
7066,16,[]
7095,18,[]
7128,11,[]
7148,13,[]
7172,10,[]
7190,14,[]
7216,30,[]
7270,137,[]
7517,4,[]
7525,5,[]
7534,8,[]
7549,9,[]
7566,8,[]
7581,9,[]
7598,11,[]
7618,13,[]
7642,10,[]
7660,13,[]
7684,12,[]
7706,11,[]
7726,13,[]
7750,12,[]
7772,13,[]
7796,13,[]
7820,17,[]
7851,14,[]
7877,16,[]
7906,11,[]
7926,14,[]
7952,12,[]
7974,13,[]
7998,14,[]
8024,19,[]
8059,13,[]
8083,14,[]
8109,12,[]
8131,34,[]
8193,129,[]
8426,4,[]
8434,5,[]
8443,7,[]
8456,11,[]
8476,9,[]
8493,9,[]
8510,9,[]
8527,11,[]
8547,12,[]
8569,11,[]
8589,8,[]
8604,11,[]
8624,11,[]
8644,12,[]
8666,11,[]
8686,13,[]
8710,15,[]
8737,12,[]
8759,12,[]
8781,16,[]
8810,9,[]
8827,10,[]
8845,12,[]
8867,13,[]
8891,10,[]
8909,11,[]
8929,11,[]
8949,14,[]
8975,3,[]
0,48,[]
87,7,[]
100,7,[]
113,9,[]
130,12,[]
152,19,[]
187,8,[]
202,7,[]
215,7,[]
228,7,[]
241,13,[]
265,11,[]
285,11,[]
305,11,[]
325,9,[]
342,10,[]
360,13,[]
384,9,[]
401,11,[]
421,10,[]
439,12,[]
461,12,[]
483,12,[]
505,16,[]
534,10,[]
552,14,[]
578,14,[]
604,15,[]
631,15,[]
658,14,[]
684,137,[]
931,5,[]
940,10,[]
958,10,[]
976,7,[]
989,4,[]
997,9,[]
1014,11,[]
1034,8,[]
1049,8,[]
1064,9,[]
1081,10,[]
1099,11,[]
1119,10,[]
1137,8,[]
1152,11,[]
1172,9,[]
1189,13,[]
1213,12,[]
1235,12,[]
1257,9,[]
1274,9,[]
1291,11,[]
1311,12,[]
1333,10,[]
1351,11,[]
1371,14,[]
1397,15,[]
1424,8,[]
1439,9,[]
1456,135,[]
1699,3,[]
1705,8,[]
1720,7,[]
1733,8,[]
1748,9,[]
1765,10,[]
1783,11,[]
1803,10,[]
1821,12,[]
1843,11,[]
1863,13,[]
1887,9,[0, 1, 2, 3, 4, 5, 6, 7, 8]
1904,10,[]
1922,16,[]
1951,14,[]
1977,10,[]
1995,11,[]
2015,11,[]
2035,13,[]
2059,11,[]
2079,19,[]
2114,17,[]
2145,15,[]
2172,18,[]
2205,19,[]
2240,18,[]
2273,18,[]
2306,18,[]
2339,25,[]
2384,88,[]
2543,11,[]
2563,11,[]
2583,13,[0, 1, 2, 3, 4, 5, 6, 7, 8, 9, 10, 11, 12]
2607,14,[]
2633,11,[]
2653,12,[]
2675,16,[]
2704,24,[]
2748,14,[]
2774,20,[]
2810,18,[]
2843,19,[0, 1, 2, 3, 4, 5, 6, 7, 8, 9, 10, 11, 12, 13, 14, 15, 16]
2878,22,[]
2918,17,[]
2949,14,[]
2975,14,[]
3001,23,[]
3043,14,[]
3069,16,[]
3098,19,[]
3133,22,[]
3173,16,[]
3202,18,[]
3235,19,[]
3270,19,[]
3305,17,[]
3336,19,[]
3371,18,[]
3404,15,[]
3431,80,[]
3575,11,[]
3595,18,[]
3628,12,[]
3650,13,[]
3674,11,[]
3694,14,[]
3720,16,[]
3749,18,[]
3782,17,[]
3813,16,[]
3842,14,[]
3868,14,[]
3894,14,[]
3920,15,[]
3947,15,[]
3974,18,[]
4007,13,[]
4031,16,[]
4060,14,[]
4086,15,[]
4113,12,[]
4135,15,[]
4162,15,[]
4189,13,[]
4213,14,[]
4239,15,[]
4266,17,[]
4297,14,[]
4323,16,[]
4352,95,[]
4523,10,[]
4541,16,[]
4570,14,[]
4596,16,[]
4625,17,[]
4656,19,[]
4691,20,[]
4727,17,[]
4758,17,[]
4789,18,[]
4822,19,[]
4857,21,[]
4895,19,[]
4930,18,[]
4963,18,[]
4996,19,[]
5031,19,[]
5066,22,[]
5106,20,[]
5142,19,[]
5177,19,[]
5212,18,[]
5245,16,[]
5274,24,[]
5318,20,[]
5354,17,[]
5385,18,[]
5418,19,[]
5453,20,[]
5489,74,[]
5623,8,[]
5638,9,[]
5655,12,[]
5677,12,[]
5699,14,[]
5725,13,[]
5749,11,[]
5769,14,[]
5795,16,[]
5824,14,[]
5850,16,[]
5879,16,[]
5908,16,[]
5937,12,[]
5959,12,[]
5981,10,[]
5999,10,[]
6017,17,[]
6048,19,[]
6083,17,[]
6114,9,[0, 1, 2, 3, 4, 5, 6, 7, 8]
6131,13,[]
6155,12,[]
6177,12,[]
6199,13,[]
6223,12,[]
6245,14,[]
6271,11,[]
6291,16,[]
6320,73,[]
6452,6,[]
6463,6,[]
6474,8,[0, 1, 2, 3, 4, 5, 6, 7]
6489,11,[]
6509,7,[]
6522,9,[]
6539,11,[]
6559,11,[]
6579,12,[]
6601,9,[]
6618,15,[]
6645,14,[]
6671,12,[]
6693,9,[0, 1, 2, 3, 4, 5, 6, 7, 8]
6710,14,[]
6736,14,[]
6762,14,[]
6788,11,[]
6808,13,[]
6832,14,[]
6858,15,[]
6885,11,[]
6905,11,[]
6925,14,[]
6951,14,[]
6977,11,[]
6997,9,[]
7014,16,[]
7043,15,[]
7070,85,[]
7223,2,[]
7227,9,[]
7244,11,[]
7264,10,[]
7282,7,[]
7295,12,[]
7317,12,[]
7339,14,[]
7365,11,[]
7385,13,[]
7409,10,[]
7427,12,[]
7449,8,[]
7464,12,[]
7486,14,[]
7512,12,[]
7534,7,[]
7547,10,[]
7565,13,[]
7589,10,[]
7607,8,[]
7622,10,[]
7640,15,[]
7667,13,[]
7691,9,[]
7708,11,[]
7728,9,[]
7745,11,[]
7765,10,[]
7783,100,[]
7963,2,[]
7967,6,[]
7978,8,[]
7993,11,[]
8013,7,[]
8026,10,[]
8044,9,[0, 1, 2, 3, 4, 5, 6, 7, 8]
8061,12,[]
8083,11,[]
8103,8,[]
8118,11,[]
8138,13,[]
8162,13,[]
8186,11,[]
8206,11,[]
8226,13,[]
8250,8,[]
8265,12,[]
8287,12,[]
8309,13,[]
8333,13,[]
8357,12,[]
8379,14,[]
8405,15,[0, 1, 2, 3, 4, 5, 6, 7, 8, 9, 10, 11, 12, 13, 14]
8432,10,[]
8450,13,[]
8474,11,[]
8494,11,[]
8514,4,[]
0,27,[]
49,7,[0, 1, 2, 3, 4, 5, 6]
62,10,[]
80,14,[]
106,12,[]
128,12,[]
150,13,[]
174,12,[]
196,14,[]
222,11,[]
242,17,[]
273,12,[]
295,13,[]
319,10,[]
337,12,[]
359,12,[]
381,12,[]
403,11,[]
423,14,[]
449,11,[]
469,14,[]
495,12,[]
517,14,[]
543,13,[]
567,16,[]
596,17,[]
627,16,[]
656,15,[]
683,18,[]
716,16,[]
745,61,[]
855,12,[]
877,16,[]
906,15,[]
933,9,[]
950,16,[]
979,15,[]
1006,17,[]
1037,16,[]
1066,15,[]
1093,21,[]
1131,18,[]
1164,17,[]
1195,14,[]
1221,17,[]
1252,17,[]
1283,16,[]
1312,17,[]
1343,16,[]
1372,17,[]
1403,17,[]
1434,18,[]
1467,16,[]
1496,19,[]
1531,17,[]
1562,19,[]
1597,18,[]
1630,19,[]
1665,15,[]
1692,17,[]
1723,68,[]
1846,12,[]
1868,13,[]
1892,16,[]
1921,15,[]
1948,15,[]
1975,14,[]
2001,13,[]
2025,14,[]
2051,15,[]
2078,19,[]
2113,14,[]
2139,15,[]
2166,15,[]
2193,15,[]
2220,15,[]
2247,15,[]
2274,15,[]
2301,15,[]
2328,15,[]
2355,14,[]
2381,16,[]
2410,14,[]
2436,12,[]
2458,15,[]
2485,15,[]
2512,11,[]
2532,14,[]
2558,12,[]
2580,14,[]
2606,66,[]
2725,10,[]
2743,13,[]
2767,12,[]
2789,13,[]
2813,13,[]
2837,14,[]
2863,14,[]
2889,17,[]
2920,12,[]
2942,19,[]
2977,13,[]
3001,10,[]
3019,13,[]
3043,12,[]
3065,13,[]
3089,15,[]
3116,14,[]
3142,14,[]
3168,12,[]
3190,16,[]
3219,15,[]
3246,14,[]
3272,13,[]
3296,12,[]
3318,14,[]
3344,15,[]
3371,17,[]
3402,14,[]
3428,14,[]
3454,67,[]
3575,7,[]
3588,12,[]
3610,13,[]
3634,11,[]
3654,11,[]
3674,13,[]
3698,9,[]
3715,14,[]
3741,14,[]
3767,15,[]
3794,14,[]
3820,16,[]
3849,12,[]
3871,13,[]
3895,15,[]
3922,13,[]
3946,13,[]
3970,15,[]
3997,14,[]
4023,13,[]
4047,15,[]
4074,14,[]
4100,12,[1, 2, 3, 4, 5, 6, 7, 8, 9, 10, 11]
4122,17,[]
4153,16,[]
4182,17,[]
4213,10,[]
4231,13,[]
4255,13,[]
4279,70,[]
4405,7,[]
4418,10,[]
4436,11,[]
4456,12,[]
4478,10,[]
4496,9,[]
4513,10,[]
4531,13,[]
4555,9,[]
4572,17,[]
4603,10,[]
4621,12,[]
4643,13,[]
4667,14,[]
4693,13,[]
4717,13,[]
4741,12,[]
4763,12,[]
4785,13,[]
4809,16,[]
4838,14,[]
4864,12,[]
4886,12,[]
4908,14,[]
4934,11,[]
4954,13,[]
4978,15,[]
5005,15,[]
5032,11,[]
5052,84,[]
5204,3,[]
5210,5,[]
5219,5,[]
5228,11,[]
5248,9,[]
5265,12,[]
5287,12,[]
5309,14,[]
5335,12,[]
5357,18,[]
5390,8,[]
5405,10,[]
5423,8,[]
5438,10,[]
5456,8,[]
5471,11,[]
5491,11,[]
5511,14,[]
5537,11,[]
5557,11,[]
5577,13,[]
5601,10,[]
5619,10,[]
5637,15,[]
5664,10,[]
5682,9,[]
5699,10,[]
5717,14,[]
5743,11,[]
5763,106,[]
5954,5,[]
5963,7,[]
5976,9,[]
5993,10,[]
6011,9,[]
6028,11,[]
6048,8,[]
6063,9,[]
6080,10,[]
6098,14,[]
6124,10,[]
6142,12,[]
6164,9,[]
6181,14,[]
6207,12,[]
6229,11,[]
6249,10,[]
6267,11,[]
6287,13,[]
6311,14,[]
6337,11,[]
6357,11,[]
6377,15,[]
6404,14,[]
6430,10,[]
6448,12,[]
6470,13,[]
6494,14,[]
6520,12,[]
6542,106,[]
6733,5,[]
6742,7,[]
6755,7,[]
6768,12,[]
6790,10,[]
6808,12,[]
6830,12,[]
6852,16,[]
6881,13,[]
6905,18,[]
6938,13,[]
6962,13,[]
6986,9,[]
7003,16,[]
7032,10,[]
7050,12,[0, 1, 2, 3, 4, 5, 6, 7, 8, 9, 10, 11]
7072,10,[]
7090,11,[]
7110,10,[]
7128,11,[]
7148,10,[]
7166,12,[]
7188,13,[]
7212,13,[]
7236,13,[]
7260,14,[]
7286,13,[]
7310,16,[]
7339,18,[]
7372,100,[]
7552,12,[]
7574,17,[]
7605,16,[]
7634,18,[]
7667,19,[]
7702,21,[]
7740,20,[]
7776,21,[]
7814,20,[]
7850,24,[]
7894,20,[]
7930,20,[]
7966,17,[]
7997,18,[]
8030,19,[]
8065,18,[]
8098,15,[]
8125,17,[]
8156,17,[]
8187,19,[]
8222,17,[]
8253,18,[]
8286,15,[]
8313,18,[]
8346,17,[]
8377,18,[]
8410,17,[0, 1, 2, 3, 4, 5, 6, 7, 8, 9, 10, 11, 12, 13, 14]
8441,20,[]
8477,9,[]
