0,17,[]
29,8,[]
49,13,[]
74,14,[]
100,5,[]
117,16,[]
145,16,[]
173,15,[]
200,13,[]
225,6,[]
243,16,[]
271,13,[]
296,15,[]
323,14,[]
349,14,[]
375,15,[]
402,3,[]
417,13,[]
442,15,[]
469,16,[]
497,13,[]
522,6,[]
540,15,[]
567,17,[]
596,18,[]
626,14,[]
652,14,[]
678,14,[]
704,7,[]
723,14,[]
749,37,[]
817,14,[]
843,12,[]
867,6,[]
885,14,[]
911,16,[]
939,17,[]
968,16,[]
996,20,[]
1028,16,[]
1056,7,[]
1075,17,[]
1104,16,[]
1132,18,[]
1162,5,[]
1179,16,[]
1207,16,[]
1235,15,[]
1262,16,[]
1290,15,[]
1317,17,[]
1346,8,[]
1366,16,[]
1394,17,[]
1423,17,[]
1452,17,[]
1481,5,[]
1498,15,[]
1525,17,[0, 1, 2, 3, 4, 5, 6, 7, 8, 9, 10, 11, 12, 13]
1554,16,[]
1582,41,[]
1654,13,[]
1679,17,[]
1708,2,[]
1722,17,[]
1751,17,[]
1780,17,[]
1809,18,[]
1839,5,[]
1856,18,[]
1886,17,[0, 1, 2, 3, 4, 5, 6, 7, 8, 9, 10, 11, 12, 13, 14, 15, 16]
1915,18,[]
1945,18,[]
1975,17,[]
2004,17,[]
2033,8,[]
2053,16,[]
2081,17,[]
2110,17,[]
2139,17,[]
2168,7,[]
2187,18,[]
2217,18,[]
2247,16,[]
2275,17,[]
2304,16,[]
2332,16,[]
2360,8,[]
2380,16,[]
2408,18,[]
2438,42,[]
2511,13,[]
2536,4,[]
2552,17,[]
2581,16,[]
2609,14,[]
2635,21,[]
2668,15,[]
2695,17,[]
2724,10,[]
2746,17,[]
2775,17,[]
2804,16,[]
2832,16,[]
2860,7,[]
2879,17,[0, 1, 2, 3, 4, 5, 6, 7, 8, 9, 10, 11, 12, 13, 14, 15, 16]
2908,19,[]
2939,15,[]
2966,15,[]
2993,15,[]
3020,8,[]
3040,15,[]
3067,16,[]
3095,18,[]
3125,16,[]
3153,7,[]
3172,16,[]
3200,19,[]
3231,16,[]
3259,16,[]
3287,48,[]
3366,13,[]
3391,4,[]
3407,17,[]
3436,17,[]
3465,18,[]
3495,18,[]
3525,7,[]
3544,19,[]
3575,16,[]
3603,16,[]
3631,17,[]
3660,22,[]
3694,17,[]
3723,7,[]
3742,18,[]
3772,16,[]
3800,17,[]
3829,17,[]
3858,7,[]
3877,20,[]
3909,20,[]
3941,21,[]
3974,20,[]
4006,19,[]
4037,21,[]
4070,9,[]
4091,23,[]
4126,22,[]
4160,22,[]
4194,46,[]
4271,3,[]
4286,21,[]
4319,22,[]
4353,23,[]
4388,23,[]
4423,19,[]
4454,19,[]
4485,6,[]
4503,19,[]
4534,20,[]
4566,20,[]
4598,18,[]
4628,6,[]
4646,19,[]
4677,19,[]
4708,21,[]
4741,17,[0, 1, 2, 3, 4, 5, 6, 7, 8, 9, 10, 11, 12]
4770,22,[]
4804,19,[]
4835,6,[]
4853,20,[]
4885,20,[]
4917,17,[]
4946,18,[]
4976,5,[]
4993,21,[]
5026,18,[]
5056,20,[]
5088,20,[]
5120,43,[]
5194,3,[]
5209,19,[]
5240,19,[]
5271,18,[]
5301,18,[]
5331,6,[]
5349,19,[]
5380,18,[]
5410,18,[]
5440,18,[]
5470,16,[]
5498,17,[]
5527,6,[]
5545,17,[]
5574,20,[]
5606,16,[]
5634,20,[]
5666,3,[]
5681,16,[]
5709,18,[]
5739,18,[]
5769,19,[]
5800,18,[]
5830,23,[]
5865,6,[]
5883,20,[]
5915,18,[]
5945,17,[]
5974,19,[]
6005,46,[]
6082,15,[]
6109,16,[]
6137,18,[]
6167,18,[]
6197,16,[]
6225,17,[]
6254,6,[]
6272,16,[]
6300,18,[]
6330,20,[]
6362,17,[]
6391,7,[]
6410,17,[]
6439,20,[]
6471,16,[]
6499,16,[]
6527,16,[]
6555,16,[]
6583,7,[]
6602,18,[]
6632,19,[]
6663,17,[]
6692,17,[]
6721,6,[]
6739,19,[]
6770,17,[]
6799,18,[]
6829,6,[]
6847,17,[]
6876,46,[]
6953,18,[]
6983,14,[]
7009,14,[]
7035,16,[]
7063,7,[]
7082,19,[]
7113,16,[]
7141,16,[]
7169,16,[]
7197,9,[]
7218,18,[]
7248,18,[]
7278,15,[]
7305,16,[]
7333,16,[]
7361,15,[]
7388,7,[]
7407,17,[]
7436,17,[]
7465,17,[]
7494,17,[]
7523,3,[]
7538,17,[]
7567,19,[]
7598,16,[]
7626,16,[]
7654,17,[]
7683,17,[]
7712,6,[]
7730,45,[]
7806,14,[]
7832,18,[]
7862,18,[]
7892,5,[]
7909,18,[]
7939,16,[]
7967,22,[]
8001,15,[]
8028,16,[]
8056,14,[]
8082,6,[]
8100,15,[]
8127,16,[]
8155,17,[]
8184,15,[]
8211,8,[]
8231,15,[]
8258,17,[]
8287,17,[]
8316,18,[]
8346,16,[]
8374,17,[]
8403,6,[]
8421,18,[]
8451,18,[]
8481,18,[]
8511,17,[]
8540,3,[]
8555,10,[]
0,60,[]
159,1,[]
170,13,[]
193,13,[]
216,15,[]
241,13,[]
264,14,[]
288,14,[]
312,15,[]
337,13,[]
360,14,[]
384,16,[]
410,17,[]
437,15,[]
462,17,[]
489,14,[]
513,16,[]
539,16,[]
565,19,[]
594,18,[]
622,17,[]
649,11,[]
670,16,[]
696,17,[]
723,19,[]
752,17,[]
779,17,[]
806,18,[]
834,23,[]
867,19,[]
896,163,[]
1158,16,[]
1184,6,[]
1200,11,[]
1221,6,[]
1237,9,[]
1256,9,[]
1275,9,[]
1294,12,[]
1316,11,[]
1337,13,[]
1360,8,[]
1378,10,[]
1398,12,[]
1420,10,[]
1440,9,[]
1459,11,[]
1480,8,[]
1498,9,[]
1517,15,[]
1542,10,[]
1562,7,[]
1579,11,[]
1600,7,[]
1617,13,[]
1640,11,[]
1661,11,[]
1682,15,[]
1707,11,[]
1728,9,[]
1747,141,[]
1987,5,[]
2002,4,[]
2016,9,[]
2035,10,[]
2055,9,[]
2074,13,[]
2097,11,[]
2118,13,[]
2141,15,[]
2166,10,[]
2186,12,[]
2208,15,[]
2233,11,[]
2254,11,[]
2275,10,[]
2295,11,[]
2316,11,[]
2337,14,[]
2361,13,[]
2384,14,[]
2408,14,[]
2432,13,[]
2455,14,[]
2479,15,[]
2504,12,[]
2526,13,[]
2549,14,[]
2573,16,[]
2599,11,[]
2620,134,[]
2853,12,[]
2875,10,[]
2895,10,[]
2915,11,[]
2936,8,[]
2954,11,[]
2975,14,[]
2999,13,[]
3022,13,[]
3045,17,[]
3072,13,[]
3095,18,[]
3123,12,[]
3145,16,[]
3171,14,[]
3195,16,[]
3221,11,[]
3242,12,[]
3264,13,[]
3287,16,[]
3313,17,[]
3340,13,[]
3363,12,[]
3385,16,[]
3411,13,[]
3434,14,[]
3458,13,[]
3481,16,[]
3507,9,[]
3526,149,[]
3774,12,[]
3796,8,[]
3814,9,[]
3833,12,[]
3855,14,[]
3879,16,[]
3905,13,[]
3928,17,[]
3955,12,[]
3977,12,[]
3999,17,[]
4026,18,[]
4054,12,[]
4076,12,[]
4098,10,[]
4118,14,[]
4142,11,[]
4163,11,[]
4184,11,[]
4205,12,[]
4227,10,[]
4247,13,[]
4270,13,[]
4293,14,[]
4317,9,[]
4336,10,[]
4356,13,[]
4379,15,[]
4404,10,[]
4424,161,[]
4684,10,[]
4704,7,[]
4721,7,[]
4738,9,[]
4757,9,[]
4776,9,[]
4795,14,[]
4819,13,[]
4842,16,[]
4868,16,[]
4894,13,[]
4917,17,[]
4944,16,[]
4970,15,[]
4995,17,[]
5022,17,[]
5049,16,[]
5075,16,[]
5101,16,[0, 1, 2, 3, 4, 5, 6, 7, 8, 9, 10, 11]
5127,17,[]
5154,13,[]
5177,16,[]
5203,17,[]
5230,17,[]
5257,15,[]
5282,15,[]
5307,14,[]
5331,16,[]
5357,13,[]
5380,141,[]
5620,7,[]
5637,6,[]
5653,10,[]
5673,12,[]
5695,10,[]
5715,11,[]
5736,11,[]
5757,13,[]
5780,15,[]
5805,13,[]
5828,13,[]
5851,13,[]
5874,12,[]
5896,13,[]
5919,12,[]
5941,13,[]
5964,12,[]
5986,13,[]
6009,13,[]
6032,13,[]
6055,11,[]
6076,12,[]
6098,13,[]
6121,15,[]
6146,13,[]
6169,13,[]
6192,13,[]
6215,15,[]
6240,11,[]
6261,143,[]
6503,6,[]
6519,5,[]
6534,8,[]
6552,10,[]
6572,9,[]
6591,11,[]
6612,13,[]
6635,16,[]
6661,14,[]
6685,14,[]
6709,13,[]
6732,12,[]
6754,14,[]
6778,13,[]
6801,13,[0, 1, 2, 3, 4, 5, 6, 7, 8, 9, 10, 11, 12]
6824,12,[]
6846,12,[]
6868,11,[]
6889,13,[]
6912,13,[]
6935,11,[]
6956,11,[]
6977,10,[]
6997,12,[]
7019,10,[]
7039,11,[]
7060,10,[]
7080,13,[]
7103,11,[]
7124,119,[]
7342,3,[]
7355,10,[]
7375,6,[]
7391,7,[]
7408,8,[]
7426,8,[]
7444,8,[]
7462,8,[]
7480,11,[]
7501,9,[]
7520,8,[]
7538,11,[]
7559,9,[]
7578,11,[]
7599,12,[]
7621,11,[]
7642,11,[]
7663,10,[]
7683,9,[]
7702,12,[]
7724,15,[]
7749,12,[]
7771,11,[]
7792,13,[]
7815,15,[]
7840,15,[]
7865,14,[]
7889,17,[]
7916,16,[]
7942,135,[]
8176,9,[]
8195,8,[]
8213,11,[]
8234,11,[]
8255,11,[]
8276,12,[]
8298,12,[]
8320,14,[]
8344,15,[]
8369,15,[]
8394,15,[]
8419,16,[]
8445,16,[]
8471,18,[]
8499,15,[]
8524,15,[]
8549,13,[]
8572,15,[]
8597,13,[]
8620,16,[]
8646,14,[]
8670,15,[]
8695,14,[0, 1, 2, 3, 4, 5, 6, 7, 8, 9, 10, 11, 12, 13]
8719,13,[]
8742,18,[]
8770,18,[]
8798,12,[]
8820,13,[]
8843,14,[]
0,28,[]
39,3,[]
53,8,[]
72,12,[]
95,15,[]
121,14,[]
146,11,[]
168,11,[]
190,12,[]
213,11,[]
235,13,[]
259,13,[]
283,15,[0, 1, 2, 3, 4, 5, 6, 7, 8, 9, 10, 11, 12, 13, 14]
309,12,[]
332,13,[]
356,11,[]
378,15,[]
404,12,[]
427,12,[]
450,13,[]
474,14,[]
499,11,[]
521,13,[]
545,11,[]
567,13,[]
591,12,[]
614,12,[]
637,12,[]
660,18,[]
689,14,[]
714,74,[]
827,18,[0, 1, 2, 3, 4, 5, 6, 7, 8, 9, 10, 11, 12, 13, 14]
856,16,[]
883,15,[]
909,11,[]
931,16,[]
958,21,[]
990,24,[]
1025,21,[]
1057,21,[]
1089,23,[]
1123,22,[]
1156,22,[]
1189,24,[]
1224,20,[]
1255,24,[]
1290,24,[]
1325,23,[]
1359,19,[]
1389,21,[]
1421,23,[]
1455,20,[]
1486,25,[]
1522,21,[]
1554,21,[]
1586,22,[]
1619,22,[]
1652,18,[]
1681,20,[]
1712,22,[]
1745,42,[]
1826,19,[]
1856,19,[]
1886,18,[]
1915,20,[]
1946,18,[]
1975,18,[]
2004,19,[]
2034,19,[]
2064,16,[]
2091,19,[]
2121,16,[]
2148,16,[]
2175,18,[]
2204,18,[]
2233,15,[]
2259,16,[]
2286,16,[]
2313,18,[]
2342,15,[]
2368,16,[]
2395,15,[]
2421,17,[]
2449,17,[]
2477,16,[]
2504,15,[]
2530,15,[]
2556,16,[]
2583,16,[3, 4, 5, 6, 7, 8, 9, 10, 11, 12, 13, 14, 15]
2610,17,[]
2638,46,[]
2723,12,[]
2746,14,[]
2771,13,[]
2795,17,[]
2823,13,[]
2847,13,[]
2871,15,[]
2897,16,[]
2924,16,[]
2951,16,[]
2978,14,[]
3003,13,[]
3027,14,[]
3052,14,[]
3077,15,[]
3103,16,[]
3130,12,[]
3153,14,[]
3178,13,[]
3202,16,[]
3229,15,[]
3255,13,[]
3279,15,[]
3305,15,[]
3331,16,[]
3358,18,[]
3387,14,[]
3412,15,[]
3438,13,[]
3462,34,[]
3507,12,[]
3530,13,[]
3554,15,[0, 1, 2, 3, 4, 5, 6, 7, 8, 9, 10, 11]
3580,16,[]
3607,19,[]
3637,18,[]
3666,15,[]
3692,15,[]
3718,15,[]
3744,14,[]
3769,14,[]
3794,13,[]
3818,14,[]
3843,14,[]
3868,13,[]
3892,13,[]
3916,15,[]
3942,13,[]
3966,16,[]
3993,15,[]
4019,15,[]
4045,14,[]
4070,15,[]
4096,15,[]
4122,15,[]
4148,13,[]
4172,13,[]
4196,15,[]
4222,13,[0, 1, 2, 3, 4, 5, 6, 7, 8, 9, 10, 11, 12]
4246,42,[]
4327,9,[]
4347,12,[]
4370,12,[]
4393,15,[]
4419,12,[]
4442,11,[]
4464,15,[]
4490,14,[]
4515,10,[]
4536,11,[]
4558,11,[]
4580,14,[]
4605,12,[]
4628,12,[]
4651,10,[]
4672,12,[]
4695,10,[]
4716,11,[]
4738,10,[]
4759,10,[]
4780,10,[]
4801,12,[]
4824,12,[]
4847,13,[]
4871,11,[]
4893,11,[]
4915,13,[]
4939,15,[]
4965,14,[]
4990,57,[]
5086,10,[]
5107,12,[]
5130,14,[]
5155,15,[]
5181,16,[]
5208,16,[]
5235,16,[]
5262,17,[]
5290,14,[]
5315,14,[]
5340,14,[]
5365,13,[]
5389,14,[0, 1, 2, 3, 4, 5, 6, 7, 8, 9, 10, 11, 12, 13]
5414,14,[]
5439,11,[]
5461,18,[]
5490,15,[]
5516,14,[]
5541,15,[]
5567,15,[]
5593,12,[]
5616,14,[]
5641,14,[]
5666,14,[]
5691,13,[]
5715,13,[]
5739,12,[]
5762,15,[]
5788,12,[]
5811,64,[]
5914,5,[]
5930,9,[]
5950,9,[]
5970,11,[]
5992,12,[]
6015,12,[]
6038,13,[]
6062,14,[]
6087,13,[]
6111,15,[]
6137,16,[]
6164,13,[]
6188,14,[]
6213,14,[]
6238,10,[]
6259,12,[]
6282,11,[]
6304,12,[]
6327,14,[]
6352,16,[]
6379,13,[]
6403,14,[]
6428,14,[]
6453,13,[]
6477,12,[]
6500,12,[]
6523,11,[]
6545,14,[]
6570,13,[]
6594,72,[]
6705,7,[]
6723,9,[]
6743,10,[]
6764,12,[]
6787,12,[]
6810,10,[]
6831,13,[]
6855,13,[]
6879,12,[]
6902,16,[]
6929,14,[]
6954,14,[]
6979,11,[]
7001,14,[]
7026,8,[]
7045,12,[]
7068,11,[]
7090,9,[]
7110,10,[]
7131,13,[]
7155,13,[]
7179,16,[]
7206,15,[]
7232,16,[]
7259,14,[1, 2, 3, 4, 5, 6, 7, 8, 9, 10, 11, 12, 13]
7284,15,[]
7310,15,[]
7336,17,[]
7364,15,[]
7390,71,[]
7500,9,[]
7520,12,[]
7543,12,[]
7566,14,[]
7591,15,[]
7617,11,[]
7639,12,[]
7662,14,[]
7687,11,[]
7709,12,[]
7732,10,[]
7753,12,[]
7776,12,[]
7799,13,[]
7823,11,[]
7845,15,[]
7871,17,[]
7899,15,[]
7925,14,[]
7950,16,[]
7977,14,[]
8002,15,[]
8028,15,[]
8054,15,[]
8080,14,[]
8105,16,[]
8132,14,[]
8157,18,[]
8186,15,[]
0,70,[]
156,7,[]
173,2,[]
185,9,[]
204,10,[]
224,10,[]
244,14,[]
268,3,[]
281,13,[]
304,17,[]
331,17,[]
358,18,[]
386,4,[]
400,20,[]
430,23,[]
463,23,[]
496,26,[]
532,3,[]
545,31,[10, 11, 12, 13, 14, 15, 16, 17, 18, 19, 20, 21, 22, 23, 24, 25]
586,31,[]
627,30,[]
667,28,[]
705,8,[]
723,29,[]
762,26,[]
798,26,[]
834,35,[]
955,4,[]
969,21,[]
1000,21,[9, 10, 11, 12, 13, 14, 15, 16, 17, 18, 19, 20]
1031,123,[]
1240,13,[]
1263,6,[]
1279,15,[]
1304,11,[]
1325,7,[]
1342,14,[]
1366,8,[]
1384,19,[]
1413,21,[4, 5, 6, 7, 8, 9, 10, 11, 12, 13, 14, 15, 16, 17, 18, 19, 20]
1444,23,[]
1477,25,[]
1512,3,[]
1525,28,[]
1563,23,[]
1596,23,[]
1629,42,[]
1757,2,[]
1769,19,[]
1798,17,[]
1825,17,[]
1852,19,[]
1881,4,[]
1895,17,[]
1922,17,[]
1949,15,[]
1974,19,[]
2003,3,[]
2016,17,[]
2043,15,[]
2068,106,[]
2260,5,[]
2275,4,[]
2289,9,[]
2308,12,[]
2330,11,[]
2351,14,[]
2375,4,[]
2389,10,[]
2409,13,[]
2432,17,[]
2459,14,[]
2483,5,[]
2498,16,[]
2524,18,[]
2552,13,[]
2575,13,[]
2598,6,[]
2614,17,[]
2641,14,[]
2665,14,[]
2689,15,[]
2714,5,[]
2729,12,[]
2751,13,[]
2774,11,[]
2795,14,[]
2819,6,[]
2835,16,[]
2861,11,[]
2882,105,[]
3073,5,[]
3088,4,[]
3102,11,[]
3123,11,[]
3144,9,[]
3163,14,[]
3187,4,[]
3201,15,[]
3226,12,[]
3248,10,[]
3268,15,[]
3293,5,[]
3308,10,[]
3328,12,[]
3350,13,[]
3373,16,[]
3399,6,[]
3415,15,[]
3440,14,[]
3464,11,[]
3485,14,[]
3509,8,[]
3527,17,[]
3554,11,[]
3575,9,[]
3594,17,[]
3621,7,[]
3638,11,[]
3659,11,[]
3680,112,[]
3878,4,[]
3892,1,[]
3903,10,[]
3923,9,[]
3942,8,[]
3960,12,[]
3982,5,[]
3997,12,[]
4019,14,[]
4043,10,[]
4063,12,[]
4085,7,[]
4102,14,[]
4126,10,[]
4146,9,[]
4165,14,[]
4189,6,[]
4205,17,[]
4232,11,[]
4253,12,[]
4275,37,[]
4398,5,[]
4413,22,[]
4445,15,[]
4470,12,[]
4492,14,[]
4516,6,[]
4532,17,[]
4559,16,[]
4585,122,[]
4793,3,[]
4806,3,[]
4819,10,[]
4839,10,[]
4859,7,[]
4876,10,[]
4896,5,[]
4911,7,[]
4928,8,[]
4946,9,[]
4965,12,[]
4987,3,[]
5000,12,[]
5022,11,[]
5043,14,[]
5067,17,[]
5094,6,[]
5110,12,[]
5132,18,[]
5160,14,[]
5184,15,[]
5209,7,[]
5226,20,[]
5256,18,[]
5284,16,[]
5310,18,[]
5338,5,[]
5353,18,[]
5381,17,[]
5408,126,[]
5620,8,[]
5638,4,[]
5652,17,[]
5679,14,[]
5703,13,[]
5726,14,[]
5750,7,[]
5767,19,[]
5796,12,[]
5818,11,[]
5839,12,[]
5861,7,[]
5878,14,[]
5902,13,[]
5925,17,[]
5952,18,[]
5980,4,[]
5994,22,[]
6026,17,[]
6053,17,[]
6080,15,[]
6105,6,[]
6121,17,[]
6148,20,[]
6178,14,[]
6202,15,[]
6227,5,[]
6242,18,[]
6270,16,[]
6296,123,[]
6505,11,[]
6526,5,[]
6541,12,[]
6563,13,[]
6586,16,[]
6612,13,[]
6635,6,[]
6651,17,[]
6678,12,[]
6700,12,[]
6722,16,[]
6748,5,[]
6763,15,[]
6788,21,[]
6819,14,[]
6843,14,[]
6867,8,[]
6885,16,[]
6911,13,[]
6934,12,[]
6956,10,[]
6976,6,[]
6992,13,[]
7015,12,[]
7037,14,[]
7061,18,[]
7089,6,[]
7105,12,[]
7127,12,[]
7149,133,[]
7368,3,[]
7381,1,[]
7392,7,[]
7409,12,[]
7431,8,[]
7449,14,[]
7473,6,[]
7489,15,[]
7514,12,[]
7536,11,[]
7557,8,[]
7575,9,[]
7594,13,[]
7617,13,[]
7640,13,[]
7663,14,[]
7687,10,[]
7707,14,[]
7731,15,[]
7756,11,[]
7777,10,[]
7797,11,[]
7818,12,[]
7840,16,[]
7866,10,[]
7886,11,[]
7907,9,[]
7926,15,[]
7951,11,[]
7972,143,[]
8201,8,[]
8219,5,[]
8234,8,[]
8252,12,[]
8274,10,[]
8294,8,[]
8312,3,[]
8325,14,[]
8349,15,[]
8374,19,[]
8403,20,[]
8433,4,[]
8447,20,[]
8477,21,[]
8508,18,[5, 6, 7, 8, 9, 10, 11, 12, 13, 14, 15, 16, 17]
8536,16,[]
8562,5,[]
8577,22,[]
8609,15,[]
8634,16,[]
8660,16,[]
8686,6,[]
8702,21,[]
8733,14,[]
8757,15,[]
8782,17,[]
8809,9,[]
8828,14,[]
8852,16,[]
0,48,[]
134,1,[]
145,3,[]
158,4,[]
172,7,[]
189,5,[]
204,5,[]
219,6,[]
235,10,[]
255,7,[]
272,8,[]
290,13,[]
313,9,[]
332,9,[]
351,9,[]
370,9,[]
389,11,[]
410,17,[]
437,19,[]
466,11,[]
487,14,[]
511,21,[]
542,17,[]
569,17,[]
596,17,[]
623,14,[]
647,14,[]
671,14,[]
695,15,[0, 1, 2, 3, 4, 5, 6, 7, 8, 9, 10]
720,15,[]
745,153,[]
984,13,[]
1007,15,[]
1032,12,[]
1054,5,[]
1069,8,[]
1087,12,[]
1109,17,[]
1136,21,[]
1167,16,[]
1193,19,[]
1222,16,[]
1248,13,[]
1271,14,[]
1295,15,[]
1320,16,[]
1346,18,[]
1374,14,[]
1398,10,[]
1418,14,[]
1442,12,[]
1464,16,[]
1490,16,[]
1516,14,[]
1540,12,[]
1562,13,[]
1585,10,[]
1605,12,[]
1627,14,[]
1651,11,[]
1672,129,[]
1887,4,[]
1901,8,[]
1919,10,[]
1939,8,[]
1957,12,[]
1979,12,[]
2001,15,[]
2026,12,[]
2048,11,[]
2069,10,[]
2089,11,[]
2110,12,[]
2132,16,[]
2158,12,[]
2180,11,[]
2201,10,[]
2221,12,[]
2243,11,[]
2264,13,[]
2287,11,[]
2308,11,[]
2329,12,[]
2351,12,[]
2373,13,[]
2396,11,[]
2417,13,[]
2440,16,[]
2466,13,[]
2489,11,[]
2510,129,[]
2725,7,[]
2742,11,[]
2763,14,[]
2787,11,[]
2808,14,[]
2832,14,[]
2856,17,[]
2883,16,[]
2909,16,[]
2935,15,[3, 4, 5, 6, 7, 8, 9, 10, 11, 12, 13]
2960,15,[]
2985,16,[]
3011,15,[]
3036,15,[]
3061,15,[]
3086,15,[]
3111,16,[]
3137,15,[]
3162,16,[]
3188,15,[]
3213,17,[2, 3, 4, 5, 6, 7, 8, 9, 10, 11, 12, 13]
3240,17,[]
3267,16,[]
3293,14,[]
3317,13,[]
3340,13,[]
3363,16,[]
3389,15,[]
3414,12,[]
3436,120,[]
3642,12,[0, 1, 2, 3, 4, 5, 6, 7, 8, 9, 10]
3664,14,[]
3688,15,[]
3713,13,[]
3736,13,[]
3759,14,[]
3783,15,[]
3808,17,[]
3835,17,[]
3862,17,[2, 7, 8, 9, 10, 11, 12, 13, 14, 15, 16]
3889,15,[]
3914,15,[]
3939,14,[]
3963,14,[]
3987,14,[]
4011,20,[]
4041,15,[]
4066,15,[]
4091,14,[]
4115,15,[]
4140,15,[]
4165,17,[]
4192,14,[]
4216,15,[]
4241,14,[]
4265,17,[]
4292,14,[]
4316,13,[]
4339,15,[]
4364,109,[]
4559,6,[]
4575,10,[]
4595,11,[]
4616,14,[]
4640,13,[]
4663,15,[]
4688,15,[]
4713,14,[]
4737,14,[]
4761,14,[]
4785,15,[]
4810,14,[]
4834,14,[]
4858,14,[]
4882,15,[]
4907,15,[]
4932,13,[]
4955,13,[]
4978,13,[]
5001,14,[]
5025,14,[0, 1, 2, 3, 4, 5, 6, 7, 8, 9, 10, 11, 12, 13]
5049,14,[]
5073,14,[]
5097,16,[]
5123,16,[]
5149,14,[]
5173,15,[]
5198,16,[]
5224,14,[]
5248,120,[]
5454,8,[]
5472,11,[]
5493,11,[]
5514,14,[0, 1, 2, 3, 4, 5, 6, 7, 8, 9, 10, 11, 12, 13]
5538,13,[]
5561,17,[]
5588,15,[]
5613,15,[]
5638,15,[]
5663,15,[]
5688,15,[]
5713,14,[]
5737,13,[]
5760,12,[]
5782,17,[]
5809,15,[]
5834,15,[]
5859,14,[]
5883,14,[]
5907,17,[]
5934,16,[]
5960,15,[0, 1, 2, 3, 4, 5, 6, 7, 8, 9, 10]
5985,14,[]
6009,14,[]
6033,13,[]
6056,16,[]
6082,13,[]
6105,13,[]
6128,13,[]
6151,112,[]
6349,4,[]
6363,7,[]
6380,8,[]
6398,8,[]
6416,10,[]
6436,9,[]
6455,9,[]
6474,9,[]
6493,13,[]
6516,11,[]
6537,11,[]
6558,11,[]
6579,10,[]
6599,12,[]
6621,13,[]
6644,19,[]
6673,13,[]
6696,11,[]
6717,10,[]
6737,11,[]
6758,10,[]
6778,19,[]
6807,14,[]
6831,13,[]
6854,12,[]
6876,12,[]
6898,11,[]
6919,20,[]
6949,9,[]
6968,129,[]
7183,3,[]
7196,7,[]
7213,7,[]
7230,12,[]
7252,13,[]
7275,12,[]
7297,11,[]
7318,11,[]
7339,11,[]
7360,13,[]
7383,11,[]
7404,15,[]
7429,14,[]
7453,12,[]
7475,11,[]
7496,9,[]
7515,11,[]
7536,11,[]
7557,15,[]
7582,16,[]
7608,14,[]
7632,11,[]
7653,9,[]
7672,10,[]
7692,15,[]
7717,17,[]
7744,14,[]
7768,10,[]
7788,13,[]
7811,122,[]
8019,5,[]
8034,7,[]
8051,9,[]
8070,11,[]
8091,10,[]
8111,11,[]
8132,12,[]
8154,15,[]
8179,12,[]
8201,12,[]
8223,12,[]
8245,15,[]
8270,12,[]
8292,16,[]
8318,16,[]
8344,13,[]
8367,12,[]
8389,11,[]
8410,11,[]
8431,17,[]
8458,17,[]
8485,14,[]
8509,13,[]
8532,12,[]
8554,12,[]
8576,12,[]
8598,14,[]
8622,14,[]
8646,8,[]
0,18,[]
30,6,[]
48,12,[]
72,15,[]
99,13,[]
124,14,[]
150,14,[]
176,15,[1, 2, 3, 4, 5, 6, 7, 8, 9, 10, 11, 12, 13, 14]
203,14,[]
229,14,[]
255,14,[]
281,15,[]
308,15,[]
335,15,[]
362,13,[]
387,14,[]
413,14,[]
439,14,[]
465,14,[]
491,14,[]
517,15,[]
544,15,[]
571,15,[]
598,16,[]
626,15,[]
653,18,[]
683,17,[]
712,13,[]
737,14,[]
763,18,[]
793,54,[]
878,10,[]
900,13,[]
925,12,[]
949,11,[]
972,16,[]
1000,19,[]
1031,17,[]
1060,18,[]
1090,17,[]
1119,18,[]
1149,18,[]
1179,19,[]
1210,18,[]
1240,18,[]
1270,18,[]
1300,20,[]
1332,18,[]
1362,19,[]
1393,18,[]
1423,21,[]
1456,20,[]
1488,22,[]
1522,19,[]
1553,20,[]
1585,19,[]
1616,19,[]
1647,19,[0, 1, 2, 3, 4, 5, 6, 7, 8, 9, 10, 11, 12]
1678,20,[]
1710,19,[]
1741,54,[]
1826,16,[]
1854,18,[]
1884,19,[]
1915,19,[]
1946,17,[]
1975,21,[]
2008,20,[]
2040,21,[]
2073,20,[5, 6, 7, 8, 9, 10, 11, 12, 13, 14, 15, 16, 17, 18, 19]
2105,20,[]
2137,20,[]
2169,21,[]
2202,20,[]
2234,20,[]
2266,20,[]
2298,18,[]
2328,17,[]
2357,19,[]
2388,18,[]
2418,19,[]
2449,19,[]
2480,19,[]
2511,18,[]
2541,20,[]
2573,19,[]
2604,20,[]
2636,19,[]
2667,21,[]
2700,19,[]
2731,50,[]
2812,15,[]
2839,17,[]
2868,16,[]
2896,17,[]
2925,16,[]
2953,17,[]
2982,19,[]
3013,17,[]
3042,19,[]
3073,19,[]
3104,18,[]
3134,20,[]
3166,16,[]
3194,16,[]
3222,19,[]
3253,16,[]
3281,15,[]
3308,16,[]
3336,19,[]
3367,16,[]
3395,15,[]
3422,15,[]
3449,19,[]
3480,17,[]
3509,17,[]
3538,18,[]
3568,17,[]
3597,18,[]
3627,17,[]
3656,46,[]
3733,14,[]
3759,14,[]
3785,17,[]
3814,17,[]
3843,16,[]
3871,17,[]
3900,17,[]
3929,17,[]
3958,17,[]
3987,17,[]
4016,15,[]
4043,16,[]
4071,17,[]
4100,18,[]
4130,17,[]
4159,14,[]
4185,14,[]
4211,14,[]
4237,14,[]
4263,14,[]
4289,18,[]
4319,17,[]
4348,16,[]
4376,17,[]
4405,17,[]
4434,17,[]
4463,17,[]
4492,14,[]
4518,14,[]
4544,46,[]
4621,13,[]
4646,13,[]
4671,13,[]
4696,15,[]
4723,15,[]
4750,15,[]
4777,15,[]
4804,13,[]
4829,13,[]
4854,13,[]
4879,13,[]
4904,13,[]
4929,12,[]
4953,12,[]
4977,11,[]
5000,11,[]
5023,11,[]
5046,12,[]
5070,11,[]
5093,12,[]
5117,11,[]
5140,11,[]
5163,11,[]
5186,12,[]
5210,11,[]
5233,11,[]
5256,11,[]
5279,12,[]
5303,11,[]
5326,34,[]
5372,10,[]
5394,10,[]
5416,11,[]
5439,11,[]
5462,12,[]
5486,13,[]
5511,13,[]
5536,13,[]
5561,13,[]
5586,13,[]
5611,12,[]
5635,12,[]
5659,12,[]
5683,12,[]
5707,12,[]
5731,16,[]
5759,14,[]
5785,14,[]
5811,14,[]
5837,15,[]
5864,15,[]
5891,15,[]
5918,14,[]
5944,14,[]
5970,14,[]
5996,14,[]
6022,14,[]
6048,14,[]
6074,14,[]
6100,34,[]
6146,11,[]
6169,12,[]
6193,14,[]
6219,14,[]
6245,4,[]
6261,16,[]
6289,16,[]
6317,16,[]
6345,16,[]
6373,16,[]
6401,15,[]
6428,16,[]
6456,15,[]
6483,15,[]
6510,15,[]
6537,16,[]
6565,15,[]
6592,15,[]
6619,16,[]
6647,16,[]
6675,15,[]
6702,16,[]
6730,15,[]
6757,16,[]
6785,15,[]
6812,16,[]
6840,16,[]
6868,15,[]
6895,14,[]
6921,39,[]
6991,11,[]
7014,11,[]
7037,14,[]
7063,14,[]
7089,14,[]
7115,14,[]
7141,13,[]
7166,14,[]
7192,14,[]
7218,14,[]
7244,14,[]
7270,14,[]
7296,13,[]
7321,14,[]
7347,13,[]
7372,14,[]
7398,13,[]
7423,13,[]
7448,13,[]
7473,14,[]
7499,13,[]
7524,13,[]
7549,16,[]
7577,13,[]
7602,15,[]
7629,15,[]
7656,14,[]
7682,15,[]
7709,14,[]
7735,40,[]
7806,9,[]
7827,10,[]
7849,12,[]
7873,12,[]
7897,12,[]
7921,13,[]
7946,13,[]
7971,14,[]
7997,13,[]
8022,13,[]
8047,13,[]
8072,14,[]
8098,13,[]
8123,14,[]
8149,14,[]
8175,14,[]
8201,14,[]
8227,15,[]
8254,14,[]
8280,15,[2, 3, 4, 5, 6, 7, 8, 9, 10, 11, 12, 13, 14]
8307,14,[]
8333,15,[]
8360,14,[]
8386,14,[]
8412,13,[]
8437,13,[]
8462,13,[]
8487,14,[]
8513,8,[]
0,51,[]
150,2,[]
162,7,[]
179,9,[]
198,7,[]
215,8,[]
233,6,[]
249,5,[]
264,7,[]
281,6,[]
297,7,[]
314,8,[]
332,9,[]
351,5,[]
366,7,[]
383,8,[]
401,14,[]
425,9,[]
444,16,[]
470,14,[]
494,17,[]
521,14,[]
545,19,[]
574,18,[]
602,18,[]
630,18,[0, 1, 2, 3, 4, 5, 6, 7, 8, 9, 10, 11, 12, 13, 14, 15, 16, 17]
658,18,[]
686,19,[]
715,15,[]
740,17,[]
767,234,[]
1100,16,[]
1126,7,[]
1143,4,[]
1157,4,[]
1171,3,[]
1184,8,[]
1202,12,[]
1224,10,[]
1244,10,[]
1264,11,[]
1285,9,[]
1304,12,[]
1326,11,[]
1347,12,[]
1369,13,[]
1392,17,[]
1419,12,[]
1441,12,[]
1463,12,[]
1485,14,[]
1509,12,[]
1531,17,[]
1558,17,[]
1585,14,[]
1609,13,[]
1632,12,[]
1654,12,[]
1676,15,[]
1701,7,[]
1718,156,[]
1973,1,[]
1984,6,[]
2000,6,[]
2016,8,[]
2034,8,[]
2052,8,[]
2070,10,[]
2090,7,[]
2107,7,[]
2124,8,[]
2142,11,[]
2163,11,[]
2184,13,[]
2207,15,[]
2232,16,[]
2258,14,[]
2282,11,[]
2303,11,[]
2324,14,[]
2348,12,[]
2370,15,[]
2395,14,[]
2419,18,[]
2447,14,[]
2471,15,[]
2496,17,[]
2523,15,[]
2548,20,[]
2578,15,[]
2603,149,[]
2851,12,[]
2873,9,[]
2892,12,[]
2914,10,[]
2934,12,[]
2956,8,[]
2974,12,[]
2996,16,[]
3022,12,[]
3044,15,[]
3069,10,[]
3089,15,[]
3114,14,[]
3138,14,[]
3162,15,[]
3187,18,[]
3215,18,[]
3243,19,[]
3272,17,[]
3299,18,[]
3327,17,[]
3354,16,[]
3380,17,[]
3407,18,[]
3435,16,[]
3461,14,[]
3485,13,[]
3508,14,[]
3532,14,[]
3556,152,[]
3807,7,[]
3824,9,[]
3843,11,[]
3864,10,[]
3884,11,[]
3905,11,[]
3926,13,[]
3949,18,[]
3977,16,[]
4003,15,[]
4028,13,[]
4051,18,[]
4079,14,[]
4103,15,[]
4128,15,[]
4153,15,[]
4178,15,[]
4203,16,[]
4229,14,[]
4253,17,[]
4280,13,[]
4303,16,[]
4329,19,[]
4358,18,[]
4386,15,[]
4411,14,[]
4435,15,[]
4460,13,[]
4483,14,[]
4507,141,[]
4747,4,[]
4761,5,[]
4776,7,[]
4793,8,[]
4811,8,[]
4829,10,[]
4849,12,[]
4871,13,[]
4894,15,[]
4919,14,[]
4943,15,[]
4968,13,[]
4991,13,[]
5014,13,[]
5037,11,[]
5058,17,[]
5085,11,[]
5106,12,[]
5128,10,[]
5148,14,[]
5172,13,[]
5195,13,[]
5218,10,[]
5238,12,[]
5260,12,[]
5282,13,[]
5305,13,[]
5328,13,[]
5351,10,[]
5371,130,[]
5600,4,[]
5614,9,[]
5633,9,[]
5652,9,[]
5671,9,[]
5690,10,[]
5710,12,[]
5732,13,[]
5755,16,[]
5781,12,[]
5803,19,[]
5832,17,[]
5859,16,[]
5885,17,[]
5912,13,[]
5935,17,[]
5962,12,[]
5984,14,[]
6008,11,[]
6029,12,[]
6051,14,[]
6075,13,[]
6098,16,[]
6124,13,[]
6147,17,[]
6174,13,[]
6197,11,[]
6218,16,[]
6244,17,[]
6271,109,[]
6479,3,[]
6492,10,[]
6512,8,[]
6530,9,[]
6549,10,[]
6569,12,[]
6591,13,[]
6614,15,[]
6639,16,[]
6665,10,[]
6685,10,[]
6705,10,[]
6725,12,[]
6747,12,[]
6769,14,[]
6793,12,[]
6815,11,[]
6836,11,[]
6857,10,[]
6877,11,[]
6898,10,[]
6918,11,[]
6939,12,[]
6961,14,[]
6985,16,[]
7011,16,[]
7037,11,[]
7058,14,[]
7082,18,[]
7110,115,[]
7324,4,[]
7338,7,[]
7355,7,[]
7372,8,[]
7390,7,[]
7407,7,[]
7424,11,[]
7445,10,[]
7465,13,[]
7488,11,[]
7509,10,[]
7529,10,[]
7549,12,[]
7571,11,[]
7592,12,[]
7614,13,[]
7637,14,[]
7661,15,[]
7686,15,[]
7711,13,[]
7734,14,[]
7758,15,[]
7783,15,[]
7808,16,[]
7834,19,[]
7863,15,[]
7888,13,[]
7911,13,[]
7934,15,[]
7959,119,[]
8177,5,[]
8192,10,[]
8212,8,[]
8230,14,[]
8254,7,[]
8271,11,[]
8292,10,[]
8312,12,[]
8334,12,[]
8356,11,[]
8377,13,[]
8400,12,[]
8422,14,[]
8446,13,[]
8469,14,[]
8493,16,[]
8519,11,[]
8540,14,[]
8564,11,[]
8585,16,[]
8611,10,[]
8631,10,[]
8651,13,[]
8674,12,[]
8696,13,[]
8719,14,[]
8743,12,[]
8765,12,[]
8787,11,[]
0,20,[]
31,1,[]
43,11,[]
65,9,[]
85,11,[]
107,11,[]
129,7,[]
147,6,[]
164,10,[]
185,10,[]
206,8,[]
225,7,[]
243,10,[]
264,10,[]
285,13,[]
309,14,[]
334,22,[]
367,8,[]
386,22,[]
419,13,[]
443,23,[]
477,14,[]
502,27,[]
540,18,[]
569,7,[]
587,18,[]
616,11,[]
638,21,[]
670,9,[]
690,19,[]
720,110,[]
903,1,[]
915,8,[]
934,10,[]
955,1,[]
967,14,[]
992,12,[]
1015,18,[]
1044,7,[]
1062,7,[]
1080,20,[]
1111,20,[]
1142,11,[]
1164,19,[]
1194,11,[]
1216,17,[]
1244,21,[]
1276,19,[]
1306,10,[]
1327,21,[]
1359,5,[]
1375,9,[]
1395,17,[]
1423,11,[]
1445,18,[]
1474,12,[]
1497,14,[]
1522,10,[]
1543,14,[]
1568,26,[]
1605,104,[]
1782,9,[]
1802,6,[]
1819,13,[]
1843,8,[]
1862,17,[]
1890,9,[]
1910,10,[]
1931,19,[]
1961,17,[]
1989,11,[]
2011,17,[]
2039,11,[]
2061,18,[6, 7, 8, 9, 10, 11, 12, 13, 14, 15, 16, 17]
2090,5,[]
2106,11,[]
2128,19,[]
2158,17,[]
2186,11,[]
2208,11,[]
2230,17,[]
2258,18,[]
2287,11,[]
2309,18,[]
2338,7,[]
2356,17,[]
2384,6,[]
2401,19,[]
2431,7,[]
2449,16,[]
2476,110,[]
2659,1,[]
2671,13,[]
2695,4,[]
2710,14,[]
2735,16,[]
2762,4,[]
2777,18,[]
2806,7,[]
2824,19,[]
2854,6,[]
2871,18,[]
2900,7,[]
2918,19,[]
2948,10,[]
2969,12,[]
2992,22,[]
3025,7,[]
3043,17,[]
3071,6,[]
3088,20,[]
3119,6,[]
3136,19,[]
3166,17,[]
3194,13,[]
3218,19,[]
3248,11,[]
3270,13,[]
3294,20,[]
3325,24,[]
3360,106,[]
3539,9,[]
3559,6,[]
3576,15,[]
3602,6,[]
3619,7,[]
3637,14,[]
3662,12,[]
3685,16,[]
3712,11,[]
3734,16,[]
3761,18,[]
3790,6,[]
3807,10,[]
3828,19,[]
3858,19,[]
3888,8,[]
3907,20,[]
3938,5,[]
3954,12,[]
3977,20,[]
4008,6,[]
4025,17,[]
4053,13,[]
4077,15,[]
4103,7,[]
4121,18,[]
4150,11,[]
4172,21,[]
4204,17,[]
4232,110,[]
4415,1,[]
4427,13,[]
4451,16,[]
4478,8,[]
4497,7,[]
4515,19,[]
4545,17,[]
4573,7,[]
4591,11,[]
4613,19,[]
4643,7,[]
4661,18,[]
4690,12,[]
4713,23,[]
4747,6,[]
4764,27,[]
4802,21,[]
4834,12,[]
4857,21,[]
4889,7,[]
4907,18,[]
4936,10,[]
4957,20,[]
4988,12,[]
5011,21,[]
5043,6,[]
5060,13,[]
5084,25,[]
5120,5,[]
5136,115,[]
5324,1,[]
5336,17,[]
5364,6,[]
5381,22,[]
5414,19,[]
5444,9,[]
5464,22,[]
5497,13,[]
5521,21,[]
5553,5,[]
5569,12,[]
5592,20,[]
5623,19,[]
5653,9,[]
5673,11,[]
5695,22,[]
5728,14,[]
5753,26,[]
5790,26,[]
5827,12,[]
5850,13,[]
5874,18,[]
5903,22,[]
5936,6,[]
5953,11,[]
5975,19,[]
6005,13,[]
6029,20,[]
6060,21,[]
6092,104,[]
6269,13,[]
6293,7,[]
6311,24,[]
6346,5,[]
6362,17,[]
6390,10,[]
6411,12,[]
6434,21,[]
6466,11,[]
6488,19,[]
6518,21,[]
6550,7,[]
6568,20,[]
6599,6,[]
6616,24,[]
6651,7,[]
6669,23,[]
6703,6,[]
6720,14,[]
6745,26,[]
6782,23,[7, 8, 9, 10, 11, 12, 13, 14, 15, 16, 17, 18, 19]
6816,12,[]
6839,21,[]
6871,13,[]
6895,21,[]
6927,7,[]
6945,12,[]
6968,25,[]
7004,5,[]
7020,104,[]
7197,12,[]
7220,7,[]
7238,15,[]
7264,8,[]
7283,17,[]
7311,10,[]
7332,11,[]
7354,18,[]
7383,5,[]
7399,18,[]
7428,5,[]
7444,19,[]
7474,7,[]
7492,18,[]
7521,6,[]
7538,20,[]
7569,17,[]
7597,7,[]
7615,11,[]
7637,19,[]
7667,8,[]
7686,17,[]
7714,21,[]
7746,8,[]
7765,20,[]
7796,6,[]
7813,16,[]
7840,8,[]
7859,16,[]
7886,110,[]
8069,7,[]
8087,8,[]
8106,6,[]
8123,14,[]
8148,17,[]
8176,5,[]
8192,21,[]
8224,5,[]
8240,18,[]
8269,8,[]
8288,19,[]
8318,6,[]
8335,9,[]
8355,20,[0, 1, 2, 3, 4, 5, 6, 7, 8, 9, 10, 11, 12, 13, 14, 15, 16]
8386,15,[]
8412,10,[]
8433,18,[]
8462,9,[]
8482,19,[]
8512,8,[]
8531,5,[]
8547,17,[]
8575,17,[]
8603,12,[0, 1, 2, 3, 4, 5, 6, 7, 8, 9, 10, 11]
8626,4,[]
8641,19,[]
8671,13,[]
8695,12,[]
8718,24,[]
0,15,[]
26,6,[]
43,10,[]
64,12,[]
87,12,[0, 1, 2, 3, 4, 5, 6, 7, 8, 9, 10, 11]
110,13,[]
134,11,[]
156,12,[]
179,4,[]
194,11,[]
216,10,[]
237,12,[]
260,12,[]
283,8,[]
302,11,[]
324,9,[]
344,11,[]
366,11,[]
388,13,[]
412,14,[]
437,13,[]
461,14,[]
486,18,[]
515,14,[]
540,15,[]
566,14,[]
591,15,[]
617,10,[]
638,14,[]
663,18,[]
692,48,[]
777,10,[]
798,9,[]
818,11,[]
840,11,[]
862,13,[]
886,14,[]
911,14,[]
936,14,[]
961,14,[]
986,16,[]
1013,15,[]
1039,17,[]
1067,16,[]
1094,17,[]
1122,18,[]
1151,17,[]
1179,18,[]
1208,15,[]
1234,14,[]
1259,17,[]
1287,15,[]
1313,16,[]
1340,15,[]
1366,15,[]
1392,14,[]
1417,16,[]
1444,16,[]
1471,17,[]
1499,15,[]
1525,47,[]
1609,12,[]
1632,15,[]
1658,14,[]
1683,22,[]
1716,23,[]
1750,25,[]
1786,24,[]
1821,25,[]
1857,23,[]
1891,17,[0, 1, 2, 3, 4, 5, 6, 7, 8, 9, 10, 11, 12]
1919,18,[]
1948,22,[]
1981,19,[]
2011,20,[]
2042,21,[]
2074,17,[]
2102,18,[]
2131,18,[]
2160,17,[]
2188,17,[]
2216,16,[]
2243,19,[]
2273,20,[]
2304,22,[]
2337,20,[]
2368,20,[]
2399,22,[]
2432,20,[]
2463,18,[]
2492,51,[]
2580,14,[]
2605,15,[]
2631,14,[]
2656,17,[]
2684,17,[]
2712,15,[]
2738,17,[]
2766,17,[]
2794,17,[]
2822,14,[]
2847,16,[]
2874,15,[]
2900,15,[]
2926,15,[]
2952,16,[]
2979,15,[]
3005,18,[]
3034,17,[]
3062,19,[]
3092,16,[]
3119,19,[]
3149,17,[]
3177,18,[]
3206,17,[]
3234,17,[]
3262,16,[]
3289,17,[]
3317,15,[]
3343,15,[]
3369,44,[]
3450,11,[]
3472,13,[]
3496,13,[]
3520,13,[]
3544,14,[]
3569,12,[]
3592,13,[]
3616,16,[]
3643,15,[]
3669,14,[]
3694,21,[]
3726,19,[]
3756,19,[]
3786,18,[]
3815,19,[]
3845,13,[]
3869,14,[]
3894,14,[]
3919,15,[]
3945,16,[]
3972,18,[]
4001,18,[]
4030,17,[]
4058,17,[]
4086,17,[]
4114,14,[]
4139,18,[]
4168,14,[]
4193,16,[]
4220,43,[]
4300,11,[]
4322,14,[]
4347,7,[]
4365,15,[]
4391,14,[]
4416,14,[]
4441,13,[]
4465,13,[]
4489,13,[]
4513,15,[]
4539,19,[]
4569,20,[]
4600,19,[]
4630,19,[]
4660,15,[]
4686,15,[]
4712,14,[]
4737,17,[]
4765,14,[]
4790,17,[]
4818,16,[]
4845,23,[]
4879,14,[]
4904,17,[]
4932,17,[]
4960,17,[]
4988,21,[0, 1, 2, 3, 4, 5, 6, 7, 8, 9, 10, 11, 12, 13, 14, 15, 16]
5020,13,[]
5044,17,[]
5072,57,[]
5166,9,[]
5186,11,[]
5208,11,[]
5230,12,[]
5253,13,[]
5277,14,[]
5302,14,[]
5327,13,[]
5351,15,[]
5377,13,[]
5401,14,[]
5426,12,[]
5449,15,[]
5475,13,[]
5499,13,[]
5523,12,[]
5546,14,[]
5571,12,[0, 1, 2, 3, 4, 5, 6, 7, 8, 9, 10, 11]
5594,13,[]
5618,12,[]
5641,15,[]
5667,14,[]
5692,12,[]
5715,12,[]
5738,12,[]
5761,10,[]
5782,16,[]
5809,10,[]
5830,13,[]
5854,66,[]
5957,7,[]
5975,11,[]
5997,9,[]
6017,13,[]
6041,10,[]
6062,11,[]
6084,12,[]
6107,13,[]
6131,12,[]
6154,11,[]
6176,11,[]
6198,11,[]
6220,11,[]
6242,12,[]
6265,12,[]
6288,14,[]
6313,14,[]
6338,14,[]
6363,14,[]
6388,14,[]
6413,13,[]
6437,12,[]
6460,12,[]
6483,19,[]
6513,13,[]
6537,14,[]
6562,12,[]
6585,13,[]
6609,16,[]
6636,71,[]
6744,7,[]
6762,10,[]
6783,11,[]
6805,12,[]
6828,14,[]
6853,14,[0, 1, 2, 3, 4, 5, 6, 7, 8, 9, 10, 11]
6878,13,[]
6902,14,[]
6927,13,[]
6951,13,[]
6975,11,[]
6997,13,[]
7021,11,[]
7043,12,[]
7066,15,[]
7092,13,[]
7116,13,[]
7140,16,[]
7167,15,[]
7193,18,[]
7222,17,[]
7250,15,[]
7276,15,[]
7302,16,[]
7329,16,[]
7356,16,[]
7383,15,[]
7409,17,[]
7437,15,[]
7463,52,[]
7552,13,[]
7576,13,[]
7600,15,[]
7626,7,[]
7644,16,[]
7671,16,[]
7698,15,[]
7724,20,[]
7755,20,[]
7786,19,[]
7816,20,[]
7847,15,[]
7873,13,[]
7897,18,[]
7926,15,[]
7952,17,[]
7980,16,[]
8007,17,[]
8035,17,[]
8063,16,[]
8090,17,[]
8118,15,[]
8144,16,[]
8171,13,[]
8195,16,[]
8222,16,[]
8249,14,[]
8274,13,[]
8298,7,[]
0,53,[]
113,4,[]
128,18,[]
157,8,[]
176,19,[]
206,19,[]
236,6,[]
253,21,[]
285,17,[]
313,7,[]
331,18,[]
360,6,[]
377,21,[]
409,19,[]
439,19,[]
469,7,[]
487,18,[]
516,18,[]
545,8,[]
564,16,[]
591,19,[]
621,7,[]
639,19,[]
669,6,[]
686,24,[]
721,20,[]
752,20,[]
783,3,[]
797,21,[]
829,22,[]
862,104,[]
1026,22,[]
1059,24,[]
1094,7,[]
1112,14,[]
1137,6,[]
1154,22,[]
1187,20,[]
1218,25,[]
1254,5,[]
1270,27,[]
1308,20,[]
1339,5,[]
1355,23,[]
1389,18,[]
1418,7,[]
1436,25,[]
1472,7,[]
1490,23,[]
1524,22,[]
1557,17,[]
1585,9,[]
1605,25,[]
1641,20,[4, 5, 6, 7, 8, 9, 10, 11, 12, 13, 14, 15, 16, 17, 18, 19]
1672,6,[]
1689,18,[]
1718,18,[]
1747,6,[]
1764,20,[]
1795,10,[]
1816,90,[]
1966,9,[]
1986,11,[]
2008,6,[]
2025,17,[]
2053,15,[]
2079,8,[]
2098,17,[]
2126,18,[]
2155,5,[]
2171,18,[]
2200,6,[]
2217,20,[]
2248,15,[]
2274,13,[]
2298,6,[]
2315,16,[]
2342,15,[]
2368,8,[]
2387,16,[]
2414,18,[]
2443,6,[]
2460,19,[]
2490,6,[]
2507,18,[]
2536,19,[]
2566,15,[]
2592,9,[]
2612,18,[]
2641,15,[]
2667,78,[]
2805,10,[]
2826,12,[]
2849,7,[]
2867,17,[]
2895,6,[]
2912,12,[]
2935,15,[]
2961,17,[]
2989,6,[]
3006,17,[0, 1, 2, 3, 4, 5, 6, 7, 8, 9, 10, 11, 12, 13, 14, 15, 16]
3034,18,[]
3063,6,[]
3080,13,[]
3104,16,[]
3131,6,[]
3148,19,[]
3178,6,[]
3195,16,[]
3222,14,[]
3247,15,[]
3273,8,[]
3292,15,[]
3318,18,[]
3347,6,[]
3364,15,[]
3390,16,[]
3417,7,[]
3435,18,[]
3464,8,[]
3483,79,[]
3622,9,[]
3642,13,[]
3666,8,[]
3685,15,[]
3711,16,[]
3738,5,[]
3754,19,[]
3784,14,[]
3809,7,[]
3827,16,[]
3854,7,[]
3872,17,[]
3900,13,[]
3924,16,[]
3951,7,[]
3969,16,[]
3996,15,[0, 1, 2, 3, 4, 5, 6, 7, 8, 9, 10, 11]
4022,9,[]
4042,15,[]
4068,13,[]
4092,6,[]
4109,16,[]
4136,10,[]
4157,19,[]
4187,16,[]
4214,20,[]
4245,5,[]
4261,17,[]
4289,19,[]
4319,74,[]
4453,12,[]
4476,14,[]
4501,7,[]
4519,21,[]
4551,5,[]
4567,17,[]
4595,17,[]
4623,20,[6, 7, 8, 9, 10, 11, 12, 13, 14, 15, 16, 17, 18, 19]
4654,6,[]
4671,17,[]
4699,20,[]
4730,6,[]
4747,22,[]
4780,17,[]
4808,7,[]
4826,20,[]
4857,6,[]
4874,17,[]
4902,16,[]
4929,19,[]
4959,7,[]
4977,17,[]
5005,17,[]
5033,9,[]
5053,14,[]
5078,16,[]
5105,11,[]
5127,21,[]
5159,11,[]
5181,83,[]
5324,12,[]
5347,14,[]
5372,9,[]
5392,16,[]
5419,15,[]
5445,9,[]
5465,16,[]
5492,20,[]
5523,5,[]
5539,20,[]
5570,9,[]
5590,17,[]
5618,16,[4, 5, 6, 7, 8, 9, 10, 11, 12, 13, 14, 15]
5645,15,[]
5671,7,[]
5689,16,[]
5716,22,[]
5749,6,[]
5766,15,[]
5792,20,[]
5823,5,[]
5839,18,[]
5868,7,[]
5886,17,[]
5914,17,[]
5942,14,[]
5967,6,[]
5984,17,[]
6012,17,[]
6040,84,[]
6184,6,[]
6201,15,[]
6227,8,[]
6246,16,[]
6273,8,[]
6292,17,[]
6320,19,[]
6350,13,[]
6374,8,[]
6393,17,[]
6421,20,[]
6452,7,[]
6470,15,[]
6496,17,[]
6524,9,[]
6544,19,[]
6574,6,[]
6591,16,[]
6618,14,[]
6643,13,[]
6667,9,[]
6687,14,[]
6712,15,[]
6738,8,[]
6757,16,[0, 1, 2, 3, 4, 5, 6, 7, 8, 9, 10, 11]
6784,15,[]
6810,6,[]
6827,16,[]
6854,6,[]
6871,85,[]
7016,10,[]
7037,10,[]
7058,7,[]
7076,15,[]
7102,10,[]
7123,8,[]
7142,16,[]
7169,15,[]
7195,10,[]
7216,16,[]
7243,7,[]
7261,17,[]
7289,15,[]
7315,16,[0, 1, 2, 3, 4, 5, 6, 7, 8, 9, 10, 11, 12, 13]
7342,5,[]
7358,20,[]
7389,17,[]
7417,5,[]
7433,16,[]
7460,20,[]
7491,6,[]
7508,17,[]
7536,7,[]
7554,17,[]
7582,17,[]
7610,18,[]
7639,6,[]
7656,17,[]
7684,17,[]
7712,90,[]
7862,9,[]
7882,11,[]
7904,6,[]
7921,16,[0, 4, 5, 6, 7, 8, 9, 10, 11, 12, 13, 14, 15]
7948,6,[]
7965,16,[]
7992,16,[]
8019,17,[]
8047,10,[]
8068,19,[]
8098,19,[]
8128,6,[]
8145,20,[]
8176,20,[]
8207,6,[]
8224,22,[]
8257,6,[]
8274,20,[]
8305,17,[]
8333,16,[]
8360,9,[]
8380,16,[]
8407,17,[]
8435,7,[]
8453,17,[]
8481,18,[]
8510,6,[]
8527,21,[]
8559,7,[]
0,23,[2, 3, 4, 5, 6, 7, 8, 9, 10, 11, 12, 13, 14, 15, 16, 17, 18, 19, 20]
34,4,[]
49,10,[]
70,14,[]
95,13,[]
119,10,[]
140,16,[]
167,13,[]
191,12,[]
214,10,[]
235,12,[]
258,11,[]
280,14,[]
305,12,[]
328,14,[]
353,13,[]
377,15,[]
403,13,[]
427,14,[]
452,12,[]
475,15,[]
501,13,[]
525,16,[]
552,17,[]
580,12,[]
603,13,[]
627,14,[]
652,19,[]
682,16,[]
709,14,[]
734,80,[]
872,12,[]
895,9,[]
915,10,[]
936,8,[]
955,15,[]
981,17,[]
1009,16,[]
1036,15,[]
1062,17,[]
1090,15,[]
1116,16,[]
1143,16,[]
1170,15,[]
1196,17,[]
1224,15,[]
1250,16,[]
1277,14,[]
1302,16,[]
1329,15,[]
1355,16,[]
1382,15,[]
1408,18,[]
1437,17,[]
1465,15,[]
1491,13,[]
1515,18,[]
1544,17,[]
1572,13,[]
1596,15,[]
1622,82,[]
1762,7,[]
1780,11,[]
1802,12,[]
1825,14,[]
1850,13,[]
1874,14,[]
1899,13,[]
1923,13,[]
1947,14,[]
1972,15,[]
1998,14,[]
2023,15,[]
2049,12,[]
2072,13,[]
2096,9,[]
2116,14,[]
2141,14,[]
2166,17,[]
2194,13,[]
2218,17,[]
2246,13,[]
2270,14,[]
2295,10,[]
2316,14,[]
2341,14,[]
2366,15,[]
2392,14,[]
2417,17,[]
2445,14,[]
2470,82,[]
2610,8,[]
2629,10,[]
2650,10,[]
2671,16,[]
2698,14,[]
2723,14,[]
2748,15,[]
2774,15,[]
2800,14,[]
2825,15,[]
2851,14,[]
2876,18,[]
2905,17,[]
2933,18,[2, 3, 4, 5, 6, 7, 8, 9, 10, 11, 12, 13, 14, 15, 16]
2962,15,[]
2988,19,[]
3018,14,[]
3043,22,[]
3076,16,[]
3103,16,[]
3130,20,[]
3161,18,[]
3190,17,[]
3218,17,[]
3246,16,[]
3273,17,[]
3301,14,[]
3326,18,[]
3355,18,[]
3384,83,[]
3525,6,[]
3542,11,[]
3564,11,[]
3586,11,[]
3608,13,[]
3632,13,[]
3656,15,[]
3682,17,[]
3710,16,[]
3737,18,[]
3766,15,[]
3792,19,[]
3822,16,[]
3849,18,[]
3878,14,[]
3903,18,[]
3932,17,[]
3960,17,[]
3988,15,[]
4014,18,[]
4043,15,[]
4069,18,[]
4098,15,[]
4124,14,[]
4149,15,[]
4175,16,[]
4202,14,[]
4227,15,[]
4253,14,[]
4278,85,[]
4421,7,[]
4439,11,[]
4461,13,[]
4485,14,[]
4510,16,[]
4537,17,[]
4565,16,[]
4592,15,[]
4618,14,[]
4643,14,[]
4668,15,[]
4694,16,[]
4721,16,[]
4748,15,[]
4774,14,[]
4799,15,[]
4825,15,[]
4851,17,[]
4879,16,[]
4906,17,[]
4934,16,[]
4961,17,[0, 1, 2, 3, 4, 5, 6, 7, 8, 9, 10, 11, 12, 13, 14, 15, 16]
4989,15,[]
5015,16,[]
5042,15,[]
5068,16,[]
5095,16,[]
5122,15,[]
5148,16,[]
5175,87,[]
5320,6,[]
5337,10,[]
5358,11,[]
5380,17,[]
5408,14,[]
5433,16,[]
5460,14,[]
5485,14,[]
5510,15,[]
5536,15,[]
5562,14,[]
5587,16,[]
5614,13,[]
5638,15,[]
5664,16,[]
5691,16,[]
5718,14,[]
5743,14,[]
5768,16,[]
5795,16,[]
5822,16,[]
5849,13,[]
5873,17,[]
5901,16,[]
5928,16,[]
5955,15,[]
5981,15,[]
6007,17,[]
6035,15,[]
6061,86,[]
6205,7,[]
6223,12,[]
6246,12,[]
6269,13,[]
6293,11,[]
6315,15,[]
6341,13,[]
6365,14,[]
6390,15,[]
6416,15,[]
6442,16,[]
6469,18,[]
6498,17,[]
6526,17,[]
6554,17,[]
6582,19,[]
6612,16,[]
6639,15,[]
6665,14,[]
6690,15,[]
6716,15,[]
6742,16,[]
6769,14,[]
6794,16,[]
6821,16,[]
6848,17,[]
6876,17,[]
6904,17,[]
6932,15,[]
6958,88,[]
7104,6,[]
7121,10,[]
7142,11,[]
7164,15,[]
7190,14,[]
7215,13,[]
7239,12,[]
7262,15,[]
7288,12,[]
7311,16,[]
7338,13,[]
7362,16,[]
7389,14,[]
7414,15,[]
7440,16,[]
7467,18,[]
7496,15,[]
7522,14,[]
7547,12,[]
7570,13,[]
7594,14,[]
7619,13,[]
7643,12,[]
7666,14,[]
7691,13,[]
7715,14,[]
7740,13,[]
7764,14,[]
7789,13,[]
7813,92,[]
7963,7,[]
7981,11,[]
8003,12,[]
8026,14,[]
8051,12,[]
8074,15,[]
8100,13,[]
8124,16,[]
8151,13,[]
8175,15,[]
8201,14,[]
8226,17,[]
8254,13,[1, 2, 3, 4, 5, 6, 7, 8, 9, 10, 11, 12]
8278,15,[]
8304,14,[]
8329,17,[]
8357,15,[]
8383,16,[]
8410,15,[]
8436,17,[]
8464,14,[]
8489,15,[]
8515,14,[]
8540,17,[]
8568,14,[]
8593,15,[]
8619,12,[]
8642,16,[]
8669,13,[]
0,27,[]
38,5,[]
54,8,[]
73,9,[]
93,7,[]
111,15,[]
137,13,[]
161,13,[]
185,13,[]
209,6,[]
226,15,[]
252,12,[]
275,14,[]
300,11,[]
322,12,[]
345,10,[]
366,11,[]
388,12,[]
411,12,[]
434,15,[]
460,15,[]
486,6,[]
503,12,[]
526,15,[]
552,15,[]
578,13,[]
602,13,[]
626,12,[]
649,10,[]
670,19,[]
700,95,[]
839,16,[]
866,14,[]
891,1,[]
903,6,[]
920,11,[]
942,15,[]
968,12,[]
991,18,[]
1020,13,[]
1044,8,[]
1063,16,[]
1090,14,[0, 1, 2, 3, 4, 5, 6, 7, 8, 9, 10, 11, 12, 13]
1115,17,[]
1143,16,[]
1170,5,[]
1186,16,[]
1213,15,[]
1239,16,[]
1266,15,[]
1292,16,[]
1319,15,[]
1345,15,[]
1371,12,[]
1394,12,[]
1417,13,[]
1441,14,[]
1466,11,[]
1488,10,[]
1509,16,[]
1536,89,[]
1669,9,[]
1689,11,[]
1711,11,[]
1733,12,[]
1756,7,[]
1774,14,[]
1799,12,[]
1822,19,[]
1852,14,[]
1877,9,[]
1897,13,[]
1921,17,[]
1949,13,[]
1973,14,[]
1998,17,[]
2026,19,[]
2056,12,[]
2079,17,[]
2107,17,[]
2135,21,[]
2167,18,[6, 7, 8, 9, 10, 11, 12, 13, 14, 15, 16, 17]
2196,5,[]
2212,17,[]
2240,20,[]
2271,18,[]
2300,19,[]
2330,17,[]
2358,19,[]
2388,5,[]
2404,84,[]
2532,10,[]
2553,15,[]
2579,20,[]
2610,7,[]
2628,21,[]
2660,18,[]
2689,16,[]
2716,16,[]
2743,16,[]
2770,14,[]
2795,16,[]
2822,9,[]
2842,17,[]
2870,17,[]
2898,17,[]
2926,19,[]
2956,18,[]
2985,19,[]
3015,10,[]
3036,17,[]
3064,21,[]
3096,18,[]
3125,19,[]
3155,8,[]
3174,20,[]
3205,15,[]
3231,24,[]
3266,15,[]
3292,14,[]
3317,55,[]
3416,2,[]
3429,12,[]
3452,13,[]
3476,13,[]
3500,15,[]
3526,8,[]
3545,14,[]
3570,16,[]
3597,16,[]
3624,14,[0, 1, 2, 3, 4, 5, 6, 7, 8, 9, 10, 11]
3649,15,[]
3675,15,[]
3701,9,[]
3721,16,[]
3748,17,[]
3776,17,[]
3804,21,[]
3836,6,[]
3853,18,[]
3882,20,[]
3913,21,[]
3945,20,[]
3976,15,[]
4002,17,[]
4030,11,[]
4052,17,[]
4080,15,[]
4106,16,[]
4133,18,[]
4162,58,[]
4264,2,[]
4277,13,[]
4301,15,[]
4327,17,[]
4355,15,[]
4381,16,[]
4408,17,[]
4436,9,[]
4456,18,[]
4485,17,[]
4513,15,[]
4539,16,[]
4566,11,[]
4588,19,[]
4618,16,[]
4645,17,[]
4673,20,[]
4704,18,[]
4733,20,[]
4764,10,[]
4785,19,[]
4815,18,[]
4844,25,[]
4880,23,[]
4914,8,[]
4933,29,[]
4973,23,[]
5007,21,[]
5039,24,[]
5074,57,[]
5175,22,[]
5208,6,[]
5225,24,[]
5260,22,[]
5293,20,[]
5324,19,[]
5354,8,[]
5373,21,[]
5405,20,[]
5436,33,[]
5480,25,[]
5516,24,[]
5551,30,[]
5592,9,[]
5612,29,[]
5652,26,[]
5689,18,[]
5718,17,[]
5746,18,[]
5775,14,[]
5800,16,[]
5827,16,[]
5854,18,[]
5883,16,[]
5910,19,[]
5940,22,[]
5973,8,[]
5992,28,[]
6031,22,[]
6064,37,[]
6145,13,[]
6169,7,[]
6187,20,[]
6218,15,[]
6244,14,[]
6269,17,[]
6297,11,[]
6319,13,[]
6343,14,[]
6368,13,[]
6392,6,[]
6409,16,[]
6436,18,[0, 1, 2, 3, 4, 5, 6, 7, 8, 9, 10, 11, 12, 13, 14, 15, 16, 17]
6465,17,[]
6493,22,[]
6526,6,[]
6543,18,[]
6572,16,[]
6599,15,[]
6625,15,[]
6651,14,[]
6676,18,[]
6705,7,[]
6723,16,[]
6750,18,[]
6779,16,[]
6806,14,[]
6831,16,[]
6858,15,[]
6884,43,[]
6971,13,[]
6995,16,[]
7022,18,[]
7051,10,[]
7072,17,[]
7100,15,[]
7126,14,[]
7151,15,[]
7177,13,[]
7201,8,[]
7220,19,[]
7250,12,[]
7273,16,[]
7300,17,[]
7328,18,[]
7357,16,[]
7384,16,[]
7411,7,[]
7429,15,[]
7455,18,[]
7484,16,[]
7511,16,[]
7538,12,[]
7561,11,[]
7583,11,[]
7605,12,[]
7628,14,[]
7653,18,[]
7682,6,[]
7699,48,[]
7791,8,[]
7810,11,[]
7832,13,[]
7856,5,[]
7872,14,[]
7897,23,[]
7931,11,[]
7953,14,[]
7978,13,[]
8002,15,[]
8028,8,[]
8047,13,[]
8071,13,[]
8095,14,[]
8120,20,[]
8151,9,[]
8171,12,[]
8194,16,[]
8221,14,[]
8246,17,[]
8274,12,[]
8297,15,[]
8323,7,[]
8341,14,[]
8366,13,[]
8390,12,[]
8413,12,[0, 1, 2, 3, 4, 5, 6, 7, 8, 9, 10, 11]
8436,15,[]
8462,7,[]
0,24,[]
35,2,[]
48,6,[]
65,12,[]
88,10,[]
109,15,[]
135,10,[]
156,11,[]
178,12,[]
201,12,[]
224,11,[]
246,9,[]
266,13,[]
290,8,[]
309,10,[]
330,14,[]
355,13,[]
379,9,[]
399,12,[]
422,6,[]
439,10,[]
460,14,[]
485,16,[]
512,8,[]
531,8,[]
550,8,[]
569,14,[]
594,18,[]
623,13,[]
647,17,[]
675,110,[]
837,14,[]
862,15,[]
888,5,[]
904,5,[]
920,11,[]
942,14,[]
967,22,[]
1000,23,[]
1034,23,[]
1068,23,[]
1102,24,[]
1137,23,[]
1171,23,[]
1205,23,[]
1239,24,[]
1274,24,[]
1309,24,[]
1344,26,[]
1381,28,[]
1420,28,[]
1459,29,[]
1499,27,[]
1537,24,[9, 10, 11, 12, 13, 14, 15, 16, 17, 18, 19, 20]
1572,27,[]
1610,26,[]
1647,26,[13, 14, 15, 16, 17, 18, 19, 20, 21, 22, 23, 24, 25]
1684,26,[]
1721,26,[]
1758,25,[]
1794,59,[]
1905,19,[]
1935,23,[]
1969,22,[]
2002,24,[]
2037,22,[]
2070,24,[]
2105,24,[]
2140,20,[]
2171,23,[]
2205,21,[]
2237,18,[]
2266,20,[]
2297,16,[]
2324,15,[]
2350,15,[]
2376,14,[]
2401,14,[]
2426,15,[]
2452,15,[]
2478,14,[]
2503,18,[]
2532,12,[]
2555,12,[]
2578,13,[]
2602,11,[]
2624,13,[]
2648,10,[]
2669,12,[]
2692,9,[]
2712,67,[]
2831,5,[]
2847,7,[]
2865,8,[]
2884,9,[]
2904,8,[]
2923,9,[]
2943,11,[]
2965,9,[]
2985,10,[]
3006,9,[]
3026,9,[]
3046,8,[]
3065,11,[]
3087,9,[]
3107,10,[]
3128,8,[]
3147,7,[]
3165,12,[]
3188,8,[]
3207,10,[]
3228,8,[]
3247,10,[]
3268,12,[]
3291,10,[]
3312,9,[]
3332,9,[]
3352,10,[]
3373,10,[]
3394,11,[]
3416,73,[]
3541,4,[]
3556,8,[]
3575,6,[]
3592,9,[]
3612,9,[]
3632,8,[]
3651,10,[]
3672,11,[]
3694,9,[]
3714,9,[]
3734,9,[]
3754,12,[]
3777,9,[]
3797,9,[]
3817,8,[]
3836,10,[]
3857,8,[]
3876,9,[]
3896,8,[]
3915,13,[]
3939,9,[]
3959,8,[]
3978,12,[]
4001,11,[]
4023,11,[]
4045,9,[]
4065,28,[]
4104,23,[]
4138,7,[]
4156,73,[]
4281,4,[]
4296,7,[]
4314,11,[]
4336,11,[]
4358,11,[]
4380,13,[]
4404,14,[]
4429,17,[]
4457,17,[]
4485,19,[]
4515,20,[]
4546,22,[]
4579,22,[]
4612,22,[]
4645,20,[]
4676,24,[]
4711,23,[]
4745,23,[]
4779,21,[]
4811,22,[]
4844,21,[]
4876,20,[]
4907,22,[]
4940,24,[]
4975,22,[]
5008,21,[]
5040,22,[]
5073,21,[]
5105,18,[]
5134,50,[]
5236,16,[]
5263,15,[]
5289,14,[]
5314,16,[]
5341,14,[]
5366,15,[]
5392,13,[]
5416,14,[]
5441,19,[]
5471,11,[]
5493,13,[]
5517,15,[]
5543,16,[]
5570,16,[]
5597,16,[]
5624,16,[]
5651,17,[]
5679,15,[]
5705,17,[]
5733,14,[]
5758,17,[]
5786,9,[]
5806,12,[]
5829,13,[]
5853,12,[]
5876,12,[]
5899,16,[]
5926,16,[]
5953,13,[]
5977,63,[]
6092,9,[]
6112,10,[]
6133,9,[]
6153,14,[]
6178,9,[]
6198,12,[]
6221,10,[]
6242,12,[]
6265,10,[]
6286,12,[]
6309,10,[]
6330,10,[]
6351,10,[]
6372,10,[]
6393,13,[]
6417,10,[]
6438,8,[]
6457,9,[]
6477,8,[]
6496,9,[]
6516,9,[]
6536,9,[]
6556,15,[]
6582,11,[]
6604,12,[]
6627,12,[]
6650,9,[]
6670,10,[]
6691,8,[]
6710,84,[]
6846,3,[]
6860,4,[]
6875,7,[]
6893,6,[]
6910,10,[]
6931,8,[]
6950,7,[]
6968,9,[]
6988,9,[]
7008,11,[]
7030,9,[]
7050,10,[]
7071,9,[]
7091,7,[]
7109,8,[]
7128,9,[]
7148,8,[]
7167,9,[]
7187,9,[]
7207,9,[]
7227,14,[]
7252,9,[]
7272,11,[]
7294,11,[]
7316,13,[]
7340,9,[]
7360,9,[]
7380,11,[]
7402,9,[]
7422,104,[]
7578,6,[]
7595,10,[]
7616,13,[]
7640,15,[]
7666,14,[]
7691,13,[]
7715,17,[]
7743,19,[]
7773,19,[]
7803,21,[]
7835,20,[]
7866,22,[]
7899,21,[]
7931,21,[]
7963,23,[]
7997,22,[]
8030,21,[]
8062,22,[]
8095,22,[]
8128,24,[]
8163,25,[]
8199,26,[0, 1, 2, 3, 4, 5, 6, 7, 8, 9, 10, 11]
8236,23,[]
8270,26,[]
8307,24,[]
8342,25,[]
8378,24,[]
8413,24,[]
8448,9,[]
0,82,[]
182,10,[]
202,16,[]
228,20,[]
258,7,[]
275,16,[]
301,15,[]
326,20,[]
356,24,[]
390,4,[]
404,18,[]
432,22,[]
464,20,[]
494,7,[]
511,22,[]
543,20,[]
573,22,[]
605,25,[]
640,6,[]
656,23,[]
689,22,[]
721,27,[9, 10, 11, 12, 13, 14, 15, 16, 17, 18, 19, 20]
758,20,[]
788,22,[]
820,9,[]
839,29,[]
878,21,[]
909,25,[]
944,7,[]
961,21,[]
992,201,[]
1293,17,[]
1320,21,[]
1351,5,[]
1366,15,[]
1391,13,[]
1414,16,[]
1440,14,[]
1464,6,[]
1480,22,[]
1512,19,[]
1541,15,[]
1566,18,[]
1594,14,[]
1618,5,[]
1633,17,[]
1660,13,[]
1683,19,[0, 1, 2, 3, 4, 5, 6, 7, 8, 9, 10, 11, 12, 13, 14, 15, 16]
1712,15,[]
1737,6,[]
1753,16,[]
1779,14,[]
1803,15,[]
1828,9,[]
1847,15,[]
1872,12,[]
1894,14,[]
1918,13,[]
1941,15,[]
1966,6,[]
1982,132,[]
2214,3,[]
2227,6,[]
2243,6,[]
2259,7,[]
2276,7,[]
2293,7,[]
2310,10,[]
2330,7,[]
2347,11,[]
2368,11,[0, 1, 2, 3, 4, 5, 6, 7, 8, 9, 10]
2389,11,[]
2410,7,[]
2427,13,[]
2450,16,[]
2476,11,[]
2497,7,[]
2514,12,[]
2536,12,[]
2558,13,[]
2581,10,[]
2601,14,[]
2625,10,[]
2645,13,[]
2668,10,[]
2688,18,[]
2716,13,[]
2739,16,[]
2765,9,[]
2784,16,[]
2810,110,[]
3020,4,[]
3034,9,[]
3053,7,[]
3070,14,[]
3094,10,[]
3114,10,[]
3134,6,[]
3150,12,[]
3172,12,[]
3194,14,[]
3218,6,[]
3234,15,[]
3259,12,[0, 1, 2, 3, 4, 5, 6, 7, 8, 9, 10, 11]
3281,12,[]
3303,13,[]
3326,9,[]
3345,16,[]
3371,14,[]
3395,14,[]
3419,16,[]
3445,11,[]
3466,13,[]
3489,14,[]
3513,14,[]
3537,15,[]
3562,9,[]
3581,18,[]
3609,15,[]
3634,14,[]
3658,124,[]
3882,4,[]
3896,7,[]
3913,9,[]
3932,9,[]
3951,14,[]
3975,13,[]
3998,13,[]
4021,17,[]
4048,6,[]
4064,17,[]
4091,14,[]
4115,14,[]
4139,9,[]
4158,17,[]
4185,15,[]
4210,16,[]
4236,10,[]
4256,16,[]
4282,12,[]
4304,18,[]
4332,7,[]
4349,18,[]
4377,15,[]
4402,18,[]
4430,10,[]
4450,21,[]
4481,15,[]
4506,17,[]
4533,8,[]
4551,144,[]
4795,3,[]
4808,5,[]
4823,9,[]
4842,10,[]
4862,11,[]
4883,9,[]
4902,11,[]
4923,8,[]
4941,11,[]
4962,11,[]
4983,8,[]
5001,13,[]
5024,12,[]
5046,12,[]
5068,16,[]
5094,9,[]
5113,14,[]
5137,12,[]
5159,20,[]
5189,7,[]
5206,14,[]
5230,15,[]
5255,9,[]
5274,18,[]
5302,12,[]
5324,16,[]
5350,9,[]
5369,11,[]
5390,17,[]
5417,156,[]
5673,2,[]
5685,1,[]
5696,3,[]
5709,4,[]
5723,7,[]
5740,7,[]
5757,11,[]
5778,8,[]
5796,13,[]
5819,7,[]
5836,13,[]
5859,12,[]
5881,12,[]
5903,9,[]
5922,16,[]
5948,12,[]
5970,13,[]
5993,10,[]
6013,10,[]
6033,10,[]
6053,10,[]
6073,9,[]
6092,12,[]
6114,13,[]
6137,7,[]
6154,12,[]
6176,16,[]
6202,12,[]
6224,19,[]
6253,115,[]
6468,3,[]
6481,4,[]
6495,6,[]
6511,10,[]
6531,10,[]
6551,10,[]
6571,2,[]
6583,8,[]
6601,9,[]
6620,9,[]
6639,13,[]
6662,7,[]
6679,13,[]
6702,15,[]
6727,13,[]
6750,16,[]
6776,14,[]
6800,14,[]
6824,8,[]
6842,16,[]
6868,14,[]
6892,15,[]
6917,12,[]
6939,17,[]
6966,16,[]
6992,17,[]
7019,8,[]
7037,17,[]
7064,17,[]
7091,141,[]
7332,3,[]
7345,7,[]
7362,9,[]
7381,9,[]
7400,11,[]
7421,12,[]
7443,6,[]
7459,12,[]
7481,10,[]
7501,13,[]
7524,13,[]
7547,8,[]
7565,11,[]
7586,13,[]
7609,17,[]
7636,8,[]
7654,17,[]
7681,18,[]
7709,11,[]
7730,18,[]
7758,14,[]
7782,13,[]
7805,15,[2, 3, 4, 5, 6, 7, 8, 9, 10, 11, 12, 13, 14]
7830,22,[]
7862,9,[]
7881,11,[]
7902,15,[]
7927,13,[]
7950,19,[]
7979,165,[]
8244,1,[]
8255,2,[]
8267,6,[]
8283,7,[]
8300,10,[]
8320,10,[]
8340,4,[]
8354,13,[]
8377,8,[]
8395,10,[]
8415,4,[]
8429,11,[]
8450,9,[]
8469,10,[]
8489,13,[]
8512,10,[]
8532,12,[]
8554,11,[]
8575,8,[]
8593,9,[]
8612,15,[]
8637,12,[]
8659,8,[]
8677,10,[]
8697,15,[]
8722,15,[]
8747,13,[]
8770,11,[]
8791,11,[]
0,26,[]
35,2,[]
46,8,[]
63,10,[]
82,8,[]
99,14,[]
122,13,[]
144,8,[]
161,9,[]
179,7,[]
195,9,[]
213,10,[]
232,8,[]
249,11,[]
269,11,[]
289,9,[]
307,9,[]
325,14,[]
348,17,[]
374,9,[]
392,13,[]
414,22,[]
445,20,[]
474,23,[]
506,17,[]
532,14,[]
555,14,[]
578,13,[1, 2, 3, 4, 5, 6, 7, 8, 9, 10, 11, 12]
600,16,[]
625,28,[]
662,112,[]
864,8,[]
881,6,[]
896,6,[]
911,4,[]
924,7,[]
940,14,[]
963,10,[]
982,11,[]
1002,12,[]
1023,11,[]
1043,9,[]
1061,13,[]
1083,12,[]
1104,12,[]
1125,12,[]
1146,13,[]
1168,12,[]
1189,14,[]
1212,16,[]
1237,12,[]
1258,14,[]
1281,14,[]
1304,13,[]
1326,12,[]
1347,13,[0, 1, 2, 3, 4, 5, 6, 7, 8, 9, 10, 11, 12]
1369,14,[]
1392,12,[]
1413,14,[]
1436,11,[]
1456,92,[]
1638,8,[]
1655,8,[]
1672,10,[]
1691,9,[]
1709,11,[]
1729,10,[]
1748,12,[]
1769,12,[]
1790,9,[]
1808,12,[]
1829,11,[]
1849,10,[]
1868,13,[]
1890,14,[]
1913,13,[]
1935,15,[]
1959,14,[]
1982,13,[]
2004,12,[]
2025,14,[]
2048,14,[]
2071,16,[]
2096,17,[]
2122,14,[0, 1, 2, 3, 4, 5, 6, 7, 8, 9, 10, 11]
2145,13,[]
2167,15,[]
2191,14,[]
2214,12,[]
2235,13,[]
2257,110,[]
2457,4,[]
2470,8,[]
2487,9,[]
2505,10,[]
2524,12,[]
2545,11,[]
2565,10,[]
2584,15,[]
2608,9,[]
2626,9,[]
2644,13,[]
2666,12,[]
2687,9,[]
2705,14,[]
2728,13,[]
2750,12,[]
2771,13,[]
2793,13,[]
2815,9,[]
2833,13,[]
2855,15,[]
2879,15,[]
2903,12,[]
2924,14,[]
2947,11,[]
2967,14,[]
2990,14,[]
3013,15,[]
3037,10,[]
3056,121,[]
3267,6,[]
3282,9,[]
3300,13,[]
3322,15,[]
3346,10,[]
3365,12,[]
3386,11,[]
3406,11,[]
3426,15,[]
3450,15,[]
3474,20,[]
3503,12,[]
3524,14,[]
3547,10,[]
3566,17,[]
3592,18,[]
3619,16,[]
3644,15,[]
3668,14,[]
3691,12,[]
3712,13,[]
3734,17,[0, 1, 2, 3, 4, 5, 6, 7, 8, 9, 10, 11, 12, 13]
3760,10,[]
3779,15,[]
3803,14,[]
3826,13,[]
3848,14,[]
3871,15,[]
3895,9,[]
3913,123,[]
4126,8,[]
4143,9,[]
4161,10,[]
4180,11,[]
4200,14,[]
4223,13,[]
4245,11,[]
4265,12,[]
4286,11,[]
4306,10,[]
4325,11,[]
4345,11,[]
4365,10,[]
4384,16,[]
4409,9,[]
4427,11,[]
4447,12,[]
4468,10,[]
4487,10,[]
4506,14,[]
4529,9,[]
4547,10,[]
4566,11,[]
4586,10,[]
4605,11,[]
4625,11,[]
4645,10,[]
4664,12,[]
4685,16,[]
4710,143,[]
4943,7,[]
4959,8,[]
4976,8,[]
4993,9,[]
5011,9,[]
5029,9,[]
5047,10,[]
5066,10,[]
5085,12,[]
5106,11,[]
5126,10,[]
5145,12,[]
5166,14,[]
5189,13,[]
5211,8,[]
5228,9,[]
5246,14,[]
5269,10,[]
5288,9,[]
5306,10,[]
5325,11,[]
5345,10,[]
5364,9,[]
5382,10,[]
5401,9,[]
5419,9,[]
5437,8,[]
5454,9,[]
5472,7,[]
5488,171,[]
5749,4,[]
5762,5,[]
5776,5,[]
5790,7,[]
5806,5,[]
5820,9,[]
5838,9,[]
5856,10,[]
5875,9,[]
5893,9,[]
5911,7,[]
5927,9,[]
5945,9,[]
5963,11,[]
5983,12,[]
6004,12,[]
6025,10,[]
6044,11,[]
6064,10,[]
6083,9,[]
6101,10,[]
6120,10,[]
6139,11,[]
6159,17,[]
6185,11,[]
6205,9,[]
6223,10,[]
6242,10,[]
6261,9,[]
6279,164,[]
6533,6,[]
6548,7,[]
6564,10,[]
6583,12,[]
6604,13,[]
6626,14,[]
6649,15,[]
6673,14,[]
6696,16,[]
6721,18,[]
6748,18,[]
6775,15,[]
6799,11,[]
6819,10,[]
6838,8,[]
6855,10,[]
6874,14,[]
6897,17,[]
6923,18,[]
6950,13,[]
6972,12,[]
6993,10,[]
7012,10,[]
7031,11,[]
7051,13,[]
7073,10,[]
7092,12,[]
7113,10,[]
7132,12,[]
7153,165,[]
7408,6,[]
7423,9,[]
7441,8,[]
7458,10,[]
7477,13,[]
7499,13,[]
7521,10,[]
7540,15,[]
7564,12,[]
7585,10,[]
7604,12,[]
7625,15,[0, 1, 2, 3, 4, 5, 6, 7, 8, 9]
7649,10,[]
7668,10,[]
7687,14,[]
7710,13,[]
7732,7,[]
7748,10,[]
7767,13,[]
7789,9,[]
7807,11,[]
7827,13,[]
7849,7,[]
7865,10,[]
7884,11,[]
7904,7,[]
7920,9,[]
7938,12,[]
7959,14,[]
0,51,[]
104,13,[]
128,14,[]
153,15,[]
179,14,[]
204,12,[]
227,15,[]
253,13,[]
277,15,[]
303,13,[]
327,12,[]
350,17,[]
378,15,[]
404,12,[]
427,10,[]
448,10,[]
469,12,[]
492,17,[]
520,17,[]
548,16,[]
575,17,[]
603,14,[]
628,13,[]
652,16,[]
679,17,[]
707,19,[]
737,19,[]
767,19,[4, 5, 6, 7, 8, 9, 10, 11, 12, 13, 14, 15, 16, 17, 18]
797,18,[]
826,16,[]
853,76,[]
982,14,[]
1007,20,[]
1038,19,[]
1068,13,[]
1092,13,[]
1116,15,[]
1142,15,[]
1168,22,[]
1201,16,[]
1228,15,[]
1254,17,[]
1282,18,[]
1311,13,[]
1335,13,[]
1359,17,[]
1387,14,[]
1412,16,[]
1439,14,[]
1464,13,[]
1488,16,[]
1515,16,[]
1542,18,[]
1571,17,[]
1599,18,[]
1628,15,[]
1654,22,[]
1687,14,[]
1712,18,[]
1741,22,[]
1774,68,[]
1895,6,[]
1912,10,[]
1933,13,[]
1957,13,[]
1981,12,[0, 1, 2, 3, 4, 5, 6, 7, 8, 9, 10, 11]
2004,12,[]
2027,12,[]
2050,13,[]
2074,11,[]
2096,13,[]
2120,12,[]
2143,13,[]
2167,11,[]
2189,12,[]
2212,12,[]
2235,13,[]
2259,11,[]
2281,12,[]
2304,12,[]
2327,14,[]
2352,12,[]
2375,12,[]
2398,12,[]
2421,12,[]
2444,11,[]
2466,15,[]
2492,13,[]
2516,13,[]
2540,11,[]
2562,73,[]
2688,4,[]
2703,6,[]
2720,9,[]
2740,10,[]
2761,9,[]
2781,10,[]
2802,10,[]
2823,12,[]
2846,14,[]
2871,15,[]
2897,17,[]
2925,15,[]
2951,14,[]
2976,15,[]
3002,15,[]
3028,16,[]
3055,17,[]
3083,16,[]
3110,16,[]
3137,20,[]
3168,16,[]
3195,16,[]
3222,22,[]
3255,20,[]
3286,20,[]
3317,24,[]
3352,14,[]
3377,16,[]
3404,20,[]
3435,82,[]
3570,7,[]
3588,11,[]
3610,13,[]
3634,12,[]
3657,9,[]
3677,10,[]
3698,13,[]
3722,13,[]
3746,14,[]
3771,13,[]
3795,12,[]
3818,15,[]
3844,13,[]
3868,12,[]
3891,13,[]
3915,15,[]
3941,13,[]
3965,13,[]
3989,17,[]
4017,18,[]
4046,15,[]
4072,15,[]
4098,16,[]
4125,19,[]
4155,16,[]
4182,16,[]
4209,15,[]
4235,18,[]
4264,16,[]
4291,68,[]
4412,9,[]
4432,11,[]
4454,14,[]
4479,14,[]
4504,11,[]
4526,14,[]
4551,16,[]
4578,17,[]
4606,14,[]
4631,13,[]
4655,13,[]
4679,16,[]
4706,16,[]
4733,13,[]
4757,16,[]
4784,18,[4, 5, 6, 7, 8, 9, 10, 11, 12, 13, 14, 15]
4813,14,[]
4838,15,[]
4864,17,[]
4892,18,[]
4921,14,[]
4946,18,[]
4975,16,[]
5002,16,[]
5029,13,[]
5053,19,[]
5083,14,[]
5108,15,[]
5134,16,[]
5161,71,[]
5285,7,[]
5303,12,[]
5326,11,[]
5348,14,[]
5373,14,[0, 1, 2, 3, 4, 5, 6, 7, 8, 9, 10, 11, 12, 13]
5398,11,[]
5420,13,[]
5444,17,[]
5472,16,[]
5499,14,[]
5524,12,[]
5547,15,[]
5573,16,[]
5600,16,[]
5627,12,[0, 1, 2, 3, 4, 5, 6, 7, 8, 9, 10, 11]
5650,15,[]
5676,13,[]
5700,17,[]
5728,17,[]
5756,18,[]
5785,18,[]
5814,12,[]
5837,16,[]
5864,13,[]
5888,16,[]
5915,17,[]
5943,15,[]
5969,17,[]
5997,15,[]
6023,71,[]
6147,8,[]
6166,11,[]
6188,13,[]
6212,17,[]
6240,16,[]
6267,18,[]
6296,14,[]
6321,15,[]
6347,14,[]
6372,17,[]
6400,15,[]
6426,13,[]
6450,15,[]
6476,16,[]
6503,13,[]
6527,14,[]
6552,16,[]
6579,14,[]
6604,12,[]
6627,13,[]
6651,12,[]
6674,15,[]
6700,14,[]
6725,13,[]
6749,13,[]
6773,17,[]
6801,15,[]
6827,15,[]
6853,17,[]
6881,75,[]
7009,6,[]
7026,11,[]
7048,15,[]
7074,10,[]
7095,13,[]
7119,15,[]
7145,15,[1, 2, 3, 4, 5, 6, 7, 8, 9, 10, 11, 12, 13, 14]
7171,15,[]
7197,14,[]
7222,16,[]
7249,14,[]
7274,15,[]
7300,12,[]
7323,15,[]
7349,15,[]
7375,16,[]
7402,12,[]
7425,14,[]
7450,14,[]
7475,17,[0, 1, 2, 3, 4, 5, 6, 7, 8, 9, 10, 11, 12, 13, 14, 15, 16]
7503,14,[]
7528,14,[]
7553,14,[]
7578,16,[]
7605,13,[]
7629,14,[]
7654,13,[]
7678,16,[]
7705,14,[]
7730,81,[]
7864,6,[]
7881,11,[]
7903,12,[]
7926,13,[]
7950,11,[]
7972,13,[]
7996,12,[]
8019,15,[]
8045,15,[]
8071,16,[1, 2, 3, 4, 5, 6, 7, 8, 9, 10, 11, 12, 13]
8098,16,[]
8125,19,[]
8155,14,[]
8180,15,[]
8206,16,[]
8233,16,[]
8260,12,[]
8283,14,[]
8308,14,[]
8333,18,[]
8362,12,[]
8385,14,[]
8410,12,[]
8433,16,[]
8460,14,[]
8485,13,[]
8509,13,[]
8533,15,[]
8559,3,[]
0,45,[]
120,13,[]
144,12,[]
167,2,[]
180,14,[]
205,17,[]
233,17,[]
261,18,[0, 1, 2, 3, 4, 5, 6, 7, 8, 9, 10, 11, 12]
290,17,[]
318,10,[]
339,17,[]
367,17,[]
395,16,[]
422,15,[]
448,17,[]
476,10,[]
497,19,[]
527,18,[]
556,18,[]
585,19,[]
615,16,[]
642,6,[]
659,18,[]
688,18,[]
717,23,[0, 1, 2, 3, 4, 5, 6, 7, 8, 9, 10, 11, 12, 13]
751,11,[]
773,12,[]
796,9,[]
816,13,[]
840,12,[]
863,113,[]
1051,10,[]
1072,12,[]
1095,6,[]
1112,10,[]
1133,9,[]
1153,11,[]
1175,14,[]
1200,15,[]
1226,6,[]
1243,12,[]
1266,13,[]
1290,14,[]
1315,13,[]
1339,14,[]
1364,3,[]
1378,16,[]
1405,14,[]
1430,14,[]
1455,12,[]
1478,13,[]
1502,9,[]
1522,13,[]
1546,13,[]
1570,15,[]
1596,14,[2, 3, 4, 5, 6, 7, 8, 9, 10, 11, 12, 13]
1621,15,[]
1647,9,[]
1667,15,[]
1693,13,[]
1717,103,[]
1895,8,[]
1914,10,[]
1935,3,[]
1949,13,[]
1973,11,[]
1995,11,[]
2017,13,[]
2041,13,[]
2065,4,[]
2080,15,[]
2106,13,[]
2130,12,[]
2153,9,[]
2173,14,[]
2198,9,[]
2218,11,[]
2240,11,[]
2262,12,[]
2285,15,[]
2311,15,[]
2337,9,[]
2357,16,[]
2384,15,[]
2410,15,[]
2436,14,[]
2461,15,[]
2487,9,[]
2507,15,[]
2533,14,[]
2558,107,[]
2740,8,[]
2759,10,[]
2780,4,[]
2795,12,[]
2818,12,[]
2841,22,[]
2874,13,[]
2898,17,[]
2926,9,[]
2946,16,[]
2973,15,[]
2999,15,[]
3025,14,[]
3050,15,[0, 1, 2, 3, 4, 5, 6, 7, 8, 9, 10, 11, 12, 13, 14]
3076,11,[]
3098,19,[]
3128,14,[]
3153,15,[]
3179,14,[]
3204,15,[]
3230,9,[]
3250,17,[]
3278,17,[]
3306,15,[]
3332,13,[]
3356,14,[]
3381,11,[]
3403,15,[]
3429,14,[]
3454,107,[]
3636,8,[]
3655,11,[]
3677,4,[]
3692,12,[]
3715,15,[]
3741,13,[]
3765,15,[]
3791,15,[]
3817,8,[]
3836,16,[]
3863,14,[]
3888,23,[]
3922,19,[]
3952,15,[]
3978,8,[]
3997,18,[0, 1, 2, 3, 4, 5, 6, 7, 8, 9, 10, 11, 12, 13, 14]
4026,16,[]
4053,16,[]
4080,15,[]
4106,16,[]
4133,12,[]
4156,18,[]
4185,15,[]
4211,16,[]
4238,15,[]
4264,17,[]
4292,12,[]
4315,16,[]
4342,17,[]
4370,103,[]
4548,9,[]
4568,12,[]
4591,4,[]
4606,14,[]
4631,15,[]
4657,16,[]
4684,14,[]
4709,15,[]
4735,10,[]
4756,15,[]
4782,14,[]
4807,16,[]
4834,14,[]
4859,14,[]
4884,9,[]
4904,16,[]
4931,15,[]
4957,25,[]
4993,16,[]
5020,20,[]
5051,9,[]
5071,15,[]
5097,15,[]
5123,17,[]
5151,15,[]
5177,16,[]
5204,11,[]
5226,15,[]
5252,15,[]
5278,102,[]
5455,8,[]
5474,11,[]
5496,8,[]
5515,12,[]
5538,13,[]
5562,13,[]
5586,12,[]
5609,14,[]
5634,8,[]
5653,15,[]
5679,14,[]
5704,13,[]
5728,11,[]
5750,14,[]
5775,12,[]
5798,15,[]
5824,12,[]
5847,13,[]
5871,11,[]
5893,13,[]
5917,12,[]
5940,13,[]
5964,13,[]
5988,19,[]
6018,12,[]
6041,15,[]
6067,13,[]
6091,16,[]
6118,13,[]
6142,118,[]
6335,6,[]
6352,9,[]
6372,4,[]
6387,12,[]
6410,11,[]
6432,12,[]
6455,14,[]
6480,12,[]
6503,9,[]
6523,13,[]
6547,11,[]
6569,13,[]
6593,12,[]
6616,12,[]
6639,8,[]
6658,13,[]
6682,13,[]
6706,13,[]
6730,14,[]
6755,12,[]
6778,12,[]
6801,14,[]
6826,13,[]
6850,14,[]
6875,13,[]
6899,14,[]
6924,7,[]
6942,17,[]
6970,12,[]
6993,118,[]
7186,7,[]
7204,10,[]
7225,3,[]
7239,12,[]
7262,11,[]
7284,13,[]
7308,12,[]
7331,13,[]
7355,9,[]
7375,12,[]
7398,14,[]
7423,14,[]
7448,14,[]
7473,13,[]
7497,8,[]
7516,14,[]
7541,15,[]
7567,14,[]
7592,13,[]
7616,14,[]
7641,6,[]
7658,14,[]
7683,15,[]
7709,15,[]
7735,18,[]
7764,15,[]
7790,8,[]
7809,15,[]
7835,15,[]
7861,113,[]
8049,8,[]
8068,13,[]
8092,6,[]
8109,15,[]
8135,15,[]
8161,24,[]
8196,12,[]
8219,13,[]
8243,7,[]
8261,15,[]
8287,18,[]
8316,21,[9, 10, 11, 12, 13, 14, 15, 16, 17, 18, 19, 20]
8348,17,[]
8376,17,[]
8404,6,[]
8421,20,[]
8452,15,[]
8478,17,[]
8506,16,[]
8533,18,[]
8562,5,[]
8578,18,[]
8607,17,[]
8635,16,[]
8662,12,[]
8685,14,[]
8710,8,[]
8729,16,[]
8756,17,[]
0,28,[]
39,5,[]
55,11,[]
77,14,[]
102,8,[]
121,16,[]
148,8,[]
167,9,[]
187,14,[]
212,10,[]
233,9,[]
253,9,[]
273,11,[]
295,11,[]
317,8,[]
336,9,[]
356,10,[]
377,14,[]
402,17,[]
430,20,[]
461,15,[]
487,16,[]
514,23,[]
548,21,[]
580,20,[]
611,22,[]
644,15,[]
670,18,[]
699,13,[]
723,22,[]
756,133,[]
958,19,[]
988,15,[]
1014,6,[]
1031,4,[]
1046,9,[]
1066,11,[]
1088,8,[]
1107,14,[]
1132,10,[]
1153,14,[]
1178,9,[]
1198,13,[]
1222,14,[]
1247,14,[]
1272,14,[]
1297,20,[]
1328,14,[]
1353,18,[]
1382,18,[]
1411,19,[]
1441,15,[0, 1, 2, 3, 4, 5, 6, 7, 8, 9, 10, 11, 12, 13, 14]
1467,18,[]
1496,16,[]
1523,15,[]
1549,17,[]
1577,14,[]
1602,17,[]
1630,13,[]
1654,14,[]
1679,104,[]
1852,7,[]
1870,10,[]
1891,12,[]
1914,12,[]
1937,14,[]
1962,17,[]
1990,15,[]
2016,15,[]
2042,17,[]
2070,18,[]
2099,15,[]
2125,14,[]
2150,13,[]
2174,15,[]
2200,15,[]
2226,14,[0, 1, 2, 3, 4, 5, 6, 7, 8, 9, 10, 11, 12, 13]
2251,19,[]
2281,16,[]
2308,2,[]
2321,3,[]
2335,10,[]
2356,13,[]
2380,4,[]
2395,3,[]
2409,2,[]
2422,2,[]
2435,2,[]
2448,5,[]
2464,2,[]
2477,134,[]
2680,1,[]
2692,1,[]
2704,1,[]
2716,1,[]
2728,12,[]
2751,32,[]
2794,15,[]
2820,22,[]
2853,7,[]
2871,22,[]
2904,22,[]
2937,20,[]
2968,19,[]
2998,23,[]
3032,19,[]
3062,22,[]
3095,8,[]
3114,13,[]
3138,10,[]
3159,14,[]
3184,16,[]
3211,16,[]
3238,23,[]
3272,21,[]
3304,16,[]
3331,17,[]
3359,14,[]
3384,15,[]
3410,13,[]
3434,91,[]
3594,7,[]
3612,11,[]
3634,12,[]
3657,11,[]
3679,11,[]
3701,9,[]
3721,9,[]
3741,11,[]
3763,15,[]
3789,15,[]
3815,15,[]
3841,10,[]
3862,11,[]
3884,11,[]
3906,11,[]
3928,13,[]
3952,10,[]
3973,12,[]
3996,12,[]
4019,7,[]
4037,10,[]
4058,12,[]
4081,13,[0, 1, 2, 3, 4, 5, 6, 7, 8, 9, 10, 11, 12]
4105,17,[]
4133,14,[]
4158,7,[]
4176,12,[]
4199,15,[]
4225,20,[]
4256,108,[]
4433,6,[]
4450,10,[]
4471,13,[]
4495,16,[]
4522,14,[]
4547,8,[]
4566,20,[]
4597,16,[]
4624,19,[]
4654,11,[]
4676,19,[]
4706,18,[]
4735,12,[]
4758,21,[]
4790,23,[]
4824,20,[]
4855,18,[]
4884,12,[]
4907,19,[0, 1, 2, 3, 4, 5, 6, 7, 8, 9, 10, 11]
4937,21,[]
4969,17,[]
4997,19,[]
5027,20,[]
5058,18,[]
5087,18,[]
5116,17,[]
5144,20,[]
5175,21,[]
5207,21,[2, 3, 4, 5, 6, 7, 8, 9, 10, 11, 12, 13, 14]
5239,85,[]
5393,14,[]
5418,19,[]
5448,18,[]
5477,20,[]
5508,17,[]
5536,19,[]
5566,20,[1, 2, 3, 4, 5, 6, 7, 8, 9, 10, 11, 12, 13, 14, 15, 16, 17, 18, 19]
5597,23,[]
5631,18,[]
5660,21,[]
5692,22,[]
5725,22,[]
5758,19,[]
5788,12,[]
5811,26,[]
5848,22,[]
5881,12,[]
5904,50,[]
6023,25,[]
6059,30,[]
6100,16,[]
6127,18,[]
6156,22,[]
6189,22,[]
6222,15,[]
6248,16,[]
6275,18,[]
6304,17,[]
6332,15,[]
6358,79,[]
6506,6,[]
6523,7,[]
6541,10,[]
6562,13,[]
6586,12,[]
6609,11,[]
6631,13,[]
6655,11,[]
6677,12,[]
6700,13,[]
6724,12,[]
6747,13,[]
6771,11,[]
6793,12,[]
6816,14,[]
6841,14,[]
6866,12,[]
6889,12,[]
6912,12,[]
6935,13,[]
6959,12,[]
6982,6,[]
6999,10,[]
7020,8,[]
7039,9,[]
7059,7,[]
7077,10,[]
7098,11,[]
7120,26,[]
7157,99,[]
7325,2,[]
7338,3,[]
7352,4,[]
7367,8,[]
7386,14,[]
7411,8,[]
7430,10,[]
7451,15,[]
7477,10,[]
7498,9,[]
7518,10,[]
7539,15,[]
7565,13,[]
7589,15,[]
7615,12,[]
7638,15,[]
7664,15,[]
7690,19,[]
7720,16,[]
7747,16,[]
7774,16,[]
7801,11,[]
7823,18,[]
7852,22,[]
7885,16,[]
7912,18,[]
7941,8,[]
7960,10,[]
7981,13,[]
8005,78,[]
8152,2,[]
8165,3,[]
8179,2,[]
8192,5,[]
8208,8,[]
8227,5,[]
8243,6,[]
8260,4,[]
8275,4,[]
8290,3,[]
8304,4,[]
8319,9,[]
8339,5,[]
8355,2,[]
8368,27,[]
8406,4,[]
8421,8,[]
8440,7,[]
8458,1,[]
8470,12,[]
8493,58,[]
8620,3,[]
8634,3,[]
8648,37,[]
8754,24,[]
8789,8,[]
8808,19,[]
8838,5,[]
8854,11,[]
0,71,[]
171,4,[]
185,6,[]
201,17,[]
228,13,[]
251,11,[]
272,10,[]
292,6,[]
308,9,[]
327,15,[]
352,10,[]
372,8,[]
390,10,[]
410,15,[]
435,10,[]
455,12,[]
477,9,[]
496,12,[]
518,9,[]
537,15,[]
562,10,[]
582,10,[]
602,11,[]
623,10,[]
643,15,[]
668,13,[]
691,12,[]
713,10,[]
733,14,[]
757,14,[]
781,209,[]
1090,13,[]
1113,12,[]
1135,11,[]
1156,8,[]
1174,8,[]
1192,11,[]
1213,10,[]
1233,15,[]
1258,12,[]
1280,15,[]
1305,15,[]
1330,14,[]
1354,16,[]
1380,12,[]
1402,15,[]
1427,15,[]
1452,15,[]
1477,13,[]
1500,15,[]
1525,14,[]
1549,16,[]
1575,14,[]
1599,14,[]
1623,15,[]
1648,14,[]
1672,17,[]
1699,13,[]
1722,17,[]
1749,13,[]
1772,149,[]
2021,6,[]
2037,9,[]
2056,11,[]
2077,10,[]
2097,13,[]
2120,4,[]
2134,14,[]
2158,10,[]
2178,9,[]
2197,10,[]
2217,9,[]
2236,9,[]
2255,10,[]
2275,6,[]
2291,15,[4, 5, 6, 7, 8, 9, 10, 11, 12, 13, 14]
2316,15,[]
2341,13,[]
2364,11,[]
2385,13,[]
2408,15,[]
2433,10,[]
2453,11,[]
2474,10,[]
2494,15,[]
2519,14,[]
2543,13,[]
2566,14,[]
2590,17,[]
2617,14,[]
2641,130,[]
2871,7,[]
2888,11,[]
2909,14,[]
2933,14,[]
2957,12,[]
2979,14,[]
3003,16,[]
3029,16,[]
3055,14,[]
3079,16,[]
3105,13,[]
3128,18,[]
3156,14,[]
3180,18,[]
3208,16,[]
3234,15,[]
3259,13,[]
3282,19,[]
3311,15,[]
3336,17,[]
3363,17,[]
3390,17,[]
3417,14,[]
3441,16,[]
3467,14,[]
3491,12,[0, 1, 2, 3, 4, 5, 6, 7, 8, 9, 10]
3513,12,[]
3535,16,[]
3561,14,[]
3585,125,[]
3810,5,[]
3825,6,[]
3841,10,[]
3861,10,[]
3881,11,[]
3902,9,[]
3921,8,[]
3939,11,[]
3960,14,[]
3984,13,[]
4007,10,[]
4027,13,[]
4050,11,[]
4071,11,[]
4092,10,[]
4112,10,[]
4132,5,[]
4147,10,[]
4167,15,[]
4192,13,[]
4215,12,[]
4237,16,[]
4263,14,[]
4287,16,[]
4313,14,[]
4337,4,[]
4351,19,[]
4380,17,[]
4407,15,[]
4432,132,[]
4664,8,[]
4682,10,[]
4702,11,[]
4723,12,[]
4745,4,[]
4759,12,[]
4781,17,[]
4808,14,[]
4832,13,[]
4855,13,[]
4878,12,[]
4900,14,[]
4924,14,[]
4948,3,[]
4961,13,[]
4984,18,[]
5012,12,[]
5034,12,[]
5056,15,[]
5081,12,[]
5103,13,[]
5126,13,[]
5149,11,[]
5170,13,[]
5193,15,[]
5218,13,[]
5241,15,[]
5266,14,[]
5290,12,[]
5312,133,[]
5545,3,[]
5558,7,[]
5575,8,[]
5593,9,[]
5612,8,[]
5630,8,[]
5648,10,[]
5668,11,[]
5689,14,[]
5713,12,[]
5735,11,[]
5756,12,[]
5778,17,[]
5805,12,[]
5827,12,[]
5849,14,[]
5873,12,[]
5895,15,[]
5920,10,[]
5940,12,[]
5962,13,[]
5985,11,[]
6006,12,[]
6028,12,[]
6050,19,[]
6079,12,[]
6101,10,[]
6121,14,[]
6145,2,[]
6157,136,[]
6393,8,[]
6411,4,[]
6425,8,[]
6443,10,[]
6463,8,[]
6481,10,[]
6501,10,[]
6521,3,[]
6534,10,[]
6554,12,[]
6576,9,[]
6595,14,[]
6619,12,[]
6641,10,[]
6661,13,[]
6684,13,[]
6707,6,[]
6723,12,[]
6745,16,[]
6771,14,[]
6795,16,[]
6821,18,[]
6849,11,[]
6870,13,[]
6893,15,[]
6918,4,[]
6932,14,[]
6956,20,[]
6986,13,[]
7009,143,[]
7252,5,[]
7267,8,[]
7285,9,[]
7304,14,[]
7328,11,[]
7349,10,[]
7369,15,[]
7394,15,[]
7419,13,[]
7442,14,[]
7466,16,[]
7492,14,[]
7516,13,[]
7539,13,[]
7562,12,[]
7584,17,[]
7611,13,[]
7634,13,[]
7657,16,[]
7683,20,[]
7713,15,[]
7738,14,[]
7762,15,[]
7787,15,[]
7812,17,[]
7839,15,[]
7864,13,[]
7887,14,[]
7911,15,[]
7936,135,[]
8171,4,[]
8185,4,[]
8199,6,[]
8215,10,[]
8235,8,[]
8253,11,[]
8274,11,[]
8295,14,[]
8319,10,[]
8339,11,[]
8360,5,[]
8375,16,[]
8401,15,[]
8426,13,[]
8449,13,[]
8472,13,[]
8495,14,[]
8519,11,[]
8540,15,[]
8565,3,[]
8578,14,[]
8602,17,[]
8629,14,[]
8653,13,[]
8676,16,[]
8702,15,[]
8727,15,[]
8752,12,[]
8774,8,[]
0,29,[]
40,14,[]
65,10,[]
86,19,[]
116,26,[]
153,17,[]
181,24,[]
216,8,[]
235,16,[]
262,14,[]
287,13,[]
311,13,[]
335,9,[]
355,14,[]
380,16,[]
407,14,[]
432,15,[]
458,9,[]
478,14,[]
503,14,[]
528,16,[]
555,15,[]
581,4,[]
596,17,[]
624,14,[]
649,16,[]
676,14,[]
701,9,[]
721,15,[]
747,15,[]
773,66,[]
894,10,[]
915,4,[]
930,15,[]
956,9,[]
976,14,[]
1001,14,[]
1026,7,[]
1044,12,[]
1067,20,[]
1098,10,[]
1119,13,[]
1143,9,[]
1163,23,[]
1197,13,[]
1221,15,[]
1247,16,[]
1274,10,[]
1295,13,[]
1319,13,[]
1343,12,[]
1366,17,[]
1394,8,[]
1413,18,[]
1442,16,[]
1469,16,[]
1496,18,[]
1525,7,[]
1543,18,[]
1572,16,[]
1599,75,[]
1729,10,[]
1750,4,[]
1765,15,[]
1791,13,[]
1815,17,[]
1843,13,[]
1867,8,[]
1886,20,[]
1917,24,[]
1952,16,[]
1979,14,[]
2004,12,[]
2027,15,[]
2053,15,[]
2079,16,[]
2106,14,[]
2131,6,[]
2148,15,[]
2174,16,[]
2201,13,[]
2225,16,[]
2252,6,[]
2269,13,[]
2293,13,[]
2317,14,[]
2342,14,[0, 1, 2, 3, 4, 5, 6, 7, 8, 9, 10, 11, 12, 13]
2367,13,[]
2391,14,[]
2416,14,[]
2441,82,[]
2578,6,[]
2595,4,[]
2610,11,[]
2632,11,[]
2654,12,[]
2677,14,[]
2702,7,[]
2720,17,[]
2748,12,[]
2771,15,[]
2797,13,[]
2821,11,[]
2843,13,[]
2867,13,[]
2891,13,[0, 1, 2, 3, 4, 5, 6, 7, 8, 9, 10, 11, 12]
2915,14,[]
2940,11,[]
2962,23,[]
2996,20,[]
3027,16,[]
3054,18,[]
3083,10,[]
3104,18,[]
3133,17,[]
3161,13,[]
3185,17,[]
3213,6,[]
3230,16,[]
3257,15,[]
3283,86,[]
3424,6,[]
3441,4,[]
3456,12,[]
3479,15,[]
3505,16,[]
3532,15,[]
3558,12,[]
3581,17,[]
3609,14,[]
3634,15,[]
3660,14,[]
3685,14,[]
3710,15,[]
3736,15,[]
3762,15,[]
3788,18,[]
3817,5,[]
3833,17,[]
3861,16,[]
3888,18,[]
3917,16,[]
3944,13,[]
3968,17,[]
3996,16,[]
4023,18,[]
4052,15,[]
4078,8,[]
4097,19,[]
4127,15,[]
4153,86,[]
4294,9,[]
4314,5,[]
4330,14,[]
4355,14,[]
4380,14,[]
4405,19,[]
4435,9,[]
4455,18,[]
4484,15,[]
4510,17,[]
4538,16,[]
4565,6,[]
4582,17,[]
4610,18,[]
4639,18,[]
4668,17,[]
4696,5,[]
4712,16,[]
4739,16,[]
4766,18,[]
4795,14,[]
4820,9,[]
4840,16,[]
4867,15,[]
4893,16,[]
4920,17,[]
4948,8,[]
4967,19,[]
4997,16,[]
5024,84,[]
5163,8,[]
5182,5,[]
5198,14,[]
5223,14,[]
5248,14,[]
5273,15,[]
5299,7,[]
5317,22,[]
5350,16,[]
5377,15,[]
5403,25,[]
5439,12,[0, 1, 2, 3, 4, 5, 6, 7, 8, 9, 10, 11]
5462,15,[]
5488,18,[]
5517,16,[]
5544,19,[]
5574,9,[]
5594,17,[]
5622,16,[]
5649,16,[]
5676,27,[]
5714,10,[]
5735,14,[]
5760,17,[]
5788,13,[]
5812,16,[]
5839,12,[]
5862,13,[]
5886,16,[0, 1, 2, 3, 4, 5, 6, 7, 8, 9, 10, 11, 12, 13, 14]
5913,78,[]
6046,9,[]
6066,6,[]
6083,14,[]
6108,16,[]
6135,14,[]
6160,18,[]
6189,5,[]
6205,17,[]
6233,16,[]
6260,18,[]
6289,16,[]
6316,4,[]
6331,21,[]
6363,15,[]
6389,15,[]
6415,20,[]
6446,9,[]
6466,18,[]
6495,19,[]
6525,17,[]
6553,16,[]
6580,9,[]
6600,18,[]
6629,21,[]
6661,15,[]
6687,19,[]
6717,9,[]
6737,17,[]
6765,17,[]
6793,73,[]
6921,10,[]
6942,4,[]
6957,17,[]
6985,17,[]
7013,26,[]
7050,15,[]
7076,10,[]
7097,17,[]
7125,30,[]
7166,16,[]
7193,17,[]
7221,7,[]
7239,19,[]
7269,22,[]
7302,16,[]
7329,17,[]
7357,9,[]
7377,17,[]
7405,16,[]
7432,16,[4, 5, 6, 7, 8, 9, 10, 11, 12, 13, 14, 15]
7459,14,[]
7484,10,[]
7505,23,[]
7539,22,[]
7572,17,[]
7600,19,[]
7630,10,[]
7651,19,[]
7681,21,[]
7713,82,[]
7850,9,[]
7870,5,[]
7886,14,[]
7911,16,[]
7938,16,[]
7965,15,[]
7991,11,[]
8013,16,[]
8040,22,[0, 1, 2, 3, 4, 5, 6, 7, 8, 9, 10, 11, 12, 13, 14]
8073,16,[]
8100,18,[]
8129,8,[]
8148,19,[]
8178,14,[]
8203,17,[]
8231,16,[]
8258,5,[]
8274,15,[]
8300,19,[]
8330,16,[]
8357,18,[]
8386,5,[]
8402,17,[]
8430,16,[]
8457,17,[]
8485,15,[]
8511,8,[]
8530,18,[]
8559,19,[]
0,19,[]
30,4,[]
45,9,[]
65,12,[]
88,11,[]
110,12,[]
133,10,[]
154,17,[]
182,9,[]
202,9,[]
222,12,[]
245,10,[]
266,9,[]
286,10,[]
307,9,[]
327,10,[]
348,10,[]
369,10,[]
390,9,[]
410,13,[]
434,17,[]
462,20,[]
493,19,[]
523,19,[]
553,13,[]
577,12,[]
600,15,[]
626,20,[]
657,23,[]
691,20,[]
722,83,[]
857,14,[]
882,5,[]
898,4,[]
913,5,[]
929,11,[]
951,13,[]
975,13,[]
999,16,[]
1026,14,[]
1051,17,[]
1079,12,[]
1102,12,[]
1125,16,[]
1152,12,[]
1175,16,[]
1202,11,[]
1224,11,[]
1246,12,[]
1269,12,[]
1292,15,[]
1318,11,[]
1340,16,[]
1367,15,[]
1393,19,[]
1423,14,[]
1448,18,[]
1477,11,[]
1499,16,[]
1526,12,[]
1549,87,[]
1688,6,[]
1705,12,[]
1728,11,[]
1750,16,[]
1777,16,[]
1804,16,[]
1831,14,[]
1856,17,[]
1884,14,[]
1909,16,[]
1936,15,[]
1962,15,[]
1988,11,[]
2010,15,[]
2036,9,[]
2056,15,[]
2082,8,[]
2101,9,[]
2121,15,[]
2147,10,[]
2168,8,[]
2187,9,[]
2207,12,[]
2230,12,[]
2253,11,[]
2275,12,[]
2298,13,[]
2322,12,[]
2345,9,[]
2365,102,[]
2519,7,[]
2537,10,[]
2558,13,[]
2582,15,[]
2608,13,[]
2632,15,[]
2658,14,[]
2683,10,[]
2704,11,[]
2726,11,[]
2748,13,[]
2772,15,[]
2798,15,[]
2824,16,[]
2851,11,[]
2873,14,[]
2898,11,[]
2920,10,[]
2941,17,[]
2969,11,[]
2991,11,[]
3013,15,[]
3039,15,[]
3065,15,[]
3091,13,[]
3115,16,[]
3142,16,[]
3169,20,[]
3200,5,[]
3216,94,[]
3362,9,[]
3382,15,[]
3408,15,[]
3434,17,[]
3462,17,[]
3490,17,[]
3518,14,[]
3543,18,[]
3572,16,[]
3599,18,[]
3628,17,[]
3656,18,[]
3685,16,[0, 1, 2, 3, 4, 5, 6, 7, 8, 9, 10, 11, 12, 13, 14, 15]
3712,17,[]
3740,16,[]
3767,19,[]
3797,17,[]
3825,18,[]
3854,17,[]
3882,20,[]
3913,20,[]
3944,17,[]
3972,17,[]
4000,21,[]
4032,18,[]
4061,19,[]
4091,17,[]
4119,19,[]
4149,16,[]
4176,65,[]
4293,10,[]
4314,14,[]
4339,13,[]
4363,15,[]
4389,16,[]
4416,20,[]
4447,18,[]
4476,22,[6, 7, 8, 9, 10, 11, 12, 13, 14, 15, 16, 17, 18, 19, 20]
4509,22,[]
4542,22,[]
4575,20,[]
4606,20,[]
4637,22,[]
4670,19,[]
4700,21,[]
4732,19,[]
4762,23,[]
4796,22,[]
4829,21,[]
4861,23,[]
4895,25,[]
4931,23,[0, 1, 2, 3, 4, 5, 6, 7, 8, 9, 10, 11, 12]
4965,26,[]
5002,21,[]
5034,25,[]
5070,22,[]
5103,24,[]
5138,25,[]
5174,25,[]
5210,85,[]
5347,15,[]
5373,20,[]
5404,18,[]
5433,21,[]
5465,18,[]
5494,24,[]
5529,18,[]
5558,21,[]
5590,18,[]
5619,20,[]
5650,17,[]
5678,19,[]
5708,16,[]
5735,15,[]
5761,17,[]
5789,16,[]
5816,15,[]
5842,16,[]
5869,19,[]
5899,18,[]
5928,17,[]
5956,16,[]
5983,17,[]
6011,16,[]
6038,16,[]
6065,14,[]
6090,13,[]
6114,13,[]
6138,13,[]
6162,48,[]
6262,6,[]
6279,13,[]
6303,8,[]
6322,11,[]
6344,11,[]
6366,17,[]
6394,12,[]
6417,15,[]
6443,14,[]
6468,13,[]
6492,12,[]
6515,17,[0, 1, 2, 3, 4, 5, 6, 7, 8, 9, 10, 11, 12, 13, 14, 15, 16]
6543,14,[]
6568,12,[]
6591,13,[]
6615,15,[]
6641,17,[]
6669,13,[]
6693,13,[]
6717,18,[]
6746,15,[]
6772,11,[]
6794,11,[]
6816,15,[]
6842,16,[]
6869,14,[]
6894,13,[]
6918,14,[]
6943,16,[]
6970,52,[]
7074,11,[]
7096,9,[]
7116,11,[]
7138,12,[]
7161,10,[]
7182,12,[]
7205,16,[]
7232,15,[]
7258,13,[]
7282,16,[]
7309,12,[]
7332,15,[0, 1, 2, 3, 4, 5, 6, 7, 8, 9, 10, 11, 12, 13, 14]
7358,13,[]
7382,14,[]
7407,18,[]
7436,18,[]
7465,12,[]
7488,13,[]
7512,15,[]
7538,13,[]
7562,14,[]
7587,14,[]
7612,13,[]
7636,13,[]
7660,12,[]
7683,10,[]
7704,10,[]
7725,11,[]
7747,12,[]
7770,68,[]
7890,8,[]
7909,11,[]
7931,13,[]
7955,15,[]
7981,17,[]
8009,18,[]
8038,19,[]
8068,21,[]
8100,18,[]
8129,17,[]
8157,19,[]
8187,17,[]
8215,20,[]
8246,19,[]
8276,20,[]
8307,16,[]
8334,16,[]
8361,17,[]
8389,17,[]
8417,17,[]
8445,16,[]
8472,19,[]
8502,13,[]
8526,15,[0, 1, 2, 3, 4, 5, 6, 7, 8, 9, 10, 11]
8552,17,[]
8580,16,[]
8607,16,[]
8634,16,[]
8661,18,[]
0,25,[0, 1, 2, 3, 4, 5, 6, 7, 8, 9, 10, 11, 12, 13, 14, 15, 16, 17, 18, 19, 20]
35,3,[]
48,13,[]
71,16,[]
97,15,[]
122,14,[]
146,12,[]
168,12,[]
190,13,[]
213,11,[]
234,12,[]
256,12,[0, 1, 2, 3, 4, 5, 6, 7, 8, 9, 10, 11]
278,12,[]
300,11,[]
321,12,[]
343,12,[]
365,11,[]
386,10,[]
406,11,[]
427,11,[]
448,10,[]
468,11,[]
489,13,[]
512,12,[]
534,12,[]
556,10,[]
576,11,[]
597,10,[]
617,10,[]
637,12,[]
659,54,[]
749,9,[]
768,11,[]
789,10,[]
809,10,[]
829,11,[]
850,10,[]
870,11,[]
891,13,[]
914,12,[]
936,12,[]
958,12,[]
980,12,[]
1002,11,[]
1023,12,[]
1045,12,[]
1067,12,[]
1089,13,[]
1112,13,[]
1135,11,[]
1156,11,[]
1177,12,[]
1199,12,[]
1221,13,[]
1244,14,[]
1268,14,[]
1292,14,[]
1316,13,[]
1339,14,[]
1363,11,[]
1384,55,[]
1475,10,[]
1495,12,[]
1517,14,[]
1541,12,[]
1563,9,[]
1582,11,[]
1603,13,[]
1626,14,[]
1650,15,[]
1675,16,[]
1701,12,[]
1723,13,[]
1746,13,[]
1769,12,[]
1791,14,[]
1815,15,[0, 1, 2, 3, 4, 5, 6, 7, 8, 9, 10]
1840,16,[]
1866,17,[]
1893,16,[]
1919,16,[]
1945,15,[]
1970,14,[]
1994,12,[]
2016,12,[]
2038,15,[]
2063,14,[]
2087,13,[]
2110,13,[]
2133,13,[]
2156,45,[]
2237,8,[]
2255,11,[]
2276,11,[]
2297,12,[]
2319,12,[]
2341,13,[]
2364,13,[0, 1, 2, 3, 4, 5, 6, 7, 8, 9, 10]
2387,13,[]
2410,12,[]
2432,12,[]
2454,12,[]
2476,12,[]
2498,12,[]
2520,14,[]
2544,13,[]
2567,12,[]
2589,14,[]
2613,14,[]
2637,13,[]
2660,15,[]
2685,12,[]
2707,12,[]
2729,12,[]
2751,12,[]
2773,12,[]
2795,11,[]
2816,11,[]
2837,14,[]
2861,14,[]
2885,53,[]
2974,10,[]
2994,11,[]
3015,9,[]
3034,11,[]
3055,11,[]
3076,12,[]
3098,11,[]
3119,11,[]
3140,13,[]
3163,11,[]
3184,12,[]
3206,12,[]
3228,10,[]
3248,12,[]
3270,12,[]
3292,12,[]
3314,12,[]
3336,14,[]
3360,13,[]
3383,13,[]
3406,13,[]
3429,14,[]
3453,14,[]
3477,14,[]
3501,14,[]
3525,13,[]
3548,12,[]
3570,13,[]
3593,14,[]
3617,53,[]
3706,14,[]
3730,16,[]
3756,16,[]
3782,20,[]
3812,19,[]
3841,18,[]
3869,17,[]
3896,17,[]
3923,17,[]
3950,15,[]
3975,14,[]
3999,14,[]
4023,13,[]
4046,12,[]
4068,13,[]
4091,15,[]
4116,13,[]
4139,13,[]
4162,14,[]
4186,14,[]
4210,15,[]
4235,13,[]
4258,13,[]
4281,16,[]
4307,14,[]
4331,14,[]
4355,13,[]
4378,13,[]
4401,13,[]
4424,57,[]
4517,9,[]
4536,11,[]
4557,12,[]
4579,12,[]
4601,13,[]
4624,13,[]
4647,12,[]
4669,13,[]
4692,16,[]
4718,14,[]
4742,12,[]
4764,12,[]
4786,13,[]
4809,14,[]
4833,16,[]
4859,18,[4, 5, 6, 7, 8, 9, 10, 11, 12, 13, 14, 15, 16, 17]
4887,18,[]
4915,20,[]
4945,21,[]
4976,17,[]
5003,14,[]
5027,14,[]
5051,14,[]
5075,14,[]
5099,15,[]
5124,14,[]
5148,15,[]
5173,13,[]
5196,13,[]
5219,45,[]
5300,10,[]
5320,11,[]
5341,11,[]
5362,12,[]
5384,12,[]
5406,12,[]
5428,12,[]
5450,12,[]
5472,12,[]
5494,11,[]
5515,13,[]
5538,13,[]
5561,11,[]
5582,12,[]
5604,12,[]
5626,13,[]
5649,14,[]
5673,12,[]
5695,11,[]
5716,11,[]
5737,12,[]
5759,11,[]
5780,12,[]
5802,12,[]
5824,13,[]
5847,12,[]
5869,13,[]
5892,12,[]
5914,10,[]
5934,54,[]
6024,10,[]
6044,8,[]
6062,12,[]
6084,10,[]
6104,9,[]
6123,10,[]
6143,9,[]
6162,11,[]
6183,13,[]
6206,13,[]
6229,11,[]
6250,10,[]
6270,7,[]
6287,10,[]
6307,14,[]
6331,18,[]
6359,15,[]
6384,16,[]
6410,13,[]
6433,13,[]
6456,12,[]
6478,12,[]
6500,14,[]
6524,14,[]
6548,13,[]
6571,11,[]
6592,11,[]
6613,10,[]
6633,10,[]
6653,46,[]
6735,9,[]
6754,10,[]
6774,10,[]
6794,11,[]
6815,10,[]
6835,10,[]
6855,11,[0, 1, 2, 3, 4, 5, 6, 7, 8, 9, 10]
6876,11,[]
6897,12,[]
6919,11,[]
6940,12,[]
6962,11,[]
6983,12,[]
7005,11,[]
7026,12,[]
7048,13,[]
7071,13,[]
7094,17,[]
7121,12,[]
7143,13,[]
7166,12,[]
7188,13,[]
7211,11,[]
7232,12,[]
7254,12,[]
7276,12,[]
7298,10,[]
7318,14,[]
7342,11,[]
0,14,[]
26,2,[]
40,5,[]
57,11,[]
80,8,[]
100,7,[]
119,4,[]
135,7,[]
154,7,[]
173,5,[]
190,12,[]
214,16,[]
242,20,[]
274,18,[]
304,13,[]
329,15,[]
356,6,[]
374,14,[]
400,14,[]
426,15,[]
453,13,[]
478,5,[]
495,14,[]
521,19,[]
552,14,[]
578,10,[]
600,17,[]
629,16,[]
657,14,[]
683,15,[]
710,87,[]
840,1,[]
853,7,[]
872,8,[]
892,10,[]
914,10,[]
936,19,[]
967,18,[]
997,18,[]
1027,18,[]
1057,20,[]
1089,13,[]
1114,23,[]
1149,22,[]
1183,18,[]
1213,22,[]
1247,5,[]
1264,20,[]
1296,17,[]
1325,19,[]
1356,24,[]
1392,19,[]
1423,13,[]
1448,18,[]
1478,17,[]
1507,22,[]
1541,15,[]
1568,22,[]
1602,18,[]
1632,22,[]
1666,90,[]
1799,12,[]
1823,5,[]
1840,18,[]
1870,20,[]
1902,19,[]
1933,10,[]
1955,21,[]
1988,23,[]
2023,23,[]
2058,23,[]
2093,6,[]
2111,22,[]
2145,23,[]
2180,21,[]
2213,21,[]
2246,22,[]
2280,11,[]
2303,19,[]
2334,21,[]
2367,23,[]
2402,6,[]
2420,20,[]
2452,19,[]
2483,21,[8, 9, 10, 11, 12, 13, 14, 15, 16, 17, 18, 19, 20]
2516,19,[]
2547,24,[]
2583,7,[]
2602,38,[]
2683,16,[]
2711,86,[]
2840,1,[]
2853,15,[]
2880,17,[]
2909,20,[]
2941,10,[]
2963,20,[]
2995,23,[]
3030,22,[]
3064,19,[]
3095,27,[1, 2, 3, 4, 5, 6, 7, 8, 9, 10, 11, 12, 13, 14, 15, 16, 17, 18, 19]
3134,14,[]
3160,29,[]
3201,28,[]
3241,24,[]
3277,23,[]
3312,11,[]
3335,26,[]
3373,12,[]
3397,23,[]
3432,10,[]
3454,25,[]
3491,8,[]
3511,21,[]
3544,10,[]
3566,24,[]
3602,8,[]
3622,24,[]
3658,8,[]
3678,24,[]
3714,67,[]
3824,16,[]
3852,8,[]
3872,19,[]
3903,6,[]
3921,16,[]
3949,8,[]
3969,19,[]
4000,12,[]
4024,20,[]
4056,10,[]
4078,21,[]
4111,11,[]
4134,20,[]
4166,9,[]
4187,19,[]
4218,7,[]
4237,19,[]
4268,11,[]
4291,19,[]
4322,7,[]
4341,18,[]
4371,11,[]
4394,20,[]
4426,8,[]
4446,22,[]
4480,11,[]
4503,21,[]
4536,9,[]
4557,22,[]
4591,61,[]
4695,16,[]
4723,8,[]
4743,18,[]
4773,6,[]
4791,19,[]
4822,10,[]
4844,26,[]
4882,9,[]
4903,22,[]
4937,6,[]
4955,19,[]
4986,7,[]
5005,18,[]
5035,6,[]
5053,23,[]
5088,5,[]
5105,22,[]
5139,7,[]
5158,21,[]
5191,9,[]
5212,22,[]
5246,5,[]
5263,23,[]
5298,9,[]
5319,15,[]
5346,7,[]
5365,16,[]
5393,9,[]
5414,15,[]
5441,50,[]
5534,10,[]
5556,8,[]
5576,17,[]
5605,6,[]
5623,14,[]
5649,7,[]
5668,26,[]
5706,17,[]
5735,9,[]
5756,17,[]
5785,6,[]
5803,23,[]
5838,4,[]
5854,20,[]
5886,9,[]
5907,20,[]
5939,9,[]
5960,24,[]
5996,10,[]
6018,17,[]
6047,9,[]
6068,22,[]
6102,9,[]
6123,16,[]
6151,6,[]
6169,20,[]
6201,7,[]
6220,17,[]
6249,5,[]
6266,46,[]
6355,4,[]
6371,19,[]
6402,21,[]
6435,6,[]
6453,12,[]
6477,6,[]
6495,13,[]
6520,10,[]
6542,19,[]
6573,22,[]
6607,12,[]
6631,14,[]
6657,17,[]
6686,21,[]
6719,7,[]
6738,6,[]
6756,23,[]
6791,11,[]
6814,25,[]
6851,13,[]
6876,15,[]
6903,25,[]
6940,14,[]
6966,25,[]
7003,22,[]
7037,16,[]
7065,17,[]
7094,16,[]
7122,17,[]
7151,41,[]
7235,2,[]
7249,4,[]
7265,17,[]
7294,9,[]
7315,20,[]
7347,7,[]
7366,17,[]
7395,17,[]
7424,7,[]
7443,19,[]
7474,10,[]
7496,22,[]
7530,10,[]
7552,21,[]
7585,9,[]
7606,9,[]
7627,25,[]
7664,9,[]
7685,24,[]
7721,20,[]
7753,6,[]
7771,22,[]
7805,6,[]
7823,25,[]
7860,8,[]
7880,27,[]
7919,4,[]
7935,9,[]
7956,26,[1, 9, 10, 11, 12, 13, 14, 15, 16, 17, 18, 19, 20, 21, 22, 23, 24, 25]
7994,31,[]
8037,12,[]
8061,23,[]
8096,4,[]
8112,19,[]
8143,6,[]
8161,23,[]
8196,14,[]
8222,24,[]
8258,22,[]
8292,19,[]
8323,12,[]
8347,13,[]
8372,22,[]
8406,12,[]
8430,23,[]
8465,13,[]
8490,4,[]
8506,18,[]
8536,18,[]
8566,18,[]
8596,17,[]
8625,6,[]
8643,11,[]
8666,12,[]
8690,7,[]
8709,13,[]
8734,17,[]
8763,8,[]
8783,17,[]
0,28,[]
39,3,[]
53,16,[]
80,22,[0, 1, 2, 3, 4, 5, 6, 7, 8, 9, 10, 11, 12, 13, 14, 15, 16, 17, 18]
113,10,[]
134,17,[]
162,18,[]
191,13,[]
215,18,[]
244,4,[]
259,20,[]
290,21,[]
322,14,[]
347,13,[]
371,11,[]
393,15,[]
419,20,[]
450,16,[]
477,9,[]
497,3,[]
511,17,[]
539,15,[]
565,14,[]
590,17,[]
618,9,[]
638,14,[]
663,14,[]
688,13,[]
712,15,[]
738,7,[]
756,118,[]
958,8,[]
977,8,[]
996,11,[]
1018,1,[]
1030,13,[]
1054,12,[]
1077,11,[]
1099,12,[]
1122,12,[]
1145,14,[]
1170,12,[]
1193,13,[]
1217,10,[]
1238,17,[]
1266,14,[]
1291,13,[]
1315,10,[]
1336,18,[]
1365,9,[]
1385,14,[]
1410,13,[]
1434,17,[]
1462,8,[]
1481,17,[]
1509,14,[]
1534,13,[]
1558,14,[]
1583,12,[]
1606,16,[]
1633,120,[]
1837,9,[]
1857,8,[]
1876,8,[]
1895,15,[]
1921,13,[]
1945,12,[]
1968,18,[]
1997,8,[]
2016,17,[]
2044,13,[0, 1, 2, 3, 4, 5, 6, 7, 8, 9, 10, 11, 12]
2068,13,[]
2092,12,[]
2115,8,[]
2134,17,[]
2162,14,[]
2187,24,[]
2222,16,[]
2249,17,[]
2277,14,[]
2302,18,[]
2331,16,[]
2358,18,[]
2387,17,[]
2415,13,[]
2439,18,[]
2468,15,[]
2494,15,[]
2520,18,[]
2549,16,[]
2576,124,[]
2784,11,[]
2806,9,[]
2826,10,[]
2847,17,[]
2875,11,[]
2897,13,[]
2921,15,[]
2947,15,[3, 4, 5, 6, 7, 8, 9, 10, 11, 12, 13, 14]
2973,17,[]
3001,17,[]
3029,10,[]
3050,17,[]
3078,7,[]
3096,14,[]
3121,15,[]
3147,16,[]
3174,16,[]
3201,9,[]
3221,20,[]
3252,19,[]
3282,12,[]
3305,14,[0, 1, 2, 3, 4, 5, 6, 7, 8, 9, 10, 11, 12, 13]
3330,9,[]
3350,19,[]
3380,16,[]
3407,17,[]
3435,13,[]
3459,9,[]
3479,18,[]
3508,131,[]
3723,5,[]
3739,4,[]
3754,12,[]
3777,14,[]
3802,14,[]
3827,13,[]
3851,12,[]
3874,9,[]
3894,15,[]
3920,17,[]
3948,15,[1, 2, 3, 4, 5, 6, 7, 8, 9, 10, 11, 12, 13, 14]
3974,12,[]
3997,16,[]
4024,17,[]
4052,14,[]
4077,13,[]
4101,7,[]
4119,17,[]
4147,13,[]
4171,18,[]
4200,16,[]
4227,13,[]
4251,17,[]
4279,17,[]
4307,14,[]
4332,16,[]
4359,8,[]
4378,18,[]
4407,19,[]
4437,131,[]
4652,7,[]
4670,4,[]
4685,14,[]
4710,14,[]
4735,13,[]
4759,11,[]
4781,10,[]
4802,13,[]
4826,18,[]
4855,11,[]
4877,17,[]
4905,9,[]
4925,16,[]
4952,16,[]
4979,16,[]
5006,14,[]
5031,7,[]
5049,22,[]
5082,14,[]
5107,16,[]
5134,14,[]
5159,9,[]
5179,19,[]
5209,18,[]
5238,16,[]
5265,18,[]
5294,11,[]
5316,19,[]
5346,11,[]
5368,129,[]
5581,7,[]
5599,5,[]
5615,12,[]
5638,16,[]
5665,12,[]
5688,13,[]
5712,8,[]
5731,17,[]
5759,13,[]
5783,14,[]
5808,17,[]
5836,8,[]
5855,13,[]
5879,16,[]
5906,17,[]
5934,18,[]
5963,7,[]
5981,15,[]
6007,15,[]
6033,17,[]
6061,7,[]
6079,20,[]
6110,17,[]
6138,15,[]
6164,13,[]
6188,14,[]
6213,8,[]
6232,13,[]
6256,19,[]
6286,127,[]
6497,1,[]
6509,6,[]
6526,9,[]
6546,10,[]
6567,11,[]
6589,7,[]
6607,12,[]
6630,11,[]
6652,11,[]
6674,15,[]
6700,7,[]
6718,19,[]
6748,14,[]
6773,12,[]
6796,14,[]
6821,5,[]
6837,14,[]
6862,16,[]
6889,15,[]
6915,17,[]
6943,9,[]
6963,17,[]
6991,14,[]
7016,16,[]
7043,13,[]
7067,8,[]
7086,17,[]
7114,15,[]
7140,15,[]
7166,119,[]
7369,1,[]
7381,5,[]
7397,7,[]
7415,11,[]
7437,9,[]
7457,6,[]
7474,9,[]
7494,10,[]
7515,8,[]
7534,7,[]
7552,16,[]
7579,12,[]
7602,13,[]
7626,12,[]
7649,14,[]
7674,10,[]
7695,14,[]
7720,12,[]
7743,17,[]
7771,14,[]
7796,7,[]
7814,21,[]
7846,17,[]
7874,13,[]
7898,20,[]
7929,9,[]
7949,19,[]
7979,18,[]
8008,15,[]
8034,121,[]
8239,1,[]
8251,6,[]
8268,5,[]
8284,11,[]
8306,7,[]
8324,11,[]
8346,11,[]
8368,11,[]
8390,11,[]
8412,6,[]
8429,13,[]
8453,14,[]
8478,12,[]
8501,18,[]
8530,8,[]
8549,18,[]
8578,13,[]
8602,15,[]
8628,8,[]
8647,21,[2, 8, 9, 10, 11, 12, 13, 14, 15, 16, 17, 18, 19, 20]
8679,17,[]
8707,14,[]
8732,12,[]
8755,14,[]
8780,7,[]
8798,15,[]
8824,15,[]
8850,17,[]
8878,12,[]
0,18,[]
29,6,[]
46,12,[]
69,14,[]
94,13,[]
118,11,[]
140,11,[]
162,12,[]
185,12,[]
208,12,[]
231,17,[]
259,13,[]
283,12,[]
306,14,[]
331,15,[]
357,11,[]
379,13,[]
403,13,[]
427,14,[]
452,14,[]
477,18,[]
506,13,[]
530,14,[]
555,15,[]
581,14,[]
606,12,[]
629,16,[]
656,14,[]
681,18,[]
710,12,[]
733,45,[]
811,7,[]
829,12,[]
852,12,[]
875,8,[]
894,13,[]
918,18,[]
947,15,[]
973,21,[]
1005,18,[]
1034,18,[]
1063,16,[]
1090,18,[]
1119,16,[]
1146,17,[]
1174,14,[]
1199,16,[]
1226,21,[]
1258,18,[]
1287,18,[]
1316,14,[]
1341,16,[]
1368,22,[]
1401,15,[]
1427,14,[]
1452,15,[]
1478,18,[]
1507,14,[]
1532,16,[]
1559,19,[]
1589,44,[]
1666,11,[]
1688,21,[]
1720,16,[]
1747,17,[]
1775,16,[]
1802,16,[]
1829,16,[]
1856,18,[]
1885,17,[]
1913,19,[]
1943,18,[]
1972,23,[]
2006,18,[]
2035,16,[]
2062,21,[]
2094,16,[]
2121,16,[]
2148,22,[]
2181,17,[]
2209,16,[]
2236,15,[]
2262,16,[]
2289,18,[]
2318,15,[]
2344,15,[]
2370,16,[0, 1, 2, 3, 4, 5, 6, 7, 8, 9, 10, 11, 12, 13, 14, 15]
2397,15,[]
2423,23,[]
2457,19,[]
2487,54,[]
2574,11,[]
2596,14,[]
2621,16,[]
2648,16,[]
2675,18,[]
2704,19,[]
2734,18,[]
2763,19,[]
2793,16,[]
2820,15,[]
2846,23,[]
2880,22,[]
2913,15,[]
2939,15,[]
2965,14,[]
2990,13,[]
3014,14,[]
3039,15,[]
3065,23,[]
3099,15,[]
3125,15,[]
3151,13,[]
3175,17,[]
3203,13,[]
3227,13,[]
3251,15,[]
3277,16,[]
3304,12,[]
3327,15,[]
3353,42,[]
3428,8,[]
3447,11,[]
3469,12,[]
3492,12,[]
3515,11,[]
3537,11,[]
3559,13,[]
3583,12,[]
3606,10,[]
3627,13,[]
3651,12,[]
3674,11,[]
3696,11,[]
3718,11,[]
3740,14,[]
3765,13,[]
3789,11,[]
3811,12,[]
3834,14,[]
3859,11,[]
3881,13,[]
3905,13,[]
3929,14,[]
3954,13,[]
3978,13,[]
4002,11,[]
4024,13,[]
4048,12,[]
4071,14,[]
4096,43,[]
4172,9,[]
4192,13,[]
4216,13,[]
4240,14,[]
4265,12,[]
4288,17,[]
4316,17,[]
4344,15,[]
4370,15,[]
4396,13,[]
4420,14,[]
4445,15,[]
4471,20,[]
4502,18,[]
4531,14,[]
4556,13,[]
4580,14,[]
4605,18,[]
4634,15,[]
4660,14,[]
4685,13,[]
4709,16,[]
4736,18,[]
4765,14,[]
4790,15,[]
4816,14,[]
4841,12,[]
4864,13,[]
4888,12,[]
4911,42,[]
4986,10,[]
5007,13,[]
5031,12,[]
5054,14,[]
5079,14,[]
5104,12,[]
5127,14,[0, 1, 2, 3, 4, 5, 6, 7, 8, 9, 10, 11, 12]
5152,15,[]
5178,14,[]
5203,20,[]
5234,14,[]
5259,14,[]
5284,13,[]
5308,16,[]
5335,15,[]
5361,16,[]
5388,21,[]
5420,16,[]
5447,13,[]
5471,17,[]
5499,17,[]
5527,18,[]
5556,16,[]
5583,16,[]
5610,11,[]
5632,14,[]
5657,11,[]
5679,14,[]
5704,16,[]
5731,58,[]
5822,8,[]
5841,11,[]
5863,11,[]
5885,13,[]
5909,11,[]
5931,11,[]
5953,14,[]
5978,16,[]
6005,13,[]
6029,13,[]
6053,11,[]
6075,13,[]
6099,13,[]
6123,13,[]
6147,13,[]
6171,15,[]
6197,15,[]
6223,15,[]
6249,13,[]
6273,15,[]
6299,13,[]
6323,13,[]
6347,14,[]
6372,14,[]
6397,13,[]
6421,13,[]
6445,13,[]
6469,17,[]
6497,14,[]
6522,53,[]
6608,10,[]
6629,12,[]
6652,15,[]
6678,16,[0, 1, 2, 3, 4, 5, 6, 7, 8, 9, 10, 11]
6705,14,[]
6730,18,[]
6759,16,[]
6786,21,[]
6818,14,[]
6843,14,[]
6868,16,[]
6895,19,[]
6925,15,[]
6951,17,[]
6979,13,[]
7003,14,[]
7028,21,[]
7060,17,[]
7088,18,[]
7117,16,[]
7144,21,[]
7176,17,[]
7204,14,[]
7229,17,[]
7257,13,[]
7281,19,[]
7311,12,[]
7334,13,[]
7358,12,[]
7381,46,[]
7460,11,[]
7482,12,[]
7505,14,[]
7530,20,[]
7561,15,[]
7587,6,[]
7604,19,[]
7634,23,[]
7668,16,[]
7695,7,[]
7713,19,[]
7743,16,[]
7770,17,[]
7798,10,[]
7819,21,[]
7851,9,[]
7871,15,[]
7897,15,[]
7923,17,[]
7951,15,[]
7977,14,[]
8002,8,[]
8021,20,[]
8052,4,[]
8067,20,[]
8098,10,[]
8119,27,[]
8157,4,[]
8172,19,[]
0,43,[]
91,12,[]
114,13,[]
138,17,[0, 1, 2, 3, 4, 5, 6, 7, 8, 9, 10, 11, 12]
166,14,[]
191,15,[]
217,14,[]
242,14,[]
267,16,[]
294,15,[]
320,15,[]
346,12,[]
369,14,[]
394,14,[]
419,17,[]
447,19,[]
477,18,[]
506,16,[]
533,14,[]
558,15,[]
584,15,[]
610,19,[]
640,22,[]
673,21,[]
705,22,[]
738,26,[]
775,23,[0, 1, 2, 3, 4, 5, 6, 7, 8, 9, 10, 11]
809,20,[]
840,23,[]
874,21,[]
906,75,[]
1029,18,[]
1058,20,[]
1089,20,[]
1120,10,[]
1141,14,[]
1166,19,[]
1196,17,[]
1224,18,[]
1253,14,[]
1278,18,[]
1307,17,[]
1335,17,[]
1363,17,[]
1391,16,[]
1418,18,[]
1447,16,[]
1474,16,[]
1501,12,[]
1524,15,[]
1550,17,[]
1578,14,[]
1603,14,[]
1628,16,[]
1655,18,[]
1684,18,[]
1713,16,[]
1740,13,[]
1764,17,[]
1792,13,[]
1816,65,[]
1929,9,[]
1949,14,[]
1974,12,[]
1997,12,[]
2020,13,[]
2044,11,[]
2066,12,[]
2089,14,[]
2114,11,[]
2136,12,[]
2159,15,[]
2185,13,[]
2209,10,[]
2230,14,[]
2255,12,[]
2278,13,[]
2302,13,[]
2326,15,[]
2352,14,[]
2377,13,[]
2401,12,[]
2424,13,[]
2448,13,[]
2472,13,[]
2496,15,[]
2522,15,[]
2548,12,[]
2571,13,[]
2595,15,[]
2621,59,[]
2728,9,[]
2748,9,[]
2768,15,[]
2794,13,[]
2818,15,[]
2844,13,[]
2868,13,[]
2892,12,[]
2915,12,[]
2938,15,[]
2964,13,[]
2988,15,[]
3014,14,[]
3039,14,[]
3064,12,[]
3087,17,[]
3115,17,[]
3143,15,[]
3169,13,[]
3193,14,[]
3218,14,[]
3243,14,[]
3268,13,[]
3292,16,[]
3319,16,[]
3346,15,[]
3372,13,[0, 1, 2, 3, 4, 5, 6, 7, 8, 9, 10, 11, 12]
3396,15,[]
3422,16,[]
3449,63,[]
3560,8,[]
3579,10,[]
3600,13,[]
3624,13,[]
3648,12,[]
3671,12,[]
3694,13,[]
3718,15,[]
3744,14,[]
3769,14,[]
3794,17,[]
3822,16,[]
3849,17,[]
3877,13,[]
3901,15,[]
3927,15,[]
3953,14,[]
3978,16,[]
4005,13,[]
4029,16,[]
4056,14,[]
4081,16,[]
4108,14,[]
4133,14,[]
4158,16,[]
4185,19,[]
4215,17,[]
4243,14,[]
4268,13,[]
4292,64,[]
4404,7,[]
4422,12,[]
4445,12,[]
4468,13,[]
4492,12,[]
4515,14,[]
4540,13,[]
4564,12,[]
4587,12,[]
4610,13,[]
4634,14,[1, 2, 3, 4, 5, 6, 7, 8, 9, 10, 11, 12, 13]
4659,14,[]
4684,12,[]
4707,14,[]
4732,14,[]
4757,13,[]
4781,14,[]
4806,14,[]
4831,13,[]
4855,14,[]
4880,13,[0, 1, 2, 3, 4, 5, 6, 7, 8, 9, 10, 11, 12]
4904,12,[]
4927,13,[]
4951,12,[]
4974,18,[]
5003,14,[]
5028,13,[]
5052,14,[]
5077,10,[]
5098,76,[]
5222,4,[]
5237,7,[]
5255,9,[]
5275,11,[]
5297,11,[]
5319,11,[]
5341,12,[]
5364,12,[]
5387,13,[]
5411,12,[]
5434,11,[]
5456,11,[]
5478,21,[]
5510,20,[3, 4, 5, 6, 7, 8, 9, 10, 11, 12, 13, 14, 15, 16, 17, 18, 19]
5541,16,[]
5568,17,[]
5596,14,[]
5621,13,[]
5645,16,[]
5672,18,[]
5701,20,[]
5732,17,[]
5760,16,[]
5787,14,[]
5812,16,[]
5839,21,[]
5871,14,[]
5896,19,[]
5926,18,[]
5955,50,[]
6053,11,[]
6075,11,[]
6097,14,[]
6122,15,[]
6148,12,[]
6171,13,[]
6195,15,[]
6221,15,[]
6247,13,[]
6271,12,[]
6294,13,[]
6318,15,[]
6344,15,[]
6370,9,[]
6390,14,[]
6415,17,[]
6443,11,[]
6465,9,[]
6485,12,[]
6508,13,[]
6532,13,[]
6556,13,[]
6580,13,[]
6604,10,[]
6625,11,[]
6647,11,[]
6669,13,[]
6693,9,[]
6713,9,[]
6733,77,[]
6858,4,[]
6873,8,[]
6892,10,[]
6913,13,[]
6937,13,[]
6961,13,[]
6985,10,[]
7006,11,[]
7028,11,[]
7050,13,[]
7074,14,[]
7099,14,[]
7124,11,[]
7146,14,[]
7171,16,[]
7198,15,[]
7224,15,[]
7250,14,[]
7275,14,[]
7300,16,[]
7327,17,[]
7355,15,[]
7381,15,[]
7407,16,[]
7434,15,[]
7460,13,[]
7484,16,[]
7511,16,[]
7538,15,[]
7564,69,[]
7681,9,[]
7701,16,[]
7728,15,[]
7754,15,[]
7780,15,[]
7806,18,[]
7835,17,[]
7863,15,[]
7889,13,[]
7913,16,[]
7940,15,[]
7966,13,[0, 1, 2, 3, 4, 5, 6, 7, 8, 9, 10, 11, 12]
7990,18,[]
8019,16,[]
8046,16,[]
8073,14,[]
8098,16,[]
8125,16,[]
8152,15,[]
8178,18,[]
8207,15,[]
8233,13,[]
8257,11,[]
8279,14,[]
8304,17,[]
8332,14,[]
8357,12,[]
8380,16,[]
8407,16,[]
0,28,[]
39,6,[]
56,8,[]
75,9,[]
95,10,[]
116,9,[]
136,13,[]
160,15,[]
186,19,[]
216,12,[]
239,11,[]
261,11,[]
283,14,[]
308,12,[]
331,11,[]
353,11,[]
375,11,[]
397,11,[]
419,9,[]
439,12,[]
462,11,[]
484,11,[]
506,10,[]
527,9,[]
547,8,[]
566,10,[]
587,10,[]
608,17,[]
636,18,[]
665,13,[]
689,62,[]
794,8,[]
813,10,[]
834,11,[]
856,8,[]
875,10,[]
896,14,[]
921,12,[]
944,16,[]
971,13,[]
995,15,[]
1021,13,[]
1045,12,[]
1068,13,[]
1092,12,[]
1115,12,[]
1138,14,[]
1163,13,[]
1187,12,[]
1210,13,[]
1234,12,[]
1257,14,[]
1282,14,[]
1307,15,[]
1333,16,[]
1360,12,[]
1383,14,[]
1408,14,[]
1433,14,[]
1458,15,[]
1484,64,[]
1591,11,[]
1613,13,[]
1637,12,[]
1660,15,[]
1686,12,[]
1709,14,[]
1734,13,[]
1758,15,[]
1784,13,[]
1808,15,[]
1834,14,[]
1859,13,[]
1883,16,[]
1910,14,[]
1935,14,[]
1960,17,[]
1988,14,[]
2013,15,[]
2039,14,[]
2064,14,[]
2089,14,[]
2114,15,[]
2140,19,[]
2170,16,[]
2197,17,[]
2225,17,[]
2253,16,[]
2280,17,[]
2308,18,[]
2337,56,[]
2436,13,[]
2460,14,[]
2485,15,[]
2511,17,[]
2539,14,[]
2564,16,[]
2591,14,[]
2616,18,[]
2645,16,[]
2672,14,[]
2697,17,[]
2725,15,[]
2751,14,[]
2776,14,[]
2801,14,[]
2826,13,[]
2850,14,[]
2875,15,[]
2901,13,[]
2925,24,[3, 9, 10, 11, 12, 13, 14, 15, 16, 17, 18, 19, 20, 21, 22, 23]
2960,16,[]
2987,14,[]
3012,14,[]
3037,14,[]
3062,18,[]
3091,17,[]
3119,14,[]
3144,18,[]
3173,14,[]
3198,52,[]
3293,13,[]
3317,10,[]
3338,14,[]
3363,16,[]
3390,17,[]
3418,15,[]
3444,12,[]
3467,15,[]
3493,13,[]
3517,16,[]
3544,12,[]
3567,16,[]
3594,18,[]
3623,15,[]
3649,13,[]
3673,17,[]
3701,15,[]
3727,15,[]
3753,13,[]
3777,17,[]
3805,14,[]
3830,14,[]
3855,14,[]
3880,14,[]
3905,14,[]
3930,14,[]
3955,15,[]
3981,15,[]
4007,14,[]
4032,58,[]
4133,11,[]
4155,11,[]
4177,12,[]
4200,12,[]
4223,13,[]
4247,15,[]
4273,14,[]
4298,14,[]
4323,14,[]
4348,14,[]
4373,14,[]
4398,14,[]
4423,14,[0, 1, 2, 3, 4, 5, 6, 7, 8, 9, 10, 11, 12, 13]
4448,14,[]
4473,14,[]
4498,14,[]
4523,14,[]
4548,14,[]
4573,14,[]
4598,13,[]
4622,13,[]
4646,12,[]
4669,14,[]
4694,17,[]
4722,13,[]
4746,16,[]
4773,14,[]
4798,14,[]
4823,17,[]
4851,64,[]
4958,11,[]
4980,14,[]
5005,13,[]
5029,14,[]
5054,12,[]
5077,15,[]
5103,14,[]
5128,12,[]
5151,12,[]
5174,16,[]
5201,13,[]
5225,13,[]
5249,15,[]
5275,14,[]
5300,14,[]
5325,14,[]
5350,14,[]
5375,15,[]
5401,15,[]
5427,15,[]
5453,15,[]
5479,15,[]
5505,13,[]
5529,15,[]
5555,13,[]
5579,14,[]
5604,16,[]
5631,15,[]
5657,14,[]
5682,72,[]
5797,8,[]
5816,22,[]
5849,19,[]
5879,15,[]
5905,15,[]
5931,18,[]
5960,17,[]
5988,15,[]
6014,17,[]
6042,17,[]
6070,17,[]
6098,14,[]
6123,15,[]
6149,18,[]
6178,17,[]
6206,14,[]
6231,18,[]
6260,16,[]
6287,16,[]
6314,17,[]
6342,17,[]
6370,16,[]
6397,18,[]
6426,15,[]
6452,18,[]
6481,15,[]
6507,16,[]
6534,18,[]
6563,14,[]
6588,63,[]
6694,12,[]
6717,11,[]
6739,14,[]
6764,14,[]
6789,13,[]
6813,15,[]
6839,16,[]
6866,15,[]
6892,15,[]
6918,15,[]
6944,15,[]
6970,16,[]
6997,12,[]
7020,17,[]
7048,16,[]
7075,14,[]
7100,16,[]
7127,16,[]
7154,15,[]
7180,14,[]
7205,16,[]
7232,16,[]
7259,14,[]
7284,16,[0, 1, 2, 3, 4, 5, 6, 7, 8, 9, 10, 11, 12, 13, 14, 15]
7311,12,[]
7334,14,[]
7359,17,[]
7387,14,[]
7412,16,[]
7439,71,[]
7553,10,[]
7574,12,[]
7597,13,[]
7621,12,[]
7644,16,[]
7671,11,[]
7693,17,[]
7721,12,[]
7744,13,[]
7768,12,[]
7791,14,[]
7816,17,[]
7844,15,[]
7870,13,[]
7894,15,[]
7920,13,[]
7944,15,[]
7970,13,[]
7994,13,[]
8018,15,[]
8044,13,[]
8068,15,[]
8094,13,[0, 1, 2, 3, 4, 5, 6, 7, 8, 9, 10, 11, 12]
8118,15,[]
8144,13,[]
8168,13,[]
8192,15,[]
8218,12,[]
8241,13,[]
0,29,[]
40,3,[]
54,9,[]
74,14,[]
99,15,[2, 3, 4, 5, 6, 7, 8, 9, 10, 11, 12, 13]
125,14,[]
150,15,[]
176,9,[]
196,14,[]
221,13,[]
245,15,[]
271,11,[]
293,13,[]
317,12,[]
340,17,[]
368,15,[]
394,17,[]
422,13,[]
446,25,[]
482,21,[]
514,25,[]
550,21,[]
582,23,[]
616,16,[]
643,15,[]
669,16,[]
696,18,[]
725,16,[]
752,19,[]
782,18,[]
811,86,[]
951,13,[]
975,15,[]
1001,18,[]
1030,13,[]
1054,24,[]
1089,22,[]
1122,21,[]
1154,21,[]
1186,22,[]
1219,19,[]
1249,21,[]
1281,20,[]
1312,17,[]
1340,23,[]
1374,19,[]
1404,22,[]
1437,18,[]
1466,19,[]
1496,20,[]
1527,21,[]
1559,19,[]
1589,18,[]
1618,19,[]
1648,20,[7, 8, 9, 10, 11, 12, 13, 14, 15, 16, 17, 18, 19]
1679,19,[]
1709,18,[]
1738,18,[]
1767,19,[]
1797,17,[]
1825,82,[]
1961,9,[]
1981,10,[]
2002,15,[]
2028,16,[]
2055,25,[]
2091,18,[]
2120,19,[]
2150,17,[]
2178,18,[]
2207,16,[]
2234,18,[]
2263,17,[]
2291,15,[]
2317,20,[]
2348,15,[]
2374,14,[]
2399,15,[]
2425,15,[]
2451,14,[]
2476,15,[]
2502,12,[]
2525,17,[]
2553,17,[]
2581,16,[]
2608,13,[]
2632,13,[]
2656,12,[]
2679,17,[]
2707,14,[]
2732,71,[]
2857,7,[]
2875,9,[]
2895,10,[]
2916,13,[]
2940,13,[]
2964,15,[]
2990,13,[]
3014,15,[]
3040,12,[]
3063,15,[]
3089,11,[]
3111,13,[]
3135,13,[]
3159,14,[0, 2, 3, 4, 5, 6, 7, 8, 9, 10, 11, 12, 13]
3184,13,[]
3208,13,[]
3232,12,[]
3255,13,[]
3279,12,[]
3302,14,[]
3327,11,[]
3349,13,[]
3373,13,[]
3397,15,[]
3423,13,[]
3447,14,[]
3472,12,[]
3495,14,[]
3520,11,[]
3542,71,[]
3667,7,[]
3685,10,[]
3706,10,[]
3727,11,[]
3749,18,[]
3778,12,[]
3801,14,[]
3826,16,[]
3853,13,[]
3877,14,[]
3902,13,[]
3926,14,[]
3951,13,[]
3975,14,[]
4000,13,[]
4024,13,[]
4048,13,[]
4072,12,[]
4095,13,[]
4119,13,[]
4143,12,[]
4166,15,[]
4192,12,[]
4215,14,[]
4240,13,[]
4264,15,[]
4290,14,[]
4315,17,[]
4343,14,[]
4368,81,[]
4503,8,[]
4522,10,[]
4543,10,[]
4564,14,[]
4589,15,[]
4615,16,[]
4642,14,[]
4667,17,[]
4695,15,[]
4721,15,[]
4747,15,[]
4773,16,[]
4800,15,[]
4826,17,[]
4854,15,[0, 1, 2, 3, 4, 5, 6, 7, 8, 9, 10, 11, 12, 13, 14]
4880,16,[]
4907,15,[]
4933,17,[]
4961,16,[]
4988,15,[]
5014,15,[]
5040,16,[]
5067,14,[]
5092,14,[]
5117,12,[]
5140,17,[]
5168,14,[]
5193,16,[]
5220,13,[]
5244,81,[]
5379,9,[]
5399,12,[]
5422,14,[]
5447,15,[]
5473,20,[]
5504,18,[]
5533,17,[]
5561,19,[]
5591,16,[]
5618,17,[]
5646,17,[]
5674,17,[]
5702,15,[]
5728,17,[]
5756,18,[]
5785,18,[]
5814,16,[]
5841,17,[]
5869,15,[]
5895,15,[]
5921,16,[0, 1, 2, 3, 4, 5, 6, 7, 8, 9, 10, 11, 12, 13, 14]
5948,15,[]
5974,16,[]
6001,17,[]
6029,17,[]
6057,15,[]
6083,14,[0, 1, 2, 3, 4, 5, 6, 7, 8, 9, 10, 11]
6108,13,[]
6132,15,[]
6158,73,[]
6285,6,[]
6302,9,[]
6322,9,[]
6342,13,[]
6366,14,[]
6391,14,[]
6416,12,[]
6439,15,[]
6465,10,[]
6486,13,[]
6510,12,[]
6533,14,[]
6558,12,[]
6581,13,[]
6605,13,[]
6629,15,[]
6655,14,[]
6680,14,[]
6705,12,[]
6728,15,[]
6754,13,[]
6778,18,[]
6807,16,[]
6834,14,[]
6859,16,[]
6886,14,[]
6911,15,[]
6937,15,[]
6963,13,[]
6987,74,[]
7115,5,[]
7131,7,[]
7149,8,[]
7168,12,[]
7191,15,[]
7217,14,[]
7242,12,[]
7265,12,[]
7288,14,[]
7313,13,[]
7337,11,[]
7359,13,[]
7383,13,[]
7407,16,[]
7434,13,[]
7458,15,[]
7484,13,[]
7508,15,[]
7534,13,[]
7558,15,[]
7584,14,[]
7609,13,[]
7633,16,[]
7660,15,[]
7686,13,[]
7710,17,[]
7738,16,[]
7765,18,[]
7794,15,[]
7820,84,[]
7958,5,[]
7974,8,[]
7993,10,[]
8014,13,[]
8038,16,[]
8065,9,[]
8085,12,[]
8108,11,[]
8130,12,[]
8153,14,[]
8178,14,[]
8203,14,[]
8228,13,[]
8252,13,[]
8276,14,[]
8301,17,[]
8329,14,[]
8354,16,[]
8381,14,[]
8406,15,[]
8432,13,[]
8456,13,[]
8480,13,[]
8504,16,[]
8531,14,[]
8556,14,[]
8581,12,[]
8604,15,[]
8630,13,[]
0,33,[3, 4, 5, 6, 7, 8, 9, 10, 11, 12, 13, 14, 15, 16, 17, 18, 19, 20, 21, 22, 23]
44,3,[]
58,6,[]
75,11,[]
97,11,[]
119,14,[]
144,13,[]
168,12,[]
191,11,[]
213,14,[]
238,16,[]
265,9,[]
285,9,[]
305,9,[]
325,10,[]
346,16,[]
373,18,[]
402,17,[]
430,18,[]
459,17,[]
487,14,[]
512,16,[]
539,16,[]
566,18,[]
595,20,[]
626,21,[]
658,15,[0, 1, 2, 3, 4, 5, 6, 7, 8, 9, 10, 11, 12, 13, 14]
684,15,[]
710,17,[]
738,17,[]
766,77,[]
890,15,[]
916,11,[]
938,15,[]
964,9,[]
984,15,[]
1010,17,[]
1038,16,[]
1065,16,[]
1092,14,[]
1117,16,[]
1144,17,[]
1172,18,[]
1201,18,[]
1230,18,[]
1259,18,[]
1288,19,[]
1318,19,[]
1348,19,[]
1378,18,[0, 1, 2, 3, 4, 5, 6, 7, 8, 9, 10, 11, 12, 13, 14, 15, 16]
1407,16,[]
1434,19,[]
1464,14,[]
1489,17,[]
1517,15,[]
1543,17,[]
1571,16,[]
1598,15,[]
1624,18,[]
1653,15,[]
1679,75,[]
1801,7,[]
1819,12,[]
1842,12,[]
1865,17,[]
1893,15,[]
1919,13,[]
1943,12,[]
1966,13,[]
1990,12,[]
2013,14,[]
2038,15,[]
2064,16,[]
2091,13,[]
2115,12,[]
2138,12,[]
2161,11,[]
2183,10,[]
2204,13,[]
2228,10,[]
2249,14,[]
2274,13,[]
2298,11,[]
2320,11,[]
2342,12,[]
2365,14,[]
2390,15,[]
2416,16,[]
2443,17,[]
2471,13,[]
2495,91,[]
2633,4,[]
2648,7,[]
2666,11,[]
2688,14,[]
2713,14,[]
2738,18,[]
2767,17,[]
2795,18,[]
2824,17,[]
2852,16,[]
2879,15,[]
2905,15,[]
2931,15,[]
2957,15,[]
2983,15,[]
3009,15,[]
3035,18,[]
3064,16,[]
3091,16,[]
3118,15,[]
3144,16,[0, 1, 2, 3, 4, 5, 6, 7, 8, 9, 10, 11, 12]
3171,17,[]
3199,19,[]
3229,18,[]
3258,19,[]
3288,17,[]
3316,15,[]
3342,16,[0, 1, 2, 3, 4, 5, 6, 7, 8, 9, 10, 11, 12, 13, 14]
3369,17,[]
3397,59,[]
3503,6,[]
3520,10,[]
3541,13,[]
3565,16,[]
3592,14,[]
3617,15,[]
3643,14,[]
3668,16,[]
3695,12,[]
3718,15,[]
3744,16,[]
3771,16,[]
3798,17,[]
3826,15,[]
3852,16,[]
3879,16,[]
3906,14,[]
3931,16,[]
3958,16,[]
3985,18,[]
4014,16,[]
4041,17,[]
4069,17,[]
4097,18,[]
4126,17,[]
4154,14,[]
4179,13,[]
4203,18,[]
4232,14,[]
4257,57,[]
4361,9,[]
4381,12,[]
4404,12,[]
4427,13,[]
4451,15,[]
4477,15,[]
4503,15,[]
4529,16,[]
4556,14,[]
4581,15,[]
4607,13,[]
4631,16,[]
4658,14,[]
4683,15,[]
4709,13,[]
4733,15,[]
4759,17,[]
4787,17,[]
4815,14,[]
4840,17,[]
4868,15,[]
4894,17,[]
4922,18,[]
4951,17,[0, 1, 2, 3, 4, 5, 6, 7, 8, 9, 10, 11, 12, 13, 14, 15, 16]
4979,19,[]
5009,16,[]
5036,14,[]
5061,14,[]
5086,15,[]
5112,40,[]
5199,14,[]
5224,12,[]
5247,14,[]
5272,14,[]
5297,15,[]
5323,15,[]
5349,13,[]
5373,13,[]
5397,15,[1, 2, 3, 4, 5, 6, 7, 8, 9, 10, 11, 12, 13, 14]
5423,13,[]
5447,13,[]
5471,17,[]
5499,17,[]
5527,14,[]
5552,13,[]
5576,19,[]
5606,15,[]
5632,15,[]
5658,14,[]
5683,18,[]
5712,13,[]
5736,14,[]
5761,17,[]
5789,15,[]
5815,13,[]
5839,15,[]
5865,14,[]
5890,14,[]
5915,14,[]
5940,64,[]
6051,8,[]
6070,11,[]
6092,9,[]
6112,11,[]
6134,9,[]
6154,12,[]
6177,11,[]
6199,10,[]
6220,12,[]
6243,14,[]
6268,12,[]
6291,13,[]
6315,13,[]
6339,14,[]
6364,12,[]
6387,15,[]
6413,11,[]
6435,13,[]
6459,13,[]
6483,15,[]
6509,14,[]
6534,18,[]
6563,16,[]
6590,17,[]
6618,16,[]
6645,15,[]
6671,15,[]
6697,17,[]
6725,13,[]
6749,73,[]
6869,8,[]
6888,12,[]
6911,12,[]
6934,15,[]
6960,15,[]
6986,15,[]
7012,11,[]
7034,15,[]
7060,14,[]
7085,15,[]
7111,15,[]
7137,13,[]
7161,14,[]
7186,14,[]
7211,14,[]
7236,18,[]
7265,15,[]
7291,14,[]
7316,15,[]
7342,18,[]
7371,16,[]
7398,13,[]
7422,14,[]
7447,15,[]
7473,14,[]
7498,14,[]
7523,15,[]
7549,14,[]
7574,14,[]
7599,64,[]
7710,10,[]
7731,12,[]
7754,14,[]
7779,15,[]
7805,13,[]
7829,13,[]
7853,14,[]
7878,16,[]
7905,15,[0, 1, 2, 3, 4, 5, 6, 7, 8, 9, 10, 11, 12, 13, 14]
7931,15,[]
7957,15,[]
7983,16,[]
8010,14,[]
8035,16,[]
8062,16,[]
8089,17,[]
8117,14,[]
8142,13,[]
8166,14,[]
8191,15,[]
8217,17,[]
8245,17,[0, 1, 2, 3, 4, 5, 6, 7, 8, 9, 10, 11, 12, 13, 14, 15]
8273,16,[]
8300,17,[]
8328,17,[]
8356,17,[]
8384,17,[]
8412,18,[]
8441,17,[]
0,44,[]
109,8,[]
128,14,[]
153,14,[]
178,8,[]
197,17,[]
225,16,[]
252,15,[]
278,17,[]
306,16,[]
333,7,[]
351,15,[]
377,18,[]
406,16,[4, 5, 6, 7, 8, 9, 10, 11, 12, 13, 14, 15]
433,7,[]
451,15,[]
477,17,[]
505,15,[]
531,17,[]
559,12,[]
582,20,[]
613,18,[0, 1, 2, 3, 4, 5, 6, 7, 8, 9, 10, 11, 12, 13, 14, 15, 16, 17]
642,20,[]
673,9,[]
693,23,[]
727,9,[]
747,17,[]
775,17,[]
803,19,[]
833,10,[]
854,122,[]
1041,16,[]
1068,18,[]
1097,18,[]
1126,9,[]
1146,9,[]
1166,16,[]
1193,16,[]
1220,17,[]
1248,9,[]
1268,17,[]
1296,19,[]
1326,19,[]
1356,19,[]
1386,11,[]
1408,22,[]
1441,19,[]
1471,17,[]
1499,17,[]
1527,16,[]
1554,12,[]
1577,16,[]
1604,21,[]
1636,22,[]
1669,5,[]
1685,16,[]
1712,18,[]
1741,18,[]
1770,19,[]
1800,15,[]
1826,83,[]
1974,10,[]
1995,14,[]
2020,15,[]
2046,9,[]
2066,17,[]
2094,16,[]
2121,16,[]
2148,14,[]
2173,15,[]
2199,12,[]
2222,13,[]
2246,14,[]
2271,16,[]
2298,11,[]
2320,14,[]
2345,16,[]
2372,13,[]
2396,15,[]
2422,11,[]
2444,16,[]
2471,14,[]
2496,16,[]
2523,12,[]
2546,16,[]
2573,13,[]
2597,14,[]
2622,14,[]
2647,15,[]
2673,11,[]
2695,91,[]
2851,8,[]
2870,11,[]
2892,9,[]
2912,11,[]
2934,14,[]
2959,13,[]
2983,14,[]
3008,14,[]
3033,12,[]
3056,14,[]
3081,15,[]
3107,15,[]
3133,13,[]
3157,10,[]
3178,14,[]
3203,14,[]
3228,14,[]
3253,13,[]
3277,16,[]
3304,9,[]
3324,15,[]
3350,13,[]
3374,17,[]
3402,9,[]
3422,15,[]
3448,15,[]
3474,13,[]
3498,14,[]
3523,13,[]
3547,105,[]
3717,6,[]
3734,10,[]
3755,13,[]
3779,6,[]
3796,12,[]
3819,16,[]
3846,11,[]
3868,17,[]
3896,14,[]
3921,13,[]
3945,13,[]
3969,29,[]
4009,22,[]
4042,8,[]
4061,19,[]
4091,18,[]
4120,16,[0, 1, 2, 3, 4, 5, 6, 7, 8, 9, 10, 11, 12]
4147,20,[]
4178,6,[]
4195,17,[]
4223,19,[]
4253,18,[]
4282,18,[]
4311,18,[]
4340,9,[]
4360,19,[]
4390,19,[]
4420,17,[]
4448,9,[]
4468,68,[]
4601,14,[]
4626,15,[]
4652,16,[]
4679,16,[]
4706,10,[]
4727,16,[]
4754,17,[]
4782,18,[]
4811,11,[]
4833,19,[3, 4, 5, 6, 7, 8, 9, 10, 11, 12, 13, 14, 15]
4863,17,[]
4891,20,[]
4922,16,[]
4949,8,[]
4968,18,[]
4997,21,[]
5029,17,[]
5057,18,[]
5086,18,[]
5115,9,[]
5135,17,[]
5163,16,[]
5190,18,[]
5219,7,[]
5237,19,[]
5267,15,[]
5293,17,[]
5321,15,[]
5347,19,[]
5377,81,[]
5523,5,[]
5539,9,[]
5559,11,[]
5581,9,[]
5601,13,[]
5625,14,[]
5650,11,[]
5672,14,[]
5697,14,[0, 1, 2, 3, 4, 5, 6, 7, 8, 9, 10, 11, 12, 13]
5722,8,[]
5741,15,[]
5767,15,[]
5793,14,[]
5818,7,[]
5836,15,[]
5862,14,[]
5887,12,[]
5910,15,[]
5936,12,[]
5959,18,[]
5988,13,[]
6012,14,[]
6037,13,[]
6061,16,[]
6088,12,[]
6111,14,[0, 1, 2, 3, 4, 5, 6, 7, 8, 9, 10, 11, 12, 13]
6136,16,[]
6163,18,[]
6192,7,[]
6210,85,[]
6360,8,[]
6379,11,[]
6401,11,[]
6423,13,[]
6447,10,[]
6468,13,[]
6492,14,[]
6517,16,[]
6544,11,[]
6566,13,[]
6590,15,[]
6616,15,[]
6642,13,[]
6666,17,[]
6694,7,[]
6712,17,[]
6740,17,[]
6768,13,[]
6792,20,[]
6823,8,[]
6842,17,[]
6870,11,[]
6892,16,[]
6919,9,[]
6939,14,[]
6964,13,[]
6988,16,[]
7015,12,[]
7038,17,[]
7066,95,[]
7226,5,[]
7242,9,[]
7262,11,[]
7284,10,[]
7305,12,[]
7328,16,[]
7355,12,[]
7378,17,[]
7406,16,[]
7433,7,[]
7451,12,[]
7474,16,[]
7501,13,[]
7525,10,[]
7546,11,[]
7568,16,[]
7595,13,[]
7619,18,[]
7648,6,[]
7665,19,[]
7695,13,[]
7719,19,[]
7749,15,[]
7775,17,[]
7803,8,[]
7822,18,[]
7851,12,[]
7874,14,[]
7899,9,[]
7919,98,[]
8082,6,[]
8099,10,[]
8120,11,[]
8142,10,[]
8163,12,[]
8186,14,[]
8211,14,[]
8236,17,[]
8264,7,[]
8282,17,[]
8310,14,[]
8335,17,[]
8363,13,[]
8387,15,[]
8413,9,[]
8433,18,[]
8462,17,[]
8490,20,[]
8521,16,[]
8548,8,[]
8567,20,[]
8598,17,[]
8626,20,[]
8657,8,[]
8676,18,[]
8705,19,[]
8735,14,[]
8760,16,[]
8787,10,[]
0,33,[]
44,7,[]
62,13,[]
86,15,[]
112,17,[]
140,16,[0, 1, 2, 3, 4, 5, 6, 7, 8, 9, 10, 11, 12, 13, 14, 15]
167,24,[]
202,17,[]
230,15,[]
256,11,[]
278,16,[]
305,16,[]
332,17,[]
360,12,[]
383,13,[]
407,14,[]
432,16,[]
459,14,[]
484,14,[]
509,12,[]
532,13,[]
556,12,[]
579,19,[]
609,16,[]
636,18,[]
665,18,[]
694,13,[]
718,13,[]
742,17,[]
770,15,[]
796,82,[]
927,15,[]
953,11,[]
975,6,[]
992,8,[]
1011,8,[]
1030,15,[]
1056,10,[]
1077,15,[]
1103,14,[]
1128,16,[]
1155,14,[]
1180,16,[]
1207,17,[]
1235,17,[]
1263,7,[]
1281,18,[]
1310,21,[]
1342,18,[]
1371,18,[]
1400,18,[]
1429,19,[]
1459,20,[]
1490,18,[]
1519,20,[]
1550,18,[]
1579,17,[]
1607,11,[]
1629,23,[]
1663,12,[]
1686,67,[]
1802,11,[]
1824,16,[]
1851,14,[]
1876,15,[]
1902,15,[]
1928,18,[]
1957,18,[]
1986,20,[]
2017,12,[]
2040,22,[]
2073,15,[]
2099,15,[]
2125,17,[]
2153,17,[]
2181,14,[]
2206,15,[]
2232,16,[]
2259,17,[0, 1, 2, 3, 4, 5, 6, 7, 8, 9, 10, 11, 12]
2287,16,[]
2314,17,[]
2342,12,[]
2365,17,[]
2393,16,[]
2420,17,[]
2448,14,[]
2473,17,[]
2501,16,[]
2528,18,[]
2557,13,[]
2581,68,[]
2698,8,[]
2717,14,[]
2742,6,[]
2759,15,[]
2785,15,[]
2811,17,[]
2839,14,[]
2864,18,[]
2893,15,[]
2919,14,[]
2944,14,[]
2969,15,[]
2995,15,[]
3021,16,[]
3048,11,[]
3070,21,[]
3102,17,[]
3130,23,[]
3164,15,[]
3190,16,[]
3217,13,[]
3241,14,[]
3266,15,[]
3292,16,[]
3319,13,[]
3343,16,[]
3370,12,[]
3393,17,[]
3421,18,[]
3450,69,[]
3568,9,[]
3588,14,[]
3613,14,[]
3638,17,[]
3666,15,[]
3692,15,[]
3718,17,[]
3746,18,[]
3775,11,[]
3797,19,[]
3827,9,[]
3847,23,[]
3881,15,[]
3907,16,[]
3934,15,[]
3960,17,[]
3988,16,[]
4015,17,[]
4043,17,[]
4071,19,[]
4101,12,[]
4124,21,[]
4156,19,[]
4186,19,[]
4216,19,[]
4246,20,[]
4277,18,[]
4306,18,[]
4335,18,[]
4364,63,[]
4476,10,[]
4497,13,[]
4521,6,[]
4538,17,[]
4566,14,[]
4591,16,[]
4618,17,[]
4646,16,[]
4673,14,[]
4698,15,[]
4724,15,[]
4750,16,[]
4777,15,[]
4803,15,[]
4829,13,[]
4853,18,[]
4882,17,[]
4910,13,[]
4934,17,[]
4962,14,[]
4987,14,[]
5012,14,[]
5037,13,[]
5061,13,[]
5085,12,[]
5108,12,[]
5131,15,[]
5157,14,[]
5182,12,[]
5205,72,[]
5326,8,[]
5345,13,[]
5369,13,[]
5393,15,[]
5419,14,[]
5444,14,[]
5469,14,[]
5494,14,[]
5519,12,[]
5542,15,[]
5568,17,[]
5596,14,[]
5621,14,[]
5646,17,[]
5674,14,[]
5699,14,[]
5724,13,[]
5748,17,[0, 1, 2, 3, 4, 5, 6, 7, 8, 9, 10, 11]
5776,14,[]
5801,15,[]
5827,8,[]
5846,16,[]
5873,17,[]
5901,14,[]
5926,13,[]
5950,13,[]
5974,14,[]
5999,14,[]
6024,14,[]
6049,63,[]
6161,8,[]
6180,12,[]
6203,6,[]
6220,15,[]
6246,13,[]
6270,14,[]
6295,14,[]
6320,14,[]
6345,14,[]
6370,15,[]
6396,15,[]
6422,15,[]
6448,15,[]
6474,15,[]
6500,12,[]
6523,20,[]
6554,15,[]
6580,15,[]
6606,13,[]
6630,13,[]
6654,14,[]
6679,14,[]
6704,13,[]
6728,13,[]
6752,14,[]
6777,14,[]
6802,14,[]
6827,15,[]
6853,17,[]
6881,72,[]
7002,9,[]
7022,13,[]
7046,14,[]
7071,14,[]
7096,13,[]
7120,14,[]
7145,12,[]
7168,15,[]
7194,10,[]
7215,20,[]
7246,16,[]
7273,18,[]
7302,16,[]
7329,16,[]
7356,16,[]
7383,14,[]
7408,14,[]
7433,18,[]
7462,17,[]
7490,17,[0, 1, 2, 3, 4, 5, 6, 7, 8, 9, 10, 11, 12, 13, 14, 15, 16]
7518,12,[]
7541,19,[]
7571,20,[]
7602,10,[]
7623,20,[]
7654,16,[]
7681,15,[]
7707,16,[]
7734,16,[]
7761,62,[]
7872,9,[]
7892,12,[]
7915,6,[]
7932,17,[]
7960,18,[]
7989,14,[]
8014,15,[]
8040,15,[]
8066,13,[]
8090,13,[]
8114,14,[]
8139,16,[]
8166,15,[]
8192,14,[]
8217,12,[]
8240,20,[]
8271,5,[]
8287,17,[]
8315,16,[]
8342,15,[]
8368,15,[]
8394,15,[]
8420,14,[]
8445,16,[]
8472,13,[]
8496,15,[]
8522,13,[]
8546,15,[]
8572,15,[]
0,41,[]
120,1,[]
132,10,[]
153,10,[]
174,14,[]
199,13,[]
223,10,[]
244,14,[]
269,10,[]
290,16,[]
317,14,[0, 1, 2, 3, 4, 5, 6, 7, 8, 9, 10, 11, 12, 13]
342,16,[]
369,20,[]
400,13,[]
424,10,[]
445,13,[]
469,11,[]
491,16,[]
518,12,[]
541,12,[]
564,13,[]
588,10,[]
609,14,[]
634,13,[]
658,14,[]
683,15,[]
709,10,[]
730,10,[]
751,13,[]
775,15,[]
801,120,[]
1000,11,[]
1022,7,[]
1040,12,[]
1063,2,[]
1076,7,[]
1094,10,[]
1115,15,[]
1141,15,[]
1167,12,[]
1190,14,[]
1215,9,[]
1235,17,[]
1263,8,[]
1282,15,[]
1308,13,[]
1332,12,[]
1355,11,[]
1377,17,[]
1405,11,[]
1427,20,[]
1458,11,[]
1480,13,[]
1504,16,[]
1531,14,[]
1556,17,[]
1584,16,[]
1611,12,[]
1634,20,[]
1665,11,[]
1687,120,[]
1886,5,[]
1902,12,[]
1925,15,[]
1951,10,[]
1972,13,[]
1996,12,[]
2019,15,[]
2045,9,[]
2065,9,[]
2085,17,[]
2113,15,[2, 3, 4, 5, 6, 7, 8, 9, 10, 11, 12, 13]
2139,11,[]
2161,15,[]
2187,14,[]
2212,17,[]
2240,14,[]
2265,13,[]
2289,15,[0, 1, 2, 3, 4, 5, 6, 7, 8, 9, 10, 11, 12, 13, 14]
2315,15,[]
2341,13,[]
2365,15,[]
2391,14,[]
2416,21,[]
2448,10,[]
2469,15,[]
2495,16,[]
2522,18,[]
2551,14,[]
2576,18,[]
2605,121,[]
2805,3,[]
2819,17,[]
2847,11,[]
2869,17,[]
2897,14,[]
2922,11,[]
2944,16,[]
2971,14,[]
2996,18,[]
3025,16,[]
3052,16,[]
3079,17,[]
3107,14,[]
3132,13,[]
3156,17,[]
3184,15,[]
3210,16,[]
3237,14,[]
3262,17,[]
3290,14,[]
3315,19,[]
3345,20,[]
3376,16,[]
3403,13,[]
3427,19,[]
3457,17,[]
3485,19,[]
3515,15,[]
3541,16,[]
3568,120,[]
3767,4,[]
3782,12,[]
3805,12,[]
3828,16,[]
3855,16,[]
3882,13,[]
3906,15,[]
3932,16,[]
3959,13,[]
3983,14,[]
4008,14,[]
4033,18,[]
4062,15,[]
4088,15,[]
4114,16,[]
4141,13,[]
4165,16,[]
4192,25,[]
4228,14,[]
4253,12,[]
4276,13,[]
4300,12,[]
4323,14,[]
4348,20,[6, 7, 8, 9, 10, 11, 12, 13, 14, 15, 16, 17, 18, 19]
4379,17,[]
4407,19,[]
4437,13,[]
4461,14,[]
4486,15,[]
4512,118,[]
4709,5,[]
4725,13,[]
4749,13,[]
4773,14,[]
4798,13,[]
4822,18,[]
4851,15,[]
4877,17,[]
4905,14,[]
4930,14,[]
4955,13,[]
4979,12,[]
5002,15,[]
5028,14,[]
5053,19,[]
5083,11,[]
5105,17,[]
5133,15,[]
5159,17,[]
5187,14,[]
5212,17,[0, 1, 2, 3, 4, 5, 6, 7, 8, 9, 10, 11, 12, 13, 14, 15, 16]
5240,15,[]
5266,18,[]
5295,14,[]
5320,15,[]
5346,14,[]
5371,15,[]
5397,14,[]
5422,16,[]
5449,106,[]
5634,3,[]
5648,9,[]
5668,8,[]
5687,9,[]
5707,8,[]
5726,8,[]
5745,9,[]
5765,11,[]
5787,14,[]
5812,11,[]
5834,13,[]
5858,12,[]
5881,19,[]
5911,12,[]
5934,15,[]
5960,13,[]
5984,12,[]
6007,15,[]
6033,12,[]
6056,14,[]
6081,17,[]
6109,14,[]
6134,14,[]
6159,14,[]
6184,12,[]
6207,17,[]
6235,14,[]
6260,13,[]
6284,12,[]
6307,108,[]
6494,2,[]
6507,6,[]
6524,9,[]
6544,9,[]
6564,11,[]
6586,11,[]
6608,11,[]
6630,19,[]
6660,13,[]
6684,12,[]
6707,14,[]
6732,16,[]
6759,12,[]
6782,16,[]
6809,14,[]
6834,14,[]
6859,12,[]
6882,15,[]
6908,16,[]
6935,18,[]
6964,16,[]
6991,14,[]
7016,13,[]
7040,15,[]
7066,16,[]
7093,17,[]
7121,17,[]
7149,20,[]
7180,12,[]
7203,113,[]
7395,4,[]
7410,14,[]
7435,11,[]
7457,7,[]
7475,10,[]
7496,10,[]
7517,8,[]
7536,12,[]
7559,15,[]
7585,14,[]
7610,14,[]
7635,16,[]
7662,13,[]
7686,14,[]
7711,12,[]
7734,15,[]
7760,13,[]
7784,16,[]
7811,15,[]
7837,17,[]
7865,12,[]
7888,14,[]
7913,15,[]
7939,17,[]
7967,15,[]
7993,16,[]
8020,13,[]
8044,16,[]
8071,16,[]
8098,110,[]
8287,2,[]
8300,10,[]
8321,8,[]
8340,11,[]
8362,9,[]
8382,10,[]
8403,14,[]
8428,13,[]
8452,9,[]
8472,11,[]
8494,9,[]
8514,15,[]
8540,14,[]
8565,10,[]
8586,13,[]
8610,13,[]
8634,14,[]
8659,12,[]
8682,10,[]
8703,13,[]
8727,13,[]
8751,12,[]
8774,11,[]
8796,13,[]
8820,13,[]
8844,15,[]
8870,12,[]
8893,11,[]
8915,13,[]
0,60,[]
103,15,[]
129,16,[]
156,3,[]
170,13,[]
194,18,[]
223,19,[]
253,16,[]
280,20,[]
311,17,[]
339,15,[]
365,18,[]
394,19,[]
424,17,[]
452,19,[7, 8, 9, 10, 11, 12, 13, 14, 15, 16, 17, 18]
482,25,[]
518,15,[]
544,15,[]
570,15,[]
596,15,[]
622,17,[]
650,16,[]
677,17,[]
705,18,[]
734,16,[]
761,19,[]
791,16,[]
818,18,[]
847,17,[]
875,21,[]
907,96,[]
1046,17,[]
1074,18,[]
1103,21,[]
1135,16,[]
1162,14,[]
1187,17,[]
1215,16,[]
1242,17,[]
1270,15,[]
1296,15,[]
1322,16,[]
1349,12,[]
1372,13,[0, 1, 2, 3, 4, 5, 6, 7, 8, 9, 10, 11, 12]
1396,15,[]
1422,16,[]
1449,16,[]
1476,17,[]
1504,16,[]
1531,16,[]
1558,16,[]
1585,13,[]
1609,15,[]
1635,16,[]
1662,19,[5, 6, 7, 8, 9, 10, 11, 12, 13, 14, 15, 16]
1692,20,[]
1723,18,[]
1752,18,[]
1781,20,[]
1812,18,[]
1841,66,[]
1950,13,[]
1974,14,[]
1999,16,[]
2026,16,[]
2053,15,[]
2079,15,[]
2105,19,[]
2135,15,[]
2161,12,[]
2184,14,[]
2209,15,[]
2235,17,[]
2263,16,[]
2290,14,[]
2315,19,[]
2345,15,[]
2371,14,[2, 3, 4, 5, 6, 7, 8, 9, 10, 11, 12, 13]
2396,19,[]
2426,15,[]
2452,15,[]
2478,17,[]
2506,18,[]
2535,19,[]
2565,19,[]
2595,20,[]
2626,17,[]
2654,16,[]
2681,16,[0, 1, 2, 3, 4, 5, 6, 7, 8, 9, 10, 11, 12, 13]
2708,14,[]
2733,44,[]
2820,11,[]
2842,13,[]
2866,16,[]
2893,14,[]
2918,16,[]
2945,16,[]
2972,16,[]
2999,15,[]
3025,14,[]
3050,13,[]
3074,11,[]
3096,14,[]
3121,11,[]
3143,13,[]
3167,17,[]
3195,14,[]
3220,15,[]
3246,18,[]
3275,12,[]
3298,13,[]
3322,13,[]
3346,15,[]
3372,16,[]
3399,15,[]
3425,14,[]
3450,16,[]
3477,14,[]
3502,20,[]
3533,16,[]
3560,46,[]
3649,15,[]
3675,19,[]
3705,21,[]
3737,17,[]
3765,17,[]
3793,14,[]
3818,17,[]
3846,15,[]
3872,17,[]
3900,17,[0, 1, 2, 3, 4, 5, 6, 7, 8, 9, 10, 11]
3928,16,[]
3955,18,[]
3984,15,[]
4010,16,[]
4037,15,[]
4063,16,[]
4090,15,[]
4116,13,[]
4140,15,[]
4166,17,[]
4194,16,[]
4221,21,[]
4253,14,[]
4278,15,[]
4304,15,[]
4330,16,[]
4357,14,[]
4382,15,[]
4408,15,[]
4434,60,[]
4537,9,[]
4557,12,[]
4580,11,[]
4602,14,[]
4627,15,[]
4653,16,[]
4680,20,[]
4711,16,[]
4738,15,[]
4764,15,[]
4790,13,[]
4814,14,[]
4839,12,[]
4862,14,[]
4887,12,[0, 1, 2, 3, 4, 5, 6, 7, 8, 9, 10, 11]
4910,15,[]
4936,14,[]
4961,15,[]
4987,12,[]
5010,14,[]
5035,17,[]
5063,16,[]
5090,14,[]
5115,14,[]
5140,14,[]
5165,16,[]
5192,17,[]
5220,19,[]
5250,18,[]
5279,63,[]
5385,9,[]
5405,11,[]
5427,8,[]
5446,9,[]
5466,9,[]
5486,9,[]
5506,11,[]
5528,10,[]
5549,14,[]
5574,13,[]
5598,12,[]
5621,12,[]
5644,13,[]
5668,11,[]
5690,14,[]
5715,12,[]
5738,15,[]
5764,16,[]
5791,16,[]
5818,13,[]
5842,15,[]
5868,14,[]
5893,16,[]
5920,18,[]
5949,16,[]
5976,16,[]
6003,16,[]
6030,16,[]
6057,16,[]
6084,62,[]
6189,8,[]
6208,10,[]
6229,11,[]
6251,14,[]
6276,11,[]
6298,10,[]
6319,13,[]
6343,12,[]
6366,12,[]
6389,20,[]
6420,14,[]
6445,12,[]
6468,15,[0, 1, 2, 3, 4, 5, 6, 7, 8, 9, 10, 11, 12, 13, 14]
6494,14,[]
6519,16,[]
6546,18,[]
6575,17,[]
6603,18,[]
6632,15,[]
6658,15,[]
6684,16,[]
6711,17,[]
6739,16,[]
6766,15,[]
6792,16,[]
6819,17,[]
6847,17,[]
6875,18,[]
6904,17,[]
6932,46,[]
7021,14,[]
7046,3,[]
7060,15,[]
7086,14,[]
7111,12,[]
7134,11,[]
7156,12,[]
7179,15,[]
7205,14,[]
7230,14,[]
7255,13,[]
7279,12,[]
7302,13,[]
7326,13,[]
7350,16,[]
7377,13,[]
7401,13,[]
7425,13,[]
7449,13,[]
7473,13,[]
7497,14,[]
7522,16,[0, 1, 2, 3, 4, 5, 6, 7, 8, 9, 10, 11, 12, 13, 14, 15]
7549,13,[]
7573,15,[]
7599,15,[]
7625,16,[]
7652,14,[]
7677,15,[]
7703,19,[]
7733,46,[]
7822,7,[]
7840,9,[]
7860,11,[]
7882,10,[]
7903,13,[]
7927,11,[]
7949,11,[]
7971,12,[]
7994,11,[]
8016,10,[]
8037,11,[]
8059,10,[]
8080,12,[]
8103,10,[]
8124,13,[]
8148,11,[]
8170,11,[]
8192,12,[]
8215,14,[]
8240,13,[]
8264,15,[]
8290,14,[]
8315,15,[]
8341,16,[]
8368,15,[]
8394,15,[]
8420,12,[]
8443,13,[]
8467,14,[]
0,72,[]
195,1,[]
205,2,[]
216,2,[]
227,1,[]
237,19,[]
265,5,[]
279,6,[]
294,2,[]
305,3,[]
317,4,[]
330,19,[]
358,16,[]
383,9,[]
401,13,[]
423,4,[]
436,5,[]
450,4,[]
463,13,[]
485,4,[]
498,5,[]
512,11,[]
532,21,[]
562,8,[]
579,16,[]
604,34,[]
647,4,[]
660,13,[]
682,13,[]
704,36,[]
863,272,[]
1258,4,[]
1271,16,[]
1296,2,[]
1307,11,[]
1327,4,[]
1340,3,[]
1352,8,[]
1369,16,[]
1394,13,[]
1416,12,[]
1437,24,[]
1470,11,[]
1490,21,[]
1520,8,[]
1537,30,[]
1576,9,[]
1594,14,[]
1617,16,[6, 7, 8, 9, 10, 11, 12, 13, 14, 15]
1642,29,[]
1680,7,[]
1696,23,[]
1728,8,[]
1745,8,[]
1762,9,[]
1780,16,[]
1805,17,[]
1831,19,[]
1859,48,[]
2030,19,[]
2058,150,[]
2331,1,[]
2341,1,[]
2351,1,[]
2361,1,[]
2371,14,[]
2394,8,[]
2411,6,[]
2426,18,[]
2453,5,[]
2467,22,[]
2498,4,[]
2511,43,[]
2677,7,[]
2693,33,[21, 22, 23, 24, 25, 26, 27, 28, 29, 30, 31, 32]
2735,6,[]
2750,6,[]
2765,22,[]
2796,6,[]
2811,8,[]
2828,11,[]
2848,15,[]
2872,18,[]
2899,29,[]
2937,7,[]
2953,5,[]
2967,21,[]
2997,7,[]
3013,13,[]
3035,16,[]
3060,175,[]
3358,1,[]
3368,5,[]
3382,4,[]
3395,4,[]
3408,11,[]
3428,4,[]
3441,5,[]
3455,2,[]
3466,15,[0, 1, 2, 3, 4, 5, 6, 7, 8, 9, 10, 11, 12]
3490,6,[]
3505,7,[]
3521,10,[]
3540,9,[]
3558,22,[]
3589,8,[]
3606,19,[]
3634,11,[]
3654,29,[]
3692,8,[]
3709,19,[]
3737,12,[]
3758,12,[]
3779,16,[]
3804,14,[]
3827,18,[]
3854,14,[]
3877,22,[]
3908,4,[]
3921,16,[]
3946,183,[]
4252,1,[]
4262,8,[]
4279,6,[]
4294,4,[]
4307,8,[]
4324,13,[]
4346,6,[]
4361,8,[]
4378,7,[]
4394,9,[]
4412,13,[0, 1, 2, 3, 4, 5, 6, 7, 8, 9, 10, 11, 12]
4434,6,[]
4449,16,[]
4474,9,[]
4492,7,[]
4508,10,[]
4527,20,[]
4556,9,[]
4574,9,[]
4592,26,[]
4627,9,[]
4645,12,[]
4666,14,[]
4689,11,[]
4709,16,[]
4734,20,[]
4763,3,[]
4775,6,[]
4790,18,[]
4817,178,[]
5118,5,[]
5132,3,[]
5144,5,[]
5158,5,[]
5172,3,[]
5184,5,[]
5198,16,[]
5223,15,[]
5247,7,[]
5263,7,[]
5279,9,[]
5297,9,[]
5315,9,[]
5333,24,[]
5366,8,[]
5383,22,[]
5414,16,[]
5439,3,[]
5451,15,[]
5475,9,[]
5493,8,[]
5510,11,[]
5530,12,[0, 1, 2, 3, 4, 5, 6, 7, 8, 9, 10]
5551,13,[]
5573,18,[]
5600,36,[]
5759,7,[]
5775,21,[]
5805,7,[]
5821,144,[]
6088,1,[]
6098,8,[]
6115,2,[]
6126,4,[]
6139,14,[]
6162,6,[]
6177,8,[]
6194,9,[]
6212,18,[]
6239,6,[]
6254,7,[]
6270,9,[]
6288,19,[]
6316,17,[]
6342,6,[]
6357,7,[]
6373,12,[]
6394,12,[]
6415,13,[]
6437,24,[]
6470,4,[]
6483,8,[]
6500,22,[]
6531,9,[]
6549,28,[]
6586,2,[]
6597,10,[]
6616,12,[]
6637,8,[]
6654,163,[]
6940,16,[]
6965,6,[]
6980,6,[]
6995,9,[]
7013,8,[]
7030,12,[]
7051,6,[]
7066,16,[]
7091,6,[]
7106,8,[]
7123,17,[6, 7, 8, 9, 10, 11, 12, 13, 14, 15, 16]
7149,2,[]
7160,18,[]
7187,7,[]
7203,6,[]
7218,9,[]
7236,20,[]
7265,4,[]
7278,10,[]
7297,24,[]
7330,7,[]
7346,4,[]
7359,10,[]
7378,19,[]
7406,7,[]
7422,7,[]
7438,5,[]
7452,8,[]
7469,22,[]
7500,163,[]
7786,1,[]
7796,1,[]
7806,9,[]
7824,5,[]
7838,5,[]
7852,6,[]
7867,16,[]
7892,15,[]
7916,9,[]
7934,5,[]
7948,7,[]
7964,17,[]
7990,9,[]
8008,5,[]
8022,8,[]
8039,7,[]
8055,20,[9, 10, 11, 12, 13, 14, 15, 16, 17, 18, 19]
8084,8,[]
8101,9,[]
8119,10,[]
8138,9,[]
8156,10,[]
8175,25,[]
8209,2,[]
8220,21,[]
8250,8,[]
8267,8,[]
8284,7,[]
8300,10,[]
8319,178,[]
8620,1,[]
8630,9,[]
8648,5,[]
8662,15,[]
8686,3,[]
8698,4,[]
8711,6,[]
8726,7,[]
8742,9,[]
8760,7,[]
8776,10,[]
8795,8,[]
8812,70,[]
9005,15,[]
9029,6,[]
9044,19,[]
9072,8,[]
9089,10,[]
9108,9,[]
9126,19,[]
9154,8,[]
9171,22,[]
9202,9,[]
9220,10,[]
9239,9,[]
9257,9,[]
9275,11,[]
9295,9,[]
9313,9,[]
0,25,[]
37,6,[]
55,13,[]
80,22,[]
114,14,[]
140,17,[]
169,16,[]
197,16,[]
225,16,[]
253,15,[]
280,14,[]
306,15,[0, 1, 2, 3, 4, 5, 6, 7, 8, 9, 10, 11, 12, 13, 14]
333,14,[]
359,16,[]
387,14,[]
413,15,[]
440,17,[]
469,16,[]
497,15,[]
524,16,[]
552,15,[]
579,15,[]
606,13,[]
631,17,[]
660,14,[]
686,13,[]
711,15,[]
738,16,[]
766,11,[]
789,12,[]
813,59,[]
913,6,[]
931,10,[]
953,19,[]
984,8,[]
1004,16,[]
1032,15,[]
1059,9,[]
1080,11,[]
1103,11,[]
1126,12,[]
1150,11,[]
1173,16,[]
1201,10,[]
1223,15,[]
1250,11,[]
1273,9,[]
1294,11,[]
1317,11,[]
1340,10,[]
1362,12,[]
1386,12,[]
1410,13,[]
1435,13,[]
1460,19,[]
1491,15,[]
1518,16,[]
1546,18,[]
1576,17,[]
1605,17,[]
1634,67,[]
1742,9,[]
1763,13,[]
1788,19,[]
1819,15,[]
1846,13,[]
1871,16,[]
1899,13,[]
1924,17,[]
1953,15,[]
1980,15,[]
2007,14,[]
2033,13,[]
2058,14,[]
2084,13,[]
2109,14,[]
2135,14,[]
2161,15,[]
2188,14,[]
2214,17,[]
2243,15,[]
2270,17,[]
2299,14,[]
2325,15,[]
2352,15,[]
2379,16,[]
2407,14,[]
2433,17,[]
2462,14,[]
2488,15,[]
2515,51,[]
2607,9,[]
2628,11,[]
2651,21,[]
2684,13,[]
2709,15,[]
2736,15,[]
2763,13,[]
2788,15,[]
2815,15,[]
2842,16,[]
2870,15,[]
2897,15,[]
2924,12,[]
2948,14,[]
2974,14,[]
3000,18,[]
3030,14,[]
3056,16,[]
3084,18,[0, 1, 2, 3, 4, 5, 6, 7, 8, 9, 10, 11, 12, 13, 14, 15, 16, 17]
3114,20,[]
3146,17,[]
3175,16,[]
3203,20,[]
3235,21,[]
3268,19,[]
3299,17,[]
3328,16,[]
3356,16,[]
3384,13,[]
3409,42,[]
3492,11,[]
3515,16,[]
3543,19,[]
3574,13,[]
3599,12,[]
3623,14,[]
3649,15,[]
3676,16,[]
3704,15,[]
3731,15,[]
3758,14,[]
3784,16,[]
3812,15,[]
3839,14,[]
3865,16,[]
3893,15,[]
3920,16,[]
3948,15,[]
3975,20,[]
4007,19,[]
4038,22,[]
4072,19,[]
4103,23,[]
4138,18,[]
4168,20,[]
4200,16,[]
4228,20,[]
4260,16,[]
4288,16,[]
4316,56,[]
4413,9,[]
4434,11,[]
4457,20,[]
4489,14,[]
4515,14,[]
4541,12,[]
4565,14,[]
4591,15,[]
4618,14,[]
4644,14,[]
4670,13,[]
4695,14,[]
4721,15,[]
4748,14,[]
4774,17,[]
4803,14,[]
4829,20,[]
4861,16,[]
4889,18,[]
4919,16,[]
4947,18,[]
4977,15,[]
5004,16,[]
5032,14,[]
5058,16,[]
5086,15,[]
5113,18,[]
5143,19,[]
5174,21,[]
5207,56,[]
5304,11,[]
5327,13,[0, 1, 2, 3, 4, 5, 6, 7, 8, 9, 10, 11, 12]
5352,22,[]
5386,13,[]
5411,16,[]
5439,16,[]
5467,18,[]
5497,17,[]
5526,17,[]
5555,16,[]
5583,18,[]
5613,15,[]
5640,18,[]
5670,15,[]
5697,17,[]
5726,14,[]
5752,16,[]
5780,18,[]
5810,19,[]
5841,15,[]
5868,17,[]
5897,16,[]
5925,18,[]
5955,15,[]
5982,16,[]
6010,16,[]
6038,20,[]
6070,15,[]
6097,17,[]
6126,57,[]
6224,10,[]
6246,13,[]
6271,18,[]
6301,18,[]
6331,15,[]
6358,18,[]
6388,17,[]
6417,16,[]
6445,16,[]
6473,16,[]
6501,13,[]
6526,15,[]
6553,13,[]
6578,14,[]
6604,15,[]
6631,15,[]
6658,13,[]
6683,14,[]
6709,14,[]
6735,16,[]
6763,15,[]
6790,14,[]
6816,15,[]
6843,16,[0, 1, 2, 3, 4, 5, 6, 7, 8, 9, 10, 11, 12, 13, 14, 15]
6871,14,[]
6897,14,[]
6923,13,[]
6948,15,[]
6975,15,[]
7002,60,[]
7103,9,[]
7124,14,[]
7150,20,[]
7182,16,[]
7210,17,[]
7239,16,[]
7267,15,[]
7294,17,[]
7323,14,[]
7349,16,[]
7377,12,[]
7401,18,[]
7431,15,[]
7458,14,[]
7484,15,[]
7511,16,[]
7539,14,[]
7565,14,[]
7591,14,[]
7617,17,[]
7646,16,[]
7674,18,[]
7704,15,[]
7731,17,[]
7760,18,[]
7790,19,[]
7821,17,[]
7850,19,[]
7881,17,[]
7910,77,[]
8028,12,[]
8052,16,[]
8080,21,[]
8113,16,[]
8141,14,[]
8167,17,[]
8196,16,[]
8224,13,[]
8249,13,[]
8274,12,[]
8298,13,[]
8323,13,[]
8348,12,[]
8372,12,[]
8396,13,[]
8421,13,[]
8446,13,[]
8471,14,[]
8497,14,[]
8523,14,[]
8549,15,[]
8576,17,[]
8605,18,[0, 1, 2, 3, 4, 5, 6, 7, 8, 9, 10, 11, 12, 13]
8635,16,[]
8663,15,[]
8690,15,[]
8717,18,[]
8747,14,[]
8773,17,[]
0,18,[]
30,1,[]
43,9,[]
64,12,[]
88,10,[]
110,7,[]
129,9,[]
150,9,[]
171,11,[]
194,10,[]
216,10,[]
238,9,[]
259,10,[]
281,12,[]
305,18,[]
335,19,[]
366,19,[]
397,17,[3, 4, 5, 6, 7, 8, 9, 10, 11, 12, 13, 14, 15, 16]
426,17,[]
455,16,[]
483,21,[]
516,14,[]
542,18,[]
572,7,[]
591,11,[]
614,14,[]
640,18,[]
670,19,[0, 1, 2, 3, 4, 5, 6, 7, 8, 9, 10, 11, 12, 13, 14, 15, 16, 17, 18]
701,23,[]
736,13,[]
761,82,[]
884,9,[]
905,10,[]
927,7,[]
946,7,[]
965,13,[]
990,18,[]
1020,13,[]
1045,16,[]
1073,15,[]
1100,15,[]
1127,15,[]
1154,15,[]
1181,15,[]
1208,14,[]
1234,18,[]
1264,16,[0, 1, 2, 3, 4, 5, 6, 7, 8, 9, 10, 11, 12, 13, 14, 15]
1292,17,[]
1321,14,[]
1347,17,[]
1376,14,[]
1402,13,[]
1427,17,[]
1456,16,[]
1484,16,[]
1512,17,[]
1541,15,[]
1568,16,[]
1596,17,[]
1625,17,[]
1654,63,[]
1758,10,[]
1780,21,[]
1813,14,[]
1839,16,[]
1867,16,[]
1895,20,[]
1927,19,[]
1958,20,[]
1990,18,[]
2020,19,[]
2051,22,[]
2085,16,[]
2113,17,[]
2142,16,[]
2170,20,[]
2202,11,[]
2225,16,[]
2253,20,[]
2285,23,[]
2320,21,[]
2353,20,[]
2385,20,[]
2417,19,[]
2448,24,[]
2484,23,[]
2519,24,[]
2555,22,[]
2589,21,[]
2622,20,[]
2654,60,[]
2755,18,[]
2785,25,[]
2822,15,[]
2849,15,[]
2876,19,[]
2907,24,[]
2943,18,[]
2973,20,[]
3005,20,[]
3037,18,[]
3067,17,[]
3096,17,[]
3125,21,[]
3158,18,[]
3188,20,[]
3220,16,[]
3248,18,[]
3278,18,[]
3308,19,[]
3339,15,[]
3366,19,[]
3397,19,[]
3428,16,[]
3456,18,[]
3486,16,[]
3514,16,[]
3542,18,[]
3572,15,[]
3599,17,[]
3628,54,[]
3723,8,[]
3743,15,[]
3770,11,[]
3793,16,[]
3821,12,[]
3845,12,[]
3869,11,[]
3892,13,[]
3917,14,[]
3943,9,[]
3964,12,[]
3988,10,[]
4010,10,[]
4032,10,[]
4054,10,[]
4076,12,[]
4100,6,[]
4118,8,[]
4138,9,[]
4159,10,[]
4181,9,[]
4202,9,[]
4223,10,[]
4245,13,[]
4270,13,[]
4295,15,[]
4322,14,[]
4348,15,[]
4375,14,[]
4401,62,[]
4504,11,[]
4527,12,[]
4551,20,[]
4583,14,[]
4609,17,[]
4638,15,[]
4665,14,[]
4691,17,[]
4720,16,[]
4748,16,[]
4776,15,[]
4803,16,[]
4831,18,[]
4861,18,[]
4891,18,[]
4921,18,[]
4951,23,[]
4986,15,[]
5013,16,[]
5041,18,[]
5071,17,[]
5100,19,[1, 2, 3, 4, 5, 6, 7, 8, 9, 10, 11, 12, 13, 14, 15, 16, 17, 18]
5131,20,[]
5163,18,[]
5193,16,[]
5221,16,[]
5249,17,[]
5278,18,[]
5308,19,[]
5339,65,[]
5445,11,[]
5468,15,[]
5495,24,[]
5531,16,[]
5559,18,[]
5589,17,[]
5618,17,[]
5647,17,[]
5676,19,[]
5707,16,[]
5735,17,[]
5764,18,[]
5794,18,[]
5824,17,[]
5853,17,[]
5882,13,[]
5907,13,[]
5932,18,[]
5962,15,[]
5989,15,[]
6016,16,[]
6044,13,[]
6069,14,[]
6095,16,[]
6123,16,[]
6151,15,[]
6178,17,[]
6207,17,[]
6236,15,[]
6263,49,[]
6353,11,[]
6376,13,[]
6401,22,[]
6435,13,[]
6460,16,[]
6488,17,[]
6517,18,[]
6547,20,[]
6579,19,[]
6610,20,[]
6642,20,[]
6674,20,[]
6706,19,[]
6737,17,[]
6766,17,[]
6795,17,[]
6824,16,[]
6852,14,[]
6878,13,[]
6903,18,[]
6933,15,[]
6960,15,[]
6987,16,[]
7015,15,[]
7042,15,[]
7069,13,[]
7094,16,[]
7122,14,[]
7148,18,[]
7178,47,[]
7266,12,[]
7290,13,[]
7315,20,[]
7347,12,[]
7371,16,[]
7399,14,[]
7425,14,[]
7451,14,[]
7477,13,[]
7502,15,[]
7529,14,[]
7555,15,[]
7582,15,[]
7609,15,[]
7636,13,[]
7661,13,[]
7686,15,[]
7713,13,[]
7738,16,[]
7766,14,[]
7792,11,[]
7815,14,[]
7841,11,[]
7864,11,[]
7887,12,[]
7911,12,[]
7935,12,[]
7959,15,[]
7986,14,[]
8012,44,[]
8097,9,[]
8118,12,[]
8142,15,[]
8169,11,[]
8192,11,[]
8215,11,[]
8238,12,[]
8262,9,[]
8283,11,[]
8306,11,[]
8329,13,[]
8354,10,[]
8376,9,[]
8397,11,[]
8420,13,[]
8445,12,[]
8469,14,[]
8495,14,[]
8521,14,[]
8547,14,[]
8573,14,[]
8599,14,[]
8625,14,[]
8651,12,[]
8675,13,[]
8700,12,[]
8724,14,[]
8750,13,[]
8775,14,[]
0,17,[]
28,2,[]
41,8,[]
60,8,[]
79,9,[]
99,7,[]
117,6,[]
134,6,[]
151,7,[]
169,7,[]
187,6,[]
204,6,[]
221,7,[]
239,8,[]
258,15,[]
284,14,[]
309,20,[]
340,14,[]
365,11,[]
387,8,[]
406,16,[]
433,15,[]
459,15,[]
485,18,[]
514,25,[]
550,10,[]
571,13,[]
595,17,[]
623,11,[]
645,10,[]
666,105,[]
825,7,[]
843,1,[]
855,3,[]
869,4,[]
884,8,[]
903,7,[]
921,9,[]
941,11,[]
963,7,[]
981,14,[]
1006,17,[]
1034,20,[]
1065,19,[]
1095,10,[]
1116,23,[]
1150,24,[]
1185,22,[]
1218,21,[]
1250,18,[]
1279,18,[]
1308,9,[]
1328,18,[]
1357,18,[]
1386,17,[]
1414,15,[]
1440,12,[]
1463,15,[]
1489,16,[]
1516,15,[]
1542,83,[]
1679,9,[]
1699,14,[]
1724,6,[]
1741,15,[]
1767,14,[]
1792,14,[]
1817,13,[]
1841,12,[]
1864,14,[]
1889,15,[]
1915,13,[]
1939,17,[]
1967,18,[]
1996,19,[]
2026,10,[]
2047,20,[]
2078,15,[]
2104,14,[]
2129,18,[]
2158,7,[]
2176,16,[]
2203,17,[]
2231,16,[]
2258,17,[]
2286,16,[]
2313,17,[]
2341,11,[]
2363,14,[]
2388,17,[]
2416,81,[]
2551,12,[]
2574,4,[]
2589,18,[]
2618,19,[]
2648,16,[]
2675,27,[]
2713,17,[]
2741,21,[]
2773,8,[]
2792,20,[]
2823,23,[0, 1, 2, 3, 4, 5, 6, 7, 8, 9, 10, 11, 12, 13, 14, 15, 16, 17, 18, 19, 20, 21, 22]
2857,26,[]
2894,11,[]
2916,26,[]
2953,23,[]
2987,24,[]
3022,19,[]
3052,24,[]
3087,24,[]
3122,12,[]
3145,24,[]
3180,22,[]
3213,22,[]
3246,18,[]
3275,11,[]
3297,19,[]
3327,22,[]
3360,18,[]
3389,19,[]
3419,95,[]
3568,15,[]
3594,17,[]
3622,8,[]
3641,21,[]
3673,21,[]
3705,23,[]
3739,26,[]
3776,8,[]
3795,25,[]
3831,24,[]
3866,23,[]
3900,29,[]
3940,22,[]
3973,23,[]
4007,6,[]
4024,25,[]
4060,23,[1, 2, 3, 4, 5, 6, 7, 8, 9, 10, 11, 12]
4094,25,[]
4130,5,[]
4146,22,[]
4179,24,[]
4214,27,[]
4252,22,[]
4285,20,[]
4316,22,[]
4349,10,[]
4370,24,[]
4405,20,[]
4436,20,[]
4467,88,[]
4609,1,[]
4621,12,[]
4644,13,[]
4668,14,[]
4693,15,[]
4719,15,[]
4745,15,[]
4771,15,[]
4797,9,[]
4817,15,[]
4843,16,[]
4870,18,[]
4899,8,[]
4918,18,[]
4947,16,[]
4974,16,[]
5001,15,[]
5027,21,[]
5059,14,[]
5084,8,[]
5103,15,[]
5129,15,[]
5155,12,[]
5178,13,[]
5202,12,[0, 1, 2, 3, 4, 5, 6, 7, 8, 9, 10, 11]
5225,7,[]
5243,12,[]
5266,13,[]
5290,13,[]
5314,74,[]
5442,9,[]
5462,11,[]
5484,5,[]
5500,14,[]
5525,12,[]
5548,13,[]
5572,15,[]
5598,7,[]
5616,16,[]
5643,14,[]
5668,15,[]
5694,15,[]
5720,14,[]
5745,15,[]
5771,10,[]
5792,16,[]
5819,15,[]
5845,13,[]
5869,14,[]
5894,9,[]
5914,13,[]
5938,13,[]
5962,15,[]
5988,17,[]
6016,14,[]
6041,14,[]
6066,10,[]
6087,13,[]
6111,13,[]
6135,54,[]
6243,6,[]
6260,6,[]
6277,10,[]
6298,11,[]
6320,10,[]
6341,13,[]
6365,12,[]
6388,12,[]
6411,9,[]
6431,13,[]
6455,11,[]
6477,13,[0, 1, 2, 3, 4, 5, 6, 7, 8, 9, 10, 11, 12]
6501,12,[]
6524,8,[]
6543,12,[]
6566,13,[]
6590,12,[]
6613,12,[]
6636,10,[]
6657,12,[]
6680,10,[]
6701,13,[]
6725,13,[]
6749,13,[]
6773,12,[]
6796,7,[]
6814,12,[]
6837,13,[]
6861,12,[]
6884,61,[]
6999,7,[]
7017,8,[]
7036,7,[]
7054,9,[]
7074,10,[]
7095,11,[]
7117,13,[]
7141,7,[]
7159,13,[]
7183,13,[]
7207,13,[]
7231,12,[]
7254,11,[]
7276,12,[]
7299,9,[]
7319,11,[]
7341,11,[]
7363,14,[]
7388,12,[]
7411,4,[]
7426,11,[]
7448,12,[]
7471,11,[]
7493,11,[]
7515,10,[]
7536,11,[]
7558,5,[]
7574,12,[]
7597,12,[]
7620,75,[]
7749,8,[]
7768,4,[]
7783,11,[]
7805,13,[]
7829,12,[]
7852,20,[0, 1, 2, 3, 4, 5, 6, 7, 8, 9, 10, 11, 12, 13, 14, 15, 16, 17]
7883,14,[]
7908,15,[]
7934,4,[]
7949,14,[]
7974,13,[]
7998,15,[]
8024,14,[]
8049,9,[]
8069,14,[]
8094,15,[]
8120,12,[]
8143,13,[]
8167,13,[]
8191,15,[]
8217,10,[]
8238,13,[]
8262,15,[]
8288,15,[]
8314,17,[]
8342,5,[]
8358,17,[]
8386,19,[]
8416,9,[]
0,19,[]
31,7,[]
50,12,[]
74,13,[]
99,14,[]
125,13,[]
150,19,[]
181,10,[]
203,14,[]
229,11,[]
252,13,[]
277,12,[]
301,13,[]
326,11,[]
349,11,[]
372,12,[]
396,15,[]
423,13,[]
448,21,[0, 1, 2, 3, 4, 5, 6, 7, 8, 9, 10, 11, 12, 13, 14, 15, 16, 17]
481,23,[]
516,23,[]
551,17,[]
580,21,[]
613,14,[]
639,15,[]
666,18,[]
696,15,[]
723,12,[]
747,14,[]
773,17,[]
802,75,[]
917,17,[]
946,10,[]
968,11,[]
991,10,[]
1013,13,[]
1038,17,[]
1067,14,[]
1093,16,[]
1121,13,[]
1146,13,[]
1171,12,[]
1195,15,[]
1222,12,[]
1246,13,[]
1271,12,[]
1295,14,[]
1321,16,[]
1349,15,[]
1376,12,[]
1400,16,[]
1428,13,[]
1453,15,[]
1480,14,[]
1506,14,[]
1532,12,[]
1556,13,[]
1581,16,[]
1609,14,[]
1635,13,[]
1660,72,[]
1772,7,[]
1791,11,[]
1814,13,[]
1839,13,[]
1864,12,[]
1888,15,[]
1915,13,[]
1940,14,[]
1966,13,[]
1991,12,[]
2015,13,[]
2040,15,[]
2067,13,[]
2092,13,[]
2117,14,[]
2143,16,[]
2171,14,[]
2197,14,[]
2223,14,[]
2249,17,[]
2278,13,[]
2303,16,[]
2331,14,[]
2357,16,[]
2385,14,[]
2411,15,[]
2438,13,[]
2463,15,[]
2490,11,[]
2513,72,[]
2625,7,[]
2644,11,[]
2667,10,[]
2689,15,[]
2716,13,[]
2741,15,[]
2768,15,[]
2795,19,[]
2826,17,[]
2855,19,[]
2886,18,[]
2916,20,[]
2948,18,[]
2978,20,[]
3010,17,[]
3039,21,[]
3072,18,[]
3102,24,[]
3138,14,[]
3164,18,[]
3194,19,[]
3225,17,[]
3254,19,[]
3285,18,[]
3315,16,[]
3343,18,[]
3373,17,[]
3402,18,[]
3432,17,[]
3461,60,[]
3561,13,[]
3586,16,[]
3614,15,[]
3641,18,[]
3671,18,[]
3701,19,[]
3732,18,[]
3762,20,[]
3794,15,[]
3821,19,[]
3852,16,[]
3880,18,[]
3910,15,[]
3937,16,[]
3965,16,[]
3993,19,[]
4024,16,[]
4052,18,[]
4082,17,[]
4111,20,[]
4143,18,[]
4173,16,[]
4201,15,[]
4228,18,[]
4258,16,[]
4286,17,[]
4315,17,[]
4344,19,[]
4375,18,[]
4405,53,[]
4498,15,[]
4525,20,[]
4557,20,[]
4589,22,[]
4623,19,[]
4654,21,[]
4687,22,[3, 4, 9, 10, 11, 12, 13, 14, 15, 16, 17, 18, 19, 20, 21]
4721,20,[]
4753,19,[]
4784,24,[]
4820,21,[]
4853,20,[]
4885,22,[]
4919,19,[]
4950,21,[]
4983,22,[]
5017,19,[]
5048,20,[]
5080,18,[]
5110,21,[]
5143,17,[]
5172,20,[]
5204,19,[]
5235,20,[]
5267,20,[]
5299,20,[]
5331,17,[]
5360,19,[]
5391,18,[]
5421,60,[]
5521,10,[]
5543,15,[]
5570,14,[]
5596,17,[]
5625,15,[0, 1, 2, 3, 4, 5, 6, 7, 8, 9, 10, 11, 12, 13]
5652,16,[]
5680,16,[]
5708,17,[]
5737,15,[]
5764,16,[]
5792,15,[]
5819,13,[]
5844,14,[]
5870,16,[]
5898,15,[]
5925,15,[]
5952,16,[]
5980,16,[]
6008,15,[]
6035,17,[]
6064,16,[]
6092,15,[]
6119,14,[]
6145,16,[]
6173,14,[]
6199,14,[]
6225,15,[]
6252,18,[]
6282,15,[]
6309,38,[]
6387,9,[]
6408,12,[]
6432,12,[]
6456,13,[]
6481,14,[]
6507,14,[]
6533,14,[]
6559,15,[]
6586,13,[0, 1, 2, 3, 4, 5, 6, 7, 8, 9, 10, 11, 12]
6611,14,[]
6637,13,[]
6662,14,[]
6688,13,[]
6713,13,[]
6738,13,[]
6763,14,[]
6789,13,[]
6814,13,[]
6839,13,[]
6864,14,[]
6890,14,[]
6916,14,[]
6942,13,[]
6967,16,[]
6995,14,[]
7021,15,[]
7048,13,[]
7073,15,[]
7100,13,[]
7125,39,[]
7204,10,[]
7226,11,[]
7249,12,[]
7273,13,[]
7298,13,[]
7323,13,[]
7348,15,[]
7375,14,[]
7401,14,[]
7427,16,[]
7455,13,[]
7480,16,[]
7508,15,[]
7535,15,[]
7562,13,[]
7587,15,[]
7614,14,[]
7640,15,[]
7667,14,[]
7693,16,[]
7721,13,[]
7746,15,[]
7773,16,[]
7801,17,[]
7830,15,[]
7857,17,[]
7886,15,[]
7913,16,[]
7941,14,[]
7967,49,[]
8056,9,[]
8077,12,[]
8101,12,[]
8125,15,[]
8152,14,[]
8178,14,[]
8204,12,[]
8228,16,[]
8256,12,[]
8280,15,[]
8307,14,[]
8333,14,[]
8359,16,[]
8387,16,[]
8415,14,[]
8441,17,[]
8470,16,[]
8498,16,[]
8526,14,[]
8552,16,[]
8580,15,[]
8607,15,[]
8634,14,[]
8660,17,[]
8689,15,[]
8716,16,[]
8744,14,[]
8770,18,[]
8800,16,[]
0,21,[]
32,3,[]
46,8,[]
65,12,[]
88,12,[]
111,11,[]
133,10,[]
154,8,[]
173,10,[]
194,8,[]
213,9,[]
233,9,[]
253,10,[]
274,8,[]
293,10,[]
314,9,[]
334,9,[]
354,12,[]
377,17,[]
405,16,[]
432,18,[]
461,15,[]
487,15,[]
513,13,[]
537,12,[]
560,22,[]
593,13,[]
617,14,[]
642,15,[]
668,12,[]
691,83,[]
815,10,[]
836,6,[]
853,7,[]
871,7,[]
889,9,[]
909,11,[]
931,12,[]
954,14,[]
979,14,[]
1004,14,[]
1029,15,[]
1055,13,[]
1079,10,[]
1100,12,[]
1123,13,[]
1147,13,[]
1171,17,[]
1199,17,[]
1227,19,[]
1257,21,[]
1289,19,[]
1319,19,[]
1349,18,[]
1378,21,[]
1410,23,[]
1444,22,[]
1477,21,[]
1509,24,[]
1544,26,[]
1581,79,[]
1701,23,[]
1735,25,[]
1771,25,[]
1807,24,[0, 1, 2, 3, 4, 5, 6, 7, 8, 9, 10, 11, 12, 13]
1842,21,[]
1874,19,[]
1904,18,[]
1933,20,[]
1964,18,[0, 1, 2, 3, 4, 5, 6, 7, 8, 9, 10, 11, 12, 13]
1993,21,[]
2025,26,[]
2062,24,[]
2097,21,[]
2129,23,[]
2163,25,[]
2199,23,[]
2233,21,[]
2265,18,[]
2294,21,[0, 1, 2, 3, 4, 5, 6, 7, 8, 9, 10, 11, 12, 13, 14, 15, 16, 17, 18, 19]
2326,20,[]
2357,23,[]
2391,19,[]
2421,20,[]
2452,23,[]
2486,22,[]
2519,23,[]
2553,21,[]
2585,22,[5, 7, 8, 9, 10, 11, 12, 13, 14, 15, 16, 17, 18, 19, 20, 21]
2618,19,[]
2648,58,[]
2747,16,[]
2774,17,[0, 1, 2, 3, 4, 5, 6, 7, 8, 9, 10, 11, 12, 13]
2802,18,[]
2831,21,[]
2863,19,[]
2893,19,[]
2923,19,[]
2953,19,[]
2983,22,[]
3016,18,[]
3045,21,[]
3077,19,[]
3107,19,[]
3137,18,[]
3166,16,[]
3193,17,[]
3221,15,[]
3247,15,[]
3273,16,[]
3300,17,[]
3328,13,[]
3352,13,[]
3376,13,[]
3400,14,[]
3425,15,[]
3451,15,[]
3477,14,[]
3502,16,[]
3529,14,[]
3554,60,[]
3655,9,[]
3675,10,[]
3696,9,[]
3716,10,[]
3737,10,[]
3758,10,[]
3779,18,[]
3808,10,[]
3829,7,[]
3847,8,[]
3866,9,[]
3886,11,[]
3908,11,[]
3930,10,[]
3951,11,[]
3973,13,[]
3997,12,[]
4020,12,[]
4043,11,[]
4065,12,[]
4088,11,[]
4110,13,[]
4134,13,[]
4158,14,[]
4183,14,[]
4208,15,[]
4234,14,[]
4259,13,[]
4283,15,[]
4309,56,[]
4406,9,[]
4426,11,[]
4448,12,[]
4471,13,[]
4495,14,[]
4520,14,[]
4545,11,[]
4567,13,[]
4591,14,[]
4616,15,[]
4642,14,[]
4667,13,[]
4691,15,[]
4717,15,[]
4743,14,[]
4768,14,[]
4793,15,[]
4819,14,[]
4844,16,[]
4871,15,[]
4897,14,[]
4922,14,[]
4947,14,[]
4972,13,[]
4996,13,[]
5020,14,[]
5045,13,[]
5069,12,[]
5092,15,[]
5118,48,[]
5207,10,[]
5228,12,[]
5251,11,[]
5273,12,[]
5296,12,[]
5319,12,[]
5342,13,[]
5366,12,[]
5389,12,[]
5412,13,[]
5436,12,[]
5459,14,[]
5484,13,[]
5508,13,[]
5532,13,[]
5556,15,[]
5582,13,[]
5606,12,[]
5629,10,[]
5650,13,[]
5674,12,[]
5697,12,[]
5720,14,[]
5745,12,[]
5768,13,[]
5792,14,[]
5817,14,[]
5842,14,[]
5867,12,[]
5890,47,[]
5978,7,[]
5996,9,[]
6016,11,[]
6038,12,[]
6061,11,[]
6083,12,[]
6106,13,[]
6130,12,[]
6153,12,[]
6176,12,[]
6199,11,[]
6221,12,[]
6244,11,[]
6266,13,[]
6290,13,[]
6314,14,[]
6339,12,[]
6362,12,[]
6385,18,[]
6414,10,[]
6435,11,[]
6457,10,[]
6478,10,[]
6499,11,[]
6521,12,[]
6544,13,[]
6568,14,[]
6593,12,[]
6616,14,[]
6641,43,[]
6725,11,[]
6747,12,[]
6770,13,[]
6794,14,[]
6819,15,[]
6845,14,[]
6870,14,[]
6895,15,[]
6921,16,[]
6948,18,[]
6977,18,[]
7006,16,[]
7033,16,[]
7060,16,[]
7087,17,[]
7115,18,[]
7144,21,[]
7176,19,[]
7206,19,[]
7236,19,[]
7266,20,[]
7297,19,[]
7327,16,[]
7354,17,[]
7382,16,[]
7409,15,[]
7435,15,[]
7461,17,[]
7489,15,[]
7515,55,[]
7611,9,[]
7631,9,[]
7651,10,[]
7672,13,[]
7696,12,[]
7719,13,[]
7743,13,[]
7767,15,[]
7793,17,[]
7821,17,[]
7849,17,[]
7877,15,[]
7903,17,[]
7931,20,[]
7962,19,[]
7992,19,[]
8022,17,[]
8050,18,[]
8079,19,[]
8109,17,[]
8137,18,[]
8166,17,[]
8194,18,[]
8223,18,[]
8252,17,[0, 1, 2, 3, 4, 5, 6, 7, 8, 9, 10, 11, 12, 13, 14, 15, 16]
8280,17,[]
8308,17,[]
8336,16,[]
8363,7,[]
0,27,[]
39,7,[]
58,8,[]
78,8,[]
98,8,[]
118,8,[]
138,13,[]
163,9,[]
184,10,[]
206,11,[]
229,9,[]
250,8,[]
270,8,[]
290,8,[]
310,7,[]
329,9,[]
350,17,[]
379,14,[]
405,15,[]
432,13,[]
457,9,[]
478,14,[]
504,16,[]
532,20,[0, 1, 2, 3, 4, 5, 6, 7, 8, 9, 10, 11, 12, 13, 14, 15]
564,16,[]
592,12,[]
616,15,[]
643,17,[]
672,20,[]
704,17,[]
733,84,[]
858,14,[]
884,11,[]
907,10,[]
929,8,[]
949,11,[]
972,11,[]
995,12,[]
1019,16,[0, 1, 2, 3, 4, 5, 6, 7, 8, 9, 10, 11, 12, 13, 14, 15]
1047,14,[]
1073,14,[]
1099,13,[]
1124,15,[]
1151,14,[]
1177,15,[]
1204,14,[]
1230,16,[]
1258,15,[]
1285,14,[]
1311,14,[]
1337,16,[]
1365,14,[]
1391,15,[]
1418,14,[]
1444,15,[]
1471,13,[]
1496,14,[]
1522,12,[]
1546,15,[]
1573,12,[]
1597,58,[]
1696,9,[]
1717,11,[]
1740,12,[]
1764,15,[]
1791,13,[]
1816,15,[]
1843,13,[]
1868,16,[]
1896,14,[]
1922,15,[]
1949,15,[]
1976,17,[]
2005,16,[]
2033,16,[]
2061,14,[]
2087,19,[]
2118,13,[]
2143,18,[]
2173,12,[]
2197,16,[]
2225,15,[]
2252,17,[]
2281,19,[]
2312,21,[]
2345,22,[]
2379,23,[]
2414,23,[]
2449,20,[]
2481,20,[0, 1, 2, 3, 4, 5, 6, 7, 8, 9, 10, 11, 12]
2513,68,[]
2622,18,[]
2652,19,[]
2683,18,[]
2713,19,[]
2744,19,[]
2775,17,[]
2804,20,[]
2836,23,[]
2871,20,[]
2903,21,[]
2936,20,[]
2968,20,[]
3000,21,[]
3033,19,[]
3064,22,[]
3098,20,[]
3130,19,[]
3161,26,[]
3199,18,[]
3229,22,[]
3263,21,[]
3296,24,[]
3332,22,[]
3366,25,[5, 6, 7, 8, 9, 10, 11, 12, 13, 14, 15, 16, 17, 18, 19, 20, 21, 22, 23]
3403,26,[]
3441,25,[]
3478,24,[]
3514,24,[]
3550,21,[]
3583,69,[]
3693,13,[]
3718,13,[]
3743,13,[]
3768,16,[]
3796,14,[]
3822,16,[]
3850,15,[]
3877,15,[]
3904,18,[]
3934,18,[]
3964,19,[]
3995,17,[]
4024,18,[]
4054,18,[]
4084,17,[]
4113,14,[]
4139,13,[]
4164,13,[]
4189,13,[]
4214,14,[]
4240,13,[]
4265,13,[]
4290,15,[]
4317,14,[]
4343,14,[]
4369,12,[]
4393,12,[]
4417,12,[]
4441,11,[]
4464,66,[]
4571,10,[]
4593,13,[]
4618,11,[]
4641,14,[]
4667,14,[]
4693,16,[]
4721,15,[]
4748,18,[]
4778,18,[]
4808,19,[]
4839,18,[]
4869,16,[]
4897,15,[]
4924,16,[]
4952,15,[]
4979,15,[]
5006,13,[]
5031,14,[]
5057,12,[]
5081,14,[]
5107,15,[]
5134,17,[]
5163,20,[]
5195,18,[]
5225,18,[]
5255,17,[]
5284,18,[]
5314,17,[]
5343,17,[]
5372,40,[]
5453,14,[]
5479,14,[]
5505,14,[]
5531,14,[]
5557,12,[]
5581,13,[]
5606,12,[]
5630,12,[]
5654,11,[]
5677,11,[]
5700,9,[]
5721,10,[]
5743,21,[]
5776,27,[]
5815,25,[]
5852,10,[]
5874,14,[]
5900,17,[]
5929,18,[]
5959,22,[]
5993,17,[]
6022,17,[]
6051,19,[]
6082,17,[]
6111,18,[]
6141,17,[]
6170,17,[]
6199,16,[]
6227,15,[]
6254,34,[]
6300,9,[]
6321,10,[]
6343,10,[]
6365,11,[]
6388,11,[]
6411,20,[]
6443,21,[]
6476,20,[]
6508,9,[]
6529,12,[]
6553,25,[]
6590,9,[]
6611,8,[]
6631,23,[]
6666,9,[]
6687,13,[]
6712,26,[]
6750,8,[]
6770,10,[]
6792,11,[]
6815,9,[]
6836,14,[0, 1, 2, 3, 4, 5, 6, 7, 8, 9, 10, 11, 12, 13]
6862,11,[]
6885,12,[]
6909,11,[]
6932,12,[]
6956,11,[]
6979,11,[]
7002,10,[]
7024,42,[]
7107,7,[]
7126,9,[]
7147,11,[]
7170,10,[]
7192,12,[]
7216,10,[]
7238,14,[]
7264,11,[]
7287,13,[0, 1, 2, 3, 4, 5, 6, 7, 8, 9, 10, 11, 12]
7312,13,[]
7337,14,[]
7363,15,[]
7390,14,[]
7416,13,[]
7441,15,[]
7468,12,[]
7492,14,[]
7518,11,[]
7541,14,[]
7567,13,[]
7592,16,[]
7620,5,[]
7637,17,[]
7666,17,[]
7695,20,[]
7727,17,[]
7756,21,[]
7789,21,[]
7822,18,[]
7852,57,[]
7950,13,[]
7975,14,[]
8001,14,[]
8027,15,[]
8054,12,[]
8078,16,[]
8106,13,[]
8131,14,[]
8157,16,[]
8185,16,[]
8213,21,[]
8246,16,[]
8274,17,[]
8303,15,[]
8330,16,[]
8358,16,[]
8386,15,[]
8413,14,[]
8439,15,[]
8466,14,[]
8492,15,[]
8519,15,[]
8546,14,[]
8572,14,[]
8598,14,[]
8624,15,[]
8651,14,[]
8677,15,[]
8704,15,[]
0,29,[]
40,8,[]
59,14,[]
84,16,[]
111,16,[]
138,16,[]
165,17,[]
193,16,[]
220,17,[]
248,16,[]
275,17,[]
303,16,[]
330,19,[]
360,15,[]
386,17,[]
414,15,[]
440,18,[]
469,16,[]
496,18,[]
525,16,[]
552,18,[]
581,17,[]
609,18,[]
638,16,[]
665,17,[]
693,22,[]
726,17,[]
754,18,[]
783,17,[0, 1, 2, 3, 4, 5, 6, 7, 8, 9, 10, 11, 12, 13]
811,16,[]
838,54,[]
928,14,[]
953,16,[]
980,15,[]
1006,11,[]
1028,14,[]
1053,15,[]
1079,17,[]
1107,15,[]
1133,16,[]
1160,16,[]
1187,16,[]
1214,17,[]
1242,15,[]
1268,14,[]
1293,17,[]
1321,14,[]
1346,16,[]
1373,16,[]
1400,14,[]
1425,16,[]
1452,14,[]
1477,16,[]
1504,15,[]
1530,15,[]
1556,16,[]
1583,14,[]
1608,16,[]
1635,16,[2, 3, 4, 5, 6, 7, 8, 9, 10, 11, 12, 13, 14, 15]
1662,14,[]
1687,59,[]
1782,9,[]
1802,13,[]
1826,14,[]
1851,16,[0, 1, 2, 3, 4, 5, 6, 7, 8, 9, 10, 11, 12, 13, 14, 15]
1878,15,[]
1904,16,[]
1931,15,[]
1957,17,[]
1985,15,[]
2011,16,[]
2038,15,[]
2064,17,[]
2092,15,[]
2118,16,[]
2145,15,[]
2171,16,[]
2198,14,[]
2223,16,[]
2250,14,[]
2275,15,[]
2301,16,[]
2328,13,[]
2352,14,[0, 1, 2, 3, 4, 5, 6, 7, 8, 9, 10, 11, 12, 13]
2377,14,[]
2402,15,[]
2428,15,[]
2454,14,[]
2479,16,[]
2506,14,[]
2531,49,[]
2616,10,[]
2637,12,[]
2660,12,[]
2683,15,[]
2709,12,[]
2732,13,[]
2756,13,[]
2780,13,[]
2804,12,[]
2827,15,[]
2853,12,[]
2876,12,[]
2899,10,[]
2920,11,[]
2942,10,[]
2963,12,[]
2986,11,[]
3008,14,[]
3033,14,[]
3058,13,[]
3082,14,[]
3107,15,[]
3133,14,[]
3158,15,[]
3184,14,[]
3209,15,[]
3235,15,[]
3261,17,[]
3289,14,[]
3314,56,[]
3406,10,[]
3427,14,[]
3452,14,[]
3477,15,[]
3503,13,[]
3527,14,[]
3552,21,[]
3584,13,[]
3608,15,[]
3634,14,[]
3659,13,[]
3683,15,[]
3709,13,[]
3733,14,[]
3758,13,[]
3782,15,[]
3808,14,[]
3833,16,[]
3860,13,[]
3884,13,[]
3908,11,[]
3930,17,[]
3958,15,[]
3984,18,[]
4013,18,[]
4042,17,[]
4070,18,[]
4099,14,[]
4124,17,[]
4152,58,[]
4246,11,[]
4268,14,[]
4293,12,[]
4316,16,[]
4343,14,[]
4368,15,[]
4394,15,[]
4420,17,[]
4448,17,[]
4476,18,[]
4505,16,[]
4532,17,[]
4560,15,[]
4586,16,[]
4613,15,[]
4639,16,[]
4666,16,[]
4693,16,[]
4720,15,[]
4746,15,[]
4772,13,[]
4796,14,[]
4821,14,[]
4846,16,[]
4873,14,[]
4898,14,[]
4923,12,[]
4946,14,[]
4971,15,[]
4997,51,[]
5084,10,[]
5105,13,[]
5129,12,[]
5152,14,[]
5177,15,[]
5203,14,[]
5228,13,[]
5252,14,[]
5277,12,[]
5300,13,[]
5324,14,[]
5349,15,[]
5375,14,[]
5400,12,[]
5423,12,[]
5446,14,[]
5471,13,[]
5495,15,[]
5521,16,[]
5548,16,[]
5575,15,[]
5601,16,[]
5628,14,[]
5653,15,[]
5679,14,[]
5704,15,[]
5730,13,[]
5754,14,[]
5779,13,[]
5803,46,[]
5885,10,[]
5906,13,[]
5930,12,[]
5953,14,[]
5978,13,[]
6002,14,[]
6027,15,[]
6053,15,[]
6079,14,[]
6104,13,[]
6128,13,[]
6152,12,[]
6175,14,[]
6200,12,[]
6223,13,[]
6247,12,[]
6270,14,[]
6295,12,[]
6318,17,[]
6346,15,[]
6372,15,[]
6398,15,[]
6424,16,[]
6451,15,[]
6477,16,[]
6504,15,[]
6530,16,[]
6557,15,[]
6583,14,[]
6608,39,[]
6683,9,[]
6703,10,[]
6724,12,[]
6747,12,[]
6770,12,[]
6793,12,[]
6816,14,[]
6841,12,[]
6864,13,[]
6888,12,[]
6911,13,[]
6935,15,[]
6961,14,[]
6986,14,[]
7011,15,[]
7037,15,[]
7063,16,[]
7090,16,[]
7117,16,[]
7144,14,[]
7169,15,[]
7195,13,[]
7219,15,[]
7245,13,[]
7269,14,[]
7294,13,[]
7318,15,[]
7344,15,[]
7370,14,[]
7395,42,[]
7473,12,[]
7496,14,[]
7521,13,[]
7545,16,[]
7572,15,[]
7598,16,[]
7625,15,[]
7651,16,[]
7678,16,[]
7705,17,[]
7733,16,[]
7760,17,[]
7788,16,[]
7815,16,[]
7842,15,[]
7868,17,[]
7896,16,[]
7923,17,[]
7951,16,[]
7978,17,[]
8006,16,[]
8033,16,[]
8060,16,[]
8087,15,[]
8113,13,[]
8137,14,[]
8162,14,[]
8187,16,[]
8214,7,[]
0,45,[]
85,28,[5, 6, 7, 8, 9, 10, 11, 12, 13, 14, 15, 16]
124,23,[]
158,20,[]
189,21,[]
221,24,[]
256,21,[]
288,19,[]
318,23,[]
352,22,[]
385,23,[]
419,20,[]
450,22,[]
483,20,[]
514,21,[]
546,21,[]
578,21,[]
610,18,[]
639,19,[]
669,19,[]
699,21,[]
731,5,[]
747,22,[]
780,22,[]
813,23,[]
847,27,[]
885,27,[]
923,29,[]
963,31,[]
1005,28,[]
1044,75,[]
1159,26,[]
1196,26,[]
1233,22,[]
1266,13,[]
1290,12,[]
1313,14,[]
1338,14,[]
1363,13,[]
1387,10,[]
1408,11,[]
1430,11,[]
1452,12,[]
1475,13,[]
1499,11,[]
1521,11,[]
1543,12,[]
1566,10,[]
1587,11,[]
1609,12,[]
1632,11,[]
1654,12,[]
1677,12,[]
1700,10,[]
1721,12,[]
1744,12,[]
1767,12,[]
1790,11,[]
1812,10,[]
1833,10,[]
1854,41,[]
1935,8,[]
1954,8,[]
1973,8,[]
1992,11,[]
2014,9,[]
2034,9,[]
2054,8,[]
2073,9,[]
2093,9,[]
2113,10,[]
2134,12,[]
2157,11,[]
2179,10,[]
2200,10,[]
2221,11,[]
2243,11,[]
2265,13,[]
2289,11,[]
2311,10,[]
2332,12,[]
2355,12,[]
2378,14,[]
2403,13,[]
2427,11,[]
2449,14,[]
2474,13,[]
2498,14,[]
2523,15,[]
2549,14,[]
2574,36,[]
2650,12,[]
2673,13,[]
2697,13,[]
2721,15,[]
2747,15,[]
2773,12,[]
2796,13,[]
2820,14,[]
2845,14,[]
2870,14,[]
2895,11,[]
2917,15,[]
2943,12,[]
2966,12,[]
2989,15,[]
3015,11,[]
3037,14,[]
3062,13,[0, 1, 2, 3, 4, 5, 6, 7, 8, 9, 10, 11, 12]
3086,13,[]
3110,13,[]
3134,12,[]
3157,12,[]
3180,12,[]
3203,14,[]
3228,13,[]
3252,14,[]
3277,13,[]
3301,16,[]
3328,15,[]
3354,40,[]
3434,8,[]
3453,14,[]
3478,11,[]
3500,12,[]
3523,14,[]
3548,14,[]
3573,16,[]
3600,15,[]
3626,12,[]
3649,14,[]
3674,13,[]
3698,14,[]
3723,13,[]
3747,13,[]
3771,14,[]
3796,14,[]
3821,15,[]
3847,13,[]
3871,14,[]
3896,14,[]
3921,15,[]
3947,15,[]
3973,12,[]
3996,11,[]
4018,13,[]
4042,11,[]
4064,12,[]
4087,12,[]
4110,13,[]
4134,51,[]
4225,6,[]
4242,10,[]
4263,11,[]
4285,13,[]
4309,10,[]
4330,11,[]
4352,12,[]
4375,13,[]
4399,16,[]
4426,16,[]
4453,16,[]
4480,15,[]
4506,16,[]
4533,14,[]
4558,15,[]
4584,17,[]
4612,14,[]
4637,15,[]
4663,14,[]
4688,14,[]
4713,13,[]
4737,15,[]
4763,14,[]
4788,13,[]
4812,17,[]
4840,15,[]
4866,11,[]
4888,13,[]
4912,11,[]
4934,57,[]
5031,8,[]
5050,9,[]
5070,12,[]
5093,13,[]
5117,9,[]
5137,11,[]
5159,11,[]
5181,14,[]
5206,11,[]
5228,12,[]
5251,12,[]
5274,13,[]
5298,11,[]
5320,10,[]
5341,15,[]
5367,14,[]
5392,12,[]
5415,12,[]
5438,12,[]
5461,11,[]
5483,12,[]
5506,14,[]
5531,14,[]
5556,12,[]
5579,14,[]
5604,13,[]
5628,9,[]
5648,12,[]
5671,16,[]
5698,63,[]
5801,5,[]
5817,8,[]
5836,10,[]
5857,9,[]
5877,12,[]
5900,8,[]
5919,13,[]
5943,11,[]
5965,9,[]
5985,14,[]
6010,12,[]
6033,12,[]
6056,9,[]
6076,11,[]
6098,11,[]
6120,14,[]
6145,12,[]
6168,13,[]
6192,10,[]
6213,14,[]
6238,12,[]
6261,13,[]
6285,10,[]
6306,12,[]
6329,12,[]
6352,14,[]
6377,17,[]
6405,15,[0, 1, 2, 3, 4, 5, 6, 7, 8, 9, 10, 11, 12, 13, 14]
6431,14,[]
6456,75,[]
6571,5,[]
6587,12,[]
6610,11,[]
6632,12,[]
6655,14,[]
6680,11,[]
6702,11,[]
6724,15,[]
6750,13,[]
6774,12,[]
6797,14,[]
6822,12,[]
6845,13,[]
6869,16,[]
6896,13,[]
6920,17,[]
6948,15,[]
6974,17,[]
7002,14,[]
7027,17,[]
7055,13,[]
7079,14,[]
7104,14,[]
7129,15,[]
7155,13,[]
7179,14,[]
7204,12,[]
7227,13,[]
7251,12,[]
7274,57,[]
7371,7,[]
7389,11,[]
7411,12,[]
7434,15,[]
7460,14,[]
7485,14,[]
7510,15,[]
7536,15,[]
7562,17,[]
7590,20,[]
7621,19,[]
7651,19,[]
7681,18,[]
7710,14,[]
7735,15,[]
7761,18,[]
7790,15,[]
7816,17,[]
7844,17,[]
7872,21,[]
7904,19,[]
7934,21,[]
7966,19,[]
7996,21,[]
8028,15,[]
8054,17,[]
8082,15,[]
8108,17,[]
8136,16,[]
0,31,[]
42,4,[]
57,6,[]
74,12,[]
97,13,[]
121,12,[]
144,12,[]
167,11,[]
189,12,[]
212,14,[]
237,15,[]
263,13,[]
287,14,[]
312,11,[]
334,12,[]
357,12,[]
380,14,[]
405,16,[]
432,15,[]
458,14,[]
483,17,[]
511,14,[]
536,15,[]
562,18,[]
591,7,[]
609,19,[]
639,20,[]
670,17,[]
698,15,[]
724,14,[]
749,43,[]
835,13,[]
859,18,[]
888,19,[]
918,13,[]
942,18,[]
971,21,[0, 2, 3, 4, 5, 6, 7, 8, 9, 10, 11, 12, 13, 14]
1003,21,[]
1035,21,[]
1067,20,[]
1098,23,[]
1132,22,[]
1165,21,[]
1197,22,[]
1230,23,[]
1264,21,[]
1296,21,[]
1328,18,[]
1357,21,[7, 8, 9, 10, 11, 12, 13, 14, 15, 16, 17, 18, 19, 20]
1389,18,[]
1418,17,[]
1446,17,[]
1474,19,[]
1504,17,[]
1532,17,[]
1560,22,[]
1593,16,[]
1620,15,[]
1646,17,[]
1674,19,[]
1704,73,[]
1820,7,[]
1838,15,[]
1864,13,[]
1888,15,[]
1914,15,[]
1940,14,[]
1965,14,[]
1990,17,[]
2018,16,[]
2045,17,[]
2073,16,[]
2100,14,[]
2125,14,[]
2150,16,[]
2177,14,[]
2202,15,[]
2228,13,[]
2252,14,[]
2277,13,[]
2301,16,[]
2328,13,[]
2352,13,[]
2376,13,[]
2400,17,[]
2428,14,[]
2453,14,[]
2478,12,[]
2501,16,[]
2528,11,[]
2550,75,[]
2668,6,[]
2685,10,[]
2706,10,[]
2727,13,[]
2751,11,[]
2773,15,[]
2799,10,[]
2820,12,[]
2843,15,[]
2869,16,[]
2896,12,[]
2919,14,[]
2944,12,[]
2967,15,[]
2993,11,[]
3015,13,[]
3039,10,[]
3060,15,[]
3086,14,[]
3111,16,[]
3138,12,[]
3161,11,[]
3183,14,[]
3208,12,[]
3231,12,[]
3254,16,[]
3281,12,[]
3304,10,[]
3325,12,[]
3348,87,[]
3478,9,[]
3498,11,[]
3520,9,[]
3540,13,[]
3564,10,[]
3585,12,[]
3608,13,[]
3632,14,[]
3657,13,[]
3681,14,[]
3706,15,[]
3732,14,[]
3757,11,[]
3779,15,[]
3805,17,[]
3833,14,[]
3858,14,[]
3883,13,[]
3907,13,[]
3931,15,[]
3957,13,[]
3981,15,[]
4007,16,[]
4034,18,[]
4063,15,[]
4089,17,[]
4117,18,[]
4146,19,[]
4176,19,[]
4206,56,[]
4305,16,[]
4332,15,[]
4358,18,[]
4387,14,[]
4412,17,[]
4440,17,[]
4468,19,[]
4498,20,[]
4529,19,[]
4559,17,[]
4587,14,[]
4612,15,[]
4638,15,[]
4664,16,[]
4691,17,[]
4719,18,[]
4748,19,[]
4778,18,[]
4807,17,[]
4835,13,[]
4859,13,[]
4883,14,[]
4908,15,[]
4934,16,[]
4961,16,[]
4988,16,[]
5015,17,[]
5043,12,[]
5066,16,[]
5093,44,[]
5180,7,[]
5198,16,[]
5225,9,[]
5245,15,[]
5271,11,[]
5293,11,[]
5315,10,[]
5336,11,[]
5358,10,[]
5379,11,[]
5401,14,[]
5426,11,[]
5448,10,[]
5469,11,[]
5491,13,[]
5515,14,[]
5540,10,[]
5561,14,[]
5586,10,[]
5607,12,[]
5630,10,[]
5651,11,[]
5673,12,[]
5696,14,[]
5721,15,[]
5747,13,[]
5771,13,[]
5795,13,[]
5819,11,[]
5841,49,[]
5933,7,[]
5951,11,[]
5973,10,[]
5994,11,[]
6016,12,[]
6039,10,[]
6060,10,[]
6081,12,[]
6104,10,[]
6125,11,[]
6147,13,[]
6171,13,[]
6195,13,[]
6219,13,[]
6243,10,[]
6264,13,[]
6288,11,[]
6310,12,[]
6333,10,[]
6354,14,[]
6379,11,[]
6401,13,[]
6425,11,[]
6447,14,[]
6472,10,[]
6493,12,[]
6516,10,[]
6537,14,[]
6562,12,[]
6585,63,[]
6691,8,[]
6710,10,[]
6731,12,[]
6754,13,[]
6778,12,[]
6801,12,[]
6824,6,[]
6841,11,[]
6863,13,[]
6887,14,[]
6912,12,[]
6935,12,[]
6958,11,[]
6980,13,[0, 1, 2, 3, 4, 5, 6, 7, 8, 9, 10, 11, 12]
7004,11,[]
7026,14,[]
7051,12,[]
7074,14,[]
7099,13,[]
7123,14,[]
7148,11,[]
7170,12,[]
7193,12,[]
7216,15,[]
7242,14,[]
7267,15,[]
7293,13,[]
7317,17,[]
7345,15,[]
7371,57,[]
7471,11,[]
7493,14,[]
7518,14,[]
7543,15,[]
7569,13,[]
7593,17,[]
7621,16,[]
7648,15,[]
7674,17,[]
7702,19,[]
7732,19,[]
7762,16,[]
7789,18,[]
7818,17,[]
7846,18,[]
7875,17,[]
7903,16,[]
7930,17,[]
7958,18,[]
7987,15,[]
8013,14,[]
8038,14,[]
8063,15,[]
8089,16,[]
8116,17,[]
8144,20,[]
8175,20,[]
8206,19,[]
8236,13,[0, 1, 2, 3, 4, 5, 6, 7, 8, 9, 10, 11, 12]
0,50,[]
104,6,[]
121,12,[]
144,13,[]
168,16,[]
195,11,[]
217,15,[]
243,14,[]
268,14,[]
293,25,[]
329,14,[]
354,13,[]
378,14,[]
403,14,[]
428,14,[]
453,11,[]
475,16,[]
502,16,[]
529,15,[]
555,16,[]
582,17,[]
610,15,[]
636,15,[]
662,15,[]
688,14,[]
713,13,[]
737,14,[]
762,14,[]
787,17,[0, 1, 2, 3, 4, 5, 6, 7, 8, 9, 10, 11, 12, 13]
815,16,[]
842,127,[]
1023,4,[]
1038,9,[]
1058,12,[]
1081,4,[]
1096,6,[]
1113,10,[]
1134,13,[]
1158,13,[]
1182,11,[]
1204,12,[]
1227,12,[]
1250,14,[]
1275,12,[]
1298,12,[]
1321,16,[]
1348,13,[]
1372,15,[]
1398,19,[]
1428,19,[]
1458,16,[]
1485,16,[]
1512,13,[]
1536,16,[]
1563,13,[]
1587,15,[]
1613,12,[]
1636,17,[]
1664,15,[]
1690,18,[]
1719,96,[]
1869,5,[]
1885,9,[]
1905,15,[]
1931,11,[]
1953,15,[]
1979,12,[]
2002,16,[]
2029,14,[]
2054,15,[]
2080,11,[]
2102,17,[]
2130,15,[]
2156,16,[]
2183,15,[]
2209,20,[]
2240,13,[]
2264,17,[]
2292,16,[]
2319,20,[]
2350,19,[]
2380,18,[]
2409,15,[]
2435,21,[]
2467,14,[]
2492,17,[]
2520,14,[]
2545,20,[]
2576,17,[]
2604,19,[]
2634,95,[]
2783,7,[]
2801,10,[]
2822,15,[]
2848,12,[]
2871,16,[]
2898,16,[]
2925,14,[]
2950,13,[]
2974,15,[]
3000,13,[]
3024,14,[]
3049,13,[]
3073,13,[]
3097,8,[]
3116,16,[]
3143,16,[]
3170,14,[]
3195,15,[]
3221,20,[]
3252,17,[]
3280,13,[]
3304,12,[]
3327,25,[]
3363,13,[]
3387,14,[]
3412,14,[]
3437,14,[]
3462,10,[]
3483,16,[]
3510,66,[]
3630,6,[]
3647,9,[]
3667,13,[]
3691,9,[]
3711,11,[]
3733,12,[]
3756,12,[]
3779,12,[]
3802,13,[]
3826,12,[]
3849,13,[]
3873,18,[]
3902,15,[]
3928,15,[]
3954,16,[]
3981,13,[]
4005,18,[]
4034,18,[]
4063,18,[]
4092,16,[]
4119,15,[]
4145,15,[]
4171,13,[]
4195,12,[]
4218,12,[]
4241,12,[]
4264,14,[]
4289,11,[]
4311,15,[]
4337,59,[]
4450,10,[]
4471,11,[]
4493,11,[]
4515,10,[]
4536,13,[]
4560,11,[]
4582,13,[]
4606,15,[]
4632,16,[]
4659,15,[]
4685,12,[]
4708,17,[]
4736,15,[]
4762,16,[]
4789,15,[]
4815,16,[]
4842,15,[]
4868,20,[]
4899,12,[]
4922,12,[]
4945,10,[]
4966,12,[]
4989,18,[]
5018,11,[]
5040,15,[]
5066,18,[]
5095,14,[]
5120,16,[]
5147,14,[]
5172,69,[]
5295,9,[]
5315,11,[]
5337,14,[]
5362,17,[]
5390,21,[]
5422,23,[]
5456,19,[]
5486,21,[]
5518,18,[]
5547,17,[]
5575,15,[]
5601,18,[]
5630,15,[]
5656,19,[]
5686,18,[]
5715,18,[]
5744,19,[]
5774,21,[]
5806,21,[]
5838,22,[]
5871,25,[]
5907,22,[]
5940,20,[]
5971,22,[]
6004,22,[]
6037,22,[]
6070,21,[]
6102,20,[]
6133,19,[]
6163,68,[]
6285,13,[]
6309,16,[]
6336,19,[]
6366,18,[]
6395,24,[]
6430,20,[]
6461,14,[]
6486,13,[]
6510,12,[]
6533,11,[]
6555,14,[]
6580,12,[]
6603,12,[0, 1, 2, 3, 4, 5, 6, 7, 8, 9, 10, 11]
6626,15,[]
6652,15,[]
6678,14,[]
6703,15,[]
6729,15,[]
6755,22,[]
6788,16,[]
6815,18,[]
6844,16,[]
6871,16,[]
6898,17,[]
6926,17,[]
6954,16,[]
6981,13,[]
7005,14,[]
7030,14,[]
7055,47,[]
7156,11,[]
7178,16,[]
7205,15,[]
7231,14,[]
7256,15,[]
7282,15,[]
7308,15,[]
7334,14,[]
7359,11,[]
7381,11,[]
7403,15,[]
7429,11,[]
7451,10,[]
7472,13,[]
7496,11,[]
7518,15,[]
7544,12,[]
7567,10,[]
7588,16,[]
7615,15,[]
7641,11,[]
7663,12,[]
7686,16,[]
7713,13,[]
7737,15,[]
7763,12,[0, 1, 2, 3, 4, 5, 6, 7, 8, 9, 10, 11]
7786,13,[]
7810,12,[]
7833,12,[]
7856,53,[]
7963,9,[]
7983,11,[]
8005,13,[]
8029,14,[]
8054,15,[]
8080,16,[]
8107,16,[]
8134,17,[]
8162,15,[]
8188,15,[]
8214,19,[]
8244,16,[]
8271,15,[]
8297,15,[2, 3, 4, 5, 6, 7, 8, 9, 10, 11, 12, 13, 14]
8323,14,[]
8348,22,[]
8381,11,[]
8403,14,[]
8428,15,[]
8454,16,[]
8481,15,[]
8507,14,[]
8532,15,[]
8558,14,[]
8583,12,[]
8606,10,[]
8627,10,[]
8648,13,[]
8672,11,[]
0,47,[]
102,11,[]
124,13,[]
148,7,[]
166,15,[]
192,17,[]
220,14,[]
245,15,[]
271,6,[]
288,15,[]
314,12,[]
337,14,[]
362,26,[]
399,12,[]
422,13,[]
446,9,[]
466,12,[]
489,12,[]
512,16,[]
539,18,[]
568,10,[]
589,17,[]
617,17,[1, 2, 3, 4, 5, 6, 7, 8, 9, 10, 11, 12]
645,26,[]
682,14,[]
707,11,[]
729,11,[]
751,10,[]
772,14,[]
797,28,[]
836,103,[]
994,9,[]
1014,5,[]
1030,6,[]
1047,4,[]
1062,6,[]
1079,7,[]
1097,20,[]
1128,23,[]
1162,5,[]
1178,14,[]
1203,13,[0, 1, 2, 3, 4, 5, 6, 7, 8, 9, 10, 11]
1227,15,[]
1253,12,[]
1276,7,[]
1294,13,[]
1318,19,[]
1348,19,[]
1378,18,[]
1407,13,[]
1431,15,[]
1457,7,[]
1475,16,[]
1502,19,[]
1532,15,[]
1558,16,[]
1585,4,[]
1600,18,[]
1629,17,[]
1657,29,[]
1697,83,[]
1835,8,[]
1854,10,[]
1875,5,[]
1891,12,[]
1914,11,[]
1936,14,[]
1961,15,[]
1987,9,[]
2007,16,[]
2034,14,[]
2059,16,[]
2086,19,[]
2116,16,[]
2143,18,[]
2172,4,[]
2187,18,[]
2216,22,[]
2249,19,[]
2279,25,[]
2315,8,[]
2334,21,[5, 6, 7, 8, 9, 10, 11, 12, 13, 14, 15, 16, 17, 18, 19, 20]
2366,13,[]
2390,18,[]
2419,12,[]
2442,20,[]
2473,14,[]
2498,9,[]
2518,25,[]
2554,18,[4, 5, 6, 7, 8, 9, 10, 11, 12, 13, 14, 15, 16]
2583,82,[]
2720,6,[]
2737,3,[]
2751,9,[]
2771,14,[]
2796,26,[]
2833,25,[]
2869,24,[1, 2, 3, 4, 5, 6, 7, 8, 9, 10, 11, 12, 13, 14, 15, 16, 17, 18, 19, 20]
2904,14,[]
2929,23,[]
2963,6,[]
2980,14,[]
3005,12,[]
3028,14,[]
3053,18,[]
3082,11,[]
3104,21,[]
3136,19,[]
3166,29,[]
3206,14,[]
3231,12,[]
3254,9,[]
3274,11,[]
3296,8,[]
3315,10,[]
3336,26,[]
3373,29,[]
3413,8,[]
3432,40,[]
3527,29,[]
3567,67,[]
3689,1,[]
3701,6,[]
3718,5,[]
3734,2,[]
3747,11,[]
3769,7,[]
3787,8,[]
3806,8,[]
3825,13,[]
3849,20,[]
3880,16,[]
3907,34,[]
3952,14,[]
3977,18,[]
4006,11,[]
4028,17,[]
4056,14,[]
4081,14,[]
4106,15,[]
4132,9,[]
4152,21,[]
4184,20,[]
4215,21,[]
4247,17,[]
4275,12,[]
4298,11,[]
4320,9,[]
4340,15,[]
4366,12,[]
4389,88,[]
4532,12,[]
4555,4,[]
4570,18,[]
4599,18,[]
4628,8,[]
4647,12,[]
4670,11,[]
4692,12,[]
4715,9,[]
4735,14,[]
4760,14,[]
4785,22,[]
4818,32,[]
4861,7,[]
4879,15,[]
4905,16,[]
4932,9,[]
4952,34,[]
4997,14,[]
5022,24,[]
5057,6,[]
5074,25,[]
5110,23,[]
5144,23,[]
5178,22,[]
5211,7,[]
5229,13,[]
5253,14,[]
5278,18,[]
5307,68,[]
5430,17,[]
5458,28,[]
5497,6,[]
5514,19,[]
5544,26,[]
5581,14,[]
5606,20,[]
5637,8,[]
5656,22,[]
5689,16,[]
5716,23,[]
5750,18,[]
5779,12,[]
5802,25,[]
5838,8,[]
5857,15,[]
5883,13,[]
5907,18,[]
5936,20,[]
5967,7,[]
5985,11,[]
6007,20,[]
6038,10,[]
6059,26,[]
6096,17,[]
6124,10,[]
6145,7,[]
6163,23,[]
6197,11,[]
6219,67,[]
6341,4,[]
6356,4,[]
6371,11,[]
6393,15,[0, 1, 2, 3, 4, 5, 6, 7, 8, 9, 10, 11, 12, 13, 14]
6419,15,[]
6445,16,[]
6472,12,[]
6495,17,[]
6523,7,[]
6541,36,[]
6632,19,[]
6662,11,[]
6684,8,[]
6703,8,[]
6722,11,[]
6744,10,[]
6765,23,[]
6799,13,[]
6823,24,[]
6858,10,[]
6879,10,[]
6900,6,[]
6917,15,[]
6943,14,[]
6968,23,[]
7002,19,[]
7032,10,[]
7053,15,[]
7079,13,[]
7103,59,[]
7217,5,[]
7233,11,[]
7255,15,[]
7281,10,[]
7302,14,[]
7327,13,[]
7351,14,[]
7376,13,[0, 1, 2, 3, 4, 5, 6, 7, 8, 9, 10, 11, 12]
7400,8,[]
7419,15,[]
7445,14,[]
7470,15,[]
7496,19,[]
7526,16,[]
7553,15,[]
7579,9,[]
7599,16,[]
7626,12,[]
7649,13,[]
7673,13,[]
7697,11,[]
7719,14,[]
7744,17,[]
7772,16,[]
7799,15,[]
7825,12,[]
7848,20,[]
7879,8,[]
7898,21,[]
7930,80,[]
8065,4,[]
8080,8,[]
8099,5,[]
8115,12,[]
8138,14,[]
8163,21,[]
8195,19,[]
8225,21,[]
8257,33,[]
8301,7,[]
8319,13,[]
8343,14,[]
8368,17,[]
8396,19,[]
8426,6,[]
8443,17,[]
8471,11,[]
8493,13,[]
8517,13,[]
8541,13,[]
8565,18,[]
8594,6,[]
8611,22,[]
8644,10,[]
8665,11,[]
8687,12,[]
8710,10,[]
8731,12,[]
8754,9,[]
0,15,[]
26,1,[]
38,7,[]
56,9,[]
76,8,[]
95,4,[]
110,7,[]
128,4,[]
143,9,[]
163,7,[]
181,5,[]
197,18,[]
226,14,[]
251,22,[]
284,13,[]
308,19,[]
338,14,[]
363,23,[]
397,15,[]
423,6,[]
440,13,[]
464,14,[]
489,18,[]
518,14,[]
543,31,[]
585,8,[]
604,20,[]
635,12,[]
658,21,[]
690,18,[]
719,124,[]
924,12,[]
947,1,[]
959,4,[]
974,2,[]
987,11,[]
1009,6,[]
1026,12,[]
1049,9,[]
1069,12,[]
1092,14,[]
1117,13,[]
1141,18,[]
1170,9,[]
1190,20,[]
1221,8,[]
1240,17,[]
1268,16,[]
1295,9,[]
1315,14,[]
1340,9,[]
1360,16,[]
1387,8,[]
1406,19,[]
1436,13,[]
1460,18,[]
1489,10,[]
1510,18,[]
1539,16,[]
1566,12,[]
1589,120,[]
1790,1,[]
1802,8,[]
1821,3,[]
1835,11,[]
1857,13,[]
1881,7,[]
1899,19,[]
1929,10,[]
1950,18,[]
1979,8,[]
1998,23,[]
2032,10,[]
2053,20,[]
2084,9,[]
2104,18,[]
2133,18,[]
2162,14,[]
2187,29,[]
2227,9,[]
2247,21,[]
2279,12,[]
2302,23,[]
2336,11,[]
2358,22,[]
2391,11,[]
2413,19,[]
2443,22,[]
2476,12,[]
2499,20,[]
2530,122,[]
2733,12,[]
2756,3,[]
2770,18,[]
2799,17,[3, 4, 5, 6, 7, 8, 9, 10, 11, 12, 13, 14, 15, 16]
2827,12,[]
2850,19,[]
2880,13,[]
2904,23,[]
2938,11,[]
2960,17,[]
2988,9,[]
3008,19,[]
3038,19,[]
3068,9,[]
3088,19,[]
3118,9,[]
3138,21,[]
3170,9,[]
3190,22,[]
3223,11,[]
3245,25,[]
3281,21,[0, 1, 2, 3, 4, 5, 6, 7, 8, 9, 10, 11, 12, 13, 14]
3313,9,[]
3333,24,[]
3368,13,[]
3392,22,[]
3425,15,[]
3451,21,[]
3483,9,[]
3503,126,[]
3710,1,[]
3722,12,[]
3745,7,[]
3763,15,[]
3789,17,[]
3817,7,[]
3835,19,[]
3865,12,[]
3888,20,[]
3919,7,[]
3937,21,[]
3969,12,[]
3992,29,[]
4032,18,[]
4061,14,[]
4086,19,[]
4116,9,[]
4136,23,[]
4170,14,[]
4195,24,[]
4230,12,[]
4253,20,[4, 5, 6, 7, 8, 9, 10, 11, 12, 13, 14, 15, 16, 17, 18, 19]
4284,19,[]
4314,10,[]
4335,21,[]
4367,13,[]
4391,23,[]
4425,7,[]
4443,18,[]
4472,121,[]
4674,1,[]
4686,12,[]
4709,8,[]
4728,15,[]
4754,10,[]
4775,19,[]
4805,8,[]
4824,19,[]
4854,9,[]
4874,16,[]
4901,20,[]
4932,12,[]
4955,18,[]
4984,9,[]
5004,17,[]
5032,10,[]
5053,21,[]
5085,9,[]
5105,17,[]
5133,11,[]
5155,18,[]
5184,17,[]
5212,13,[]
5236,21,[]
5268,11,[]
5290,17,[]
5318,9,[]
5338,21,[0, 1, 2, 3, 4, 5, 6, 7, 8, 9, 10, 11, 12, 13, 14, 15, 16]
5370,16,[]
5397,123,[]
5601,6,[]
5618,4,[]
5633,11,[]
5655,5,[]
5671,14,[]
5696,8,[]
5715,23,[]
5749,10,[]
5770,17,[]
5798,15,[]
5824,11,[]
5846,19,[]
5876,10,[]
5897,14,[]
5922,8,[]
5941,19,[]
5971,14,[]
5996,8,[]
6015,15,[]
6041,9,[]
6061,18,[]
6090,10,[]
6111,18,[]
6140,13,[]
6164,19,[]
6194,11,[]
6216,18,[]
6245,11,[]
6267,20,[]
6298,123,[]
6502,1,[]
6514,9,[]
6534,8,[]
6553,11,[]
6575,8,[]
6594,11,[]
6616,6,[]
6633,12,[]
6656,11,[]
6678,10,[]
6699,16,[]
6726,9,[]
6746,14,[]
6771,9,[]
6791,16,[]
6818,16,[]
6845,8,[]
6864,16,[]
6891,8,[]
6910,14,[]
6935,8,[]
6954,19,[]
6984,8,[]
7003,18,[]
7032,9,[]
7052,18,[]
7081,17,[]
7109,11,[]
7131,15,[]
7157,110,[]
7348,13,[]
7372,6,[]
7389,12,[]
7412,7,[]
7430,14,[]
7455,13,[]
7479,10,[]
7500,13,[]
7524,8,[]
7543,13,[]
7567,8,[]
7586,16,[]
7613,10,[]
7634,14,[]
7659,6,[]
7676,13,[]
7700,14,[]
7725,11,[]
7747,15,[]
7773,10,[]
7794,16,[]
7821,10,[]
7842,17,[]
7870,17,[]
7898,8,[]
7917,16,[]
7944,8,[]
7963,17,[]
7991,11,[]
8013,114,[]
8208,1,[]
8220,8,[]
8239,12,[]
8262,8,[]
8281,15,[]
8307,6,[]
8324,15,[]
8350,10,[]
8371,15,[]
8397,8,[]
8416,14,[]
8441,9,[]
8461,15,[0, 1, 2, 3, 4, 5, 6, 7, 8, 9, 10, 11, 12, 13, 14]
8487,15,[]
8513,8,[]
8532,15,[]
8558,9,[]
8578,17,[]
8606,10,[]
8627,19,[]
8657,9,[]
8677,19,[]
8707,19,[]
8737,11,[]
8759,22,[]
8792,9,[]
8812,19,[]
8842,11,[]
8864,10,[]
0,21,[]
32,8,[]
51,10,[]
72,15,[]
98,9,[]
118,15,[]
144,16,[]
171,7,[]
189,14,[]
214,13,[]
238,4,[]
253,12,[]
276,7,[]
294,13,[]
318,13,[]
342,18,[]
371,8,[]
390,11,[]
412,13,[]
436,12,[]
459,23,[]
493,17,[]
521,5,[]
537,14,[]
562,16,[]
589,17,[]
617,30,[]
658,14,[]
683,7,[]
701,15,[]
727,97,[]
882,8,[]
901,12,[]
924,7,[]
942,2,[]
955,11,[]
977,7,[]
995,13,[]
1019,14,[]
1044,14,[]
1069,4,[]
1084,17,[]
1112,20,[5, 6, 7, 8, 9, 10, 11, 12, 13, 14, 15, 16, 17, 18, 19]
1143,8,[]
1162,20,[]
1193,23,[]
1227,8,[]
1246,24,[]
1281,23,[]
1315,7,[]
1333,24,[]
1368,21,[0, 1, 2, 3, 4, 5, 6, 7, 8, 9, 10, 11, 12, 13, 14, 15, 16, 17, 18, 19]
1400,7,[]
1418,22,[]
1451,20,[]
1482,13,[]
1506,20,[]
1537,19,[]
1567,6,[]
1584,18,[]
1613,82,[]
1753,2,[]
1766,14,[]
1791,16,[]
1818,9,[]
1838,18,[]
1867,20,[]
1898,11,[]
1920,20,[]
1951,10,[]
1972,25,[]
2008,21,[]
2040,22,[]
2073,11,[]
2095,24,[]
2130,25,[]
2166,12,[]
2189,23,[]
2223,20,[]
2254,8,[]
2273,9,[]
2293,27,[]
2331,9,[]
2351,21,[]
2383,5,[]
2399,19,[]
2429,18,[]
2458,18,[]
2487,7,[]
2505,19,[]
2535,79,[]
2672,2,[]
2685,9,[]
2705,6,[]
2722,14,[]
2747,10,[]
2768,8,[]
2787,15,[]
2813,18,[]
2842,7,[]
2860,11,[]
2882,18,[]
2911,17,[]
2939,6,[]
2956,15,[]
2982,14,[]
3007,16,[]
3034,15,[]
3060,16,[]
3087,7,[]
3105,15,[]
3131,15,[]
3157,7,[]
3175,18,[]
3204,12,[]
3227,16,[]
3254,15,[]
3280,13,[]
3304,16,[]
3331,13,[]
3355,94,[]
3507,1,[]
3519,9,[]
3539,15,[]
3565,5,[]
3581,17,[]
3609,4,[]
3624,17,[]
3652,18,[]
3681,11,[]
3703,20,[]
3734,16,[]
3761,19,[]
3791,12,[]
3814,21,[]
3846,16,[]
3873,11,[]
3895,21,[]
3927,9,[]
3947,22,[]
3980,19,[]
4010,9,[]
4030,18,[]
4059,17,[]
4087,20,[]
4118,9,[]
4138,21,[]
4170,16,[]
4197,10,[]
4218,21,[]
4250,75,[]
4383,11,[]
4405,15,[]
4431,10,[]
4452,17,[]
4480,16,[]
4507,18,[]
4536,10,[]
4557,19,[]
4587,7,[]
4605,12,[]
4628,21,[]
4660,13,[]
4684,21,[]
4716,16,[]
4743,13,[]
4767,18,[]
4796,17,[]
4824,14,[]
4849,17,[0, 1, 2, 3, 4, 5, 6, 7, 8, 9, 10, 11, 12, 13, 14, 15, 16]
4877,15,[]
4903,17,[]
4931,15,[]
4957,17,[]
4985,9,[]
5005,16,[]
5032,24,[]
5067,12,[]
5090,15,[]
5116,22,[]
5149,93,[]
5300,8,[]
5319,13,[]
5343,8,[]
5362,16,[]
5389,18,[]
5418,10,[]
5439,18,[]
5468,18,[]
5497,10,[]
5518,20,[]
5549,16,[]
5576,17,[]
5604,14,[]
5629,19,[]
5659,6,[]
5676,18,[5, 6, 7, 8, 9, 10, 11, 12, 13, 14, 15, 16, 17]
5705,19,[]
5735,7,[]
5753,16,[]
5780,16,[]
5807,9,[]
5827,17,[]
5855,16,[]
5882,13,[]
5906,16,[]
5933,17,[]
5961,9,[]
5981,18,[]
6010,20,[]
6041,76,[]
6175,11,[]
6197,14,[]
6222,7,[]
6240,17,[]
6268,16,[]
6295,18,[]
6324,10,[]
6345,19,[]
6375,7,[]
6393,16,[]
6420,18,[]
6449,8,[]
6468,18,[]
6497,20,[]
6528,7,[]
6546,18,[]
6575,19,[4, 5, 6, 7, 8, 9, 10, 11, 12, 13, 14, 15, 16]
6605,18,[]
6634,7,[]
6652,19,[]
6682,13,[]
6706,16,[]
6733,19,[]
6763,7,[]
6781,17,[]
6809,18,[]
6838,8,[]
6857,19,[]
6887,16,[]
6914,81,[]
7053,7,[]
7071,12,[]
7094,8,[]
7113,17,[]
7141,6,[]
7158,12,[]
7181,18,[]
7210,18,[]
7239,6,[]
7256,18,[]
7285,18,[]
7314,17,[]
7342,11,[]
7364,19,[]
7394,7,[]
7412,20,[]
7443,18,[]
7472,7,[]
7490,18,[]
7519,20,[]
7550,7,[]
7568,19,[]
7598,21,[]
7630,8,[]
7649,18,[]
7678,17,[]
7706,8,[]
7725,17,[]
7753,13,[]
7777,84,[]
7919,7,[]
7937,9,[]
7957,10,[]
7978,14,[]
8003,12,[]
8026,9,[]
8046,15,[]
8072,16,[]
8099,7,[]
8117,21,[]
8149,19,[]
8179,7,[]
8197,17,[]
8225,16,[]
8252,7,[]
8270,18,[]
8299,15,[]
8325,14,[]
8350,19,[]
8380,16,[]
8407,13,[]
8431,19,[]
8461,18,[]
8490,13,[]
8514,19,[]
8544,8,[]
8563,22,[]
8596,8,[]
8615,11,[]
0,30,[]
41,6,[]
58,13,[]
82,16,[]
109,15,[]
135,16,[]
162,14,[]
187,16,[]
214,15,[]
240,10,[]
261,21,[]
293,20,[]
324,20,[]
355,21,[]
387,21,[]
419,21,[]
451,20,[]
482,20,[]
513,20,[]
544,19,[]
574,19,[]
604,19,[]
634,17,[]
662,17,[]
690,16,[]
717,25,[]
753,13,[]
777,16,[]
804,18,[]
833,15,[]
859,60,[]
970,9,[]
990,12,[]
1013,13,[]
1037,8,[]
1056,15,[]
1082,13,[]
1106,16,[]
1133,15,[]
1159,16,[]
1186,19,[]
1216,18,[]
1245,18,[]
1274,18,[]
1303,16,[]
1330,16,[]
1357,17,[]
1385,19,[]
1415,16,[]
1442,17,[]
1470,15,[]
1496,15,[]
1522,14,[]
1547,14,[]
1572,14,[]
1597,25,[]
1633,17,[]
1661,17,[]
1689,15,[]
1715,15,[]
1741,77,[]
1869,5,[]
1885,9,[]
1905,10,[]
1926,12,[]
1949,13,[]
1973,11,[]
1995,13,[]
2019,11,[]
2041,16,[]
2068,19,[]
2098,16,[]
2125,19,[]
2155,16,[]
2182,17,[]
2210,15,[]
2236,18,[]
2265,18,[]
2294,19,[]
2324,17,[]
2352,18,[]
2381,15,[]
2407,17,[]
2435,16,[]
2462,19,[]
2492,27,[9, 10, 11, 12, 13, 14, 15, 16, 17, 18, 19, 20, 21, 22, 23, 24, 25, 26]
2530,13,[]
2554,17,[]
2582,15,[]
2608,13,[]
2632,86,[]
2769,8,[]
2788,15,[]
2814,13,[]
2838,18,[]
2867,13,[]
2891,14,[]
2916,13,[]
2940,16,[]
2967,15,[]
2993,17,[]
3021,15,[]
3047,16,[]
3074,14,[]
3099,13,[]
3123,16,[]
3150,15,[]
3176,16,[]
3203,16,[]
3230,14,[]
3255,14,[]
3280,13,[]
3304,13,[]
3328,15,[]
3354,23,[]
3388,12,[]
3411,15,[]
3437,16,[]
3464,14,[]
3489,13,[]
3513,61,[]
3625,8,[]
3644,10,[]
3665,13,[]
3689,12,[]
3712,12,[]
3735,13,[]
3759,12,[]
3782,12,[]
3805,13,[]
3829,13,[]
3853,12,[]
3876,12,[]
3899,13,[]
3923,12,[]
3946,17,[]
3974,14,[]
3999,15,[]
4025,16,[]
4052,17,[]
4080,18,[]
4109,16,[]
4136,17,[]
4164,26,[]
4201,15,[]
4227,17,[]
4255,17,[]
4283,15,[]
4309,24,[]
4344,15,[]
4370,72,[]
4493,9,[]
4513,13,[]
4537,20,[]
4568,18,[]
4597,13,[]
4621,13,[]
4645,17,[]
4673,18,[]
4702,17,[]
4730,16,[]
4757,16,[]
4784,14,[]
4809,16,[2, 3, 4, 5, 6, 7, 8, 9, 10, 11, 12, 13, 14]
4836,18,[]
4865,18,[]
4894,18,[]
4923,19,[]
4953,17,[]
4981,19,[]
5011,16,[]
5038,17,[]
5066,17,[]
5094,31,[]
5136,15,[]
5162,15,[]
5188,17,[]
5216,17,[]
5244,16,[]
5271,16,[]
5298,75,[]
5424,8,[]
5443,12,[]
5466,12,[]
5489,14,[]
5514,14,[]
5539,13,[]
5563,16,[]
5590,15,[]
5616,15,[]
5642,13,[]
5666,17,[]
5694,17,[]
5722,12,[]
5745,13,[]
5769,21,[]
5801,16,[]
5828,17,[]
5856,12,[]
5879,12,[]
5902,13,[]
5926,14,[]
5951,23,[]
5985,11,[]
6007,13,[]
6031,16,[]
6058,13,[]
6082,15,[]
6108,13,[]
6132,14,[]
6157,79,[]
6287,5,[]
6303,7,[]
6321,8,[]
6340,11,[]
6362,9,[]
6382,10,[]
6403,12,[]
6426,15,[]
6452,13,[]
6476,12,[]
6499,14,[]
6524,16,[]
6551,14,[]
6576,13,[]
6600,11,[]
6622,11,[]
6644,12,[]
6667,11,[]
6689,11,[]
6711,15,[]
6737,14,[]
6762,28,[]
6801,15,[]
6827,17,[]
6855,14,[]
6880,13,[]
6904,13,[]
6928,15,[]
6954,17,[]
6982,88,[]
7121,6,[]
7138,10,[]
7159,12,[]
7182,13,[]
7206,14,[]
7231,14,[]
7256,14,[]
7281,15,[]
7307,15,[]
7333,15,[]
7359,14,[]
7384,15,[]
7410,14,[]
7435,13,[]
7459,18,[]
7488,13,[]
7512,13,[]
7536,12,[]
7559,13,[]
7583,15,[]
7609,22,[]
7642,12,[]
7665,13,[]
7689,12,[]
7712,12,[]
7735,12,[]
7758,13,[]
7782,13,[]
7806,12,[]
7829,61,[]
7941,6,[]
7958,9,[]
7978,10,[]
7999,11,[]
8021,9,[]
8041,12,[]
8064,12,[]
8087,12,[]
8110,13,[]
8134,13,[]
8158,14,[]
8183,15,[]
8209,14,[]
8234,15,[]
8260,15,[]
8286,16,[]
8313,16,[]
8340,16,[]
8367,14,[]
8392,16,[]
8419,23,[]
8453,15,[]
8479,14,[]
8504,16,[]
8531,16,[]
8558,17,[]
8586,15,[]
8612,14,[]
8637,12,[]
0,20,[]
31,7,[]
49,3,[]
63,11,[]
85,11,[]
107,14,[]
132,10,[]
153,13,[0, 1, 2, 3, 4, 5, 6, 7, 8, 9, 10, 11, 12]
177,13,[]
201,12,[]
224,12,[]
247,11,[]
269,6,[]
286,12,[]
309,12,[]
332,12,[]
355,12,[]
378,8,[]
397,11,[]
419,13,[]
443,15,[]
469,14,[]
494,18,[]
523,18,[]
552,17,[]
580,12,[]
603,13,[]
627,13,[]
651,13,[]
675,17,[]
703,74,[]
823,16,[]
850,13,[]
874,3,[]
888,12,[]
911,14,[]
936,16,[]
963,10,[]
984,17,[]
1012,16,[]
1039,17,[]
1067,8,[]
1086,17,[]
1114,18,[]
1143,17,[]
1171,15,[]
1197,18,[]
1226,6,[]
1243,17,[]
1271,16,[]
1298,17,[]
1326,20,[]
1357,8,[]
1376,18,[]
1405,20,[]
1436,17,[]
1464,18,[]
1493,10,[]
1514,20,[]
1545,16,[]
1572,70,[]
1688,12,[]
1711,4,[]
1726,16,[]
1753,17,[]
1781,17,[]
1809,17,[]
1837,10,[]
1858,18,[]
1887,17,[]
1915,18,[]
1944,18,[]
1973,11,[]
1995,19,[]
2025,19,[]
2055,18,[]
2084,17,[]
2112,20,[]
2143,10,[]
2164,21,[]
2196,17,[]
2224,18,[]
2253,10,[]
2274,26,[]
2311,20,[]
2342,21,[]
2374,20,[]
2405,20,[]
2436,6,[]
2453,17,[]
2481,73,[]
2600,2,[]
2613,14,[]
2638,15,[]
2664,16,[]
2691,16,[]
2718,15,[]
2744,10,[]
2765,19,[]
2795,19,[]
2825,16,[]
2852,9,[]
2872,19,[]
2902,19,[]
2932,15,[]
2958,16,[]
2985,18,[]
3014,10,[]
3035,20,[5, 6, 7, 8, 9, 10, 11, 12, 13, 14, 15, 16, 17]
3066,18,[]
3095,19,[]
3125,19,[]
3155,6,[]
3172,17,[]
3200,19,[]
3230,19,[]
3260,18,[]
3289,18,[]
3318,9,[]
3338,16,[]
3365,62,[]
3473,12,[]
3496,4,[]
3511,15,[]
3537,15,[]
3563,13,[]
3587,16,[]
3614,15,[]
3640,8,[]
3659,17,[]
3687,9,[]
3707,18,[]
3736,17,[]
3764,17,[]
3792,17,[]
3820,16,[]
3847,10,[]
3868,16,[]
3895,17,[]
3923,16,[]
3950,14,[]
3975,15,[]
4001,10,[]
4022,18,[]
4051,16,[]
4078,15,[]
4104,15,[]
4130,15,[]
4156,7,[]
4174,16,[]
4201,71,[]
4318,2,[]
4331,13,[]
4355,14,[]
4380,16,[]
4407,16,[]
4434,16,[]
4461,10,[]
4482,15,[]
4508,17,[]
4536,17,[]
4564,13,[]
4588,9,[]
4608,15,[]
4634,18,[]
4663,16,[]
4690,16,[]
4717,9,[]
4737,17,[]
4765,17,[]
4793,16,[2, 3, 4, 5, 6, 7, 8, 9, 10, 11, 12, 13, 14, 15]
4820,15,[]
4846,17,[]
4874,6,[]
4891,15,[]
4917,15,[]
4943,16,[]
4970,16,[]
4997,7,[]
5015,16,[1, 2, 3, 4, 5, 6, 7, 8, 9, 10, 11, 12, 13, 14, 15]
5042,68,[]
5156,12,[]
5179,5,[]
5195,15,[]
5221,18,[]
5250,12,[]
5273,7,[]
5291,16,[]
5318,18,[]
5347,17,[]
5375,18,[]
5404,7,[]
5422,19,[]
5452,20,[]
5483,19,[]
5513,19,[]
5543,9,[]
5563,19,[]
5593,19,[]
5623,22,[]
5656,17,[]
5684,23,[]
5718,6,[]
5735,23,[]
5769,21,[2, 3, 8, 9, 10, 11, 12, 13, 14, 15, 16, 17, 18, 19, 20]
5801,22,[]
5834,16,[]
5861,7,[]
5879,16,[]
5906,22,[]
5939,61,[]
6046,16,[]
6073,5,[]
6089,19,[]
6119,20,[0, 1, 2, 3, 4, 5, 6, 7, 8, 9, 10, 11]
6150,16,[]
6177,17,[]
6205,7,[]
6223,21,[]
6255,18,[]
6284,17,[]
6312,19,[]
6342,6,[]
6359,16,[]
6386,19,[]
6416,18,[]
6445,17,[]
6473,9,[]
6493,17,[]
6521,17,[]
6549,19,[2, 3, 4, 5, 6, 7, 8, 9, 10, 11, 12, 13, 14, 15, 16, 17, 18]
6579,18,[]
6608,5,[]
6624,17,[]
6652,15,[]
6678,18,[]
6707,16,[]
6734,15,[]
6760,7,[]
6778,17,[]
6806,65,[]
6917,1,[]
6929,13,[]
6953,17,[]
6981,17,[]
7009,17,[]
7037,8,[]
7056,17,[]
7084,20,[]
7115,16,[]
7142,8,[]
7161,17,[]
7189,20,[]
7220,16,[]
7247,17,[]
7275,18,[]
7304,4,[]
7319,16,[]
7346,19,[]
7376,17,[]
7404,14,[]
7429,7,[]
7447,16,[4, 5, 6, 7, 8, 9, 10, 11, 12, 13, 14, 15]
7474,17,[]
7502,17,[]
7530,17,[]
7558,16,[]
7585,7,[]
7603,18,[]
7632,19,[]
7662,64,[]
7772,11,[]
7794,5,[]
7810,15,[]
7836,17,[]
7864,10,[]
7885,10,[]
7906,8,[]
7925,16,[]
7952,16,[]
7979,19,[]
8009,7,[]
8027,17,[]
8055,17,[]
8083,17,[]
8111,17,[]
8139,17,[]
8167,7,[]
8185,16,[]
8212,17,[]
8240,18,[]
8269,13,[]
8293,6,[]
8310,17,[]
8338,14,[]
8363,18,[]
8392,13,[]
8416,12,[]
8439,9,[]
8459,14,[]
0,26,[]
37,1,[]
49,8,[]
68,8,[]
87,11,[]
109,10,[]
130,15,[]
156,10,[]
177,11,[]
199,11,[]
221,11,[]
243,16,[]
270,13,[]
294,12,[]
317,12,[]
340,12,[]
363,11,[]
385,14,[]
410,12,[]
433,9,[]
453,9,[]
473,10,[]
494,14,[]
519,15,[]
545,16,[]
572,15,[]
598,18,[]
627,20,[]
658,19,[]
688,19,[]
718,84,[]
853,17,[2, 5, 6, 7, 8, 9, 10, 11, 12, 13, 14, 15, 16]
881,14,[]
906,11,[]
928,8,[]
947,9,[]
967,15,[]
993,14,[]
1018,16,[]
1045,15,[]
1071,13,[]
1095,16,[]
1122,15,[]
1148,15,[]
1174,15,[]
1200,15,[]
1226,14,[]
1251,15,[]
1277,13,[]
1301,16,[]
1328,14,[]
1353,16,[]
1380,14,[]
1405,18,[]
1434,13,[]
1458,13,[]
1482,15,[]
1508,17,[]
1536,15,[]
1562,17,[]
1590,76,[]
1717,7,[]
1735,13,[]
1759,13,[]
1783,15,[]
1809,14,[]
1834,20,[]
1865,17,[]
1893,16,[]
1920,11,[]
1942,14,[]
1967,13,[]
1991,16,[]
2018,18,[]
2047,18,[]
2076,19,[]
2106,19,[]
2136,19,[]
2166,19,[]
2196,19,[]
2226,20,[]
2257,22,[]
2290,22,[]
2323,21,[]
2355,16,[]
2382,16,[]
2409,18,[]
2438,20,[]
2469,17,[]
2497,16,[]
2524,72,[]
2647,7,[]
2665,14,[]
2690,14,[]
2715,16,[]
2742,15,[]
2768,21,[]
2800,12,[]
2823,12,[]
2846,16,[]
2873,17,[]
2901,15,[]
2927,15,[0, 1, 2, 3, 4, 5, 6, 7, 8, 9, 10, 11, 12, 13]
2953,12,[]
2976,14,[]
3001,14,[]
3026,18,[]
3055,12,[]
3078,14,[]
3103,12,[]
3126,14,[]
3151,10,[]
3172,12,[]
3195,12,[]
3218,11,[]
3240,13,[]
3264,14,[]
3289,13,[]
3313,11,[]
3335,9,[]
3355,77,[]
3483,5,[]
3499,10,[]
3520,10,[]
3541,11,[]
3563,9,[]
3583,17,[]
3611,8,[]
3630,10,[]
3651,11,[]
3673,12,[]
3696,10,[]
3717,11,[]
3739,13,[]
3763,15,[]
3789,10,[]
3810,10,[]
3831,14,[]
3856,15,[]
3882,14,[]
3907,13,[]
3931,14,[]
3956,13,[]
3980,13,[]
4004,16,[]
4031,15,[]
4057,6,[]
4074,19,[]
4104,17,[1, 2, 3, 4, 5, 6, 7, 8, 9, 10, 11, 12, 13, 14]
4132,17,[]
4160,72,[]
4283,10,[]
4304,14,[]
4329,14,[]
4354,17,[]
4382,15,[]
4408,14,[]
4433,20,[]
4464,14,[]
4489,12,[]
4512,14,[]
4537,15,[]
4563,15,[]
4589,20,[]
4620,18,[]
4649,13,[]
4673,13,[]
4697,12,[]
4720,14,[]
4745,18,[]
4774,18,[]
4803,13,[]
4827,13,[]
4851,16,[]
4878,15,[]
4904,16,[0, 1, 2, 3, 4, 5, 6, 7, 8, 9, 10, 11]
4931,18,[]
4960,15,[]
4986,15,[]
5012,22,[]
5045,65,[]
5161,8,[]
5180,8,[]
5199,9,[]
5219,11,[]
5241,11,[]
5263,13,[]
5287,21,[]
5319,11,[]
5341,10,[]
5362,11,[]
5384,11,[]
5406,11,[]
5428,12,[]
5451,13,[]
5475,12,[]
5498,10,[]
5519,11,[]
5541,11,[]
5563,14,[]
5588,23,[]
5622,13,[]
5646,10,[]
5667,10,[]
5688,12,[]
5711,13,[]
5735,16,[]
5762,17,[]
5790,17,[]
5818,15,[]
5844,73,[]
5968,7,[]
5986,9,[]
6006,10,[]
6027,15,[]
6053,12,[]
6076,11,[]
6098,15,[]
6124,9,[]
6144,9,[]
6164,9,[]
6184,11,[]
6206,12,[]
6229,10,[]
6250,13,[]
6274,13,[]
6298,12,[]
6321,11,[]
6343,10,[]
6364,12,[]
6387,12,[]
6410,10,[]
6431,13,[]
6455,12,[]
6478,10,[]
6499,10,[]
6520,12,[]
6543,10,[]
6564,10,[]
6585,10,[]
6606,82,[]
6739,7,[]
6757,10,[]
6778,9,[]
6798,11,[]
6820,14,[]
6845,11,[]
6867,15,[]
6893,11,[]
6915,10,[]
6936,9,[]
6956,8,[]
6975,10,[]
6996,10,[]
7017,10,[]
7038,13,[]
7062,12,[]
7085,10,[]
7106,11,[]
7128,14,[]
7153,17,[0, 1, 2, 3, 4, 5, 6, 7, 8, 9, 10, 11]
7181,15,[]
7207,16,[]
7234,16,[]
7261,15,[]
7287,14,[]
7312,14,[]
7337,15,[]
7363,18,[]
7392,17,[0, 1, 2, 3, 4, 5, 6, 7, 8, 9, 10, 11, 12, 13, 14, 15, 16]
7420,72,[]
7543,10,[]
7564,13,[]
7588,15,[]
7614,14,[]
7639,16,[]
7666,15,[]
7692,23,[]
7726,16,[]
7753,18,[]
7782,15,[]
7808,15,[]
7834,15,[]
7860,16,[0, 1, 2, 3, 4, 5, 6, 7, 8, 9, 10, 11, 12, 13, 14, 15]
7887,17,[]
7915,17,[]
7943,15,[]
7969,16,[]
7996,16,[]
8023,20,[]
8054,17,[]
8082,15,[]
8108,16,[]
8135,15,[]
8161,17,[]
8189,16,[]
8216,17,[]
8244,15,[]
8270,13,[]
8294,8,[]
0,21,[]
32,3,[]
46,9,[]
66,14,[]
91,9,[]
111,9,[]
131,9,[]
151,8,[]
170,10,[]
191,9,[]
211,10,[]
232,8,[]
251,10,[]
272,9,[]
292,10,[]
313,10,[]
334,14,[]
359,16,[]
386,12,[]
409,14,[]
434,13,[]
458,15,[]
484,12,[]
507,14,[]
532,11,[]
554,11,[]
576,12,[]
599,15,[]
625,15,[]
651,15,[]
677,134,[]
874,15,[]
900,7,[]
918,4,[]
933,3,[]
947,6,[]
964,10,[]
985,4,[]
1000,17,[]
1028,11,[]
1050,10,[]
1071,10,[]
1092,9,[]
1112,13,[]
1136,14,[]
1161,11,[]
1183,17,[]
1211,16,[]
1238,17,[]
1266,16,[]
1293,17,[]
1321,17,[]
1349,15,[]
1375,15,[]
1401,16,[]
1428,14,[]
1453,13,[]
1477,12,[]
1500,14,[]
1525,13,[]
1549,104,[]
1716,6,[]
1733,9,[]
1753,14,[]
1778,8,[]
1797,16,[]
1824,17,[]
1852,17,[]
1880,14,[]
1905,14,[]
1930,16,[]
1957,16,[]
1984,18,[]
2013,15,[]
2039,20,[]
2070,20,[8, 9, 10, 11, 12, 13, 14, 15, 16, 17, 18, 19]
2101,18,[]
2130,11,[]
2152,18,[]
2181,18,[]
2210,21,[]
2242,21,[]
2274,23,[]
2308,20,[]
2339,22,[7, 8, 9, 10, 11, 12, 13, 14, 15, 16, 17, 18, 19, 20, 21]
2372,22,[]
2405,16,[]
2432,20,[]
2463,18,[]
2492,16,[]
2519,102,[]
2684,9,[]
2704,11,[]
2726,12,[0, 1, 2, 3, 4, 5, 6, 7, 8, 9, 10, 11]
2749,14,[]
2774,15,[]
2800,15,[]
2826,16,[]
2853,16,[]
2880,9,[]
2900,16,[]
2927,20,[]
2958,18,[]
2987,18,[]
3016,18,[]
3045,19,[]
3075,20,[]
3106,18,[]
3135,22,[]
3168,17,[]
3196,14,[]
3221,21,[]
3253,19,[]
3283,16,[]
3310,21,[]
3342,15,[]
3368,17,[0, 1, 2, 3, 4, 5, 6, 7, 8, 9, 10, 11, 12, 13, 14, 15, 16]
3396,16,[]
3423,18,[]
3452,11,[]
3474,104,[]
3641,6,[]
3658,11,[]
3680,12,[]
3703,15,[]
3729,13,[]
3753,13,[]
3777,14,[]
3802,14,[]
3827,13,[]
3851,18,[]
3880,14,[]
3905,16,[]
3932,16,[]
3959,10,[]
3980,16,[]
4007,16,[]
4034,11,[]
4056,13,[]
4080,12,[]
4103,11,[]
4125,9,[]
4145,10,[]
4166,13,[]
4190,12,[]
4213,14,[]
4238,13,[]
4262,12,[]
4285,20,[]
4316,8,[]
4335,104,[]
4502,8,[]
4521,7,[]
4539,10,[]
4560,13,[]
4584,10,[]
4605,10,[]
4626,9,[]
4646,13,[]
4670,10,[]
4691,13,[]
4715,12,[]
4738,10,[]
4759,13,[]
4783,13,[]
4807,14,[]
4832,7,[]
4850,11,[]
4872,14,[]
4897,13,[]
4921,12,[]
4944,11,[]
4966,12,[]
4989,9,[]
5009,9,[]
5029,11,[]
5051,12,[]
5074,13,[]
5098,14,[0, 1, 2, 3, 4, 5, 6, 7, 8, 9, 10, 11, 12, 13]
5123,3,[]
5137,104,[]
5304,8,[]
5323,12,[]
5346,13,[]
5370,16,[]
5397,18,[]
5426,16,[]
5453,19,[]
5483,19,[]
5513,18,[]
5542,8,[]
5561,21,[]
5593,20,[]
5624,18,[]
5653,21,[]
5685,18,[]
5714,20,[]
5745,16,[]
5772,17,[]
5800,18,[]
5829,22,[]
5862,21,[]
5894,21,[]
5926,23,[]
5960,23,[]
5994,22,[]
6027,21,[]
6059,22,[]
6092,20,[]
6123,7,[]
6141,75,[]
6279,12,[]
6302,17,[]
6330,17,[]
6358,16,[]
6385,18,[]
6414,18,[]
6443,18,[]
6472,19,[]
6502,15,[]
6528,17,[]
6556,19,[]
6586,19,[]
6616,7,[]
6634,18,[3, 4, 5, 6, 7, 8, 9, 10, 11, 12, 13, 14, 15, 16, 17]
6663,18,[]
6692,17,[]
6720,15,[]
6746,16,[]
6773,16,[]
6800,17,[]
6828,15,[]
6854,20,[]
6885,16,[]
6912,16,[]
6939,8,[]
6958,17,[]
6986,14,[]
7011,17,[]
7039,17,[]
7067,57,[]
7187,9,[]
7207,13,[]
7231,15,[]
7257,16,[]
7284,13,[]
7308,5,[]
7324,16,[]
7351,14,[]
7376,13,[]
7400,13,[]
7424,13,[]
7448,13,[]
7472,13,[]
7496,13,[]
7520,12,[]
7543,13,[]
7567,7,[]
7585,13,[]
7609,18,[]
7638,14,[]
7663,14,[]
7688,13,[]
7712,11,[]
7734,11,[]
7756,14,[]
7781,5,[]
7797,14,[]
7822,11,[]
7844,17,[]
7872,46,[]
7981,12,[]
8004,15,[]
8030,14,[]
8055,17,[]
8083,14,[]
8108,13,[]
8132,16,[]
8159,15,[]
8185,14,[]
8210,16,[]
8237,5,[]
8253,18,[]
8282,15,[]
8308,17,[]
8336,16,[]
8363,17,[]
8391,13,[]
8415,15,[]
8441,15,[]
8467,5,[]
8483,17,[]
8511,16,[]
8538,16,[]
8565,15,[]
8591,14,[]
8616,14,[]
8641,8,[]
8660,17,[]
8688,21,[]
0,51,[]
120,15,[]
145,6,[]
161,19,[]
190,6,[]
206,20,[]
236,8,[]
254,17,[]
281,2,[]
293,19,[]
322,8,[]
340,19,[]
369,4,[]
383,21,[]
414,3,[]
427,16,[]
453,4,[]
467,18,[]
495,6,[]
511,17,[]
538,3,[]
551,20,[]
581,7,[]
598,21,[]
629,3,[]
642,20,[]
672,6,[]
688,18,[]
716,10,[]
736,20,[]
766,133,[]
968,12,[]
990,5,[]
1005,17,[]
1032,1,[]
1043,8,[]
1061,8,[]
1079,15,[]
1104,6,[]
1120,13,[]
1143,8,[]
1161,18,[]
1189,10,[]
1209,15,[]
1234,8,[]
1252,20,[]
1282,9,[]
1301,15,[]
1326,7,[]
1343,20,[]
1373,7,[]
1390,19,[]
1419,7,[]
1436,22,[]
1468,9,[]
1487,19,[]
1516,8,[]
1534,36,[]
1639,4,[]
1653,20,[]
1683,98,[]
1850,15,[]
1875,4,[]
1889,21,[]
1920,8,[]
1938,18,[]
1966,7,[]
1983,18,[]
2011,7,[]
2028,16,[]
2054,12,[]
2076,18,[]
2104,8,[]
2122,17,[]
2149,8,[]
2167,21,[]
2198,8,[]
2216,19,[]
2245,6,[]
2261,21,[0, 1, 2, 3, 4, 5, 6, 7, 8, 9, 10, 11]
2292,7,[]
2309,22,[]
2341,5,[]
2356,25,[]
2391,7,[]
2408,23,[]
2441,6,[]
2457,24,[]
2491,8,[]
2509,20,[]
2539,87,[]
2695,14,[]
2719,6,[]
2735,17,[]
2762,4,[]
2776,17,[]
2803,6,[]
2819,17,[]
2846,9,[]
2865,18,[]
2893,6,[]
2909,16,[]
2935,7,[]
2952,18,[]
2980,7,[]
2997,16,[]
3023,9,[]
3042,17,[]
3069,7,[]
3086,13,[]
3109,10,[]
3129,17,[]
3156,5,[]
3171,17,[]
3198,10,[]
3218,17,[]
3245,8,[]
3263,20,[]
3293,7,[]
3310,13,[]
3333,109,[]
3511,7,[]
3528,3,[]
3541,16,[]
3567,5,[]
3582,16,[]
3608,5,[]
3623,21,[]
3654,5,[]
3669,27,[]
3706,7,[]
3723,24,[]
3757,9,[]
3776,23,[]
3809,6,[]
3825,24,[]
3859,6,[]
3875,18,[]
3903,4,[]
3917,21,[]
3948,5,[]
3963,19,[]
3992,3,[]
4005,20,[0, 1, 2, 3, 4, 5, 6, 7, 8, 9, 10, 11, 12, 13, 14, 15, 16, 17, 18, 19]
4035,6,[]
4051,19,[]
4080,8,[]
4098,15,[]
4123,3,[]
4136,16,[]
4162,106,[]
4337,12,[]
4359,3,[]
4372,17,[]
4399,6,[]
4415,19,[1, 2, 3, 4, 5, 6, 7, 8, 9, 10, 11]
4444,4,[]
4458,24,[]
4492,6,[]
4508,26,[]
4544,7,[]
4561,26,[]
4597,8,[]
4615,24,[]
4649,8,[]
4667,22,[]
4699,6,[]
4715,21,[]
4746,6,[]
4762,19,[]
4791,9,[]
4810,14,[]
4834,4,[]
4848,16,[]
4874,8,[]
4892,15,[]
4917,21,[]
4948,4,[]
4962,8,[]
4980,17,[]
5007,98,[]
5174,7,[]
5191,5,[]
5206,14,[]
5230,6,[]
5246,16,[]
5272,9,[]
5291,17,[]
5318,19,[]
5347,6,[]
5363,21,[]
5394,5,[]
5409,8,[]
5427,28,[]
5465,8,[]
5483,31,[]
5524,5,[]
5539,27,[]
5576,8,[]
5594,26,[]
5630,19,[]
5659,7,[]
5676,17,[]
5703,4,[]
5717,8,[]
5735,25,[]
5770,5,[]
5785,30,[]
5825,5,[]
5840,28,[]
5878,87,[]
6034,19,[]
6063,15,[]
6088,8,[]
6106,17,[]
6133,6,[]
6149,21,[]
6180,7,[]
6197,8,[]
6215,20,[]
6245,4,[]
6259,18,[]
6287,4,[]
6301,19,[]
6330,20,[]
6360,6,[]
6376,20,[]
6406,5,[]
6421,19,[]
6450,6,[]
6466,19,[]
6495,5,[]
6510,10,[]
6530,21,[]
6561,5,[]
6576,21,[]
6607,28,[]
6645,6,[]
6661,20,[]
6691,8,[]
6709,77,[]
6855,1,[]
6866,21,[]
6897,5,[]
6912,5,[]
6927,24,[]
6961,7,[]
6978,21,[]
7009,19,[]
7038,5,[]
7053,15,[]
7078,6,[]
7094,16,[]
7120,5,[]
7135,18,[]
7163,3,[]
7176,21,[]
7207,3,[]
7220,7,[]
7237,29,[]
7276,23,[]
7309,4,[]
7323,20,[]
7353,6,[]
7369,19,[]
7398,11,[]
7419,18,[]
7447,6,[]
7463,22,[]
7495,4,[]
7509,87,[]
7665,1,[]
7676,19,[5, 6, 7, 8, 9, 10, 11, 12, 13, 14, 15, 16, 17, 18]
7705,4,[]
7719,19,[]
7748,6,[]
7764,19,[]
7793,4,[]
7807,18,[]
7835,4,[]
7849,17,[]
7876,8,[]
7894,18,[]
7922,6,[]
7938,18,[]
7966,6,[]
7982,18,[]
8010,5,[]
8025,17,[]
8052,6,[]
8068,19,[]
8097,7,[]
8114,18,[]
8142,7,[]
8159,22,[]
8191,4,[]
8205,28,[]
8243,6,[]
8259,19,[]
8288,13,[]
0,33,[]
44,3,[]
58,10,[]
79,13,[]
103,13,[]
127,16,[]
154,12,[]
177,12,[]
200,9,[]
220,8,[]
239,9,[]
259,7,[]
277,14,[]
302,12,[]
325,16,[]
352,11,[]
374,13,[]
398,16,[]
425,19,[]
455,20,[]
486,22,[]
519,20,[]
550,21,[]
582,17,[]
610,19,[]
640,15,[]
666,19,[]
696,13,[]
720,18,[]
749,18,[]
778,119,[]
954,9,[]
974,8,[]
993,10,[]
1014,4,[]
1029,12,[]
1052,15,[]
1078,13,[]
1102,15,[]
1128,13,[]
1152,15,[]
1178,13,[]
1202,15,[]
1228,18,[]
1257,18,[]
1286,16,[]
1313,19,[]
1343,17,[]
1371,18,[]
1400,16,[]
1427,19,[]
1457,16,[]
1484,17,[]
1512,15,[]
1538,19,[]
1568,16,[]
1595,17,[]
1623,16,[]
1650,16,[]
1677,20,[]
1708,83,[]
1848,13,[]
1872,16,[]
1899,15,[]
1925,14,[]
1950,18,[]
1979,16,[]
2006,17,[]
2034,15,[]
2060,17,[]
2088,16,[]
2115,16,[]
2142,14,[]
2167,14,[]
2192,14,[]
2217,23,[]
2251,13,[]
2275,21,[8, 9, 10, 11, 12, 13, 14, 15, 16, 17, 18, 19]
2307,16,[]
2334,15,[]
2360,14,[]
2385,19,[]
2415,15,[]
2441,17,[]
2469,15,[]
2495,15,[]
2521,14,[]
2546,14,[]
2571,13,[]
2595,13,[]
2619,78,[]
2754,5,[]
2770,12,[]
2793,11,[]
2815,13,[]
2839,14,[]
2864,14,[]
2889,13,[]
2913,14,[]
2938,12,[]
2961,14,[]
2986,12,[]
3009,14,[]
3034,13,[]
3058,14,[]
3083,13,[]
3107,16,[]
3134,18,[]
3163,17,[]
3191,14,[]
3216,16,[]
3243,13,[]
3267,14,[]
3292,13,[]
3316,15,[]
3342,13,[]
3366,15,[]
3392,13,[]
3416,14,[]
3441,11,[]
3463,74,[]
3594,5,[]
3610,8,[]
3629,9,[]
3649,11,[]
3671,10,[]
3692,11,[]
3714,11,[]
3736,15,[]
3762,15,[]
3788,15,[]
3814,13,[]
3838,14,[]
3863,14,[]
3888,15,[]
3914,13,[]
3938,16,[]
3965,13,[]
3989,14,[]
4014,13,[]
4038,14,[]
4063,13,[]
4087,13,[]
4111,12,[]
4134,13,[]
4158,14,[]
4183,16,[]
4210,12,[]
4233,13,[]
4257,14,[]
4282,69,[]
4408,5,[]
4424,8,[]
4443,8,[]
4462,11,[]
4484,10,[]
4505,13,[]
4529,13,[]
4553,12,[]
4576,10,[]
4597,12,[]
4620,13,[]
4644,14,[]
4669,15,[]
4695,15,[]
4721,12,[]
4744,13,[]
4768,14,[]
4793,14,[]
4818,13,[]
4842,16,[]
4869,15,[]
4895,13,[]
4919,13,[]
4943,15,[]
4969,15,[]
4995,15,[]
5021,14,[]
5046,16,[]
5073,15,[]
5099,68,[]
5224,10,[]
5245,15,[]
5271,16,[]
5298,15,[]
5324,16,[]
5351,16,[]
5378,18,[]
5407,16,[]
5434,16,[]
5461,15,[]
5487,16,[]
5514,17,[]
5542,14,[]
5567,16,[]
5594,14,[]
5619,14,[]
5644,12,[]
5667,12,[]
5690,17,[]
5718,14,[]
5743,14,[]
5768,15,[]
5794,14,[]
5819,15,[]
5845,14,[]
5870,15,[]
5896,15,[]
5922,15,[]
5948,15,[]
5974,84,[]
6115,4,[]
6130,8,[]
6149,8,[]
6168,11,[]
6190,9,[]
6210,13,[]
6234,11,[]
6256,10,[]
6277,10,[]
6298,10,[]
6319,9,[]
6339,8,[]
6358,9,[]
6378,9,[]
6398,9,[]
6418,13,[]
6442,12,[]
6465,10,[]
6486,11,[]
6508,13,[]
6532,12,[]
6555,13,[0, 1, 2, 3, 4, 5, 6, 7, 8, 9, 10, 11, 12]
6579,13,[]
6603,14,[]
6628,13,[]
6652,14,[]
6677,14,[]
6702,12,[]
6725,15,[]
6751,97,[]
6905,5,[]
6921,10,[]
6942,12,[]
6965,14,[]
6990,11,[]
7012,15,[]
7038,16,[]
7065,13,[]
7089,14,[]
7114,17,[]
7142,14,[]
7167,14,[]
7192,15,[]
7218,14,[]
7243,13,[]
7267,21,[]
7299,14,[]
7324,16,[]
7351,14,[]
7376,31,[]
7418,13,[]
7442,23,[]
7476,13,[]
7500,26,[]
7537,13,[]
7561,24,[]
7596,12,[]
7619,27,[]
7657,13,[]
7681,62,[]
7800,6,[]
7817,8,[]
7836,10,[]
7857,14,[]
7882,12,[]
7905,9,[]
7925,13,[]
7949,15,[]
7975,13,[]
7999,14,[]
8024,13,[]
8048,15,[]
8074,12,[]
8097,13,[]
8121,13,[]
8145,13,[]
8169,13,[0, 1, 2, 3, 4, 5, 6, 7, 8, 9, 10, 11]
8193,13,[]
8217,13,[]
8241,14,[]
8266,13,[]
8290,13,[1, 2, 3, 4, 5, 6, 7, 8, 9, 10, 11, 12]
8314,12,[]
8337,13,[]
8361,14,[]
8386,13,[]
8410,12,[]
8433,13,[]
8457,9,[]
0,21,[]
32,1,[]
44,8,[]
63,13,[]
87,14,[]
112,13,[0, 1, 2, 3, 4, 5, 6, 7, 8, 9, 10, 11, 12]
136,12,[]
159,12,[]
182,11,[]
204,13,[]
228,13,[]
252,12,[]
275,10,[]
296,10,[]
317,10,[]
338,10,[]
359,9,[]
379,9,[]
399,13,[]
423,18,[]
452,16,[]
479,13,[]
503,12,[]
526,18,[]
555,11,[]
577,8,[]
596,10,[]
617,16,[]
644,19,[]
674,24,[]
709,85,[]
847,25,[]
883,13,[]
907,11,[]
929,8,[]
948,10,[]
969,17,[]
997,16,[]
1024,14,[]
1049,14,[]
1074,12,[]
1097,16,[]
1124,12,[]
1147,15,[]
1173,10,[]
1194,10,[]
1215,18,[]
1244,12,[]
1267,11,[]
1289,12,[]
1312,17,[]
1340,11,[]
1362,11,[]
1384,14,[]
1409,14,[]
1434,16,[]
1461,16,[]
1488,15,[]
1514,16,[]
1541,17,[]
1569,67,[]
1689,16,[]
1716,11,[]
1738,16,[]
1765,14,[]
1790,13,[]
1814,16,[]
1841,13,[]
1865,13,[]
1889,14,[]
1914,17,[]
1942,16,[]
1969,14,[]
1994,12,[]
2017,11,[]
2039,16,[]
2066,11,[]
2088,14,[]
2113,12,[]
2136,11,[]
2158,13,[]
2182,7,[]
2200,7,[]
2218,8,[]
2237,9,[]
2257,9,[]
2277,10,[]
2298,8,[]
2317,13,[]
2341,3,[]
2355,98,[]
2506,9,[]
2526,7,[]
2544,9,[]
2564,10,[]
2585,8,[]
2604,10,[]
2625,14,[]
2650,14,[]
2675,16,[]
2702,15,[]
2728,14,[]
2753,16,[]
2780,14,[]
2805,15,[]
2831,17,[]
2859,16,[]
2886,14,[]
2911,14,[]
2936,16,[]
2963,13,[]
2987,14,[]
3012,9,[]
3032,12,[]
3055,12,[]
3078,12,[]
3101,14,[]
3126,12,[]
3149,13,[]
3173,14,[]
3198,74,[]
3325,16,[]
3352,12,[]
3375,12,[]
3398,14,[]
3423,13,[]
3447,14,[2, 3, 4, 5, 6, 7, 8, 9, 10, 11, 12, 13]
3472,15,[]
3498,16,[]
3525,16,[]
3552,14,[]
3577,15,[]
3603,15,[]
3629,19,[]
3659,14,[]
3684,13,[]
3708,16,[]
3735,11,[]
3757,16,[]
3784,15,[]
3810,13,[]
3834,13,[]
3858,12,[]
3881,13,[]
3905,13,[]
3929,16,[]
3956,18,[]
3985,19,[]
4015,18,[]
4044,19,[]
4074,75,[]
4202,18,[]
4231,17,[]
4259,18,[]
4288,21,[]
4320,21,[]
4352,23,[]
4386,21,[]
4418,21,[]
4450,20,[]
4481,19,[]
4511,15,[]
4537,13,[]
4561,14,[]
4586,18,[]
4615,18,[]
4644,20,[]
4675,20,[]
4706,15,[]
4732,15,[]
4758,19,[]
4788,17,[]
4816,15,[]
4842,20,[]
4873,15,[]
4899,21,[]
4931,19,[]
4961,23,[]
4995,20,[]
5026,22,[]
5059,67,[]
5179,22,[]
5212,14,[2, 3, 4, 5, 6, 7, 8, 9, 10, 11, 12, 13]
5237,14,[]
5262,15,[]
5288,17,[]
5316,15,[]
5342,17,[]
5370,15,[]
5396,16,[]
5423,15,[]
5449,11,[]
5471,17,[]
5499,15,[]
5525,14,[]
5550,18,[]
5579,15,[]
5605,18,[]
5634,13,[]
5658,14,[]
5683,17,[]
5711,14,[]
5736,13,[]
5760,15,[]
5786,16,[]
5813,17,[]
5841,14,[]
5866,18,[]
5895,16,[]
5922,14,[]
5947,71,[]
6071,6,[]
6088,14,[]
6113,13,[]
6137,13,[]
6161,16,[]
6188,11,[]
6210,11,[]
6232,13,[]
6256,13,[]
6280,17,[]
6308,14,[]
6333,11,[]
6355,12,[]
6378,15,[]
6404,15,[]
6430,12,[]
6453,12,[]
6476,14,[]
6501,16,[]
6528,15,[]
6554,12,[]
6577,11,[]
6599,15,[]
6625,15,[]
6651,12,[0, 1, 2, 3, 4, 5, 6, 7, 8, 9, 10, 11]
6674,12,[]
6697,12,[]
6720,14,[]
6745,12,[]
6768,81,[]
6902,5,[]
6918,16,[]
6945,13,[]
6969,12,[]
6992,9,[]
7012,13,[]
7036,11,[]
7058,12,[]
7081,10,[]
7102,14,[]
7127,16,[]
7154,14,[]
7179,14,[]
7204,17,[]
7232,15,[]
7258,16,[]
7285,14,[]
7310,16,[]
7337,16,[]
7364,19,[]
7394,17,[]
7422,18,[]
7451,19,[]
7481,18,[]
7510,17,[0, 1, 2, 3, 4, 5, 6, 7, 8, 9, 10, 11, 12, 13, 14]
7538,18,[]
7567,18,[]
7596,18,[]
7625,15,[]
7651,76,[]
7780,8,[]
7799,24,[]
7834,13,[]
7858,12,[]
7881,10,[]
7902,14,[]
7927,13,[]
7951,11,[]
7973,10,[]
7994,13,[]
8018,10,[]
8039,14,[]
8064,15,[]
8090,18,[]
8119,13,[]
8143,14,[]
8168,14,[]
8193,14,[]
8218,14,[]
8243,15,[]
8269,16,[]
8296,16,[]
8323,13,[]
8347,15,[]
8373,15,[]
8399,17,[]
8427,15,[]
8453,18,[]
8482,18,[]
0,19,[]
30,1,[]
42,7,[]
60,9,[]
80,10,[]
101,9,[]
121,6,[]
138,11,[]
160,8,[]
179,9,[]
199,10,[]
220,13,[]
244,15,[]
270,14,[]
295,17,[]
323,15,[]
349,23,[]
383,14,[]
408,16,[]
435,18,[]
464,26,[]
501,17,[]
529,23,[]
563,22,[]
596,14,[]
621,22,[]
654,13,[]
678,25,[]
714,11,[]
736,23,[3, 4, 5, 6, 7, 8, 9, 10, 11, 12, 13, 14, 15, 16]
770,152,[]
995,2,[]
1008,19,[]
1038,2,[]
1051,7,[]
1069,10,[]
1090,18,[]
1119,18,[]
1148,6,[]
1165,10,[]
1186,14,[]
1211,20,[]
1242,6,[]
1259,20,[]
1290,19,[]
1320,24,[]
1355,7,[]
1373,17,[0, 1, 2, 3, 4, 5, 6, 7, 8, 9, 10, 11, 12, 13]
1401,19,[]
1431,11,[]
1453,19,[]
1483,6,[]
1500,12,[]
1523,19,[]
1553,22,[]
1586,8,[]
1605,17,[]
1633,15,[]
1659,8,[]
1678,13,[]
1702,99,[]
1874,8,[]
1893,4,[]
1908,6,[]
1925,2,[]
1938,16,[]
1965,19,[]
1995,13,[]
2019,17,[]
2047,7,[]
2065,13,[]
2089,12,[]
2112,15,[2, 3, 4, 5, 6, 7, 8, 9, 10, 11, 12, 13, 14]
2138,8,[]
2157,15,[]
2183,6,[]
2200,16,[]
2227,14,[]
2252,8,[]
2271,14,[]
2296,6,[]
2313,18,[]
2342,4,[]
2357,19,[]
2387,4,[]
2402,17,[]
2430,14,[]
2455,6,[]
2472,20,[]
2503,5,[]
2519,99,[]
2691,23,[]
2725,6,[]
2742,17,[]
2770,7,[]
2788,15,[]
2814,11,[]
2836,16,[]
2863,5,[]
2879,15,[]
2905,8,[]
2924,21,[]
2956,15,[]
2982,7,[]
3000,15,[]
3026,14,[]
3051,18,[]
3080,10,[]
3101,16,[]
3128,9,[]
3148,19,[]
3178,10,[]
3199,20,[]
3230,16,[]
3257,15,[]
3283,19,[]
3313,10,[]
3334,19,[]
3364,11,[]
3386,18,[]
3415,103,[]
3591,1,[]
3603,1,[]
3615,2,[]
3628,15,[]
3654,8,[]
3673,13,[]
3697,7,[]
3715,16,[]
3742,18,[]
3771,7,[]
3789,19,[]
3819,8,[]
3838,16,[]
3865,11,[]
3887,15,[]
3913,10,[]
3934,18,[]
3963,9,[]
3983,19,[]
4013,20,[]
4044,11,[]
4066,8,[]
4085,15,[]
4111,23,[]
4145,18,[]
4174,9,[]
4194,18,[]
4223,11,[]
4245,15,[]
4271,106,[]
4450,18,[]
4479,6,[]
4496,20,[]
4527,8,[]
4546,12,[]
4569,15,[]
4595,8,[]
4614,20,[]
4645,19,[]
4675,19,[]
4705,10,[]
4726,7,[]
4744,18,[]
4773,9,[]
4793,23,[]
4827,9,[]
4847,26,[]
4884,10,[]
4905,24,[]
4940,8,[]
4959,23,[]
4993,13,[]
5017,20,[]
5048,12,[]
5071,18,[]
5100,24,[]
5135,17,[]
5163,26,[]
5200,7,[]
5218,108,[]
5399,2,[]
5412,14,[]
5437,15,[]
5463,13,[]
5487,17,[]
5515,6,[]
5532,11,[]
5554,13,[]
5578,21,[]
5610,20,[]
5641,10,[]
5662,20,[]
5693,10,[]
5714,22,[]
5747,28,[]
5786,9,[]
5806,14,[]
5831,21,[]
5863,8,[]
5882,22,[]
5915,21,[]
5947,9,[]
5967,24,[]
6002,10,[]
6023,19,[]
6053,10,[]
6074,25,[]
6110,9,[]
6130,26,[]
6167,104,[]
6344,19,[]
6374,6,[]
6391,10,[]
6412,24,[]
6447,17,[]
6475,10,[]
6496,19,[]
6526,9,[]
6546,21,[]
6578,5,[]
6594,18,[]
6623,13,[]
6647,20,[]
6678,5,[]
6694,25,[]
6730,6,[]
6747,12,[]
6770,17,[]
6798,11,[]
6820,17,[]
6848,11,[]
6870,17,[]
6898,9,[]
6918,18,[]
6947,18,[]
6976,11,[]
6998,19,[]
7028,8,[]
7047,17,[]
7075,106,[]
7254,10,[]
7275,10,[]
7296,16,[]
7323,4,[]
7338,13,[]
7362,6,[]
7379,18,[]
7408,19,[]
7438,5,[]
7454,17,[]
7482,5,[]
7498,11,[]
7520,6,[]
7537,14,[]
7562,16,[2, 3, 4, 5, 6, 7, 8, 9, 10, 11, 12, 13]
7589,6,[]
7606,15,[]
7632,9,[]
7652,17,[]
7680,7,[]
7698,18,[]
7727,7,[]
7745,20,[]
7776,17,[]
7804,7,[]
7822,15,[]
7848,8,[]
7867,26,[]
7904,6,[]
7921,98,[]
8092,1,[]
8104,21,[]
8136,15,[]
8162,8,[]
8181,9,[]
8201,9,[]
8221,18,[]
8250,9,[]
8270,17,[]
8298,16,[]
8325,13,[]
8349,18,[]
8378,8,[]
8397,17,[]
8425,9,[]
8445,10,[]
8466,9,[]
8486,23,[]
8520,17,[]
8548,7,[]
8566,19,[]
8596,8,[]
8615,19,[]
8645,6,[]
8662,15,[]
8688,13,[]
8712,9,[]
8732,9,[]
8752,7,[]
0,45,[]
126,7,[]
144,15,[]
170,17,[]
198,18,[]
227,17,[]
255,16,[]
282,17,[]
310,16,[]
337,14,[]
362,15,[]
388,13,[]
412,16,[]
439,16,[]
466,19,[]
496,16,[]
523,18,[]
552,18,[]
581,18,[]
610,21,[]
642,19,[]
672,18,[]
701,22,[]
734,19,[]
764,20,[]
795,20,[]
826,20,[]
857,15,[]
883,19,[]
913,18,[]
942,107,[]
1130,8,[]
1149,14,[]
1174,10,[]
1195,6,[]
1212,10,[]
1233,12,[]
1256,16,[]
1283,13,[]
1307,11,[]
1329,13,[]
1353,15,[]
1379,12,[]
1402,13,[]
1426,13,[]
1450,13,[]
1474,12,[]
1497,14,[]
1522,14,[]
1547,13,[]
1571,15,[]
1597,12,[]
1620,13,[]
1644,12,[]
1667,19,[]
1697,15,[]
1723,11,[]
1745,15,[]
1771,12,[]
1794,13,[]
1818,100,[]
1999,4,[]
2014,7,[]
2032,8,[]
2051,9,[]
2071,14,[]
2096,9,[]
2116,11,[]
2138,11,[]
2160,12,[]
2183,11,[]
2205,13,[]
2229,12,[]
2252,12,[]
2275,15,[]
2301,14,[]
2326,12,[]
2349,13,[]
2373,11,[]
2395,13,[]
2419,10,[]
2440,10,[]
2461,10,[]
2482,12,[]
2505,10,[]
2526,11,[]
2548,10,[]
2569,11,[]
2591,13,[]
2615,13,[]
2639,110,[]
2830,3,[]
2844,6,[]
2861,8,[]
2880,9,[]
2900,9,[]
2920,10,[]
2941,8,[]
2960,10,[]
2981,9,[]
3001,14,[]
3026,13,[]
3050,12,[]
3073,15,[]
3099,13,[]
3123,12,[]
3146,14,[]
3171,12,[]
3194,9,[]
3214,13,[]
3238,12,[]
3261,10,[]
3282,11,[]
3304,10,[]
3325,11,[]
3347,10,[]
3368,11,[]
3390,13,[]
3414,14,[]
3439,11,[]
3461,123,[]
3665,3,[]
3679,4,[]
3694,6,[]
3711,9,[]
3731,9,[]
3751,10,[]
3772,11,[]
3794,11,[]
3816,11,[]
3838,12,[]
3861,12,[]
3884,10,[]
3905,12,[]
3928,13,[]
3952,15,[]
3978,10,[]
3999,12,[]
4022,13,[]
4046,14,[]
4071,10,[]
4092,20,[]
4123,16,[]
4150,16,[]
4177,11,[]
4199,13,[]
4223,14,[]
4248,16,[]
4275,13,[]
4299,14,[]
4324,149,[]
4554,5,[]
4570,7,[]
4588,10,[]
4609,11,[]
4631,11,[]
4653,8,[]
4672,11,[]
4694,11,[]
4716,10,[]
4737,13,[]
4761,15,[]
4787,16,[]
4814,15,[]
4840,15,[]
4866,11,[]
4888,14,[]
4913,13,[]
4937,11,[]
4959,13,[]
4983,13,[]
5007,15,[]
5033,14,[]
5058,14,[]
5083,11,[]
5105,15,[]
5131,12,[]
5154,10,[]
5175,15,[]
5201,11,[]
5223,154,[]
5458,4,[]
5473,5,[]
5489,6,[]
5506,10,[]
5527,11,[]
5549,8,[]
5568,10,[]
5589,10,[]
5610,12,[]
5633,15,[]
5659,11,[]
5681,12,[]
5704,14,[]
5729,15,[]
5755,12,[]
5778,15,[]
5804,14,[]
5829,15,[]
5855,12,[]
5878,15,[]
5904,16,[]
5931,14,[]
5956,13,[]
5980,15,[]
6006,17,[]
6034,16,[]
6061,16,[]
6088,16,[]
6115,18,[]
6144,126,[]
6351,9,[]
6371,13,[]
6395,14,[]
6420,16,[]
6447,16,[]
6474,15,[]
6500,18,[]
6529,15,[]
6555,17,[]
6583,17,[]
6611,17,[]
6639,16,[]
6666,18,[]
6695,17,[]
6723,18,[]
6752,18,[]
6781,17,[]
6809,16,[]
6836,19,[]
6866,18,[]
6895,18,[]
6924,18,[]
6953,17,[]
6981,17,[]
7009,19,[]
7039,18,[]
7068,18,[]
7097,18,[]
7126,20,[]
7157,101,[]
7339,10,[]
7360,12,[]
7383,15,[]
7409,16,[]
7436,16,[]
7463,17,[]
7491,15,[]
7517,16,[]
7544,16,[]
7571,18,[]
7600,16,[]
7627,17,[]
7655,15,[]
7681,18,[]
7710,17,[]
7738,14,[]
7763,15,[]
7789,18,[]
7818,17,[]
7846,18,[0, 1, 4, 5, 6, 7, 8, 9, 10, 11, 12, 13, 14, 15, 16, 17]
7875,17,[]
7903,16,[]
7930,17,[]
7958,16,[]
7985,15,[]
8011,15,[]
8037,14,[]
8062,15,[]
8088,13,[]
8112,92,[]
8285,4,[]
8300,7,[]
8318,7,[]
8336,8,[]
8355,8,[]
8374,9,[]
8394,7,[]
8412,9,[]
8432,9,[]
8452,9,[]
8472,11,[]
8494,11,[]
8516,11,[]
8538,13,[]
8562,12,[]
8585,13,[]
8609,15,[]
8635,15,[]
8661,12,[]
8684,16,[]
8711,14,[]
8736,16,[3, 4, 5, 6, 7, 8, 9, 10, 11, 12, 13, 14, 15]
8763,15,[]
8789,16,[]
8816,13,[]
8840,16,[]
8867,13,[]
8891,14,[]
8916,15,[]
0,58,[]
159,1,[]
170,6,[]
186,8,[]
204,10,[]
224,11,[]
245,10,[]
265,14,[]
289,13,[]
312,15,[]
337,11,[]
358,18,[]
386,19,[]
415,15,[]
440,17,[]
467,13,[]
490,13,[]
513,7,[]
530,14,[]
554,17,[]
581,18,[]
609,7,[]
626,15,[]
651,16,[]
677,16,[]
703,13,[]
726,14,[]
750,22,[]
782,18,[]
810,14,[]
834,172,[]
1107,7,[]
1124,12,[]
1146,13,[]
1169,1,[]
1180,10,[]
1200,10,[]
1220,13,[]
1243,22,[]
1275,10,[]
1295,19,[]
1324,15,[]
1349,16,[]
1375,9,[]
1394,21,[]
1425,8,[]
1443,14,[0, 1, 2, 3, 4, 5, 6, 7, 8, 9, 10, 11, 12, 13]
1467,11,[]
1488,13,[]
1511,11,[]
1532,17,[]
1559,12,[]
1581,14,[]
1605,13,[]
1628,14,[]
1652,12,[]
1674,11,[]
1695,15,[]
1720,15,[]
1745,13,[]
1768,162,[]
2031,6,[]
2047,2,[]
2059,12,[]
2081,13,[]
2104,10,[]
2124,11,[]
2145,13,[]
2168,16,[]
2194,14,[]
2218,18,[]
2246,12,[0, 1, 2, 3, 4, 5, 6, 7, 8, 9, 10, 11]
2268,16,[]
2294,11,[]
2315,11,[]
2336,10,[]
2356,26,[]
2392,15,[]
2417,16,[]
2443,20,[]
2473,17,[]
2500,16,[]
2526,15,[]
2551,12,[]
2573,16,[]
2599,16,[]
2625,15,[]
2650,11,[]
2671,16,[]
2697,13,[1, 3, 4, 5, 6, 7, 8, 9, 10, 11, 12]
2720,157,[]
2978,7,[]
2995,6,[]
3011,11,[]
3032,13,[]
3055,13,[]
3078,10,[]
3098,17,[]
3125,19,[]
3154,14,[]
3178,9,[]
3197,15,[]
3222,13,[]
3245,15,[]
3270,16,[]
3296,17,[]
3323,17,[]
3350,10,[]
3370,18,[]
3398,11,[]
3419,21,[]
3450,14,[]
3474,17,[]
3501,21,[]
3532,21,[]
3563,21,[]
3594,12,[]
3616,20,[]
3646,20,[]
3676,13,[]
3699,138,[]
3938,3,[]
3951,5,[]
3966,7,[]
3983,11,[]
4004,10,[]
4024,11,[]
4045,10,[]
4065,13,[]
4088,12,[]
4110,13,[]
4133,9,[]
4152,15,[]
4177,12,[]
4199,10,[]
4219,15,[]
4244,16,[]
4270,10,[]
4290,9,[]
4309,11,[]
4330,15,[]
4355,11,[]
4376,17,[]
4403,16,[]
4429,13,[]
4452,9,[]
4471,12,[]
4493,10,[]
4513,11,[]
4534,14,[]
4558,133,[]
4792,5,[]
4807,5,[]
4822,5,[]
4837,8,[]
4855,7,[]
4872,9,[]
4891,6,[]
4907,7,[]
4924,11,[]
4945,14,[]
4969,10,[]
4989,17,[]
5016,15,[]
5041,17,[]
5068,12,[]
5090,11,[]
5111,10,[]
5131,11,[]
5152,13,[]
5175,16,[]
5201,14,[]
5225,12,[]
5247,17,[]
5274,10,[]
5294,12,[]
5316,11,[]
5337,10,[]
5357,14,[]
5381,15,[]
5406,146,[]
5653,1,[]
5664,3,[]
5677,6,[]
5693,9,[]
5712,10,[]
5732,8,[]
5750,10,[]
5770,24,[]
5804,10,[]
5824,7,[]
5841,18,[]
5869,16,[]
5895,14,[]
5919,15,[]
5944,12,[]
5966,15,[]
5991,9,[]
6010,17,[]
6037,16,[]
6063,16,[]
6089,10,[]
6109,15,[]
6134,17,[]
6161,13,[]
6184,14,[]
6208,12,[]
6230,20,[]
6260,18,[]
6288,18,[]
6316,142,[]
6559,3,[]
6572,6,[]
6588,7,[]
6605,10,[]
6625,6,[]
6641,9,[]
6660,10,[]
6680,15,[]
6705,7,[]
6722,17,[]
6749,12,[]
6771,13,[]
6794,12,[]
6816,13,[]
6839,21,[]
6870,7,[]
6887,15,[]
6912,13,[]
6935,13,[]
6958,15,[]
6983,12,[]
7005,12,[]
7027,14,[]
7051,18,[]
7079,4,[]
7093,14,[]
7117,13,[]
7140,16,[]
7166,10,[]
7186,131,[]
7418,4,[]
7432,5,[]
7447,6,[]
7463,9,[]
7482,6,[]
7498,9,[]
7517,10,[]
7537,11,[]
7558,12,[]
7580,11,[]
7601,8,[]
7619,12,[]
7641,12,[]
7663,11,[]
7684,11,[]
7705,14,[0, 1, 2, 3, 4, 5, 6, 7, 8, 9, 10, 11]
7729,7,[]
7746,14,[]
7770,12,[]
7792,10,[]
7812,16,[]
7838,14,[]
7862,16,[]
7888,13,[]
7911,12,[]
7933,15,[]
7958,9,[]
7977,15,[]
8002,12,[]
8024,134,[]
8259,1,[]
8270,5,[]
8285,6,[]
8301,9,[]
8320,7,[]
8337,10,[]
8357,8,[]
8375,13,[]
8398,10,[]
8418,14,[]
8442,15,[]
8467,7,[]
8484,12,[]
8506,17,[]
8533,9,[]
8552,14,[]
8576,13,[]
8599,13,[]
8622,8,[]
8640,13,[]
8663,15,[]
8688,16,[]
8714,14,[]
8738,16,[1, 2, 3, 4, 5, 6, 7, 8, 9, 10, 11, 12, 13, 14, 15]
8764,8,[]
8782,13,[]
8805,10,[]
8825,12,[]
8847,10,[]
0,22,[]
33,2,[]
46,8,[]
65,13,[]
89,10,[]
110,9,[]
130,8,[]
149,9,[]
169,13,[]
193,5,[]
209,6,[]
226,6,[]
243,7,[]
261,7,[]
279,13,[]
303,14,[]
328,19,[]
358,16,[]
385,16,[]
412,19,[]
442,15,[]
468,15,[]
494,6,[]
511,6,[]
528,9,[]
548,13,[]
572,10,[]
593,12,[0, 1, 2, 3, 4, 5, 6, 7, 8, 9, 10, 11]
616,15,[]
642,17,[]
670,124,[]
853,19,[]
883,14,[]
908,8,[]
927,5,[]
943,10,[]
964,12,[]
987,10,[]
1008,11,[]
1030,12,[]
1053,11,[]
1075,13,[]
1099,9,[]
1119,9,[]
1139,13,[]
1163,8,[]
1182,12,[]
1205,15,[]
1231,9,[]
1251,11,[]
1273,11,[]
1295,9,[]
1315,8,[]
1334,8,[]
1353,10,[]
1374,8,[]
1393,9,[]
1413,11,[]
1435,14,[]
1460,8,[]
1479,120,[]
1658,6,[]
1675,9,[]
1695,10,[]
1716,9,[]
1736,10,[]
1757,9,[]
1777,12,[]
1800,11,[]
1822,14,[]
1847,11,[]
1869,11,[]
1891,12,[]
1914,11,[]
1936,15,[]
1962,16,[]
1989,19,[]
2019,19,[]
2049,20,[]
2080,18,[]
2109,19,[]
2139,19,[]
2169,20,[]
2200,18,[]
2229,23,[]
2263,23,[]
2297,23,[]
2331,20,[]
2362,20,[]
2393,18,[]
2422,98,[]
2579,15,[]
2605,20,[]
2636,18,[]
2665,20,[]
2696,19,[]
2726,20,[]
2757,20,[]
2788,22,[]
2821,24,[]
2856,22,[]
2889,21,[]
2921,20,[]
2952,24,[]
2987,23,[]
3021,25,[]
3057,22,[]
3090,23,[]
3124,24,[]
3159,22,[]
3192,27,[]
3230,31,[]
3272,23,[]
3306,23,[]
3340,23,[]
3374,19,[]
3404,22,[]
3437,19,[]
3467,24,[]
3502,20,[]
3533,91,[]
3683,10,[]
3704,13,[]
3728,14,[]
3753,20,[]
3784,18,[]
3813,19,[]
3843,18,[]
3872,20,[]
3903,18,[]
3932,19,[]
3962,18,[]
3991,15,[]
4017,16,[]
4044,14,[]
4069,18,[]
4098,15,[]
4124,18,[]
4153,15,[]
4179,18,[]
4208,15,[]
4234,16,[]
4261,16,[]
4288,16,[]
4315,16,[]
4342,17,[]
4370,16,[]
4397,16,[]
4424,16,[]
4451,15,[]
4477,72,[]
4608,8,[]
4627,10,[]
4648,11,[]
4670,12,[]
4693,12,[]
4716,13,[]
4740,11,[]
4762,13,[]
4786,14,[]
4811,12,[]
4834,13,[]
4858,14,[]
4883,10,[]
4904,12,[]
4927,14,[]
4952,14,[]
4977,14,[]
5002,16,[]
5029,15,[]
5055,14,[]
5080,14,[]
5105,15,[]
5131,15,[]
5157,18,[]
5186,17,[]
5214,16,[]
5241,17,[]
5269,17,[]
5297,15,[]
5323,66,[]
5448,6,[]
5465,10,[]
5486,10,[]
5507,13,[1, 2, 3, 4, 5, 6, 7, 8, 9, 10, 11, 12]
5531,12,[]
5554,13,[]
5578,11,[]
5600,13,[]
5624,12,[]
5647,13,[]
5671,14,[]
5696,14,[]
5721,12,[]
5744,13,[]
5768,15,[]
5794,14,[]
5819,15,[]
5845,14,[]
5870,16,[]
5897,14,[]
5922,15,[]
5948,13,[]
5972,16,[]
5999,15,[]
6025,16,[]
6052,14,[]
6077,17,[]
6105,13,[]
6129,15,[]
6155,64,[]
6278,8,[]
6297,9,[]
6317,15,[]
6343,10,[]
6364,10,[]
6385,11,[]
6407,11,[]
6429,12,[]
6452,14,[]
6477,12,[]
6500,11,[]
6522,12,[]
6545,12,[]
6568,14,[]
6593,11,[]
6615,14,[]
6640,13,[]
6664,16,[]
6691,13,[]
6715,14,[]
6740,14,[]
6765,14,[]
6790,14,[]
6815,15,[]
6841,14,[]
6866,15,[]
6892,13,[]
6916,16,[]
6943,14,[]
6968,64,[]
7091,8,[]
7110,12,[]
7133,12,[]
7156,12,[]
7179,12,[]
7202,11,[]
7224,11,[]
7246,12,[]
7269,13,[]
7293,13,[]
7317,13,[]
7341,15,[]
7367,12,[]
7390,11,[]
7412,14,[]
7437,13,[]
7461,12,[]
7484,13,[]
7508,13,[]
7532,16,[]
7559,13,[]
7583,14,[]
7608,13,[]
7632,14,[]
7657,13,[]
7681,14,[]
7706,11,[]
7728,12,[]
7751,11,[]
7773,72,[]
7904,6,[]
7921,7,[]
7939,7,[]
7957,8,[]
7976,9,[]
7996,11,[]
8018,11,[]
8040,12,[]
8063,11,[]
8085,16,[]
8112,14,[]
8137,15,[]
8163,14,[]
8188,15,[1, 2, 3, 4, 5, 6, 7, 8, 9, 10, 11, 12, 13, 14]
8214,14,[]
8239,16,[]
8266,12,[]
8289,15,[]
8315,15,[]
8341,16,[]
8368,15,[]
8394,15,[]
8420,17,[]
8448,15,[]
8474,16,[]
8501,17,[]
8529,15,[]
8555,14,[]
8580,14,[]
0,17,[]
28,1,[]
40,6,[]
57,10,[]
78,7,[]
96,7,[]
114,8,[]
133,7,[]
151,8,[]
170,8,[]
189,6,[]
206,5,[]
222,14,[]
247,14,[]
272,19,[]
302,18,[]
331,11,[]
353,11,[]
375,17,[]
403,15,[]
429,13,[]
453,13,[]
477,19,[]
507,16,[]
534,15,[]
560,14,[]
585,15,[]
611,15,[]
637,15,[]
663,14,[]
688,140,[]
909,12,[]
932,8,[]
951,5,[]
967,2,[]
980,9,[]
1000,11,[]
1022,11,[]
1044,12,[]
1067,9,[]
1087,13,[]
1111,8,[]
1130,11,[]
1152,11,[]
1174,12,[]
1197,14,[]
1222,10,[]
1243,10,[]
1264,12,[]
1287,12,[]
1310,13,[]
1334,13,[]
1358,12,[]
1381,12,[]
1404,11,[]
1426,14,[]
1451,15,[]
1477,12,[]
1500,15,[]
1526,11,[]
1548,119,[]
1748,6,[]
1765,14,[]
1790,14,[]
1815,12,[]
1838,14,[]
1863,11,[]
1885,16,[]
1912,15,[]
1938,14,[]
1963,16,[]
1990,17,[]
2018,11,[]
2040,19,[]
2070,19,[]
2100,16,[]
2127,21,[]
2159,20,[]
2190,13,[]
2214,18,[]
2243,15,[3, 4, 5, 6, 7, 8, 9, 10, 11, 12, 13, 14]
2269,18,[]
2298,18,[]
2327,20,[]
2358,11,[]
2380,19,[]
2410,22,[]
2443,16,[]
2470,18,[]
2499,18,[]
2528,122,[]
2731,9,[]
2751,12,[]
2774,13,[]
2798,15,[]
2824,15,[]
2850,14,[]
2875,17,[]
2903,20,[]
2934,19,[]
2964,15,[]
2990,11,[]
3012,12,[]
3035,15,[]
3061,16,[]
3088,16,[]
3115,16,[]
3142,16,[]
3169,10,[]
3190,18,[]
3219,23,[]
3253,17,[]
3281,16,[]
3308,18,[]
3337,15,[]
3363,17,[]
3391,14,[]
3416,15,[]
3442,17,[]
3470,12,[]
3493,122,[]
3696,7,[]
3714,10,[]
3735,12,[]
3758,13,[]
3782,11,[]
3804,13,[]
3828,13,[]
3852,16,[]
3879,16,[]
3906,15,[]
3932,15,[]
3958,12,[]
3981,15,[]
4007,17,[]
4035,16,[]
4062,17,[]
4090,16,[]
4117,9,[]
4137,17,[]
4165,14,[1, 2, 3, 4, 5, 6, 7, 8, 9, 10, 11, 12, 13]
4190,16,[]
4217,12,[]
4240,13,[]
4264,13,[]
4288,16,[]
4315,14,[]
4340,14,[]
4365,15,[]
4391,9,[]
4411,127,[]
4619,6,[]
4636,9,[]
4656,11,[]
4678,11,[]
4700,10,[]
4721,9,[]
4741,14,[]
4766,14,[]
4791,14,[]
4816,14,[]
4841,14,[]
4866,12,[]
4889,16,[]
4916,17,[]
4944,15,[]
4970,9,[]
4990,14,[]
5015,13,[]
5039,14,[]
5064,16,[]
5091,15,[]
5117,14,[]
5142,14,[]
5167,17,[]
5195,12,[]
5218,15,[]
5244,12,[]
5267,15,[]
5293,13,[]
5317,125,[]
5523,7,[]
5541,15,[]
5567,15,[]
5593,14,[]
5618,12,[]
5641,10,[]
5662,8,[]
5681,14,[]
5706,14,[]
5731,16,[0, 1, 2, 3, 4, 5, 6, 7, 8, 9, 10, 11, 12, 13, 14]
5758,16,[]
5785,14,[]
5810,17,[]
5838,18,[]
5867,18,[]
5896,20,[]
5927,15,[]
5953,12,[]
5976,14,[]
6001,15,[]
6027,12,[]
6050,15,[]
6076,18,[]
6105,12,[]
6128,19,[7, 8, 9, 10, 11, 12, 13, 14, 15, 16, 17, 18]
6158,15,[]
6184,14,[]
6209,17,[]
6237,14,[]
6262,120,[]
6463,6,[]
6480,10,[]
6501,11,[]
6523,12,[0, 1, 2, 3, 4, 5, 6, 7, 8, 9, 10, 11]
6546,12,[]
6569,9,[]
6589,13,[]
6613,16,[]
6640,14,[]
6665,15,[]
6691,14,[]
6716,17,[]
6744,10,[]
6765,14,[]
6790,16,[]
6817,16,[]
6844,12,[]
6867,9,[]
6887,11,[]
6909,13,[]
6933,15,[]
6959,12,[]
6982,13,[]
7006,15,[]
7032,9,[]
7052,13,[]
7076,12,[]
7099,15,[]
7125,13,[]
7149,110,[]
7340,4,[]
7355,5,[]
7371,9,[]
7391,8,[]
7410,10,[]
7431,10,[]
7452,9,[]
7472,12,[]
7495,10,[]
7516,11,[]
7538,12,[]
7561,7,[]
7579,12,[]
7602,13,[]
7626,11,[]
7648,14,[]
7673,14,[]
7698,9,[]
7718,34,[]
7763,20,[]
7794,14,[]
7819,16,[]
7846,16,[]
7873,8,[]
7892,15,[]
7918,18,[]
7947,14,[]
7972,13,[]
7996,12,[]
8019,97,[]
8197,6,[]
8214,7,[]
8232,8,[]
8251,9,[]
8271,8,[]
8290,6,[]
8307,10,[]
8328,12,[]
8351,10,[]
8372,28,[]
8411,19,[]
8441,10,[]
8462,12,[]
8485,11,[]
8507,11,[]
8529,12,[]
8552,11,[]
8574,11,[]
8596,11,[]
8618,14,[]
8643,12,[]
8666,13,[]
8690,11,[]
8712,17,[]
8740,21,[]
8772,16,[]
8799,17,[]
8827,20,[]
8858,14,[]
0,34,[]
45,5,[]
61,11,[]
83,6,[]
100,8,[]
119,12,[]
142,14,[]
167,9,[]
187,15,[]
213,14,[]
238,14,[]
263,15,[]
289,15,[]
315,12,[]
338,17,[]
366,14,[]
391,15,[]
417,6,[]
434,16,[]
461,14,[]
486,13,[]
510,11,[]
532,15,[]
558,18,[]
587,18,[]
616,16,[]
643,21,[]
675,17,[]
703,12,[]
726,14,[]
751,129,[]
941,17,[]
969,2,[]
982,11,[]
1004,6,[]
1021,12,[]
1044,16,[]
1071,16,[]
1098,11,[]
1120,16,[]
1147,16,[]
1174,14,[0, 1, 2, 3, 4, 5, 6, 7, 8, 9, 10, 11]
1199,8,[]
1218,15,[]
1244,13,[]
1268,14,[]
1293,12,[]
1316,15,[]
1342,17,[]
1370,17,[]
1398,15,[]
1424,16,[]
1451,10,[]
1472,19,[]
1502,20,[]
1533,23,[]
1567,30,[]
1608,5,[]
1624,25,[]
1660,23,[]
1694,80,[]
1835,17,[]
1863,18,[]
1892,6,[]
1909,19,[]
1939,20,[]
1970,17,[]
1998,9,[]
2018,20,[]
2049,22,[0, 1, 2, 3, 4, 5, 6, 7, 8, 9, 10, 11, 12, 13, 14, 15, 16, 17, 18, 19, 20, 21]
2082,23,[]
2116,21,[]
2148,21,[]
2180,12,[]
2203,42,[]
2306,22,[]
2339,19,[]
2369,9,[]
2389,30,[]
2430,19,[]
2460,18,[]
2489,22,[]
2522,7,[]
2540,23,[]
2574,19,[]
2604,20,[]
2635,19,[]
2665,21,[]
2697,10,[]
2718,19,[]
2748,80,[]
2889,13,[]
2913,5,[]
2929,17,[2, 3, 4, 5, 6, 7, 8, 9, 10, 11, 12, 13, 14]
2957,17,[]
2985,16,[]
3012,16,[]
3039,19,[]
3069,9,[]
3089,19,[]
3119,25,[]
3155,9,[]
3175,21,[]
3207,4,[]
3222,20,[]
3253,5,[]
3269,20,[]
3300,10,[]
3321,18,[]
3350,7,[]
3368,18,[]
3397,7,[]
3415,17,[]
3443,7,[]
3461,18,[]
3490,8,[]
3509,17,[]
3537,7,[]
3555,30,[]
3596,7,[]
3614,77,[]
3752,1,[]
3764,10,[]
3785,6,[]
3802,15,[]
3828,7,[]
3846,16,[]
3873,9,[]
3893,18,[]
3922,10,[]
3943,17,[]
3971,9,[]
3991,16,[]
4018,9,[]
4038,16,[]
4065,7,[]
4083,14,[]
4108,10,[]
4129,15,[]
4155,8,[]
4174,14,[]
4199,8,[]
4218,18,[]
4247,4,[]
4262,16,[]
4289,9,[]
4309,19,[]
4339,10,[]
4360,20,[]
4391,9,[]
4411,92,[]
4564,1,[]
4576,12,[]
4599,4,[]
4614,16,[]
4641,6,[]
4658,15,[]
4684,6,[]
4701,16,[]
4728,7,[]
4746,16,[]
4773,7,[]
4791,18,[]
4820,8,[]
4839,20,[]
4870,8,[]
4889,21,[]
4921,10,[]
4942,20,[]
4973,8,[]
4992,18,[]
5021,7,[]
5039,18,[]
5068,7,[]
5086,18,[]
5115,9,[]
5135,19,[]
5165,7,[]
5183,35,[]
5279,6,[]
5296,87,[]
5444,1,[]
5456,16,[]
5483,7,[]
5501,17,[]
5529,6,[]
5546,19,[]
5576,7,[]
5594,19,[]
5624,8,[]
5643,21,[]
5675,8,[]
5694,23,[]
5728,9,[]
5748,24,[]
5783,8,[]
5802,24,[]
5837,8,[]
5856,23,[0, 1, 2, 3, 4, 5, 6, 7, 8, 9, 10, 11]
5890,8,[]
5909,22,[]
5942,8,[]
5961,20,[]
5992,8,[]
6011,21,[]
6043,10,[]
6064,20,[]
6095,6,[]
6112,20,[]
6143,9,[]
6163,88,[]
6312,1,[]
6324,17,[]
6352,5,[]
6368,23,[]
6402,5,[]
6418,20,[]
6449,8,[]
6468,19,[]
6498,8,[]
6517,22,[]
6550,8,[]
6569,19,[]
6599,7,[]
6617,21,[5, 7, 8, 9, 10, 11, 12, 13, 14, 15, 16, 17, 18, 19, 20]
6649,8,[]
6668,23,[]
6702,9,[]
6722,21,[]
6754,6,[]
6771,22,[]
6804,6,[]
6821,21,[]
6853,9,[]
6873,22,[10, 11, 12, 13, 14, 15, 16, 17, 18, 19, 20, 21]
6906,6,[]
6923,20,[]
6954,7,[]
6972,32,[]
7015,7,[]
7033,85,[]
7179,1,[]
7191,14,[]
7216,8,[]
7235,17,[]
7263,5,[]
7279,19,[]
7309,7,[]
7327,19,[]
7357,8,[]
7376,21,[]
7408,9,[]
7428,21,[]
7460,8,[]
7479,20,[]
7510,7,[]
7528,25,[]
7564,7,[]
7582,22,[]
7615,6,[]
7632,21,[]
7664,9,[]
7684,21,[]
7716,6,[]
7733,24,[1, 2, 3, 4, 5, 6, 7, 8, 9, 10, 11, 12, 13, 14, 15, 16, 17, 18, 19, 20, 21, 22, 23]
7768,6,[]
7785,24,[]
7820,6,[]
7837,25,[]
7873,9,[]
7893,75,[]
8029,1,[]
8041,20,[]
8072,7,[]
8090,20,[]
8121,6,[]
8138,21,[]
8170,6,[]
8187,19,[]
8217,7,[]
8235,17,[]
8263,9,[]
8283,18,[]
8312,6,[]
8329,17,[0, 1, 2, 3, 4, 5, 6, 7, 8, 9, 10, 11, 12, 13, 14, 15, 16]
8357,6,[]
8374,17,[]
8402,8,[]
8421,17,[]
8449,7,[]
8467,19,[]
8497,8,[]
8516,20,[]
8547,8,[]
8566,18,[]
8595,8,[]
8614,17,[]
8642,8,[]
8661,29,[]
8701,8,[]
0,46,[]
103,14,[]
128,12,[]
151,4,[]
166,14,[0, 1, 2, 3, 4, 5, 6, 7, 8, 9, 10, 11, 12, 13]
191,15,[]
217,16,[]
244,12,[]
267,17,[]
295,15,[]
321,14,[]
346,14,[]
371,17,[]
399,14,[]
424,11,[]
446,11,[]
468,13,[]
492,14,[]
517,12,[]
540,11,[]
562,14,[]
587,18,[]
616,14,[]
641,15,[]
667,15,[]
693,18,[]
722,18,[]
751,18,[]
780,20,[7, 8, 9, 10, 11, 12, 13, 14, 15, 16, 17, 18, 19]
811,19,[]
841,72,[]
970,15,[]
996,19,[]
1026,18,[]
1055,11,[]
1077,11,[]
1099,14,[]
1124,17,[]
1152,17,[]
1180,18,[]
1209,18,[]
1238,21,[4, 5, 6, 7, 8, 9, 10, 11, 12, 13, 14, 15, 16, 17]
1270,17,[]
1298,20,[]
1329,17,[]
1357,13,[]
1381,15,[]
1407,13,[1, 2, 3, 4, 5, 6, 7, 8, 9, 10, 11, 12]
1431,14,[]
1456,17,[]
1484,14,[]
1509,15,[]
1535,21,[]
1567,15,[]
1593,17,[]
1621,14,[]
1646,16,[]
1673,14,[]
1698,16,[]
1725,13,[]
1749,78,[]
1884,6,[]
1901,8,[]
1920,11,[]
1942,16,[3, 4, 5, 6, 7, 8, 9, 10, 11, 12, 13, 14]
1969,11,[]
1991,12,[]
2014,10,[]
2035,13,[]
2059,11,[]
2081,19,[]
2111,13,[]
2135,12,[]
2158,11,[]
2180,16,[]
2207,14,[]
2232,13,[]
2256,12,[]
2279,14,[]
2304,12,[]
2327,17,[]
2355,11,[]
2377,15,[]
2403,13,[]
2427,15,[]
2453,19,[]
2483,11,[]
2505,12,[]
2528,11,[]
2550,14,[]
2575,89,[]
2721,6,[]
2738,10,[]
2759,10,[]
2780,12,[]
2803,10,[]
2824,10,[]
2845,12,[]
2868,12,[]
2891,14,[]
2916,14,[]
2941,12,[]
2964,22,[]
2997,12,[]
3020,12,[]
3043,15,[]
3069,16,[]
3096,14,[]
3121,14,[]
3146,12,[]
3169,14,[]
3194,13,[]
3218,14,[]
3243,14,[]
3268,14,[]
3293,13,[0, 1, 2, 3, 4, 5, 6, 7, 8, 9, 10, 11, 12]
3317,14,[]
3342,18,[]
3371,17,[]
3399,10,[]
3420,85,[]
3562,4,[]
3577,12,[]
3600,10,[]
3621,12,[]
3644,15,[]
3670,15,[]
3696,12,[]
3719,14,[]
3744,11,[]
3766,15,[]
3792,13,[]
3816,15,[]
3842,11,[]
3864,13,[]
3888,13,[]
3912,15,[]
3938,11,[]
3960,14,[]
3985,13,[]
4009,17,[]
4037,14,[]
4062,16,[]
4089,15,[]
4115,15,[]
4141,15,[]
4167,18,[]
4196,16,[]
4223,20,[]
4254,17,[]
4282,71,[]
4410,10,[]
4431,11,[]
4453,15,[]
4479,17,[]
4507,14,[]
4532,16,[]
4559,16,[]
4586,17,[]
4614,16,[]
4641,17,[]
4669,17,[]
4697,20,[]
4728,19,[]
4758,16,[]
4785,16,[]
4812,15,[]
4838,16,[]
4865,16,[]
4892,13,[]
4916,26,[]
4953,13,[]
4977,13,[]
5001,14,[]
5026,19,[]
5056,16,[]
5083,16,[]
5110,16,[]
5137,14,[]
5162,13,[]
5186,78,[]
5321,8,[]
5340,10,[]
5361,12,[]
5384,21,[]
5416,12,[]
5439,9,[]
5459,15,[]
5485,18,[]
5514,15,[]
5540,16,[]
5567,14,[]
5592,14,[]
5617,13,[]
5641,14,[]
5666,20,[]
5697,17,[]
5725,11,[]
5747,12,[]
5770,10,[]
5791,18,[4, 5, 6, 7, 8, 9, 10, 11, 12, 13, 14, 15, 16, 17]
5820,14,[]
5845,15,[]
5871,19,[]
5901,12,[]
5924,11,[]
5946,12,[]
5969,16,[]
5996,16,[]
6023,12,[]
6046,84,[]
6187,6,[]
6204,12,[]
6227,10,[]
6248,15,[]
6274,12,[]
6297,14,[]
6322,13,[]
6346,18,[]
6375,10,[]
6396,14,[]
6421,11,[]
6443,13,[0, 1, 2, 3, 4, 5, 6, 7, 8, 9, 10, 11, 12]
6467,13,[]
6491,15,[]
6517,12,[]
6540,16,[]
6567,10,[]
6588,15,[]
6614,11,[]
6636,14,[]
6661,13,[]
6685,14,[]
6710,13,[]
6734,13,[]
6758,13,[]
6782,14,[]
6807,13,[]
6831,18,[]
6860,10,[]
6881,85,[]
7023,5,[]
7039,11,[]
7061,14,[]
7086,17,[]
7114,11,[]
7136,12,[]
7159,10,[]
7180,13,[]
7204,14,[]
7229,13,[]
7253,13,[]
7277,14,[]
7302,16,[]
7329,10,[]
7350,11,[]
7372,20,[]
7403,11,[]
7425,12,[]
7448,10,[]
7469,11,[]
7491,17,[]
7519,15,[]
7545,14,[]
7570,20,[]
7601,13,[]
7625,14,[]
7650,13,[]
7674,14,[]
7699,15,[]
7725,84,[]
7866,6,[]
7883,12,[]
7906,11,[]
7928,13,[]
7952,11,[]
7974,12,[]
7997,13,[]
8021,17,[]
8049,12,[]
8072,15,[]
8098,15,[]
8124,20,[]
8155,19,[]
8185,22,[0, 4, 5, 6, 14, 15, 16, 17, 18, 19, 20, 21]
8218,22,[]
8251,20,[]
8282,20,[]
8313,19,[]
8343,18,[]
8372,19,[]
8402,19,[]
8432,18,[]
8461,19,[]
8491,20,[0, 1, 2, 3, 4, 5, 6, 7, 8, 9, 10, 11, 12, 13]
8522,16,[]
8549,17,[]
8577,17,[]
8605,16,[]
8632,15,[]
0,21,[5, 6, 7, 8, 9, 10, 11, 12, 13, 14, 15, 16]
32,5,[]
48,8,[]
67,15,[]
93,14,[]
118,11,[]
140,13,[]
164,12,[]
187,15,[3, 4, 5, 6, 7, 8, 9, 10, 11, 12, 13, 14]
213,12,[]
236,14,[]
261,12,[]
284,14,[]
309,11,[]
331,12,[]
354,14,[]
379,19,[0, 1, 2, 3, 4, 5, 6, 7, 8, 9, 10, 11, 12, 13, 14, 15, 16, 17, 18]
409,20,[]
440,20,[]
471,22,[]
504,22,[]
537,14,[]
562,16,[]
589,15,[]
615,18,[]
644,14,[]
669,17,[]
697,19,[]
727,23,[]
761,16,[]
788,94,[]
938,29,[]
978,10,[]
999,8,[]
1018,8,[]
1037,11,[]
1059,15,[]
1085,12,[]
1108,14,[]
1133,11,[]
1155,12,[]
1178,12,[]
1201,15,[]
1227,15,[]
1253,14,[]
1278,14,[]
1303,15,[]
1329,11,[]
1351,16,[]
1378,13,[]
1402,15,[]
1428,12,[]
1451,14,[]
1476,14,[]
1501,13,[]
1525,14,[]
1550,15,[]
1576,12,[]
1599,15,[]
1625,13,[]
1649,82,[]
1787,9,[]
1807,12,[]
1830,11,[]
1852,12,[]
1875,12,[]
1898,12,[]
1921,12,[]
1944,16,[]
1971,15,[]
1997,16,[]
2024,15,[]
2050,16,[]
2077,14,[]
2102,16,[]
2129,14,[]
2154,16,[]
2181,15,[]
2207,15,[]
2233,15,[]
2259,15,[]
2285,16,[]
2312,14,[]
2337,13,[]
2361,16,[]
2388,16,[]
2415,17,[]
2443,14,[]
2468,19,[]
2498,14,[]
2523,78,[]
2657,9,[]
2677,13,[]
2701,13,[]
2725,16,[]
2752,13,[]
2776,14,[]
2801,16,[]
2828,16,[]
2855,14,[]
2880,15,[]
2906,13,[]
2930,15,[]
2956,14,[]
2981,15,[]
3007,13,[]
3031,15,[]
3057,12,[]
3080,15,[]
3106,14,[]
3131,16,[4, 5, 6, 7, 8, 9, 10, 11, 12, 13, 14, 15]
3158,13,[]
3182,13,[]
3206,13,[]
3230,16,[]
3257,13,[]
3281,14,[]
3306,13,[]
3330,14,[]
3355,15,[]
3381,79,[]
3516,7,[]
3534,11,[]
3556,13,[]
3580,15,[]
3606,15,[]
3632,16,[]
3659,13,[]
3683,17,[]
3711,15,[]
3737,16,[]
3764,14,[]
3789,15,[]
3815,13,[]
3839,22,[]
3872,14,[]
3897,19,[]
3927,15,[]
3953,17,[]
3981,15,[]
4007,17,[]
4035,13,[]
4059,15,[]
4085,14,[]
4110,15,[]
4136,13,[]
4160,13,[]
4184,13,[]
4208,17,[]
4236,15,[]
4262,81,[]
4399,10,[]
4420,13,[]
4444,13,[]
4468,15,[]
4494,15,[]
4520,16,[]
4547,15,[]
4573,8,[]
4592,19,[]
4622,15,[]
4648,15,[]
4674,16,[]
4701,13,[]
4725,15,[]
4751,14,[]
4776,15,[]
4802,15,[]
4828,14,[]
4853,13,[]
4877,14,[]
4902,13,[]
4926,15,[]
4952,14,[]
4977,15,[]
5003,14,[]
5028,16,[4, 5, 6, 7, 8, 9, 10, 11, 12, 13, 14, 15]
5055,15,[]
5081,19,[]
5111,15,[]
5137,80,[]
5273,11,[]
5295,13,[]
5319,15,[]
5345,14,[]
5370,13,[]
5394,14,[]
5419,13,[]
5443,13,[]
5467,13,[]
5491,15,[]
5517,14,[]
5542,17,[]
5570,18,[]
5599,16,[]
5626,16,[]
5653,16,[3, 4, 5, 6, 7, 8, 9, 10, 11, 12, 13, 14, 15]
5680,15,[]
5706,16,[]
5733,17,[]
5761,16,[]
5788,16,[]
5815,17,[]
5843,13,[]
5867,14,[]
5892,14,[]
5917,13,[]
5941,12,[]
5964,13,[]
5988,17,[]
6016,83,[]
6155,8,[]
6174,13,[]
6198,11,[]
6220,15,[]
6246,15,[]
6272,10,[]
6293,16,[]
6320,17,[]
6348,13,[]
6372,15,[]
6398,16,[]
6425,19,[]
6455,17,[]
6483,17,[]
6511,17,[]
6539,19,[0, 1, 2, 3, 4, 5, 6, 7, 8, 9, 10, 11, 12]
6569,15,[]
6595,17,[]
6623,15,[]
6649,17,[]
6677,15,[]
6703,17,[]
6731,14,[]
6756,17,[]
6784,15,[]
6810,16,[]
6837,14,[]
6862,21,[]
6894,15,[]
6920,79,[]
7055,7,[]
7073,11,[]
7095,12,[]
7118,12,[]
7141,12,[]
7164,14,[]
7189,12,[]
7212,13,[]
7236,14,[]
7261,17,[]
7289,14,[]
7314,14,[]
7339,12,[]
7362,13,[]
7386,12,[]
7409,15,[]
7435,12,[]
7458,12,[]
7481,15,[]
7507,13,[]
7531,14,[1, 2, 3, 4, 5, 6, 7, 8, 9, 10, 11, 12, 13]
7556,16,[]
7583,15,[]
7609,16,[]
7636,12,[0, 1, 2, 3, 4, 5, 6, 7, 8, 9, 10, 11]
7659,15,[]
7685,15,[]
7711,13,[]
7735,12,[]
7758,80,[]
7894,8,[]
7913,11,[]
7935,6,[]
7952,17,[]
7980,16,[]
8007,18,[]
8036,13,[]
8060,16,[]
8087,14,[]
8112,16,[]
8139,16,[]
8166,17,[]
8194,16,[]
8221,16,[]
8248,13,[]
8272,18,[]
8301,15,[]
8327,15,[]
8353,15,[]
8379,17,[]
8407,17,[]
8435,17,[]
8463,15,[]
8489,16,[]
8516,16,[]
8543,16,[]
8570,14,[]
8595,16,[]
8622,13,[]
0,17,[]
28,1,[]
40,9,[]
60,12,[]
83,11,[]
105,9,[]
125,10,[]
146,8,[]
165,9,[]
185,6,[]
202,8,[]
221,8,[]
240,10,[]
261,7,[]
279,9,[]
299,11,[]
321,14,[]
346,8,[]
365,12,[]
388,12,[]
411,19,[]
441,15,[]
467,16,[]
494,15,[]
520,12,[]
543,26,[]
580,9,[]
600,13,[]
624,17,[]
652,14,[]
677,100,[]
850,6,[]
867,5,[]
883,6,[]
900,8,[]
919,12,[]
942,17,[]
970,15,[]
996,15,[]
1022,12,[]
1045,13,[]
1069,16,[]
1096,14,[]
1121,16,[]
1148,13,[]
1172,11,[]
1194,13,[]
1218,13,[]
1242,14,[]
1267,13,[]
1291,14,[]
1316,11,[]
1338,12,[0, 1, 2, 3, 4, 5, 6, 7, 8, 9, 10, 11]
1361,13,[]
1385,15,[]
1411,25,[]
1447,16,[]
1474,11,[]
1496,15,[]
1522,10,[]
1543,104,[]
1720,7,[]
1738,5,[]
1754,12,[]
1777,11,[]
1799,12,[]
1822,12,[]
1845,10,[]
1866,13,[]
1890,12,[]
1913,12,[]
1936,10,[]
1957,11,[]
1979,11,[]
2001,14,[]
2026,10,[]
2047,11,[]
2069,10,[]
2090,11,[]
2112,13,[]
2136,15,[]
2162,12,[]
2185,11,[]
2207,11,[]
2229,14,[]
2254,13,[]
2278,23,[]
2312,16,[]
2339,15,[0, 1, 2, 3, 4, 5, 6, 7, 8, 9, 10, 11, 12, 13, 14]
2365,11,[]
2387,103,[]
2563,7,[]
2581,11,[]
2603,12,[0, 1, 2, 3, 4, 5, 6, 7, 8, 9, 10, 11]
2626,13,[]
2650,13,[]
2674,16,[]
2701,12,[]
2724,9,[]
2744,13,[]
2768,14,[]
2793,13,[]
2817,17,[]
2845,13,[]
2869,14,[]
2894,14,[]
2919,18,[]
2948,16,[]
2975,17,[]
3003,15,[]
3029,18,[6, 7, 8, 9, 10, 11, 12, 13, 14, 15, 16, 17]
3058,16,[]
3085,16,[]
3112,16,[]
3139,18,[]
3168,15,[]
3194,15,[]
3220,26,[]
3257,13,[]
3281,13,[]
3305,104,[]
3482,7,[]
3500,9,[]
3520,11,[]
3542,15,[]
3568,12,[]
3591,12,[]
3614,13,[]
3638,16,[]
3665,15,[]
3691,15,[]
3717,15,[]
3743,15,[]
3769,14,[]
3794,8,[]
3813,15,[]
3839,15,[]
3865,14,[]
3890,14,[]
3915,14,[]
3940,17,[]
3968,16,[]
3995,15,[]
4021,14,[]
4046,17,[]
4074,9,[]
4094,13,[]
4118,15,[]
4144,14,[]
4169,9,[]
4189,114,[]
4376,7,[]
4394,10,[]
4415,12,[]
4438,11,[]
4460,11,[]
4482,10,[]
4503,10,[]
4524,11,[]
4546,11,[]
4568,10,[]
4589,10,[]
4610,12,[]
4633,11,[]
4655,12,[]
4678,12,[]
4701,14,[]
4726,12,[]
4749,12,[]
4772,12,[]
4795,15,[]
4821,11,[]
4843,14,[]
4868,12,[]
4891,14,[]
4916,13,[]
4940,11,[]
4962,12,[0, 1, 2, 3, 4, 5, 6, 7, 8, 9, 10, 11]
4985,13,[]
5009,15,[]
5035,114,[]
5222,6,[]
5239,9,[]
5259,12,[]
5282,13,[]
5306,14,[]
5331,16,[]
5358,15,[]
5384,8,[]
5403,16,[]
5430,13,[]
5454,13,[]
5478,15,[]
5504,12,[]
5527,12,[]
5550,13,[]
5574,15,[]
5600,11,[]
5622,16,[]
5649,11,[]
5671,12,[]
5694,11,[]
5716,14,[]
5741,13,[]
5765,15,[]
5791,14,[]
5816,13,[]
5840,13,[]
5864,16,[]
5891,11,[]
5913,111,[]
6097,17,[]
6125,11,[]
6147,17,[]
6175,18,[]
6204,16,[]
6231,14,[]
6256,16,[]
6283,20,[]
6314,19,[]
6344,19,[]
6374,18,[]
6403,24,[0, 1, 2, 3, 4, 5, 6, 7, 8, 9, 10, 11, 12]
6438,22,[]
6471,19,[]
6501,23,[]
6535,24,[]
6570,24,[]
6605,25,[]
6641,21,[]
6673,22,[]
6706,19,[]
6736,19,[]
6766,13,[]
6790,21,[]
6822,15,[]
6848,15,[]
6874,12,[]
6897,15,[]
6923,15,[]
6949,108,[]
7130,7,[]
7148,12,[]
7171,22,[]
7204,10,[]
7225,14,[]
7250,16,[]
7277,17,[]
7305,19,[]
7335,17,[]
7363,17,[]
7391,9,[]
7411,16,[]
7438,15,[]
7464,14,[]
7489,16,[]
7516,19,[]
7546,35,[]
7654,8,[]
7673,17,[]
7701,17,[]
7729,13,[]
7753,11,[]
7775,15,[]
7801,26,[]
7838,28,[]
7877,20,[]
7908,20,[]
7939,12,[]
7962,10,[]
7983,106,[]
8162,6,[]
8179,11,[]
8201,13,[]
8225,12,[]
8248,9,[]
8268,9,[]
8288,10,[]
8309,11,[]
8331,23,[]
8365,14,[]
8390,10,[]
8411,13,[]
8435,12,[]
8458,13,[]
8482,15,[]
8508,16,[]
8535,7,[]
8553,16,[]
8580,8,[]
8599,17,[]
8627,14,[]
8652,13,[]
8676,12,[]
8699,13,[]
8723,12,[]
8746,11,[]
8768,13,[]
8792,13,[]
8816,14,[]
0,51,[]
121,1,[]
133,1,[]
145,1,[]
157,5,[]
173,21,[]
205,7,[]
223,31,[]
265,3,[]
279,14,[]
304,6,[]
321,20,[]
352,8,[]
371,32,[]
414,10,[]
435,21,[]
467,22,[]
500,10,[]
521,7,[]
539,25,[]
575,27,[]
613,7,[]
631,23,[]
665,8,[]
684,9,[]
704,25,[]
740,24,[]
775,9,[]
795,3,[]
809,8,[]
828,140,[]
1038,1,[]
1050,17,[]
1078,5,[]
1094,16,[]
1121,5,[]
1137,24,[]
1172,8,[]
1191,23,[]
1225,6,[]
1242,28,[]
1281,8,[]
1300,22,[]
1333,4,[]
1348,25,[]
1384,4,[]
1399,25,[]
1435,23,[]
1469,7,[]
1487,23,[]
1521,8,[]
1540,12,[]
1563,13,[]
1587,53,[]
1710,4,[]
1725,18,[]
1754,9,[]
1774,25,[]
1810,9,[]
1830,22,[]
1863,112,[]
2045,19,[]
2075,5,[]
2091,20,[]
2122,9,[]
2142,19,[]
2172,3,[]
2186,7,[]
2204,38,[]
2312,9,[]
2332,4,[]
2347,19,[]
2377,22,[]
2410,9,[]
2430,36,[]
2536,9,[]
2556,16,[]
2583,9,[]
2603,26,[]
2640,5,[]
2656,22,[]
2689,7,[]
2707,23,[]
2741,7,[]
2759,10,[]
2780,52,[]
2902,5,[]
2918,9,[]
2938,19,[]
2968,2,[]
2981,105,[]
3156,1,[]
3168,17,[]
3196,23,[]
3230,8,[]
3249,21,[]
3281,7,[]
3299,36,[]
3405,6,[]
3422,17,[]
3450,6,[]
3467,24,[]
3502,6,[]
3519,22,[]
3552,7,[]
3570,22,[]
3603,26,[]
3640,9,[]
3660,7,[]
3678,23,[]
3712,6,[]
3729,8,[]
3748,45,[]
3863,4,[]
3878,7,[]
3896,18,[]
3925,7,[]
3943,19,[]
3973,10,[]
3994,20,[]
4025,95,[]
4190,10,[]
4211,12,[]
4234,5,[]
4250,24,[]
4285,3,[]
4299,13,[]
4323,5,[]
4339,19,[]
4369,8,[]
4388,17,[]
4416,8,[]
4435,16,[]
4462,15,[]
4488,6,[]
4505,7,[]
4523,23,[]
4557,4,[]
4572,6,[]
4589,51,[]
4710,4,[]
4725,8,[]
4744,17,[]
4772,4,[]
4787,21,[]
4819,16,[]
4846,7,[]
4864,23,[]
4898,9,[]
4918,6,[]
4935,88,[]
5093,1,[]
5105,1,[]
5117,16,[]
5144,6,[]
5161,15,[]
5187,6,[]
5204,16,[]
5231,7,[]
5249,19,[]
5279,7,[]
5297,27,[]
5335,8,[]
5354,17,[]
5382,7,[]
5400,19,[]
5430,6,[]
5447,18,[]
5476,8,[]
5495,7,[]
5513,22,[]
5546,6,[]
5563,40,[]
5673,5,[]
5689,16,[]
5716,7,[]
5734,20,[]
5765,8,[]
5784,31,[]
5826,4,[]
5841,89,[]
6000,8,[]
6019,8,[]
6038,6,[]
6055,15,[]
6081,5,[]
6097,12,[]
6120,4,[]
6135,16,[]
6162,15,[]
6188,8,[]
6207,22,[]
6240,9,[]
6260,26,[]
6297,9,[]
6317,16,[]
6344,7,[]
6362,8,[]
6381,68,[]
6519,4,[]
6534,5,[]
6550,5,[]
6566,23,[]
6600,6,[]
6617,6,[]
6634,34,[]
6679,5,[]
6695,7,[]
6713,32,[]
6756,6,[]
6773,96,[]
6939,19,[]
6969,4,[]
6984,13,[]
7008,12,[]
7031,4,[]
7046,32,[]
7089,5,[]
7105,15,[]
7131,6,[]
7148,16,[]
7175,7,[]
7193,16,[]
7220,5,[]
7236,21,[]
7268,6,[]
7285,19,[0, 1, 2, 3, 4, 5, 6, 7, 8, 9, 10, 11, 12, 13, 14, 15, 16]
7315,7,[]
7333,11,[]
7355,32,[]
7398,9,[]
7418,8,[]
7437,17,[]
7465,9,[]
7485,16,[]
7512,6,[]
7529,18,[]
7558,8,[]
7577,19,[]
7607,18,[]
7636,93,[]
7799,9,[]
7819,7,[]
7837,8,[]
7856,6,[]
7873,26,[]
7910,7,[]
7928,17,[]
7956,8,[]
7975,17,[]
8003,31,[]
8045,9,[]
8065,7,[]
8083,22,[]
8116,7,[]
8134,20,[]
8165,5,[]
8181,7,[]
8199,32,[]
8242,6,[]
8259,6,[]
8276,19,[]
8306,18,[]
8335,9,[]
8355,17,[]
8383,8,[]
8402,16,[]
8429,8,[]
8448,16,[]
8475,7,[]
8493,90,[]
8653,1,[]
8665,17,[]
8693,3,[]
8707,5,[]
8723,13,[]
8747,8,[]
8766,7,[]
8784,15,[]
8810,6,[]
8827,15,[]
8853,6,[]
8870,14,[]
8895,7,[]
8913,31,[]
8955,10,[]
8976,13,[]
9000,9,[]
9020,14,[]
9045,12,[]
9068,7,[]
9086,16,[]
9113,6,[]
9130,17,[]
9158,7,[]
9176,16,[]
9203,5,[]
9219,15,[]
9245,6,[]
9262,29,[]
0,30,[]
41,1,[]
53,15,[]
79,5,[]
95,20,[]
126,6,[]
143,22,[]
176,10,[]
197,23,[]
231,9,[]
251,18,[]
280,17,[]
308,11,[]
330,10,[]
351,22,[]
384,8,[]
403,21,[]
435,9,[]
455,17,[]
483,6,[]
500,17,[]
528,6,[]
545,28,[]
584,18,[]
613,7,[]
631,29,[]
671,7,[]
689,9,[]
709,20,[]
740,6,[]
757,75,[]
890,1,[]
902,11,[]
924,9,[]
944,6,[]
961,15,[]
987,11,[]
1009,23,[]
1043,8,[]
1062,22,[]
1095,6,[]
1112,12,[]
1135,18,[]
1164,12,[]
1187,20,[]
1218,6,[]
1235,21,[]
1267,18,[]
1296,12,[]
1319,22,[]
1352,8,[]
1371,23,[]
1405,6,[]
1422,24,[]
1457,14,[]
1482,16,[]
1509,21,[]
1541,11,[]
1563,21,[]
1595,16,[]
1622,83,[]
1763,13,[]
1787,6,[]
1804,16,[]
1831,12,[]
1854,20,[]
1885,9,[]
1905,20,[]
1936,10,[]
1957,11,[]
1979,22,[]
2012,16,[]
2039,13,[]
2063,18,[]
2092,12,[]
2115,21,[]
2147,8,[]
2166,22,[]
2199,6,[]
2216,20,[]
2247,8,[]
2266,22,[]
2299,12,[]
2322,20,[]
2353,8,[]
2372,17,[3, 4, 5, 6, 7, 8, 9, 10, 11, 12, 13, 14, 15, 16]
2400,13,[]
2424,20,[]
2455,8,[]
2474,19,[]
2504,85,[]
2647,9,[]
2667,6,[]
2684,17,[]
2712,7,[]
2730,21,[]
2762,7,[]
2780,17,[]
2808,10,[]
2829,16,[0, 1, 2, 3, 4, 5, 6, 7, 8, 9, 10, 11, 12]
2856,12,[]
2879,19,[]
2909,8,[]
2928,21,[]
2960,6,[]
2977,20,[]
3008,8,[]
3027,20,[]
3058,12,[]
3081,20,[]
3112,8,[]
3131,21,[]
3163,11,[]
3185,22,[]
3218,7,[]
3236,17,[]
3264,12,[]
3287,19,[]
3317,8,[]
3336,16,[]
3363,82,[]
3503,13,[]
3527,5,[]
3543,19,[]
3573,7,[]
3591,20,[]
3622,11,[]
3644,18,[]
3673,13,[]
3697,31,[]
3739,22,[]
3772,30,[]
3813,22,[]
3846,19,[]
3876,21,[]
3908,22,[]
3941,21,[]
3973,21,[]
4005,27,[]
4043,6,[]
4060,17,[]
4088,10,[]
4109,29,[]
4149,12,[]
4172,22,[4, 5, 6, 7, 8, 9, 10, 11, 12, 13, 14, 15, 16, 17, 18, 19, 20, 21]
4205,9,[]
4225,21,[]
4257,14,[]
4282,21,[]
4314,7,[]
4332,73,[]
4463,1,[]
4475,14,[]
4500,10,[]
4521,15,[]
4547,12,[]
4570,19,[]
4600,12,[]
4623,17,[]
4651,10,[]
4672,19,[]
4702,11,[]
4724,20,[]
4755,6,[]
4772,19,[]
4802,6,[]
4819,21,[]
4851,15,[]
4877,8,[]
4896,10,[]
4917,21,[]
4949,7,[]
4967,17,[]
4995,6,[]
5012,15,[]
5038,12,[]
5061,14,[]
5086,12,[]
5109,15,[]
5135,14,[]
5160,86,[]
5304,9,[]
5324,6,[]
5341,8,[]
5360,16,[]
5387,8,[]
5406,12,[]
5429,11,[]
5451,15,[]
5477,9,[]
5497,13,[]
5521,14,[]
5546,8,[]
5565,15,[]
5591,9,[]
5611,14,[]
5636,11,[]
5658,11,[]
5680,19,[]
5710,8,[]
5729,19,[]
5759,7,[]
5777,17,[]
5805,12,[]
5828,14,[]
5853,14,[]
5878,8,[]
5897,18,[]
5926,9,[]
5946,17,[]
5974,89,[]
6121,1,[]
6133,11,[]
6155,9,[]
6175,13,[]
6199,14,[]
6224,8,[]
6243,19,[]
6273,8,[]
6292,19,[]
6322,6,[]
6339,19,[]
6369,8,[]
6388,19,[]
6418,12,[]
6441,21,[]
6473,6,[]
6490,17,[]
6518,12,[]
6541,19,[]
6571,6,[]
6588,18,[]
6617,12,[]
6640,20,[]
6671,6,[]
6688,18,[]
6717,11,[]
6739,20,[]
6770,12,[]
6793,18,[]
6822,87,[]
6967,8,[]
6986,12,[]
7009,11,[]
7031,13,[]
7055,16,[]
7082,9,[]
7102,17,[]
7130,8,[]
7149,19,[]
7179,7,[]
7197,17,[]
7225,9,[]
7245,18,[]
7274,11,[]
7296,18,[]
7325,11,[]
7347,17,[]
7375,11,[]
7397,17,[]
7425,11,[]
7447,18,[]
7476,11,[]
7498,17,[]
7526,11,[]
7548,18,[]
7577,11,[]
7599,17,[]
7627,10,[]
7648,17,[]
7676,99,[]
7833,10,[]
7854,8,[]
7873,13,[]
7897,7,[]
7915,20,[]
7946,5,[]
7962,19,[]
7992,8,[]
8011,21,[]
8043,11,[]
8065,20,[]
8096,8,[]
8115,21,[]
8147,8,[]
8166,20,[]
8197,10,[]
8218,20,[]
8249,12,[]
8272,20,[]
8303,11,[]
8325,20,[]
8356,10,[]
8377,22,[]
8410,12,[]
8433,20,[]
8464,10,[]
8485,22,[]
8518,11,[]
8540,15,[]
0,52,[]
139,6,[]
155,7,[]
172,12,[]
194,12,[]
216,11,[]
237,11,[]
258,12,[]
280,11,[]
301,8,[]
319,10,[]
339,10,[]
359,13,[]
382,11,[]
403,11,[]
424,10,[]
444,12,[]
466,10,[]
486,12,[]
508,12,[]
530,13,[]
553,12,[]
575,14,[]
599,18,[]
627,18,[]
655,18,[]
683,19,[]
712,18,[]
740,16,[]
766,28,[]
804,125,[]
1016,10,[]
1036,12,[]
1058,19,[]
1087,7,[]
1104,9,[]
1123,26,[]
1159,14,[]
1183,16,[]
1209,14,[]
1233,16,[]
1259,14,[]
1283,15,[]
1308,17,[]
1335,12,[]
1357,17,[]
1384,16,[]
1410,12,[]
1432,18,[]
1460,12,[0, 1, 2, 3, 4, 5, 6, 7, 8, 9, 10, 11]
1482,15,[]
1507,15,[]
1532,17,[]
1559,14,[]
1583,22,[]
1615,11,[]
1636,13,[]
1659,18,[]
1687,17,[]
1714,30,[]
1754,120,[]
1961,5,[]
1976,7,[]
1993,9,[]
2012,13,[]
2035,11,[]
2056,14,[]
2080,12,[]
2102,13,[]
2125,12,[]
2147,12,[]
2169,11,[]
2190,13,[]
2213,9,[]
2232,14,[]
2256,14,[]
2280,15,[]
2305,11,[]
2326,12,[]
2348,11,[]
2369,12,[]
2391,11,[]
2412,13,[]
2435,11,[]
2456,14,[]
2480,10,[]
2500,12,[]
2522,12,[]
2544,13,[]
2567,19,[]
2596,113,[]
2796,5,[]
2811,10,[]
2831,10,[]
2851,11,[]
2872,10,[]
2892,11,[]
2913,12,[]
2935,13,[]
2958,12,[]
2980,13,[]
3003,13,[]
3026,14,[]
3050,12,[]
3072,14,[]
3096,12,[]
3118,15,[]
3143,12,[]
3165,14,[]
3189,10,[]
3209,14,[]
3233,11,[]
3254,15,[]
3279,14,[]
3303,15,[]
3328,11,[]
3349,13,[]
3372,11,[]
3393,12,[]
3415,24,[4, 5, 8, 9, 10, 11, 12, 13, 14, 15, 16, 17, 18, 19, 20]
3449,118,[]
3654,7,[]
3671,10,[]
3691,11,[]
3712,13,[]
3735,10,[]
3755,13,[]
3778,12,[]
3800,15,[]
3825,12,[]
3847,13,[]
3870,12,[]
3892,14,[]
3916,16,[]
3942,16,[]
3968,14,[]
3992,18,[]
4020,12,[]
4042,14,[]
4066,13,[]
4089,15,[]
4114,13,[]
4137,13,[]
4160,13,[]
4183,17,[]
4210,11,[]
4231,13,[]
4254,12,[]
4276,14,[]
4300,24,[]
4334,125,[]
4546,6,[]
4562,12,[]
4584,11,[]
4605,11,[]
4626,12,[]
4648,11,[]
4669,12,[]
4691,15,[]
4716,13,[]
4739,14,[]
4763,14,[]
4787,15,[]
4812,14,[]
4836,16,[]
4862,13,[]
4885,18,[]
4913,12,[]
4935,13,[]
4958,12,[]
4980,15,[]
5005,16,[]
5031,17,[]
5058,14,[]
5082,23,[]
5115,12,[]
5137,13,[]
5160,10,[]
5180,11,[]
5201,27,[]
5238,129,[]
5454,4,[]
5468,11,[0, 1, 2, 3, 4, 5, 6, 7, 8, 9, 10]
5489,10,[]
5509,12,[]
5531,10,[]
5551,11,[]
5572,13,[]
5595,14,[]
5619,12,[]
5641,13,[]
5664,15,[]
5689,16,[]
5715,15,[]
5740,18,[]
5768,12,[]
5790,16,[]
5816,12,[0, 1, 2, 3, 4, 5, 6, 7, 8, 9, 10, 11]
5838,14,[]
5862,12,[]
5884,18,[]
5912,13,[]
5935,16,[]
5961,11,[]
5982,14,[]
6006,11,[]
6027,13,[]
6050,12,[]
6072,15,[]
6097,28,[]
6135,136,[]
6358,3,[]
6371,8,[]
6389,9,[]
6408,11,[]
6429,8,[]
6447,9,[]
6466,11,[]
6487,13,[]
6510,13,[]
6533,15,[]
6558,13,[]
6581,13,[]
6604,10,[]
6624,10,[]
6644,11,[]
6665,11,[]
6686,11,[]
6707,10,[]
6727,11,[]
6748,13,[0, 1, 2, 3, 4, 5, 6, 7, 8, 9, 10, 11, 12]
6771,14,[]
6795,15,[]
6820,16,[]
6846,18,[]
6874,11,[]
6895,13,[]
6918,10,[]
6938,14,[]
6962,30,[]
7002,137,[]
7226,4,[]
7240,5,[]
7255,8,[]
7273,9,[]
7292,8,[]
7310,9,[]
7329,11,[]
7350,13,[]
7373,10,[]
7393,13,[]
7416,12,[]
7438,11,[]
7459,13,[]
7482,12,[]
7504,13,[]
7527,13,[]
7550,17,[]
7577,14,[]
7601,16,[]
7627,11,[]
7648,14,[]
7672,12,[]
7694,13,[]
7717,14,[]
7741,19,[]
7770,13,[]
7793,14,[]
7817,12,[]
7839,34,[]
7883,129,[]
8099,4,[]
8113,5,[]
8128,7,[]
8145,11,[0, 1, 2, 3, 4, 5, 6, 7, 8, 9, 10]
8166,9,[]
8185,9,[]
8204,9,[]
8223,11,[]
8244,12,[]
8266,11,[]
8287,8,[]
8305,11,[]
8326,11,[]
8347,12,[]
8369,11,[]
8390,13,[]
8413,15,[]
8438,12,[]
8460,12,[]
8482,16,[]
8508,9,[]
8527,10,[]
8547,12,[]
8569,13,[]
8592,10,[]
8612,11,[]
8633,11,[]
8654,14,[]
8678,3,[]
0,48,[]
115,7,[]
132,7,[]
149,9,[]
168,12,[]
190,19,[]
219,8,[]
237,7,[]
254,7,[]
271,7,[]
288,13,[]
311,11,[]
332,11,[]
353,11,[]
374,9,[]
393,10,[]
413,13,[]
436,9,[]
455,11,[]
476,10,[]
496,12,[]
518,12,[]
540,12,[]
562,16,[]
588,10,[]
608,14,[]
632,14,[]
656,15,[]
681,15,[]
706,14,[]
730,137,[]
934,5,[]
949,10,[]
969,10,[]
989,7,[]
1006,4,[]
1020,9,[]
1039,11,[]
1060,8,[]
1078,8,[]
1096,9,[]
1115,10,[]
1135,11,[]
1156,10,[]
1176,8,[]
1194,11,[]
1215,9,[]
1234,13,[]
1257,12,[]
1279,12,[]
1301,9,[]
1320,9,[]
1339,11,[]
1360,12,[]
1382,10,[]
1402,11,[]
1423,14,[]
1447,15,[]
1472,8,[]
1490,9,[]
1509,135,[]
1711,3,[]
1724,8,[]
1742,7,[]
1759,8,[]
1777,9,[]
1796,10,[]
1816,11,[]
1837,10,[]
1857,12,[0, 1, 2, 3, 4, 5, 6, 7, 8, 9, 10, 11]
1879,11,[]
1900,13,[]
1923,9,[]
1942,10,[]
1962,16,[]
1988,14,[]
2012,10,[]
2032,11,[]
2053,11,[]
2074,13,[]
2097,11,[]
2118,19,[]
2147,17,[]
2174,15,[]
2199,18,[]
2227,19,[]
2256,18,[]
2284,18,[]
2312,18,[]
2340,25,[]
2375,88,[]
2530,11,[]
2551,11,[]
2572,13,[]
2595,14,[]
2619,11,[]
2640,12,[]
2662,16,[]
2688,24,[]
2722,14,[]
2746,20,[]
2776,18,[]
2804,19,[]
2833,22,[]
2865,17,[]
2892,14,[0, 1, 2, 3, 4, 5, 6, 7, 8, 9, 10, 11, 12, 13]
2916,14,[]
2940,23,[]
2973,14,[]
2997,16,[]
3023,19,[]
3052,22,[]
3084,16,[]
3110,18,[]
3138,19,[]
3167,19,[]
3196,17,[]
3223,19,[]
3252,18,[]
3280,15,[]
3305,80,[]
3452,11,[]
3473,18,[]
3501,12,[]
3523,13,[]
3546,11,[]
3567,14,[]
3591,16,[]
3617,18,[]
3645,17,[]
3672,16,[]
3698,14,[]
3722,14,[]
3746,14,[]
3770,15,[]
3795,15,[]
3820,18,[]
3848,13,[]
3871,16,[]
3897,14,[]
3921,15,[]
3946,12,[]
3968,15,[]
3993,15,[]
4018,13,[]
4041,14,[]
4065,15,[]
4090,17,[]
4117,14,[]
4141,16,[]
4167,95,[]
4329,10,[]
4349,16,[]
4375,14,[]
4399,16,[]
4425,17,[]
4452,19,[]
4481,20,[]
4511,17,[]
4538,17,[]
4565,18,[]
4593,19,[]
4622,21,[]
4653,19,[]
4682,18,[]
4710,18,[]
4738,19,[]
4767,19,[]
4796,22,[]
4828,20,[]
4858,19,[]
4887,19,[]
4916,18,[]
4944,16,[]
4970,24,[]
5004,20,[]
5034,17,[]
5061,18,[]
5089,19,[]
5118,20,[]
5148,74,[]
5289,8,[]
5307,9,[]
5326,12,[]
5348,12,[]
5370,14,[]
5394,13,[]
5417,11,[]
5438,14,[]
5462,16,[]
5488,14,[]
5512,16,[]
5538,16,[]
5564,16,[]
5590,12,[]
5612,12,[]
5634,10,[]
5654,10,[]
5674,17,[]
5701,19,[]
5730,17,[]
5757,9,[]
5776,13,[]
5799,12,[]
5821,12,[]
5843,13,[]
5866,12,[]
5888,14,[1, 2, 3, 4, 5, 6, 7, 8, 9, 10, 11]
5912,11,[]
5933,16,[]
5959,73,[]
6099,6,[]
6115,6,[]
6131,8,[]
6149,11,[]
6170,7,[]
6187,9,[]
6206,11,[]
6227,11,[]
6248,12,[]
6270,9,[]
6289,15,[]
6314,14,[]
6338,12,[]
6360,9,[]
6379,14,[]
6403,14,[]
6427,14,[]
6451,11,[0, 1, 2, 3, 4, 5, 6, 7, 8, 9, 10]
6472,13,[]
6495,14,[]
6519,15,[]
6544,11,[]
6565,11,[]
6586,14,[]
6610,14,[]
6634,11,[]
6655,9,[]
6674,16,[]
6700,15,[]
6725,85,[]
6877,2,[]
6889,9,[]
6908,11,[]
6929,10,[]
6949,7,[]
6966,12,[]
6988,12,[]
7010,14,[]
7034,11,[]
7055,13,[]
7078,10,[]
7098,12,[]
7120,8,[]
7138,12,[]
7160,14,[]
7184,12,[]
7206,7,[]
7223,10,[]
7243,13,[]
7266,10,[]
7286,8,[]
7304,10,[]
7324,15,[]
7349,13,[]
7372,9,[]
7391,11,[]
7412,9,[]
7431,11,[]
7452,10,[]
7472,100,[]
7639,2,[]
7651,6,[]
7667,8,[]
7685,11,[]
7706,7,[]
7723,10,[]
7743,9,[]
7762,12,[]
7784,11,[]
7805,8,[]
7823,11,[]
7844,13,[]
7867,13,[]
7890,11,[]
7911,11,[]
7932,13,[]
7955,8,[]
7973,12,[]
7995,12,[]
8017,13,[]
8040,13,[]
8063,12,[]
8085,14,[]
8109,15,[]
8134,10,[]
8154,13,[]
8177,11,[]
8198,11,[]
8219,4,[]
0,27,[]
38,7,[]
56,10,[]
77,14,[]
102,12,[]
125,12,[]
148,13,[0, 1, 2, 3, 4, 5, 6, 7, 8, 9, 10, 11, 12]
172,12,[]
195,14,[]
220,11,[]
242,17,[]
270,12,[]
293,13,[]
317,10,[]
338,12,[]
361,12,[]
384,12,[]
407,11,[]
429,14,[]
454,11,[]
476,14,[]
501,12,[]
524,14,[]
549,13,[]
573,16,[]
600,17,[]
628,16,[]
655,15,[]
681,18,[]
710,16,[]
737,61,[]
854,12,[]
877,16,[]
904,15,[]
930,9,[]
950,16,[]
977,15,[]
1003,17,[]
1031,16,[]
1058,15,[]
1084,21,[]
1116,18,[]
1145,17,[]
1173,14,[]
1198,17,[]
1226,17,[]
1254,16,[]
1281,17,[]
1309,16,[]
1336,17,[]
1364,17,[]
1392,18,[]
1421,16,[]
1448,19,[]
1478,17,[]
1506,19,[]
1536,18,[]
1565,19,[]
1595,15,[]
1621,17,[]
1649,68,[]
1773,12,[]
1796,13,[]
1820,16,[]
1847,15,[]
1873,15,[]
1899,14,[]
1924,13,[]
1948,14,[]
1973,15,[]
1999,19,[]
2029,14,[]
2054,15,[]
2080,15,[]
2106,15,[]
2132,15,[]
2158,15,[]
2184,15,[]
2210,15,[]
2236,15,[]
2262,14,[]
2287,16,[]
2314,14,[]
2339,12,[]
2362,15,[]
2388,15,[]
2414,11,[]
2436,14,[]
2461,12,[]
2484,14,[]
2509,66,[]
2631,10,[]
2652,13,[]
2676,12,[]
2699,13,[]
2723,13,[]
2747,14,[]
2772,14,[]
2797,17,[]
2825,12,[]
2848,19,[]
2878,13,[]
2902,10,[]
2923,13,[]
2947,12,[]
2970,13,[]
2994,15,[]
3020,14,[]
3045,14,[]
3070,12,[]
3093,16,[]
3120,15,[]
3146,14,[]
3171,13,[]
3195,12,[]
3218,14,[]
3243,15,[]
3269,17,[]
3297,14,[0, 1, 2, 3, 4, 5, 6, 7, 8, 9, 10, 11, 12, 13]
3322,14,[]
3347,67,[]
3470,7,[]
3488,12,[]
3511,13,[]
3535,11,[]
3557,11,[]
3579,13,[]
3603,9,[]
3623,14,[]
3648,14,[]
3673,15,[]
3699,14,[]
3724,16,[]
3751,12,[]
3774,13,[]
3798,15,[]
3824,13,[]
3848,13,[]
3872,15,[]
3898,14,[]
3923,13,[]
3947,15,[]
3973,14,[]
3998,12,[]
4021,17,[]
4049,16,[]
4076,17,[0, 1, 2, 3, 4, 5, 6, 7, 8, 9, 10, 11, 12, 13, 14, 15, 16]
4104,10,[]
4125,13,[]
4149,13,[]
4173,70,[]
4299,7,[]
4317,10,[]
4338,11,[]
4360,12,[]
4383,10,[]
4404,9,[]
4424,10,[]
4445,13,[]
4469,9,[]
4489,17,[]
4517,10,[]
4538,12,[]
4561,13,[]
4585,14,[]
4610,13,[]
4634,13,[]
4658,12,[]
4681,12,[]
4704,13,[]
4728,16,[]
4755,14,[]
4780,12,[]
4803,12,[]
4826,14,[]
4851,11,[]
4873,13,[]
4897,15,[]
4923,15,[]
4949,11,[]
4971,84,[]
5111,3,[]
5125,5,[]
5141,5,[]
5157,11,[]
5179,9,[]
5199,12,[]
5222,12,[]
5245,14,[]
5270,12,[]
5293,18,[]
5322,8,[]
5341,10,[]
5362,8,[]
5381,10,[]
5402,8,[]
5421,11,[]
5443,11,[]
5465,14,[]
5490,11,[]
5512,11,[]
5534,13,[]
5558,10,[]
5579,10,[]
5600,15,[]
5626,10,[]
5647,9,[]
5667,10,[]
5688,14,[]
5713,11,[]
5735,106,[]
5897,5,[]
5913,7,[]
5931,9,[]
5951,10,[]
5972,9,[]
5992,11,[]
6014,8,[]
6033,9,[]
6053,10,[]
6074,14,[]
6099,10,[]
6120,12,[]
6143,9,[]
6163,14,[]
6188,12,[]
6211,11,[]
6233,10,[]
6254,11,[]
6276,13,[]
6300,14,[]
6325,11,[]
6347,11,[]
6369,15,[]
6395,14,[]
6420,10,[]
6441,12,[]
6464,13,[]
6488,14,[0, 1, 2, 3, 4, 5, 6, 7, 8, 9, 10, 11, 12, 13]
6513,12,[]
6536,106,[]
6698,5,[]
6714,7,[]
6732,7,[]
6750,12,[]
6773,10,[]
6794,12,[]
6817,12,[]
6840,16,[]
6867,13,[]
6891,18,[]
6920,13,[]
6944,13,[]
6968,9,[]
6988,16,[]
7015,10,[]
7036,12,[]
7059,10,[]
7080,11,[]
7102,10,[]
7123,11,[]
7145,10,[]
7166,12,[]
7189,13,[]
7213,13,[]
7237,13,[]
7261,14,[]
7286,13,[]
7310,16,[]
7337,18,[]
7366,100,[]
7522,12,[]
7545,17,[]
7573,16,[]
7600,18,[]
7629,19,[]
7659,21,[]
7691,20,[5, 6, 7, 8, 9, 10, 11, 12, 13, 14, 15, 16, 17]
7722,21,[]
7754,20,[]
7785,24,[]
7820,20,[]
7851,20,[]
7882,17,[]
7910,18,[]
7939,19,[]
7969,18,[]
7998,15,[]
8024,17,[]
8052,17,[]
8080,19,[]
8110,17,[]
8138,18,[]
8167,15,[]
8193,18,[]
8222,17,[]
8250,18,[]
8279,17,[]
8307,20,[]
8338,9,[]
