0,17,[]
23,8,[]
37,13,[]
56,14,[]
76,5,[]
87,16,[]
109,16,[]
131,15,[]
152,13,[]
171,6,[]
183,16,[]
205,13,[]
224,15,[]
245,14,[]
265,14,[]
285,15,[]
306,3,[]
315,13,[]
334,15,[]
355,16,[]
377,13,[]
396,6,[]
408,15,[]
429,17,[]
452,18,[]
476,14,[]
496,14,[]
516,14,[]
536,7,[]
549,14,[]
569,37,[]
621,14,[]
641,12,[]
659,6,[]
671,14,[]
691,16,[]
713,17,[]
736,16,[]
758,20,[]
784,16,[]
806,7,[]
819,17,[]
842,16,[]
864,18,[]
888,5,[]
899,16,[]
921,16,[]
943,15,[]
964,16,[]
986,15,[]
1007,17,[]
1030,8,[]
1044,16,[]
1066,17,[]
1089,17,[]
1112,17,[]
1135,5,[]
1146,15,[]
1167,17,[]
1190,16,[]
1212,41,[]
1268,13,[]
1287,17,[]
1310,2,[]
1318,17,[]
1341,17,[]
1364,17,[]
1387,18,[]
1411,5,[]
1422,18,[]
1446,17,[]
1469,18,[]
1493,18,[]
1517,17,[]
1540,17,[]
1563,8,[]
1577,16,[]
1599,17,[]
1622,17,[]
1645,17,[]
1668,7,[]
1681,18,[]
1705,18,[]
1729,16,[]
1751,17,[]
1774,16,[]
1796,16,[]
1818,8,[]
1832,16,[]
1854,18,[]
1878,42,[]
1935,13,[]
1954,4,[]
1964,17,[8, 9, 10, 11, 12, 13, 14]
1987,16,[]
2009,14,[]
2029,21,[]
2056,15,[]
2077,17,[]
2100,10,[]
2116,17,[]
2139,17,[]
2162,16,[]
2184,16,[]
2206,7,[]
2219,17,[]
2242,19,[]
2267,15,[]
2288,15,[]
2309,15,[]
2330,8,[]
2344,15,[]
2365,16,[]
2387,18,[]
2411,16,[]
2433,7,[]
2446,16,[]
2468,19,[]
2493,16,[]
2515,16,[]
2537,48,[]
2600,13,[]
2619,4,[]
2629,17,[]
2652,17,[]
2675,18,[]
2699,18,[]
2723,7,[]
2736,19,[]
2761,16,[]
2783,16,[]
2805,17,[]
2828,22,[]
2856,17,[]
2879,7,[]
2892,18,[]
2916,16,[]
2938,17,[]
2961,17,[]
2984,7,[]
2997,20,[]
3023,20,[]
3049,21,[3, 4, 5, 6, 7, 8, 9, 10]
3076,20,[]
3102,19,[]
3127,21,[]
3154,9,[]
3169,23,[]
3198,22,[]
3226,22,[]
3254,46,[]
3315,3,[]
3324,21,[]
3351,22,[]
3379,23,[]
3408,23,[]
3437,19,[]
3462,19,[]
3487,6,[]
3499,19,[]
3524,20,[]
3550,20,[]
3576,18,[]
3600,6,[]
3612,19,[0, 1, 2, 3, 4, 5, 6, 7]
3637,19,[]
3662,21,[]
3689,17,[]
3712,22,[]
3740,19,[]
3765,6,[]
3777,20,[]
3803,20,[]
3829,17,[]
3852,18,[]
3876,5,[]
3887,21,[]
3914,18,[]
3938,20,[]
3964,20,[]
3990,43,[]
4048,3,[]
4057,19,[]
4082,19,[]
4107,18,[]
4131,18,[]
4155,6,[]
4167,19,[]
4192,18,[]
4216,18,[]
4240,18,[]
4264,16,[]
4286,17,[]
4309,6,[]
4321,17,[]
4344,20,[]
4370,16,[]
4392,20,[]
4418,3,[]
4427,16,[]
4449,18,[]
4473,18,[]
4497,19,[]
4522,18,[]
4546,23,[]
4575,6,[]
4587,20,[]
4613,18,[]
4637,17,[]
4660,19,[]
4685,46,[]
4746,15,[]
4767,16,[]
4789,18,[]
4813,18,[]
4837,16,[]
4859,17,[]
4882,6,[]
4894,16,[]
4916,18,[]
4940,20,[]
4966,17,[]
4989,7,[]
5002,17,[]
5025,20,[]
5051,16,[]
5073,16,[]
5095,16,[]
5117,16,[]
5139,7,[]
5152,18,[]
5176,19,[]
5201,17,[]
5224,17,[]
5247,6,[]
5259,19,[]
5284,17,[]
5307,18,[]
5331,6,[]
5343,17,[]
5366,46,[]
5427,18,[]
5451,14,[]
5471,14,[]
5491,16,[]
5513,7,[]
5526,19,[]
5551,16,[]
5573,16,[]
5595,16,[]
5617,9,[]
5632,18,[]
5656,18,[]
5680,15,[]
5701,16,[]
5723,16,[]
5745,15,[]
5766,7,[]
5779,17,[]
5802,17,[]
5825,17,[]
5848,17,[]
5871,3,[]
5880,17,[]
5903,19,[]
5928,16,[]
5950,16,[]
5972,17,[]
5995,17,[]
6018,6,[]
6030,45,[]
6090,14,[]
6110,18,[]
6134,18,[]
6158,5,[]
6169,18,[]
6193,16,[]
6215,22,[]
6243,15,[]
6264,16,[]
6286,14,[]
6306,6,[]
6318,15,[]
6339,16,[]
6361,17,[]
6384,15,[]
6405,8,[]
6419,15,[]
6440,17,[]
6463,17,[]
6486,18,[]
6510,16,[]
6532,17,[]
6555,6,[]
6567,18,[]
6591,18,[]
6615,18,[]
6639,17,[]
6662,3,[]
6671,10,[]
0,60,[]
106,1,[]
112,13,[]
130,13,[]
148,15,[]
168,13,[]
186,14,[]
205,14,[]
224,15,[]
244,13,[]
262,14,[]
281,16,[]
302,17,[]
324,15,[]
344,17,[]
366,14,[]
385,16,[]
406,16,[]
427,19,[]
451,18,[]
474,17,[]
496,11,[]
512,16,[]
533,17,[]
555,19,[]
579,17,[]
601,17,[]
623,18,[]
646,23,[]
674,19,[]
698,163,[]
907,16,[]
928,6,[]
939,11,[]
955,6,[]
966,9,[]
980,9,[]
994,9,[]
1008,12,[]
1025,11,[]
1041,13,[]
1059,8,[]
1072,10,[]
1087,12,[]
1104,10,[]
1119,9,[]
1133,11,[]
1149,8,[]
1162,9,[]
1176,15,[]
1196,10,[]
1211,7,[]
1223,11,[]
1239,7,[]
1251,13,[]
1269,11,[]
1285,11,[]
1301,15,[]
1321,11,[]
1337,9,[]
1351,141,[]
1538,5,[]
1548,4,[]
1557,9,[]
1571,10,[]
1586,9,[]
1600,13,[]
1618,11,[]
1634,13,[]
1652,15,[]
1672,10,[]
1687,12,[]
1704,15,[]
1724,11,[]
1740,11,[]
1756,10,[]
1771,11,[]
1787,11,[]
1803,14,[]
1822,13,[]
1840,14,[]
1859,14,[]
1878,13,[]
1896,14,[]
1915,15,[]
1935,12,[]
1952,13,[]
1970,14,[]
1989,16,[]
2010,11,[]
2026,134,[]
2206,12,[]
2223,10,[]
2238,10,[]
2253,11,[]
2269,8,[]
2282,11,[]
2298,14,[]
2317,13,[]
2335,13,[]
2353,17,[]
2375,13,[]
2393,18,[]
2416,12,[]
2433,16,[]
2454,14,[]
2473,16,[]
2494,11,[]
2510,12,[]
2527,13,[]
2545,16,[]
2566,17,[]
2588,13,[]
2606,12,[]
2623,16,[]
2644,13,[]
2662,14,[]
2681,13,[]
2699,16,[]
2720,9,[]
2734,149,[]
2929,12,[]
2946,8,[]
2959,9,[]
2973,12,[]
2990,14,[]
3009,16,[]
3030,13,[]
3048,17,[]
3070,12,[]
3087,12,[]
3104,17,[]
3126,18,[]
3149,12,[]
3166,12,[]
3183,10,[]
3198,14,[]
3217,11,[]
3233,11,[]
3249,11,[]
3265,12,[]
3282,10,[]
3297,13,[]
3315,13,[]
3333,14,[]
3352,9,[]
3366,10,[]
3381,13,[]
3399,15,[]
3419,10,[]
3434,161,[]
3641,10,[]
3656,7,[]
3668,7,[]
3680,9,[]
3694,9,[]
3708,9,[]
3722,14,[]
3741,13,[]
3759,16,[]
3780,16,[]
3801,13,[]
3819,17,[]
3841,16,[]
3862,15,[]
3882,17,[]
3904,17,[]
3926,16,[]
3947,16,[]
3968,16,[]
3989,17,[]
4011,13,[]
4029,16,[]
4050,17,[]
4072,17,[]
4094,15,[]
4114,15,[]
4134,14,[]
4153,16,[]
4174,13,[]
4192,141,[]
4379,7,[]
4391,6,[]
4402,10,[]
4417,12,[]
4434,10,[]
4449,11,[]
4465,11,[]
4481,13,[]
4499,15,[]
4519,13,[]
4537,13,[]
4555,13,[]
4573,12,[]
4590,13,[]
4608,12,[]
4625,13,[]
4643,12,[]
4660,13,[]
4678,13,[]
4696,13,[]
4714,11,[]
4730,12,[]
4747,13,[]
4765,15,[]
4785,13,[]
4803,13,[]
4821,13,[]
4839,15,[]
4859,11,[]
4875,143,[]
5064,6,[]
5075,5,[]
5085,8,[]
5098,10,[]
5113,9,[]
5127,11,[]
5143,13,[]
5161,16,[]
5182,14,[]
5201,14,[]
5220,13,[]
5238,12,[]
5255,14,[]
5274,13,[]
5292,13,[]
5310,12,[]
5327,12,[]
5344,11,[]
5360,13,[]
5378,13,[]
5396,11,[]
5412,11,[]
5428,10,[]
5443,12,[]
5460,10,[]
5475,11,[]
5491,10,[]
5506,13,[]
5524,11,[]
5540,119,[]
5705,3,[]
5713,10,[]
5728,6,[]
5739,7,[]
5751,8,[]
5764,8,[]
5777,8,[]
5790,8,[]
5803,11,[]
5819,9,[]
5833,8,[]
5846,11,[]
5862,9,[]
5876,11,[]
5892,12,[]
5909,11,[]
5925,11,[]
5941,10,[]
5956,9,[]
5970,12,[]
5987,15,[]
6007,12,[]
6024,11,[]
6040,13,[]
6058,15,[]
6078,15,[]
6098,14,[]
6117,17,[]
6139,16,[]
6160,135,[]
6341,9,[]
6355,8,[]
6368,11,[]
6384,11,[]
6400,11,[]
6416,12,[]
6433,12,[]
6450,14,[]
6469,15,[]
6489,15,[]
6509,15,[]
6529,16,[]
6550,16,[]
6571,18,[]
6594,15,[]
6614,15,[]
6634,13,[]
6652,15,[]
6672,13,[]
6690,16,[]
6711,14,[]
6730,15,[]
6750,14,[]
6769,13,[]
6787,18,[]
6810,18,[]
6833,12,[]
6850,13,[]
6868,14,[]
0,28,[]
34,3,[]
43,8,[]
57,12,[]
75,15,[]
96,14,[]
116,11,[]
133,11,[]
150,12,[]
168,11,[]
185,13,[]
204,13,[]
223,15,[]
244,12,[]
262,13,[]
281,11,[]
298,15,[]
319,12,[]
337,12,[]
355,13,[]
374,14,[]
394,11,[]
411,13,[]
430,11,[]
447,13,[]
466,12,[]
484,12,[]
502,12,[]
520,18,[]
544,14,[]
564,74,[]
656,18,[]
680,16,[]
702,15,[]
723,11,[]
740,16,[]
762,21,[]
789,24,[]
819,21,[]
846,21,[]
873,23,[]
902,22,[]
930,22,[]
958,24,[]
988,20,[]
1014,24,[]
1044,24,[]
1074,23,[]
1103,19,[]
1128,21,[]
1155,23,[]
1184,20,[]
1210,25,[]
1241,21,[]
1268,21,[]
1295,22,[]
1323,22,[]
1351,18,[]
1375,20,[]
1401,22,[]
1429,42,[]
1489,19,[]
1514,19,[]
1539,18,[]
1563,20,[]
1589,18,[]
1613,18,[]
1637,19,[]
1662,19,[]
1687,16,[]
1709,19,[]
1734,16,[]
1756,16,[]
1778,18,[10, 11, 12, 13, 14, 15, 16, 17]
1802,18,[]
1826,15,[]
1847,16,[]
1869,16,[]
1891,18,[]
1915,15,[]
1936,16,[]
1958,15,[]
1979,17,[]
2002,17,[]
2025,16,[]
2047,15,[]
2068,15,[]
2089,16,[]
2111,16,[]
2133,17,[]
2156,46,[]
2220,12,[]
2238,14,[]
2258,13,[]
2277,17,[]
2300,13,[]
2319,13,[]
2338,15,[]
2359,16,[]
2381,16,[]
2403,16,[]
2425,14,[]
2445,13,[]
2464,14,[]
2484,14,[]
2504,15,[]
2525,16,[]
2547,12,[]
2565,14,[]
2585,13,[]
2604,16,[]
2626,15,[]
2647,13,[]
2666,15,[]
2687,15,[]
2708,16,[]
2730,18,[]
2754,14,[]
2774,15,[]
2795,13,[]
2814,34,[]
2854,12,[]
2872,13,[]
2891,15,[]
2912,16,[]
2934,19,[]
2959,18,[]
2983,15,[]
3004,15,[]
3025,15,[]
3046,14,[]
3066,14,[]
3086,13,[]
3105,14,[]
3125,14,[]
3145,13,[]
3164,13,[]
3183,15,[]
3204,13,[]
3223,16,[]
3245,15,[]
3266,15,[]
3287,14,[]
3307,15,[]
3328,15,[]
3349,15,[]
3370,13,[]
3389,13,[]
3408,15,[]
3429,13,[]
3448,42,[]
3508,9,[]
3523,12,[]
3541,12,[]
3559,15,[]
3580,12,[]
3598,11,[]
3615,15,[]
3636,14,[]
3656,10,[]
3672,11,[]
3689,11,[]
3706,14,[]
3726,12,[]
3744,12,[]
3762,10,[]
3778,12,[]
3796,10,[]
3812,11,[]
3829,10,[]
3845,10,[]
3861,10,[]
3877,12,[]
3895,12,[]
3913,13,[]
3932,11,[]
3949,11,[]
3966,13,[]
3985,15,[]
4006,14,[]
4026,57,[]
4101,10,[]
4117,12,[]
4135,14,[]
4155,15,[]
4176,16,[]
4198,16,[]
4220,16,[]
4242,17,[]
4265,14,[]
4285,14,[]
4305,14,[]
4325,13,[]
4344,14,[]
4364,14,[]
4384,11,[]
4401,18,[]
4425,15,[]
4446,14,[]
4466,15,[]
4487,15,[]
4508,12,[]
4526,14,[]
4546,14,[]
4566,14,[]
4586,13,[]
4605,13,[]
4624,12,[]
4642,15,[]
4663,12,[]
4681,64,[]
4763,5,[]
4774,9,[]
4789,9,[]
4804,11,[]
4821,12,[]
4839,12,[]
4857,13,[]
4876,14,[]
4896,13,[]
4915,15,[]
4936,16,[]
4958,13,[]
4977,14,[]
4997,14,[6, 7, 8, 9, 10, 11, 12, 13]
5017,10,[]
5033,12,[]
5051,11,[]
5068,12,[]
5086,14,[]
5106,16,[]
5128,13,[]
5147,14,[]
5167,14,[]
5187,13,[]
5206,12,[]
5224,12,[]
5242,11,[]
5259,14,[]
5279,13,[]
5298,72,[]
5388,7,[]
5401,9,[]
5416,10,[]
5432,12,[]
5450,12,[]
5468,10,[]
5484,13,[]
5503,13,[]
5522,12,[]
5540,16,[]
5562,14,[]
5582,14,[]
5602,11,[]
5619,14,[]
5639,8,[]
5653,12,[]
5671,11,[]
5688,9,[]
5703,10,[]
5719,13,[]
5738,13,[]
5757,16,[]
5779,15,[]
5800,16,[]
5822,14,[]
5842,15,[]
5863,15,[]
5884,17,[]
5907,15,[]
5928,71,[]
6017,9,[]
6032,12,[]
6050,12,[]
6068,14,[]
6088,15,[]
6109,11,[]
6126,12,[]
6144,14,[]
6164,11,[]
6181,12,[]
6199,10,[]
6215,12,[]
6233,12,[]
6251,13,[]
6270,11,[]
6287,15,[]
6308,17,[]
6331,15,[]
6352,14,[]
6372,16,[]
6394,14,[]
6414,15,[]
6435,15,[]
6456,15,[]
6477,14,[]
6497,16,[]
6519,14,[]
6539,18,[]
6563,15,[]
0,70,[]
110,7,[]
122,2,[]
129,9,[]
143,10,[]
158,10,[]
173,14,[]
192,3,[]
200,13,[]
218,17,[]
240,17,[]
262,18,[]
285,4,[]
294,20,[]
319,23,[]
347,23,[]
375,26,[]
406,3,[]
414,31,[]
450,31,[]
486,30,[]
521,28,[]
554,8,[]
567,29,[]
601,26,[]
632,26,[]
663,35,[]
738,4,[]
747,21,[]
773,21,[]
799,123,[]
962,13,[]
980,6,[]
991,15,[]
1011,11,[]
1027,7,[]
1039,14,[]
1058,8,[]
1071,19,[]
1095,21,[]
1121,23,[]
1149,25,[]
1179,3,[]
1187,28,[]
1220,23,[]
1248,23,[]
1276,42,[]
1358,2,[]
1365,19,[]
1389,17,[]
1411,17,[]
1433,19,[]
1457,4,[]
1466,17,[]
1488,17,[]
1510,15,[]
1530,19,[]
1554,3,[]
1562,17,[]
1584,15,[]
1604,106,[]
1750,5,[]
1760,4,[]
1769,9,[]
1783,12,[]
1800,11,[]
1816,14,[]
1835,4,[]
1844,10,[]
1859,13,[]
1877,17,[]
1899,14,[]
1918,5,[]
1928,16,[]
1949,18,[]
1972,13,[]
1990,13,[]
2008,6,[]
2019,17,[]
2041,14,[]
2060,14,[]
2079,15,[]
2099,5,[]
2109,12,[]
2126,13,[]
2144,11,[]
2160,14,[]
2179,6,[]
2190,16,[]
2211,11,[]
2227,105,[]
2372,5,[]
2382,4,[]
2391,11,[]
2407,11,[]
2423,9,[]
2437,14,[]
2456,4,[]
2465,15,[]
2485,12,[]
2502,10,[]
2517,15,[]
2537,5,[]
2547,10,[]
2562,12,[]
2579,13,[]
2597,16,[]
2618,6,[]
2629,15,[]
2649,14,[]
2668,11,[]
2684,14,[]
2703,8,[]
2716,17,[]
2738,11,[]
2754,9,[]
2768,17,[]
2790,7,[]
2802,11,[2, 3, 4, 5, 6, 7, 8]
2818,11,[]
2834,112,[]
2986,4,[]
2995,1,[]
3001,10,[]
3016,9,[]
3030,8,[]
3043,12,[]
3060,5,[]
3070,12,[]
3087,14,[]
3106,10,[]
3121,12,[]
3138,7,[]
3150,14,[]
3169,10,[]
3184,9,[]
3198,14,[]
3217,6,[]
3228,17,[]
3250,11,[]
3266,12,[]
3283,37,[]
3360,5,[]
3370,22,[]
3397,15,[]
3417,12,[]
3434,14,[]
3453,6,[]
3464,17,[]
3486,16,[]
3507,122,[]
3669,3,[]
3677,3,[]
3685,10,[]
3700,10,[0, 1, 2, 3, 4, 5]
3715,7,[]
3727,10,[]
3742,5,[]
3752,7,[]
3764,8,[]
3777,9,[]
3791,12,[]
3808,3,[]
3816,12,[]
3833,11,[]
3849,14,[]
3868,17,[]
3890,6,[]
3901,12,[]
3918,18,[]
3941,14,[]
3960,15,[]
3980,7,[]
3992,20,[11, 12, 13, 14, 15, 16, 17]
4017,18,[]
4040,16,[]
4061,18,[]
4084,5,[]
4094,18,[]
4117,17,[]
4139,126,[]
4305,8,[]
4318,4,[]
4327,17,[]
4349,14,[]
4368,13,[7, 8, 9, 10, 11, 12]
4386,14,[]
4405,7,[]
4417,19,[]
4441,12,[]
4458,11,[]
4474,12,[]
4491,7,[]
4503,14,[]
4522,13,[]
4540,17,[]
4562,18,[]
4585,4,[]
4594,22,[]
4621,17,[]
4643,17,[]
4665,15,[]
4685,6,[]
4696,17,[]
4718,20,[]
4743,14,[]
4762,15,[]
4782,5,[]
4792,18,[]
4815,16,[]
4836,123,[]
4999,11,[]
5015,5,[]
5025,12,[]
5042,13,[]
5060,16,[]
5081,13,[]
5099,6,[]
5110,17,[]
5132,12,[]
5149,12,[]
5166,16,[]
5187,5,[]
5197,15,[]
5217,21,[]
5243,14,[]
5262,14,[]
5281,8,[]
5294,16,[]
5315,13,[]
5333,12,[]
5350,10,[]
5365,6,[]
5376,13,[]
5394,12,[]
5411,14,[]
5430,18,[]
5453,6,[]
5464,12,[]
5481,12,[]
5498,133,[]
5671,3,[]
5679,1,[]
5685,7,[]
5697,12,[]
5714,8,[]
5727,14,[]
5746,6,[]
5757,15,[]
5777,12,[]
5794,11,[]
5810,8,[]
5823,9,[]
5837,13,[]
5855,13,[]
5873,13,[]
5891,14,[]
5910,10,[]
5925,14,[]
5944,15,[]
5964,11,[]
5980,10,[]
5995,11,[]
6011,12,[]
6028,16,[]
6049,10,[]
6064,11,[]
6080,9,[]
6094,15,[]
6114,11,[]
6130,143,[]
6313,8,[]
6326,5,[]
6336,8,[]
6349,12,[]
6366,10,[]
6381,8,[]
6394,3,[]
6402,14,[]
6421,15,[]
6441,19,[]
6465,20,[]
6490,4,[]
6499,20,[]
6524,21,[]
6550,18,[]
6573,16,[]
6594,5,[]
6604,22,[]
6631,15,[]
6651,16,[]
6672,16,[]
6693,6,[]
6704,21,[]
6730,14,[]
6749,15,[]
6769,17,[]
6791,9,[]
6805,14,[]
6824,16,[]
0,48,[]
89,1,[]
95,3,[]
103,4,[]
112,7,[]
124,5,[]
134,5,[]
144,6,[]
155,10,[]
170,7,[]
182,8,[]
195,13,[]
213,9,[]
227,9,[]
241,9,[]
255,9,[]
269,11,[]
285,17,[]
307,19,[]
331,11,[]
347,14,[]
366,21,[]
392,17,[]
414,17,[]
436,17,[]
458,14,[]
477,14,[]
496,14,[8, 9, 10, 11, 12, 13]
515,15,[]
535,15,[]
555,153,[]
749,13,[]
767,15,[]
787,12,[]
804,5,[]
814,8,[]
827,12,[]
844,17,[]
866,21,[]
892,16,[]
913,19,[]
937,16,[]
958,13,[]
976,14,[]
995,15,[]
1015,16,[]
1036,18,[]
1059,14,[]
1078,10,[]
1093,14,[]
1112,12,[]
1129,16,[]
1150,16,[]
1171,14,[]
1190,12,[]
1207,13,[]
1225,10,[]
1240,12,[]
1257,14,[]
1276,11,[]
1292,129,[]
1462,4,[]
1471,8,[]
1484,10,[]
1499,8,[]
1512,12,[]
1529,12,[]
1546,15,[]
1566,12,[]
1583,11,[]
1599,10,[]
1614,11,[]
1630,12,[]
1647,16,[]
1668,12,[]
1685,11,[]
1701,10,[]
1716,12,[]
1733,11,[]
1749,13,[]
1767,11,[]
1783,11,[]
1799,12,[]
1816,12,[]
1833,13,[]
1851,11,[]
1867,13,[]
1885,16,[]
1906,13,[]
1924,11,[]
1940,129,[]
2110,7,[]
2122,11,[]
2138,14,[]
2157,11,[]
2173,14,[]
2192,14,[7, 8, 9, 10, 11, 12, 13]
2211,17,[]
2233,16,[]
2254,16,[]
2275,15,[]
2295,15,[]
2315,16,[]
2336,15,[]
2356,15,[]
2376,15,[]
2396,15,[]
2416,16,[]
2437,15,[]
2457,16,[]
2478,15,[]
2498,17,[]
2520,17,[]
2542,16,[]
2563,14,[]
2582,13,[]
2600,13,[]
2618,16,[]
2639,15,[]
2659,12,[]
2676,120,[]
2837,12,[]
2854,14,[]
2873,15,[]
2893,13,[]
2911,13,[]
2929,14,[]
2948,15,[]
2968,17,[]
2990,17,[]
3012,17,[]
3034,15,[]
3054,15,[]
3074,14,[]
3093,14,[]
3112,14,[]
3131,20,[]
3156,15,[]
3176,15,[]
3196,14,[]
3215,15,[]
3235,15,[]
3255,17,[]
3277,14,[]
3296,15,[]
3316,14,[]
3335,17,[]
3357,14,[]
3376,13,[]
3394,15,[]
3414,109,[]
3564,6,[]
3575,10,[]
3590,11,[]
3606,14,[]
3625,13,[]
3643,15,[]
3663,15,[]
3683,14,[]
3702,14,[]
3721,14,[]
3740,15,[]
3760,14,[5, 6, 7, 8, 9, 10, 11, 12]
3779,14,[]
3798,14,[]
3817,15,[]
3837,15,[]
3857,13,[]
3875,13,[]
3893,13,[]
3911,14,[]
3930,14,[]
3949,14,[]
3968,14,[]
3987,16,[]
4008,16,[]
4029,14,[]
4048,15,[]
4068,16,[]
4089,14,[]
4108,120,[]
4269,8,[]
4282,11,[]
4298,11,[]
4314,14,[]
4333,13,[]
4351,17,[]
4373,15,[]
4393,15,[]
4413,15,[]
4433,15,[]
4453,15,[]
4473,14,[]
4492,13,[]
4510,12,[]
4527,17,[]
4549,15,[]
4569,15,[]
4589,14,[]
4608,14,[]
4627,17,[]
4649,16,[]
4670,15,[]
4690,14,[]
4709,14,[]
4728,13,[]
4746,16,[]
4767,13,[]
4785,13,[]
4803,13,[0, 1, 2, 3, 4, 5, 6]
4821,112,[]
4974,4,[]
4983,7,[]
4995,8,[]
5008,8,[]
5021,10,[]
5036,9,[]
5050,9,[]
5064,9,[]
5078,13,[]
5096,11,[]
5112,11,[]
5128,11,[]
5144,10,[]
5159,12,[]
5176,13,[]
5194,19,[]
5218,13,[]
5236,11,[]
5252,10,[]
5267,11,[]
5283,10,[]
5298,19,[]
5322,14,[]
5341,13,[]
5359,12,[]
5376,12,[]
5393,11,[]
5409,20,[]
5434,9,[]
5448,129,[]
5618,3,[]
5626,7,[]
5638,7,[]
5650,12,[]
5667,13,[]
5685,12,[]
5702,11,[]
5718,11,[]
5734,11,[]
5750,13,[]
5768,11,[]
5784,15,[]
5804,14,[]
5823,12,[]
5840,11,[]
5856,9,[]
5870,11,[]
5886,11,[]
5902,15,[]
5922,16,[]
5943,14,[]
5962,11,[]
5978,9,[]
5992,10,[]
6007,15,[]
6027,17,[]
6049,14,[]
6068,10,[]
6083,13,[]
6101,122,[]
6264,5,[]
6274,7,[]
6286,9,[]
6300,11,[]
6316,10,[]
6331,11,[]
6347,12,[]
6364,15,[]
6384,12,[]
6401,12,[]
6418,12,[]
6435,15,[]
6455,12,[]
6472,16,[]
6493,16,[]
6514,13,[]
6532,12,[]
6549,11,[]
6565,11,[]
6581,17,[]
6603,17,[]
6625,14,[]
6644,13,[]
6662,12,[]
6679,12,[]
6696,12,[]
6713,14,[]
6732,14,[]
6751,8,[]
0,18,[]
24,6,[]
36,12,[]
54,15,[]
75,13,[]
94,14,[]
114,14,[]
134,15,[]
155,14,[]
175,14,[]
195,14,[]
215,15,[]
236,15,[]
257,15,[]
278,13,[]
297,14,[]
317,14,[]
337,14,[]
357,14,[]
377,14,[]
397,15,[2, 3, 4, 5, 6, 7, 8, 9, 10]
418,15,[]
439,15,[]
460,16,[]
482,15,[]
503,18,[]
527,17,[]
550,13,[]
569,14,[]
589,18,[]
613,54,[]
682,10,[]
698,13,[]
717,12,[]
735,11,[]
752,16,[]
774,19,[]
799,17,[]
822,18,[]
846,17,[]
869,18,[]
893,18,[]
917,19,[]
942,18,[]
966,18,[]
990,18,[]
1014,20,[]
1040,18,[]
1064,19,[]
1089,18,[]
1113,21,[]
1140,20,[]
1166,22,[]
1194,19,[]
1219,20,[]
1245,19,[]
1270,19,[]
1295,19,[]
1320,20,[]
1346,19,[]
1371,54,[]
1440,16,[]
1462,18,[]
1486,19,[]
1511,19,[]
1536,17,[]
1559,21,[]
1586,20,[]
1612,21,[]
1639,20,[]
1665,20,[]
1691,20,[]
1717,21,[]
1744,20,[]
1770,20,[]
1796,20,[]
1822,18,[]
1846,17,[]
1869,19,[4, 5, 6, 7, 8, 9, 10, 11]
1894,18,[]
1918,19,[]
1943,19,[]
1968,19,[]
1993,18,[]
2017,20,[]
2043,19,[]
2068,20,[]
2094,19,[]
2119,21,[]
2146,19,[]
2171,50,[]
2236,15,[]
2257,17,[]
2280,16,[]
2302,17,[]
2325,16,[]
2347,17,[]
2370,19,[]
2395,17,[]
2418,19,[]
2443,19,[]
2468,18,[]
2492,20,[]
2518,16,[]
2540,16,[]
2562,19,[]
2587,16,[]
2609,15,[]
2630,16,[]
2652,19,[]
2677,16,[]
2699,15,[]
2720,15,[]
2741,19,[]
2766,17,[]
2789,17,[]
2812,18,[]
2836,17,[]
2859,18,[]
2883,17,[]
2906,46,[]
2967,14,[]
2987,14,[]
3007,17,[]
3030,17,[]
3053,16,[]
3075,17,[]
3098,17,[]
3121,17,[]
3144,17,[]
3167,17,[]
3190,15,[]
3211,16,[]
3233,17,[]
3256,18,[]
3280,17,[]
3303,14,[3, 4, 5, 6, 7, 8, 9, 10, 11]
3323,14,[]
3343,14,[]
3363,14,[]
3383,14,[]
3403,18,[]
3427,17,[]
3450,16,[]
3472,17,[]
3495,17,[]
3518,17,[]
3541,17,[]
3564,14,[]
3584,14,[]
3604,46,[]
3665,13,[]
3684,13,[]
3703,13,[]
3722,15,[]
3743,15,[]
3764,15,[]
3785,15,[]
3806,13,[]
3825,13,[]
3844,13,[]
3863,13,[]
3882,13,[]
3901,12,[]
3919,12,[]
3937,11,[]
3954,11,[]
3971,11,[]
3988,12,[]
4006,11,[]
4023,12,[]
4041,11,[]
4058,11,[]
4075,11,[]
4092,12,[]
4110,11,[]
4127,11,[]
4144,11,[]
4161,12,[]
4179,11,[]
4196,34,[]
4236,10,[]
4252,10,[]
4268,11,[]
4285,11,[]
4302,12,[]
4320,13,[]
4339,13,[]
4358,13,[]
4377,13,[]
4396,13,[]
4415,12,[]
4433,12,[]
4451,12,[]
4469,12,[]
4487,12,[]
4505,16,[]
4527,14,[]
4547,14,[]
4567,14,[]
4587,15,[]
4608,15,[]
4629,15,[]
4650,14,[]
4670,14,[]
4690,14,[]
4710,14,[]
4730,14,[]
4750,14,[]
4770,14,[]
4790,34,[]
4830,11,[]
4847,12,[]
4865,14,[]
4885,14,[]
4905,4,[]
4915,16,[]
4937,16,[]
4959,16,[]
4981,16,[]
5003,16,[]
5025,15,[]
5046,16,[2, 3, 4, 5, 6, 7, 8]
5068,15,[]
5089,15,[]
5110,15,[]
5131,16,[]
5153,15,[]
5174,15,[]
5195,16,[]
5217,16,[]
5239,15,[]
5260,16,[]
5282,15,[]
5303,16,[]
5325,15,[]
5346,16,[]
5368,16,[]
5390,15,[]
5411,14,[]
5431,39,[]
5485,11,[]
5502,11,[]
5519,14,[]
5539,14,[]
5559,14,[]
5579,14,[]
5599,13,[]
5618,14,[]
5638,14,[]
5658,14,[]
5678,14,[]
5698,14,[]
5718,13,[]
5737,14,[]
5757,13,[]
5776,14,[]
5796,13,[]
5815,13,[]
5834,13,[]
5853,14,[]
5873,13,[]
5892,13,[]
5911,16,[]
5933,13,[]
5952,15,[]
5973,15,[]
5994,14,[]
6014,15,[]
6035,14,[]
6055,40,[]
6110,9,[]
6125,10,[]
6141,12,[]
6159,12,[]
6177,12,[]
6195,13,[]
6214,13,[]
6233,14,[]
6253,13,[]
6272,13,[]
6291,13,[]
6310,14,[]
6330,13,[]
6349,14,[]
6369,14,[]
6389,14,[]
6409,14,[]
6429,15,[]
6450,14,[]
6470,15,[]
6491,14,[]
6511,15,[]
6532,14,[]
6552,14,[]
6572,13,[]
6591,13,[]
6610,13,[]
6629,14,[]
6649,8,[]
0,51,[]
98,2,[]
105,7,[]
117,9,[]
131,7,[]
143,8,[]
156,6,[]
167,5,[]
177,7,[]
189,6,[]
200,7,[]
212,8,[]
225,9,[]
239,5,[]
249,7,[]
261,8,[]
274,14,[]
293,9,[]
307,16,[]
328,14,[]
347,17,[]
369,14,[]
388,19,[]
412,18,[]
435,18,[]
458,18,[]
481,18,[]
504,19,[]
528,15,[]
548,17,[]
570,234,[]
851,16,[]
872,7,[]
884,4,[]
893,4,[]
902,3,[]
910,8,[]
923,12,[]
940,10,[]
955,10,[]
970,11,[]
986,9,[]
1000,12,[]
1017,11,[]
1033,12,[]
1050,13,[]
1068,17,[]
1090,12,[]
1107,12,[]
1124,12,[]
1141,14,[]
1160,12,[]
1177,17,[]
1199,17,[]
1221,14,[]
1240,13,[]
1258,12,[]
1275,12,[]
1292,15,[]
1312,7,[]
1324,156,[]
1527,1,[]
1533,6,[]
1544,6,[]
1555,8,[]
1568,8,[]
1581,8,[]
1594,10,[]
1609,7,[]
1621,7,[]
1633,8,[]
1646,11,[]
1662,11,[]
1678,13,[]
1696,15,[]
1716,16,[]
1737,14,[]
1756,11,[]
1772,11,[]
1788,14,[]
1807,12,[]
1824,15,[]
1844,14,[]
1863,18,[]
1886,14,[]
1905,15,[]
1925,17,[]
1947,15,[]
1967,20,[]
1992,15,[]
2012,149,[]
2208,12,[]
2225,9,[]
2239,12,[]
2256,10,[]
2271,12,[]
2288,8,[]
2301,12,[]
2318,16,[]
2339,12,[]
2356,15,[]
2376,10,[]
2391,15,[]
2411,14,[]
2430,14,[]
2449,15,[]
2469,18,[]
2492,18,[]
2515,19,[]
2539,17,[]
2561,18,[]
2584,17,[]
2606,16,[]
2627,17,[]
2649,18,[]
2672,16,[]
2693,14,[]
2712,13,[]
2730,14,[]
2749,14,[]
2768,152,[]
2967,7,[]
2979,9,[]
2993,11,[]
3009,10,[]
3024,11,[]
3040,11,[]
3056,13,[]
3074,18,[]
3097,16,[]
3118,15,[]
3138,13,[]
3156,18,[]
3179,14,[]
3198,15,[]
3218,15,[]
3238,15,[]
3258,15,[]
3278,16,[]
3299,14,[]
3318,17,[]
3340,13,[]
3358,16,[]
3379,19,[]
3403,18,[]
3426,15,[]
3446,14,[]
3465,15,[]
3485,13,[]
3503,14,[]
3522,141,[]
3710,4,[]
3719,5,[]
3729,7,[]
3741,8,[]
3754,8,[]
3767,10,[]
3782,12,[]
3799,13,[]
3817,15,[]
3837,14,[]
3856,15,[]
3876,13,[]
3894,13,[]
3912,13,[]
3930,11,[]
3946,17,[]
3968,11,[]
3984,12,[]
4001,10,[]
4016,14,[]
4035,13,[]
4053,13,[]
4071,10,[]
4086,12,[]
4103,12,[]
4120,13,[]
4138,13,[]
4156,13,[]
4174,10,[]
4189,130,[]
4366,4,[]
4375,9,[]
4389,9,[]
4403,9,[]
4417,9,[]
4431,10,[]
4446,12,[]
4463,13,[3, 4, 5, 6, 7, 8, 9, 10, 11, 12]
4481,16,[]
4502,12,[]
4519,19,[]
4543,17,[]
4565,16,[]
4586,17,[]
4608,13,[]
4626,17,[]
4648,12,[]
4665,14,[]
4684,11,[]
4700,12,[]
4717,14,[]
4736,13,[]
4754,16,[]
4775,13,[]
4793,17,[]
4815,13,[]
4833,11,[]
4849,16,[]
4870,17,[]
4892,109,[]
5048,3,[]
5056,10,[]
5071,8,[]
5084,9,[]
5098,10,[]
5113,12,[]
5130,13,[]
5148,15,[]
5168,16,[]
5189,10,[]
5204,10,[]
5219,10,[]
5234,12,[]
5251,12,[]
5268,14,[]
5287,12,[0, 1, 2, 3, 4, 5]
5304,11,[]
5320,11,[]
5336,10,[]
5351,11,[]
5367,10,[]
5382,11,[]
5398,12,[]
5415,14,[]
5434,16,[]
5455,16,[]
5476,11,[]
5492,14,[]
5511,18,[]
5534,115,[]
5696,4,[]
5705,7,[]
5717,7,[]
5729,8,[]
5742,7,[]
5754,7,[]
5766,11,[]
5782,10,[]
5797,13,[]
5815,11,[]
5831,10,[]
5846,10,[]
5861,12,[]
5878,11,[]
5894,12,[]
5911,13,[]
5929,14,[]
5948,15,[]
5968,15,[]
5988,13,[]
6006,14,[]
6025,15,[]
6045,15,[]
6065,16,[]
6086,19,[]
6110,15,[]
6130,13,[]
6148,13,[]
6166,15,[]
6186,119,[]
6352,5,[]
6362,10,[]
6377,8,[]
6390,14,[]
6409,7,[]
6421,11,[]
6437,10,[]
6452,12,[]
6469,12,[]
6486,11,[]
6502,13,[]
6520,12,[]
6537,14,[]
6556,13,[]
6574,14,[]
6593,16,[]
6614,11,[]
6630,14,[]
6649,11,[]
6665,16,[]
6686,10,[]
6701,10,[]
6716,13,[]
6734,12,[]
6751,13,[]
6769,14,[]
6788,12,[]
6805,12,[]
6822,11,[]
0,20,[]
25,1,[]
31,11,[]
47,9,[]
61,11,[]
77,11,[]
93,7,[]
105,6,[]
116,10,[]
131,10,[]
146,8,[]
159,7,[]
171,10,[]
186,10,[]
201,13,[]
219,14,[]
238,22,[]
265,8,[]
278,22,[]
305,13,[]
323,23,[]
351,14,[]
370,27,[]
402,18,[]
425,7,[]
437,18,[]
460,11,[]
476,21,[]
502,9,[]
516,19,[]
540,110,[]
684,1,[]
690,8,[]
703,10,[]
718,1,[]
724,14,[]
743,12,[]
760,18,[]
783,7,[]
795,7,[]
807,20,[]
832,20,[]
857,11,[]
873,19,[]
897,11,[]
913,17,[1, 2, 3, 4, 5, 6, 7]
935,21,[]
961,19,[]
985,10,[]
1000,21,[]
1026,5,[]
1036,9,[]
1050,17,[]
1072,11,[]
1088,18,[]
1111,12,[]
1128,14,[0, 1, 2, 3, 4, 5, 6, 7, 8, 9]
1147,10,[]
1162,14,[]
1181,26,[]
1212,104,[]
1350,9,[]
1364,6,[]
1375,13,[]
1393,8,[]
1406,17,[]
1428,9,[]
1442,10,[]
1457,19,[]
1481,17,[]
1503,11,[]
1519,17,[]
1541,11,[]
1557,18,[]
1580,5,[]
1590,11,[]
1606,19,[]
1630,17,[]
1652,11,[]
1668,11,[]
1684,17,[]
1706,18,[]
1729,11,[]
1745,18,[]
1768,7,[]
1780,17,[]
1802,6,[]
1813,19,[]
1837,7,[]
1849,16,[]
1870,110,[]
2014,1,[]
2020,13,[]
2038,4,[]
2047,14,[]
2066,16,[]
2087,4,[]
2096,18,[]
2119,7,[]
2131,19,[]
2155,6,[]
2166,18,[]
2189,7,[]
2201,19,[]
2225,10,[]
2240,12,[]
2257,22,[]
2284,7,[]
2296,17,[]
2318,6,[]
2329,20,[]
2354,6,[]
2365,19,[]
2389,17,[]
2411,13,[]
2429,19,[]
2453,11,[]
2469,13,[]
2487,20,[]
2512,24,[]
2541,106,[]
2681,9,[]
2695,6,[]
2706,15,[]
2726,6,[]
2737,7,[]
2749,14,[]
2768,12,[]
2785,16,[]
2806,11,[]
2822,16,[]
2843,18,[]
2866,6,[]
2877,10,[]
2892,19,[]
2916,19,[]
2940,8,[]
2953,20,[]
2978,5,[]
2988,12,[]
3005,20,[9, 10, 11, 12, 13, 14, 15]
3030,6,[]
3041,17,[]
3063,13,[]
3081,15,[]
3101,7,[]
3113,18,[]
3136,11,[]
3152,21,[]
3178,17,[]
3200,110,[]
3344,1,[]
3350,13,[]
3368,16,[]
3389,8,[]
3402,7,[]
3414,19,[]
3438,17,[]
3460,7,[]
3472,11,[]
3488,19,[]
3512,7,[]
3524,18,[]
3547,12,[]
3564,23,[]
3592,6,[]
3603,27,[]
3635,21,[]
3661,12,[]
3678,21,[]
3704,7,[]
3716,18,[]
3739,10,[]
3754,20,[]
3779,12,[]
3796,21,[]
3822,6,[]
3833,13,[]
3851,25,[]
3881,5,[]
3891,115,[]
4040,1,[]
4046,17,[]
4068,6,[]
4079,22,[]
4106,19,[]
4130,9,[]
4144,22,[]
4171,13,[]
4189,21,[]
4215,5,[]
4225,12,[]
4242,20,[]
4267,19,[]
4291,9,[]
4305,11,[]
4321,22,[]
4348,14,[]
4367,26,[]
4398,26,[]
4429,12,[]
4446,13,[]
4464,18,[]
4487,22,[]
4514,6,[]
4525,11,[]
4541,19,[]
4565,13,[]
4583,20,[]
4608,21,[]
4634,104,[]
4772,13,[]
4790,7,[]
4802,24,[]
4831,5,[]
4841,17,[]
4863,10,[]
4878,12,[]
4895,21,[]
4921,11,[]
4937,19,[]
4961,21,[]
4987,7,[]
4999,20,[]
5024,6,[]
5035,24,[]
5064,7,[]
5076,23,[]
5104,6,[]
5115,14,[]
5134,26,[]
5165,23,[]
5193,12,[]
5210,21,[]
5236,13,[]
5254,21,[]
5280,7,[]
5292,12,[]
5309,25,[]
5339,5,[]
5349,104,[]
5487,12,[]
5504,7,[]
5516,15,[]
5536,8,[]
5549,17,[]
5571,10,[]
5586,11,[]
5602,18,[]
5625,5,[]
5635,18,[]
5658,5,[]
5668,19,[]
5692,7,[]
5704,18,[]
5727,6,[]
5738,20,[]
5763,17,[]
5785,7,[]
5797,11,[]
5813,19,[]
5837,8,[]
5850,17,[]
5872,21,[]
5898,8,[]
5911,20,[6, 12, 13, 14, 15, 16, 17, 18, 19]
5936,6,[]
5947,16,[]
5968,8,[]
5981,16,[]
6002,110,[]
6146,7,[]
6158,8,[]
6171,6,[]
6182,14,[]
6201,17,[]
6223,5,[]
6233,21,[]
6259,5,[]
6269,18,[]
6292,8,[]
6305,19,[]
6329,6,[]
6340,9,[]
6354,20,[]
6379,15,[]
6399,10,[]
6414,18,[]
6437,9,[]
6451,19,[]
6475,8,[]
6488,5,[]
6498,17,[]
6520,17,[]
6542,12,[]
6559,4,[]
6568,19,[]
6592,13,[]
6610,12,[]
6627,24,[]
0,15,[]
21,6,[]
33,10,[]
49,12,[]
67,12,[]
85,13,[]
104,11,[]
121,12,[]
139,4,[]
149,11,[]
166,10,[]
182,12,[]
200,12,[]
218,8,[]
232,11,[]
249,9,[]
264,11,[]
281,11,[]
298,13,[]
317,14,[]
337,13,[]
356,14,[]
376,18,[]
400,14,[]
420,15,[]
441,14,[]
461,15,[]
482,10,[]
498,14,[]
518,18,[]
542,48,[]
607,10,[]
623,9,[]
638,11,[]
655,11,[]
672,13,[]
691,14,[]
711,14,[]
731,14,[]
751,14,[]
771,16,[]
793,15,[]
814,17,[]
837,16,[]
859,17,[]
882,18,[]
906,17,[]
929,18,[]
953,15,[]
974,14,[]
994,17,[]
1017,15,[]
1038,16,[]
1060,15,[]
1081,15,[]
1102,14,[]
1122,16,[]
1144,16,[]
1166,17,[]
1189,15,[]
1210,47,[]
1274,12,[]
1292,15,[]
1313,14,[]
1333,22,[]
1361,23,[]
1390,25,[]
1421,24,[]
1451,25,[]
1482,23,[]
1511,17,[]
1534,18,[]
1558,22,[]
1586,19,[]
1611,20,[]
1637,21,[]
1664,17,[]
1687,18,[]
1711,18,[]
1735,17,[]
1758,17,[]
1781,16,[]
1803,19,[]
1828,20,[]
1854,22,[]
1882,20,[]
1908,20,[]
1934,22,[]
1962,20,[]
1988,18,[]
2012,51,[]
2080,14,[]
2100,15,[]
2121,14,[]
2141,17,[]
2164,17,[]
2187,15,[]
2208,17,[]
2231,17,[]
2254,17,[]
2277,14,[]
2297,16,[]
2319,15,[]
2340,15,[]
2361,15,[]
2382,16,[]
2404,15,[]
2425,18,[]
2449,17,[]
2472,19,[]
2497,16,[]
2519,19,[]
2544,17,[]
2567,18,[]
2591,17,[]
2614,17,[]
2637,16,[]
2659,17,[]
2682,15,[]
2703,15,[]
2724,44,[]
2785,11,[]
2802,13,[]
2821,13,[]
2840,13,[]
2859,14,[]
2879,12,[]
2897,13,[]
2916,16,[]
2938,15,[]
2959,14,[]
2979,21,[]
3006,19,[]
3031,19,[]
3056,18,[]
3080,19,[]
3105,13,[]
3124,14,[]
3144,14,[]
3164,15,[]
3185,16,[]
3207,18,[]
3231,18,[]
3255,17,[]
3278,17,[]
3301,17,[]
3324,14,[]
3344,18,[]
3368,14,[]
3388,16,[]
3410,43,[]
3470,11,[]
3487,14,[]
3507,7,[]
3520,15,[]
3541,14,[]
3561,14,[]
3581,13,[]
3600,13,[]
3619,13,[]
3638,15,[]
3659,19,[]
3684,20,[]
3710,19,[]
3735,19,[]
3760,15,[]
3781,15,[]
3802,14,[]
3822,17,[]
3845,14,[]
3865,17,[]
3888,16,[]
3910,23,[]
3939,14,[]
3959,17,[]
3982,17,[]
4005,17,[]
4028,21,[]
4055,13,[]
4074,17,[]
4097,57,[]
4171,9,[]
4186,11,[]
4203,11,[]
4220,12,[]
4238,13,[]
4257,14,[]
4277,14,[]
4297,13,[]
4316,15,[]
4337,13,[]
4356,14,[]
4376,12,[]
4394,15,[]
4415,13,[]
4434,13,[]
4453,12,[]
4471,14,[]
4491,12,[]
4509,13,[]
4528,12,[]
4546,15,[]
4567,14,[]
4587,12,[]
4605,12,[]
4623,12,[]
4641,10,[]
4657,16,[]
4679,10,[]
4695,13,[]
4714,66,[]
4797,7,[]
4810,11,[]
4827,9,[]
4842,13,[]
4861,10,[]
4877,11,[]
4894,12,[]
4912,13,[]
4931,12,[]
4949,11,[]
4966,11,[]
4983,11,[]
5000,11,[]
5017,12,[]
5035,12,[]
5053,14,[]
5073,14,[]
5093,14,[]
5113,14,[]
5133,14,[]
5153,13,[]
5172,12,[]
5190,12,[]
5208,19,[]
5233,13,[]
5252,14,[]
5272,12,[]
5290,13,[]
5309,16,[]
5331,71,[]
5419,7,[]
5432,10,[]
5448,11,[]
5465,12,[]
5483,14,[]
5503,14,[]
5523,13,[]
5542,14,[]
5562,13,[]
5581,13,[]
5600,11,[]
5617,13,[]
5636,11,[]
5653,12,[]
5671,15,[]
5692,13,[]
5711,13,[]
5730,16,[]
5752,15,[]
5773,18,[]
5797,17,[]
5820,15,[]
5841,15,[]
5862,16,[]
5884,16,[]
5906,16,[]
5928,15,[]
5949,17,[]
5972,15,[]
5993,52,[]
6062,13,[]
6081,13,[]
6100,15,[]
6121,7,[]
6134,16,[]
6156,16,[]
6178,15,[]
6199,20,[]
6225,20,[]
6251,19,[]
6276,20,[9, 10, 11, 12, 13, 14, 15]
6302,15,[]
6323,13,[]
6342,18,[]
6366,15,[]
6387,17,[]
6410,16,[]
6432,17,[]
6455,17,[]
6478,16,[]
6500,17,[]
6523,15,[]
6544,16,[]
6566,13,[]
6585,16,[]
6607,16,[]
6629,14,[]
6649,13,[]
6668,7,[]
0,53,[]
81,4,[]
90,18,[]
113,8,[]
126,19,[]
150,19,[]
174,6,[]
185,21,[]
211,17,[]
233,7,[]
245,18,[]
268,6,[]
279,21,[]
305,19,[]
329,19,[]
353,7,[]
365,18,[]
388,18,[]
411,8,[]
424,16,[]
445,19,[]
469,7,[]
481,19,[]
505,6,[]
516,24,[]
545,20,[]
570,20,[]
595,3,[]
603,21,[]
629,22,[]
656,104,[]
788,22,[]
815,24,[]
844,7,[]
856,14,[]
875,6,[]
886,22,[]
913,20,[]
938,25,[0, 1, 2, 3, 4, 5]
968,5,[]
978,27,[]
1010,20,[]
1035,5,[]
1045,23,[]
1073,18,[]
1096,7,[]
1108,25,[]
1138,7,[]
1150,23,[]
1178,22,[]
1205,17,[]
1227,9,[]
1241,25,[]
1271,20,[]
1296,6,[]
1307,18,[]
1330,18,[]
1353,6,[]
1364,20,[]
1389,10,[]
1404,90,[]
1522,9,[]
1536,11,[]
1552,6,[]
1563,17,[9, 10, 11, 12, 13, 14, 15, 16]
1585,15,[]
1605,8,[]
1618,17,[]
1640,18,[]
1663,5,[]
1673,18,[]
1696,6,[]
1707,20,[]
1732,15,[]
1752,13,[]
1770,6,[]
1781,16,[]
1802,15,[]
1822,8,[]
1835,16,[]
1856,18,[]
1879,6,[]
1890,19,[]
1914,6,[]
1925,18,[]
1948,19,[]
1972,15,[]
1992,9,[]
2006,18,[]
2029,15,[]
2049,78,[]
2155,10,[]
2170,12,[]
2187,7,[]
2199,17,[]
2221,6,[]
2232,12,[]
2249,15,[]
2269,17,[]
2291,6,[]
2302,17,[]
2324,18,[]
2347,6,[]
2358,13,[]
2376,16,[]
2397,6,[]
2408,19,[]
2432,6,[]
2443,16,[]
2464,14,[]
2483,15,[]
2503,8,[]
2516,15,[]
2536,18,[]
2559,6,[]
2570,15,[]
2590,16,[]
2611,7,[]
2623,18,[]
2646,8,[]
2659,79,[]
2766,9,[]
2780,13,[]
2798,8,[]
2811,15,[]
2831,16,[]
2852,5,[]
2862,19,[]
2886,14,[]
2905,7,[]
2917,16,[]
2938,7,[]
2950,17,[]
2972,13,[]
2990,16,[]
3011,7,[]
3023,16,[]
3044,15,[]
3064,9,[]
3078,15,[]
3098,13,[]
3116,6,[]
3127,16,[]
3148,10,[]
3163,19,[12, 13, 14, 15, 16, 17, 18]
3187,16,[]
3208,20,[]
3233,5,[]
3243,17,[]
3265,19,[]
3289,74,[]
3391,12,[]
3408,14,[]
3427,7,[]
3439,21,[]
3465,5,[]
3475,17,[]
3497,17,[]
3519,20,[]
3544,6,[]
3555,17,[]
3577,20,[]
3602,6,[]
3613,22,[]
3640,17,[]
3662,7,[]
3674,20,[]
3699,6,[]
3710,17,[]
3732,16,[]
3753,19,[]
3777,7,[]
3789,17,[]
3811,17,[]
3833,9,[]
3847,14,[]
3866,16,[7, 8, 9, 10, 11, 12, 13]
3887,11,[]
3903,21,[]
3929,11,[]
3945,83,[]
4056,12,[]
4073,14,[]
4092,9,[]
4106,16,[]
4127,15,[]
4147,9,[]
4161,16,[]
4182,20,[]
4207,5,[]
4217,20,[]
4242,9,[]
4256,17,[]
4278,16,[]
4299,15,[]
4319,7,[]
4331,16,[]
4352,22,[]
4379,6,[]
4390,15,[]
4410,20,[]
4435,5,[]
4445,18,[]
4468,7,[]
4480,17,[]
4502,17,[]
4524,14,[]
4543,6,[]
4554,17,[]
4576,17,[]
4598,84,[]
4710,6,[]
4721,15,[]
4741,8,[]
4754,16,[]
4775,8,[]
4788,17,[]
4810,19,[]
4834,13,[]
4852,8,[]
4865,17,[]
4887,20,[]
4912,7,[]
4924,15,[]
4944,17,[]
4966,9,[]
4980,19,[]
5004,6,[]
5015,16,[]
5036,14,[]
5055,13,[]
5073,9,[]
5087,14,[]
5106,15,[]
5126,8,[]
5139,16,[]
5160,15,[]
5180,6,[]
5191,16,[]
5212,6,[]
5223,85,[]
5336,10,[]
5351,10,[2, 3, 4, 5, 6, 7]
5366,7,[]
5378,15,[]
5398,10,[]
5413,8,[]
5426,16,[]
5447,15,[]
5467,10,[]
5482,16,[]
5503,7,[]
5515,17,[]
5537,15,[]
5557,16,[]
5578,5,[]
5588,20,[]
5613,17,[]
5635,5,[]
5645,16,[]
5666,20,[]
5691,6,[]
5702,17,[]
5724,7,[]
5736,17,[]
5758,17,[]
5780,18,[]
5803,6,[]
5814,17,[]
5836,17,[]
5858,90,[]
5976,9,[]
5990,11,[]
6006,6,[]
6017,16,[]
6038,6,[]
6049,16,[]
6070,16,[]
6091,17,[]
6113,10,[]
6128,19,[]
6152,19,[]
6176,6,[]
6187,20,[]
6212,20,[]
6237,6,[]
6248,22,[]
6275,6,[]
6286,20,[]
6311,17,[]
6333,16,[]
6354,9,[]
6368,16,[]
6389,17,[]
6411,7,[]
6423,17,[]
6445,18,[]
6468,6,[]
6479,21,[]
6505,7,[]
0,23,[]
29,4,[]
39,10,[]
55,14,[]
75,13,[]
94,10,[]
110,16,[]
132,13,[]
151,12,[]
169,10,[]
185,12,[]
203,11,[]
220,14,[]
240,12,[]
258,14,[]
278,13,[]
297,15,[]
318,13,[]
337,14,[]
357,12,[]
375,15,[]
396,13,[]
415,16,[]
437,17,[]
460,12,[]
478,13,[]
497,14,[]
517,19,[]
542,16,[]
564,14,[]
584,80,[]
691,12,[]
709,9,[]
724,10,[]
740,8,[]
754,15,[]
775,17,[]
798,16,[]
820,15,[]
841,17,[]
864,15,[]
885,16,[]
907,16,[]
929,15,[]
950,17,[]
973,15,[]
994,16,[]
1016,14,[]
1036,16,[]
1058,15,[]
1079,16,[]
1101,15,[]
1122,18,[]
1146,17,[]
1169,15,[]
1190,13,[]
1209,18,[]
1233,17,[]
1256,13,[]
1275,15,[]
1296,82,[]
1405,7,[]
1418,11,[]
1435,12,[]
1453,14,[]
1473,13,[]
1492,14,[]
1512,13,[]
1531,13,[]
1550,14,[]
1570,15,[]
1591,14,[]
1611,15,[]
1632,12,[]
1650,13,[]
1669,9,[]
1684,14,[]
1704,14,[]
1724,17,[]
1747,13,[]
1766,17,[]
1789,13,[]
1808,14,[]
1828,10,[]
1844,14,[]
1864,14,[]
1884,15,[]
1905,14,[]
1925,17,[]
1948,14,[]
1968,82,[]
2077,8,[]
2091,10,[]
2107,10,[]
2123,16,[]
2145,14,[]
2165,14,[]
2185,15,[]
2206,15,[]
2227,14,[]
2247,15,[]
2268,14,[]
2288,18,[]
2312,17,[]
2335,18,[]
2359,15,[]
2380,19,[]
2405,14,[]
2425,22,[]
2453,16,[]
2475,16,[]
2497,20,[]
2523,18,[]
2547,17,[]
2570,17,[]
2593,16,[]
2615,17,[]
2638,14,[]
2658,18,[]
2682,18,[]
2706,83,[]
2816,6,[]
2828,11,[]
2845,11,[]
2862,11,[]
2879,13,[]
2898,13,[]
2917,15,[]
2938,17,[]
2961,16,[]
2983,18,[]
3007,15,[]
3028,19,[]
3053,16,[]
3075,18,[]
3099,14,[]
3119,18,[]
3143,17,[]
3166,17,[]
3189,15,[]
3210,18,[]
3234,15,[]
3255,18,[]
3279,15,[]
3300,14,[]
3320,15,[]
3341,16,[]
3363,14,[]
3383,15,[]
3404,14,[]
3424,85,[]
3536,7,[0, 1, 2, 3, 4, 5, 6]
3549,11,[]
3566,13,[]
3585,14,[]
3605,16,[]
3627,17,[]
3650,16,[]
3672,15,[]
3693,14,[]
3713,14,[]
3733,15,[]
3754,16,[]
3776,16,[]
3798,15,[]
3819,14,[]
3839,15,[]
3860,15,[]
3881,17,[]
3904,16,[]
3926,17,[]
3949,16,[]
3971,17,[]
3994,15,[]
4015,16,[]
4037,15,[]
4058,16,[]
4080,16,[]
4102,15,[]
4123,16,[]
4145,87,[]
4259,6,[]
4271,10,[]
4287,11,[]
4304,17,[]
4327,14,[]
4347,16,[]
4369,14,[]
4389,14,[]
4409,15,[]
4430,15,[]
4451,14,[]
4471,16,[]
4493,13,[]
4512,15,[]
4533,16,[]
4555,16,[]
4577,14,[]
4597,14,[]
4617,16,[]
4639,16,[]
4661,16,[]
4683,13,[]
4702,17,[]
4725,16,[]
4747,16,[]
4769,15,[]
4790,15,[]
4811,17,[]
4834,15,[]
4855,86,[]
4968,7,[]
4981,12,[]
4999,12,[]
5017,13,[]
5036,11,[]
5053,15,[]
5074,13,[]
5093,14,[]
5113,15,[]
5134,15,[]
5155,16,[]
5177,18,[2, 3, 4, 5, 6, 7, 8, 9, 10]
5201,17,[]
5224,17,[]
5247,17,[]
5270,19,[]
5295,16,[]
5317,15,[]
5338,14,[]
5358,15,[]
5379,15,[]
5400,16,[]
5422,14,[]
5442,16,[]
5464,16,[]
5486,17,[]
5509,17,[]
5532,17,[]
5555,15,[]
5576,88,[]
5691,6,[]
5703,10,[]
5719,11,[]
5736,15,[]
5757,14,[]
5777,13,[]
5796,12,[]
5814,15,[]
5835,12,[]
5853,16,[]
5875,13,[]
5894,16,[]
5916,14,[]
5936,15,[]
5957,16,[]
5979,18,[]
6003,15,[]
6024,14,[]
6044,12,[]
6062,13,[]
6081,14,[]
6101,13,[]
6120,12,[]
6138,14,[]
6158,13,[]
6177,14,[]
6197,13,[]
6216,14,[]
6236,13,[]
6255,92,[]
6374,7,[]
6387,11,[]
6404,12,[]
6422,14,[]
6442,12,[]
6460,15,[]
6481,13,[]
6500,16,[]
6522,13,[]
6541,15,[]
6562,14,[5, 6, 7, 8, 9, 10, 11, 12]
6582,17,[]
6605,13,[]
6624,15,[]
6645,14,[]
6665,17,[]
6688,15,[]
6709,16,[]
6731,15,[]
6752,17,[]
6775,14,[]
6795,15,[]
6816,14,[]
6836,17,[]
6859,14,[]
6879,15,[]
6900,12,[]
6918,16,[]
6940,13,[]
0,27,[]
33,5,[]
44,8,[]
58,9,[]
73,7,[]
86,15,[]
107,13,[]
126,13,[]
145,13,[]
164,6,[]
176,15,[]
197,12,[]
215,14,[]
235,11,[]
252,12,[]
270,10,[]
286,11,[]
303,12,[]
321,12,[]
339,15,[]
360,15,[]
381,6,[]
393,12,[]
411,15,[]
432,15,[]
453,13,[]
472,13,[]
491,12,[]
509,10,[]
525,19,[]
550,95,[]
666,16,[]
688,14,[]
708,1,[]
715,6,[]
727,11,[]
744,15,[]
765,12,[]
783,18,[]
807,13,[]
826,8,[]
840,16,[]
862,14,[]
882,17,[]
905,16,[]
927,5,[]
938,16,[]
960,15,[]
981,16,[]
1003,15,[]
1024,16,[]
1046,15,[]
1067,15,[]
1088,12,[]
1106,12,[]
1124,13,[]
1143,14,[]
1163,11,[]
1180,10,[]
1196,16,[]
1218,89,[]
1328,9,[]
1343,11,[]
1360,11,[]
1377,12,[]
1395,7,[]
1408,14,[]
1428,12,[]
1446,19,[]
1471,14,[]
1491,9,[]
1506,13,[]
1525,17,[0, 1, 2, 3, 4, 5, 6, 7]
1548,13,[]
1567,14,[]
1587,17,[]
1610,19,[]
1635,12,[]
1653,17,[]
1676,17,[]
1699,21,[]
1726,18,[]
1750,5,[]
1761,17,[]
1784,20,[]
1810,18,[]
1834,19,[]
1859,17,[]
1882,19,[]
1907,5,[]
1918,84,[]
2023,10,[]
2039,15,[]
2060,20,[]
2086,7,[]
2099,21,[]
2126,18,[]
2150,16,[]
2172,16,[]
2194,16,[]
2216,14,[]
2236,16,[]
2258,9,[]
2273,17,[]
2296,17,[]
2319,17,[]
2342,19,[]
2367,18,[]
2391,19,[]
2416,10,[]
2432,17,[]
2455,21,[]
2482,18,[]
2506,19,[]
2531,8,[]
2545,20,[]
2571,15,[]
2592,24,[]
2622,15,[]
2643,14,[]
2663,55,[]
2739,2,[]
2747,12,[]
2765,13,[]
2784,13,[]
2803,15,[]
2824,8,[]
2838,14,[2, 3, 4, 5, 6, 7, 8]
2858,16,[]
2880,16,[]
2902,14,[]
2922,15,[]
2943,15,[]
2964,9,[]
2979,16,[]
3001,17,[]
3024,17,[]
3047,21,[]
3074,6,[]
3086,18,[]
3110,20,[]
3136,21,[]
3163,20,[]
3189,15,[0, 1, 2, 3, 4, 5, 6, 7]
3210,17,[]
3233,11,[]
3250,17,[]
3273,15,[]
3294,16,[]
3316,18,[]
3340,58,[]
3419,2,[]
3427,13,[]
3446,15,[]
3467,17,[]
3490,15,[]
3511,16,[]
3533,17,[]
3556,9,[]
3571,18,[]
3595,17,[]
3618,15,[]
3639,16,[]
3661,11,[]
3678,19,[]
3703,16,[]
3725,17,[]
3748,20,[]
3774,18,[]
3798,20,[]
3824,10,[]
3840,19,[]
3865,18,[]
3889,25,[15, 16, 17, 18, 19, 20, 21, 22, 23, 24]
3920,23,[]
3949,8,[]
3963,29,[]
3998,23,[]
4027,21,[]
4054,24,[]
4084,57,[]
4162,22,[]
4190,6,[]
4202,24,[]
4232,22,[]
4260,20,[]
4286,19,[]
4311,8,[]
4325,21,[]
4352,20,[]
4378,33,[]
4417,25,[]
4448,24,[]
4478,30,[]
4514,9,[]
4529,29,[]
4564,26,[]
4596,18,[]
4620,17,[]
4643,18,[]
4667,14,[]
4687,16,[]
4709,16,[]
4731,18,[]
4755,16,[]
4777,19,[]
4802,22,[]
4830,8,[]
4844,28,[]
4878,22,[]
4906,37,[]
4964,13,[]
4983,7,[]
4996,20,[]
5022,15,[]
5043,14,[]
5063,17,[]
5086,11,[]
5103,13,[]
5122,14,[]
5142,13,[]
5161,6,[]
5173,16,[]
5195,18,[]
5219,17,[]
5242,22,[]
5270,6,[]
5282,18,[]
5306,16,[]
5328,15,[]
5349,15,[]
5370,14,[]
5390,18,[11, 12, 13, 14, 15, 16, 17]
5414,7,[]
5427,16,[]
5449,18,[]
5473,16,[]
5495,14,[]
5515,16,[]
5537,15,[]
5558,43,[]
5622,13,[]
5641,16,[]
5663,18,[]
5687,10,[]
5703,17,[]
5726,15,[]
5747,14,[]
5767,15,[]
5788,13,[]
5807,8,[]
5821,19,[]
5846,12,[]
5864,16,[]
5886,17,[]
5909,18,[]
5933,16,[]
5955,16,[]
5977,7,[]
5990,15,[]
6011,18,[]
6035,16,[]
6057,16,[]
6079,12,[]
6097,11,[]
6114,11,[]
6131,12,[]
6149,14,[]
6169,18,[]
6193,6,[]
6205,48,[]
6274,8,[]
6288,11,[]
6305,13,[]
6324,5,[]
6335,14,[]
6355,23,[]
6384,11,[]
6401,14,[]
6421,13,[]
6440,15,[]
6461,8,[]
6475,13,[]
6494,13,[]
6513,14,[]
6533,20,[]
6559,9,[]
6574,12,[]
6592,16,[]
6614,14,[]
6634,17,[]
6657,12,[]
6675,15,[]
6696,7,[]
6709,14,[]
6729,13,[]
6748,12,[]
6766,12,[]
6784,15,[]
6805,7,[]
0,24,[]
30,2,[]
38,6,[]
50,12,[]
68,10,[]
84,15,[]
105,10,[]
121,11,[]
138,12,[]
156,12,[]
174,11,[]
191,9,[]
206,13,[]
225,8,[]
239,10,[]
255,14,[]
275,13,[]
294,9,[]
309,12,[]
327,6,[]
339,10,[]
355,14,[]
375,16,[]
397,8,[]
411,8,[]
425,8,[]
439,14,[]
459,18,[]
483,13,[]
502,17,[]
525,110,[]
660,14,[]
680,15,[]
701,5,[]
712,5,[]
723,11,[]
740,14,[]
760,22,[]
788,23,[]
817,23,[]
846,23,[]
875,24,[]
905,23,[]
934,23,[]
963,23,[]
992,24,[]
1022,24,[]
1052,24,[]
1082,26,[]
1114,28,[]
1148,28,[]
1182,29,[]
1217,27,[]
1250,24,[]
1280,27,[]
1313,26,[]
1345,26,[]
1377,26,[]
1409,26,[]
1441,25,[]
1472,59,[]
1556,19,[]
1581,23,[]
1610,22,[]
1638,24,[2, 3, 4, 5, 6, 7, 8]
1668,22,[]
1696,24,[]
1726,24,[]
1756,20,[]
1782,23,[]
1811,21,[]
1838,18,[]
1862,20,[]
1888,16,[]
1910,15,[]
1931,15,[]
1952,14,[]
1972,14,[]
1992,15,[]
2013,15,[]
2034,14,[]
2054,18,[9, 10, 11, 12, 13, 14, 15, 16, 17]
2078,12,[]
2096,12,[]
2114,13,[]
2133,11,[]
2150,13,[]
2169,10,[]
2185,12,[]
2203,9,[]
2218,67,[]
2310,5,[]
2321,7,[]
2334,8,[]
2348,9,[]
2363,8,[]
2377,9,[]
2392,11,[]
2409,9,[]
2424,10,[]
2440,9,[]
2455,9,[]
2470,8,[]
2484,11,[]
2501,9,[]
2516,10,[]
2532,8,[]
2546,7,[]
2559,12,[]
2577,8,[]
2591,10,[]
2607,8,[]
2621,10,[]
2637,12,[]
2655,10,[]
2671,9,[]
2686,9,[]
2701,10,[]
2717,10,[]
2733,11,[]
2750,73,[]
2848,4,[]
2858,8,[]
2872,6,[]
2884,9,[]
2899,9,[]
2914,8,[]
2928,10,[]
2944,11,[]
2961,9,[0, 1, 2, 3, 4, 5, 6, 7]
2976,9,[]
2991,9,[]
3006,12,[]
3024,9,[]
3039,9,[]
3054,8,[]
3068,10,[]
3084,8,[]
3098,9,[]
3113,8,[]
3127,13,[]
3146,9,[]
3161,8,[]
3175,12,[]
3193,11,[]
3210,11,[]
3227,9,[]
3242,28,[]
3276,23,[]
3305,7,[]
3318,73,[]
3416,4,[]
3426,7,[]
3439,11,[]
3456,11,[]
3473,11,[]
3490,13,[]
3509,14,[]
3529,17,[]
3552,17,[]
3575,19,[]
3600,20,[]
3626,22,[]
3654,22,[]
3682,22,[]
3710,20,[]
3736,24,[]
3766,23,[]
3795,23,[]
3824,21,[1, 2, 3, 4, 5, 6, 7, 8, 9]
3851,22,[]
3879,21,[]
3906,20,[]
3932,22,[]
3960,24,[]
3990,22,[]
4018,21,[]
4045,22,[]
4073,21,[]
4100,18,[]
4124,50,[]
4199,16,[]
4221,15,[]
4242,14,[]
4262,16,[]
4284,14,[]
4304,15,[]
4325,13,[]
4344,14,[]
4364,19,[]
4389,11,[]
4406,13,[]
4425,15,[]
4446,16,[]
4468,16,[]
4490,16,[]
4512,16,[]
4534,17,[]
4557,15,[]
4578,17,[]
4601,14,[]
4621,17,[]
4644,9,[]
4659,12,[]
4677,13,[]
4696,12,[]
4714,12,[]
4732,16,[]
4754,16,[]
4776,13,[]
4795,63,[]
4883,9,[]
4898,10,[]
4914,9,[]
4929,14,[]
4949,9,[]
4964,12,[]
4982,10,[]
4998,12,[]
5016,10,[]
5032,12,[]
5050,10,[]
5066,10,[]
5082,10,[]
5098,10,[]
5114,13,[]
5133,10,[]
5149,8,[]
5163,9,[]
5178,8,[]
5192,9,[]
5207,9,[]
5222,9,[]
5237,15,[]
5258,11,[]
5275,12,[]
5293,12,[]
5311,9,[]
5326,10,[]
5342,8,[]
5356,84,[]
5465,3,[]
5474,4,[]
5484,7,[]
5497,6,[]
5509,10,[]
5525,8,[]
5539,7,[]
5552,9,[]
5567,9,[]
5582,11,[]
5599,9,[]
5614,10,[]
5630,9,[]
5645,7,[]
5658,8,[]
5672,9,[]
5687,8,[]
5701,9,[]
5716,9,[]
5731,9,[]
5746,14,[]
5766,9,[]
5781,11,[]
5798,11,[]
5815,13,[]
5834,9,[]
5849,9,[]
5864,11,[]
5881,9,[]
5896,104,[]
6025,6,[]
6037,10,[]
6053,13,[]
6072,15,[]
6093,14,[]
6113,13,[]
6132,17,[]
6155,19,[]
6180,19,[]
6205,21,[]
6232,20,[]
6258,22,[]
6286,21,[]
6313,21,[]
6340,23,[]
6369,22,[]
6397,21,[]
6424,22,[]
6452,22,[]
6480,24,[]
6510,25,[]
6541,26,[]
6573,23,[]
6602,26,[]
6634,24,[]
6664,25,[]
6695,24,[]
6725,24,[]
6755,9,[]
0,82,[]
129,10,[]
144,16,[]
165,20,[]
190,7,[]
202,16,[]
223,15,[]
243,20,[]
268,24,[]
297,4,[]
306,18,[]
329,22,[]
356,20,[]
381,7,[]
393,22,[]
420,20,[]
445,22,[]
472,25,[]
502,6,[]
513,23,[]
541,22,[]
568,27,[]
600,20,[]
625,22,[]
652,9,[]
666,29,[]
700,21,[]
726,25,[]
756,7,[]
768,21,[]
794,201,[]
1042,17,[]
1064,21,[]
1090,5,[]
1100,15,[]
1120,13,[]
1138,16,[]
1159,14,[]
1178,6,[]
1189,22,[]
1216,19,[]
1240,15,[]
1260,18,[]
1283,14,[]
1302,5,[]
1312,17,[]
1334,13,[]
1352,19,[]
1376,15,[]
1396,6,[]
1407,16,[]
1428,14,[]
1447,15,[]
1467,9,[]
1481,15,[]
1501,12,[]
1518,14,[]
1537,13,[]
1555,15,[]
1575,6,[]
1586,132,[]
1765,3,[]
1773,6,[]
1784,6,[]
1795,7,[]
1807,7,[]
1819,7,[]
1831,10,[]
1846,7,[]
1858,11,[]
1874,11,[]
1890,11,[]
1906,7,[]
1918,13,[]
1936,16,[]
1957,11,[]
1973,7,[]
1985,12,[]
2002,12,[]
2019,13,[]
2037,10,[]
2052,14,[]
2071,10,[]
2086,13,[]
2104,10,[]
2119,18,[]
2142,13,[]
2160,16,[]
2181,9,[]
2195,16,[]
2216,110,[]
2373,4,[]
2382,9,[]
2396,7,[]
2408,14,[]
2427,10,[]
2442,10,[]
2457,6,[]
2468,12,[]
2485,12,[]
2502,14,[]
2521,6,[]
2532,15,[]
2552,12,[]
2569,12,[]
2586,13,[]
2604,9,[]
2618,16,[]
2639,14,[]
2658,14,[]
2677,16,[]
2698,11,[]
2714,13,[]
2732,14,[]
2751,14,[]
2770,15,[]
2790,9,[]
2804,18,[]
2827,15,[]
2847,14,[]
2866,124,[]
3037,4,[]
3046,7,[]
3058,9,[]
3072,9,[]
3086,14,[]
3105,13,[]
3123,13,[]
3141,17,[]
3163,6,[]
3174,17,[]
3196,14,[]
3215,14,[]
3234,9,[]
3248,17,[]
3270,15,[]
3290,16,[]
3311,10,[]
3326,16,[]
3347,12,[]
3364,18,[]
3387,7,[]
3399,18,[]
3422,15,[]
3442,18,[]
3465,10,[]
3480,21,[]
3506,15,[]
3526,17,[]
3548,8,[]
3561,144,[]
3752,3,[]
3760,5,[]
3770,9,[]
3784,10,[]
3799,11,[]
3815,9,[]
3829,11,[]
3845,8,[]
3858,11,[]
3874,11,[]
3890,8,[]
3903,13,[]
3921,12,[]
3938,12,[]
3955,16,[]
3976,9,[]
3990,14,[]
4009,12,[]
4026,20,[]
4051,7,[]
4063,14,[]
4082,15,[]
4102,9,[]
4116,18,[]
4139,12,[]
4156,16,[]
4177,9,[]
4191,11,[]
4207,17,[]
4229,156,[]
4432,2,[]
4439,1,[]
4445,3,[]
4453,4,[]
4462,7,[]
4474,7,[]
4486,11,[]
4502,8,[]
4515,13,[]
4533,7,[]
4545,13,[]
4563,12,[]
4580,12,[]
4597,9,[]
4611,16,[]
4632,12,[]
4649,13,[]
4667,10,[]
4682,10,[]
4697,10,[]
4712,10,[]
4727,9,[]
4741,12,[]
4758,13,[]
4776,7,[]
4788,12,[]
4805,16,[]
4826,12,[]
4843,19,[]
4867,115,[]
5029,3,[]
5037,4,[]
5046,6,[]
5057,10,[]
5072,10,[]
5087,10,[]
5102,2,[]
5109,8,[]
5122,9,[]
5136,9,[]
5150,13,[]
5168,7,[]
5180,13,[]
5198,15,[]
5218,13,[]
5236,16,[]
5257,14,[]
5276,14,[]
5295,8,[]
5308,16,[]
5329,14,[]
5348,15,[]
5368,12,[]
5385,17,[]
5407,16,[]
5428,17,[]
5450,8,[]
5463,17,[]
5485,17,[]
5507,141,[]
5695,3,[]
5703,7,[]
5715,9,[]
5729,9,[]
5743,11,[]
5759,12,[]
5776,6,[]
5787,12,[]
5804,10,[]
5819,13,[]
5837,13,[]
5855,8,[]
5868,11,[]
5884,13,[]
5902,17,[]
5924,8,[]
5937,17,[]
5959,18,[]
5982,11,[]
5998,18,[]
6021,14,[]
6040,13,[]
6058,15,[]
6078,22,[]
6105,9,[]
6119,11,[]
6135,15,[]
6155,13,[]
6173,19,[]
6197,165,[]
6409,1,[]
6415,2,[]
6422,6,[]
6433,7,[]
6445,10,[]
6460,10,[]
6475,4,[]
6484,13,[]
6502,8,[]
6515,10,[]
6530,4,[]
6539,11,[]
6555,9,[]
6569,10,[]
6584,13,[]
6602,10,[]
6617,12,[]
6634,11,[]
6650,8,[]
6663,9,[]
6677,15,[]
6697,12,[]
6714,8,[]
6727,10,[]
6742,15,[]
6762,15,[]
6782,13,[]
6800,11,[]
6816,11,[]
0,26,[]
31,2,[]
38,8,[]
51,10,[]
66,8,[]
79,14,[]
98,13,[]
116,8,[]
129,9,[]
143,7,[]
155,9,[]
169,10,[]
184,8,[]
197,11,[]
213,11,[]
229,9,[]
243,9,[]
257,14,[]
276,17,[]
298,9,[]
312,13,[]
330,22,[]
357,20,[]
382,23,[]
410,17,[]
432,14,[]
451,14,[]
470,13,[]
488,16,[]
509,28,[]
542,112,[]
696,8,[]
709,6,[]
720,6,[]
731,4,[]
740,7,[]
752,14,[]
771,10,[]
786,11,[]
802,12,[]
819,11,[]
835,9,[]
849,13,[]
867,12,[]
884,12,[]
901,12,[]
918,13,[]
936,12,[]
953,14,[]
972,16,[]
993,12,[]
1010,14,[]
1029,14,[]
1048,13,[]
1066,12,[]
1083,13,[]
1101,14,[]
1120,12,[0, 1, 2, 3, 4, 5, 6]
1137,14,[]
1156,11,[]
1172,92,[]
1306,8,[]
1319,8,[]
1332,10,[]
1347,9,[]
1361,11,[]
1377,10,[]
1392,12,[]
1409,12,[]
1426,9,[]
1440,12,[]
1457,11,[]
1473,10,[]
1488,13,[]
1506,14,[]
1525,13,[]
1543,15,[]
1563,14,[]
1582,13,[]
1600,12,[]
1617,14,[]
1636,14,[]
1655,16,[]
1676,17,[]
1698,14,[]
1717,13,[]
1735,15,[]
1755,14,[]
1774,12,[]
1791,13,[]
1809,110,[]
1961,4,[]
1970,8,[]
1983,9,[]
1997,10,[]
2012,12,[]
2029,11,[]
2045,10,[]
2060,15,[]
2080,9,[]
2094,9,[]
2108,13,[]
2126,12,[]
2143,9,[]
2157,14,[]
2176,13,[]
2194,12,[]
2211,13,[3, 4, 5, 6, 7, 8, 9, 10, 11, 12]
2229,13,[]
2247,9,[]
2261,13,[]
2279,15,[]
2299,15,[]
2319,12,[]
2336,14,[]
2355,11,[]
2371,14,[]
2390,14,[]
2409,15,[]
2429,10,[]
2444,121,[]
2607,6,[]
2618,9,[]
2632,13,[]
2650,15,[]
2670,10,[]
2685,12,[]
2702,11,[]
2718,11,[]
2734,15,[]
2754,15,[]
2774,20,[]
2799,12,[]
2816,14,[]
2835,10,[]
2850,17,[]
2872,18,[]
2895,16,[]
2916,15,[]
2936,14,[]
2955,12,[]
2972,13,[]
2990,17,[]
3012,10,[]
3027,15,[]
3047,14,[]
3066,13,[]
3084,14,[]
3103,15,[]
3123,9,[]
3137,123,[]
3302,8,[]
3315,9,[]
3329,10,[]
3344,11,[]
3360,14,[]
3379,13,[]
3397,11,[]
3413,12,[]
3430,11,[]
3446,10,[]
3461,11,[]
3477,11,[]
3493,10,[]
3508,16,[]
3529,9,[]
3543,11,[]
3559,12,[]
3576,10,[]
3591,10,[]
3606,14,[]
3625,9,[]
3639,10,[]
3654,11,[]
3670,10,[]
3685,11,[]
3701,11,[]
3717,10,[]
3732,12,[]
3749,16,[]
3770,143,[]
3955,7,[]
3967,8,[]
3980,8,[]
3993,9,[]
4007,9,[]
4021,9,[]
4035,10,[]
4050,10,[]
4065,12,[]
4082,11,[]
4098,10,[]
4113,12,[]
4130,14,[]
4149,13,[]
4167,8,[1, 2, 3, 4, 5, 6, 7]
4180,9,[]
4194,14,[]
4213,10,[]
4228,9,[]
4242,10,[]
4257,11,[]
4273,10,[]
4288,9,[]
4302,10,[]
4317,9,[]
4331,9,[]
4345,8,[]
4358,9,[]
4372,7,[]
4384,171,[]
4597,4,[]
4606,5,[]
4616,5,[]
4626,7,[]
4638,5,[]
4648,9,[]
4662,9,[]
4676,10,[]
4691,9,[]
4705,9,[]
4719,7,[]
4731,9,[]
4745,9,[]
4759,11,[]
4775,12,[]
4792,12,[]
4809,10,[]
4824,11,[]
4840,10,[]
4855,9,[]
4869,10,[]
4884,10,[]
4899,11,[]
4915,17,[]
4937,11,[]
4953,9,[]
4967,10,[]
4982,10,[]
4997,9,[]
5011,164,[]
5217,6,[]
5228,7,[]
5240,10,[]
5255,12,[]
5272,13,[]
5290,14,[]
5309,15,[]
5329,14,[]
5348,16,[]
5369,18,[]
5392,18,[]
5415,15,[]
5435,11,[]
5451,10,[]
5466,8,[]
5479,10,[]
5494,14,[]
5513,17,[]
5535,18,[]
5558,13,[]
5576,12,[]
5593,10,[]
5608,10,[]
5623,11,[]
5639,13,[]
5657,10,[]
5672,12,[]
5689,10,[]
5704,12,[]
5721,165,[]
5928,6,[]
5939,9,[]
5953,8,[]
5966,10,[]
5981,13,[]
5999,13,[]
6017,10,[]
6032,15,[]
6052,12,[]
6069,10,[]
6084,12,[]
6101,15,[]
6121,10,[]
6136,10,[]
6151,14,[]
6170,13,[]
6188,7,[]
6200,10,[]
6215,13,[]
6233,9,[]
6247,11,[]
6263,13,[]
6281,7,[]
6293,10,[]
6308,11,[]
6324,7,[]
6336,9,[]
6350,12,[]
6367,14,[]
0,51,[]
76,13,[]
95,14,[]
115,15,[]
136,14,[]
156,12,[]
174,15,[]
195,13,[]
214,15,[]
235,13,[]
254,12,[]
272,17,[]
295,15,[]
316,12,[]
334,10,[]
350,10,[]
366,12,[]
384,17,[]
407,17,[]
430,16,[]
452,17,[]
475,14,[]
495,13,[]
514,16,[]
536,17,[]
559,19,[]
584,19,[]
609,19,[]
634,18,[]
658,16,[]
680,76,[]
781,14,[]
801,20,[]
827,19,[]
852,13,[]
871,13,[]
890,15,[]
911,15,[]
932,22,[]
960,16,[]
982,15,[]
1003,17,[]
1026,18,[]
1050,13,[]
1069,13,[]
1088,17,[10, 11, 12, 13, 14, 15, 16]
1111,14,[]
1131,16,[]
1153,14,[]
1173,13,[]
1192,16,[]
1214,16,[]
1236,18,[]
1260,17,[]
1283,18,[]
1307,15,[]
1328,22,[]
1356,14,[]
1376,18,[]
1400,22,[]
1428,68,[]
1521,6,[]
1533,10,[]
1549,13,[]
1568,13,[]
1587,12,[]
1605,12,[]
1623,12,[]
1641,13,[]
1660,11,[]
1677,13,[]
1696,12,[]
1714,13,[]
1733,11,[]
1750,12,[]
1768,12,[]
1786,13,[]
1805,11,[]
1822,12,[]
1840,12,[]
1858,14,[]
1878,12,[]
1896,12,[]
1914,12,[]
1932,12,[]
1950,11,[]
1967,15,[]
1988,13,[]
2007,13,[]
2026,11,[]
2043,73,[]
2141,4,[]
2151,6,[]
2163,9,[]
2178,10,[]
2194,9,[]
2209,10,[]
2225,10,[]
2241,12,[]
2259,14,[]
2279,15,[]
2300,17,[]
2323,15,[]
2344,14,[]
2364,15,[]
2385,15,[6, 7, 8, 9, 10, 11, 12, 13, 14]
2406,16,[]
2428,17,[]
2451,16,[]
2473,16,[]
2495,20,[]
2521,16,[]
2543,16,[]
2565,22,[]
2593,20,[]
2619,20,[]
2645,24,[]
2675,14,[]
2695,16,[]
2717,20,[]
2743,82,[]
2850,7,[]
2863,11,[]
2880,13,[]
2899,12,[]
2917,9,[]
2932,10,[]
2948,13,[]
2967,13,[]
2986,14,[]
3006,13,[]
3025,12,[]
3043,15,[]
3064,13,[]
3083,12,[]
3101,13,[]
3120,15,[]
3141,13,[0, 1, 2, 3, 4, 5, 6]
3160,13,[]
3179,17,[]
3202,18,[]
3226,15,[]
3247,15,[]
3268,16,[]
3290,19,[]
3315,16,[]
3337,16,[]
3359,15,[]
3380,18,[]
3404,16,[]
3426,68,[]
3519,9,[]
3534,11,[]
3551,14,[]
3571,14,[]
3591,11,[]
3608,14,[]
3628,16,[]
3650,17,[]
3673,14,[]
3693,13,[]
3712,13,[]
3731,16,[]
3753,16,[]
3775,13,[]
3794,16,[]
3816,18,[]
3840,14,[]
3860,15,[]
3881,17,[]
3904,18,[]
3928,14,[]
3948,18,[]
3972,16,[]
3994,16,[]
4016,13,[]
4035,19,[]
4060,14,[]
4080,15,[]
4101,16,[]
4123,71,[]
4219,7,[]
4232,12,[0, 1, 2, 3, 4, 5, 6]
4250,11,[]
4267,14,[]
4287,14,[]
4307,11,[]
4324,13,[]
4343,17,[]
4366,16,[]
4388,14,[]
4408,12,[]
4426,15,[]
4447,16,[]
4469,16,[]
4491,12,[]
4509,15,[]
4530,13,[]
4549,17,[]
4572,17,[]
4595,18,[]
4619,18,[]
4643,12,[]
4661,16,[]
4683,13,[]
4702,16,[]
4724,17,[]
4747,15,[]
4768,17,[]
4791,15,[]
4812,71,[]
4908,8,[]
4922,11,[]
4939,13,[]
4958,17,[]
4981,16,[]
5003,18,[]
5027,14,[]
5047,15,[]
5068,14,[]
5088,17,[]
5111,15,[]
5132,13,[]
5151,15,[]
5172,16,[]
5194,13,[]
5213,14,[]
5233,16,[]
5255,14,[]
5275,12,[]
5293,13,[]
5312,12,[]
5330,15,[]
5351,14,[]
5371,13,[]
5390,13,[]
5409,17,[]
5432,15,[]
5453,15,[]
5474,17,[]
5497,75,[]
5597,6,[]
5609,11,[]
5626,15,[]
5647,10,[]
5663,13,[]
5682,15,[]
5703,15,[]
5724,15,[]
5745,14,[]
5765,16,[]
5787,14,[]
5807,15,[]
5828,12,[]
5846,15,[]
5867,15,[]
5888,16,[]
5910,12,[]
5928,14,[]
5948,14,[]
5968,17,[]
5991,14,[]
6011,14,[]
6031,14,[]
6051,16,[]
6073,13,[]
6092,14,[]
6112,13,[]
6131,16,[]
6153,14,[]
6173,81,[]
6279,6,[]
6291,11,[]
6308,12,[]
6326,13,[]
6345,11,[]
6362,13,[]
6381,12,[]
6399,15,[]
6420,15,[]
6441,16,[]
6463,16,[]
6485,19,[]
6510,14,[]
6530,15,[]
6551,16,[]
6573,16,[]
6595,12,[]
6613,14,[]
6633,14,[]
6653,18,[]
6677,12,[]
6695,14,[]
6715,12,[]
6733,16,[]
6755,14,[]
6775,13,[]
6794,13,[]
6813,15,[]
6834,3,[]
0,45,[]
80,13,[]
98,12,[]
115,2,[]
122,14,[]
141,17,[]
163,17,[]
185,18,[]
208,17,[]
230,10,[]
245,17,[]
267,17,[]
289,16,[]
310,15,[]
330,17,[]
352,10,[]
367,19,[]
391,18,[]
414,18,[]
437,19,[]
461,16,[]
482,6,[]
493,18,[]
516,18,[]
539,23,[14, 15, 16, 17, 18, 19, 20, 21]
567,11,[]
583,12,[]
600,9,[]
614,13,[]
632,12,[]
649,113,[]
797,10,[]
812,12,[]
829,6,[]
840,10,[]
855,9,[]
869,11,[]
885,14,[]
904,15,[]
924,6,[]
935,12,[]
952,13,[]
970,14,[]
989,13,[]
1007,14,[]
1026,3,[]
1034,16,[]
1055,14,[]
1074,14,[]
1093,12,[]
1110,13,[]
1128,9,[]
1142,13,[]
1160,13,[]
1178,15,[]
1198,14,[]
1217,15,[]
1237,9,[]
1251,15,[]
1271,13,[]
1289,103,[]
1427,8,[]
1440,10,[]
1455,3,[]
1463,13,[]
1481,11,[]
1497,11,[]
1513,13,[]
1531,13,[]
1549,4,[]
1558,15,[4, 5, 6, 7, 8, 9, 10, 11, 12]
1578,13,[]
1596,12,[]
1613,9,[]
1627,14,[]
1646,9,[]
1660,11,[]
1676,11,[]
1692,12,[]
1709,15,[]
1729,15,[]
1749,9,[]
1763,16,[]
1784,15,[]
1804,15,[]
1824,14,[]
1843,15,[]
1863,9,[]
1877,15,[]
1897,14,[]
1916,107,[]
2058,8,[]
2071,10,[]
2086,4,[]
2095,12,[]
2112,12,[]
2129,22,[]
2156,13,[]
2174,17,[]
2196,9,[]
2210,16,[]
2231,15,[]
2251,15,[]
2271,14,[]
2290,15,[]
2310,11,[]
2326,19,[]
2350,14,[5, 6, 7, 8, 9, 10, 11]
2369,15,[]
2389,14,[]
2408,15,[]
2428,9,[]
2442,17,[]
2464,17,[]
2486,15,[]
2506,13,[]
2524,14,[]
2543,11,[]
2559,15,[]
2579,14,[]
2598,107,[]
2740,8,[]
2753,11,[]
2769,4,[]
2778,12,[]
2795,15,[]
2815,13,[]
2833,15,[]
2853,15,[]
2873,8,[]
2886,16,[]
2907,14,[]
2926,23,[]
2954,19,[]
2978,15,[]
2998,8,[]
3011,18,[]
3034,16,[]
3055,16,[]
3076,15,[]
3096,16,[]
3117,12,[]
3134,18,[]
3157,15,[]
3177,16,[]
3198,15,[]
3218,17,[]
3240,12,[]
3257,16,[]
3278,17,[]
3300,103,[]
3438,9,[]
3452,12,[]
3469,4,[]
3478,14,[]
3497,15,[]
3517,16,[]
3538,14,[]
3557,15,[]
3577,10,[]
3592,15,[]
3612,14,[]
3631,16,[]
3652,14,[]
3671,14,[]
3690,9,[]
3704,16,[]
3725,15,[]
3745,25,[]
3775,16,[]
3796,20,[]
3821,9,[]
3835,15,[]
3855,15,[]
3875,17,[]
3897,15,[]
3917,16,[]
3938,11,[]
3954,15,[]
3974,15,[]
3994,102,[]
4131,8,[]
4144,11,[]
4160,8,[]
4173,12,[]
4190,13,[]
4208,13,[]
4226,12,[]
4243,14,[]
4262,8,[]
4275,15,[]
4295,14,[]
4314,13,[]
4332,11,[]
4348,14,[]
4367,12,[]
4384,15,[]
4404,12,[]
4421,13,[]
4439,11,[]
4455,13,[]
4473,12,[]
4490,13,[]
4508,13,[]
4526,19,[]
4550,12,[]
4567,15,[]
4587,13,[]
4605,16,[]
4626,13,[]
4644,118,[]
4797,6,[]
4808,9,[]
4822,4,[]
4831,12,[]
4848,11,[]
4864,12,[]
4881,14,[]
4900,12,[]
4917,9,[]
4931,13,[]
4949,11,[]
4965,13,[]
4983,12,[]
5000,12,[]
5017,8,[]
5030,13,[]
5048,13,[]
5066,13,[]
5084,14,[]
5103,12,[]
5120,12,[]
5137,14,[]
5156,13,[]
5174,14,[]
5193,13,[]
5211,14,[]
5230,7,[]
5242,17,[]
5264,12,[]
5281,118,[]
5434,7,[]
5446,10,[]
5461,3,[]
5469,12,[]
5486,11,[]
5502,13,[]
5520,12,[]
5537,13,[]
5555,9,[]
5569,12,[]
5586,14,[6, 7, 8, 9, 10, 11]
5605,14,[]
5624,14,[]
5643,13,[]
5661,8,[]
5674,14,[]
5693,15,[]
5713,14,[]
5732,13,[]
5750,14,[]
5769,6,[]
5780,14,[]
5799,15,[]
5819,15,[]
5839,18,[]
5862,15,[]
5882,8,[]
5895,15,[]
5915,15,[]
5935,113,[]
6083,8,[]
6096,13,[]
6114,6,[]
6125,15,[]
6145,15,[0, 1, 2, 3, 4, 5, 6]
6165,24,[]
6194,12,[]
6211,13,[]
6229,7,[]
6241,15,[]
6261,18,[]
6284,21,[]
6310,17,[]
6332,17,[]
6354,6,[]
6365,20,[]
6390,15,[]
6410,17,[]
6432,16,[]
6453,18,[]
6476,5,[]
6486,18,[]
6509,17,[]
6531,16,[]
6552,12,[]
6569,14,[]
6588,8,[]
6601,16,[]
6622,17,[]
0,28,[]
33,5,[]
43,11,[]
59,14,[]
78,8,[]
91,16,[]
112,8,[]
125,9,[]
139,14,[]
158,10,[]
173,9,[]
187,9,[]
201,11,[]
217,11,[]
233,8,[]
246,9,[]
260,10,[]
275,14,[]
294,17,[]
316,20,[]
341,15,[]
361,16,[]
382,23,[]
410,21,[]
436,20,[]
461,22,[]
488,15,[]
508,18,[]
531,13,[]
549,22,[]
576,133,[]
741,19,[]
765,15,[]
785,6,[]
796,4,[]
805,9,[]
819,11,[]
835,8,[]
848,14,[]
867,10,[]
882,14,[]
901,9,[]
915,13,[]
933,14,[]
952,14,[]
971,14,[]
990,20,[]
1015,14,[]
1034,18,[]
1057,18,[]
1080,19,[]
1104,15,[]
1124,18,[]
1147,16,[]
1168,15,[]
1188,17,[]
1210,14,[]
1229,17,[]
1251,13,[]
1269,14,[]
1288,104,[]
1424,7,[]
1436,10,[]
1451,12,[]
1468,12,[]
1485,14,[]
1504,17,[]
1526,15,[]
1546,15,[]
1566,17,[]
1588,18,[]
1611,15,[]
1631,14,[]
1650,13,[]
1668,15,[]
1688,15,[]
1708,14,[]
1727,19,[]
1751,16,[]
1772,2,[]
1779,3,[]
1787,10,[]
1802,13,[]
1820,4,[]
1829,3,[]
1837,2,[]
1844,2,[]
1851,2,[]
1858,5,[]
1868,2,[]
1875,134,[]
2041,1,[]
2047,1,[]
2053,1,[]
2059,1,[]
2065,12,[]
2082,32,[]
2119,15,[]
2139,22,[]
2166,7,[]
2178,22,[]
2205,22,[]
2232,20,[]
2257,19,[]
2281,23,[]
2309,19,[]
2333,22,[]
2360,8,[]
2373,13,[]
2391,10,[]
2406,14,[]
2425,16,[]
2446,16,[]
2467,23,[]
2495,21,[]
2521,16,[]
2542,17,[]
2564,14,[]
2583,15,[]
2603,13,[]
2621,91,[]
2744,7,[]
2756,11,[]
2772,12,[]
2789,11,[]
2805,11,[]
2821,9,[]
2835,9,[]
2849,11,[]
2865,15,[]
2885,15,[]
2905,15,[]
2925,10,[]
2940,11,[]
2956,11,[]
2972,11,[]
2988,13,[]
3006,10,[]
3021,12,[]
3038,12,[]
3055,7,[]
3067,10,[]
3082,12,[]
3099,13,[]
3117,17,[]
3139,14,[]
3158,7,[]
3170,12,[]
3187,15,[]
3207,20,[]
3232,108,[]
3372,6,[]
3383,10,[]
3398,13,[]
3416,16,[]
3437,14,[]
3456,8,[]
3469,20,[]
3494,16,[]
3515,19,[]
3539,11,[]
3555,19,[]
3579,18,[]
3602,12,[]
3619,21,[]
3645,23,[]
3673,20,[]
3698,18,[]
3721,12,[]
3738,19,[]
3762,21,[]
3788,17,[]
3810,19,[]
3834,20,[]
3859,18,[]
3882,18,[]
3905,17,[]
3927,20,[]
3952,21,[]
3978,21,[]
4004,85,[]
4121,14,[]
4140,19,[]
4164,18,[]
4187,20,[]
4212,17,[]
4234,19,[]
4258,20,[]
4283,23,[]
4311,18,[]
4334,21,[]
4360,22,[]
4387,22,[]
4414,19,[]
4438,12,[]
4455,26,[]
4486,22,[]
4513,12,[]
4530,50,[]
4612,25,[]
4642,30,[]
4677,16,[]
4698,18,[]
4721,22,[12, 13, 14, 15, 16, 17]
4748,22,[]
4775,15,[]
4795,16,[]
4816,18,[]
4839,17,[]
4861,15,[]
4881,79,[]
4992,6,[]
5003,7,[]
5015,10,[]
5030,13,[]
5048,12,[]
5065,11,[]
5081,13,[]
5099,11,[]
5115,12,[]
5132,13,[]
5150,12,[]
5167,13,[]
5185,11,[]
5201,12,[]
5218,14,[]
5237,14,[]
5256,12,[]
5273,12,[]
5290,12,[]
5307,13,[]
5325,12,[]
5342,6,[]
5353,10,[]
5368,8,[]
5381,9,[]
5395,7,[]
5407,10,[]
5422,11,[]
5438,26,[]
5469,99,[]
5600,2,[]
5607,3,[]
5615,4,[]
5624,8,[]
5637,14,[]
5656,8,[]
5669,10,[]
5684,15,[]
5704,10,[]
5719,9,[]
5733,10,[]
5748,15,[]
5768,13,[]
5786,15,[]
5806,12,[]
5823,15,[]
5843,15,[]
5863,19,[]
5887,16,[]
5908,16,[]
5929,16,[]
5950,11,[]
5966,18,[]
5989,22,[]
6016,16,[]
6037,18,[]
6060,8,[]
6073,10,[]
6088,13,[]
6106,78,[]
6216,2,[]
6223,3,[]
6231,2,[]
6238,5,[]
6248,8,[]
6261,5,[]
6271,6,[]
6282,4,[]
6291,4,[]
6300,3,[]
6308,4,[]
6317,9,[]
6331,5,[]
6341,2,[]
6348,27,[]
6380,4,[]
6389,8,[]
6402,7,[]
6414,1,[]
6420,12,[]
6437,58,[]
6527,3,[]
6535,3,[]
6543,37,[]
6612,24,[]
6641,8,[]
6654,19,[]
6678,5,[]
6688,11,[]
0,71,[]
118,4,[]
127,6,[]
138,17,[]
160,13,[]
178,11,[]
194,10,[]
209,6,[]
220,9,[]
234,15,[]
254,10,[]
269,8,[]
282,10,[]
297,15,[]
317,10,[]
332,12,[]
349,9,[]
363,12,[]
380,9,[]
394,15,[]
414,10,[]
429,10,[]
444,11,[]
460,10,[]
475,15,[]
495,13,[]
513,12,[]
530,10,[]
545,14,[]
564,14,[]
583,209,[]
839,13,[]
857,12,[]
874,11,[]
890,8,[]
903,8,[]
916,11,[]
932,10,[]
947,15,[]
967,12,[]
984,15,[]
1004,15,[]
1024,14,[]
1043,16,[]
1064,12,[]
1081,15,[]
1101,15,[]
1121,15,[]
1141,13,[]
1159,15,[]
1179,14,[]
1198,16,[]
1219,14,[]
1238,14,[]
1257,15,[]
1277,14,[]
1296,17,[]
1318,13,[]
1336,17,[]
1358,13,[]
1376,149,[]
1572,6,[]
1583,9,[]
1597,11,[]
1613,10,[]
1628,13,[]
1646,4,[]
1655,14,[]
1674,10,[]
1689,9,[]
1703,10,[]
1718,9,[]
1732,9,[]
1746,10,[]
1761,6,[]
1772,15,[]
1792,15,[]
1812,13,[]
1830,11,[]
1846,13,[]
1864,15,[]
1884,10,[]
1899,11,[]
1915,10,[]
1930,15,[]
1950,14,[]
1969,13,[]
1987,14,[]
2006,17,[]
2028,14,[]
2047,130,[]
2224,7,[]
2236,11,[]
2252,14,[]
2271,14,[]
2290,12,[]
2307,14,[]
2326,16,[]
2347,16,[]
2368,14,[]
2387,16,[]
2408,13,[]
2426,18,[]
2449,14,[]
2468,18,[2, 3, 4, 5, 6, 7]
2491,16,[]
2512,15,[]
2532,13,[]
2550,19,[]
2574,15,[]
2594,17,[]
2616,17,[]
2638,17,[]
2660,14,[]
2679,16,[]
2700,14,[]
2719,12,[]
2736,12,[]
2753,16,[]
2774,14,[]
2793,125,[]
2965,5,[]
2975,6,[]
2986,10,[]
3001,10,[]
3016,11,[]
3032,9,[]
3046,8,[]
3059,11,[]
3075,14,[]
3094,13,[]
3112,10,[]
3127,13,[]
3145,11,[]
3161,11,[]
3177,10,[]
3192,10,[]
3207,5,[]
3217,10,[]
3232,15,[]
3252,13,[]
3270,12,[]
3287,16,[]
3308,14,[]
3327,16,[]
3348,14,[]
3367,4,[]
3376,19,[]
3400,17,[]
3422,15,[]
3442,132,[]
3621,8,[]
3634,10,[]
3649,11,[]
3665,12,[0, 1, 2, 3, 4, 5]
3682,4,[]
3691,12,[]
3708,17,[]
3730,14,[]
3749,13,[]
3767,13,[]
3785,12,[]
3802,14,[]
3821,14,[]
3840,3,[]
3848,13,[]
3866,18,[]
3889,12,[]
3906,12,[]
3923,15,[]
3943,12,[]
3960,13,[]
3978,13,[]
3996,11,[]
4012,13,[]
4030,15,[]
4050,13,[]
4068,15,[]
4088,14,[]
4107,12,[]
4124,133,[]
4304,3,[]
4312,7,[]
4324,8,[]
4337,9,[]
4351,8,[]
4364,8,[]
4377,10,[]
4392,11,[]
4408,14,[]
4427,12,[]
4444,11,[]
4460,12,[]
4477,17,[]
4499,12,[]
4516,12,[]
4533,14,[]
4552,12,[]
4569,15,[]
4589,10,[]
4604,12,[]
4621,13,[]
4639,11,[]
4655,12,[]
4672,12,[]
4689,19,[]
4713,12,[]
4730,10,[]
4745,14,[]
4764,2,[]
4771,136,[]
4954,8,[]
4967,4,[]
4976,8,[]
4989,10,[]
5004,8,[]
5017,10,[]
5032,10,[]
5047,3,[]
5055,10,[]
5070,12,[]
5087,9,[]
5101,14,[]
5120,12,[]
5137,10,[]
5152,13,[]
5170,13,[]
5188,6,[]
5199,12,[]
5216,16,[]
5237,14,[]
5256,16,[]
5277,18,[]
5300,11,[]
5316,13,[]
5334,15,[]
5354,4,[]
5363,14,[]
5382,20,[]
5407,13,[]
5425,143,[]
5615,5,[]
5625,8,[]
5638,9,[]
5652,14,[]
5671,11,[]
5687,10,[]
5702,15,[]
5722,15,[]
5742,13,[]
5760,14,[]
5779,16,[]
5800,14,[]
5819,13,[]
5837,13,[]
5855,12,[]
5872,17,[]
5894,13,[]
5912,13,[]
5930,16,[]
5951,20,[]
5976,15,[]
5996,14,[]
6015,15,[]
6035,15,[6, 7, 8, 9, 10, 11]
6055,17,[]
6077,15,[]
6097,13,[]
6115,14,[]
6134,15,[]
6154,135,[]
6336,4,[]
6345,4,[]
6354,6,[]
6365,10,[]
6380,8,[]
6393,11,[]
6409,11,[]
6425,14,[]
6444,10,[]
6459,11,[]
6475,5,[]
6485,16,[]
6506,15,[]
6526,13,[]
6544,13,[]
6562,13,[]
6580,14,[]
6599,11,[]
6615,15,[]
6635,3,[]
6643,14,[]
6662,17,[]
6684,14,[]
6703,13,[]
6721,16,[7, 8, 9, 10, 11, 12, 13]
6742,15,[]
6762,15,[]
6782,12,[]
6799,8,[]
0,29,[]
35,14,[]
55,10,[]
71,19,[]
96,26,[]
128,17,[]
151,24,[]
181,8,[]
195,16,[]
217,14,[]
237,13,[]
256,13,[]
275,9,[]
290,14,[]
310,16,[]
332,14,[]
352,15,[]
373,9,[]
388,14,[]
408,14,[]
428,16,[]
450,15,[]
471,4,[]
481,17,[]
504,14,[]
524,16,[]
546,14,[]
566,9,[]
581,15,[]
602,15,[]
623,66,[]
715,10,[]
731,4,[]
741,15,[]
762,9,[]
777,14,[]
797,14,[]
817,7,[]
830,12,[]
848,20,[]
874,10,[]
890,13,[]
909,9,[]
924,23,[]
953,13,[]
972,15,[]
993,16,[]
1015,10,[]
1031,13,[]
1050,13,[]
1069,12,[]
1087,17,[]
1110,8,[]
1124,18,[]
1148,16,[]
1170,16,[]
1192,18,[]
1216,7,[]
1229,18,[]
1253,16,[]
1275,75,[]
1376,10,[]
1392,4,[]
1402,15,[]
1423,13,[]
1442,17,[]
1465,13,[]
1484,8,[]
1498,20,[]
1524,24,[4, 5, 6, 7, 8, 9, 10, 11, 12]
1554,16,[]
1576,14,[]
1596,12,[]
1614,15,[]
1635,15,[]
1656,16,[]
1678,14,[]
1698,6,[]
1710,15,[]
1731,16,[]
1753,13,[]
1772,16,[]
1794,6,[]
1806,13,[]
1825,13,[]
1844,14,[]
1864,14,[]
1884,13,[]
1903,14,[]
1923,14,[]
1943,82,[]
2051,6,[]
2063,4,[]
2073,11,[]
2090,11,[]
2107,12,[]
2125,14,[]
2145,7,[]
2158,17,[]
2181,12,[]
2199,15,[]
2220,13,[]
2239,11,[]
2256,13,[]
2275,13,[]
2294,13,[]
2313,14,[]
2333,11,[]
2350,23,[]
2379,20,[]
2405,16,[]
2427,18,[]
2451,10,[]
2467,18,[]
2491,17,[]
2514,13,[]
2533,17,[]
2556,6,[]
2568,16,[]
2590,15,[]
2611,86,[]
2723,6,[]
2735,4,[]
2745,12,[]
2763,15,[]
2784,16,[]
2806,15,[]
2827,12,[]
2845,17,[]
2868,14,[]
2888,15,[]
2909,14,[]
2929,14,[]
2949,15,[]
2970,15,[]
2991,15,[]
3012,18,[]
3036,5,[]
3047,17,[]
3070,16,[]
3092,18,[]
3116,16,[]
3138,13,[]
3157,17,[]
3180,16,[]
3202,18,[]
3226,15,[]
3247,8,[]
3261,19,[]
3286,15,[]
3307,86,[]
3419,9,[]
3434,5,[]
3445,14,[]
3465,14,[]
3485,14,[]
3505,19,[]
3530,9,[]
3545,18,[]
3569,15,[]
3590,17,[]
3613,16,[]
3635,6,[]
3647,17,[]
3670,18,[]
3694,18,[]
3718,17,[]
3741,5,[]
3752,16,[]
3774,16,[]
3796,18,[]
3820,14,[]
3840,9,[]
3855,16,[]
3877,15,[]
3898,16,[]
3920,17,[]
3943,8,[]
3957,19,[]
3982,16,[]
4004,84,[]
4114,8,[]
4128,5,[]
4139,14,[]
4159,14,[]
4179,14,[]
4199,15,[]
4220,7,[]
4233,22,[]
4261,16,[]
4283,15,[]
4304,25,[]
4335,12,[]
4353,15,[]
4374,18,[]
4398,16,[]
4420,19,[]
4445,9,[]
4460,17,[]
4483,16,[]
4505,16,[]
4527,27,[13, 14, 15, 16, 17, 18, 19, 20, 21]
4560,10,[]
4576,14,[]
4596,17,[]
4619,13,[]
4638,16,[]
4660,12,[]
4678,13,[]
4697,16,[]
4719,78,[]
4823,9,[]
4838,6,[]
4850,14,[]
4870,16,[]
4892,14,[]
4912,18,[]
4936,5,[]
4947,17,[]
4970,16,[]
4992,18,[]
5016,16,[]
5038,4,[]
5048,21,[]
5075,15,[]
5096,15,[]
5117,20,[]
5143,9,[]
5158,18,[]
5182,19,[]
5207,17,[]
5230,16,[]
5252,9,[]
5267,18,[]
5291,21,[]
5318,15,[]
5339,19,[]
5364,9,[]
5379,17,[]
5402,17,[]
5425,73,[]
5524,10,[]
5540,4,[]
5550,17,[]
5573,17,[]
5596,26,[]
5628,15,[]
5649,10,[]
5665,17,[]
5688,30,[]
5724,16,[]
5746,17,[]
5769,7,[]
5782,19,[]
5807,22,[]
5835,16,[]
5857,17,[]
5880,9,[]
5895,17,[]
5918,16,[]
5940,16,[]
5962,14,[]
5982,10,[]
5998,23,[]
6027,22,[]
6055,17,[]
6078,19,[]
6103,10,[]
6119,19,[]
6144,21,[]
6171,82,[]
6279,9,[]
6294,5,[]
6305,14,[]
6325,16,[]
6347,16,[]
6369,15,[]
6390,11,[]
6407,16,[]
6429,22,[]
6457,16,[]
6479,18,[]
6503,8,[]
6517,19,[]
6542,14,[]
6562,17,[]
6585,16,[]
6607,5,[]
6618,15,[]
6639,19,[]
6664,16,[]
6686,18,[]
6710,5,[]
6721,17,[]
6744,16,[]
6766,17,[]
6789,15,[]
6810,8,[]
6824,18,[]
6848,19,[]
0,19,[]
25,4,[]
35,9,[]
50,12,[]
68,11,[]
85,12,[]
103,10,[]
119,17,[]
142,9,[]
157,9,[]
172,12,[]
190,10,[]
206,9,[]
221,10,[]
237,9,[]
252,10,[]
268,10,[]
284,10,[]
300,9,[]
315,13,[]
334,17,[]
357,20,[]
383,19,[]
408,19,[]
433,13,[]
452,12,[]
470,15,[]
491,20,[]
517,23,[]
546,20,[]
572,83,[]
680,14,[]
700,5,[]
711,4,[]
721,5,[]
732,11,[]
749,13,[]
768,13,[]
787,16,[]
809,14,[]
829,17,[]
852,12,[]
870,12,[]
888,16,[]
910,12,[]
928,16,[]
950,11,[]
967,11,[]
984,12,[]
1002,12,[]
1020,15,[]
1041,11,[]
1058,16,[]
1080,15,[]
1101,19,[]
1126,14,[]
1146,18,[]
1170,11,[]
1187,16,[]
1209,12,[]
1227,87,[]
1339,6,[]
1351,12,[]
1369,11,[]
1386,16,[]
1408,16,[]
1430,16,[]
1452,14,[]
1472,17,[]
1495,14,[]
1515,16,[]
1537,15,[]
1558,15,[]
1579,11,[]
1596,15,[]
1617,9,[]
1632,15,[]
1653,8,[]
1667,9,[]
1682,15,[]
1703,10,[]
1719,8,[]
1733,9,[]
1748,12,[]
1766,12,[]
1784,11,[]
1801,12,[]
1819,13,[]
1838,12,[]
1856,9,[]
1871,102,[]
1998,7,[]
2011,10,[]
2027,13,[]
2046,15,[]
2067,13,[]
2086,15,[]
2107,14,[]
2127,10,[]
2143,11,[]
2160,11,[]
2177,13,[]
2196,15,[]
2217,15,[]
2238,16,[]
2260,11,[]
2277,14,[]
2297,11,[]
2314,10,[]
2330,17,[]
2353,11,[]
2370,11,[]
2387,15,[]
2408,15,[]
2429,15,[]
2450,13,[]
2469,16,[]
2491,16,[]
2513,20,[]
2539,5,[]
2550,94,[]
2669,9,[]
2684,15,[]
2705,15,[]
2726,17,[]
2749,17,[]
2772,17,[]
2795,14,[]
2815,18,[]
2839,16,[]
2861,18,[]
2885,17,[]
2908,18,[]
2932,16,[]
2954,17,[]
2977,16,[]
2999,19,[]
3024,17,[]
3047,18,[]
3071,17,[]
3094,20,[]
3120,20,[]
3146,17,[]
3169,17,[]
3192,21,[]
3219,18,[]
3243,19,[]
3268,17,[]
3291,19,[]
3316,16,[]
3338,65,[]
3428,10,[]
3444,14,[]
3464,13,[]
3483,15,[]
3504,16,[]
3526,20,[]
3552,18,[]
3576,22,[]
3604,22,[]
3632,22,[]
3660,20,[]
3686,20,[]
3712,22,[]
3740,19,[]
3765,21,[]
3792,19,[]
3817,23,[]
3846,22,[]
3874,21,[]
3901,23,[]
3930,25,[]
3961,23,[]
3990,26,[]
4022,21,[]
4049,25,[]
4080,22,[]
4108,24,[]
4138,25,[]
4169,25,[]
4200,85,[]
4310,15,[]
4331,20,[]
4357,18,[]
4381,21,[]
4408,18,[]
4432,24,[]
4462,18,[]
4486,21,[]
4513,18,[]
4537,20,[]
4563,17,[]
4586,19,[]
4611,16,[]
4633,15,[]
4654,17,[]
4677,16,[]
4699,15,[]
4720,16,[]
4742,19,[]
4767,18,[]
4791,17,[]
4814,16,[]
4836,17,[]
4859,16,[]
4881,16,[]
4903,14,[]
4923,13,[]
4942,13,[]
4961,13,[]
4980,48,[]
5053,6,[]
5065,13,[]
5084,8,[]
5098,11,[]
5115,11,[]
5132,17,[]
5155,12,[]
5173,15,[]
5194,14,[]
5214,13,[]
5233,12,[]
5251,17,[]
5274,14,[]
5294,12,[]
5312,13,[]
5331,15,[]
5352,17,[]
5375,13,[]
5394,13,[]
5413,18,[]
5437,15,[]
5458,11,[]
5475,11,[]
5492,15,[]
5513,16,[]
5535,14,[]
5555,13,[]
5574,14,[]
5594,16,[]
5616,52,[]
5693,11,[]
5710,9,[]
5725,11,[]
5742,12,[]
5760,10,[]
5776,12,[]
5794,16,[]
5816,15,[]
5837,13,[]
5856,16,[]
5878,12,[]
5896,15,[]
5917,13,[]
5936,14,[]
5956,18,[]
5980,18,[]
6004,12,[]
6022,13,[]
6041,15,[]
6062,13,[]
6081,14,[]
6101,14,[]
6121,13,[]
6140,13,[]
6159,12,[]
6177,10,[]
6193,10,[]
6209,11,[]
6226,12,[]
6244,68,[]
6337,8,[]
6351,11,[]
6368,13,[]
6387,15,[]
6408,17,[]
6431,18,[]
6455,19,[]
6480,21,[]
6507,18,[]
6531,17,[]
6554,19,[]
6579,17,[]
6602,20,[]
6628,19,[]
6653,20,[]
6679,16,[]
6701,16,[]
6723,17,[]
6746,17,[]
6769,17,[]
6792,16,[]
6814,19,[]
6839,13,[]
6858,15,[]
6879,17,[]
6902,16,[]
6924,16,[]
6946,16,[]
6968,18,[]
0,25,[]
30,3,[]
38,13,[]
56,16,[]
77,15,[]
97,14,[]
116,12,[]
133,12,[]
150,13,[]
168,11,[]
184,12,[]
201,12,[]
218,12,[]
235,11,[]
251,12,[]
268,12,[]
285,11,[]
301,10,[]
316,11,[]
332,11,[]
348,10,[]
363,11,[]
379,13,[]
397,12,[]
414,12,[]
431,10,[]
446,11,[]
462,10,[]
477,10,[]
492,12,[]
509,54,[]
580,9,[]
594,11,[]
610,10,[]
625,10,[]
640,11,[]
656,10,[]
671,11,[]
687,13,[]
705,12,[]
722,12,[]
739,12,[]
756,12,[]
773,11,[]
789,12,[]
806,12,[]
823,12,[]
840,13,[]
858,13,[]
876,11,[]
892,11,[]
908,12,[]
925,12,[]
942,13,[]
960,14,[]
979,14,[]
998,14,[]
1017,13,[]
1035,14,[]
1054,11,[]
1070,55,[]
1142,10,[]
1157,12,[]
1174,14,[]
1193,12,[]
1210,9,[]
1224,11,[]
1240,13,[]
1258,14,[]
1277,15,[]
1297,16,[]
1318,12,[]
1335,13,[]
1353,13,[]
1371,12,[]
1388,14,[]
1407,15,[]
1427,16,[]
1448,17,[]
1470,16,[]
1491,16,[]
1512,15,[]
1532,14,[]
1551,12,[]
1568,12,[]
1585,15,[]
1605,14,[]
1624,13,[]
1642,13,[]
1660,13,[]
1678,45,[]
1740,8,[]
1753,11,[]
1769,11,[]
1785,12,[]
1802,12,[]
1819,13,[]
1837,13,[]
1855,13,[]
1873,12,[]
1890,12,[]
1907,12,[]
1924,12,[]
1941,12,[]
1958,14,[]
1977,13,[]
1995,12,[]
2012,14,[]
2031,14,[]
2050,13,[]
2068,15,[]
2088,12,[]
2105,12,[]
2122,12,[]
2139,12,[]
2156,12,[]
2173,11,[]
2189,11,[]
2205,14,[]
2224,14,[]
2243,53,[]
2313,10,[]
2328,11,[]
2344,9,[]
2358,11,[]
2374,11,[]
2390,12,[]
2407,11,[]
2423,11,[]
2439,13,[]
2457,11,[]
2473,12,[]
2490,12,[]
2507,10,[]
2522,12,[]
2539,12,[]
2556,12,[]
2573,12,[]
2590,14,[]
2609,13,[]
2627,13,[]
2645,13,[]
2663,14,[]
2682,14,[]
2701,14,[7, 8, 9, 10, 11, 12, 13]
2720,14,[]
2739,13,[]
2757,12,[]
2774,13,[]
2792,14,[]
2811,53,[]
2881,14,[]
2900,16,[]
2921,16,[]
2942,20,[]
2967,19,[]
2991,18,[]
3014,17,[]
3036,17,[]
3058,17,[]
3080,15,[]
3100,14,[]
3119,14,[]
3138,13,[]
3156,12,[]
3173,13,[]
3191,15,[]
3211,13,[]
3229,13,[]
3247,14,[]
3266,14,[]
3285,15,[]
3305,13,[]
3323,13,[]
3341,16,[]
3362,14,[]
3381,14,[]
3400,13,[]
3418,13,[]
3436,13,[]
3454,57,[]
3528,9,[]
3542,11,[]
3558,12,[]
3575,12,[]
3592,13,[]
3610,13,[]
3628,12,[]
3645,13,[]
3663,16,[]
3684,14,[]
3703,12,[]
3720,12,[]
3737,13,[]
3755,14,[]
3774,16,[]
3795,18,[]
3818,18,[]
3841,20,[]
3866,21,[]
3892,17,[]
3914,14,[]
3933,14,[]
3952,14,[]
3971,14,[]
3990,15,[]
4010,14,[0, 1, 2, 3, 4, 5]
4029,15,[]
4049,13,[]
4067,13,[]
4085,45,[]
4147,10,[]
4162,11,[]
4178,11,[]
4194,12,[]
4211,12,[]
4228,12,[]
4245,12,[]
4262,12,[]
4279,12,[]
4296,11,[]
4312,13,[]
4330,13,[]
4348,11,[]
4364,12,[]
4381,12,[]
4398,13,[]
4416,14,[]
4435,12,[]
4452,11,[]
4468,11,[]
4484,12,[]
4501,11,[]
4517,12,[]
4534,12,[]
4551,13,[]
4569,12,[]
4586,13,[]
4604,12,[]
4621,10,[]
4636,54,[]
4707,10,[]
4722,8,[]
4735,12,[]
4752,10,[]
4767,9,[]
4781,10,[]
4796,9,[]
4810,11,[]
4826,13,[]
4844,13,[]
4862,11,[]
4878,10,[]
4893,7,[]
4905,10,[]
4920,14,[]
4939,18,[]
4962,15,[]
4982,16,[]
5003,13,[]
5021,13,[]
5039,12,[]
5056,12,[]
5073,14,[]
5092,14,[]
5111,13,[]
5129,11,[]
5145,11,[]
5161,10,[]
5176,10,[]
5191,46,[]
5254,9,[]
5268,10,[]
5283,10,[]
5298,11,[]
5314,10,[]
5329,10,[]
5344,11,[]
5360,11,[]
5376,12,[]
5393,11,[]
5409,12,[]
5426,11,[]
5442,12,[]
5459,11,[4, 5, 6, 7, 8, 9, 10]
5475,12,[]
5492,13,[]
5510,13,[]
5528,17,[]
5550,12,[]
5567,13,[]
5585,12,[]
5602,13,[]
5620,11,[]
5636,12,[]
5653,12,[]
5670,12,[]
5687,10,[]
5702,14,[]
5721,11,[]
0,14,[]
20,2,[]
28,5,[]
39,11,[]
56,8,[]
70,7,[]
83,4,[]
93,7,[]
106,7,[]
119,5,[]
130,12,[]
148,16,[]
170,20,[]
196,18,[]
220,13,[]
239,15,[]
260,6,[]
272,14,[]
292,14,[]
312,15,[]
333,13,[]
352,5,[]
363,14,[]
383,19,[]
408,14,[]
428,10,[]
444,17,[]
467,16,[]
489,14,[]
509,15,[]
530,87,[]
637,1,[]
644,7,[]
657,8,[]
671,10,[]
687,10,[]
703,19,[]
728,18,[]
752,18,[]
776,18,[]
800,20,[]
826,13,[]
845,23,[]
874,22,[]
902,18,[]
926,22,[]
954,5,[]
965,20,[]
991,17,[]
1014,19,[]
1039,24,[]
1069,19,[]
1094,13,[]
1113,18,[]
1137,17,[]
1160,22,[]
1188,15,[]
1209,22,[]
1237,18,[]
1261,22,[]
1289,90,[]
1399,12,[]
1417,5,[]
1428,18,[]
1452,20,[]
1478,19,[]
1503,10,[]
1519,21,[]
1546,23,[]
1575,23,[]
1604,23,[]
1633,6,[]
1645,22,[]
1673,23,[]
1702,21,[]
1729,21,[]
1756,22,[]
1784,11,[]
1801,19,[]
1826,21,[]
1853,23,[]
1882,6,[]
1894,20,[]
1920,19,[]
1945,21,[]
1972,19,[]
1997,24,[]
2027,7,[]
2040,38,[]
2098,16,[]
2120,86,[]
2226,1,[]
2233,15,[]
2254,17,[]
2277,20,[]
2303,10,[]
2319,20,[]
2345,23,[]
2374,22,[]
2402,19,[]
2427,27,[]
2460,14,[]
2480,29,[]
2515,28,[]
2549,24,[1, 2, 3, 4, 5, 6, 7, 8, 9, 10]
2579,23,[]
2608,11,[]
2625,26,[]
2657,12,[]
2675,23,[]
2704,10,[]
2720,25,[]
2751,8,[]
2765,21,[]
2792,10,[]
2808,24,[]
2838,8,[]
2852,24,[]
2882,8,[]
2896,24,[]
2926,67,[]
3013,16,[]
3035,8,[]
3049,19,[]
3074,6,[]
3086,16,[]
3108,8,[]
3122,19,[]
3147,12,[]
3165,20,[]
3191,10,[]
3207,21,[]
3234,11,[]
3251,20,[]
3277,9,[]
3292,19,[]
3317,7,[]
3330,19,[]
3355,11,[]
3372,19,[]
3397,7,[]
3410,18,[]
3434,11,[]
3451,20,[]
3477,8,[]
3491,22,[]
3519,11,[]
3536,21,[]
3563,9,[]
3578,22,[]
3606,61,[]
3687,16,[]
3709,8,[]
3723,18,[]
3747,6,[]
3759,19,[]
3784,10,[]
3800,26,[]
3832,9,[]
3847,22,[]
3875,6,[]
3887,19,[]
3912,7,[]
3925,18,[]
3949,6,[]
3961,23,[]
3990,5,[]
4001,22,[]
4029,7,[]
4042,21,[]
4069,9,[]
4084,22,[8, 9, 10, 11, 12, 13, 14, 15, 16]
4112,5,[]
4123,23,[]
4152,9,[]
4167,15,[]
4188,7,[]
4201,16,[]
4223,9,[]
4238,15,[]
4259,50,[]
4329,10,[]
4345,8,[]
4359,17,[]
4382,6,[]
4394,14,[]
4414,7,[]
4427,26,[]
4459,17,[]
4482,9,[]
4497,17,[]
4520,6,[]
4532,23,[]
4561,4,[]
4571,20,[]
4597,9,[]
4612,20,[]
4638,9,[]
4653,24,[]
4683,10,[]
4699,17,[]
4722,9,[]
4737,22,[]
4765,9,[]
4780,16,[]
4802,6,[]
4814,20,[]
4840,7,[]
4853,17,[]
4876,5,[]
4887,46,[]
4953,4,[]
4963,19,[]
4988,21,[]
5015,6,[]
5027,12,[]
5045,6,[]
5057,13,[]
5076,10,[]
5092,19,[]
5117,22,[]
5145,12,[]
5163,14,[]
5183,17,[]
5206,21,[]
5233,7,[]
5246,6,[]
5258,23,[]
5287,11,[]
5304,25,[]
5335,13,[]
5354,15,[]
5375,25,[]
5406,14,[]
5426,25,[]
5457,22,[]
5485,16,[]
5507,17,[]
5530,16,[]
5552,17,[]
5575,41,[]
5636,2,[]
5644,4,[]
5654,17,[]
5677,9,[]
5692,20,[]
5718,7,[]
5731,17,[]
5754,17,[]
5777,7,[]
5790,19,[]
5815,10,[]
5831,22,[]
5859,10,[]
5875,21,[]
5902,9,[]
5917,9,[]
5932,25,[1, 2, 3, 4, 5, 6, 7, 8, 9]
5963,9,[]
5978,24,[]
6008,20,[]
6034,6,[]
6046,22,[]
6074,6,[]
6086,25,[]
6117,8,[]
6131,27,[]
6164,4,[]
6174,9,[]
6189,26,[]
6221,31,[]
6258,12,[]
6276,23,[]
6305,4,[]
6315,19,[]
6340,6,[]
6352,23,[]
6381,14,[]
6401,24,[]
6431,22,[9, 10, 11, 12, 13, 14, 15]
6459,19,[]
6484,12,[]
6502,13,[]
6521,22,[]
6549,12,[]
6567,23,[]
6596,13,[]
6615,4,[]
6625,18,[]
6649,18,[]
6673,18,[]
6697,17,[]
6720,6,[]
6732,11,[]
6749,12,[]
6767,7,[]
6780,13,[]
6799,17,[]
6822,8,[]
6836,17,[]
0,28,[]
33,3,[]
41,16,[]
62,22,[]
89,10,[]
104,17,[]
126,18,[]
149,13,[]
167,18,[]
190,4,[]
199,20,[]
224,21,[]
250,14,[]
269,13,[]
287,11,[]
303,15,[]
323,20,[]
348,16,[]
369,9,[]
383,3,[]
391,17,[]
413,15,[]
433,14,[]
452,17,[]
474,9,[]
488,14,[]
507,14,[]
526,13,[]
544,15,[]
564,7,[]
576,118,[]
734,8,[]
747,8,[]
760,11,[]
776,1,[]
782,13,[]
800,12,[]
817,11,[]
833,12,[]
850,12,[]
867,14,[]
886,12,[]
903,13,[]
921,10,[]
936,17,[]
958,14,[]
977,13,[]
995,10,[]
1010,18,[]
1033,9,[]
1047,14,[]
1066,13,[]
1084,17,[]
1106,8,[]
1119,17,[]
1141,14,[]
1160,13,[]
1178,14,[]
1197,12,[]
1214,16,[]
1235,120,[]
1395,9,[]
1409,8,[]
1422,8,[]
1435,15,[]
1455,13,[]
1473,12,[]
1490,18,[]
1513,8,[]
1526,17,[]
1548,13,[]
1566,13,[]
1584,12,[]
1601,8,[]
1614,17,[]
1636,14,[]
1655,24,[]
1684,16,[]
1705,17,[]
1727,14,[]
1746,18,[]
1769,16,[]
1790,18,[]
1813,17,[]
1835,13,[]
1853,18,[]
1876,15,[]
1896,15,[]
1916,18,[]
1939,16,[]
1960,124,[]
2124,11,[]
2140,9,[]
2154,10,[]
2169,17,[]
2191,11,[]
2207,13,[]
2225,15,[]
2245,15,[]
2265,17,[]
2287,17,[]
2309,10,[]
2324,17,[]
2346,7,[]
2358,14,[]
2377,15,[]
2397,16,[]
2418,16,[]
2439,9,[]
2453,20,[]
2478,19,[]
2502,12,[]
2519,14,[]
2538,9,[]
2552,19,[]
2576,16,[]
2597,17,[]
2619,13,[]
2637,9,[]
2651,18,[]
2674,131,[]
2845,5,[]
2855,4,[]
2864,12,[]
2881,14,[]
2900,14,[]
2919,13,[]
2937,12,[]
2954,9,[]
2968,15,[]
2988,17,[]
3010,15,[]
3030,12,[]
3047,16,[]
3068,17,[]
3090,14,[]
3109,13,[]
3127,7,[]
3139,17,[]
3161,13,[]
3179,18,[]
3202,16,[]
3223,13,[]
3241,17,[]
3263,17,[]
3285,14,[]
3304,16,[]
3325,8,[]
3338,18,[]
3361,19,[]
3385,131,[]
3556,7,[]
3568,4,[]
3577,14,[7, 8, 9, 10, 11, 12, 13]
3596,14,[]
3615,13,[]
3633,11,[]
3649,10,[]
3664,13,[]
3682,18,[]
3705,11,[]
3721,17,[]
3743,9,[]
3757,16,[]
3778,16,[]
3799,16,[]
3820,14,[]
3839,7,[]
3851,22,[]
3878,14,[]
3897,16,[]
3918,14,[]
3937,9,[]
3951,19,[]
3975,18,[]
3998,16,[]
4019,18,[]
4042,11,[]
4058,19,[]
4082,11,[]
4098,129,[]
4267,7,[]
4279,5,[]
4289,12,[]
4306,16,[]
4327,12,[]
4344,13,[]
4362,8,[0, 1, 2, 3, 4, 5, 6, 7]
4375,17,[]
4397,13,[]
4415,14,[]
4434,17,[]
4456,8,[]
4469,13,[]
4487,16,[]
4508,17,[]
4530,18,[]
4553,7,[]
4565,15,[]
4585,15,[]
4605,17,[]
4627,7,[]
4639,20,[]
4664,17,[]
4686,15,[]
4706,13,[]
4724,14,[]
4743,8,[]
4756,13,[]
4774,19,[]
4798,127,[]
4965,1,[]
4971,6,[]
4982,9,[]
4996,10,[]
5011,11,[]
5027,7,[]
5039,12,[]
5056,11,[]
5072,11,[]
5088,15,[]
5108,7,[]
5120,19,[]
5144,14,[]
5163,12,[]
5180,14,[]
5199,5,[]
5209,14,[]
5228,16,[]
5249,15,[]
5269,17,[]
5291,9,[]
5305,17,[]
5327,14,[]
5346,16,[]
5367,13,[]
5385,8,[]
5398,17,[]
5420,15,[]
5440,15,[]
5460,119,[]
5619,1,[]
5625,5,[]
5635,7,[]
5647,11,[]
5663,9,[]
5677,6,[]
5688,9,[]
5702,10,[]
5717,8,[]
5730,7,[]
5742,16,[]
5763,12,[]
5780,13,[]
5798,12,[]
5815,14,[]
5834,10,[]
5849,14,[]
5868,12,[]
5885,17,[]
5907,14,[]
5926,7,[]
5938,21,[]
5964,17,[]
5986,13,[]
6004,20,[]
6029,9,[]
6043,19,[]
6067,18,[]
6090,15,[]
6110,121,[]
6271,1,[]
6277,6,[]
6288,5,[]
6298,11,[]
6314,7,[]
6326,11,[]
6342,11,[]
6358,11,[]
6374,11,[]
6390,6,[]
6401,13,[]
6419,14,[]
6438,12,[]
6455,18,[]
6478,8,[]
6491,18,[]
6514,13,[]
6532,15,[]
6552,8,[]
6565,21,[]
6591,17,[]
6613,14,[]
6632,12,[]
6649,14,[]
6668,7,[]
6680,15,[]
6700,15,[]
6720,17,[]
6742,12,[]
0,18,[]
24,6,[]
36,12,[]
54,14,[]
74,13,[]
93,11,[]
110,11,[]
127,12,[]
145,12,[]
163,12,[]
181,17,[]
204,13,[5, 7, 8, 9, 10, 11, 12]
223,12,[]
241,14,[]
261,15,[]
282,11,[]
299,13,[]
318,13,[]
337,14,[]
357,14,[]
377,18,[]
401,13,[]
420,14,[]
440,15,[]
461,14,[]
481,12,[]
499,16,[]
521,14,[]
541,18,[]
565,12,[]
583,45,[]
644,7,[]
657,12,[]
675,12,[]
693,8,[]
707,13,[]
726,18,[]
750,15,[]
771,21,[]
798,18,[]
822,18,[]
846,16,[]
868,18,[]
892,16,[]
914,17,[]
937,14,[]
957,16,[]
979,21,[]
1006,18,[]
1030,18,[]
1054,14,[]
1074,16,[]
1096,22,[]
1124,15,[]
1145,14,[]
1165,15,[]
1186,18,[]
1210,14,[]
1230,16,[]
1252,19,[]
1277,44,[]
1337,11,[]
1354,21,[]
1381,16,[]
1403,17,[]
1426,16,[]
1448,16,[]
1470,16,[]
1492,18,[]
1516,17,[]
1539,19,[]
1564,18,[]
1588,23,[]
1617,18,[]
1641,16,[]
1663,21,[]
1690,16,[6, 7, 8, 9, 10, 11, 12, 13]
1712,16,[]
1734,22,[]
1762,17,[]
1785,16,[]
1807,15,[]
1828,16,[]
1850,18,[]
1874,15,[]
1895,15,[]
1916,16,[]
1938,15,[]
1959,23,[]
1988,19,[]
2013,54,[]
2083,11,[]
2100,14,[]
2120,16,[]
2142,16,[]
2164,18,[]
2188,19,[]
2213,18,[]
2237,19,[]
2262,16,[]
2284,15,[]
2305,23,[]
2334,22,[]
2362,15,[]
2383,15,[]
2404,14,[]
2424,13,[]
2443,14,[]
2463,15,[]
2484,23,[]
2513,15,[]
2534,15,[]
2555,13,[]
2574,17,[]
2597,13,[]
2616,13,[]
2635,15,[]
2656,16,[]
2678,12,[]
2696,15,[]
2717,42,[]
2775,8,[]
2789,11,[]
2806,12,[]
2824,12,[]
2842,11,[]
2859,11,[]
2876,13,[]
2895,12,[]
2913,10,[]
2929,13,[]
2948,12,[]
2966,11,[]
2983,11,[]
3000,11,[]
3017,14,[]
3037,13,[]
3056,11,[]
3073,12,[]
3091,14,[]
3111,11,[]
3128,13,[]
3147,13,[]
3166,14,[]
3186,13,[]
3205,13,[]
3224,11,[]
3241,13,[]
3260,12,[]
3278,14,[]
3298,43,[]
3357,9,[]
3372,13,[]
3391,13,[]
3410,14,[]
3430,12,[]
3448,17,[]
3471,17,[]
3494,15,[]
3515,15,[]
3536,13,[]
3555,14,[]
3575,15,[]
3596,20,[]
3622,18,[]
3646,14,[]
3666,13,[]
3685,14,[]
3705,18,[]
3729,15,[]
3750,14,[]
3770,13,[]
3789,16,[]
3811,18,[]
3835,14,[]
3855,15,[]
3876,14,[]
3896,12,[]
3914,13,[]
3933,12,[]
3951,42,[]
4009,10,[]
4025,13,[]
4044,12,[]
4062,14,[]
4082,14,[]
4102,12,[]
4120,14,[]
4140,15,[]
4161,14,[]
4181,20,[]
4207,14,[]
4227,14,[]
4247,13,[]
4266,16,[]
4288,15,[]
4309,16,[]
4331,21,[]
4358,16,[]
4380,13,[]
4399,17,[]
4422,17,[]
4445,18,[]
4469,16,[]
4491,16,[]
4513,11,[]
4530,14,[]
4550,11,[]
4567,14,[]
4587,16,[]
4609,58,[]
4683,8,[]
4697,11,[]
4714,11,[]
4731,13,[]
4750,11,[]
4767,11,[]
4784,14,[]
4804,16,[]
4826,13,[]
4845,13,[]
4864,11,[]
4881,13,[]
4900,13,[]
4919,13,[]
4938,13,[]
4957,15,[]
4978,15,[]
4999,15,[]
5020,13,[]
5039,15,[]
5060,13,[]
5079,13,[]
5098,14,[]
5118,14,[]
5138,13,[]
5157,13,[]
5176,13,[]
5195,17,[]
5218,14,[]
5238,53,[]
5307,10,[]
5323,12,[]
5341,15,[]
5362,16,[]
5384,14,[]
5404,18,[]
5428,16,[]
5450,21,[]
5477,14,[]
5497,14,[]
5517,16,[]
5539,19,[]
5564,15,[]
5585,17,[]
5608,13,[]
5627,14,[]
5647,21,[]
5674,17,[]
5697,18,[]
5721,16,[]
5743,21,[]
5770,17,[]
5793,14,[]
5813,17,[]
5836,13,[]
5855,19,[]
5880,12,[]
5898,13,[]
5917,12,[]
5935,46,[]
5997,11,[]
6014,12,[]
6032,14,[]
6052,20,[]
6078,15,[]
6099,6,[]
6111,19,[]
6136,23,[]
6165,16,[]
6187,7,[]
6200,19,[]
6225,16,[]
6247,17,[]
6270,10,[]
6286,21,[]
6313,9,[]
6328,15,[]
6349,15,[]
6370,17,[]
6393,15,[]
6414,14,[]
6434,8,[]
6448,20,[]
6474,4,[]
6484,20,[]
6510,10,[]
6526,27,[]
6559,4,[]
6569,19,[]
0,43,[]
66,12,[]
84,13,[]
103,17,[]
126,14,[]
146,15,[]
167,14,[]
187,14,[]
207,16,[]
229,15,[]
250,15,[]
271,12,[]
289,14,[]
309,14,[]
329,17,[]
352,19,[]
377,18,[]
401,16,[]
423,14,[]
443,15,[]
464,15,[]
485,19,[]
510,22,[]
538,21,[]
565,22,[]
593,26,[]
625,23,[]
654,20,[]
680,23,[14, 15, 16, 17, 18, 19, 20]
709,21,[]
736,75,[]
834,18,[]
858,20,[]
884,20,[]
910,10,[]
926,14,[]
946,19,[]
971,17,[]
994,18,[]
1018,14,[]
1038,18,[]
1062,17,[]
1085,17,[]
1108,17,[]
1131,16,[]
1153,18,[]
1177,16,[]
1199,16,[]
1221,12,[2, 3, 4, 5, 6, 7, 8]
1239,15,[]
1260,17,[]
1283,14,[]
1303,14,[]
1323,16,[]
1345,18,[]
1369,18,[]
1393,16,[]
1415,13,[]
1434,17,[]
1457,13,[]
1476,65,[]
1564,9,[]
1579,14,[]
1599,12,[]
1617,12,[]
1635,13,[]
1654,11,[]
1671,12,[]
1689,14,[]
1709,11,[]
1726,12,[]
1744,15,[]
1765,13,[]
1784,10,[]
1800,14,[]
1820,12,[]
1838,13,[]
1857,13,[]
1876,15,[]
1897,14,[]
1917,13,[]
1936,12,[5, 6, 7, 8, 9, 10, 11]
1954,13,[]
1973,13,[]
1992,13,[]
2011,15,[]
2032,15,[]
2053,12,[]
2071,13,[]
2090,15,[]
2111,59,[]
2193,9,[]
2208,9,[]
2223,15,[]
2244,13,[]
2263,15,[]
2284,13,[]
2303,13,[]
2322,12,[]
2340,12,[]
2358,15,[]
2379,13,[]
2398,15,[]
2419,14,[]
2439,14,[]
2459,12,[]
2477,17,[]
2500,17,[]
2523,15,[]
2544,13,[]
2563,14,[]
2583,14,[]
2603,14,[]
2623,13,[]
2642,16,[]
2664,16,[]
2686,15,[]
2707,13,[]
2726,15,[]
2747,16,[]
2769,63,[]
2855,8,[]
2869,10,[]
2885,13,[]
2904,13,[]
2923,12,[]
2941,12,[]
2959,13,[]
2978,15,[4, 5, 6, 7, 8, 9, 10, 11, 12, 13]
2999,14,[]
3019,14,[]
3039,17,[]
3062,16,[]
3084,17,[]
3107,13,[]
3126,15,[]
3147,15,[]
3168,14,[]
3188,16,[]
3210,13,[]
3229,16,[]
3251,14,[]
3271,16,[]
3293,14,[]
3313,14,[]
3333,16,[]
3355,19,[]
3380,17,[]
3403,14,[]
3423,13,[]
3442,64,[]
3529,7,[]
3542,12,[]
3560,12,[]
3578,13,[]
3597,12,[]
3615,14,[]
3635,13,[]
3654,12,[]
3672,12,[]
3690,13,[]
3709,14,[]
3729,14,[]
3749,12,[]
3767,14,[]
3787,14,[]
3807,13,[]
3826,14,[]
3846,14,[]
3866,13,[]
3885,14,[]
3905,13,[]
3924,12,[]
3942,13,[]
3961,12,[]
3979,18,[]
4003,14,[]
4023,13,[]
4042,14,[]
4062,10,[]
4078,76,[]
4177,4,[]
4187,7,[]
4200,9,[]
4215,11,[]
4232,11,[]
4249,11,[]
4266,12,[]
4284,12,[]
4302,13,[6, 7, 8, 9, 10, 11, 12]
4321,12,[]
4339,11,[]
4356,11,[]
4373,21,[]
4400,20,[]
4426,16,[]
4448,17,[]
4471,14,[]
4491,13,[]
4510,16,[]
4532,18,[]
4556,20,[]
4582,17,[]
4605,16,[]
4627,14,[]
4647,16,[]
4669,21,[]
4696,14,[]
4716,19,[]
4741,18,[]
4765,50,[]
4838,11,[]
4855,11,[]
4872,14,[]
4892,15,[]
4913,12,[]
4931,13,[]
4950,15,[]
4971,15,[]
4992,13,[]
5011,12,[]
5029,13,[]
5048,15,[]
5069,15,[]
5090,9,[]
5105,14,[]
5125,17,[]
5148,11,[]
5165,9,[]
5180,12,[]
5198,13,[]
5217,13,[]
5236,13,[]
5255,13,[]
5274,10,[]
5290,11,[]
5307,11,[]
5324,13,[]
5343,9,[]
5358,9,[]
5373,77,[]
5473,4,[]
5483,8,[]
5497,10,[]
5513,13,[]
5532,13,[]
5551,13,[]
5570,10,[]
5586,11,[]
5603,11,[]
5620,13,[]
5639,14,[]
5659,14,[]
5679,11,[]
5696,14,[]
5716,16,[]
5738,15,[]
5759,15,[]
5780,14,[]
5800,14,[]
5820,16,[]
5842,17,[]
5865,15,[]
5886,15,[]
5907,16,[6, 7, 8, 9, 10, 11, 12, 13, 14, 15]
5929,15,[]
5950,13,[]
5969,16,[]
5991,16,[]
6013,15,[]
6034,69,[]
6126,9,[]
6141,16,[]
6163,15,[]
6184,15,[]
6205,15,[]
6226,18,[]
6250,17,[]
6273,15,[]
6294,13,[]
6313,16,[]
6335,15,[]
6356,13,[]
6375,18,[]
6399,16,[]
6421,16,[]
6443,14,[]
6463,16,[]
6485,16,[]
6507,15,[]
6528,18,[]
6552,15,[]
6573,13,[]
6592,11,[]
6609,14,[]
6629,17,[]
6652,14,[]
6672,12,[]
6690,16,[]
6712,16,[]
0,28,[]
34,6,[]
46,8,[]
60,9,[]
75,10,[]
91,9,[]
106,13,[]
125,15,[]
146,19,[]
171,12,[]
189,11,[]
206,11,[]
223,14,[]
243,12,[]
261,11,[]
278,11,[]
295,11,[]
312,11,[]
329,9,[]
344,12,[]
362,11,[]
379,11,[]
396,10,[]
412,9,[]
427,8,[]
441,10,[]
457,10,[]
473,17,[]
496,18,[]
520,13,[]
539,62,[]
622,8,[]
636,10,[]
652,11,[]
669,8,[]
683,10,[]
699,14,[]
719,12,[]
737,16,[]
759,13,[]
778,15,[]
799,13,[]
818,12,[]
836,13,[]
855,12,[]
873,12,[]
891,14,[]
911,13,[]
930,12,[]
948,13,[]
967,12,[]
985,14,[]
1005,14,[]
1025,15,[]
1046,16,[]
1068,12,[]
1086,14,[]
1106,14,[]
1126,14,[]
1146,15,[]
1167,64,[]
1252,11,[]
1269,13,[]
1288,12,[]
1306,15,[]
1327,12,[]
1345,14,[]
1365,13,[]
1384,15,[]
1405,13,[]
1424,15,[]
1445,14,[]
1465,13,[]
1484,16,[]
1506,14,[]
1526,14,[]
1546,17,[]
1569,14,[]
1589,15,[]
1610,14,[]
1630,14,[]
1650,14,[]
1670,15,[]
1691,19,[]
1716,16,[]
1738,17,[]
1761,17,[]
1784,16,[]
1806,17,[]
1829,18,[]
1853,56,[]
1930,13,[]
1949,14,[]
1969,15,[]
1990,17,[]
2013,14,[]
2033,16,[]
2055,14,[]
2075,18,[]
2099,16,[]
2121,14,[]
2141,17,[]
2164,15,[]
2185,14,[]
2205,14,[]
2225,14,[]
2245,13,[]
2264,14,[]
2284,15,[]
2305,13,[]
2324,24,[]
2354,16,[]
2376,14,[]
2396,14,[]
2416,14,[]
2436,18,[]
2460,17,[]
2483,14,[]
2503,18,[]
2527,14,[]
2547,52,[]
2620,13,[]
2639,10,[]
2655,14,[]
2675,16,[]
2697,17,[]
2720,15,[]
2741,12,[]
2759,15,[]
2780,13,[]
2799,16,[]
2821,12,[]
2839,16,[]
2861,18,[]
2885,15,[]
2906,13,[]
2925,17,[]
2948,15,[]
2969,15,[]
2990,13,[]
3009,17,[]
3032,14,[]
3052,14,[]
3072,14,[]
3092,14,[]
3112,14,[]
3132,14,[]
3152,15,[]
3173,15,[]
3194,14,[]
3214,58,[]
3293,11,[]
3310,11,[]
3327,12,[]
3345,12,[]
3363,13,[]
3382,15,[]
3403,14,[]
3423,14,[]
3443,14,[]
3463,14,[]
3483,14,[]
3503,14,[]
3523,14,[]
3543,14,[]
3563,14,[]
3583,14,[]
3603,14,[]
3623,14,[]
3643,14,[]
3663,13,[]
3682,13,[]
3701,12,[]
3719,14,[]
3739,17,[]
3762,13,[]
3781,16,[]
3803,14,[]
3823,14,[]
3843,17,[]
3866,64,[]
3951,11,[]
3968,14,[]
3988,13,[]
4007,14,[]
4027,12,[]
4045,15,[]
4066,14,[]
4086,12,[]
4104,12,[]
4122,16,[]
4144,13,[]
4163,13,[]
4182,15,[]
4203,14,[]
4223,14,[]
4243,14,[]
4263,14,[]
4283,15,[]
4304,15,[]
4325,15,[]
4346,15,[]
4367,15,[]
4388,13,[]
4407,15,[]
4428,13,[]
4447,14,[]
4467,16,[]
4489,15,[]
4510,14,[]
4530,72,[]
4623,8,[]
4637,22,[]
4665,19,[]
4690,15,[]
4711,15,[]
4732,18,[]
4756,17,[]
4779,15,[]
4800,17,[]
4823,17,[]
4846,17,[]
4869,14,[]
4889,15,[]
4910,18,[]
4934,17,[]
4957,14,[]
4977,18,[]
5001,16,[]
5023,16,[]
5045,17,[]
5068,17,[]
5091,16,[]
5113,18,[]
5137,15,[]
5158,18,[]
5182,15,[]
5203,16,[]
5225,18,[]
5249,14,[]
5269,63,[]
5353,12,[]
5371,11,[]
5388,14,[]
5408,14,[]
5428,13,[]
5447,15,[]
5468,16,[]
5490,15,[]
5511,15,[]
5532,15,[]
5553,15,[]
5574,16,[]
5596,12,[]
5614,17,[]
5637,16,[]
5659,14,[]
5679,16,[]
5701,16,[]
5723,15,[]
5744,14,[]
5764,16,[]
5786,16,[]
5808,14,[]
5828,16,[]
5850,12,[]
5868,14,[]
5888,17,[]
5911,14,[]
5931,16,[]
5953,71,[]
6045,10,[]
6061,12,[]
6079,13,[]
6098,12,[]
6116,16,[]
6138,11,[]
6155,17,[]
6178,12,[]
6196,13,[]
6215,12,[]
6233,14,[]
6253,17,[]
6276,15,[]
6297,13,[]
6316,15,[]
6337,13,[]
6356,15,[]
6377,13,[]
6396,13,[]
6415,15,[]
6436,13,[]
6455,15,[]
6476,13,[]
6495,15,[]
6516,13,[]
6535,13,[]
6554,15,[]
6575,12,[]
6593,13,[]
0,29,[]
35,3,[]
44,9,[]
59,14,[]
79,15,[]
100,14,[]
120,15,[]
141,9,[]
156,14,[]
176,13,[]
195,15,[]
216,11,[]
233,13,[]
252,12,[]
270,17,[]
293,15,[]
314,17,[]
337,13,[]
356,25,[]
387,21,[]
414,25,[]
445,21,[]
472,23,[]
501,16,[]
523,15,[]
544,16,[]
566,18,[]
590,16,[]
612,19,[]
637,18,[]
661,86,[]
773,13,[]
792,15,[3, 4, 5, 6, 7, 8, 9, 10]
813,18,[]
837,13,[]
856,24,[]
886,22,[]
914,21,[]
941,21,[]
968,22,[]
996,19,[]
1021,21,[]
1048,20,[]
1074,17,[]
1097,23,[]
1126,19,[5, 6, 7, 8, 9, 10, 11, 12, 13, 14]
1151,22,[]
1179,18,[]
1203,19,[]
1228,20,[]
1254,21,[]
1281,19,[]
1306,18,[]
1330,19,[]
1355,20,[]
1381,19,[]
1406,18,[]
1430,18,[]
1454,19,[]
1479,17,[]
1502,82,[]
1610,9,[]
1625,10,[]
1641,15,[]
1662,16,[]
1684,25,[]
1715,18,[]
1739,19,[]
1764,17,[]
1787,18,[]
1811,16,[]
1833,18,[]
1857,17,[]
1880,15,[]
1901,20,[]
1927,15,[]
1948,14,[]
1968,15,[]
1989,15,[]
2010,14,[]
2030,15,[]
2051,12,[]
2069,17,[]
2092,17,[]
2115,16,[]
2137,13,[]
2156,13,[]
2175,12,[]
2193,17,[]
2216,14,[]
2236,71,[]
2333,7,[]
2346,9,[]
2361,10,[]
2377,13,[]
2396,13,[]
2415,15,[]
2436,13,[]
2455,15,[]
2476,12,[]
2494,15,[]
2515,11,[]
2532,13,[]
2551,13,[]
2570,14,[]
2590,13,[]
2609,13,[]
2628,12,[]
2646,13,[]
2665,12,[]
2683,14,[]
2703,11,[]
2720,13,[]
2739,13,[]
2758,15,[]
2779,13,[]
2798,14,[]
2818,12,[]
2836,14,[]
2856,11,[]
2873,71,[]
2970,7,[]
2983,10,[]
2999,10,[]
3015,11,[]
3032,18,[]
3056,12,[]
3074,14,[]
3094,16,[]
3116,13,[]
3135,14,[]
3155,13,[]
3174,14,[]
3194,13,[]
3213,14,[]
3233,13,[]
3252,13,[]
3271,13,[]
3290,12,[]
3308,13,[]
3327,13,[]
3346,12,[]
3364,15,[]
3385,12,[]
3403,14,[]
3423,13,[]
3442,15,[]
3463,14,[]
3483,17,[]
3506,14,[]
3526,81,[]
3633,8,[]
3647,10,[]
3663,10,[]
3679,14,[]
3699,15,[]
3720,16,[]
3742,14,[]
3762,17,[]
3785,15,[]
3806,15,[]
3827,15,[]
3848,16,[]
3870,15,[]
3891,17,[]
3914,15,[]
3935,16,[]
3957,15,[]
3978,17,[]
4001,16,[]
4023,15,[]
4044,15,[]
4065,16,[]
4087,14,[]
4107,14,[]
4127,12,[]
4145,17,[]
4168,14,[]
4188,16,[]
4210,13,[]
4229,81,[]
4336,9,[]
4351,12,[]
4369,14,[]
4389,15,[]
4410,20,[]
4436,18,[]
4460,17,[]
4483,19,[]
4508,16,[]
4530,17,[]
4553,17,[]
4576,17,[]
4599,15,[]
4620,17,[]
4643,18,[]
4667,18,[]
4691,16,[]
4713,17,[]
4736,15,[]
4757,15,[]
4778,16,[]
4800,15,[]
4821,16,[]
4843,17,[]
4866,17,[]
4889,15,[]
4910,14,[]
4930,13,[]
4949,15,[]
4970,73,[]
5069,6,[]
5081,9,[]
5096,9,[]
5111,13,[]
5130,14,[]
5150,14,[]
5170,12,[]
5188,15,[]
5209,10,[]
5225,13,[]
5244,12,[]
5262,14,[]
5282,12,[]
5300,13,[]
5319,13,[]
5338,15,[]
5359,14,[]
5379,14,[]
5399,12,[]
5417,15,[]
5438,13,[]
5457,18,[]
5481,16,[]
5503,14,[]
5523,16,[]
5545,14,[]
5565,15,[]
5586,15,[]
5607,13,[]
5626,74,[]
5726,5,[]
5737,7,[]
5750,8,[]
5764,12,[]
5782,15,[]
5803,14,[]
5823,12,[]
5841,12,[]
5859,14,[]
5879,13,[]
5898,11,[]
5915,13,[]
5934,13,[]
5953,16,[]
5975,13,[]
5994,15,[]
6015,13,[]
6034,15,[]
6055,13,[]
6074,15,[]
6095,14,[]
6115,13,[]
6134,16,[]
6156,15,[]
6177,13,[]
6196,17,[]
6219,16,[]
6241,18,[]
6265,15,[]
6286,84,[]
6396,5,[]
6407,8,[]
6421,10,[]
6437,13,[]
6456,16,[]
6478,9,[]
6493,12,[]
6511,11,[]
6528,12,[]
6546,14,[]
6566,14,[]
6586,14,[]
6606,13,[]
6625,13,[]
6644,14,[]
6664,17,[]
6687,14,[]
6707,16,[]
6729,14,[]
6749,15,[]
6770,13,[]
6789,13,[]
6808,13,[]
6827,16,[]
6849,14,[]
6869,14,[]
6889,12,[]
6907,15,[]
6928,13,[]
0,33,[]
39,3,[]
48,6,[]
60,11,[]
77,11,[]
94,14,[]
114,13,[]
133,12,[]
151,11,[]
168,14,[]
188,16,[]
210,9,[]
225,9,[]
240,9,[]
255,10,[]
271,16,[]
293,18,[]
317,17,[]
340,18,[]
364,17,[]
387,14,[]
407,16,[]
429,16,[]
451,18,[]
475,20,[]
501,21,[]
528,15,[]
549,15,[]
570,17,[]
593,17,[]
616,77,[]
715,15,[]
736,11,[]
753,15,[]
774,9,[]
789,15,[]
810,17,[]
833,16,[]
855,16,[]
877,14,[]
897,16,[]
919,17,[]
942,18,[]
966,18,[]
990,18,[]
1014,18,[]
1038,19,[]
1063,19,[]
1088,19,[]
1113,18,[]
1137,16,[]
1159,19,[]
1184,14,[]
1204,17,[]
1227,15,[]
1248,17,[]
1271,16,[]
1293,15,[]
1314,18,[]
1338,15,[]
1359,75,[]
1456,7,[]
1469,12,[]
1487,12,[]
1505,17,[]
1528,15,[]
1549,13,[]
1568,12,[]
1586,13,[]
1605,12,[]
1623,14,[]
1643,15,[]
1664,16,[]
1686,13,[]
1705,12,[]
1723,12,[]
1741,11,[]
1758,10,[]
1774,13,[]
1793,10,[]
1809,14,[]
1829,13,[]
1848,11,[]
1865,11,[]
1882,12,[]
1900,14,[]
1920,15,[]
1941,16,[]
1963,17,[]
1986,13,[]
2005,91,[]
2118,4,[]
2128,7,[]
2141,11,[]
2158,14,[]
2178,14,[]
2198,18,[]
2222,17,[]
2245,18,[]
2269,17,[]
2292,16,[]
2314,15,[]
2335,15,[]
2356,15,[]
2377,15,[]
2398,15,[]
2419,15,[]
2440,18,[]
2464,16,[]
2486,16,[]
2508,15,[]
2529,16,[]
2551,17,[]
2574,19,[]
2599,18,[]
2623,19,[]
2648,17,[]
2671,15,[]
2692,16,[]
2714,17,[]
2737,59,[]
2818,6,[]
2830,10,[]
2846,13,[]
2865,16,[]
2887,14,[]
2907,15,[]
2928,14,[]
2948,16,[]
2970,12,[]
2988,15,[]
3009,16,[]
3031,16,[]
3053,17,[]
3076,15,[]
3097,16,[]
3119,16,[]
3141,14,[]
3161,16,[]
3183,16,[]
3205,18,[]
3229,16,[]
3251,17,[7, 8, 9, 10, 11, 12, 13, 14, 15]
3274,17,[]
3297,18,[]
3321,17,[]
3344,14,[]
3364,13,[]
3383,18,[]
3407,14,[]
3427,57,[]
3506,9,[]
3521,12,[]
3539,12,[]
3557,13,[]
3576,15,[]
3597,15,[]
3618,15,[]
3639,16,[]
3661,14,[]
3681,15,[]
3702,13,[]
3721,16,[6, 7, 8, 9, 10, 11, 12, 13, 14]
3743,14,[]
3763,15,[]
3784,13,[]
3803,15,[]
3824,17,[]
3847,17,[]
3870,14,[]
3890,17,[]
3913,15,[]
3934,17,[]
3957,18,[]
3981,17,[]
4004,19,[]
4029,16,[]
4051,14,[]
4071,14,[]
4091,15,[]
4112,40,[]
4174,14,[]
4194,12,[]
4212,14,[]
4232,14,[]
4252,15,[]
4273,15,[]
4294,13,[]
4313,13,[]
4332,15,[]
4353,13,[]
4372,13,[]
4391,17,[]
4414,17,[]
4437,14,[]
4457,13,[]
4476,19,[]
4501,15,[]
4522,15,[]
4543,14,[]
4563,18,[]
4587,13,[]
4606,14,[]
4626,17,[]
4649,15,[]
4670,13,[]
4689,15,[]
4710,14,[]
4730,14,[]
4750,14,[]
4770,64,[]
4856,8,[]
4870,11,[]
4887,9,[]
4902,11,[]
4919,9,[]
4934,12,[]
4952,11,[]
4969,10,[]
4985,12,[]
5003,14,[]
5023,12,[]
5041,13,[]
5060,13,[]
5079,14,[]
5099,12,[]
5117,15,[]
5138,11,[]
5155,13,[]
5174,13,[]
5193,15,[]
5214,14,[]
5234,18,[]
5258,16,[]
5280,17,[]
5303,16,[]
5325,15,[]
5346,15,[]
5367,17,[]
5390,13,[]
5409,73,[]
5504,8,[]
5518,12,[]
5536,12,[]
5554,15,[]
5575,15,[]
5596,15,[]
5617,11,[]
5634,15,[]
5655,14,[]
5675,15,[]
5696,15,[]
5717,13,[]
5736,14,[]
5756,14,[]
5776,14,[]
5796,18,[]
5820,15,[]
5841,14,[]
5861,15,[]
5882,18,[]
5906,16,[]
5928,13,[]
5947,14,[]
5967,15,[]
5988,14,[]
6008,14,[]
6028,15,[]
6049,14,[]
6069,14,[]
6089,64,[]
6175,10,[]
6191,12,[0, 1, 2, 3, 4, 5, 6]
6209,14,[]
6229,15,[]
6250,13,[]
6269,13,[]
6288,14,[]
6308,16,[]
6330,15,[]
6351,15,[]
6372,15,[]
6393,16,[]
6415,14,[]
6435,16,[]
6457,16,[]
6479,17,[]
6502,14,[]
6522,13,[]
6541,14,[]
6561,15,[]
6582,17,[]
6605,17,[]
6628,16,[]
6650,17,[]
6673,17,[]
6696,17,[]
6719,17,[]
6742,18,[]
6766,17,[]
0,44,[]
74,8,[]
88,14,[]
108,14,[]
128,8,[]
142,17,[]
165,16,[]
187,15,[]
208,17,[]
231,16,[]
253,7,[]
266,15,[]
287,18,[]
311,16,[]
333,7,[]
346,15,[]
367,17,[]
390,15,[]
411,17,[]
434,12,[]
452,20,[]
478,18,[]
502,20,[]
528,9,[]
543,23,[]
572,9,[]
587,17,[]
610,17,[]
633,19,[]
658,10,[]
674,122,[]
826,16,[]
848,18,[]
872,18,[]
896,9,[]
911,9,[]
926,16,[]
948,16,[]
970,17,[]
993,9,[]
1008,17,[]
1031,19,[]
1056,19,[]
1081,19,[]
1106,11,[]
1123,22,[]
1151,19,[]
1176,17,[]
1199,17,[]
1222,16,[]
1244,12,[]
1262,16,[]
1284,21,[]
1311,22,[]
1339,5,[]
1350,16,[]
1372,18,[]
1396,18,[]
1420,19,[]
1445,15,[]
1466,83,[]
1579,10,[]
1595,14,[]
1615,15,[]
1636,9,[]
1651,17,[]
1674,16,[]
1696,16,[]
1718,14,[]
1738,15,[]
1759,12,[]
1777,13,[]
1796,14,[]
1816,16,[]
1838,11,[]
1855,14,[]
1875,16,[]
1897,13,[]
1916,15,[]
1937,11,[]
1954,16,[]
1976,14,[]
1996,16,[]
2018,12,[]
2036,16,[]
2058,13,[]
2077,14,[]
2097,14,[]
2117,15,[]
2138,11,[]
2155,91,[]
2276,8,[]
2290,11,[]
2307,9,[]
2322,11,[]
2339,14,[]
2359,13,[]
2378,14,[]
2398,14,[]
2418,12,[]
2436,14,[]
2456,15,[]
2477,15,[]
2498,13,[]
2517,10,[]
2533,14,[]
2553,14,[]
2573,14,[]
2593,13,[]
2612,16,[]
2634,9,[]
2649,15,[]
2670,13,[]
2689,17,[]
2712,9,[]
2727,15,[]
2748,15,[]
2769,13,[]
2788,14,[]
2808,13,[]
2827,105,[]
2962,6,[]
2974,10,[]
2990,13,[]
3009,6,[]
3021,12,[]
3039,16,[]
3061,11,[]
3078,17,[]
3101,14,[]
3121,13,[]
3140,13,[]
3159,29,[]
3194,22,[]
3222,8,[]
3236,19,[]
3261,18,[]
3285,16,[]
3307,20,[]
3333,6,[]
3345,17,[]
3368,19,[]
3393,18,[]
3417,18,[]
3441,18,[]
3465,9,[]
3480,19,[]
3505,19,[]
3530,17,[]
3553,9,[]
3568,68,[]
3666,14,[]
3686,15,[]
3707,16,[]
3729,16,[]
3751,10,[]
3767,16,[]
3789,17,[]
3812,18,[]
3836,11,[]
3853,19,[]
3878,17,[]
3901,20,[]
3927,16,[]
3949,8,[]
3963,18,[]
3987,21,[]
4014,17,[]
4037,18,[]
4061,18,[]
4085,9,[]
4100,17,[]
4123,16,[]
4145,18,[]
4169,7,[]
4182,19,[]
4207,15,[]
4228,17,[]
4251,15,[]
4272,19,[]
4297,81,[]
4408,5,[]
4419,9,[]
4434,11,[]
4451,9,[]
4466,13,[]
4485,14,[]
4505,11,[]
4522,14,[]
4542,14,[]
4562,8,[]
4576,15,[]
4597,15,[]
4618,14,[]
4638,7,[]
4651,15,[]
4672,14,[]
4692,12,[]
4710,15,[]
4731,12,[]
4749,18,[]
4773,13,[]
4792,14,[]
4812,13,[]
4831,16,[]
4853,12,[]
4871,14,[]
4891,16,[]
4913,18,[]
4937,7,[]
4950,85,[]
5065,8,[]
5079,11,[]
5096,11,[]
5113,13,[]
5132,10,[]
5148,13,[]
5167,14,[]
5187,16,[]
5209,11,[]
5226,13,[]
5245,15,[]
5266,15,[]
5287,13,[]
5306,17,[]
5329,7,[]
5342,17,[]
5365,17,[]
5388,13,[]
5407,20,[]
5433,8,[]
5447,17,[]
5470,11,[]
5487,16,[]
5509,9,[]
5524,14,[]
5544,13,[]
5563,16,[]
5585,12,[]
5603,17,[]
5626,95,[]
5751,5,[]
5762,9,[]
5777,11,[]
5794,10,[]
5810,12,[]
5828,16,[]
5850,12,[]
5868,17,[]
5891,16,[]
5913,7,[]
5926,12,[]
5944,16,[]
5966,13,[]
5985,10,[]
6001,11,[]
6018,16,[]
6040,13,[]
6059,18,[]
6083,6,[]
6095,19,[]
6120,13,[]
6139,19,[]
6164,15,[]
6185,17,[]
6208,8,[]
6222,18,[]
6246,12,[]
6264,14,[]
6284,9,[]
6299,98,[]
6427,6,[]
6439,10,[]
6455,11,[]
6472,10,[]
6488,12,[]
6506,14,[]
6526,14,[]
6546,17,[]
6569,7,[]
6582,17,[]
6605,14,[]
6625,17,[]
6648,13,[]
6667,15,[]
6688,9,[]
6703,18,[]
6727,17,[]
6750,20,[]
6776,16,[]
6798,8,[]
6812,20,[]
6838,17,[]
6861,20,[]
6887,8,[]
6901,18,[]
6925,19,[]
6950,14,[]
6970,16,[]
6992,10,[]
0,33,[]
39,7,[]
52,13,[]
71,15,[]
92,17,[]
115,16,[]
137,24,[]
167,17,[]
190,15,[]
211,11,[]
228,16,[]
250,16,[]
272,17,[]
295,12,[]
313,13,[]
332,14,[]
352,16,[]
374,14,[]
394,14,[]
414,12,[]
432,13,[]
451,12,[]
469,19,[]
494,16,[]
516,18,[]
540,18,[]
564,13,[]
583,13,[]
602,17,[]
625,15,[]
646,82,[]
751,15,[]
772,11,[]
789,6,[]
801,8,[]
815,8,[]
829,15,[]
850,10,[]
866,15,[]
887,14,[]
907,16,[]
929,14,[]
949,16,[]
971,17,[]
994,17,[]
1017,7,[]
1030,18,[]
1054,21,[]
1081,18,[]
1105,18,[]
1129,18,[]
1153,19,[]
1178,20,[]
1204,18,[]
1228,20,[]
1254,18,[]
1278,17,[]
1301,11,[]
1318,23,[]
1347,12,[]
1365,67,[]
1455,11,[]
1472,16,[]
1494,14,[]
1514,15,[]
1535,15,[]
1556,18,[]
1580,18,[]
1604,20,[]
1630,12,[]
1648,22,[]
1676,15,[]
1697,15,[]
1718,17,[]
1741,17,[]
1764,14,[]
1784,15,[]
1805,16,[]
1827,17,[]
1850,16,[]
1872,17,[]
1895,12,[]
1913,17,[]
1936,16,[]
1958,17,[]
1981,14,[]
2001,17,[]
2024,16,[]
2046,18,[]
2070,13,[]
2089,68,[]
2180,8,[]
2194,14,[]
2214,6,[]
2226,15,[]
2247,15,[]
2268,17,[]
2291,14,[]
2311,18,[]
2335,15,[]
2356,14,[]
2376,14,[]
2396,15,[]
2417,15,[]
2438,16,[]
2460,11,[]
2477,21,[]
2504,17,[]
2527,23,[]
2556,15,[]
2577,16,[]
2599,13,[]
2618,14,[]
2638,15,[]
2659,16,[]
2681,13,[]
2700,16,[]
2722,12,[]
2740,17,[]
2763,18,[]
2787,69,[]
2879,9,[]
2894,14,[]
2914,14,[]
2934,17,[]
2957,15,[]
2978,15,[]
2999,17,[]
3022,18,[]
3046,11,[]
3063,19,[]
3088,9,[]
3103,23,[]
3132,15,[]
3153,16,[]
3175,15,[]
3196,17,[]
3219,16,[]
3241,17,[]
3264,17,[]
3287,19,[]
3312,12,[]
3330,21,[]
3357,19,[]
3382,19,[]
3407,19,[]
3432,20,[]
3458,18,[]
3482,18,[]
3506,18,[]
3530,63,[]
3616,10,[]
3632,13,[]
3651,6,[]
3663,17,[]
3686,14,[]
3706,16,[]
3728,17,[]
3751,16,[]
3773,14,[]
3793,15,[]
3814,15,[]
3835,16,[]
3857,15,[]
3878,15,[]
3899,13,[]
3918,18,[]
3942,17,[]
3965,13,[]
3984,17,[]
4007,14,[]
4027,14,[]
4047,14,[]
4067,13,[]
4086,13,[]
4105,12,[]
4123,12,[]
4141,15,[]
4162,14,[]
4182,12,[]
4200,72,[]
4295,8,[]
4309,13,[]
4328,13,[]
4347,15,[]
4368,14,[]
4388,14,[]
4408,14,[]
4428,14,[]
4448,12,[]
4466,15,[]
4487,17,[]
4510,14,[]
4530,14,[]
4550,17,[]
4573,14,[]
4593,14,[]
4613,13,[]
4632,17,[]
4655,14,[0, 1, 2, 3, 4, 5, 6, 7]
4675,15,[]
4696,8,[]
4710,16,[]
4732,17,[]
4755,14,[]
4775,13,[]
4794,13,[]
4813,14,[]
4833,14,[]
4853,14,[]
4873,63,[]
4959,8,[]
4973,12,[]
4991,6,[]
5003,15,[]
5024,13,[]
5043,14,[]
5063,14,[]
5083,14,[]
5103,14,[]
5123,15,[]
5144,15,[]
5165,15,[]
5186,15,[]
5207,15,[]
5228,12,[]
5246,20,[]
5272,15,[]
5293,15,[]
5314,13,[]
5333,13,[]
5352,14,[]
5372,14,[]
5392,13,[]
5411,13,[]
5430,14,[]
5450,14,[]
5470,14,[]
5490,15,[]
5511,17,[]
5534,72,[]
5629,9,[]
5644,13,[]
5663,14,[]
5683,14,[]
5703,13,[]
5722,14,[]
5742,12,[]
5760,15,[]
5781,10,[]
5797,20,[]
5823,16,[]
5845,18,[]
5869,16,[]
5891,16,[]
5913,16,[]
5935,14,[]
5955,14,[]
5975,18,[]
5999,17,[]
6022,17,[]
6045,12,[]
6063,19,[]
6088,20,[]
6114,10,[]
6130,20,[]
6156,16,[]
6178,15,[]
6199,16,[]
6221,16,[]
6243,62,[]
6328,9,[]
6343,12,[]
6361,6,[]
6373,17,[]
6396,18,[]
6420,14,[]
6440,15,[]
6461,15,[]
6482,13,[]
6501,13,[]
6520,14,[]
6540,16,[]
6562,15,[]
6583,14,[]
6603,12,[]
6621,20,[]
6647,5,[]
6658,17,[]
6681,16,[]
6703,15,[]
6724,15,[]
6745,15,[]
6766,14,[]
6786,16,[]
6808,13,[]
6827,15,[]
6848,13,[]
6867,15,[]
6888,15,[]
0,41,[]
78,1,[]
84,10,[]
99,10,[]
114,14,[]
133,13,[]
151,10,[]
166,14,[]
185,10,[]
200,16,[]
221,14,[]
240,16,[]
261,20,[]
286,13,[]
304,10,[]
319,13,[]
337,11,[]
353,16,[]
374,12,[]
391,12,[]
408,13,[]
426,10,[]
441,14,[]
460,13,[]
478,14,[]
497,15,[2, 3, 4, 5, 6, 7, 8, 9, 10]
517,10,[]
532,10,[]
547,13,[]
565,15,[]
585,120,[]
742,11,[]
758,7,[]
770,12,[]
787,2,[]
794,7,[]
806,10,[]
821,15,[]
841,15,[]
861,12,[]
878,14,[]
897,9,[]
911,17,[]
933,8,[]
946,15,[]
966,13,[]
984,12,[]
1001,11,[]
1017,17,[]
1039,11,[]
1055,20,[]
1080,11,[]
1096,13,[]
1114,16,[]
1135,14,[]
1154,17,[]
1176,16,[]
1197,12,[]
1214,20,[]
1239,11,[]
1255,120,[]
1412,5,[]
1422,12,[]
1439,15,[]
1459,10,[]
1474,13,[]
1492,12,[]
1509,15,[]
1529,9,[]
1543,9,[]
1557,17,[]
1579,15,[]
1599,11,[]
1615,15,[]
1635,14,[]
1654,17,[]
1676,14,[]
1695,13,[]
1713,15,[]
1733,15,[]
1753,13,[]
1771,15,[]
1791,14,[]
1810,21,[]
1836,10,[]
1851,15,[]
1871,16,[]
1892,18,[]
1915,14,[1, 2, 3, 4, 5, 6, 7]
1934,18,[]
1957,121,[]
2115,3,[]
2123,17,[]
2145,11,[]
2161,17,[]
2183,14,[]
2202,11,[]
2218,16,[]
2239,14,[]
2258,18,[]
2281,16,[]
2302,16,[6, 7, 8, 9, 10, 11]
2323,17,[]
2345,14,[]
2364,13,[]
2382,17,[]
2404,15,[]
2424,16,[]
2445,14,[]
2464,17,[]
2486,14,[]
2505,19,[]
2529,20,[]
2554,16,[]
2575,13,[]
2593,19,[]
2617,17,[]
2639,19,[]
2663,15,[]
2683,16,[]
2704,120,[]
2861,4,[]
2870,12,[]
2887,12,[]
2904,16,[]
2925,16,[]
2946,13,[]
2964,15,[]
2984,16,[]
3005,13,[]
3023,14,[]
3042,14,[]
3061,18,[]
3084,15,[]
3104,15,[]
3124,16,[]
3145,13,[]
3163,16,[]
3184,25,[]
3214,14,[]
3233,12,[]
3250,13,[]
3268,12,[]
3285,14,[]
3304,20,[]
3329,17,[]
3351,19,[]
3375,13,[]
3393,14,[]
3412,15,[4, 5, 6, 7, 8, 9, 10]
3432,118,[]
3587,5,[]
3597,13,[]
3615,13,[]
3633,14,[]
3652,13,[]
3670,18,[]
3693,15,[]
3713,17,[]
3735,14,[]
3754,14,[]
3773,13,[]
3791,12,[]
3808,15,[]
3828,14,[]
3847,19,[]
3871,11,[]
3887,17,[]
3909,15,[]
3929,17,[]
3951,14,[]
3970,17,[1, 2, 3, 4, 5, 6]
3992,15,[]
4012,18,[]
4035,14,[]
4054,15,[]
4074,14,[]
4093,15,[]
4113,14,[]
4132,16,[]
4153,106,[]
4296,3,[]
4304,9,[]
4318,8,[]
4331,9,[]
4345,8,[]
4358,8,[]
4371,9,[]
4385,11,[]
4401,14,[]
4420,11,[]
4436,13,[]
4454,12,[]
4471,19,[]
4495,12,[]
4512,15,[]
4532,13,[]
4550,12,[]
4567,15,[]
4587,12,[]
4604,14,[]
4623,17,[]
4645,14,[]
4664,14,[]
4683,14,[]
4702,12,[]
4719,17,[]
4741,14,[]
4760,13,[]
4778,12,[]
4795,108,[]
4940,2,[]
4947,6,[]
4958,9,[]
4972,9,[]
4986,11,[]
5002,11,[]
5018,11,[]
5034,19,[]
5058,13,[]
5076,12,[]
5093,14,[]
5112,16,[]
5133,12,[]
5150,16,[]
5171,14,[]
5190,14,[]
5209,12,[]
5226,15,[0, 1, 2, 3, 4, 5, 6, 7, 8]
5246,16,[]
5267,18,[]
5290,16,[]
5311,14,[]
5330,13,[]
5348,15,[]
5368,16,[]
5389,17,[]
5411,17,[]
5433,20,[]
5458,12,[]
5475,113,[]
5625,4,[]
5634,14,[]
5653,11,[]
5669,7,[]
5681,10,[]
5696,10,[]
5711,8,[]
5724,12,[]
5741,15,[]
5761,14,[]
5780,14,[]
5799,16,[]
5820,13,[]
5838,14,[]
5857,12,[]
5874,15,[]
5894,13,[]
5912,16,[]
5933,15,[]
5953,17,[]
5975,12,[]
5992,14,[]
6011,15,[]
6031,17,[]
6053,15,[]
6073,16,[]
6094,13,[]
6112,16,[]
6133,16,[]
6154,110,[]
6301,2,[]
6308,10,[]
6323,8,[]
6336,11,[]
6352,9,[]
6366,10,[]
6381,14,[]
6400,13,[]
6418,9,[]
6432,11,[]
6448,9,[]
6462,15,[]
6482,14,[]
6501,10,[]
6516,13,[]
6534,13,[]
6552,14,[]
6571,12,[]
6588,10,[]
6603,13,[]
6621,13,[]
6639,12,[]
6656,11,[]
6672,13,[]
6690,13,[]
6708,15,[]
6728,12,[]
6745,11,[]
6761,13,[]
0,60,[]
81,15,[]
102,16,[]
124,3,[]
133,13,[]
152,18,[]
176,19,[]
201,16,[]
223,20,[]
249,17,[]
272,15,[]
293,18,[]
317,19,[]
342,17,[]
365,19,[]
390,25,[]
421,15,[]
442,15,[]
463,15,[8, 9, 10, 11, 12, 13, 14]
484,15,[]
505,17,[]
528,16,[]
550,17,[]
573,18,[]
597,16,[]
619,19,[]
644,16,[]
666,18,[]
690,17,[]
713,21,[]
740,96,[]
857,17,[]
880,18,[]
904,21,[]
931,16,[]
953,14,[]
973,17,[]
996,16,[]
1018,17,[]
1041,15,[]
1062,15,[]
1083,16,[]
1105,12,[]
1123,13,[]
1142,15,[]
1163,16,[1, 2, 3, 4, 5, 6, 7]
1185,16,[]
1207,17,[]
1230,16,[]
1252,16,[]
1274,16,[]
1296,13,[]
1315,15,[]
1336,16,[]
1358,19,[]
1383,20,[]
1409,18,[]
1433,18,[]
1457,20,[]
1483,18,[]
1507,66,[]
1594,13,[]
1613,14,[]
1633,16,[]
1655,16,[]
1677,15,[]
1698,15,[]
1719,19,[]
1744,15,[]
1765,12,[]
1783,14,[]
1803,15,[0, 1, 2, 3, 4, 5, 6, 7]
1824,17,[]
1847,16,[]
1869,14,[]
1889,19,[]
1914,15,[]
1935,14,[]
1955,19,[]
1980,15,[]
2001,15,[]
2022,17,[]
2045,18,[]
2069,19,[]
2094,19,[]
2119,20,[]
2145,17,[]
2168,16,[]
2190,16,[]
2212,14,[]
2232,44,[]
2297,11,[]
2314,13,[]
2333,16,[]
2355,14,[]
2375,16,[]
2397,16,[]
2419,16,[]
2441,15,[]
2462,14,[]
2482,13,[]
2501,11,[]
2518,14,[]
2538,11,[]
2555,13,[]
2574,17,[]
2597,14,[]
2617,15,[]
2638,18,[]
2662,12,[]
2680,13,[]
2699,13,[]
2718,15,[]
2739,16,[]
2761,15,[]
2782,14,[]
2802,16,[]
2824,14,[]
2844,20,[]
2870,16,[]
2892,46,[]
2959,15,[]
2980,19,[]
3005,21,[]
3032,17,[]
3055,17,[]
3078,14,[]
3098,17,[]
3121,15,[]
3142,17,[]
3165,17,[]
3188,16,[]
3210,18,[]
3234,15,[]
3255,16,[]
3277,15,[]
3298,16,[]
3320,15,[]
3341,13,[]
3360,15,[]
3381,17,[]
3404,16,[]
3426,21,[0, 1, 2, 3, 4, 5, 6]
3453,14,[]
3473,15,[]
3494,15,[]
3515,16,[]
3537,14,[]
3557,15,[]
3578,15,[]
3599,60,[]
3680,9,[]
3695,12,[]
3713,11,[]
3730,14,[]
3750,15,[]
3771,16,[]
3793,20,[]
3819,16,[]
3841,15,[]
3862,15,[]
3883,13,[]
3902,14,[]
3922,12,[]
3940,14,[]
3960,12,[]
3978,15,[]
3999,14,[]
4019,15,[]
4040,12,[]
4058,14,[]
4078,17,[]
4101,16,[]
4123,14,[]
4143,14,[]
4163,14,[]
4183,16,[]
4205,17,[]
4228,19,[]
4253,18,[]
4277,63,[]
4361,9,[]
4376,11,[]
4393,8,[]
4407,9,[]
4422,9,[]
4437,9,[]
4452,11,[]
4469,10,[]
4485,14,[]
4505,13,[]
4524,12,[]
4542,12,[]
4560,13,[]
4579,11,[]
4596,14,[]
4616,12,[]
4634,15,[]
4655,16,[]
4677,16,[]
4699,13,[]
4718,15,[]
4739,14,[]
4759,16,[]
4781,18,[]
4805,16,[]
4827,16,[]
4849,16,[]
4871,16,[]
4893,16,[]
4915,62,[]
4998,8,[]
5012,10,[]
5028,11,[]
5045,14,[]
5065,11,[]
5082,10,[]
5098,13,[]
5117,12,[]
5135,12,[]
5153,20,[]
5179,14,[]
5199,12,[]
5217,15,[]
5238,14,[]
5258,16,[]
5280,18,[]
5304,17,[]
5327,18,[]
5351,15,[]
5372,15,[]
5393,16,[]
5415,17,[]
5438,16,[]
5460,15,[]
5481,16,[]
5503,17,[]
5526,17,[]
5549,18,[]
5573,17,[]
5596,46,[]
5663,14,[]
5683,3,[]
5692,15,[]
5713,14,[]
5733,12,[]
5751,11,[]
5768,12,[]
5786,15,[]
5807,14,[]
5827,14,[]
5847,13,[]
5866,12,[]
5884,13,[]
5903,13,[]
5922,16,[]
5944,13,[]
5963,13,[]
5982,13,[]
6001,13,[]
6020,13,[]
6039,14,[]
6059,16,[]
6081,13,[]
6100,15,[]
6121,15,[]
6142,16,[]
6164,14,[]
6184,15,[]
6205,19,[]
6230,46,[]
6297,7,[]
6310,9,[]
6325,11,[]
6342,10,[]
6358,13,[]
6377,11,[]
6394,11,[]
6411,12,[]
6429,11,[]
6446,10,[]
6462,11,[]
6479,10,[]
6495,12,[]
6513,10,[]
6529,13,[]
6548,11,[]
6565,11,[]
6582,12,[]
6600,14,[]
6620,13,[]
6639,15,[]
6660,14,[]
6680,15,[]
6701,16,[]
6723,15,[]
6744,15,[]
6765,12,[]
6783,13,[]
6802,14,[]
0,72,[]
130,1,[]
136,2,[]
143,2,[]
150,1,[]
156,19,[]
180,5,[]
190,6,[]
201,2,[]
208,3,[]
216,4,[]
225,19,[]
249,16,[]
270,9,[]
284,13,[]
302,4,[]
311,5,[]
321,4,[]
330,13,[]
348,4,[]
357,5,[]
367,11,[]
383,21,[]
409,8,[]
422,16,[]
443,34,[]
482,4,[]
491,13,[]
509,13,[]
527,36,[]
621,272,[]
951,4,[]
960,16,[5, 6, 7, 8, 9, 10, 11]
981,2,[]
988,11,[]
1004,4,[]
1013,3,[]
1021,8,[]
1034,16,[]
1055,13,[]
1073,12,[]
1090,24,[18, 19, 20, 21, 22, 23]
1119,11,[]
1135,21,[]
1161,8,[]
1174,30,[]
1209,9,[]
1223,14,[]
1242,16,[]
1263,29,[]
1297,7,[]
1309,23,[]
1337,8,[]
1350,8,[]
1363,9,[]
1377,16,[]
1398,17,[]
1420,19,[]
1444,48,[]
1550,19,[8, 9, 10, 11, 12, 13, 14, 15, 16]
1574,150,[]
1782,1,[]
1788,1,[]
1794,1,[]
1800,1,[]
1806,14,[]
1825,8,[]
1838,6,[]
1849,18,[]
1872,5,[]
1882,22,[]
1909,4,[]
1918,43,[]
2019,7,[]
2031,33,[]
2069,6,[]
2080,6,[]
2091,22,[]
2118,6,[]
2129,8,[]
2142,11,[]
2158,15,[]
2178,18,[]
2201,29,[]
2235,7,[]
2247,5,[]
2257,21,[]
2283,7,[]
2295,13,[]
2313,16,[]
2334,175,[]
2567,1,[]
2573,5,[]
2583,4,[]
2592,4,[]
2601,11,[]
2617,4,[]
2626,5,[]
2636,2,[]
2643,15,[]
2663,6,[]
2674,7,[]
2686,10,[]
2701,9,[]
2715,22,[]
2742,8,[]
2755,19,[]
2779,11,[]
2795,29,[]
2829,8,[]
2842,19,[]
2866,12,[]
2883,12,[]
2900,16,[]
2921,14,[]
2940,18,[]
2963,14,[]
2982,22,[]
3009,4,[]
3018,16,[]
3039,183,[]
3280,1,[]
3286,8,[]
3299,6,[]
3310,4,[]
3319,8,[]
3332,13,[]
3350,6,[]
3361,8,[]
3374,7,[]
3386,9,[]
3400,13,[]
3418,6,[]
3429,16,[]
3450,9,[]
3464,7,[]
3476,10,[]
3491,20,[]
3516,9,[]
3530,9,[]
3544,26,[]
3575,9,[]
3589,12,[]
3606,14,[]
3625,11,[]
3641,16,[]
3662,20,[]
3687,3,[]
3695,6,[]
3706,18,[]
3729,178,[]
3965,5,[]
3975,3,[]
3983,5,[]
3993,5,[]
4003,3,[]
4011,5,[]
4021,16,[]
4042,15,[]
4062,7,[]
4074,7,[]
4086,9,[]
4100,9,[]
4114,9,[]
4128,24,[]
4157,8,[]
4170,22,[]
4197,16,[]
4218,3,[]
4226,15,[]
4246,9,[]
4260,8,[]
4273,11,[]
4289,12,[]
4306,13,[]
4324,18,[]
4347,36,[]
4441,7,[]
4453,21,[]
4479,7,[]
4491,144,[]
4693,1,[]
4699,8,[]
4712,2,[]
4719,4,[]
4728,14,[]
4747,6,[]
4758,8,[]
4771,9,[]
4785,18,[]
4808,6,[]
4819,7,[]
4831,9,[3, 4, 5, 6, 7, 8]
4845,19,[]
4869,17,[]
4891,6,[]
4902,7,[]
4914,12,[]
4931,12,[]
4948,13,[]
4966,24,[]
4995,4,[]
5004,8,[]
5017,22,[]
5044,9,[]
5058,28,[]
5091,2,[]
5098,10,[]
5113,12,[]
5130,8,[]
5143,163,[]
5364,16,[]
5385,6,[]
5396,6,[]
5407,9,[]
5421,8,[]
5434,12,[]
5451,6,[]
5462,16,[]
5483,6,[]
5494,8,[]
5507,17,[]
5529,2,[]
5536,18,[]
5559,7,[]
5571,6,[]
5582,9,[]
5596,20,[]
5621,4,[]
5630,10,[]
5645,24,[]
5674,7,[]
5686,4,[]
5695,10,[]
5710,19,[]
5734,7,[]
5746,7,[]
5758,5,[]
5768,8,[]
5781,22,[]
5808,163,[]
6029,1,[]
6035,1,[]
6041,9,[]
6055,5,[]
6065,5,[]
6075,6,[]
6086,16,[]
6107,15,[]
6127,9,[]
6141,5,[]
6151,7,[]
6163,17,[0, 1, 2, 3, 4, 5]
6185,9,[]
6199,5,[]
6209,8,[]
6222,7,[]
6234,20,[]
6259,8,[]
6272,9,[]
6286,10,[]
6301,9,[]
6315,10,[]
6330,25,[]
6360,2,[]
6367,21,[]
6393,8,[]
6406,8,[]
6419,7,[]
6431,10,[]
6446,178,[]
6682,1,[]
6688,9,[]
6702,5,[]
6712,15,[]
6732,3,[]
6740,4,[]
6749,6,[]
6760,7,[]
6772,9,[]
6786,7,[]
6798,10,[]
6813,8,[]
6826,70,[]
6954,15,[]
6974,6,[]
6985,19,[]
7009,8,[]
7022,10,[]
7037,9,[]
7051,19,[]
7075,8,[]
7088,22,[]
7115,9,[]
7129,10,[]
7144,9,[]
7158,9,[]
7172,11,[]
7188,9,[]
7202,9,[]
0,25,[]
31,6,[]
43,13,[]
62,22,[]
90,14,[]
110,17,[]
133,16,[]
155,16,[]
177,16,[]
199,15,[]
220,14,[]
240,15,[]
261,14,[]
281,16,[]
303,14,[]
323,15,[]
344,17,[]
367,16,[]
389,15,[]
410,16,[]
432,15,[]
453,15,[]
474,13,[]
493,17,[]
516,14,[]
536,13,[]
555,15,[]
576,16,[]
598,11,[]
615,12,[]
633,59,[]
711,6,[]
723,10,[]
739,19,[]
764,8,[]
778,16,[]
800,15,[]
821,9,[]
836,11,[]
853,11,[]
870,12,[]
888,11,[]
905,16,[]
927,10,[]
943,15,[]
964,11,[]
981,9,[]
996,11,[]
1013,11,[]
1030,10,[2, 3, 4, 5, 6, 7, 8]
1046,12,[]
1064,12,[]
1082,13,[]
1101,13,[]
1120,19,[]
1145,15,[]
1166,16,[]
1188,18,[]
1212,17,[]
1235,17,[]
1258,67,[]
1344,9,[]
1359,13,[]
1378,19,[]
1403,15,[]
1424,13,[]
1443,16,[]
1465,13,[]
1484,17,[]
1507,15,[]
1528,15,[]
1549,14,[]
1569,13,[]
1588,14,[]
1608,13,[]
1627,14,[]
1647,14,[]
1667,15,[]
1688,14,[]
1708,17,[]
1731,15,[]
1752,17,[]
1775,14,[]
1795,15,[]
1816,15,[]
1837,16,[]
1859,14,[]
1879,17,[]
1902,14,[]
1922,15,[]
1943,51,[]
2013,9,[]
2028,11,[]
2045,21,[]
2072,13,[]
2091,15,[]
2112,15,[]
2133,13,[]
2152,15,[0, 1, 2, 3, 4, 5, 6, 7, 8, 9]
2173,15,[]
2194,16,[]
2216,15,[]
2237,15,[]
2258,12,[]
2276,14,[]
2296,14,[]
2316,18,[]
2340,14,[]
2360,16,[]
2382,18,[]
2406,20,[]
2432,17,[]
2455,16,[]
2477,20,[]
2503,21,[]
2530,19,[]
2555,17,[]
2578,16,[]
2600,16,[]
2622,13,[]
2641,42,[]
2702,11,[]
2719,16,[]
2741,19,[]
2766,13,[]
2785,12,[]
2803,14,[]
2823,15,[]
2844,16,[]
2866,15,[]
2887,15,[]
2908,14,[]
2928,16,[]
2950,15,[]
2971,14,[]
2991,16,[]
3013,15,[]
3034,16,[]
3056,15,[]
3077,20,[]
3103,19,[]
3128,22,[]
3156,19,[]
3181,23,[]
3210,18,[]
3234,20,[]
3260,16,[]
3282,20,[]
3308,16,[]
3330,16,[]
3352,56,[]
3427,9,[]
3442,11,[]
3459,20,[]
3485,14,[]
3505,14,[]
3525,12,[]
3543,14,[]
3563,15,[]
3584,14,[]
3604,14,[]
3624,13,[]
3643,14,[]
3663,15,[]
3684,14,[]
3704,17,[]
3727,14,[]
3747,20,[]
3773,16,[]
3795,18,[]
3819,16,[]
3841,18,[]
3865,15,[]
3886,16,[]
3908,14,[]
3928,16,[]
3950,15,[]
3971,18,[]
3995,19,[]
4020,21,[]
4047,56,[]
4122,11,[]
4139,13,[]
4158,22,[]
4186,13,[]
4205,16,[]
4227,16,[]
4249,18,[]
4273,17,[]
4296,17,[]
4319,16,[]
4341,18,[]
4365,15,[]
4386,18,[]
4410,15,[]
4431,17,[]
4454,14,[]
4474,16,[]
4496,18,[]
4520,19,[]
4545,15,[]
4566,17,[]
4589,16,[]
4611,18,[]
4635,15,[]
4656,16,[]
4678,16,[]
4700,20,[]
4726,15,[]
4747,17,[]
4770,57,[]
4846,10,[]
4862,13,[]
4881,18,[]
4905,18,[]
4929,15,[]
4950,18,[]
4974,17,[]
4997,16,[]
5019,16,[]
5041,16,[]
5063,13,[]
5082,15,[]
5103,13,[]
5122,14,[]
5142,15,[]
5163,15,[]
5184,13,[]
5203,14,[]
5223,14,[]
5243,16,[]
5265,15,[]
5286,14,[]
5306,15,[]
5327,16,[]
5349,14,[]
5369,14,[]
5389,13,[]
5408,15,[]
5429,15,[]
5450,60,[]
5529,9,[]
5544,14,[]
5564,20,[]
5590,16,[]
5612,17,[]
5635,16,[]
5657,15,[]
5678,17,[]
5701,14,[]
5721,16,[]
5743,12,[]
5761,18,[]
5785,15,[]
5806,14,[]
5826,15,[]
5847,16,[]
5869,14,[]
5889,14,[]
5909,14,[]
5929,17,[]
5952,16,[]
5974,18,[]
5998,15,[]
6019,17,[]
6042,18,[]
6066,19,[]
6091,17,[]
6114,19,[]
6139,17,[]
6162,77,[]
6258,12,[]
6276,16,[]
6298,21,[]
6325,16,[]
6347,14,[]
6367,17,[]
6390,16,[]
6412,13,[]
6431,13,[]
6450,12,[]
6468,13,[]
6487,13,[]
6506,12,[]
6524,12,[]
6542,13,[]
6561,13,[]
6580,13,[]
6599,14,[]
6619,14,[]
6639,14,[]
6659,15,[]
6680,17,[]
6703,18,[]
6727,16,[]
6749,15,[]
6770,15,[]
6791,18,[]
6815,14,[]
6835,17,[]
0,18,[]
24,1,[]
31,9,[]
46,12,[]
64,10,[]
80,7,[]
93,9,[]
108,9,[]
123,11,[]
140,10,[]
156,10,[]
172,9,[]
187,10,[]
203,12,[]
221,18,[]
245,19,[]
270,19,[]
295,17,[]
318,17,[]
341,16,[]
363,21,[]
390,14,[]
410,18,[]
434,7,[]
447,11,[]
464,14,[]
484,18,[]
508,19,[]
533,23,[]
562,13,[]
581,82,[]
682,9,[]
697,10,[]
713,7,[]
726,7,[]
739,13,[]
758,18,[]
782,13,[]
801,16,[]
823,15,[]
844,15,[]
865,15,[]
886,15,[]
907,15,[]
928,14,[]
948,18,[]
972,16,[]
994,17,[]
1017,14,[]
1037,17,[]
1060,14,[]
1080,13,[]
1099,17,[]
1122,16,[]
1144,16,[]
1166,17,[]
1189,15,[]
1210,16,[]
1232,17,[]
1255,17,[]
1278,63,[]
1360,10,[]
1376,21,[]
1403,14,[]
1423,16,[]
1445,16,[]
1467,20,[]
1493,19,[]
1518,20,[]
1544,18,[]
1568,19,[]
1593,22,[]
1621,16,[]
1643,17,[]
1666,16,[]
1688,20,[]
1714,11,[]
1731,16,[]
1753,20,[]
1779,23,[]
1808,21,[]
1835,20,[]
1861,20,[]
1887,19,[]
1912,24,[]
1942,23,[]
1971,24,[]
2001,22,[]
2029,21,[]
2056,20,[]
2082,60,[]
2161,18,[]
2185,25,[]
2216,15,[]
2237,15,[]
2258,19,[]
2283,24,[]
2313,18,[]
2337,20,[]
2363,20,[]
2389,18,[]
2413,17,[]
2436,17,[]
2459,21,[]
2486,18,[]
2510,20,[]
2536,16,[]
2558,18,[]
2582,18,[]
2606,19,[]
2631,15,[]
2652,19,[]
2677,19,[11, 12, 13, 14, 15, 16, 17, 18]
2702,16,[]
2724,18,[]
2748,16,[]
2770,16,[]
2792,18,[]
2816,15,[]
2837,17,[]
2860,54,[]
2933,8,[]
2947,15,[]
2968,11,[]
2985,16,[]
3007,12,[]
3025,12,[]
3043,11,[]
3060,13,[]
3079,14,[]
3099,9,[]
3114,12,[]
3132,10,[]
3148,10,[]
3164,10,[]
3180,10,[]
3196,12,[]
3214,6,[]
3226,8,[]
3240,9,[]
3255,10,[]
3271,9,[]
3286,9,[]
3301,10,[]
3317,13,[]
3336,13,[]
3355,15,[]
3376,14,[]
3396,15,[]
3417,14,[]
3437,62,[]
3518,11,[]
3535,12,[]
3553,20,[]
3579,14,[]
3599,17,[]
3622,15,[]
3643,14,[]
3663,17,[]
3686,16,[]
3708,16,[]
3730,15,[]
3751,16,[]
3773,18,[]
3797,18,[]
3821,18,[]
3845,18,[]
3869,23,[]
3898,15,[]
3919,16,[]
3941,18,[]
3965,17,[]
3988,19,[]
4013,20,[]
4039,18,[]
4063,16,[]
4085,16,[]
4107,17,[]
4130,18,[]
4154,19,[]
4179,65,[]
4263,11,[]
4280,15,[]
4301,24,[]
4331,16,[]
4353,18,[]
4377,17,[4, 5, 6, 7, 8, 9, 10]
4400,17,[]
4423,17,[]
4446,19,[]
4471,16,[]
4493,17,[]
4516,18,[]
4540,18,[]
4564,17,[]
4587,17,[]
4610,13,[]
4629,13,[]
4648,18,[]
4672,15,[]
4693,15,[]
4714,16,[]
4736,13,[]
4755,14,[]
4775,16,[]
4797,16,[]
4819,15,[]
4840,17,[]
4863,17,[]
4886,15,[]
4907,49,[]
4975,11,[]
4992,13,[]
5011,22,[]
5039,13,[]
5058,16,[]
5080,17,[]
5103,18,[]
5127,20,[]
5153,19,[]
5178,20,[]
5204,20,[]
5230,20,[]
5256,19,[]
5281,17,[]
5304,17,[]
5327,17,[]
5350,16,[4, 5, 6, 7, 8, 9, 10, 11]
5372,14,[]
5392,13,[]
5411,18,[]
5435,15,[]
5456,15,[]
5477,16,[]
5499,15,[]
5520,15,[]
5541,13,[]
5560,16,[]
5582,14,[]
5602,18,[]
5626,47,[]
5692,12,[]
5710,13,[]
5729,20,[]
5755,12,[]
5773,16,[]
5795,14,[]
5815,14,[]
5835,14,[]
5855,13,[]
5874,15,[]
5895,14,[]
5915,15,[]
5936,15,[]
5957,15,[]
5978,13,[]
5997,13,[]
6016,15,[]
6037,13,[]
6056,16,[]
6078,14,[]
6098,11,[]
6115,14,[]
6135,11,[]
6152,11,[]
6169,12,[]
6187,12,[]
6205,12,[]
6223,15,[]
6244,14,[]
6264,44,[]
6327,9,[]
6342,12,[]
6360,15,[]
6381,11,[]
6398,11,[]
6415,11,[]
6432,12,[]
6450,9,[]
6465,11,[]
6482,11,[]
6499,13,[]
6518,10,[]
6534,9,[]
6549,11,[]
6566,13,[]
6585,12,[]
6603,14,[]
6623,14,[]
6643,14,[]
6663,14,[]
6683,14,[]
6703,14,[]
6723,14,[]
6743,12,[]
6761,13,[]
6780,12,[]
6798,14,[]
6818,13,[]
6837,14,[]
0,17,[]
22,2,[]
29,8,[]
42,8,[]
55,9,[]
69,7,[]
81,6,[]
92,6,[]
103,7,[]
115,7,[]
127,6,[]
138,6,[]
149,7,[]
161,8,[]
174,15,[]
194,14,[]
213,20,[]
238,14,[]
257,11,[]
273,8,[]
286,16,[]
307,15,[]
327,15,[]
347,18,[]
370,25,[]
400,10,[]
415,13,[]
433,17,[]
455,11,[]
471,10,[]
486,105,[]
617,7,[]
629,1,[]
635,3,[]
643,4,[]
652,8,[]
665,7,[]
677,9,[]
691,11,[]
707,7,[]
719,14,[]
738,17,[]
760,20,[]
785,19,[]
809,10,[]
824,23,[]
852,24,[]
881,22,[]
908,21,[]
934,18,[]
957,18,[]
980,9,[]
994,18,[]
1017,18,[]
1040,17,[]
1062,15,[]
1082,12,[]
1099,15,[]
1119,16,[]
1140,15,[]
1160,83,[]
1269,9,[]
1283,14,[]
1302,6,[]
1313,15,[]
1333,14,[]
1352,14,[]
1371,13,[]
1389,12,[]
1406,14,[]
1425,15,[]
1445,13,[]
1463,17,[]
1485,18,[]
1508,19,[]
1532,10,[]
1547,20,[]
1572,15,[]
1592,14,[]
1611,18,[]
1634,7,[]
1646,16,[]
1667,17,[]
1689,16,[]
1710,17,[]
1732,16,[]
1753,17,[]
1775,11,[]
1791,14,[]
1810,17,[]
1832,81,[]
1939,12,[]
1956,4,[]
1965,18,[]
1988,19,[]
2012,16,[]
2033,27,[]
2065,17,[]
2087,21,[]
2113,8,[]
2126,20,[]
2151,23,[]
2179,26,[]
2210,11,[]
2226,26,[]
2257,23,[]
2285,24,[]
2314,19,[]
2338,24,[]
2367,24,[]
2396,12,[]
2413,24,[]
2442,22,[]
2469,22,[]
2496,18,[]
2519,11,[]
2535,19,[]
2559,22,[]
2586,18,[]
2609,19,[]
2633,95,[]
2754,15,[]
2774,17,[]
2796,8,[]
2809,21,[]
2835,21,[]
2861,23,[]
2889,26,[]
2920,8,[]
2933,25,[]
2963,24,[9, 10, 11, 12, 13, 14]
2992,23,[]
3020,29,[]
3054,22,[]
3081,23,[]
3109,6,[]
3120,25,[]
3150,23,[]
3178,25,[]
3208,5,[]
3218,22,[]
3245,24,[]
3274,27,[]
3306,22,[]
3333,20,[]
3358,22,[]
3385,10,[]
3400,24,[]
3429,20,[]
3454,20,[]
3479,88,[]
3593,1,[]
3599,12,[]
3616,13,[]
3634,14,[]
3653,15,[]
3673,15,[]
3693,15,[]
3713,15,[]
3733,9,[]
3747,15,[]
3767,16,[]
3788,18,[]
3811,8,[]
3824,18,[]
3847,16,[]
3868,16,[]
3889,15,[]
3909,21,[]
3935,14,[]
3954,8,[]
3967,15,[]
3987,15,[]
4007,12,[]
4024,13,[]
4042,12,[]
4059,7,[]
4071,12,[]
4088,13,[]
4106,13,[]
4124,74,[]
4224,9,[]
4238,11,[]
4254,5,[]
4264,14,[]
4283,12,[]
4300,13,[]
4318,15,[]
4338,7,[]
4350,16,[]
4371,14,[]
4390,15,[]
4410,15,[]
4430,14,[]
4449,15,[]
4469,10,[]
4484,16,[]
4505,15,[]
4525,13,[]
4543,14,[]
4562,9,[]
4576,13,[]
4594,13,[]
4612,15,[]
4632,17,[]
4654,14,[]
4673,14,[]
4692,10,[]
4707,13,[]
4725,13,[]
4743,54,[]
4823,6,[]
4834,6,[]
4845,10,[]
4860,11,[]
4876,10,[]
4891,13,[]
4909,12,[]
4926,12,[]
4943,9,[]
4957,13,[]
4975,11,[]
4991,13,[]
5009,12,[]
5026,8,[]
5039,12,[]
5056,13,[]
5074,12,[]
5091,12,[]
5108,10,[]
5123,12,[]
5140,10,[]
5155,13,[]
5173,13,[]
5191,13,[]
5209,12,[]
5226,7,[]
5238,12,[]
5255,13,[]
5273,12,[]
5290,61,[]
5377,7,[]
5389,8,[]
5402,7,[]
5414,9,[]
5428,10,[]
5443,11,[]
5459,13,[]
5477,7,[]
5489,13,[]
5507,13,[]
5525,13,[]
5543,12,[]
5560,11,[]
5576,12,[]
5593,9,[]
5607,11,[]
5623,11,[]
5639,14,[]
5658,12,[]
5675,4,[]
5684,11,[]
5700,12,[]
5717,11,[]
5733,11,[]
5749,10,[]
5764,11,[]
5780,5,[]
5790,12,[]
5807,12,[]
5824,75,[]
5925,8,[]
5938,4,[]
5947,11,[]
5963,13,[]
5981,12,[]
5998,20,[]
6023,14,[]
6042,15,[]
6062,4,[]
6071,14,[]
6090,13,[]
6108,15,[]
6128,14,[]
6147,9,[]
6161,14,[]
6180,15,[]
6200,12,[]
6217,13,[]
6235,13,[]
6253,15,[]
6273,10,[]
6288,13,[]
6306,15,[]
6326,15,[]
6346,17,[]
6368,5,[]
6378,17,[]
6400,19,[]
6424,9,[]
0,19,[]
25,7,[]
38,12,[]
56,13,[]
75,14,[]
95,13,[]
114,19,[]
139,10,[]
155,14,[]
175,11,[]
192,13,[]
211,12,[]
229,13,[]
248,11,[]
265,11,[]
282,12,[]
300,15,[]
321,13,[]
340,21,[]
367,23,[]
396,23,[]
425,17,[]
448,21,[]
475,14,[]
495,15,[]
516,18,[]
540,15,[]
561,12,[]
579,14,[]
599,17,[]
622,75,[]
716,17,[]
739,10,[]
755,11,[0, 1, 2, 3, 4, 5, 6, 7]
772,10,[]
788,13,[]
807,17,[]
830,14,[]
850,16,[]
872,13,[]
891,13,[]
910,12,[]
928,15,[]
949,12,[]
967,13,[]
986,12,[]
1004,14,[]
1024,16,[]
1046,15,[]
1067,12,[]
1085,16,[]
1107,13,[]
1126,15,[]
1147,14,[]
1167,14,[]
1187,12,[]
1205,13,[]
1224,16,[]
1246,14,[]
1266,13,[]
1285,72,[]
1376,7,[]
1389,11,[]
1406,13,[]
1425,13,[]
1444,12,[]
1462,15,[]
1483,13,[]
1502,14,[]
1522,13,[]
1541,12,[]
1559,13,[]
1578,15,[]
1599,13,[]
1618,13,[]
1637,14,[]
1657,16,[]
1679,14,[]
1699,14,[]
1719,14,[]
1739,17,[]
1762,13,[]
1781,16,[]
1803,14,[]
1823,16,[]
1845,14,[]
1865,15,[]
1886,13,[]
1905,15,[]
1926,11,[]
1943,72,[]
2034,7,[]
2047,11,[]
2064,10,[]
2080,15,[]
2101,13,[]
2120,15,[]
2141,15,[]
2162,19,[]
2187,17,[]
2210,19,[]
2235,18,[]
2259,20,[]
2285,18,[]
2309,20,[]
2335,17,[]
2358,21,[]
2385,18,[]
2409,24,[1, 8, 9, 10, 11, 12, 13, 14, 15, 16, 17]
2439,14,[]
2459,18,[]
2483,19,[]
2508,17,[]
2531,19,[]
2556,18,[]
2580,16,[]
2602,18,[]
2626,17,[]
2649,18,[]
2673,17,[]
2696,60,[]
2775,13,[]
2794,16,[]
2816,15,[]
2837,18,[]
2861,18,[]
2885,19,[]
2910,18,[]
2934,20,[]
2960,15,[]
2981,19,[]
3006,16,[]
3028,18,[]
3052,15,[]
3073,16,[]
3095,16,[]
3117,19,[]
3142,16,[]
3164,18,[]
3188,17,[]
3211,20,[]
3237,18,[]
3261,16,[]
3283,15,[]
3304,18,[]
3328,16,[]
3350,17,[]
3373,17,[]
3396,19,[]
3421,18,[10, 11, 12, 13, 14, 15, 16, 17]
3445,53,[]
3517,15,[]
3538,20,[]
3564,20,[]
3590,22,[]
3618,19,[]
3643,21,[]
3670,22,[]
3698,20,[]
3724,19,[]
3749,24,[]
3779,21,[]
3806,20,[]
3832,22,[]
3860,19,[]
3885,21,[]
3912,22,[]
3940,19,[]
3965,20,[]
3991,18,[]
4015,21,[]
4042,17,[]
4065,20,[]
4091,19,[]
4116,20,[]
4142,20,[]
4168,20,[]
4194,17,[]
4217,19,[]
4242,18,[]
4266,60,[]
4345,10,[]
4361,15,[]
4382,14,[]
4402,17,[]
4425,15,[]
4446,16,[]
4468,16,[]
4490,17,[]
4513,15,[]
4534,16,[]
4556,15,[]
4577,13,[]
4596,14,[]
4616,16,[]
4638,15,[]
4659,15,[]
4680,16,[]
4702,16,[]
4724,15,[]
4745,17,[]
4768,16,[]
4790,15,[]
4811,14,[]
4831,16,[]
4853,14,[]
4873,14,[]
4893,15,[]
4914,18,[]
4938,15,[]
4959,38,[]
5016,9,[]
5031,12,[]
5049,12,[]
5067,13,[]
5086,14,[]
5106,14,[]
5126,14,[]
5146,15,[]
5167,13,[]
5186,14,[]
5206,13,[]
5225,14,[]
5245,13,[]
5264,13,[5, 6, 7, 8, 9, 10, 11, 12]
5283,13,[]
5302,14,[]
5322,13,[]
5341,13,[]
5360,13,[]
5379,14,[]
5399,14,[]
5419,14,[]
5439,13,[]
5458,16,[]
5480,14,[]
5500,15,[]
5521,13,[]
5540,15,[]
5561,13,[]
5580,39,[]
5638,10,[]
5654,11,[]
5671,12,[]
5689,13,[]
5708,13,[]
5727,13,[]
5746,15,[]
5767,14,[]
5787,14,[]
5807,16,[]
5829,13,[]
5848,16,[]
5870,15,[]
5891,15,[]
5912,13,[]
5931,15,[]
5952,14,[]
5972,15,[]
5993,14,[]
6013,16,[]
6035,13,[]
6054,15,[]
6075,16,[]
6097,17,[]
6120,15,[]
6141,17,[]
6164,15,[]
6185,16,[]
6207,14,[]
6227,49,[]
6295,9,[]
6310,12,[]
6328,12,[]
6346,15,[]
6367,14,[]
6387,14,[]
6407,12,[]
6425,16,[]
6447,12,[]
6465,15,[]
6486,14,[]
6506,14,[1, 2, 3, 4, 5, 6, 7, 8, 9, 10]
6526,16,[]
6548,16,[]
6570,14,[]
6590,17,[]
6613,16,[]
6635,16,[]
6657,14,[]
6677,16,[]
6699,15,[]
6720,15,[]
6741,14,[]
6761,17,[]
6784,15,[]
6805,16,[]
6827,14,[]
6847,18,[]
6871,16,[]
0,21,[]
27,3,[]
36,8,[]
50,12,[]
68,12,[]
86,11,[]
103,10,[]
119,8,[]
133,10,[]
149,8,[]
163,9,[]
178,9,[]
193,10,[]
209,8,[]
223,10,[]
239,9,[]
254,9,[]
269,12,[]
287,17,[]
310,16,[]
332,18,[]
356,15,[]
377,15,[]
398,13,[]
417,12,[]
435,22,[]
463,13,[]
482,14,[]
502,15,[]
523,12,[]
541,83,[]
643,10,[]
659,6,[]
671,7,[]
684,7,[]
697,9,[]
712,11,[]
729,12,[]
747,14,[]
767,14,[]
787,14,[]
807,15,[]
828,13,[]
847,10,[]
863,12,[]
881,13,[]
900,13,[]
919,17,[]
942,17,[]
965,19,[]
990,21,[]
1017,19,[]
1042,19,[]
1067,18,[]
1091,21,[]
1118,23,[]
1147,22,[]
1175,21,[]
1202,24,[]
1232,26,[]
1264,79,[]
1362,23,[]
1391,25,[]
1422,25,[]
1453,24,[]
1483,21,[]
1510,19,[]
1535,18,[]
1559,20,[]
1585,18,[]
1609,21,[]
1636,26,[]
1668,24,[]
1698,21,[]
1725,23,[]
1754,25,[15, 16, 17, 18, 19, 20, 21, 22, 23]
1785,23,[]
1814,21,[]
1841,18,[]
1865,21,[]
1892,20,[]
1918,23,[]
1947,19,[]
1972,20,[]
1998,23,[]
2027,22,[]
2055,23,[]
2084,21,[]
2111,22,[]
2139,19,[]
2164,58,[]
2241,16,[]
2263,17,[]
2286,18,[]
2310,21,[]
2337,19,[]
2362,19,[]
2387,19,[]
2412,19,[]
2437,22,[]
2465,18,[]
2489,21,[]
2516,19,[]
2541,19,[]
2566,18,[]
2590,16,[]
2612,17,[]
2635,15,[]
2656,15,[]
2677,16,[]
2699,17,[]
2722,13,[]
2741,13,[]
2760,13,[]
2779,14,[]
2799,15,[]
2820,15,[]
2841,14,[]
2861,16,[]
2883,14,[]
2903,60,[]
2982,9,[]
2997,10,[]
3013,9,[]
3028,10,[]
3044,10,[]
3060,10,[]
3076,18,[]
3100,10,[]
3116,7,[]
3129,8,[]
3143,9,[]
3158,11,[]
3175,11,[]
3192,10,[]
3208,11,[]
3225,13,[]
3244,12,[]
3262,12,[]
3280,11,[]
3297,12,[]
3315,11,[]
3332,13,[]
3351,13,[]
3370,14,[]
3390,14,[]
3410,15,[]
3431,14,[]
3451,13,[]
3470,15,[]
3491,56,[]
3566,9,[]
3581,11,[]
3598,12,[]
3616,13,[]
3635,14,[]
3655,14,[]
3675,11,[]
3692,13,[]
3711,14,[]
3731,15,[]
3752,14,[]
3772,13,[]
3791,15,[]
3812,15,[]
3833,14,[]
3853,14,[]
3873,15,[]
3894,14,[]
3914,16,[]
3936,15,[]
3957,14,[]
3977,14,[]
3997,14,[]
4017,13,[]
4036,13,[]
4055,14,[]
4075,13,[]
4094,12,[]
4112,15,[]
4133,48,[]
4200,10,[]
4216,12,[]
4234,11,[]
4251,12,[]
4269,12,[]
4287,12,[]
4305,13,[]
4324,12,[]
4342,12,[]
4360,13,[]
4379,12,[]
4397,14,[]
4417,13,[]
4436,13,[]
4455,13,[]
4474,15,[]
4495,13,[]
4514,12,[]
4532,10,[]
4548,13,[]
4567,12,[]
4585,12,[]
4603,14,[]
4623,12,[]
4641,13,[]
4660,14,[]
4680,14,[]
4700,14,[]
4720,12,[]
4738,47,[]
4804,7,[]
4817,9,[]
4832,11,[]
4849,12,[]
4867,11,[]
4884,12,[]
4902,13,[]
4921,12,[]
4939,12,[]
4957,12,[]
4975,11,[]
4992,12,[]
5010,11,[]
5027,13,[]
5046,13,[]
5065,14,[]
5085,12,[]
5103,12,[]
5121,18,[]
5145,10,[]
5161,11,[]
5178,10,[]
5194,10,[]
5210,11,[]
5227,12,[]
5245,13,[]
5264,14,[]
5284,12,[]
5302,14,[]
5322,43,[]
5384,11,[0, 1, 2, 3, 4, 5, 6]
5401,12,[]
5419,13,[]
5438,14,[]
5458,15,[]
5479,14,[]
5499,14,[]
5519,15,[]
5540,16,[]
5562,18,[]
5586,18,[]
5610,16,[]
5632,16,[]
5654,16,[]
5676,17,[]
5699,18,[]
5723,21,[]
5750,19,[]
5775,19,[]
5800,19,[]
5825,20,[]
5851,19,[]
5876,16,[]
5898,17,[]
5921,16,[]
5943,15,[]
5964,15,[]
5985,17,[]
6008,15,[]
6029,55,[]
6103,9,[]
6118,9,[]
6133,10,[]
6149,13,[]
6168,12,[]
6186,13,[]
6205,13,[]
6224,15,[]
6245,17,[]
6268,17,[]
6291,17,[]
6314,15,[]
6335,17,[]
6358,20,[]
6384,19,[]
6409,19,[]
6434,17,[]
6457,18,[]
6481,19,[]
6506,17,[]
6529,18,[]
6553,17,[]
6576,18,[]
6600,18,[]
6624,17,[]
6647,17,[]
6670,17,[]
6693,16,[]
6715,7,[]
0,27,[11, 12, 13, 14, 15, 16, 17, 18, 19, 20]
33,7,[]
46,8,[]
60,8,[]
74,8,[]
88,8,[]
102,13,[]
121,9,[]
136,10,[]
152,11,[]
169,9,[]
184,8,[]
198,8,[]
212,8,[]
226,7,[]
239,9,[]
254,17,[]
277,14,[]
297,15,[]
318,13,[]
337,9,[]
352,14,[]
372,16,[]
394,20,[]
420,16,[]
442,12,[]
460,15,[]
481,17,[]
504,20,[]
530,17,[]
553,84,[]
656,14,[]
676,11,[]
693,10,[]
709,8,[]
723,11,[]
740,11,[]
757,12,[]
775,16,[]
797,14,[]
817,14,[]
837,13,[]
856,15,[0, 1, 2, 3, 4, 5, 6, 7]
877,14,[]
897,15,[]
918,14,[]
938,16,[]
960,15,[]
981,14,[]
1001,14,[]
1021,16,[]
1043,14,[]
1063,15,[]
1084,14,[]
1104,15,[]
1125,13,[]
1144,14,[]
1164,12,[]
1182,15,[]
1203,12,[]
1221,58,[]
1298,9,[]
1313,11,[]
1330,12,[]
1348,15,[]
1369,13,[]
1388,15,[]
1409,13,[]
1428,16,[]
1450,14,[]
1470,15,[]
1491,15,[]
1512,17,[]
1535,16,[]
1557,16,[]
1579,14,[]
1599,19,[]
1624,13,[]
1643,18,[]
1667,12,[]
1685,16,[]
1707,15,[]
1728,17,[]
1751,19,[]
1776,21,[]
1803,22,[5, 9, 10, 11, 12, 13, 14, 15, 16]
1831,23,[]
1860,23,[]
1889,20,[]
1915,20,[]
1941,68,[]
2028,18,[]
2052,19,[]
2077,18,[]
2101,19,[]
2126,19,[]
2151,17,[]
2174,20,[]
2200,23,[]
2229,20,[]
2255,21,[]
2282,20,[]
2308,20,[]
2334,21,[]
2361,19,[]
2386,22,[]
2414,20,[]
2440,19,[]
2465,26,[]
2497,18,[]
2521,22,[]
2549,21,[]
2576,24,[]
2606,22,[]
2634,25,[]
2665,26,[]
2697,25,[]
2728,24,[]
2758,24,[]
2788,21,[]
2815,69,[]
2903,13,[]
2922,13,[]
2941,13,[]
2960,16,[]
2982,14,[]
3002,16,[]
3024,15,[]
3045,15,[]
3066,18,[]
3090,18,[]
3114,19,[]
3139,17,[]
3162,18,[]
3186,18,[]
3210,17,[]
3233,14,[]
3253,13,[]
3272,13,[]
3291,13,[]
3310,14,[]
3330,13,[]
3349,13,[]
3368,15,[]
3389,14,[]
3409,14,[]
3429,12,[]
3447,12,[]
3465,12,[]
3483,11,[]
3500,66,[]
3585,10,[]
3601,13,[]
3620,11,[]
3637,14,[]
3657,14,[]
3677,16,[]
3699,15,[]
3720,18,[]
3744,18,[]
3768,19,[]
3793,18,[]
3817,16,[]
3839,15,[]
3860,16,[]
3882,15,[]
3903,15,[]
3924,13,[]
3943,14,[]
3963,12,[]
3981,14,[]
4001,15,[]
4022,17,[]
4045,20,[]
4071,18,[]
4095,18,[]
4119,17,[]
4142,18,[]
4166,17,[]
4189,17,[]
4212,40,[]
4271,14,[]
4291,14,[]
4311,14,[]
4331,14,[]
4351,12,[]
4369,13,[]
4388,12,[]
4406,12,[]
4424,11,[]
4441,11,[]
4458,9,[]
4473,10,[]
4489,21,[]
4516,27,[]
4549,25,[]
4580,10,[]
4596,14,[]
4616,17,[]
4639,18,[]
4663,22,[]
4691,17,[]
4714,17,[]
4737,19,[]
4762,17,[5, 6, 7, 8, 9, 10, 11]
4785,18,[]
4809,17,[]
4832,17,[]
4855,16,[]
4877,15,[]
4898,34,[]
4938,9,[]
4953,10,[]
4969,10,[]
4985,11,[]
5002,11,[]
5019,20,[]
5045,21,[]
5072,20,[]
5098,9,[]
5113,12,[]
5131,25,[]
5162,9,[]
5177,8,[]
5191,23,[]
5220,9,[]
5235,13,[]
5254,26,[]
5286,8,[]
5300,10,[]
5316,11,[]
5333,9,[]
5348,14,[]
5368,11,[]
5385,12,[]
5403,11,[]
5420,12,[]
5438,11,[]
5455,11,[]
5472,10,[]
5488,42,[]
5549,7,[]
5562,9,[]
5577,11,[]
5594,10,[]
5610,12,[]
5628,10,[]
5644,14,[]
5664,11,[]
5681,13,[]
5700,13,[]
5719,14,[]
5739,15,[]
5760,14,[]
5780,13,[]
5799,15,[]
5820,12,[]
5838,14,[]
5858,11,[]
5875,14,[]
5895,13,[]
5914,16,[]
5936,5,[]
5947,17,[]
5970,17,[]
5993,20,[]
6019,17,[]
6042,21,[]
6069,21,[]
6096,18,[]
6120,57,[]
6196,13,[]
6215,14,[]
6235,14,[]
6255,15,[]
6276,12,[]
6294,16,[]
6316,13,[]
6335,14,[]
6355,16,[]
6377,16,[]
6399,21,[]
6426,16,[]
6448,17,[]
6471,15,[]
6492,16,[]
6514,16,[]
6536,15,[]
6557,14,[]
6577,15,[]
6598,14,[]
6618,15,[]
6639,15,[]
6660,14,[]
6680,14,[]
6700,14,[]
6720,15,[]
6741,14,[]
6761,15,[]
6782,15,[]
0,29,[]
35,8,[]
49,14,[]
69,16,[]
91,16,[]
113,16,[]
135,17,[]
158,16,[]
180,17,[]
203,16,[]
225,17,[]
248,16,[]
270,19,[]
295,15,[]
316,17,[]
339,15,[]
360,18,[]
384,16,[]
406,18,[]
430,16,[]
452,18,[]
476,17,[]
499,18,[]
523,16,[]
545,17,[]
568,22,[]
596,17,[]
619,18,[]
643,17,[]
666,16,[]
688,54,[]
759,14,[]
779,16,[]
801,15,[]
822,11,[]
839,14,[]
859,15,[]
880,17,[]
903,15,[]
924,16,[]
946,16,[]
968,16,[]
990,17,[]
1013,15,[]
1034,14,[]
1054,17,[]
1077,14,[]
1097,16,[]
1119,16,[]
1141,14,[]
1161,16,[]
1183,14,[]
1203,16,[]
1225,15,[]
1246,15,[]
1267,16,[]
1289,14,[]
1309,16,[]
1331,16,[]
1353,14,[]
1373,59,[]
1449,9,[]
1464,13,[]
1483,14,[]
1503,16,[]
1525,15,[]
1546,16,[]
1568,15,[]
1589,17,[]
1612,15,[]
1633,16,[]
1655,15,[]
1676,17,[]
1699,15,[]
1720,16,[]
1742,15,[]
1763,16,[]
1785,14,[]
1805,16,[]
1827,14,[]
1847,15,[]
1868,16,[]
1890,13,[]
1909,14,[]
1929,14,[]
1949,15,[]
1970,15,[]
1991,14,[]
2011,16,[]
2033,14,[]
2053,49,[]
2119,10,[]
2135,12,[]
2153,12,[]
2171,15,[]
2192,12,[]
2210,13,[]
2229,13,[]
2248,13,[]
2267,12,[]
2285,15,[]
2306,12,[]
2324,12,[]
2342,10,[]
2358,11,[]
2375,10,[]
2391,12,[]
2409,11,[]
2426,14,[]
2446,14,[]
2466,13,[]
2485,14,[]
2505,15,[]
2526,14,[]
2546,15,[]
2567,14,[]
2587,15,[]
2608,15,[]
2629,17,[]
2652,14,[]
2672,56,[]
2745,10,[]
2761,14,[]
2781,14,[]
2801,15,[]
2822,13,[]
2841,14,[]
2861,21,[]
2888,13,[]
2907,15,[]
2928,14,[]
2948,13,[]
2967,15,[]
2988,13,[]
3007,14,[]
3027,13,[]
3046,15,[]
3067,14,[]
3087,16,[]
3109,13,[]
3128,13,[]
3147,11,[]
3164,17,[]
3187,15,[]
3208,18,[]
3232,18,[]
3256,17,[]
3279,18,[]
3303,14,[0, 1, 2, 3, 4, 5, 6]
3323,17,[]
3346,58,[]
3421,11,[]
3438,14,[]
3458,12,[]
3476,16,[]
3498,14,[]
3518,15,[]
3539,15,[]
3560,17,[]
3583,17,[]
3606,18,[]
3630,16,[]
3652,17,[]
3675,15,[]
3696,16,[]
3718,15,[]
3739,16,[]
3761,16,[]
3783,16,[]
3805,15,[]
3826,15,[]
3847,13,[]
3866,14,[]
3886,14,[]
3906,16,[]
3928,14,[]
3948,14,[]
3968,12,[]
3986,14,[]
4006,15,[]
4027,51,[]
4095,10,[]
4111,13,[]
4130,12,[]
4148,14,[]
4168,15,[]
4189,14,[]
4209,13,[]
4228,14,[]
4248,12,[]
4266,13,[]
4285,14,[]
4305,15,[]
4326,14,[]
4346,12,[]
4364,12,[]
4382,14,[]
4402,13,[]
4421,15,[]
4442,16,[]
4464,16,[]
4486,15,[]
4507,16,[]
4529,14,[]
4549,15,[]
4570,14,[]
4590,15,[]
4611,13,[]
4630,14,[]
4650,13,[]
4669,46,[]
4732,10,[]
4748,13,[]
4767,12,[]
4785,14,[]
4805,13,[]
4824,14,[]
4844,15,[]
4865,15,[]
4886,14,[]
4906,13,[]
4925,13,[]
4944,12,[]
4962,14,[]
4982,12,[]
5000,13,[]
5019,12,[]
5037,14,[]
5057,12,[]
5075,17,[]
5098,15,[]
5119,15,[]
5140,15,[]
5161,16,[]
5183,15,[]
5204,16,[]
5226,15,[]
5247,16,[]
5269,15,[]
5290,14,[]
5310,39,[]
5366,9,[]
5381,10,[]
5397,12,[]
5415,12,[]
5433,12,[]
5451,12,[]
5469,14,[]
5489,12,[]
5507,13,[]
5526,12,[]
5544,13,[]
5563,15,[]
5584,14,[]
5604,14,[]
5624,15,[]
5645,15,[]
5666,16,[]
5688,16,[]
5710,16,[]
5732,14,[]
5752,15,[]
5773,13,[]
5792,15,[]
5813,13,[]
5832,14,[]
5852,13,[]
5871,15,[]
5892,15,[]
5913,14,[]
5933,42,[]
5992,12,[]
6010,14,[]
6030,13,[]
6049,16,[]
6071,15,[]
6092,16,[]
6114,15,[]
6135,16,[]
6157,16,[]
6179,17,[]
6202,16,[]
6224,17,[]
6247,16,[]
6269,16,[]
6291,15,[]
6312,17,[]
6335,16,[]
6357,17,[]
6380,16,[]
6402,17,[]
6425,16,[]
6447,16,[]
6469,16,[]
6491,15,[]
6512,13,[]
6531,14,[]
6551,14,[]
6571,16,[]
6593,7,[]
0,45,[]
64,28,[]
97,23,[]
125,20,[]
150,21,[]
176,24,[]
205,21,[]
231,19,[]
255,23,[]
283,22,[]
310,23,[]
338,20,[]
363,22,[]
390,20,[]
415,21,[]
441,21,[]
467,21,[4, 5, 6, 7, 8, 9, 10, 11]
493,18,[]
516,19,[]
540,19,[]
564,21,[]
590,5,[]
600,22,[]
627,22,[]
654,23,[]
682,27,[]
714,27,[]
746,29,[]
780,31,[]
816,28,[]
849,75,[]
943,26,[]
974,26,[]
1005,22,[]
1032,13,[]
1050,12,[]
1067,14,[]
1086,14,[]
1105,13,[]
1123,10,[]
1138,11,[]
1154,11,[]
1170,12,[]
1187,13,[]
1205,11,[]
1221,11,[]
1237,12,[]
1254,10,[]
1269,11,[]
1285,12,[]
1302,11,[]
1318,12,[]
1335,12,[]
1352,10,[]
1367,12,[]
1384,12,[]
1401,12,[]
1418,11,[]
1434,10,[]
1449,10,[]
1464,41,[]
1524,8,[]
1537,8,[]
1550,8,[]
1563,11,[]
1579,9,[]
1593,9,[]
1607,8,[]
1620,9,[]
1634,9,[]
1648,10,[]
1663,12,[]
1680,11,[]
1696,10,[]
1711,10,[]
1726,11,[]
1742,11,[]
1758,13,[]
1776,11,[]
1792,10,[]
1807,12,[]
1824,12,[]
1841,14,[]
1860,13,[]
1878,11,[]
1894,14,[]
1913,13,[]
1931,14,[]
1950,15,[]
1970,14,[]
1989,36,[]
2044,12,[]
2061,13,[]
2079,13,[]
2097,15,[]
2117,15,[]
2137,12,[]
2154,13,[]
2172,14,[]
2191,14,[]
2210,14,[]
2229,11,[]
2245,15,[]
2265,12,[]
2282,12,[]
2299,15,[]
2319,11,[]
2335,14,[]
2354,13,[]
2372,13,[]
2390,13,[]
2408,12,[]
2425,12,[]
2442,12,[]
2459,14,[]
2478,13,[]
2496,14,[]
2515,13,[]
2533,16,[]
2554,15,[]
2574,40,[]
2633,8,[]
2646,14,[]
2665,11,[]
2681,12,[]
2698,14,[]
2717,14,[]
2736,16,[]
2757,15,[]
2777,12,[]
2794,14,[]
2813,13,[]
2831,14,[]
2850,13,[]
2868,13,[]
2886,14,[]
2905,14,[]
2924,15,[]
2944,13,[]
2962,14,[]
2981,14,[]
3000,15,[]
3020,15,[]
3040,12,[]
3057,11,[]
3073,13,[]
3091,11,[]
3107,12,[]
3124,12,[]
3141,13,[]
3159,51,[]
3229,6,[]
3240,10,[]
3255,11,[]
3271,13,[]
3289,10,[]
3304,11,[]
3320,12,[]
3337,13,[]
3355,16,[]
3376,16,[]
3397,16,[]
3418,15,[]
3438,16,[]
3459,14,[]
3478,15,[]
3498,17,[]
3520,14,[]
3539,15,[]
3559,14,[]
3578,14,[]
3597,13,[]
3615,15,[]
3635,14,[]
3654,13,[]
3672,17,[]
3694,15,[]
3714,11,[]
3730,13,[]
3748,11,[]
3764,57,[]
3840,8,[]
3853,9,[]
3867,12,[0, 1, 2, 3, 4, 5, 6]
3884,13,[]
3902,9,[]
3916,11,[]
3932,11,[]
3948,14,[]
3967,11,[]
3983,12,[]
4000,12,[]
4017,13,[]
4035,11,[]
4051,10,[]
4066,15,[]
4086,14,[]
4105,12,[]
4122,12,[]
4139,12,[]
4156,11,[]
4172,12,[]
4189,14,[]
4208,14,[]
4227,12,[]
4244,14,[]
4263,13,[]
4281,9,[]
4295,12,[]
4312,16,[]
4333,63,[]
4415,5,[]
4425,8,[]
4438,10,[]
4453,9,[]
4467,12,[]
4484,8,[]
4497,13,[]
4515,11,[]
4531,9,[]
4545,14,[]
4564,12,[]
4581,12,[]
4598,9,[]
4612,11,[]
4628,11,[]
4644,14,[]
4663,12,[]
4680,13,[]
4698,10,[]
4713,14,[]
4732,12,[]
4749,13,[]
4767,10,[]
4782,12,[]
4799,12,[]
4816,14,[]
4835,17,[]
4857,15,[]
4877,14,[]
4896,75,[]
4990,5,[]
5000,12,[]
5017,11,[]
5033,12,[]
5050,14,[]
5069,11,[]
5085,11,[]
5101,15,[]
5121,13,[]
5139,12,[]
5156,14,[]
5175,12,[]
5192,13,[]
5210,16,[]
5231,13,[]
5249,17,[]
5271,15,[]
5291,17,[]
5313,14,[]
5332,17,[]
5354,13,[]
5372,14,[]
5391,14,[]
5410,15,[]
5430,13,[]
5448,14,[]
5467,12,[]
5484,13,[]
5502,12,[]
5519,57,[]
5595,7,[]
5607,11,[]
5623,12,[]
5640,15,[]
5660,14,[]
5679,14,[]
5698,15,[]
5718,15,[]
5738,17,[]
5760,20,[]
5785,19,[]
5809,19,[]
5833,18,[]
5856,14,[]
5875,15,[]
5895,18,[]
5918,15,[]
5938,17,[]
5960,17,[]
5982,21,[]
6008,19,[]
6032,21,[]
6058,19,[5, 6, 7, 8, 9, 10, 11, 12]
6082,21,[]
6108,15,[]
6128,17,[]
6150,15,[]
6170,17,[]
6192,16,[]
0,31,[]
37,4,[]
47,6,[]
59,12,[]
77,13,[]
96,12,[]
114,12,[]
132,11,[]
149,12,[]
167,14,[]
187,15,[]
208,13,[]
227,14,[]
247,11,[]
264,12,[]
282,12,[]
300,14,[]
320,16,[]
342,15,[]
363,14,[]
383,17,[]
406,14,[]
426,15,[]
447,18,[]
471,7,[]
484,19,[]
509,20,[]
535,17,[]
558,15,[]
579,14,[]
599,43,[]
662,13,[]
681,18,[]
705,19,[]
730,13,[]
749,18,[]
773,21,[]
800,21,[]
827,21,[]
854,20,[]
880,23,[]
909,22,[]
937,21,[]
964,22,[]
992,23,[]
1021,21,[]
1048,21,[]
1075,18,[]
1099,21,[]
1126,18,[]
1150,17,[]
1173,17,[]
1196,19,[]
1221,17,[3, 4, 5, 6, 7, 8, 9, 10, 11]
1244,17,[]
1267,22,[]
1295,16,[]
1317,15,[]
1338,17,[]
1361,19,[]
1386,73,[]
1479,7,[]
1492,15,[]
1513,13,[]
1532,15,[]
1553,15,[]
1574,14,[]
1594,14,[]
1614,17,[]
1637,16,[]
1659,17,[]
1682,16,[]
1704,14,[]
1724,14,[]
1744,16,[]
1766,14,[]
1786,15,[]
1807,13,[]
1826,14,[]
1846,13,[]
1865,16,[]
1887,13,[]
1906,13,[]
1925,13,[]
1944,17,[]
1967,14,[]
1987,14,[]
2007,12,[]
2025,16,[]
2047,11,[]
2064,75,[]
2159,6,[]
2171,10,[]
2187,10,[]
2203,13,[]
2222,11,[]
2239,15,[]
2260,10,[]
2276,12,[]
2294,15,[]
2315,16,[]
2337,12,[]
2355,14,[]
2375,12,[]
2393,15,[]
2414,11,[]
2431,13,[]
2450,10,[]
2466,15,[]
2487,14,[]
2507,16,[]
2529,12,[]
2547,11,[]
2564,14,[]
2584,12,[]
2602,12,[]
2620,16,[]
2642,12,[]
2660,10,[]
2676,12,[]
2694,87,[]
2801,9,[]
2816,11,[]
2833,9,[]
2848,13,[]
2867,10,[]
2883,12,[]
2901,13,[]
2920,14,[]
2940,13,[]
2959,14,[]
2979,15,[]
3000,14,[]
3020,11,[]
3037,15,[]
3058,17,[]
3081,14,[]
3101,14,[]
3121,13,[]
3140,13,[]
3159,15,[]
3180,13,[]
3199,15,[]
3220,16,[]
3242,18,[9, 10, 11, 12, 13, 14, 15, 16, 17]
3266,15,[]
3287,17,[]
3310,18,[]
3334,19,[]
3359,19,[]
3384,56,[]
3460,16,[]
3482,15,[]
3503,18,[]
3527,14,[]
3547,17,[]
3570,17,[]
3593,19,[]
3618,20,[]
3644,19,[]
3669,17,[]
3692,14,[]
3712,15,[]
3733,15,[]
3754,16,[]
3776,17,[]
3799,18,[]
3823,19,[]
3848,18,[]
3872,17,[]
3895,13,[]
3914,13,[]
3933,14,[]
3953,15,[]
3974,16,[]
3996,16,[]
4018,16,[]
4040,17,[]
4063,12,[]
4081,16,[]
4103,44,[]
4167,7,[]
4180,16,[]
4202,9,[]
4217,15,[]
4238,11,[]
4255,11,[]
4272,10,[]
4288,11,[]
4305,10,[]
4321,11,[]
4338,14,[]
4358,11,[]
4375,10,[]
4391,11,[]
4408,13,[]
4427,14,[]
4447,10,[]
4463,14,[]
4483,10,[]
4499,12,[]
4517,10,[]
4533,11,[]
4550,12,[]
4568,14,[]
4588,15,[]
4609,13,[]
4628,13,[]
4647,13,[]
4666,11,[]
4683,49,[]
4752,7,[]
4765,11,[]
4782,10,[]
4798,11,[]
4815,12,[]
4833,10,[]
4849,10,[]
4865,12,[]
4883,10,[]
4899,11,[]
4916,13,[]
4935,13,[]
4954,13,[]
4973,13,[]
4992,10,[]
5008,13,[]
5027,11,[]
5044,12,[]
5062,10,[]
5078,14,[]
5098,11,[]
5115,13,[]
5134,11,[]
5151,14,[]
5171,10,[]
5187,12,[]
5205,10,[]
5221,14,[]
5241,12,[]
5259,63,[]
5342,8,[]
5356,10,[]
5372,12,[]
5390,13,[]
5409,12,[]
5427,12,[]
5445,6,[]
5457,11,[]
5474,13,[]
5493,14,[]
5513,12,[]
5531,12,[]
5549,11,[]
5566,13,[]
5585,11,[]
5602,14,[]
5622,12,[]
5640,14,[]
5660,13,[]
5679,14,[]
5699,11,[]
5716,12,[]
5734,12,[]
5752,15,[]
5773,14,[]
5793,15,[]
5814,13,[]
5833,17,[]
5856,15,[]
5877,57,[]
5954,11,[]
5971,14,[]
5991,14,[]
6011,15,[]
6032,13,[]
6051,17,[]
6074,16,[]
6096,15,[]
6117,17,[]
6140,19,[]
6165,19,[]
6190,16,[]
6212,18,[]
6236,17,[]
6259,18,[]
6283,17,[]
6306,16,[]
6328,17,[]
6351,18,[4, 5, 6, 7, 8, 9, 10, 11]
6375,15,[]
6396,14,[]
6416,14,[]
6436,15,[]
6457,16,[]
6479,17,[]
6502,20,[]
6528,20,[]
6554,19,[]
6579,13,[]
0,50,[]
75,6,[]
87,12,[]
105,13,[]
124,16,[]
146,11,[]
163,15,[]
184,14,[]
204,14,[]
224,25,[]
255,14,[]
275,13,[]
294,14,[]
314,14,[]
334,14,[]
354,11,[]
371,16,[]
393,16,[]
415,15,[]
436,16,[]
458,17,[]
481,15,[]
502,15,[]
523,15,[]
544,14,[]
564,13,[]
583,14,[]
603,14,[]
623,17,[]
646,16,[]
668,127,[]
820,4,[]
830,9,[]
845,12,[]
863,4,[]
873,6,[]
885,10,[]
901,13,[]
920,13,[]
939,11,[]
956,12,[]
974,12,[]
992,14,[]
1012,12,[]
1030,12,[]
1048,16,[]
1070,13,[]
1089,15,[]
1110,19,[]
1135,19,[]
1160,16,[]
1182,16,[]
1204,13,[]
1223,16,[]
1245,13,[]
1264,15,[]
1285,12,[]
1303,17,[]
1326,15,[]
1347,18,[]
1371,96,[]
1492,5,[]
1503,9,[]
1518,15,[]
1539,11,[]
1556,15,[]
1577,12,[]
1595,16,[]
1617,14,[]
1637,15,[]
1658,11,[]
1675,17,[]
1698,15,[]
1719,16,[]
1741,15,[]
1762,20,[]
1788,13,[]
1807,17,[]
1830,16,[]
1852,20,[]
1878,19,[]
1903,18,[]
1927,15,[]
1948,21,[]
1975,14,[]
1995,17,[]
2018,14,[]
2038,20,[]
2064,17,[]
2087,19,[]
2112,95,[]
2232,7,[]
2245,10,[]
2261,15,[]
2282,12,[]
2300,16,[]
2322,16,[]
2344,14,[]
2364,13,[]
2383,15,[]
2404,13,[]
2423,14,[]
2443,13,[]
2462,13,[]
2481,8,[]
2495,16,[]
2517,16,[]
2539,14,[]
2559,15,[]
2580,20,[]
2606,17,[]
2629,13,[]
2648,12,[]
2666,25,[]
2697,13,[]
2716,14,[]
2736,14,[]
2756,14,[]
2776,10,[]
2792,16,[]
2814,66,[]
2905,6,[]
2917,9,[]
2932,13,[]
2951,9,[]
2966,11,[]
2983,12,[]
3001,12,[]
3019,12,[]
3037,13,[]
3056,12,[]
3074,13,[]
3093,18,[]
3117,15,[]
3138,15,[]
3159,16,[]
3181,13,[]
3200,18,[]
3224,18,[]
3248,18,[]
3272,16,[]
3294,15,[]
3315,15,[]
3336,13,[]
3355,12,[]
3373,12,[]
3391,12,[]
3409,14,[]
3429,11,[]
3446,15,[]
3467,59,[]
3551,10,[]
3567,11,[]
3584,11,[]
3601,10,[]
3617,13,[]
3636,11,[]
3653,13,[]
3672,15,[]
3693,16,[]
3715,15,[]
3736,12,[]
3754,17,[]
3777,15,[]
3798,16,[]
3820,15,[]
3841,16,[]
3863,15,[]
3884,20,[]
3910,12,[]
3928,12,[]
3946,10,[]
3962,12,[]
3980,18,[]
4004,11,[]
4021,15,[]
4042,18,[]
4066,14,[]
4086,16,[]
4108,14,[]
4128,69,[]
4222,9,[]
4237,11,[]
4254,14,[]
4274,17,[]
4297,21,[]
4324,23,[]
4353,19,[]
4378,21,[]
4405,18,[]
4429,17,[]
4452,15,[]
4473,18,[]
4497,15,[]
4518,19,[]
4543,18,[]
4567,18,[]
4591,19,[]
4616,21,[]
4643,21,[]
4670,22,[]
4698,25,[]
4729,22,[]
4757,20,[]
4783,22,[]
4811,22,[]
4839,22,[]
4867,21,[]
4894,20,[]
4920,19,[]
4945,68,[]
5038,13,[]
5057,16,[]
5079,19,[]
5104,18,[]
5128,24,[]
5158,20,[]
5184,14,[]
5204,13,[]
5223,12,[]
5241,11,[]
5258,14,[0, 1, 2, 3, 4, 5, 6, 7]
5278,12,[]
5296,12,[]
5314,15,[]
5335,15,[]
5356,14,[]
5376,15,[]
5397,15,[]
5418,22,[]
5446,16,[]
5468,18,[]
5492,16,[]
5514,16,[]
5536,17,[]
5559,17,[]
5582,16,[]
5604,13,[]
5623,14,[]
5643,14,[]
5663,47,[]
5735,11,[]
5752,16,[7, 8, 9, 10, 11, 12, 13, 14]
5774,15,[]
5795,14,[]
5815,15,[]
5836,15,[]
5857,15,[]
5878,14,[]
5898,11,[]
5915,11,[]
5932,15,[]
5953,11,[]
5970,10,[]
5986,13,[]
6005,11,[]
6022,15,[]
6043,12,[]
6061,10,[]
6077,16,[]
6099,15,[]
6120,11,[]
6137,12,[]
6155,16,[]
6177,13,[]
6196,15,[]
6217,12,[]
6235,13,[]
6254,12,[]
6272,12,[]
6290,53,[]
6368,9,[]
6383,11,[]
6400,13,[6, 7, 8, 9, 10, 11, 12]
6419,14,[]
6439,15,[]
6460,16,[]
6482,16,[]
6504,17,[]
6527,15,[]
6548,15,[]
6569,19,[]
6594,16,[]
6616,15,[]
6637,15,[]
6658,14,[]
6678,22,[]
6706,11,[]
6723,14,[]
6743,15,[]
6764,16,[]
6786,15,[]
6807,14,[]
6827,15,[]
6848,14,[]
6868,12,[]
6886,10,[]
6902,10,[]
6918,13,[]
6937,11,[]
0,47,[]
73,11,[]
90,13,[]
109,7,[]
122,15,[]
143,17,[]
166,14,[]
186,15,[]
207,6,[]
219,15,[]
240,12,[]
258,14,[]
278,26,[]
310,12,[]
328,13,[]
347,9,[]
362,12,[]
380,12,[]
398,16,[7, 8, 9, 10, 11, 12, 13, 14]
420,18,[]
444,10,[]
460,17,[]
483,17,[]
506,26,[]
538,14,[]
558,11,[]
575,11,[]
592,10,[]
608,14,[]
628,28,[]
662,103,[]
791,9,[]
806,5,[]
817,6,[]
829,4,[]
839,6,[]
851,7,[]
864,20,[]
890,23,[]
919,5,[]
930,14,[]
950,13,[]
969,15,[]
990,12,[]
1008,7,[]
1021,13,[]
1040,19,[]
1065,19,[]
1090,18,[]
1114,13,[]
1133,15,[]
1154,7,[]
1167,16,[]
1189,19,[]
1214,15,[]
1235,16,[]
1257,4,[]
1267,18,[]
1291,17,[]
1314,29,[]
1349,83,[]
1458,8,[]
1472,10,[]
1488,5,[]
1499,12,[]
1517,11,[]
1534,14,[]
1554,15,[]
1575,9,[]
1590,16,[3, 4, 5, 6, 7, 8, 9, 10]
1612,14,[]
1632,16,[]
1654,19,[]
1679,16,[]
1701,18,[]
1725,4,[]
1735,18,[]
1759,22,[]
1787,19,[]
1812,25,[]
1843,8,[]
1857,21,[]
1884,13,[]
1903,18,[]
1927,12,[]
1945,20,[]
1971,14,[]
1991,9,[]
2006,25,[]
2037,18,[]
2061,82,[]
2169,6,[]
2181,3,[]
2190,9,[]
2205,14,[]
2225,26,[]
2257,25,[]
2288,24,[]
2318,14,[]
2338,23,[]
2367,6,[]
2379,14,[]
2399,12,[]
2417,14,[]
2437,18,[]
2461,11,[]
2478,21,[]
2505,19,[]
2530,29,[]
2565,14,[]
2585,12,[]
2603,9,[]
2618,11,[]
2635,8,[]
2649,10,[]
2665,26,[]
2697,29,[]
2732,8,[]
2746,40,[]
2812,29,[]
2847,67,[]
2940,1,[]
2947,6,[]
2959,5,[]
2970,2,[]
2978,11,[]
2995,7,[]
3008,8,[]
3022,8,[]
3036,13,[]
3055,20,[]
3081,16,[]
3103,34,[]
3143,14,[]
3163,18,[]
3187,11,[]
3204,17,[]
3227,14,[]
3247,14,[]
3267,15,[]
3288,9,[]
3303,21,[]
3330,20,[]
3356,21,[]
3383,17,[]
3406,12,[]
3424,11,[]
3441,9,[]
3456,15,[]
3477,12,[]
3495,88,[]
3609,12,[]
3627,4,[]
3637,18,[]
3661,18,[]
3685,8,[]
3699,12,[]
3717,11,[]
3734,12,[]
3752,9,[]
3767,14,[]
3787,14,[]
3807,22,[]
3835,32,[]
3873,7,[]
3886,15,[]
3907,16,[]
3929,9,[]
3944,34,[]
3984,14,[]
4004,24,[]
4034,6,[]
4046,25,[]
4077,23,[]
4106,23,[]
4135,22,[]
4163,7,[]
4176,13,[]
4195,14,[]
4215,18,[]
4239,68,[]
4333,17,[]
4356,28,[]
4390,6,[]
4402,19,[]
4427,26,[]
4459,14,[]
4479,20,[]
4505,8,[]
4519,22,[]
4547,16,[]
4569,23,[]
4598,18,[]
4622,12,[]
4640,25,[]
4671,8,[]
4685,15,[]
4706,13,[]
4725,18,[]
4749,20,[]
4775,7,[]
4788,11,[]
4805,20,[]
4831,10,[]
4847,26,[]
4879,17,[]
4902,10,[]
4918,7,[]
4931,23,[]
4960,11,[]
4977,67,[]
5070,4,[]
5080,4,[]
5090,11,[]
5107,15,[]
5128,15,[]
5149,16,[]
5171,12,[]
5189,17,[]
5212,7,[]
5225,36,[]
5287,19,[]
5312,11,[]
5329,8,[]
5343,8,[]
5357,11,[]
5374,10,[]
5390,23,[]
5419,13,[]
5438,24,[]
5468,10,[]
5484,10,[]
5500,6,[]
5512,15,[]
5533,14,[]
5553,23,[]
5582,19,[]
5607,10,[]
5623,15,[]
5644,13,[]
5663,59,[]
5748,5,[]
5759,11,[]
5776,15,[]
5797,10,[]
5813,14,[]
5833,13,[]
5852,14,[]
5872,13,[]
5891,8,[]
5905,15,[]
5926,14,[]
5946,15,[]
5967,19,[]
5992,16,[]
6014,15,[]
6035,9,[]
6050,16,[]
6072,12,[]
6090,13,[]
6109,13,[]
6128,11,[]
6145,14,[]
6165,17,[]
6188,16,[]
6210,15,[]
6231,12,[]
6249,20,[]
6275,8,[]
6289,21,[]
6316,80,[]
6422,4,[]
6432,8,[]
6446,5,[]
6457,12,[]
6475,14,[]
6495,21,[]
6522,19,[]
6547,21,[]
6574,33,[14, 17, 18, 19, 20, 21, 22, 23, 24, 25]
6613,7,[]
6626,13,[]
6645,14,[]
6665,17,[]
6688,19,[]
6713,6,[]
6725,17,[]
6748,11,[]
6765,13,[]
6784,13,[]
6803,13,[]
6822,18,[]
6846,6,[]
6858,22,[]
6886,10,[]
6902,11,[]
6919,12,[]
6937,10,[]
6953,12,[]
6971,9,[]
0,15,[]
20,1,[]
26,7,[]
38,9,[0, 1, 2, 3, 4, 5]
52,8,[]
65,4,[]
74,7,[]
86,4,[]
95,9,[]
109,7,[]
121,5,[]
131,18,[]
154,14,[]
173,22,[]
200,13,[]
218,19,[]
242,14,[]
261,23,[]
289,15,[]
309,6,[]
320,13,[]
338,14,[]
357,18,[]
380,14,[]
399,31,[]
435,8,[]
448,20,[]
473,12,[]
490,21,[]
516,18,[]
539,124,[]
701,12,[]
718,1,[]
724,4,[]
733,2,[]
740,11,[]
756,6,[]
767,12,[]
784,9,[]
798,12,[]
815,14,[]
834,13,[]
852,18,[0, 1, 2, 3, 4, 5, 6, 7]
875,9,[]
889,20,[]
914,8,[]
927,17,[]
949,16,[]
970,9,[]
984,14,[]
1003,9,[]
1017,16,[]
1038,8,[]
1051,19,[]
1075,13,[]
1093,18,[]
1116,10,[]
1131,18,[]
1154,16,[]
1175,12,[]
1192,120,[]
1350,1,[]
1356,8,[]
1369,3,[]
1377,11,[]
1393,13,[]
1411,7,[]
1423,19,[]
1447,10,[]
1462,18,[]
1485,8,[]
1498,23,[]
1526,10,[]
1541,20,[]
1566,9,[]
1580,18,[]
1603,18,[]
1626,14,[]
1645,29,[]
1679,9,[]
1693,21,[]
1719,12,[]
1736,23,[]
1764,11,[]
1780,22,[15, 16, 17, 18, 19, 20, 21]
1807,11,[]
1823,19,[]
1847,22,[]
1874,12,[]
1891,20,[]
1916,122,[]
2076,12,[]
2093,3,[]
2101,18,[]
2124,17,[]
2146,12,[]
2163,19,[]
2187,13,[]
2205,23,[]
2233,11,[]
2249,17,[]
2271,9,[]
2285,19,[]
2309,19,[]
2333,9,[]
2347,19,[]
2371,9,[]
2385,21,[]
2411,9,[]
2425,22,[]
2452,11,[]
2468,25,[]
2498,21,[]
2524,9,[]
2538,24,[]
2567,13,[]
2585,22,[]
2612,15,[]
2632,21,[]
2658,9,[]
2672,126,[]
2836,1,[]
2842,12,[]
2859,7,[]
2871,15,[]
2891,17,[]
2913,7,[]
2925,19,[]
2949,12,[]
2966,20,[]
2991,7,[]
3003,21,[]
3029,12,[]
3046,29,[]
3080,18,[]
3103,14,[]
3122,19,[]
3146,9,[]
3160,23,[]
3188,14,[]
3207,24,[]
3236,12,[]
3253,20,[]
3278,19,[]
3302,10,[]
3317,21,[]
3343,13,[]
3361,23,[]
3389,7,[]
3401,18,[5, 8, 9, 10, 11, 12]
3424,121,[]
3583,1,[]
3589,12,[]
3606,8,[]
3619,15,[]
3639,10,[]
3654,19,[]
3678,8,[]
3691,19,[]
3715,9,[]
3729,16,[]
3750,20,[]
3775,12,[]
3792,18,[]
3815,9,[]
3829,17,[]
3851,10,[]
3866,21,[]
3892,9,[]
3906,17,[]
3928,11,[]
3944,18,[]
3967,17,[]
3989,13,[]
4007,21,[]
4033,11,[]
4049,17,[]
4071,9,[]
4085,21,[]
4111,16,[]
4132,123,[]
4293,6,[]
4304,4,[]
4313,11,[]
4329,5,[]
4339,14,[]
4358,8,[]
4371,23,[]
4399,10,[]
4414,17,[]
4436,15,[]
4456,11,[]
4472,19,[]
4496,10,[]
4511,14,[]
4530,8,[]
4543,19,[]
4567,14,[]
4586,8,[]
4599,15,[]
4619,9,[]
4633,18,[]
4656,10,[]
4671,18,[]
4694,13,[]
4712,19,[]
4736,11,[]
4752,18,[]
4775,11,[]
4791,20,[]
4816,123,[]
4977,1,[]
4983,9,[]
4997,8,[]
5010,11,[]
5026,8,[]
5039,11,[]
5055,6,[]
5066,12,[]
5083,11,[]
5099,10,[]
5114,16,[]
5135,9,[]
5149,14,[]
5168,9,[]
5182,16,[]
5203,16,[]
5224,8,[]
5237,16,[]
5258,8,[]
5271,14,[6, 7, 8, 9, 10, 11, 12, 13]
5290,8,[]
5303,19,[]
5327,8,[]
5340,18,[]
5363,9,[]
5377,18,[]
5400,17,[]
5422,11,[]
5438,15,[]
5458,110,[]
5606,13,[]
5624,6,[]
5635,12,[]
5652,7,[]
5664,14,[]
5683,13,[]
5701,10,[]
5716,13,[]
5734,8,[]
5747,13,[]
5765,8,[]
5778,16,[]
5799,10,[]
5814,14,[]
5833,6,[]
5844,13,[]
5862,14,[]
5881,11,[]
5897,15,[]
5917,10,[]
5932,16,[]
5953,10,[]
5968,17,[]
5990,17,[]
6012,8,[]
6025,16,[]
6046,8,[]
6059,17,[]
6081,11,[]
6097,114,[]
6249,1,[]
6255,8,[]
6268,12,[]
6285,8,[]
6298,15,[]
6318,6,[]
6329,15,[]
6349,10,[]
6364,15,[]
6384,8,[]
6397,14,[]
6416,9,[]
6430,15,[]
6450,15,[]
6470,8,[]
6483,15,[]
6503,9,[]
6517,17,[]
6539,10,[]
6554,19,[]
6578,9,[]
6592,19,[]
6616,19,[]
6640,11,[]
6656,22,[]
6683,9,[]
6697,19,[]
6721,11,[]
6737,10,[]
0,21,[]
27,8,[]
41,10,[]
57,15,[]
78,9,[]
93,15,[]
114,16,[]
136,7,[]
149,14,[]
169,13,[]
188,4,[]
198,12,[]
216,7,[]
229,13,[]
248,13,[]
267,18,[]
291,8,[]
305,11,[]
322,13,[]
341,12,[]
359,23,[]
388,17,[]
411,5,[]
422,14,[]
442,16,[]
464,17,[]
487,30,[]
523,14,[]
543,7,[]
556,15,[]
577,97,[]
701,8,[]
715,12,[]
733,7,[]
746,2,[]
754,11,[]
771,7,[]
784,13,[]
803,14,[]
823,14,[]
843,4,[]
853,17,[]
876,20,[]
902,8,[]
916,20,[]
942,23,[]
971,8,[]
985,24,[]
1015,23,[]
1044,7,[]
1057,24,[]
1087,21,[]
1114,7,[]
1127,22,[]
1155,20,[]
1181,13,[]
1200,20,[]
1226,19,[]
1251,6,[]
1263,18,[]
1287,82,[]
1396,2,[]
1404,14,[]
1424,16,[]
1446,9,[]
1461,18,[]
1485,20,[]
1511,11,[]
1528,20,[]
1554,10,[]
1570,25,[]
1601,21,[]
1628,22,[]
1656,11,[]
1673,24,[]
1703,25,[]
1734,12,[]
1752,23,[15, 16, 17, 18, 19, 20, 21, 22]
1781,20,[]
1807,8,[]
1821,9,[]
1836,27,[]
1869,9,[]
1884,21,[]
1911,5,[]
1922,19,[]
1947,18,[]
1971,18,[]
1995,7,[]
2008,19,[]
2033,79,[]
2139,2,[]
2147,9,[]
2162,6,[]
2174,14,[]
2194,10,[]
2210,8,[]
2224,15,[]
2245,18,[]
2269,7,[]
2282,11,[]
2299,18,[]
2323,17,[]
2346,6,[]
2358,15,[]
2379,14,[]
2399,16,[]
2421,15,[]
2442,16,[]
2464,7,[]
2477,15,[]
2498,15,[]
2519,7,[]
2532,18,[]
2556,12,[]
2574,16,[]
2596,15,[]
2617,13,[]
2636,16,[]
2658,13,[]
2677,94,[]
2798,1,[]
2805,9,[]
2820,15,[]
2841,5,[]
2852,17,[]
2875,4,[]
2885,17,[]
2908,18,[]
2932,11,[]
2949,20,[]
2975,16,[]
2997,19,[]
3022,12,[]
3040,21,[6, 7, 8, 9, 10, 11, 12, 13, 14, 15]
3067,16,[]
3089,11,[]
3106,21,[]
3133,9,[]
3148,22,[]
3176,19,[]
3201,9,[]
3216,18,[]
3240,17,[]
3263,20,[]
3289,9,[]
3304,21,[]
3331,16,[]
3353,10,[]
3369,21,[]
3396,75,[]
3498,11,[]
3515,15,[]
3536,10,[]
3552,17,[]
3575,16,[]
3597,18,[]
3621,10,[]
3637,19,[]
3662,7,[]
3675,12,[]
3693,21,[]
3720,13,[]
3739,21,[]
3766,16,[]
3788,13,[]
3807,18,[]
3831,17,[]
3854,14,[]
3874,17,[]
3897,15,[]
3918,17,[3, 4, 5, 6, 7, 8, 9, 10, 11, 12]
3941,15,[]
3962,17,[]
3985,9,[]
4000,16,[]
4022,24,[]
4052,12,[]
4070,15,[]
4091,22,[]
4119,93,[]
4239,8,[]
4253,13,[]
4272,8,[]
4286,16,[]
4308,18,[]
4332,10,[]
4348,18,[]
4372,18,[]
4396,10,[]
4412,20,[]
4438,16,[]
4460,17,[]
4483,14,[]
4503,19,[]
4528,6,[]
4540,18,[]
4564,19,[]
4589,7,[]
4602,16,[]
4624,16,[]
4646,9,[]
4661,17,[]
4684,16,[]
4706,13,[]
4725,16,[]
4747,17,[]
4770,9,[]
4785,18,[]
4809,20,[]
4835,76,[]
4938,11,[]
4955,14,[]
4975,7,[]
4988,17,[]
5011,16,[]
5033,18,[]
5057,10,[]
5073,19,[]
5098,7,[]
5111,16,[]
5133,18,[]
5157,8,[]
5171,18,[]
5195,20,[]
5221,7,[]
5234,18,[]
5258,19,[]
5283,18,[]
5307,7,[]
5320,19,[]
5345,13,[]
5364,16,[]
5386,19,[]
5411,7,[]
5424,17,[]
5447,18,[]
5471,8,[]
5485,19,[]
5510,16,[4, 5, 6, 7, 8, 9, 10]
5532,81,[]
5640,7,[]
5653,12,[]
5671,8,[]
5685,17,[]
5708,6,[]
5720,12,[]
5738,18,[]
5762,18,[]
5786,6,[]
5798,18,[]
5822,18,[]
5846,17,[]
5869,11,[]
5886,19,[]
5911,7,[]
5924,20,[]
5950,18,[]
5974,7,[]
5987,18,[]
6011,20,[]
6037,7,[]
6050,19,[]
6075,21,[]
6102,8,[]
6116,18,[]
6140,17,[]
6163,8,[]
6177,17,[]
6200,13,[]
6219,84,[]
6330,7,[]
6343,9,[]
6358,10,[]
6374,14,[]
6394,12,[]
6412,9,[]
6427,15,[]
6448,16,[3, 4, 5, 6, 7, 8, 9, 10]
6470,7,[]
6483,21,[]
6510,19,[]
6535,7,[]
6548,17,[]
6571,16,[]
6593,7,[]
6606,18,[]
6630,15,[]
6651,14,[]
6671,19,[]
6696,16,[]
6718,13,[]
6737,19,[]
6762,18,[]
6786,13,[]
6805,19,[]
6830,8,[]
6844,22,[]
6872,8,[]
6886,11,[]
0,30,[]
36,6,[]
48,13,[]
67,16,[]
89,15,[]
110,16,[]
132,14,[]
152,16,[]
174,15,[]
195,10,[]
211,21,[]
238,20,[7, 8, 9, 10, 11, 12, 13, 14, 15]
264,20,[]
290,21,[]
317,21,[]
344,21,[]
371,20,[]
397,20,[]
423,20,[]
449,19,[]
474,19,[]
499,19,[]
524,17,[]
547,17,[]
570,16,[]
592,25,[]
623,13,[]
642,16,[]
664,18,[]
688,15,[]
709,60,[]
793,9,[]
808,12,[]
826,13,[]
845,8,[]
859,15,[]
880,13,[]
899,16,[]
921,15,[]
942,16,[]
964,19,[]
989,18,[]
1013,18,[]
1037,18,[]
1061,16,[]
1083,16,[]
1105,17,[]
1128,19,[]
1153,16,[]
1175,17,[]
1198,15,[]
1219,15,[]
1240,14,[]
1260,14,[]
1280,14,[]
1300,25,[]
1331,17,[]
1354,17,[]
1377,15,[]
1398,15,[]
1419,77,[]
1520,5,[]
1531,9,[]
1546,10,[]
1562,12,[]
1580,13,[]
1599,11,[]
1616,13,[]
1635,11,[]
1652,16,[]
1674,19,[]
1699,16,[]
1721,19,[]
1746,16,[]
1768,17,[]
1791,15,[]
1812,18,[]
1836,18,[]
1860,19,[]
1885,17,[]
1908,18,[]
1932,15,[]
1953,17,[]
1976,16,[]
1998,19,[]
2023,27,[]
2056,13,[]
2075,17,[]
2098,15,[]
2119,13,[]
2138,86,[]
2248,8,[]
2262,15,[]
2283,13,[]
2302,18,[]
2326,13,[]
2345,14,[]
2365,13,[]
2384,16,[]
2406,15,[]
2427,17,[]
2450,15,[]
2471,16,[]
2493,14,[]
2513,13,[]
2532,16,[]
2554,15,[]
2575,16,[]
2597,16,[]
2619,14,[]
2639,14,[]
2659,13,[]
2678,13,[]
2697,15,[]
2718,23,[]
2747,12,[]
2765,15,[]
2786,16,[]
2808,14,[]
2828,13,[]
2847,61,[]
2932,8,[]
2946,10,[]
2962,13,[]
2981,12,[]
2999,12,[]
3017,13,[]
3036,12,[]
3054,12,[]
3072,13,[]
3091,13,[]
3110,12,[]
3128,12,[]
3146,13,[]
3165,12,[]
3183,17,[]
3206,14,[]
3226,15,[]
3247,16,[]
3269,17,[]
3292,18,[]
3316,16,[]
3338,17,[]
3361,26,[]
3393,15,[]
3414,17,[]
3437,17,[]
3460,15,[]
3481,24,[]
3511,15,[]
3532,72,[]
3628,9,[]
3643,13,[]
3662,20,[]
3688,18,[]
3712,13,[]
3731,13,[]
3750,17,[]
3773,18,[]
3797,17,[]
3820,16,[]
3842,16,[]
3864,14,[]
3884,16,[]
3906,18,[]
3930,18,[]
3954,18,[]
3978,19,[]
4003,17,[]
4026,19,[]
4051,16,[]
4073,17,[]
4096,17,[]
4119,31,[]
4156,15,[]
4177,15,[]
4198,17,[]
4221,17,[]
4244,16,[]
4266,16,[]
4288,75,[]
4387,8,[]
4401,12,[]
4419,12,[]
4437,14,[]
4457,14,[]
4477,13,[]
4496,16,[]
4518,15,[]
4539,15,[]
4560,13,[]
4579,17,[]
4602,17,[]
4625,12,[]
4643,13,[0, 1, 2, 3, 4, 5, 6, 7, 8]
4662,21,[]
4689,16,[]
4711,17,[]
4734,12,[]
4752,12,[]
4770,13,[]
4789,14,[]
4809,23,[]
4838,11,[]
4855,13,[]
4874,16,[]
4896,13,[]
4915,15,[]
4936,13,[]
4955,14,[]
4975,79,[]
5078,5,[]
5089,7,[]
5102,8,[]
5116,11,[]
5133,9,[]
5148,10,[]
5164,12,[]
5182,15,[]
5203,13,[]
5222,12,[]
5240,14,[]
5260,16,[]
5282,14,[]
5302,13,[]
5321,11,[]
5338,11,[]
5355,12,[]
5373,11,[]
5390,11,[]
5407,15,[]
5428,14,[]
5448,28,[]
5482,15,[]
5503,17,[]
5526,14,[]
5546,13,[]
5565,13,[]
5584,15,[]
5605,17,[]
5628,88,[]
5740,6,[]
5752,10,[]
5768,12,[]
5786,13,[]
5805,14,[]
5825,14,[]
5845,14,[]
5865,15,[]
5886,15,[]
5907,15,[]
5928,14,[]
5948,15,[]
5969,14,[]
5989,13,[]
6008,18,[]
6032,13,[]
6051,13,[]
6070,12,[]
6088,13,[]
6107,15,[]
6128,22,[]
6156,12,[]
6174,13,[]
6193,12,[]
6211,12,[]
6229,12,[]
6247,13,[]
6266,13,[]
6285,12,[]
6303,61,[]
6388,6,[]
6400,9,[]
6415,10,[]
6431,11,[]
6448,9,[]
6463,12,[]
6481,12,[]
6499,12,[]
6517,13,[]
6536,13,[]
6555,14,[]
6575,15,[]
6596,14,[]
6616,15,[]
6637,15,[]
6658,16,[]
6680,16,[]
6702,16,[]
6724,14,[]
6744,16,[]
6766,23,[]
6795,15,[]
6816,14,[]
6836,16,[]
6858,16,[]
6880,17,[]
6903,15,[]
6924,14,[]
6944,12,[]
0,20,[]
26,7,[]
39,3,[]
48,11,[]
65,11,[]
82,14,[]
102,10,[]
118,13,[]
137,13,[]
156,12,[]
174,12,[]
192,11,[]
209,6,[]
221,12,[]
239,12,[]
257,12,[]
275,12,[]
293,8,[]
307,11,[]
324,13,[]
343,15,[]
364,14,[]
384,18,[]
408,18,[]
432,17,[]
455,12,[]
473,13,[]
492,13,[]
511,13,[]
530,17,[]
553,74,[]
649,16,[]
671,13,[]
690,3,[]
699,12,[]
717,14,[]
737,16,[]
759,10,[]
775,17,[]
798,16,[]
820,17,[]
843,8,[]
857,17,[]
880,18,[]
904,17,[]
927,15,[]
948,18,[]
972,6,[]
984,17,[]
1007,16,[]
1029,17,[]
1052,20,[]
1078,8,[]
1092,18,[]
1116,20,[]
1142,17,[]
1165,18,[]
1189,10,[]
1205,20,[]
1231,16,[]
1253,70,[]
1345,12,[]
1363,4,[]
1373,16,[]
1395,17,[]
1418,17,[]
1441,17,[]
1464,10,[]
1480,18,[]
1504,17,[]
1527,18,[]
1551,18,[]
1575,11,[]
1592,19,[]
1617,19,[]
1642,18,[]
1666,17,[]
1689,20,[]
1715,10,[]
1731,21,[]
1758,17,[]
1781,18,[]
1805,10,[]
1821,26,[]
1853,20,[]
1879,21,[]
1906,20,[]
1932,20,[]
1958,6,[]
1970,17,[]
1993,73,[]
2088,2,[]
2096,14,[1, 2, 3, 4, 5, 6, 7, 8, 9, 10]
2116,15,[]
2137,16,[]
2159,16,[]
2181,15,[]
2202,10,[]
2218,19,[]
2243,19,[]
2268,16,[]
2290,9,[]
2305,19,[]
2330,19,[]
2355,15,[]
2376,16,[]
2398,18,[]
2422,10,[]
2438,20,[]
2464,18,[]
2488,19,[]
2513,19,[]
2538,6,[]
2550,17,[]
2573,19,[]
2598,19,[]
2623,18,[]
2647,18,[]
2671,9,[]
2686,16,[]
2708,62,[]
2792,12,[]
2810,4,[]
2820,15,[]
2841,15,[]
2862,13,[]
2881,16,[]
2903,15,[]
2924,8,[]
2938,17,[]
2961,9,[]
2976,18,[]
3000,17,[]
3023,17,[]
3046,17,[]
3069,16,[]
3091,10,[]
3107,16,[]
3129,17,[]
3152,16,[]
3174,14,[]
3194,15,[]
3215,10,[]
3231,18,[]
3255,16,[]
3277,15,[]
3298,15,[]
3319,15,[]
3340,7,[]
3353,16,[]
3375,71,[]
3468,2,[]
3476,13,[]
3495,14,[]
3515,16,[]
3537,16,[]
3559,16,[0, 1, 2, 3, 4, 5, 6]
3581,10,[]
3597,15,[]
3618,17,[]
3641,17,[]
3664,13,[]
3683,9,[]
3698,15,[]
3719,18,[]
3743,16,[]
3765,16,[]
3787,9,[]
3802,17,[]
3825,17,[]
3848,16,[]
3870,15,[]
3891,17,[]
3914,6,[]
3926,15,[]
3947,15,[]
3968,16,[]
3990,16,[]
4012,7,[]
4025,16,[]
4047,68,[]
4137,12,[]
4155,5,[]
4166,15,[]
4187,18,[]
4211,12,[]
4229,7,[]
4242,16,[]
4264,18,[]
4288,17,[]
4311,18,[]
4335,7,[]
4348,19,[]
4373,20,[]
4399,19,[]
4424,19,[]
4449,9,[]
4464,19,[]
4489,19,[]
4514,22,[]
4542,17,[]
4565,23,[]
4594,6,[]
4606,23,[]
4635,21,[]
4662,22,[]
4690,16,[]
4712,7,[]
4725,16,[]
4747,22,[]
4775,61,[]
4858,16,[]
4880,5,[]
4891,19,[]
4916,20,[]
4942,16,[]
4964,17,[]
4987,7,[]
5000,21,[]
5027,18,[]
5051,17,[]
5074,19,[]
5099,6,[]
5111,16,[]
5133,19,[]
5158,18,[]
5182,17,[]
5205,9,[]
5220,17,[]
5243,17,[]
5266,19,[]
5291,18,[]
5315,5,[]
5326,17,[]
5349,15,[]
5370,18,[]
5394,16,[]
5416,15,[]
5437,7,[]
5450,17,[]
5473,65,[]
5560,1,[]
5567,13,[]
5586,17,[]
5609,17,[]
5632,17,[]
5655,8,[]
5669,17,[]
5692,20,[]
5718,16,[]
5740,8,[]
5754,17,[]
5777,20,[]
5803,16,[]
5825,17,[]
5848,18,[]
5872,4,[]
5882,16,[]
5904,19,[]
5929,17,[]
5952,14,[]
5972,7,[]
5985,16,[]
6007,17,[]
6030,17,[]
6053,17,[]
6076,16,[]
6098,7,[]
6111,18,[]
6135,19,[]
6160,64,[]
6246,11,[]
6263,5,[]
6274,15,[]
6295,17,[]
6318,10,[]
6334,10,[]
6350,8,[]
6364,16,[]
6386,16,[]
6408,19,[]
6433,7,[]
6446,17,[]
6469,17,[]
6492,17,[]
6515,17,[]
6538,17,[]
6561,7,[]
6574,16,[]
6596,17,[]
6619,18,[]
6643,13,[]
6662,6,[]
6674,17,[]
6697,14,[]
6717,18,[]
6741,13,[]
6760,12,[]
6778,9,[]
6793,14,[]
0,26,[]
31,1,[]
37,8,[]
50,8,[]
63,11,[0, 1, 2, 3, 4, 5, 6, 7]
79,10,[]
94,15,[]
114,10,[]
129,11,[]
145,11,[]
161,11,[]
177,16,[]
198,13,[]
216,12,[]
233,12,[]
250,12,[]
267,11,[]
283,14,[]
302,12,[]
319,9,[]
333,9,[]
347,10,[]
362,14,[]
381,15,[]
401,16,[]
422,15,[]
442,18,[]
465,20,[]
490,19,[]
514,19,[]
538,84,[]
646,17,[]
668,14,[]
687,11,[]
703,8,[]
716,9,[]
730,15,[]
750,14,[]
769,16,[]
790,15,[]
810,13,[]
828,16,[]
849,15,[]
869,15,[]
889,15,[]
909,15,[]
929,14,[]
948,15,[]
968,13,[]
986,16,[]
1007,14,[]
1026,16,[]
1047,14,[]
1066,18,[]
1089,13,[]
1107,13,[]
1125,15,[]
1145,17,[]
1167,15,[]
1187,17,[]
1209,76,[]
1309,7,[]
1321,13,[]
1339,13,[]
1357,15,[]
1377,14,[]
1396,20,[]
1421,17,[]
1443,16,[]
1464,11,[]
1480,14,[]
1499,13,[]
1517,16,[]
1538,18,[]
1561,18,[]
1584,19,[]
1608,19,[]
1632,19,[]
1656,19,[]
1680,19,[]
1704,20,[]
1729,22,[]
1756,22,[]
1783,21,[]
1809,16,[]
1830,16,[]
1851,18,[]
1874,20,[]
1899,17,[]
1921,16,[]
1942,72,[]
2038,7,[]
2050,14,[]
2069,14,[]
2088,16,[]
2109,15,[]
2129,21,[]
2155,12,[]
2172,12,[]
2189,16,[]
2210,17,[]
2232,15,[]
2252,15,[]
2272,12,[]
2289,14,[]
2308,14,[]
2327,18,[]
2350,12,[]
2367,14,[]
2386,12,[]
2403,14,[]
2422,10,[]
2437,12,[]
2454,12,[]
2471,11,[]
2487,13,[]
2505,14,[]
2524,13,[]
2542,11,[]
2558,9,[]
2572,77,[]
2673,5,[]
2683,10,[]
2698,10,[]
2713,11,[]
2729,9,[]
2743,17,[]
2765,8,[]
2778,10,[]
2793,11,[]
2809,12,[]
2826,10,[]
2841,11,[]
2857,13,[]
2875,15,[]
2895,10,[]
2910,10,[]
2925,14,[]
2944,15,[]
2964,14,[]
2983,13,[]
3001,14,[]
3020,13,[]
3038,13,[]
3056,16,[]
3077,15,[]
3097,6,[]
3108,19,[]
3132,17,[]
3154,17,[]
3176,72,[]
3272,10,[]
3287,14,[]
3306,14,[]
3325,17,[]
3347,15,[]
3367,14,[]
3386,20,[]
3411,14,[]
3430,12,[]
3447,14,[]
3466,15,[]
3486,15,[]
3506,20,[]
3531,18,[]
3554,13,[]
3572,13,[]
3590,12,[]
3607,14,[]
3626,18,[]
3649,18,[]
3672,13,[]
3690,13,[]
3708,16,[0, 1, 2, 3, 4, 5, 6]
3729,15,[]
3749,16,[]
3770,18,[]
3793,15,[]
3813,15,[]
3833,22,[]
3860,65,[]
3949,8,[]
3962,8,[]
3975,9,[]
3989,11,[]
4005,11,[]
4021,13,[]
4039,21,[]
4065,11,[]
4081,10,[]
4096,11,[]
4112,11,[]
4128,11,[]
4144,12,[]
4161,13,[]
4179,12,[]
4196,10,[]
4211,11,[]
4227,11,[]
4243,14,[]
4262,23,[]
4290,13,[]
4308,10,[]
4323,10,[]
4338,12,[]
4355,13,[]
4373,16,[]
4394,17,[]
4416,17,[]
4438,15,[]
4458,73,[]
4555,7,[]
4567,9,[]
4581,10,[]
4596,15,[]
4616,12,[]
4633,11,[]
4649,15,[]
4669,9,[]
4683,9,[]
4697,9,[]
4711,11,[]
4727,12,[]
4744,10,[]
4759,13,[]
4777,13,[]
4795,12,[]
4812,11,[]
4828,10,[]
4843,12,[]
4860,12,[]
4877,10,[]
4892,13,[]
4910,12,[]
4927,10,[]
4942,10,[]
4957,12,[]
4974,10,[]
4989,10,[]
5004,10,[]
5019,82,[]
5125,7,[]
5137,10,[]
5152,9,[]
5166,11,[]
5182,14,[]
5201,11,[4, 5, 6, 7, 8, 9, 10]
5217,15,[]
5237,11,[]
5253,10,[]
5268,9,[]
5282,8,[]
5295,10,[]
5310,10,[]
5325,10,[]
5340,13,[]
5358,12,[]
5375,10,[]
5390,11,[]
5406,14,[]
5425,17,[]
5447,15,[]
5467,16,[]
5488,16,[]
5509,15,[]
5529,14,[]
5548,14,[]
5567,15,[]
5587,18,[]
5610,17,[]
5632,72,[]
5728,10,[]
5743,13,[]
5761,15,[]
5781,14,[]
5800,16,[]
5821,15,[]
5841,23,[]
5869,16,[]
5890,18,[]
5913,15,[]
5933,15,[]
5953,15,[]
5973,16,[]
5994,17,[2, 3, 4, 5, 6, 7, 8, 9, 10]
6016,17,[]
6038,15,[]
6058,16,[]
6079,16,[]
6100,20,[]
6125,17,[]
6147,15,[]
6167,16,[]
6188,15,[]
6208,17,[]
6230,16,[]
6251,17,[]
6273,15,[]
6293,13,[]
6311,8,[]
0,21,[]
27,3,[]
36,9,[]
51,14,[]
71,9,[]
86,9,[]
101,9,[]
116,8,[]
130,10,[]
146,9,[]
161,10,[]
177,8,[]
191,10,[]
207,9,[]
222,10,[]
238,10,[]
254,14,[]
274,16,[]
296,12,[]
314,14,[]
334,13,[]
353,15,[]
374,12,[]
392,14,[]
412,11,[]
429,11,[]
446,12,[]
464,15,[]
485,15,[]
506,15,[]
527,134,[]
691,15,[]
712,7,[]
725,4,[]
735,3,[]
744,6,[]
756,10,[]
772,4,[]
782,17,[]
805,11,[]
822,10,[]
838,10,[]
854,9,[]
869,13,[]
888,14,[]
908,11,[]
925,17,[]
948,16,[]
970,17,[]
993,16,[]
1015,17,[]
1038,17,[]
1061,15,[]
1082,15,[]
1103,16,[]
1125,14,[]
1145,13,[]
1164,12,[]
1182,14,[]
1202,13,[]
1221,104,[]
1355,6,[]
1367,9,[]
1382,14,[]
1402,8,[]
1416,16,[]
1438,17,[]
1461,17,[]
1484,14,[]
1504,14,[]
1524,16,[]
1546,16,[]
1568,18,[]
1592,15,[]
1613,20,[]
1639,20,[]
1665,18,[]
1689,11,[]
1706,18,[]
1730,18,[]
1754,21,[]
1781,21,[]
1808,23,[]
1837,20,[]
1863,22,[]
1891,22,[]
1919,16,[]
1941,20,[]
1967,18,[]
1991,16,[]
2013,102,[]
2145,9,[]
2160,11,[]
2177,12,[]
2195,14,[]
2215,15,[]
2236,15,[]
2257,16,[]
2279,16,[]
2301,9,[]
2316,16,[]
2338,20,[]
2364,18,[]
2388,18,[]
2412,18,[]
2436,19,[]
2461,20,[]
2487,18,[10, 11, 12, 13, 14, 15, 16, 17]
2511,22,[]
2539,17,[]
2562,14,[]
2582,21,[]
2609,19,[]
2634,16,[]
2656,21,[]
2683,15,[]
2704,17,[]
2727,16,[]
2749,18,[]
2773,11,[]
2790,104,[]
2924,6,[]
2936,11,[]
2953,12,[]
2971,15,[]
2992,13,[]
3011,13,[]
3030,14,[]
3050,14,[]
3070,13,[]
3089,18,[]
3113,14,[]
3133,16,[]
3155,16,[]
3177,10,[]
3193,16,[]
3215,16,[]
3237,11,[]
3254,13,[]
3273,12,[]
3291,11,[]
3308,9,[]
3323,10,[]
3339,13,[]
3358,12,[]
3376,14,[]
3396,13,[]
3415,12,[]
3433,20,[]
3459,8,[]
3473,104,[]
3607,8,[]
3621,7,[]
3634,10,[]
3650,13,[]
3669,10,[]
3685,10,[]
3701,9,[]
3716,13,[]
3735,10,[]
3751,13,[]
3770,12,[]
3788,10,[]
3804,13,[]
3823,13,[]
3842,14,[]
3862,7,[]
3875,11,[]
3892,14,[]
3912,13,[]
3931,12,[]
3949,11,[]
3966,12,[]
3984,9,[]
3999,9,[]
4014,11,[]
4031,12,[]
4049,13,[]
4068,14,[]
4088,3,[]
4097,104,[]
4231,8,[]
4245,12,[]
4263,13,[]
4282,16,[]
4304,18,[]
4328,16,[]
4350,19,[]
4375,19,[]
4400,18,[]
4424,8,[]
4438,21,[]
4465,20,[]
4491,18,[]
4515,21,[]
4542,18,[]
4566,20,[]
4592,16,[]
4614,17,[]
4637,18,[]
4661,22,[]
4689,21,[]
4716,21,[]
4743,23,[]
4772,23,[]
4801,22,[]
4829,21,[]
4856,22,[]
4884,20,[]
4910,7,[]
4923,75,[]
5028,12,[]
5046,17,[]
5069,17,[]
5092,16,[]
5114,18,[]
5138,18,[]
5162,18,[]
5186,19,[]
5211,15,[]
5232,17,[]
5255,19,[]
5280,19,[]
5305,7,[]
5318,18,[]
5342,18,[]
5366,17,[]
5389,15,[]
5410,16,[]
5432,16,[]
5454,17,[]
5477,15,[]
5498,20,[]
5524,16,[]
5546,16,[]
5568,8,[]
5582,17,[]
5605,14,[]
5625,17,[]
5648,17,[]
5671,57,[]
5758,9,[]
5773,13,[]
5792,15,[]
5813,16,[]
5835,13,[]
5854,5,[]
5865,16,[]
5887,14,[]
5907,13,[]
5926,13,[]
5945,13,[]
5964,13,[]
5983,13,[]
6002,13,[]
6021,12,[]
6039,13,[]
6058,7,[]
6071,13,[]
6090,18,[]
6114,14,[]
6134,14,[]
6154,13,[]
6173,11,[]
6190,11,[]
6207,14,[]
6227,5,[]
6238,14,[]
6258,11,[]
6275,17,[]
6298,46,[]
6374,12,[]
6392,15,[]
6413,14,[]
6433,17,[]
6456,14,[]
6476,13,[]
6495,16,[]
6517,15,[]
6538,14,[]
6558,16,[]
6580,5,[]
6591,18,[]
6615,15,[]
6636,17,[]
6659,16,[]
6681,17,[]
6704,13,[]
6723,15,[]
6744,15,[]
6765,5,[]
6776,17,[0, 1, 2, 3, 4, 5, 6]
6799,16,[]
6821,16,[]
6843,15,[]
6864,14,[]
6884,14,[]
6904,8,[]
6918,17,[]
6941,21,[]
0,51,[]
83,15,[]
103,6,[]
114,19,[]
138,6,[]
149,20,[]
174,8,[]
187,17,[]
209,2,[]
216,19,[6, 7, 8, 9, 10, 11]
240,8,[]
253,19,[]
277,4,[]
286,21,[]
312,3,[]
320,16,[]
341,4,[]
350,18,[]
373,6,[]
384,17,[]
406,3,[]
414,20,[]
439,7,[]
451,21,[]
477,3,[]
485,20,[]
510,6,[]
521,18,[]
544,10,[]
559,20,[]
584,133,[]
749,12,[]
766,5,[]
776,17,[]
798,1,[]
804,8,[]
817,8,[]
830,15,[]
850,6,[0, 1, 2, 3, 4, 5]
861,13,[]
879,8,[]
892,18,[]
915,10,[]
930,15,[]
950,8,[]
963,20,[]
988,9,[]
1002,15,[]
1022,7,[]
1034,20,[]
1059,7,[]
1071,19,[]
1095,7,[]
1107,22,[]
1134,9,[]
1148,19,[]
1172,8,[]
1185,36,[]
1253,4,[]
1262,20,[]
1287,98,[]
1417,15,[]
1437,4,[]
1446,21,[]
1472,8,[]
1485,18,[]
1508,7,[]
1520,18,[]
1543,7,[]
1555,16,[]
1576,12,[]
1593,18,[]
1616,8,[]
1629,17,[]
1651,8,[]
1664,21,[]
1690,8,[]
1703,19,[]
1727,6,[]
1738,21,[]
1764,7,[]
1776,22,[]
1803,5,[]
1813,25,[]
1843,7,[]
1855,23,[]
1883,6,[]
1894,24,[]
1923,8,[]
1936,20,[]
1961,87,[]
2080,14,[]
2099,6,[]
2110,17,[]
2132,4,[]
2141,17,[]
2163,6,[]
2174,17,[]
2196,9,[]
2210,18,[]
2233,6,[]
2244,16,[]
2265,7,[]
2277,18,[]
2300,7,[]
2312,16,[]
2333,9,[]
2347,17,[]
2369,7,[]
2381,13,[]
2399,10,[]
2414,17,[]
2436,5,[]
2446,17,[]
2468,10,[]
2483,17,[]
2505,8,[]
2518,20,[]
2543,7,[]
2555,13,[]
2573,109,[]
2714,7,[]
2726,3,[]
2734,16,[]
2755,5,[]
2765,16,[]
2786,5,[]
2796,21,[]
2822,5,[]
2832,27,[]
2864,7,[]
2876,24,[]
2905,9,[]
2919,23,[]
2947,6,[]
2958,24,[]
2987,6,[]
2998,18,[]
3021,4,[]
3030,21,[]
3056,5,[]
3066,19,[]
3090,3,[]
3098,20,[]
3123,6,[]
3134,19,[]
3158,8,[]
3171,15,[]
3191,3,[]
3199,16,[]
3220,106,[]
3358,12,[]
3375,3,[]
3383,17,[]
3405,6,[]
3416,19,[]
3440,4,[]
3449,24,[]
3478,6,[]
3489,26,[]
3520,7,[]
3532,26,[]
3563,8,[]
3576,24,[]
3605,8,[]
3618,22,[]
3645,6,[]
3656,21,[]
3682,6,[]
3693,19,[]
3717,9,[]
3731,14,[]
3750,4,[]
3759,16,[]
3780,8,[]
3793,15,[]
3813,21,[]
3839,4,[]
3848,8,[]
3861,17,[]
3883,98,[]
4013,7,[]
4025,5,[]
4035,14,[]
4054,6,[]
4065,16,[]
4086,9,[]
4100,17,[]
4122,19,[]
4146,6,[]
4157,21,[]
4183,5,[]
4193,8,[]
4206,28,[]
4239,8,[]
4252,31,[]
4288,5,[]
4298,27,[]
4330,8,[]
4343,26,[]
4374,19,[]
4398,7,[]
4410,17,[]
4432,4,[]
4441,8,[]
4454,25,[]
4484,5,[]
4494,30,[]
4529,5,[]
4539,28,[]
4572,87,[]
4691,19,[]
4715,15,[]
4735,8,[]
4748,17,[]
4770,6,[]
4781,21,[]
4807,7,[]
4819,8,[]
4832,20,[]
4857,4,[]
4866,18,[]
4889,4,[]
4898,19,[]
4922,20,[]
4947,6,[]
4958,20,[]
4983,5,[]
4993,19,[]
5017,6,[]
5028,19,[]
5052,5,[]
5062,10,[]
5077,21,[]
5103,5,[]
5113,21,[]
5139,28,[]
5172,6,[]
5183,20,[]
5208,8,[]
5221,77,[]
5330,1,[]
5336,21,[]
5362,5,[]
5372,5,[]
5382,24,[]
5411,7,[]
5423,21,[]
5449,19,[]
5473,5,[]
5483,15,[]
5503,6,[]
5514,16,[]
5535,5,[]
5545,18,[]
5568,3,[]
5576,21,[]
5602,3,[]
5610,7,[]
5622,29,[]
5656,23,[]
5684,4,[]
5693,20,[]
5718,6,[]
5729,19,[]
5753,11,[]
5769,18,[12, 13, 14, 15, 16, 17]
5792,6,[]
5803,22,[]
5830,4,[]
5839,87,[]
5958,1,[]
5964,19,[]
5988,4,[]
5997,19,[]
6021,6,[]
6032,19,[]
6056,4,[]
6065,18,[0, 1, 2, 3, 4, 5, 6]
6088,4,[]
6097,17,[]
6119,8,[]
6132,18,[]
6155,6,[]
6166,18,[]
6189,6,[]
6200,18,[]
6223,5,[]
6233,17,[]
6255,6,[]
6266,19,[]
6290,7,[]
6302,18,[]
6325,7,[]
6337,22,[]
6364,4,[]
6373,28,[]
6406,6,[]
6417,19,[]
6441,13,[]
0,33,[]
38,3,[]
46,10,[]
61,13,[]
79,13,[6, 7, 8, 9, 10, 11, 12]
97,16,[]
118,12,[]
135,12,[]
152,9,[]
166,8,[]
179,9,[]
193,7,[]
205,14,[]
224,12,[]
241,16,[]
262,11,[]
278,13,[]
296,16,[]
317,19,[]
341,20,[]
366,22,[]
393,20,[]
418,21,[]
444,17,[]
466,19,[]
490,15,[]
510,19,[]
534,13,[]
552,18,[]
575,18,[]
598,119,[]
744,9,[]
758,8,[]
771,10,[]
786,4,[]
795,12,[]
812,15,[]
832,13,[]
850,15,[]
870,13,[]
888,15,[]
908,13,[]
926,15,[]
946,18,[]
969,18,[7, 8, 9, 10, 11, 12, 13, 14, 15]
992,16,[]
1013,19,[]
1037,17,[]
1059,18,[]
1082,16,[]
1103,19,[]
1127,16,[]
1148,17,[]
1170,15,[]
1190,19,[]
1214,16,[]
1235,17,[]
1257,16,[]
1278,16,[]
1299,20,[]
1324,83,[]
1434,13,[]
1452,16,[]
1473,15,[]
1493,14,[]
1512,18,[]
1535,16,[]
1556,17,[]
1578,15,[]
1598,17,[]
1620,16,[]
1641,16,[]
1662,14,[]
1681,14,[]
1700,14,[]
1719,23,[]
1747,13,[]
1765,21,[]
1791,16,[]
1812,15,[]
1832,14,[]
1851,19,[]
1875,15,[]
1895,17,[]
1917,15,[]
1937,15,[]
1957,14,[]
1976,14,[]
1995,13,[]
2013,13,[]
2031,78,[]
2136,5,[]
2146,12,[]
2163,11,[]
2179,13,[]
2197,14,[]
2216,14,[]
2235,13,[]
2253,14,[]
2272,12,[]
2289,14,[]
2308,12,[]
2325,14,[]
2344,13,[]
2362,14,[]
2381,13,[]
2399,16,[]
2420,18,[]
2443,17,[]
2465,14,[]
2484,16,[]
2505,13,[]
2523,14,[]
2542,13,[]
2560,15,[]
2580,13,[]
2598,15,[]
2618,13,[]
2636,14,[]
2655,11,[]
2671,74,[]
2772,5,[]
2782,8,[]
2795,9,[]
2809,11,[]
2825,10,[]
2840,11,[]
2856,11,[]
2872,15,[]
2892,15,[]
2912,15,[]
2932,13,[]
2950,14,[]
2969,14,[]
2988,15,[]
3008,13,[]
3026,16,[]
3047,13,[]
3065,14,[]
3084,13,[]
3102,14,[]
3121,13,[]
3139,13,[]
3157,12,[]
3174,13,[]
3192,14,[]
3211,16,[]
3232,12,[]
3249,13,[]
3267,14,[]
3286,69,[]
3382,5,[]
3392,8,[]
3405,8,[]
3418,11,[]
3434,10,[]
3449,13,[]
3467,13,[]
3485,12,[]
3502,10,[]
3517,12,[]
3534,13,[]
3552,14,[]
3571,15,[]
3591,15,[]
3611,12,[]
3628,13,[]
3646,14,[]
3665,14,[]
3684,13,[]
3702,16,[]
3723,15,[]
3743,13,[]
3761,13,[]
3779,15,[]
3799,15,[]
3819,15,[]
3839,14,[]
3858,16,[]
3879,15,[]
3899,68,[]
3994,10,[]
4009,15,[]
4029,16,[]
4050,15,[]
4070,16,[]
4091,16,[]
4112,18,[]
4135,16,[]
4156,16,[2, 3, 4, 5, 6, 7]
4177,15,[]
4197,16,[]
4218,17,[]
4240,14,[]
4259,16,[]
4280,14,[]
4299,14,[]
4318,12,[]
4335,12,[]
4352,17,[]
4374,14,[]
4393,14,[]
4412,15,[]
4432,14,[]
4451,15,[]
4471,14,[]
4490,15,[]
4510,15,[]
4530,15,[]
4550,15,[]
4570,84,[]
4681,4,[]
4690,8,[]
4703,8,[]
4716,11,[]
4732,9,[]
4746,13,[]
4764,11,[]
4780,10,[]
4795,10,[]
4810,10,[]
4825,9,[]
4839,8,[]
4852,9,[]
4866,9,[]
4880,9,[]
4894,13,[]
4912,12,[]
4929,10,[]
4944,11,[]
4960,13,[]
4978,12,[]
4995,13,[]
5013,13,[]
5031,14,[]
5050,13,[]
5068,14,[]
5087,14,[]
5106,12,[]
5123,15,[]
5143,97,[]
5267,5,[]
5277,10,[]
5292,12,[]
5309,14,[]
5328,11,[]
5344,15,[]
5364,16,[]
5385,13,[]
5403,14,[]
5422,17,[]
5444,14,[]
5463,14,[]
5482,15,[]
5502,14,[]
5521,13,[]
5539,21,[]
5565,14,[]
5584,16,[]
5605,14,[]
5624,31,[]
5660,13,[]
5678,23,[]
5706,13,[]
5724,26,[]
5755,13,[]
5773,24,[]
5802,12,[]
5819,27,[]
5851,13,[]
5869,62,[]
5958,6,[]
5969,8,[]
5982,10,[]
5997,14,[]
6016,12,[]
6033,9,[]
6047,13,[]
6065,15,[]
6085,13,[]
6103,14,[]
6122,13,[]
6140,15,[]
6160,12,[]
6177,13,[]
6195,13,[]
6213,13,[]
6231,13,[]
6249,13,[]
6267,13,[]
6285,14,[]
6304,13,[]
6322,13,[]
6340,12,[]
6357,13,[]
6375,14,[]
6394,13,[]
6412,12,[]
6429,13,[]
6447,9,[]
0,21,[]
27,1,[]
34,8,[]
48,13,[]
67,14,[]
87,13,[]
106,12,[]
124,12,[]
142,11,[]
159,13,[]
178,13,[]
197,12,[]
215,10,[]
231,10,[]
247,10,[]
263,10,[]
279,9,[]
294,9,[]
309,13,[]
328,18,[]
352,16,[]
374,13,[]
393,12,[]
411,18,[]
435,11,[]
452,8,[]
466,10,[]
482,16,[]
504,19,[]
529,24,[]
559,85,[]
669,25,[]
700,13,[]
719,11,[]
736,8,[]
750,10,[]
766,17,[]
789,16,[]
811,14,[]
831,14,[]
851,12,[]
869,16,[]
891,12,[]
909,15,[]
930,10,[]
946,10,[]
962,18,[]
986,12,[]
1004,11,[]
1021,12,[]
1039,17,[]
1062,11,[]
1079,11,[]
1096,14,[]
1116,14,[]
1136,16,[]
1158,16,[]
1180,15,[]
1201,16,[]
1223,17,[]
1246,67,[]
1338,16,[]
1360,11,[]
1377,16,[]
1399,14,[]
1419,13,[]
1438,16,[]
1460,13,[]
1479,13,[]
1498,14,[]
1518,17,[]
1541,16,[]
1563,14,[]
1583,12,[]
1601,11,[]
1618,16,[]
1640,11,[]
1657,14,[]
1677,12,[]
1695,11,[]
1712,13,[]
1731,7,[]
1744,7,[]
1757,8,[]
1771,9,[]
1786,9,[]
1801,10,[]
1817,8,[]
1831,13,[]
1850,3,[]
1859,98,[]
1982,9,[]
1997,7,[]
2010,9,[]
2025,10,[]
2041,8,[]
2055,10,[]
2071,14,[]
2091,14,[]
2111,16,[]
2133,15,[]
2154,14,[]
2174,16,[]
2196,14,[]
2216,15,[]
2237,17,[]
2260,16,[]
2282,14,[]
2302,14,[]
2322,16,[]
2344,13,[]
2363,14,[]
2383,9,[]
2398,12,[]
2416,12,[]
2434,12,[]
2452,14,[]
2472,12,[]
2490,13,[]
2509,14,[]
2529,74,[]
2628,16,[]
2650,12,[]
2668,12,[]
2686,14,[]
2706,13,[]
2725,14,[]
2745,15,[]
2766,16,[]
2788,16,[]
2810,14,[]
2830,15,[]
2851,15,[]
2872,19,[]
2897,14,[]
2917,13,[]
2936,16,[]
2958,11,[]
2975,16,[]
2997,15,[]
3018,13,[]
3037,13,[]
3056,12,[]
3074,13,[]
3093,13,[]
3112,16,[]
3134,18,[]
3158,19,[]
3183,18,[]
3207,19,[]
3232,75,[]
3332,18,[]
3356,17,[]
3379,18,[]
3403,21,[]
3430,21,[2, 3, 4, 5, 6, 7, 8, 9, 10]
3457,23,[]
3486,21,[]
3513,21,[]
3540,20,[]
3566,19,[]
3591,15,[]
3612,13,[]
3631,14,[]
3651,18,[]
3675,18,[]
3699,20,[]
3725,20,[]
3751,15,[]
3772,15,[]
3793,19,[]
3818,17,[]
3841,15,[]
3862,20,[]
3888,15,[]
3909,21,[]
3936,19,[]
3961,23,[]
3990,20,[]
4016,22,[]
4044,67,[]
4136,22,[]
4164,14,[]
4184,14,[]
4204,15,[]
4225,17,[]
4248,15,[]
4269,17,[]
4292,15,[]
4313,16,[]
4335,15,[]
4356,11,[]
4373,17,[]
4396,15,[]
4417,14,[]
4437,18,[]
4461,15,[]
4482,18,[]
4506,13,[]
4525,14,[]
4545,17,[]
4568,14,[]
4588,13,[]
4607,15,[]
4628,16,[]
4650,17,[]
4673,14,[]
4693,18,[]
4717,16,[]
4739,14,[]
4759,71,[]
4855,6,[]
4867,14,[]
4887,13,[]
4906,13,[]
4925,16,[]
4947,11,[]
4964,11,[]
4981,13,[]
5000,13,[]
5019,17,[]
5042,14,[]
5062,11,[]
5079,12,[]
5097,15,[]
5118,15,[]
5139,12,[]
5157,12,[]
5175,14,[]
5195,16,[]
5217,15,[]
5238,12,[]
5256,11,[]
5273,15,[]
5294,15,[]
5315,12,[]
5333,12,[]
5351,12,[]
5369,14,[]
5389,12,[]
5407,81,[]
5513,5,[]
5524,16,[]
5546,13,[]
5565,12,[]
5583,9,[]
5598,13,[]
5617,11,[]
5634,12,[]
5652,10,[]
5668,14,[]
5688,16,[]
5710,14,[]
5730,14,[]
5750,17,[]
5773,15,[]
5794,16,[]
5816,14,[]
5836,16,[]
5858,16,[]
5880,19,[]
5905,17,[]
5928,18,[]
5952,19,[]
5977,18,[]
6001,17,[]
6024,18,[]
6048,18,[]
6072,18,[]
6096,15,[]
6117,76,[]
6218,8,[]
6232,24,[]
6262,13,[]
6281,12,[]
6299,10,[]
6315,14,[]
6335,13,[]
6354,11,[]
6371,10,[]
6387,13,[]
6406,10,[]
6422,14,[]
6442,15,[]
6463,18,[]
6487,13,[]
6506,14,[]
6526,14,[]
6546,14,[]
6566,14,[]
6586,15,[]
6607,16,[]
6629,16,[]
6651,13,[]
6670,15,[]
6691,15,[]
6712,17,[]
6735,15,[]
6756,18,[]
6780,18,[]
0,19,[]
24,1,[]
30,7,[]
42,9,[]
56,10,[]
71,9,[]
85,6,[]
96,11,[]
112,8,[]
125,9,[]
139,10,[]
154,13,[]
172,15,[]
192,14,[]
211,17,[]
233,15,[]
253,23,[]
281,14,[]
300,16,[]
321,18,[]
344,26,[20, 21, 22, 23, 24, 25]
375,17,[]
397,23,[]
425,22,[]
452,14,[]
471,22,[]
498,13,[]
516,25,[]
546,11,[]
562,23,[]
590,152,[]
776,2,[]
783,19,[]
807,2,[]
814,7,[]
826,10,[]
841,18,[]
864,18,[]
887,6,[]
898,10,[]
913,14,[]
932,20,[]
957,6,[]
968,20,[]
993,19,[]
1017,24,[]
1046,7,[]
1058,17,[]
1080,19,[]
1104,11,[]
1120,19,[]
1144,6,[]
1155,12,[]
1172,19,[]
1196,22,[]
1223,8,[]
1236,17,[]
1258,15,[]
1278,8,[]
1291,13,[]
1309,99,[]
1442,8,[]
1455,4,[]
1464,6,[]
1475,2,[]
1482,16,[]
1503,19,[]
1527,13,[]
1545,17,[]
1567,7,[]
1579,13,[]
1597,12,[]
1614,15,[]
1634,8,[]
1647,15,[]
1667,6,[]
1678,16,[]
1699,14,[]
1718,8,[]
1731,14,[]
1750,6,[]
1761,18,[]
1784,4,[]
1793,19,[]
1817,4,[]
1826,17,[]
1848,14,[]
1867,6,[]
1878,20,[]
1903,5,[]
1913,99,[]
2046,23,[]
2074,6,[]
2085,17,[]
2107,7,[]
2119,15,[8, 9, 10, 11, 12, 13, 14]
2139,11,[]
2155,16,[]
2176,5,[]
2186,15,[]
2206,8,[]
2219,21,[]
2245,15,[8, 9, 10, 11, 12, 13, 14]
2265,7,[]
2277,15,[]
2297,14,[]
2316,18,[]
2339,10,[]
2354,16,[]
2375,9,[]
2389,19,[]
2413,10,[]
2428,20,[]
2453,16,[]
2474,15,[]
2494,19,[]
2518,10,[]
2533,19,[]
2557,11,[]
2573,18,[]
2596,103,[]
2733,1,[]
2739,1,[]
2745,2,[]
2752,15,[]
2772,8,[]
2785,13,[]
2803,7,[]
2815,16,[]
2836,18,[]
2859,7,[]
2871,19,[]
2895,8,[]
2908,16,[]
2929,11,[]
2945,15,[]
2965,10,[]
2980,18,[]
3003,9,[]
3017,19,[]
3041,20,[]
3066,11,[]
3082,8,[]
3095,15,[]
3115,23,[]
3143,18,[]
3166,9,[]
3180,18,[]
3203,11,[]
3219,15,[]
3239,106,[]
3379,18,[]
3402,6,[]
3413,20,[]
3438,8,[]
3451,12,[]
3468,15,[]
3488,8,[]
3501,20,[]
3526,19,[]
3550,19,[]
3574,10,[]
3589,7,[]
3601,18,[]
3624,9,[]
3638,23,[]
3666,9,[]
3680,26,[]
3711,10,[]
3726,24,[]
3755,8,[]
3768,23,[]
3796,13,[]
3814,20,[]
3839,12,[]
3856,18,[]
3879,24,[]
3908,17,[]
3930,26,[]
3961,7,[]
3973,108,[]
4115,2,[]
4122,14,[]
4141,15,[]
4161,13,[]
4179,17,[]
4201,6,[]
4212,11,[]
4228,13,[]
4246,21,[]
4272,20,[]
4297,10,[]
4312,20,[]
4337,10,[]
4352,22,[]
4379,28,[]
4412,9,[]
4426,14,[]
4445,21,[]
4471,8,[]
4484,22,[]
4511,21,[]
4537,9,[]
4551,24,[]
4580,10,[]
4595,19,[]
4619,10,[]
4634,25,[]
4664,9,[]
4678,26,[]
4709,104,[]
4847,19,[]
4871,6,[]
4882,10,[]
4897,24,[]
4926,17,[]
4948,10,[]
4963,19,[]
4987,9,[]
5001,21,[]
5027,5,[]
5037,18,[]
5060,13,[]
5078,20,[]
5103,5,[]
5113,25,[]
5143,6,[]
5154,12,[]
5171,17,[]
5193,11,[]
5209,17,[]
5231,11,[]
5247,17,[]
5269,9,[]
5283,18,[]
5306,18,[]
5329,11,[]
5345,19,[]
5369,8,[]
5382,17,[]
5404,106,[]
5544,10,[]
5559,10,[]
5574,16,[]
5595,4,[]
5604,13,[]
5622,6,[]
5633,18,[]
5656,19,[]
5680,5,[]
5690,17,[]
5712,5,[]
5722,11,[]
5738,6,[]
5749,14,[]
5768,16,[]
5789,6,[]
5800,15,[]
5820,9,[]
5834,17,[]
5856,7,[]
5868,18,[]
5891,7,[]
5903,20,[]
5928,17,[]
5950,7,[]
5962,15,[]
5982,8,[]
5995,26,[]
6026,6,[]
6037,98,[]
6169,1,[]
6175,21,[]
6201,15,[]
6221,8,[]
6234,9,[]
6248,9,[]
6262,18,[]
6285,9,[]
6299,17,[]
6321,16,[]
6342,13,[]
6360,18,[]
6383,8,[]
6396,17,[]
6418,9,[]
6432,10,[]
6447,9,[]
6461,23,[]
6489,17,[]
6511,7,[]
6523,19,[]
6547,8,[]
6560,19,[]
6584,6,[]
6595,15,[]
6615,13,[]
6633,9,[]
6647,9,[]
6661,7,[]
0,45,[]
83,7,[]
95,15,[]
115,17,[]
137,18,[]
160,17,[]
182,16,[]
203,17,[]
225,16,[]
246,14,[]
265,15,[]
285,13,[]
303,16,[]
324,16,[]
345,19,[]
369,16,[]
390,18,[]
413,18,[]
436,18,[]
459,21,[]
485,19,[]
509,18,[]
532,22,[]
559,19,[0, 1, 2, 3, 4, 5]
583,20,[]
608,20,[]
633,20,[]
658,15,[]
678,19,[]
702,18,[]
725,107,[]
870,8,[]
883,14,[]
902,10,[]
917,6,[]
928,10,[]
943,12,[]
960,16,[]
981,13,[]
999,11,[]
1015,13,[]
1033,15,[]
1053,12,[]
1070,13,[]
1088,13,[]
1106,13,[]
1124,12,[]
1141,14,[]
1160,14,[]
1179,13,[]
1197,15,[]
1217,12,[]
1234,13,[]
1252,12,[]
1269,19,[]
1293,15,[]
1313,11,[]
1329,15,[]
1349,12,[]
1366,13,[]
1384,100,[]
1522,4,[]
1531,7,[]
1543,8,[]
1556,9,[]
1570,14,[]
1589,9,[]
1603,11,[]
1619,11,[]
1635,12,[]
1652,11,[]
1668,13,[]
1686,12,[]
1703,12,[]
1720,15,[]
1740,14,[]
1759,12,[]
1776,13,[]
1794,11,[]
1810,13,[]
1828,10,[]
1843,10,[]
1858,10,[]
1873,12,[]
1890,10,[]
1905,11,[]
1921,10,[]
1936,11,[]
1952,13,[]
1970,13,[]
1988,110,[]
2136,3,[]
2144,6,[]
2155,8,[]
2168,9,[]
2182,9,[]
2196,10,[]
2211,8,[]
2224,10,[]
2239,9,[]
2253,14,[]
2272,13,[]
2290,12,[]
2307,15,[]
2327,13,[]
2345,12,[]
2362,14,[]
2381,12,[]
2398,9,[]
2412,13,[]
2430,12,[]
2447,10,[]
2462,11,[]
2478,10,[]
2493,11,[]
2509,10,[]
2524,11,[]
2540,13,[]
2558,14,[]
2577,11,[]
2593,123,[]
2754,3,[]
2762,4,[]
2771,6,[]
2782,9,[]
2796,9,[]
2810,10,[]
2825,11,[]
2841,11,[]
2857,11,[]
2873,12,[]
2890,12,[]
2907,10,[]
2922,12,[]
2939,13,[]
2957,15,[]
2977,10,[]
2992,12,[]
3009,13,[]
3027,14,[]
3046,10,[]
3061,20,[]
3086,16,[]
3107,16,[]
3128,11,[]
3144,13,[]
3162,14,[]
3181,16,[]
3202,13,[]
3220,14,[]
3239,149,[]
3426,5,[]
3436,7,[]
3448,10,[]
3463,11,[]
3479,11,[]
3495,8,[]
3508,11,[]
3524,11,[]
3540,10,[]
3555,13,[]
3573,15,[]
3593,16,[]
3614,15,[]
3634,15,[]
3654,11,[]
3670,14,[]
3689,13,[]
3707,11,[]
3723,13,[]
3741,13,[]
3759,15,[]
3779,14,[]
3798,14,[]
3817,11,[]
3833,15,[]
3853,12,[]
3870,10,[]
3885,15,[]
3905,11,[]
3921,154,[]
4113,4,[]
4122,5,[]
4132,6,[]
4143,10,[]
4158,11,[]
4174,8,[]
4187,10,[]
4202,10,[]
4217,12,[]
4234,15,[]
4254,11,[]
4270,12,[]
4287,14,[]
4306,15,[]
4326,12,[1, 2, 3, 4, 5, 6, 7, 8]
4343,15,[]
4363,14,[]
4382,15,[]
4402,12,[]
4419,15,[]
4439,16,[]
4460,14,[]
4479,13,[]
4497,15,[]
4517,17,[]
4539,16,[]
4560,16,[]
4581,16,[]
4602,18,[]
4625,126,[]
4789,9,[]
4803,13,[]
4821,14,[]
4840,16,[]
4861,16,[]
4882,15,[]
4902,18,[]
4925,15,[]
4945,17,[]
4967,17,[]
4989,17,[]
5011,16,[]
5032,18,[]
5055,17,[]
5077,18,[1, 2, 3, 4, 5, 6, 7, 8, 9]
5100,18,[]
5123,17,[]
5145,16,[]
5166,19,[]
5190,18,[]
5213,18,[]
5236,18,[]
5259,17,[]
5281,17,[]
5303,19,[]
5327,18,[]
5350,18,[]
5373,18,[]
5396,20,[]
5421,101,[]
5560,10,[]
5575,12,[]
5592,15,[]
5612,16,[]
5633,16,[]
5654,17,[]
5676,15,[]
5696,16,[]
5717,16,[]
5738,18,[]
5761,16,[]
5782,17,[]
5804,15,[]
5824,18,[]
5847,17,[]
5869,14,[]
5888,15,[]
5908,18,[]
5931,17,[]
5953,18,[]
5976,17,[]
5998,16,[]
6019,17,[]
6041,16,[]
6062,15,[]
6082,15,[]
6102,14,[]
6121,15,[]
6141,13,[]
6159,92,[]
6289,4,[]
6298,7,[]
6310,7,[]
6322,8,[]
6335,8,[]
6348,9,[]
6362,7,[]
6374,9,[]
6388,9,[]
6402,9,[]
6416,11,[]
6432,11,[]
6448,11,[]
6464,13,[]
6482,12,[]
6499,13,[]
6517,15,[]
6537,15,[]
6557,12,[]
6574,16,[]
6595,14,[]
6614,16,[]
6635,15,[]
6655,16,[]
6676,13,[]
6694,16,[]
6715,13,[]
6733,14,[]
6752,15,[]
0,58,[]
105,1,[]
111,6,[]
122,8,[]
135,10,[]
150,11,[]
166,10,[]
181,14,[]
200,13,[]
218,15,[]
238,11,[]
254,18,[]
277,19,[]
301,15,[]
321,17,[]
343,13,[]
361,13,[]
379,7,[]
391,14,[]
410,17,[]
432,18,[]
455,7,[]
467,15,[]
487,16,[]
508,16,[]
529,13,[]
547,14,[7, 8, 9, 10, 11, 12]
566,22,[]
593,18,[]
616,14,[]
635,172,[]
854,7,[]
866,12,[]
883,13,[]
901,1,[]
907,10,[]
922,10,[]
937,13,[]
955,22,[]
982,10,[]
997,19,[]
1021,15,[8, 9, 10, 11, 12, 13, 14]
1041,16,[]
1062,9,[]
1076,21,[]
1102,8,[]
1115,14,[]
1134,11,[]
1150,13,[]
1168,11,[]
1184,17,[]
1206,12,[]
1223,14,[]
1242,13,[]
1260,14,[]
1279,12,[]
1296,11,[]
1312,15,[]
1332,15,[]
1352,13,[]
1370,162,[]
1579,6,[]
1590,2,[]
1597,12,[]
1614,13,[]
1632,10,[]
1647,11,[]
1663,13,[]
1681,16,[]
1702,14,[]
1721,18,[]
1744,12,[]
1761,16,[]
1782,11,[]
1798,11,[]
1814,10,[]
1829,26,[]
1860,15,[]
1880,16,[]
1901,20,[]
1926,17,[]
1948,16,[]
1969,15,[]
1989,12,[]
2006,16,[]
2027,16,[]
2048,15,[]
2068,11,[]
2084,16,[]
2105,13,[]
2123,157,[]
2327,7,[]
2339,6,[]
2350,11,[]
2366,13,[]
2384,13,[]
2402,10,[]
2417,17,[]
2439,19,[]
2463,14,[]
2482,9,[]
2496,15,[]
2516,13,[]
2534,15,[]
2554,16,[]
2575,17,[]
2597,17,[]
2619,10,[]
2634,18,[]
2657,11,[]
2673,21,[]
2699,14,[]
2718,17,[]
2740,21,[]
2766,21,[]
2792,21,[]
2818,12,[]
2835,20,[]
2860,20,[]
2885,13,[]
2903,138,[]
3088,3,[]
3096,5,[]
3106,7,[]
3118,11,[]
3134,10,[]
3149,11,[]
3165,10,[]
3180,13,[]
3198,12,[]
3215,13,[]
3233,9,[]
3247,15,[]
3267,12,[]
3284,10,[]
3299,15,[]
3319,16,[]
3340,10,[]
3355,9,[]
3369,11,[]
3385,15,[]
3405,11,[]
3421,17,[]
3443,16,[]
3464,13,[]
3482,9,[]
3496,12,[]
3513,10,[]
3528,11,[]
3544,14,[]
3563,133,[]
3743,5,[]
3753,5,[]
3763,5,[]
3773,8,[]
3786,7,[]
3798,9,[]
3812,6,[]
3823,7,[]
3835,11,[]
3851,14,[]
3870,10,[]
3885,17,[]
3907,15,[]
3927,17,[]
3949,12,[]
3966,11,[]
3982,10,[]
3997,11,[]
4013,13,[]
4031,16,[]
4052,14,[]
4071,12,[]
4088,17,[]
4110,10,[]
4125,12,[]
4142,11,[]
4158,10,[]
4173,14,[]
4192,15,[]
4212,146,[]
4405,1,[]
4411,3,[]
4419,6,[]
4430,9,[]
4444,10,[]
4459,8,[]
4472,10,[]
4487,24,[]
4516,10,[]
4531,7,[]
4543,18,[]
4566,16,[]
4587,14,[]
4606,15,[]
4626,12,[]
4643,15,[]
4663,9,[]
4677,17,[]
4699,16,[]
4720,16,[]
4741,10,[]
4756,15,[]
4776,17,[]
4798,13,[]
4816,14,[]
4835,12,[]
4852,20,[]
4877,18,[]
4900,18,[]
4923,142,[]
5112,3,[]
5120,6,[]
5131,7,[]
5143,10,[]
5158,6,[]
5169,9,[]
5183,10,[]
5198,15,[]
5218,7,[]
5230,17,[]
5252,12,[]
5269,13,[]
5287,12,[]
5304,13,[0, 1, 2, 3, 4, 5, 6]
5322,21,[]
5348,7,[]
5360,15,[]
5380,13,[]
5398,13,[]
5416,15,[]
5436,12,[]
5453,12,[]
5470,14,[]
5489,18,[]
5512,4,[]
5521,14,[]
5540,13,[]
5558,16,[]
5579,10,[]
5594,131,[]
5772,4,[]
5781,5,[]
5791,6,[]
5802,9,[]
5816,6,[]
5827,9,[]
5841,10,[]
5856,11,[]
5872,12,[]
5889,11,[]
5905,8,[]
5918,12,[]
5935,12,[]
5952,11,[]
5968,11,[]
5984,14,[]
6003,7,[]
6015,14,[]
6034,12,[]
6051,10,[]
6066,16,[]
6087,14,[]
6106,16,[]
6127,13,[]
6145,12,[]
6162,15,[]
6182,9,[]
6196,15,[]
6216,12,[]
6233,134,[]
6414,1,[]
6420,5,[]
6430,6,[]
6441,9,[]
6455,7,[]
6467,10,[]
6482,8,[]
6495,13,[3, 4, 5, 6, 7, 8, 9]
6513,10,[]
6528,14,[]
6547,15,[]
6567,7,[]
6579,12,[]
6596,17,[]
6618,9,[]
6632,14,[]
6651,13,[]
6669,13,[]
6687,8,[]
6700,13,[]
6718,15,[]
6738,16,[]
6759,14,[]
6778,16,[]
6799,8,[]
6812,13,[]
6830,10,[]
6845,12,[]
6862,10,[]
0,22,[]
28,2,[]
36,8,[]
50,13,[]
69,10,[]
85,9,[]
100,8,[]
114,9,[]
129,13,[]
148,5,[]
159,6,[]
171,6,[]
183,7,[]
196,7,[]
209,13,[]
228,14,[]
248,19,[]
273,16,[]
295,16,[]
317,19,[]
342,15,[]
363,15,[]
384,6,[]
396,6,[]
408,9,[]
423,13,[]
442,10,[]
458,12,[]
476,15,[]
497,17,[]
520,124,[]
672,19,[]
697,14,[]
717,8,[]
731,5,[]
742,10,[]
758,12,[]
776,10,[]
792,11,[]
809,12,[]
827,11,[]
844,13,[]
863,9,[]
878,9,[]
893,13,[]
912,8,[]
926,12,[]
944,15,[8, 9, 10, 11, 12, 13, 14]
965,9,[]
980,11,[]
997,11,[]
1014,9,[]
1029,8,[]
1043,8,[]
1057,10,[]
1073,8,[]
1087,9,[]
1102,11,[]
1119,14,[]
1139,8,[]
1153,120,[]
1301,6,[]
1313,9,[]
1328,10,[]
1344,9,[]
1359,10,[]
1375,9,[]
1390,12,[]
1408,11,[]
1425,14,[]
1445,11,[]
1462,11,[]
1479,12,[]
1497,11,[]
1514,15,[]
1535,16,[]
1557,19,[]
1582,19,[]
1607,20,[]
1633,18,[]
1657,19,[]
1682,19,[]
1707,20,[]
1733,18,[]
1757,23,[]
1786,23,[]
1815,23,[]
1844,20,[]
1870,20,[]
1896,18,[]
1920,98,[]
2046,15,[]
2067,20,[]
2093,18,[]
2117,20,[]
2143,19,[]
2168,20,[]
2194,20,[]
2220,22,[]
2248,24,[]
2278,22,[]
2306,21,[]
2333,20,[]
2359,24,[]
2389,23,[]
2418,25,[]
2449,22,[]
2477,23,[]
2506,24,[]
2536,22,[]
2564,27,[]
2597,31,[]
2634,23,[]
2663,23,[]
2692,23,[]
2721,19,[]
2746,22,[]
2774,19,[]
2799,24,[]
2829,20,[]
2855,91,[]
2974,10,[]
2990,13,[]
3009,14,[]
3029,20,[]
3055,18,[]
3079,19,[]
3104,18,[]
3128,20,[]
3154,18,[]
3178,19,[]
3203,18,[]
3227,15,[]
3248,16,[]
3270,14,[]
3290,18,[]
3314,15,[]
3335,18,[]
3359,15,[]
3380,18,[]
3404,15,[]
3425,16,[]
3447,16,[]
3469,16,[]
3491,16,[]
3513,17,[]
3536,16,[]
3558,16,[]
3580,16,[]
3602,15,[]
3623,72,[]
3723,8,[]
3737,10,[]
3753,11,[]
3770,12,[]
3788,12,[]
3806,13,[]
3825,11,[]
3842,13,[]
3861,14,[]
3881,12,[]
3899,13,[]
3918,14,[]
3938,10,[]
3954,12,[]
3972,14,[]
3992,14,[]
4012,14,[]
4032,16,[]
4054,15,[]
4075,14,[]
4095,14,[]
4115,15,[]
4136,15,[]
4157,18,[]
4181,17,[]
4204,16,[]
4226,17,[]
4249,17,[]
4272,15,[]
4293,66,[]
4387,6,[]
4399,10,[]
4415,10,[]
4431,13,[]
4450,12,[]
4468,13,[]
4487,11,[]
4504,13,[]
4523,12,[]
4541,13,[]
4560,14,[]
4580,14,[]
4600,12,[]
4618,13,[]
4637,15,[]
4658,14,[]
4678,15,[]
4699,14,[0, 1, 2, 3, 4, 5, 6, 7]
4719,16,[]
4741,14,[]
4761,15,[]
4782,13,[]
4801,16,[]
4823,15,[]
4844,16,[]
4866,14,[]
4886,17,[]
4909,13,[]
4928,15,[]
4949,64,[]
5041,8,[]
5055,9,[]
5070,15,[]
5091,10,[]
5107,10,[]
5123,11,[]
5140,11,[]
5157,12,[]
5175,14,[]
5195,12,[]
5213,11,[]
5230,12,[]
5248,12,[]
5266,14,[]
5286,11,[]
5303,14,[]
5323,13,[]
5342,16,[]
5364,13,[]
5383,14,[]
5403,14,[]
5423,14,[]
5443,14,[]
5463,15,[]
5484,14,[]
5504,15,[]
5525,13,[]
5544,16,[]
5566,14,[]
5586,64,[]
5678,8,[]
5692,12,[]
5710,12,[]
5728,12,[]
5746,12,[]
5764,11,[]
5781,11,[]
5798,12,[]
5816,13,[]
5835,13,[]
5854,13,[]
5873,15,[]
5894,12,[]
5912,11,[]
5929,14,[]
5949,13,[]
5968,12,[]
5986,13,[]
6005,13,[]
6024,16,[]
6046,13,[]
6065,14,[]
6085,13,[]
6104,14,[]
6124,13,[]
6143,14,[]
6163,11,[]
6180,12,[]
6198,11,[]
6215,72,[]
6315,6,[]
6327,7,[]
6340,7,[]
6353,8,[]
6367,9,[]
6382,11,[]
6399,11,[]
6416,12,[]
6434,11,[]
6451,16,[]
6473,14,[]
6493,15,[]
6514,14,[]
6534,15,[]
6555,14,[]
6575,16,[]
6597,12,[]
6615,15,[]
6636,15,[]
6657,16,[]
6679,15,[]
6700,15,[]
6721,17,[]
6744,15,[]
6765,16,[]
6787,17,[]
6810,15,[]
6831,14,[]
6851,14,[]
0,17,[]
22,1,[]
28,6,[]
39,10,[]
54,7,[]
66,7,[]
78,8,[]
91,7,[]
103,8,[]
116,8,[]
129,6,[]
140,5,[]
150,14,[]
169,14,[]
188,19,[]
212,18,[]
235,11,[]
251,11,[]
267,17,[]
289,15,[]
309,13,[]
327,13,[]
345,19,[]
369,16,[]
390,15,[]
410,14,[]
429,15,[]
449,15,[]
469,15,[]
489,14,[]
508,140,[]
686,12,[]
703,8,[]
716,5,[]
726,2,[]
733,9,[]
747,11,[]
763,11,[]
779,12,[]
796,9,[]
810,13,[]
828,8,[]
841,11,[]
857,11,[]
873,12,[]
890,14,[]
909,10,[]
924,10,[]
939,12,[]
956,12,[]
973,13,[]
991,13,[]
1009,12,[]
1026,12,[]
1043,11,[]
1059,14,[]
1078,15,[]
1098,12,[]
1115,15,[]
1135,11,[]
1151,119,[]
1308,6,[]
1319,14,[]
1338,14,[]
1357,12,[]
1374,14,[]
1393,11,[]
1409,16,[]
1430,15,[]
1450,14,[]
1469,16,[]
1490,17,[]
1512,11,[]
1528,19,[]
1552,19,[]
1576,16,[]
1597,21,[]
1623,20,[]
1648,13,[]
1666,18,[]
1689,15,[]
1709,18,[]
1732,18,[]
1755,20,[]
1780,11,[]
1796,19,[]
1820,22,[]
1847,16,[]
1868,18,[]
1891,18,[]
1914,122,[]
2074,9,[]
2088,12,[]
2105,13,[]
2123,15,[]
2143,15,[]
2163,14,[]
2182,17,[]
2204,20,[]
2229,19,[]
2253,15,[]
2273,11,[]
2289,12,[]
2306,15,[]
2326,16,[]
2347,16,[]
2368,16,[]
2389,16,[]
2410,10,[]
2425,18,[]
2448,23,[]
2476,17,[]
2498,16,[]
2519,18,[]
2542,15,[]
2562,17,[]
2584,14,[]
2603,15,[]
2623,17,[]
2645,12,[]
2662,122,[]
2822,7,[]
2834,10,[]
2849,12,[]
2866,13,[]
2884,11,[]
2900,13,[]
2918,13,[]
2936,16,[]
2957,16,[]
2978,15,[]
2998,15,[]
3018,12,[]
3035,15,[]
3055,17,[]
3077,16,[]
3098,17,[]
3120,16,[]
3141,9,[]
3155,17,[2, 3, 4, 5, 6, 7, 8, 9, 10]
3177,14,[]
3196,16,[]
3217,12,[]
3234,13,[]
3252,13,[]
3270,16,[]
3291,14,[]
3310,14,[]
3329,15,[]
3349,9,[]
3363,127,[]
3528,6,[]
3539,9,[]
3553,11,[]
3569,11,[]
3585,10,[]
3600,9,[]
3614,14,[]
3633,14,[]
3652,14,[]
3671,14,[]
3690,14,[]
3709,12,[]
3726,16,[]
3747,17,[]
3769,15,[]
3789,9,[]
3803,14,[]
3822,13,[]
3840,14,[]
3859,16,[]
3880,15,[]
3900,14,[]
3919,14,[]
3938,17,[4, 5, 6, 7, 8, 9, 10]
3960,12,[]
3977,15,[]
3997,12,[]
4014,15,[]
4034,13,[]
4052,125,[]
4215,7,[]
4227,15,[]
4247,15,[]
4267,14,[]
4286,12,[]
4303,10,[]
4318,8,[]
4331,14,[2, 3, 4, 5, 6, 7]
4350,14,[]
4369,16,[]
4390,16,[]
4411,14,[]
4430,17,[]
4452,18,[]
4475,18,[]
4498,20,[]
4523,15,[]
4543,12,[]
4560,14,[]
4579,15,[]
4599,12,[]
4616,15,[]
4636,18,[]
4659,12,[]
4676,19,[]
4700,15,[]
4720,14,[]
4739,17,[]
4761,14,[]
4780,120,[]
4938,6,[]
4949,10,[]
4964,11,[]
4980,12,[]
4997,12,[]
5014,9,[]
5028,13,[]
5046,16,[]
5067,14,[]
5086,15,[]
5106,14,[]
5125,17,[]
5147,10,[]
5162,14,[]
5181,16,[]
5202,16,[]
5223,12,[]
5240,9,[]
5254,11,[]
5270,13,[]
5288,15,[]
5308,12,[]
5325,13,[]
5343,15,[]
5363,9,[]
5377,13,[]
5395,12,[]
5412,15,[]
5432,13,[]
5450,110,[]
5598,4,[]
5607,5,[]
5617,9,[]
5631,8,[]
5644,10,[]
5659,10,[]
5674,9,[]
5688,12,[]
5705,10,[]
5720,11,[]
5736,12,[]
5753,7,[]
5765,12,[3, 4, 5, 6, 7, 8, 9]
5782,13,[]
5800,11,[]
5816,14,[]
5835,14,[]
5854,9,[]
5868,34,[]
5907,20,[]
5932,14,[]
5951,16,[]
5972,16,[]
5993,8,[]
6006,15,[]
6026,18,[]
6049,14,[]
6068,13,[]
6086,12,[]
6103,97,[]
6238,6,[]
6249,7,[]
6261,8,[]
6274,9,[]
6288,8,[]
6301,6,[]
6312,10,[]
6327,12,[]
6344,10,[]
6359,28,[]
6392,19,[]
6416,10,[]
6431,12,[]
6448,11,[]
6464,11,[]
6480,12,[]
6497,11,[]
6513,11,[]
6529,11,[]
6545,14,[]
6564,12,[]
6581,13,[]
6599,11,[]
6615,17,[]
6637,21,[]
6663,16,[]
6684,17,[]
6706,20,[14, 15, 16, 17, 18, 19]
6731,14,[]
0,34,[]
39,5,[]
49,11,[]
65,6,[]
76,8,[]
89,12,[6, 7, 8, 9, 10, 11]
106,14,[]
125,9,[]
139,15,[]
159,14,[]
178,14,[]
197,15,[]
217,15,[]
237,12,[]
254,17,[]
276,14,[]
295,15,[]
315,6,[]
326,16,[]
347,14,[]
366,13,[]
384,11,[]
400,15,[]
420,18,[]
443,18,[]
466,16,[]
487,21,[]
513,17,[]
535,12,[]
552,14,[]
571,129,[]
729,17,[]
751,2,[]
758,11,[]
774,6,[]
785,12,[]
802,16,[]
823,16,[]
844,11,[]
860,16,[]
881,16,[]
902,14,[]
921,8,[]
934,15,[]
954,13,[]
972,14,[]
991,12,[]
1008,15,[]
1028,17,[]
1050,17,[]
1072,15,[]
1092,16,[]
1113,10,[]
1128,19,[]
1152,20,[]
1177,23,[]
1205,30,[]
1240,5,[]
1250,25,[]
1280,23,[]
1308,80,[]
1417,17,[]
1439,18,[]
1462,6,[]
1473,19,[]
1497,20,[]
1522,17,[1, 2, 3, 4, 5, 6]
1544,9,[]
1558,20,[]
1583,22,[]
1610,23,[]
1638,21,[]
1664,21,[]
1690,12,[]
1707,42,[]
1778,22,[]
1805,19,[]
1829,9,[]
1843,30,[]
1878,19,[]
1902,18,[]
1925,22,[]
1952,7,[]
1964,23,[]
1992,19,[]
2016,20,[]
2041,19,[]
2065,21,[]
2091,10,[]
2106,19,[]
2130,80,[]
2239,13,[]
2257,5,[]
2267,17,[]
2289,17,[]
2311,16,[]
2332,16,[]
2353,19,[]
2377,9,[]
2391,19,[]
2415,25,[]
2445,9,[]
2459,21,[]
2485,4,[]
2494,20,[]
2519,5,[]
2529,20,[]
2554,10,[]
2569,18,[]
2592,7,[]
2604,18,[]
2627,7,[]
2639,17,[]
2661,7,[]
2673,18,[]
2696,8,[]
2709,17,[]
2731,7,[]
2743,30,[]
2778,7,[]
2790,77,[]
2896,1,[]
2902,10,[]
2917,6,[]
2928,15,[]
2948,7,[]
2960,16,[]
2981,9,[]
2995,18,[]
3018,10,[]
3033,17,[]
3055,9,[]
3069,16,[]
3090,9,[]
3104,16,[]
3125,7,[]
3137,14,[]
3156,10,[]
3171,15,[]
3191,8,[]
3204,14,[]
3223,8,[]
3236,18,[]
3259,4,[]
3268,16,[]
3289,9,[]
3303,19,[]
3327,10,[]
3342,20,[]
3367,9,[]
3381,92,[]
3502,1,[]
3508,12,[]
3525,4,[]
3534,16,[]
3555,6,[]
3566,15,[]
3586,6,[]
3597,16,[]
3618,7,[]
3630,16,[]
3651,7,[]
3663,18,[]
3686,8,[]
3699,20,[]
3724,8,[]
3737,21,[]
3763,10,[]
3778,20,[]
3803,8,[]
3816,18,[]
3839,7,[]
3851,18,[]
3874,7,[]
3886,18,[]
3909,9,[]
3923,19,[]
3947,7,[]
3959,35,[]
4023,6,[]
4034,87,[]
4150,1,[]
4156,16,[]
4177,7,[]
4189,17,[]
4211,6,[]
4222,19,[]
4246,7,[]
4258,19,[]
4282,8,[]
4295,21,[]
4321,8,[]
4334,23,[]
4362,9,[]
4376,24,[]
4405,8,[]
4418,24,[]
4447,8,[]
4460,23,[]
4488,8,[]
4501,22,[]
4528,8,[]
4541,20,[]
4566,8,[]
4579,21,[]
4605,10,[]
4620,20,[]
4645,6,[]
4656,20,[]
4681,9,[]
4695,88,[]
4812,1,[]
4818,17,[]
4840,5,[]
4850,23,[]
4878,5,[]
4888,20,[]
4913,8,[]
4926,19,[]
4950,8,[]
4963,22,[]
4990,8,[]
5003,19,[]
5027,7,[]
5039,21,[]
5065,8,[]
5078,23,[]
5106,9,[]
5120,21,[]
5146,6,[]
5157,22,[]
5184,6,[]
5195,21,[]
5221,9,[]
5235,22,[]
5262,6,[]
5273,20,[]
5298,7,[]
5310,32,[]
5347,7,[]
5359,85,[]
5473,1,[]
5479,14,[]
5498,8,[]
5511,17,[]
5533,5,[]
5543,19,[]
5567,7,[]
5579,19,[]
5603,8,[]
5616,21,[]
5642,9,[]
5656,21,[]
5682,8,[]
5695,20,[]
5720,7,[]
5732,25,[]
5762,7,[]
5774,22,[]
5801,6,[]
5812,21,[]
5838,9,[]
5852,21,[]
5878,6,[]
5889,24,[]
5918,6,[]
5929,24,[]
5958,6,[]
5969,25,[]
5999,9,[]
6013,75,[]
6117,1,[]
6123,20,[]
6148,7,[]
6160,20,[]
6185,6,[]
6196,21,[]
6222,6,[]
6233,19,[2, 3, 4, 5, 6, 7]
6257,7,[]
6269,17,[]
6291,9,[]
6305,18,[]
6328,6,[]
6339,17,[]
6361,6,[]
6372,17,[]
6394,8,[]
6407,17,[]
6429,7,[]
6441,19,[]
6465,8,[]
6478,20,[]
6503,8,[]
6516,18,[]
6539,8,[]
6552,17,[]
6574,8,[]
6587,29,[]
6621,8,[]
0,46,[]
73,14,[]
93,12,[]
111,4,[]
121,14,[]
141,15,[]
162,16,[]
184,12,[]
202,17,[]
225,15,[]
246,14,[]
266,14,[]
286,17,[]
309,14,[]
329,11,[]
346,11,[]
363,13,[]
382,14,[]
402,12,[]
420,11,[]
437,14,[]
457,18,[]
481,14,[]
501,15,[]
522,15,[]
543,18,[]
567,18,[]
591,18,[]
615,20,[]
641,19,[]
666,72,[]
765,15,[]
786,19,[]
811,18,[]
835,11,[]
852,11,[]
869,14,[]
889,17,[]
912,17,[]
935,18,[]
959,18,[]
983,21,[]
1010,17,[]
1033,20,[]
1059,17,[]
1082,13,[]
1101,15,[]
1122,13,[]
1141,14,[]
1161,17,[]
1184,14,[]
1204,15,[]
1225,21,[]
1252,15,[]
1273,17,[]
1296,14,[]
1316,16,[]
1338,14,[]
1358,16,[]
1380,13,[]
1399,78,[]
1504,6,[]
1516,8,[]
1530,11,[]
1547,16,[]
1569,11,[]
1586,12,[]
1604,10,[]
1620,13,[]
1639,11,[]
1656,19,[]
1681,13,[]
1700,12,[]
1718,11,[]
1735,16,[]
1757,14,[]
1777,13,[]
1796,12,[]
1814,14,[]
1834,12,[]
1852,17,[]
1875,11,[]
1892,15,[]
1913,13,[]
1932,15,[]
1953,19,[]
1978,11,[]
1995,12,[]
2013,11,[]
2030,14,[]
2050,89,[]
2166,6,[]
2178,10,[]
2194,10,[]
2210,12,[]
2228,10,[]
2244,10,[]
2260,12,[]
2278,12,[]
2296,14,[]
2316,14,[]
2336,12,[]
2354,22,[]
2382,12,[]
2400,12,[]
2418,15,[]
2439,16,[]
2461,14,[]
2481,14,[]
2501,12,[]
2519,14,[]
2539,13,[]
2558,14,[]
2578,14,[]
2598,14,[]
2618,13,[]
2637,14,[]
2657,18,[]
2681,17,[]
2704,10,[]
2720,85,[]
2832,4,[]
2842,12,[]
2860,10,[]
2876,12,[]
2894,15,[]
2915,15,[]
2936,12,[]
2954,14,[]
2974,11,[]
2991,15,[]
3012,13,[]
3031,15,[]
3052,11,[]
3069,13,[]
3088,13,[]
3107,15,[]
3128,11,[]
3145,14,[]
3165,13,[]
3184,17,[]
3207,14,[]
3227,16,[]
3249,15,[]
3270,15,[]
3291,15,[]
3312,18,[]
3336,16,[]
3358,20,[]
3384,17,[]
3407,71,[]
3505,10,[]
3521,11,[]
3538,15,[]
3559,17,[]
3582,14,[]
3602,16,[]
3624,16,[]
3646,17,[]
3669,16,[]
3691,17,[]
3714,17,[]
3737,20,[]
3763,19,[]
3788,16,[]
3810,16,[]
3832,15,[]
3853,16,[]
3875,16,[]
3897,13,[]
3916,26,[]
3948,13,[]
3967,13,[]
3986,14,[]
4006,19,[]
4031,16,[]
4053,16,[]
4075,16,[]
4097,14,[]
4117,13,[]
4136,78,[]
4241,8,[]
4255,10,[]
4271,12,[]
4289,21,[]
4316,12,[]
4334,9,[]
4349,15,[]
4370,18,[]
4394,15,[]
4415,16,[]
4437,14,[]
4457,14,[]
4477,13,[]
4496,14,[]
4516,20,[]
4542,17,[]
4565,11,[]
4582,12,[]
4600,10,[]
4616,18,[]
4640,14,[]
4660,15,[]
4681,19,[]
4706,12,[]
4724,11,[]
4741,12,[]
4759,16,[]
4781,16,[]
4803,12,[]
4821,84,[]
4932,6,[]
4944,12,[]
4962,10,[]
4978,15,[]
4999,12,[]
5017,14,[]
5037,13,[]
5056,18,[]
5080,10,[]
5096,14,[]
5116,11,[]
5133,13,[]
5152,13,[]
5171,15,[]
5192,12,[]
5210,16,[]
5232,10,[]
5248,15,[]
5269,11,[]
5286,14,[]
5306,13,[]
5325,14,[]
5345,13,[]
5364,13,[]
5383,13,[]
5402,14,[]
5422,13,[]
5441,18,[]
5465,10,[]
5481,85,[]
5593,5,[]
5604,11,[]
5621,14,[]
5641,17,[]
5664,11,[]
5681,12,[]
5699,10,[]
5715,13,[]
5734,14,[]
5754,13,[]
5773,13,[]
5792,14,[]
5812,16,[]
5834,10,[]
5850,11,[]
5867,20,[]
5893,11,[]
5910,12,[]
5928,10,[]
5944,11,[]
5961,17,[]
5984,15,[]
6005,14,[]
6025,20,[]
6051,13,[]
6070,14,[]
6090,13,[]
6109,14,[7, 8, 9, 10, 11, 12, 13]
6129,15,[]
6150,84,[]
6261,6,[]
6273,12,[]
6291,11,[]
6308,13,[]
6327,11,[]
6344,12,[]
6362,13,[]
6381,17,[]
6404,12,[]
6422,15,[]
6443,15,[]
6464,20,[]
6490,19,[]
6515,22,[]
6543,22,[]
6571,20,[6, 7, 8, 9, 10, 11, 12, 13, 14]
6597,20,[]
6623,19,[]
6648,18,[]
6672,19,[]
6697,19,[]
6722,18,[]
6746,19,[]
6771,20,[]
6797,16,[]
6819,17,[]
6842,17,[]
6865,16,[]
6887,15,[]
0,21,[]
27,5,[]
38,8,[]
52,15,[]
73,14,[]
93,11,[]
110,13,[]
129,12,[]
147,15,[]
168,12,[]
186,14,[]
206,12,[]
224,14,[]
244,11,[]
261,12,[]
279,14,[]
299,19,[]
324,20,[]
350,20,[]
376,22,[]
404,22,[]
432,14,[]
452,16,[]
474,15,[]
495,18,[]
519,14,[]
539,17,[]
562,19,[]
587,23,[]
616,16,[]
638,94,[]
758,29,[]
793,10,[]
809,8,[]
823,8,[]
837,11,[]
854,15,[]
875,12,[]
893,14,[]
913,11,[]
930,12,[]
948,12,[]
966,15,[]
987,15,[]
1008,14,[]
1028,14,[]
1048,15,[]
1069,11,[]
1086,16,[]
1108,13,[]
1127,15,[]
1148,12,[]
1166,14,[]
1186,14,[]
1206,13,[]
1225,14,[]
1245,15,[]
1266,12,[2, 3, 4, 5, 6, 7, 8, 9, 10]
1284,15,[]
1305,13,[]
1324,82,[]
1432,9,[]
1447,12,[]
1465,11,[]
1482,12,[]
1500,12,[]
1518,12,[]
1536,12,[]
1554,16,[]
1576,15,[]
1597,16,[]
1619,15,[]
1640,16,[]
1662,14,[]
1682,16,[]
1704,14,[]
1724,16,[]
1746,15,[]
1767,15,[]
1788,15,[]
1809,15,[]
1830,16,[]
1852,14,[]
1872,13,[]
1891,16,[]
1913,16,[]
1935,17,[]
1958,14,[]
1978,19,[]
2003,14,[]
2023,78,[]
2127,9,[]
2142,13,[]
2161,13,[]
2180,16,[]
2202,13,[]
2221,14,[]
2241,16,[]
2263,16,[]
2285,14,[]
2305,15,[]
2326,13,[]
2345,15,[]
2366,14,[]
2386,15,[]
2407,13,[]
2426,15,[]
2447,12,[]
2465,15,[]
2486,14,[]
2506,16,[]
2528,13,[]
2547,13,[]
2566,13,[]
2585,16,[]
2607,13,[]
2626,14,[]
2646,13,[]
2665,14,[]
2685,15,[]
2706,79,[]
2811,7,[]
2824,11,[]
2841,13,[]
2860,15,[]
2881,15,[]
2902,16,[]
2924,13,[]
2943,17,[]
2966,15,[]
2987,16,[]
3009,14,[]
3029,15,[]
3050,13,[]
3069,22,[]
3097,14,[]
3117,19,[]
3142,15,[]
3163,17,[]
3186,15,[]
3207,17,[]
3230,13,[]
3249,15,[]
3270,14,[]
3290,15,[]
3311,13,[]
3330,13,[]
3349,13,[]
3368,17,[]
3391,15,[]
3412,81,[]
3519,10,[]
3535,13,[]
3554,13,[]
3573,15,[]
3594,15,[]
3615,16,[]
3637,15,[]
3658,8,[]
3672,19,[]
3697,15,[]
3718,15,[]
3739,16,[]
3761,13,[]
3780,15,[]
3801,14,[]
3821,15,[]
3842,15,[]
3863,14,[]
3883,13,[]
3902,14,[]
3922,13,[]
3941,15,[]
3962,14,[]
3982,15,[]
4003,14,[1, 2, 3, 4, 5, 6, 7, 8]
4023,16,[]
4045,15,[]
4066,19,[]
4091,15,[]
4112,80,[]
4218,11,[]
4235,13,[]
4254,15,[]
4275,14,[]
4295,13,[]
4314,14,[]
4334,13,[]
4353,13,[]
4372,13,[]
4391,15,[]
4412,14,[]
4432,17,[]
4455,18,[]
4479,16,[]
4501,16,[]
4523,16,[]
4545,15,[]
4566,16,[]
4588,17,[]
4611,16,[]
4633,16,[]
4655,17,[]
4678,13,[]
4697,14,[]
4717,14,[]
4737,13,[]
4756,12,[]
4774,13,[]
4793,17,[]
4816,83,[]
4925,8,[]
4939,13,[]
4958,11,[]
4975,15,[]
4996,15,[]
5017,10,[]
5033,16,[]
5055,17,[]
5078,13,[]
5097,15,[]
5118,16,[]
5140,19,[]
5165,17,[]
5188,17,[]
5211,17,[]
5234,19,[]
5259,15,[]
5280,17,[]
5303,15,[]
5324,17,[]
5347,15,[]
5368,17,[]
5391,14,[]
5411,17,[]
5434,15,[]
5455,16,[]
5477,14,[]
5497,21,[]
5524,15,[]
5545,79,[]
5650,7,[]
5663,11,[]
5680,12,[]
5698,12,[]
5716,12,[]
5734,14,[]
5754,12,[]
5772,13,[]
5791,14,[]
5811,17,[]
5834,14,[]
5854,14,[]
5874,12,[]
5892,13,[]
5911,12,[]
5929,15,[]
5950,12,[]
5968,12,[]
5986,15,[]
6007,13,[]
6026,14,[]
6046,16,[]
6068,15,[]
6089,16,[]
6111,12,[]
6129,15,[]
6150,15,[]
6171,13,[]
6190,12,[]
6208,80,[]
6314,8,[0, 1, 2, 3, 4, 5, 6, 7]
6328,11,[]
6345,6,[]
6357,17,[]
6380,16,[]
6402,18,[]
6426,13,[]
6445,16,[]
6467,14,[]
6487,16,[]
6509,16,[]
6531,17,[]
6554,16,[]
6576,16,[]
6598,13,[]
6617,18,[]
6641,15,[]
6662,15,[]
6683,15,[]
6704,17,[]
6727,17,[]
6750,17,[]
6773,15,[]
6794,16,[]
6816,16,[]
6838,16,[]
6860,14,[]
6880,16,[]
6902,13,[]
0,17,[]
22,1,[]
28,9,[]
42,12,[]
59,11,[]
75,9,[]
89,10,[]
104,8,[]
117,9,[]
131,6,[]
142,8,[]
155,8,[]
168,10,[]
183,7,[]
195,9,[]
209,11,[]
225,14,[]
244,8,[]
257,12,[]
274,12,[]
291,19,[]
315,15,[]
335,16,[]
356,15,[]
376,12,[]
393,26,[]
424,9,[]
438,13,[]
456,17,[]
478,14,[]
497,100,[]
631,6,[]
642,5,[]
652,6,[]
663,8,[]
676,12,[]
693,17,[]
715,15,[]
735,15,[]
755,12,[]
772,13,[]
790,16,[]
811,14,[]
830,16,[]
851,13,[]
869,11,[]
885,13,[]
903,13,[]
921,14,[]
940,13,[]
958,14,[]
977,11,[]
993,12,[]
1010,13,[]
1028,15,[]
1048,25,[]
1078,16,[]
1099,11,[]
1115,15,[]
1135,10,[]
1150,104,[]
1288,7,[]
1300,5,[]
1310,12,[]
1327,11,[]
1343,12,[]
1360,12,[]
1377,10,[]
1392,13,[]
1410,12,[]
1427,12,[]
1444,10,[]
1459,11,[]
1475,11,[]
1491,14,[0, 1, 2, 3, 4, 5]
1510,10,[]
1525,11,[]
1541,10,[]
1556,11,[]
1572,13,[]
1590,15,[]
1610,12,[]
1627,11,[]
1643,11,[]
1659,14,[]
1678,13,[]
1696,23,[]
1724,16,[]
1745,15,[]
1765,11,[]
1781,103,[]
1918,7,[]
1930,11,[]
1946,12,[]
1963,13,[]
1981,13,[]
1999,16,[]
2020,12,[]
2037,9,[]
2051,13,[]
2069,14,[]
2088,13,[]
2106,17,[]
2128,13,[]
2146,14,[]
2165,14,[]
2184,18,[]
2207,16,[]
2228,17,[]
2250,15,[]
2270,18,[]
2293,16,[]
2314,16,[]
2335,16,[]
2356,18,[]
2379,15,[]
2399,15,[]
2419,26,[10, 11, 12, 13, 14, 15, 16, 17]
2450,13,[]
2468,13,[]
2486,104,[]
2624,7,[]
2636,9,[]
2650,11,[]
2666,15,[]
2686,12,[]
2703,12,[]
2720,13,[]
2738,16,[]
2759,15,[]
2779,15,[]
2799,15,[]
2819,15,[]
2839,14,[]
2858,8,[]
2871,15,[]
2891,15,[]
2911,14,[]
2930,14,[]
2949,14,[]
2968,17,[]
2990,16,[]
3011,15,[]
3031,14,[]
3050,17,[]
3072,9,[]
3086,13,[]
3104,15,[]
3124,14,[]
3143,9,[]
3157,114,[]
3305,7,[]
3317,10,[]
3332,12,[]
3349,11,[]
3365,11,[]
3381,10,[]
3396,10,[]
3411,11,[]
3427,11,[]
3443,10,[]
3458,10,[]
3473,12,[]
3490,11,[]
3506,12,[]
3523,12,[]
3540,14,[]
3559,12,[]
3576,12,[]
3593,12,[]
3610,15,[]
3630,11,[]
3646,14,[]
3665,12,[]
3682,14,[]
3701,13,[]
3719,11,[]
3735,12,[]
3752,13,[]
3770,15,[]
3790,114,[]
3938,6,[]
3949,9,[]
3963,12,[]
3980,13,[]
3998,14,[]
4017,16,[]
4038,15,[]
4058,8,[]
4071,16,[]
4092,13,[]
4110,13,[]
4128,15,[]
4148,12,[]
4165,12,[]
4182,13,[]
4200,15,[]
4220,11,[]
4236,16,[]
4257,11,[]
4273,12,[]
4290,11,[]
4306,14,[]
4325,13,[]
4343,15,[]
4363,14,[]
4382,13,[]
4400,13,[]
4418,16,[]
4439,11,[]
4455,111,[]
4600,17,[]
4622,11,[]
4638,17,[]
4660,18,[]
4683,16,[]
4704,14,[]
4723,16,[]
4744,20,[]
4769,19,[]
4793,19,[]
4817,18,[]
4840,24,[]
4869,22,[]
4896,19,[]
4920,23,[]
4948,24,[]
4977,24,[]
5006,25,[]
5036,21,[]
5062,22,[]
5089,19,[]
5113,19,[]
5137,13,[]
5155,21,[]
5181,15,[]
5201,15,[]
5221,12,[]
5238,15,[]
5258,15,[]
5278,108,[]
5420,7,[]
5432,12,[]
5449,22,[]
5476,10,[]
5491,14,[]
5510,16,[]
5531,17,[]
5553,19,[]
5577,17,[]
5599,17,[]
5621,9,[]
5635,16,[]
5656,15,[]
5676,14,[]
5695,16,[]
5716,19,[]
5740,35,[]
5809,8,[]
5822,17,[]
5844,17,[]
5866,13,[]
5884,11,[]
5900,15,[]
5920,26,[]
5951,28,[]
5984,20,[]
6009,20,[]
6034,12,[]
6051,10,[]
6066,106,[]
6206,6,[]
6217,11,[]
6233,13,[]
6251,12,[]
6268,9,[]
6282,9,[]
6296,10,[]
6311,11,[]
6327,23,[]
6355,14,[]
6374,10,[]
6389,13,[]
6407,12,[]
6424,13,[]
6442,15,[]
6462,16,[]
6483,7,[]
6495,16,[]
6516,8,[]
6529,17,[]
6551,14,[]
6570,13,[]
6588,12,[]
6605,13,[]
6623,12,[]
6640,11,[]
6656,13,[]
6674,13,[]
6692,14,[]
0,51,[]
84,1,[]
90,1,[]
96,1,[]
102,5,[]
112,21,[]
138,7,[]
150,31,[]
186,3,[]
194,14,[]
213,6,[]
224,20,[]
249,8,[]
262,32,[]
299,10,[]
314,21,[]
340,22,[]
367,10,[]
382,7,[]
394,25,[]
424,27,[]
456,7,[]
468,23,[]
496,8,[]
509,9,[]
523,25,[]
553,24,[]
582,9,[]
596,3,[]
604,8,[]
617,140,[]
790,1,[]
796,17,[]
818,5,[]
828,16,[]
849,5,[]
859,24,[]
888,8,[]
901,23,[]
929,6,[]
940,28,[]
973,8,[]
986,22,[]
1013,4,[]
1022,25,[]
1052,4,[]
1061,25,[4, 5, 6, 7, 8, 9, 10, 11]
1091,23,[]
1119,7,[]
1131,23,[]
1159,8,[]
1172,12,[]
1189,13,[]
1207,53,[]
1293,4,[]
1302,18,[]
1325,9,[]
1339,25,[]
1369,9,[]
1383,22,[]
1410,112,[]
1555,19,[]
1579,5,[]
1589,20,[]
1614,9,[]
1628,19,[]
1652,3,[]
1660,7,[]
1672,38,[]
1743,9,[]
1757,4,[]
1766,19,[]
1790,22,[]
1817,9,[]
1831,36,[]
1900,9,[]
1914,16,[]
1935,9,[]
1949,26,[]
1980,5,[]
1990,22,[]
2017,7,[]
2029,23,[]
2057,7,[]
2069,10,[]
2084,52,[]
2169,5,[]
2179,9,[]
2193,19,[]
2217,2,[]
2224,105,[]
2362,1,[]
2368,17,[]
2390,23,[]
2418,8,[1, 2, 3, 4, 5, 6, 7]
2431,21,[]
2457,7,[]
2469,36,[]
2538,6,[]
2549,17,[]
2571,6,[]
2582,24,[]
2611,6,[]
2622,22,[]
2649,7,[]
2661,22,[]
2688,26,[]
2719,9,[]
2733,7,[]
2745,23,[]
2773,6,[]
2784,8,[]
2797,45,[]
2875,4,[]
2884,7,[]
2896,18,[]
2919,7,[]
2931,19,[]
2955,10,[]
2970,20,[]
2995,95,[]
3123,10,[]
3138,12,[]
3155,5,[]
3165,24,[]
3194,3,[]
3202,13,[]
3220,5,[]
3230,19,[]
3254,8,[]
3267,17,[]
3289,8,[]
3302,16,[]
3323,15,[]
3343,6,[]
3354,7,[]
3366,23,[]
3394,4,[]
3403,6,[]
3414,51,[]
3498,4,[]
3507,8,[]
3520,17,[]
3542,4,[]
3551,21,[]
3577,16,[]
3598,7,[]
3610,23,[]
3638,9,[]
3652,6,[]
3663,88,[]
3784,1,[]
3790,1,[]
3796,16,[]
3817,6,[]
3828,15,[]
3848,6,[]
3859,16,[]
3880,7,[]
3892,19,[]
3916,7,[]
3928,27,[]
3960,8,[]
3973,17,[]
3995,7,[]
4007,19,[]
4031,6,[]
4042,18,[]
4065,8,[]
4078,7,[]
4090,22,[]
4117,6,[]
4128,40,[]
4201,5,[]
4211,16,[]
4232,7,[]
4244,20,[]
4269,8,[]
4282,31,[]
4318,4,[]
4327,89,[]
4449,8,[]
4462,8,[]
4475,6,[]
4486,15,[]
4506,5,[]
4516,12,[]
4533,4,[]
4542,16,[]
4563,15,[]
4583,8,[]
4596,22,[]
4623,9,[]
4637,26,[]
4668,9,[]
4682,16,[]
4703,7,[]
4715,8,[]
4728,68,[]
4829,4,[]
4838,5,[]
4848,5,[]
4858,23,[]
4886,6,[]
4897,6,[]
4908,34,[]
4947,5,[]
4957,7,[]
4969,32,[]
5006,6,[]
5017,96,[]
5146,19,[]
5170,4,[]
5179,13,[]
5197,12,[]
5214,4,[]
5223,32,[]
5260,5,[]
5270,15,[]
5290,6,[]
5301,16,[]
5322,7,[]
5334,16,[]
5355,5,[]
5365,21,[]
5391,6,[]
5402,19,[]
5426,7,[]
5438,11,[]
5454,32,[]
5491,9,[]
5505,8,[]
5518,17,[]
5540,9,[]
5554,16,[]
5575,6,[]
5586,18,[]
5609,8,[]
5622,19,[]
5646,18,[]
5669,93,[]
5795,9,[]
5809,7,[]
5821,8,[]
5834,6,[]
5845,26,[]
5876,7,[]
5888,17,[]
5910,8,[]
5923,17,[]
5945,31,[]
5981,9,[]
5995,7,[]
6007,22,[]
6034,7,[]
6046,20,[]
6071,5,[]
6081,7,[]
6093,32,[]
6130,6,[]
6141,6,[]
6152,19,[0, 1, 2, 3, 4, 5, 6]
6176,18,[]
6199,9,[]
6213,17,[]
6235,8,[]
6248,16,[]
6269,8,[]
6282,16,[]
6303,7,[]
6315,90,[]
6438,1,[]
6444,17,[]
6466,3,[]
6474,5,[]
6484,13,[]
6502,8,[]
6515,7,[]
6527,15,[]
6547,6,[]
6558,15,[]
6578,6,[]
6589,14,[]
6608,7,[]
6620,31,[]
6656,10,[]
6671,13,[]
6689,9,[]
6703,14,[]
6722,12,[]
6739,7,[]
6751,16,[]
6772,6,[]
6783,17,[]
6805,7,[]
6817,16,[]
6838,5,[]
6848,15,[]
6868,6,[]
6879,29,[]
0,30,[]
35,1,[]
41,15,[]
61,5,[]
71,20,[]
96,6,[]
107,22,[]
134,10,[]
149,23,[]
177,9,[]
191,18,[]
214,17,[]
236,11,[]
252,10,[]
267,22,[]
294,8,[]
307,21,[]
333,9,[]
347,17,[]
369,6,[]
380,17,[]
402,6,[]
413,28,[]
446,18,[]
469,7,[]
481,29,[]
515,7,[]
527,9,[]
541,20,[]
566,6,[]
577,75,[]
679,1,[]
685,11,[]
701,9,[]
715,6,[]
726,15,[]
746,11,[]
762,23,[]
790,8,[]
803,22,[]
830,6,[]
841,12,[]
858,18,[]
881,12,[]
898,20,[]
923,6,[]
934,21,[]
960,18,[]
983,12,[]
1000,22,[]
1027,8,[]
1040,23,[]
1068,6,[]
1079,24,[]
1108,14,[]
1127,16,[]
1148,21,[]
1174,11,[]
1190,21,[]
1216,16,[]
1237,83,[]
1347,13,[]
1365,6,[]
1376,16,[]
1397,12,[]
1414,20,[]
1439,9,[3, 4, 5, 6, 7, 8]
1453,20,[]
1478,10,[]
1493,11,[]
1509,22,[]
1536,16,[]
1557,13,[]
1575,18,[]
1598,12,[]
1615,21,[]
1641,8,[]
1654,22,[]
1681,6,[]
1692,20,[]
1717,8,[]
1730,22,[]
1757,12,[]
1774,20,[]
1799,8,[]
1812,17,[]
1834,13,[]
1852,20,[]
1877,8,[]
1890,19,[]
1914,85,[]
2026,9,[]
2040,6,[]
2051,17,[]
2073,7,[]
2085,21,[]
2111,7,[]
2123,17,[]
2145,10,[]
2160,16,[]
2181,12,[]
2198,19,[]
2222,8,[]
2235,21,[]
2261,6,[]
2272,20,[]
2297,8,[]
2310,20,[]
2335,12,[]
2352,20,[]
2377,8,[]
2390,21,[]
2416,11,[]
2432,22,[]
2459,7,[]
2471,17,[]
2493,12,[]
2510,19,[]
2534,8,[]
2547,16,[]
2568,82,[]
2677,13,[]
2695,5,[]
2705,19,[]
2729,7,[]
2741,20,[]
2766,11,[]
2782,18,[]
2805,13,[]
2823,31,[]
2859,22,[]
2886,30,[]
2921,22,[]
2948,19,[]
2972,21,[]
2998,22,[]
3025,21,[]
3051,21,[]
3077,27,[]
3109,6,[]
3120,17,[]
3142,10,[]
3157,29,[]
3191,12,[]
3208,22,[]
3235,9,[]
3249,21,[]
3275,14,[]
3294,21,[]
3320,7,[]
3332,73,[]
3432,1,[]
3438,14,[]
3457,10,[]
3472,15,[]
3492,12,[]
3509,19,[]
3533,12,[]
3550,17,[]
3572,10,[]
3587,19,[]
3611,11,[]
3627,20,[]
3652,6,[]
3663,19,[]
3687,6,[]
3698,21,[]
3724,15,[]
3744,8,[]
3757,10,[]
3772,21,[]
3798,7,[]
3810,17,[]
3832,6,[]
3843,15,[]
3863,12,[]
3880,14,[]
3899,12,[]
3916,15,[]
3936,14,[]
3955,86,[]
4068,9,[]
4082,6,[]
4093,8,[]
4106,16,[]
4127,8,[]
4140,12,[]
4157,11,[]
4173,15,[]
4193,9,[]
4207,13,[]
4225,14,[]
4244,8,[]
4257,15,[]
4277,9,[]
4291,14,[]
4310,11,[]
4326,11,[]
4342,19,[]
4366,8,[]
4379,19,[]
4403,7,[]
4415,17,[]
4437,12,[]
4454,14,[]
4473,14,[]
4492,8,[]
4505,18,[]
4528,9,[]
4542,17,[]
4564,89,[]
4680,1,[]
4686,11,[]
4702,9,[]
4716,13,[]
4734,14,[]
4753,8,[]
4766,19,[]
4790,8,[]
4803,19,[]
4827,6,[]
4838,19,[]
4862,8,[]
4875,19,[]
4899,12,[]
4916,21,[]
4942,6,[]
4953,17,[]
4975,12,[]
4992,19,[]
5016,6,[]
5027,18,[]
5050,12,[]
5067,20,[]
5092,6,[]
5103,18,[]
5126,11,[]
5142,20,[]
5167,12,[]
5184,18,[]
5207,87,[]
5321,8,[]
5334,12,[]
5351,11,[]
5367,13,[]
5385,16,[]
5406,9,[]
5420,17,[]
5442,8,[]
5455,19,[]
5479,7,[]
5491,17,[]
5513,9,[]
5527,18,[]
5550,11,[]
5566,18,[]
5589,11,[]
5605,17,[]
5627,11,[]
5643,17,[]
5665,11,[]
5681,18,[]
5704,11,[]
5720,17,[11, 12, 13, 14, 15, 16]
5742,11,[]
5758,18,[]
5781,11,[]
5797,17,[]
5819,10,[]
5834,17,[]
5856,99,[]
5982,10,[]
5997,8,[]
6010,13,[]
6028,7,[]
6040,20,[]
6065,5,[]
6075,19,[]
6099,8,[]
6112,21,[]
6138,11,[]
6154,20,[]
6179,8,[]
6192,21,[]
6218,8,[]
6231,20,[]
6256,10,[]
6271,20,[]
6296,12,[]
6313,20,[]
6338,11,[]
6354,20,[]
6379,10,[]
6394,22,[]
6421,12,[]
6438,20,[]
6463,10,[]
6478,22,[]
6505,11,[]
6521,15,[]
0,52,[]
93,6,[]
104,7,[]
116,12,[]
133,12,[]
150,11,[]
166,11,[]
182,12,[]
199,11,[]
215,8,[]
228,10,[]
243,10,[]
258,13,[]
276,11,[]
292,11,[]
308,10,[]
323,12,[]
340,10,[]
355,12,[]
372,12,[]
389,13,[]
407,12,[]
424,14,[]
443,18,[7, 8, 9, 10, 11, 12]
466,18,[]
489,18,[]
512,19,[]
536,18,[]
559,16,[]
580,28,[]
613,125,[]
779,10,[]
794,12,[]
811,19,[]
835,7,[]
847,9,[]
861,26,[]
892,14,[]
911,16,[]
932,14,[]
951,16,[]
972,14,[]
991,15,[]
1011,17,[]
1033,12,[]
1050,17,[]
1072,16,[]
1093,12,[]
1110,18,[]
1133,12,[]
1150,15,[]
1170,15,[]
1190,17,[]
1212,14,[]
1231,22,[]
1258,11,[]
1274,13,[]
1292,18,[]
1315,17,[]
1337,30,[]
1372,120,[]
1533,5,[]
1543,7,[]
1555,9,[]
1569,13,[]
1587,11,[4, 5, 6, 7, 8, 9, 10]
1603,14,[]
1622,12,[]
1639,13,[]
1657,12,[]
1674,12,[]
1691,11,[]
1707,13,[]
1725,9,[]
1739,14,[]
1758,14,[]
1777,15,[]
1797,11,[]
1813,12,[]
1830,11,[]
1846,12,[]
1863,11,[]
1879,13,[]
1897,11,[]
1913,14,[]
1932,10,[]
1947,12,[]
1964,12,[]
1981,13,[]
1999,19,[11, 12, 13, 14, 15, 16, 17, 18]
2023,113,[]
2177,5,[]
2187,10,[]
2202,10,[]
2217,11,[]
2233,10,[]
2248,11,[]
2264,12,[]
2281,13,[]
2299,12,[]
2316,13,[]
2334,13,[]
2352,14,[]
2371,12,[]
2388,14,[]
2407,12,[]
2424,15,[]
2444,12,[]
2461,14,[]
2480,10,[]
2495,14,[]
2514,11,[]
2530,15,[]
2550,14,[]
2569,15,[]
2589,11,[]
2605,13,[]
2623,11,[]
2639,12,[]
2656,24,[]
2685,118,[]
2844,7,[]
2856,10,[]
2871,11,[]
2887,13,[]
2905,10,[]
2920,13,[]
2938,12,[]
2955,15,[]
2975,12,[]
2992,13,[]
3010,12,[]
3027,14,[]
3046,16,[]
3067,16,[]
3088,14,[]
3107,18,[]
3130,12,[]
3147,14,[]
3166,13,[]
3184,15,[]
3204,13,[]
3222,13,[]
3240,13,[]
3258,17,[]
3280,11,[]
3296,13,[]
3314,12,[]
3331,14,[]
3350,24,[]
3379,125,[]
3545,6,[]
3556,12,[]
3573,11,[]
3589,11,[]
3605,12,[]
3622,11,[]
3638,12,[]
3655,15,[]
3675,13,[]
3693,14,[]
3712,14,[]
3731,15,[]
3751,14,[]
3770,16,[]
3791,13,[3, 4, 5, 6, 7, 8, 9, 10]
3809,18,[]
3832,12,[]
3849,13,[]
3867,12,[]
3884,15,[]
3904,16,[]
3925,17,[]
3947,14,[]
3966,23,[]
3994,12,[]
4011,13,[]
4029,10,[]
4044,11,[]
4060,27,[]
4092,129,[]
4262,4,[]
4271,11,[]
4287,10,[]
4302,12,[]
4319,10,[]
4334,11,[]
4350,13,[]
4368,14,[]
4387,12,[]
4404,13,[]
4422,15,[]
4442,16,[]
4463,15,[]
4483,18,[]
4506,12,[]
4523,16,[]
4544,12,[]
4561,14,[]
4580,12,[]
4597,18,[]
4620,13,[]
4638,16,[]
4659,11,[]
4675,14,[]
4694,11,[]
4710,13,[2, 4, 5, 6, 7, 8, 9, 10, 11, 12]
4728,12,[]
4745,15,[]
4765,28,[]
4798,136,[]
4975,3,[]
4983,8,[]
4996,9,[]
5010,11,[]
5026,8,[]
5039,9,[]
5053,11,[]
5069,13,[]
5087,13,[]
5105,15,[]
5125,13,[]
5143,13,[]
5161,10,[]
5176,10,[]
5191,11,[]
5207,11,[]
5223,11,[]
5239,10,[]
5254,11,[]
5270,13,[]
5288,14,[]
5307,15,[]
5327,16,[]
5348,18,[]
5371,11,[]
5387,13,[]
5405,10,[]
5420,14,[]
5439,30,[]
5474,137,[]
5652,4,[]
5661,5,[]
5671,8,[1, 2, 3, 4, 5, 6, 7]
5684,9,[]
5698,8,[]
5711,9,[]
5725,11,[]
5741,13,[]
5759,10,[]
5774,13,[]
5792,12,[]
5809,11,[]
5825,13,[]
5843,12,[]
5860,13,[]
5878,13,[]
5896,17,[]
5918,14,[]
5937,16,[]
5958,11,[]
5974,14,[]
5993,12,[]
6010,13,[]
6028,14,[]
6047,19,[]
6071,13,[]
6089,14,[]
6108,12,[]
6125,34,[]
6164,129,[]
6334,4,[]
6343,5,[]
6353,7,[]
6365,11,[]
6381,9,[]
6395,9,[]
6409,9,[]
6423,11,[]
6439,12,[]
6456,11,[]
6472,8,[]
6485,11,[]
6501,11,[]
6517,12,[]
6534,11,[]
6550,13,[]
6568,15,[]
6588,12,[]
6605,12,[]
6622,16,[]
6643,9,[]
6657,10,[]
6672,12,[]
6689,13,[]
6707,10,[]
6722,11,[]
6738,11,[]
6754,14,[]
6773,3,[]
0,48,[]
80,7,[]
92,7,[]
104,9,[]
118,12,[]
135,19,[]
159,8,[]
172,7,[]
184,7,[]
196,7,[]
208,13,[]
226,11,[]
242,11,[]
258,11,[]
274,9,[]
288,10,[]
303,13,[]
321,9,[]
335,11,[]
351,10,[]
366,12,[]
383,12,[]
400,12,[]
417,16,[]
438,10,[]
453,14,[]
472,14,[]
491,15,[]
511,15,[]
531,14,[]
550,137,[]
719,5,[]
729,10,[]
744,10,[]
759,7,[]
771,4,[]
780,9,[]
794,11,[]
810,8,[]
823,8,[]
836,9,[]
850,10,[]
865,11,[]
881,10,[]
896,8,[]
909,11,[]
925,9,[]
939,13,[]
957,12,[]
974,12,[3, 4, 5, 6, 7, 8, 9, 10, 11]
991,9,[]
1005,9,[]
1019,11,[]
1035,12,[]
1052,10,[]
1067,11,[]
1083,14,[]
1102,15,[]
1122,8,[]
1135,9,[]
1149,135,[]
1316,3,[]
1324,8,[]
1337,7,[]
1349,8,[]
1362,9,[]
1376,10,[]
1391,11,[]
1407,10,[]
1422,12,[]
1439,11,[]
1455,13,[]
1473,9,[]
1487,10,[]
1502,16,[]
1523,14,[]
1542,10,[]
1557,11,[]
1573,11,[]
1589,13,[]
1607,11,[2, 3, 4, 5, 6, 7, 8, 9]
1623,19,[]
1647,17,[]
1669,15,[]
1689,18,[]
1712,19,[]
1736,18,[]
1759,18,[]
1782,18,[]
1805,25,[]
1835,88,[]
1955,11,[]
1971,11,[]
1987,13,[]
2005,14,[]
2024,11,[]
2040,12,[]
2057,16,[]
2078,24,[]
2107,14,[]
2126,20,[]
2151,18,[]
2174,19,[]
2198,22,[]
2225,17,[]
2247,14,[]
2266,14,[]
2285,23,[]
2313,14,[]
2332,16,[]
2353,19,[]
2377,22,[]
2404,16,[]
2425,18,[]
2448,19,[]
2472,19,[]
2496,17,[]
2518,19,[]
2542,18,[]
2565,15,[]
2585,80,[]
2697,11,[]
2713,18,[]
2736,12,[]
2753,13,[]
2771,11,[]
2787,14,[]
2806,16,[]
2827,18,[]
2850,17,[]
2872,16,[]
2893,14,[]
2912,14,[]
2931,14,[]
2950,15,[]
2970,15,[]
2990,18,[]
3013,13,[]
3031,16,[]
3052,14,[]
3071,15,[]
3091,12,[]
3108,15,[]
3128,15,[]
3148,13,[]
3166,14,[]
3185,15,[]
3205,17,[]
3227,14,[]
3246,16,[]
3267,95,[]
3394,10,[]
3409,16,[]
3430,14,[]
3449,16,[]
3470,17,[]
3492,19,[]
3516,20,[]
3541,17,[]
3563,17,[]
3585,18,[]
3608,19,[]
3632,21,[]
3658,19,[]
3682,18,[]
3705,18,[]
3728,19,[]
3752,19,[]
3776,22,[]
3803,20,[]
3828,19,[]
3852,19,[]
3876,18,[]
3899,16,[]
3920,24,[]
3949,20,[]
3974,17,[]
3996,18,[]
4019,19,[]
4043,20,[]
4068,74,[]
4174,8,[]
4187,9,[]
4201,12,[]
4218,12,[]
4235,14,[]
4254,13,[]
4272,11,[]
4288,14,[]
4307,16,[]
4328,14,[]
4347,16,[]
4368,16,[]
4389,16,[]
4410,12,[]
4427,12,[]
4444,10,[]
4459,10,[]
4474,17,[]
4496,19,[]
4520,17,[]
4542,9,[]
4556,13,[]
4574,12,[]
4591,12,[]
4608,13,[]
4626,12,[]
4643,14,[]
4662,11,[]
4678,16,[]
4699,73,[]
4804,6,[]
4815,6,[]
4826,8,[]
4839,11,[]
4855,7,[]
4867,9,[]
4881,11,[]
4897,11,[]
4913,12,[]
4930,9,[]
4944,15,[]
4964,14,[]
4983,12,[]
5000,9,[]
5014,14,[]
5033,14,[]
5052,14,[]
5071,11,[]
5087,13,[]
5105,14,[]
5124,15,[]
5144,11,[]
5160,11,[]
5176,14,[]
5195,14,[]
5214,11,[]
5230,9,[]
5244,16,[]
5265,15,[]
5285,85,[]
5402,2,[]
5409,9,[]
5423,11,[]
5439,10,[]
5454,7,[]
5466,12,[]
5483,12,[]
5500,14,[5, 6, 7, 8, 9, 10]
5519,11,[]
5535,13,[]
5553,10,[]
5568,12,[]
5585,8,[]
5598,12,[]
5615,14,[]
5634,12,[]
5651,7,[]
5663,10,[]
5678,13,[]
5696,10,[]
5711,8,[]
5724,10,[]
5739,15,[]
5759,13,[]
5777,9,[]
5791,11,[]
5807,9,[]
5821,11,[]
5837,10,[]
5852,100,[]
5984,2,[]
5991,6,[]
6002,8,[]
6015,11,[]
6031,7,[]
6043,10,[]
6058,9,[]
6072,12,[]
6089,11,[]
6105,8,[]
6118,11,[]
6134,13,[]
6152,13,[]
6170,11,[]
6186,11,[]
6202,13,[]
6220,8,[]
6233,12,[]
6250,12,[]
6267,13,[]
6285,13,[]
6303,12,[]
6320,14,[]
6339,15,[]
6359,10,[]
6374,13,[]
6392,11,[]
6408,11,[]
6424,4,[]
0,27,[]
32,7,[]
44,10,[]
59,14,[]
78,12,[]
95,12,[]
112,13,[]
130,12,[]
147,14,[]
166,11,[]
182,17,[]
204,12,[]
221,13,[]
239,10,[]
254,12,[]
271,12,[]
288,12,[]
305,11,[]
321,14,[]
340,11,[]
356,14,[]
375,12,[]
392,14,[]
411,13,[]
429,16,[]
450,17,[]
472,16,[]
493,15,[]
513,18,[]
536,16,[]
557,61,[]
644,12,[]
661,16,[]
682,15,[]
702,9,[]
716,16,[]
737,15,[]
757,17,[]
779,16,[]
800,15,[]
820,21,[]
846,18,[]
869,17,[]
891,14,[]
910,17,[]
932,17,[]
954,16,[]
975,17,[]
997,16,[]
1018,17,[]
1040,17,[]
1062,18,[]
1085,16,[]
1106,19,[]
1130,17,[]
1152,19,[]
1176,18,[]
1199,19,[]
1223,15,[]
1243,17,[]
1265,68,[]
1359,12,[]
1376,13,[]
1394,16,[]
1415,15,[]
1435,15,[]
1455,14,[]
1474,13,[]
1492,14,[]
1511,15,[]
1531,19,[]
1555,14,[]
1574,15,[]
1594,15,[]
1614,15,[]
1634,15,[]
1654,15,[]
1674,15,[]
1694,15,[]
1714,15,[]
1734,14,[]
1753,16,[]
1774,14,[]
1793,12,[]
1810,15,[]
1830,15,[]
1850,11,[]
1866,14,[]
1885,12,[]
1902,14,[]
1921,66,[]
2013,10,[]
2028,13,[]
2046,12,[]
2063,13,[]
2081,13,[]
2099,14,[]
2118,14,[]
2137,17,[]
2159,12,[]
2176,19,[]
2200,13,[]
2218,10,[]
2233,13,[]
2251,12,[]
2268,13,[]
2286,15,[]
2306,14,[7, 8, 9, 10, 11, 12, 13]
2325,14,[]
2344,12,[]
2361,16,[]
2382,15,[]
2402,14,[]
2421,13,[]
2439,12,[]
2456,14,[]
2475,15,[]
2495,17,[]
2517,14,[]
2536,14,[]
2555,67,[]
2648,7,[]
2660,12,[]
2677,13,[]
2695,11,[]
2711,11,[]
2727,13,[]
2745,9,[]
2759,14,[]
2778,14,[]
2797,15,[]
2817,14,[]
2836,16,[]
2857,12,[]
2874,13,[]
2892,15,[]
2912,13,[2, 3, 4, 5, 6, 7, 8, 9, 10, 11]
2930,13,[]
2948,15,[]
2968,14,[]
2987,13,[]
3005,15,[]
3025,14,[]
3044,12,[]
3061,17,[]
3083,16,[]
3104,17,[]
3126,10,[]
3141,13,[]
3159,13,[]
3177,70,[]
3273,7,[]
3285,10,[]
3300,11,[]
3316,12,[]
3333,10,[]
3348,9,[]
3362,10,[]
3377,13,[]
3395,9,[]
3409,17,[]
3431,10,[]
3446,12,[]
3463,13,[]
3481,14,[]
3500,13,[]
3518,13,[]
3536,12,[]
3553,12,[]
3570,13,[]
3588,16,[]
3609,14,[]
3628,12,[]
3645,12,[]
3662,14,[]
3681,11,[]
3697,13,[]
3715,15,[]
3735,15,[]
3755,11,[]
3771,84,[]
3881,3,[]
3889,5,[]
3899,5,[]
3909,11,[]
3925,9,[]
3939,12,[]
3956,12,[]
3973,14,[]
3992,12,[]
4009,18,[]
4032,8,[]
4045,10,[]
4060,8,[]
4073,10,[]
4088,8,[]
4101,11,[]
4117,11,[]
4133,14,[]
4152,11,[]
4168,11,[]
4184,13,[]
4202,10,[]
4217,10,[]
4232,15,[]
4252,10,[]
4267,9,[]
4281,10,[]
4296,14,[]
4315,11,[]
4331,106,[]
4463,5,[]
4473,7,[]
4485,9,[]
4499,10,[]
4514,9,[]
4528,11,[]
4544,8,[]
4557,9,[]
4571,10,[]
4586,14,[]
4605,10,[]
4620,12,[]
4637,9,[]
4651,14,[]
4670,12,[]
4687,11,[]
4703,10,[]
4718,11,[]
4734,13,[]
4752,14,[]
4771,11,[]
4787,11,[]
4803,15,[]
4823,14,[1, 2, 3, 4, 5, 6, 7, 8]
4842,10,[]
4857,12,[]
4874,13,[]
4892,14,[]
4911,12,[]
4928,106,[]
5060,5,[]
5070,7,[]
5082,7,[]
5094,12,[]
5111,10,[]
5126,12,[]
5143,12,[]
5160,16,[]
5181,13,[]
5199,18,[]
5222,13,[]
5240,13,[]
5258,9,[]
5272,16,[]
5293,10,[]
5308,12,[]
5325,10,[]
5340,11,[]
5356,10,[]
5371,11,[]
5387,10,[]
5402,12,[]
5419,13,[]
5437,13,[]
5455,13,[]
5473,14,[]
5492,13,[]
5510,16,[]
5531,18,[]
5554,100,[]
5680,12,[]
5697,17,[]
5719,16,[]
5740,18,[]
5763,19,[]
5787,21,[]
5813,20,[]
5838,21,[]
5864,20,[]
5889,24,[]
5918,20,[]
5943,20,[]
5968,17,[]
5990,18,[]
6013,19,[]
6037,18,[]
6060,15,[]
6080,17,[]
6102,17,[]
6124,19,[]
6148,17,[]
6170,18,[]
6193,15,[]
6213,18,[]
6236,17,[]
6258,18,[5, 6, 7, 8, 9, 10, 11, 12, 13]
6281,17,[]
6303,20,[]
6328,9,[]
