0,17,[]
28,8,[]
47,13,[]
71,14,[]
96,5,[]
112,16,[]
139,16,[]
166,15,[]
192,13,[]
216,6,[]
233,16,[]
260,13,[]
284,15,[]
310,14,[]
335,14,[]
360,15,[]
386,3,[]
400,13,[]
424,15,[]
450,16,[]
477,13,[]
501,6,[]
518,15,[]
544,17,[]
572,18,[]
601,14,[]
626,14,[]
651,14,[]
676,7,[]
694,14,[]
719,37,[]
785,14,[]
810,12,[]
833,6,[]
850,14,[]
875,16,[]
902,17,[0, 1, 2, 3, 4, 5, 6, 7, 8, 9, 10, 11, 12, 13, 14, 15, 16]
930,16,[]
957,20,[]
988,16,[]
1015,7,[]
1033,17,[]
1061,16,[]
1088,18,[]
1117,5,[]
1133,16,[]
1160,16,[]
1187,15,[]
1213,16,[]
1240,15,[]
1266,17,[]
1294,8,[]
1313,16,[]
1340,17,[]
1368,17,[]
1396,17,[]
1424,5,[]
1440,15,[]
1466,17,[]
1494,16,[]
1521,41,[]
1591,13,[]
1615,17,[]
1643,2,[]
1656,17,[]
1684,17,[]
1712,17,[]
1740,18,[]
1769,5,[]
1785,18,[]
1814,17,[3, 4, 5, 6, 7, 8, 9, 10, 11, 12, 13, 14, 15, 16]
1842,18,[]
1871,18,[]
1900,17,[]
1928,17,[]
1956,8,[]
1975,16,[]
2002,17,[]
2030,17,[]
2058,17,[]
2086,7,[]
2104,18,[]
2133,18,[]
2162,16,[]
2189,17,[]
2217,16,[]
2244,16,[]
2271,8,[]
2290,16,[]
2317,18,[]
2346,42,[]
2417,13,[]
2441,4,[]
2456,17,[]
2484,16,[]
2511,14,[]
2536,21,[]
2568,15,[]
2594,17,[]
2622,10,[]
2643,17,[]
2671,17,[]
2699,16,[]
2726,16,[2, 3, 4, 5, 6, 7, 8, 9, 10, 11, 12, 13]
2753,7,[]
2771,17,[]
2799,19,[]
2829,15,[]
2855,15,[]
2881,15,[]
2907,8,[]
2926,15,[]
2952,16,[]
2979,18,[]
3008,16,[]
3035,7,[]
3053,16,[]
3080,19,[]
3110,16,[0, 1, 2, 3, 4, 5, 6, 7, 8, 9, 10, 11, 12]
3137,16,[]
3164,48,[]
3241,13,[]
3265,4,[]
3280,17,[]
3308,17,[]
3336,18,[]
3365,18,[]
3394,7,[]
3412,19,[]
3442,16,[]
3469,16,[]
3496,17,[]
3524,22,[]
3557,17,[]
3585,7,[]
3603,18,[]
3632,16,[]
3659,17,[]
3687,17,[]
3715,7,[]
3733,20,[]
3764,20,[]
3795,21,[]
3827,20,[]
3858,19,[]
3888,21,[]
3920,9,[]
3940,23,[]
3974,22,[]
4007,22,[]
4040,46,[]
4115,3,[]
4129,21,[]
4161,22,[]
4194,23,[]
4228,23,[]
4262,19,[]
4292,19,[]
4322,6,[]
4339,19,[]
4369,20,[]
4400,20,[]
4431,18,[]
4460,6,[]
4477,19,[]
4507,19,[]
4537,21,[6, 7, 8, 9, 10, 11, 12, 13, 14, 15, 16, 17, 18, 19, 20]
4569,17,[]
4597,22,[]
4630,19,[]
4660,6,[]
4677,20,[]
4708,20,[]
4739,17,[]
4767,18,[]
4796,5,[]
4812,21,[]
4844,18,[]
4873,20,[]
4904,20,[]
4935,43,[]
5007,3,[]
5021,19,[]
5051,19,[]
5081,18,[]
5110,18,[]
5139,6,[]
5156,19,[]
5186,18,[]
5215,18,[]
5244,18,[]
5273,16,[]
5300,17,[]
5328,6,[]
5345,17,[]
5373,20,[]
5404,16,[]
5431,20,[]
5462,3,[]
5476,16,[]
5503,18,[]
5532,18,[]
5561,19,[]
5591,18,[]
5620,23,[]
5654,6,[]
5671,20,[]
5702,18,[]
5731,17,[]
5759,19,[]
5789,46,[]
5864,15,[]
5890,16,[]
5917,18,[]
5946,18,[]
5975,16,[]
6002,17,[]
6030,6,[]
6047,16,[]
6074,18,[]
6103,20,[]
6134,17,[]
6162,7,[]
6180,17,[]
6208,20,[]
6239,16,[]
6266,16,[]
6293,16,[]
6320,16,[]
6347,7,[]
6365,18,[]
6394,19,[]
6424,17,[]
6452,17,[]
6480,6,[]
6497,19,[]
6527,17,[]
6555,18,[]
6584,6,[]
6601,17,[]
6629,46,[]
6704,18,[]
6733,14,[]
6758,14,[]
6783,16,[]
6810,7,[]
6828,19,[2, 3, 4, 5, 6, 7, 8, 9, 10, 11, 12, 13, 14, 15, 16, 17, 18]
6858,16,[]
6885,16,[]
6912,16,[]
6939,9,[]
6959,18,[]
6988,18,[]
7017,15,[]
7043,16,[]
7070,16,[]
7097,15,[]
7123,7,[]
7141,17,[]
7169,17,[]
7197,17,[]
7225,17,[]
7253,3,[]
7267,17,[]
7295,19,[]
7325,16,[]
7352,16,[]
7379,17,[]
7407,17,[]
7435,6,[]
7452,45,[]
7526,14,[]
7551,18,[]
7580,18,[]
7609,5,[]
7625,18,[]
7654,16,[]
7681,22,[]
7714,15,[]
7740,16,[]
7767,14,[]
7792,6,[]
7809,15,[]
7835,16,[]
7862,17,[]
7890,15,[]
7916,8,[]
7935,15,[]
7961,17,[]
7989,17,[]
8017,18,[]
8046,16,[]
8073,17,[]
8101,6,[]
8118,18,[]
8147,18,[]
8176,18,[]
8205,17,[]
8233,3,[]
8247,10,[]
0,60,[]
152,1,[]
162,13,[]
184,13,[]
206,15,[]
230,13,[]
252,14,[]
275,14,[]
298,15,[]
322,13,[]
344,14,[]
367,16,[]
392,17,[]
418,15,[]
442,17,[]
468,14,[]
491,16,[]
516,16,[]
541,19,[]
569,18,[]
596,17,[]
622,11,[]
642,16,[]
667,17,[]
693,19,[]
721,17,[]
747,17,[]
773,18,[]
800,23,[]
832,19,[]
860,163,[]
1115,16,[]
1140,6,[]
1155,11,[]
1175,6,[]
1190,9,[]
1208,9,[]
1226,9,[]
1244,12,[]
1265,11,[]
1285,13,[]
1307,8,[]
1324,10,[]
1343,12,[]
1364,10,[]
1383,9,[]
1401,11,[]
1421,8,[]
1438,9,[]
1456,15,[]
1480,10,[]
1499,7,[]
1515,11,[]
1535,7,[]
1551,13,[]
1573,11,[]
1593,11,[]
1613,15,[]
1637,11,[]
1657,9,[]
1675,141,[]
1908,5,[]
1922,4,[]
1935,9,[]
1953,10,[]
1972,9,[]
1990,13,[]
2012,11,[]
2032,13,[]
2054,15,[]
2078,10,[]
2097,12,[]
2118,15,[]
2142,11,[]
2162,11,[]
2182,10,[]
2201,11,[]
2221,11,[]
2241,14,[]
2264,13,[]
2286,14,[]
2309,14,[]
2332,13,[]
2354,14,[]
2377,15,[]
2401,12,[]
2422,13,[]
2444,14,[]
2467,16,[]
2492,11,[]
2512,134,[]
2738,12,[]
2759,10,[]
2778,10,[]
2797,11,[]
2817,8,[]
2834,11,[]
2854,14,[]
2877,13,[]
2899,13,[]
2921,17,[]
2947,13,[]
2969,18,[]
2996,12,[]
3017,16,[]
3042,14,[]
3065,16,[]
3090,11,[]
3110,12,[]
3131,13,[]
3153,16,[]
3178,17,[0, 1, 2, 3, 4, 5, 6, 7, 8, 9, 10, 11, 12, 13]
3204,13,[]
3226,12,[]
3247,16,[]
3272,13,[]
3294,14,[]
3317,13,[]
3339,16,[]
3364,9,[]
3382,149,[]
3623,12,[]
3644,8,[]
3661,9,[]
3679,12,[]
3700,14,[]
3723,16,[]
3748,13,[]
3770,17,[]
3796,12,[]
3817,12,[]
3838,17,[]
3864,18,[]
3891,12,[]
3912,12,[]
3933,10,[]
3952,14,[]
3975,11,[]
3995,11,[]
4015,11,[]
4035,12,[]
4056,10,[]
4075,13,[]
4097,13,[]
4119,14,[]
4142,9,[]
4160,10,[]
4179,13,[]
4201,15,[]
4225,10,[]
4244,161,[]
4497,10,[]
4516,7,[]
4532,7,[]
4548,9,[]
4566,9,[]
4584,9,[]
4602,14,[]
4625,13,[]
4647,16,[]
4672,16,[]
4697,13,[]
4719,17,[]
4745,16,[]
4770,15,[]
4794,17,[]
4820,17,[]
4846,16,[]
4871,16,[]
4896,16,[]
4921,17,[]
4947,13,[]
4969,16,[]
4994,17,[]
5020,17,[]
5046,15,[]
5070,15,[]
5094,14,[]
5117,16,[]
5142,13,[]
5164,141,[]
5397,7,[]
5413,6,[]
5428,10,[]
5447,12,[]
5468,10,[]
5487,11,[]
5507,11,[]
5527,13,[]
5549,15,[]
5573,13,[]
5595,13,[]
5617,13,[]
5639,12,[]
5660,13,[]
5682,12,[]
5703,13,[]
5725,12,[]
5746,13,[]
5768,13,[]
5790,13,[]
5812,11,[]
5832,12,[]
5853,13,[0, 1, 2, 3, 4, 5, 6, 7, 8, 9, 10, 11, 12]
5875,15,[]
5899,13,[]
5921,13,[]
5943,13,[]
5965,15,[]
5989,11,[]
6009,143,[]
6244,6,[]
6259,5,[]
6273,8,[]
6290,10,[]
6309,9,[]
6327,11,[]
6347,13,[]
6369,16,[]
6394,14,[]
6417,14,[]
6440,13,[]
6462,12,[]
6483,14,[]
6506,13,[]
6528,13,[]
6550,12,[]
6571,12,[]
6592,11,[]
6612,13,[]
6634,13,[]
6656,11,[]
6676,11,[]
6696,10,[]
6715,12,[]
6736,10,[]
6755,11,[]
6775,10,[]
6794,13,[]
6816,11,[]
6836,119,[]
7047,3,[]
7059,10,[]
7078,6,[]
7093,7,[]
7109,8,[]
7126,8,[]
7143,8,[]
7160,8,[]
7177,11,[]
7197,9,[]
7215,8,[]
7232,11,[]
7252,9,[]
7270,11,[]
7290,12,[]
7311,11,[]
7331,11,[]
7351,10,[]
7370,9,[]
7388,12,[]
7409,15,[]
7433,12,[]
7454,11,[]
7474,13,[]
7496,15,[]
7520,15,[]
7544,14,[]
7567,17,[]
7593,16,[]
7618,135,[]
7845,9,[]
7863,8,[]
7880,11,[]
7900,11,[]
7920,11,[]
7940,12,[]
7961,12,[]
7982,14,[]
8005,15,[]
8029,15,[0, 1, 2, 3, 4, 5, 6, 7, 8, 9, 10, 11]
8053,15,[]
8077,16,[]
8102,16,[]
8127,18,[]
8154,15,[]
8178,15,[]
8202,13,[]
8224,15,[]
8248,13,[]
8270,16,[]
8295,14,[]
8318,15,[]
8342,14,[]
8365,13,[]
8387,18,[]
8414,18,[]
8441,12,[]
8462,13,[]
8484,14,[]
0,28,[]
39,3,[]
53,8,[]
72,12,[]
95,15,[]
121,14,[]
146,11,[]
168,11,[]
190,12,[]
213,11,[]
235,13,[]
259,13,[]
283,15,[]
309,12,[]
332,13,[]
356,11,[]
378,15,[]
404,12,[]
427,12,[]
450,13,[]
474,14,[]
499,11,[]
521,13,[]
545,11,[]
567,13,[]
591,12,[]
614,12,[]
637,12,[]
660,18,[]
689,14,[]
714,74,[]
824,18,[]
853,16,[]
880,15,[]
906,11,[]
928,16,[]
955,21,[]
987,24,[]
1022,21,[]
1054,21,[]
1086,23,[]
1120,22,[]
1153,22,[]
1186,24,[]
1221,20,[]
1252,24,[]
1287,24,[]
1322,23,[]
1356,19,[]
1386,21,[]
1418,23,[]
1452,20,[]
1483,25,[]
1519,21,[]
1551,21,[]
1583,22,[]
1616,22,[]
1649,18,[]
1678,20,[]
1709,22,[]
1742,42,[]
1820,19,[]
1850,19,[]
1880,18,[]
1909,20,[]
1940,18,[]
1969,18,[]
1998,19,[]
2028,19,[]
2058,16,[]
2085,19,[]
2115,16,[]
2142,16,[]
2169,18,[]
2198,18,[]
2227,15,[]
2253,16,[]
2280,16,[]
2307,18,[]
2336,15,[]
2362,16,[]
2389,15,[]
2415,17,[]
2443,17,[]
2471,16,[]
2498,15,[]
2524,15,[]
2550,16,[]
2577,16,[]
2604,17,[]
2632,46,[]
2714,12,[]
2737,14,[]
2762,13,[]
2786,17,[]
2814,13,[]
2838,13,[]
2862,15,[]
2888,16,[]
2915,16,[0, 1, 2, 3, 4, 5, 6, 7, 8, 9, 10, 11, 12, 13, 14, 15]
2942,16,[]
2969,14,[]
2994,13,[]
3018,14,[]
3043,14,[]
3068,15,[]
3094,16,[]
3121,12,[]
3144,14,[]
3169,13,[]
3193,16,[]
3220,15,[]
3246,13,[]
3270,15,[]
3296,15,[]
3322,16,[]
3349,18,[]
3378,14,[]
3403,15,[]
3429,13,[]
3453,34,[]
3498,12,[]
3521,13,[]
3545,15,[]
3571,16,[]
3598,19,[]
3628,18,[]
3657,15,[]
3683,15,[]
3709,15,[]
3735,14,[]
3760,14,[]
3785,13,[]
3809,14,[]
3834,14,[]
3859,13,[]
3883,13,[]
3907,15,[]
3933,13,[]
3957,16,[]
3984,15,[]
4010,15,[]
4036,14,[]
4061,15,[]
4087,15,[]
4113,15,[]
4139,13,[]
4163,13,[]
4187,15,[]
4213,13,[]
4237,42,[]
4315,9,[]
4335,12,[]
4358,12,[]
4381,15,[]
4407,12,[]
4430,11,[]
4452,15,[]
4478,14,[]
4503,10,[]
4524,11,[]
4546,11,[]
4568,14,[]
4593,12,[]
4616,12,[]
4639,10,[]
4660,12,[]
4683,10,[]
4704,11,[]
4726,10,[]
4747,10,[]
4768,10,[]
4789,12,[]
4812,12,[]
4835,13,[]
4859,11,[]
4881,11,[]
4903,13,[]
4927,15,[]
4953,14,[]
4978,57,[]
5071,10,[]
5092,12,[]
5115,14,[]
5140,15,[]
5166,16,[]
5193,16,[]
5220,16,[]
5247,17,[]
5275,14,[]
5300,14,[]
5325,14,[]
5350,13,[]
5374,14,[]
5399,14,[]
5424,11,[]
5446,18,[]
5475,15,[]
5501,14,[]
5526,15,[]
5552,15,[]
5578,12,[]
5601,14,[]
5626,14,[]
5651,14,[]
5676,13,[]
5700,13,[]
5724,12,[]
5747,15,[]
5773,12,[]
5796,64,[]
5896,5,[]
5912,9,[]
5932,9,[]
5952,11,[]
5974,12,[]
5997,12,[]
6020,13,[]
6044,14,[]
6069,13,[]
6093,15,[]
6119,16,[]
6146,13,[]
6170,14,[]
6195,14,[]
6220,10,[]
6241,12,[]
6264,11,[]
6286,12,[]
6309,14,[]
6334,16,[]
6361,13,[]
6385,14,[]
6410,14,[]
6435,13,[]
6459,12,[]
6482,12,[]
6505,11,[]
6527,14,[]
6552,13,[]
6576,72,[]
6684,7,[]
6702,9,[]
6722,10,[]
6743,12,[]
6766,12,[]
6789,10,[]
6810,13,[]
6834,13,[]
6858,12,[]
6881,16,[]
6908,14,[]
6933,14,[]
6958,11,[]
6980,14,[]
7005,8,[]
7024,12,[]
7047,11,[]
7069,9,[]
7089,10,[]
7110,13,[]
7134,13,[]
7158,16,[]
7185,15,[]
7211,16,[]
7238,14,[]
7263,15,[]
7289,15,[]
7315,17,[]
7343,15,[]
7369,71,[]
7476,9,[]
7496,12,[]
7519,12,[]
7542,14,[]
7567,15,[]
7593,11,[]
7615,12,[]
7638,14,[]
7663,11,[]
7685,12,[]
7708,10,[]
7729,12,[]
7752,12,[]
7775,13,[]
7799,11,[]
7821,15,[]
7847,17,[]
7875,15,[]
7901,14,[]
7926,16,[]
7953,14,[]
7978,15,[]
8004,15,[]
8030,15,[1, 2, 3, 4, 5, 6, 7, 8, 9, 10, 11, 12]
8056,14,[]
8081,16,[]
8108,14,[]
8133,18,[]
8162,15,[]
0,70,[]
150,7,[]
166,2,[]
177,9,[]
195,10,[]
214,10,[]
233,14,[]
256,3,[]
268,13,[]
290,17,[]
316,17,[]
342,18,[]
369,4,[]
382,20,[]
411,23,[]
443,23,[]
475,26,[]
510,3,[]
522,31,[]
562,31,[]
602,30,[]
641,28,[]
678,8,[]
695,29,[2, 3, 21, 22, 23, 24, 25, 26, 27, 28]
733,26,[]
768,26,[]
803,35,[]
918,4,[]
931,21,[]
961,21,[]
991,123,[]
1194,13,[]
1216,6,[]
1231,15,[]
1255,11,[]
1275,7,[]
1291,14,[]
1314,8,[]
1331,19,[]
1359,21,[]
1389,23,[]
1421,25,[]
1455,3,[]
1467,28,[]
1504,23,[]
1536,23,[]
1568,42,[]
1690,2,[]
1701,19,[]
1729,17,[]
1755,17,[]
1781,19,[]
1809,4,[]
1822,17,[]
1848,17,[]
1874,15,[]
1898,19,[]
1926,3,[]
1938,17,[]
1964,15,[]
1988,106,[]
2174,5,[]
2188,4,[]
2201,9,[]
2219,12,[]
2240,11,[]
2260,14,[]
2283,4,[]
2296,10,[]
2315,13,[]
2337,17,[]
2363,14,[]
2386,5,[]
2400,16,[]
2425,18,[]
2452,13,[]
2474,13,[]
2496,6,[]
2511,17,[]
2537,14,[]
2560,14,[]
2583,15,[]
2607,5,[]
2621,12,[]
2642,13,[]
2664,11,[]
2684,14,[]
2707,6,[]
2722,16,[]
2747,11,[]
2767,105,[]
2952,5,[]
2966,4,[]
2979,11,[]
2999,11,[]
3019,9,[]
3037,14,[]
3060,4,[]
3073,15,[]
3097,12,[]
3118,10,[]
3137,15,[]
3161,5,[]
3175,10,[]
3194,12,[]
3215,13,[]
3237,16,[]
3262,6,[]
3277,15,[]
3301,14,[]
3324,11,[]
3344,14,[]
3367,8,[]
3384,17,[]
3410,11,[]
3430,9,[]
3448,17,[]
3474,7,[]
3490,11,[]
3510,11,[]
3530,112,[]
3722,4,[]
3735,1,[]
3745,10,[]
3764,9,[]
3782,8,[]
3799,12,[]
3820,5,[]
3834,12,[]
3855,14,[]
3878,10,[]
3897,12,[]
3918,7,[]
3934,14,[]
3957,10,[]
3976,9,[]
3994,14,[]
4017,6,[]
4032,17,[]
4058,11,[]
4078,12,[]
4099,37,[]
4216,5,[]
4230,22,[]
4261,15,[4, 5, 6, 7, 8, 9, 10, 11, 12, 13, 14]
4285,12,[]
4306,14,[]
4329,6,[]
4344,17,[]
4370,16,[]
4395,122,[]
4597,3,[]
4609,3,[]
4621,10,[]
4640,10,[]
4659,7,[]
4675,10,[]
4694,5,[]
4708,7,[]
4724,8,[]
4741,9,[]
4759,12,[]
4780,3,[]
4792,12,[]
4813,11,[]
4833,14,[]
4856,17,[]
4882,6,[]
4897,12,[]
4918,18,[]
4945,14,[]
4968,15,[]
4992,7,[]
5008,20,[]
5037,18,[]
5064,16,[]
5089,18,[]
5116,5,[]
5130,18,[]
5157,17,[]
5183,126,[]
5389,8,[]
5406,4,[]
5419,17,[]
5445,14,[]
5468,13,[]
5490,14,[]
5513,7,[]
5529,19,[]
5557,12,[]
5578,11,[]
5598,12,[]
5619,7,[]
5635,14,[]
5658,13,[]
5680,17,[]
5706,18,[]
5733,4,[]
5746,22,[]
5777,17,[]
5803,17,[]
5829,15,[]
5853,6,[]
5868,17,[]
5894,20,[]
5923,14,[]
5946,15,[]
5970,5,[]
5984,18,[]
6011,16,[]
6036,123,[]
6239,11,[]
6259,5,[]
6273,12,[]
6294,13,[]
6316,16,[]
6341,13,[]
6363,6,[]
6378,17,[]
6404,12,[]
6425,12,[]
6446,16,[]
6471,5,[]
6485,15,[]
6509,21,[]
6539,14,[]
6562,14,[]
6585,8,[]
6602,16,[]
6627,13,[]
6649,12,[]
6670,10,[]
6689,6,[]
6704,13,[]
6726,12,[]
6747,14,[]
6770,18,[]
6797,6,[]
6812,12,[]
6833,12,[]
6854,133,[]
7067,3,[]
7079,1,[]
7089,7,[]
7105,12,[]
7126,8,[]
7143,14,[]
7166,6,[]
7181,15,[]
7205,12,[]
7226,11,[]
7246,8,[]
7263,9,[]
7281,13,[]
7303,13,[]
7325,13,[]
7347,14,[]
7370,10,[]
7389,14,[]
7412,15,[]
7436,11,[]
7456,10,[]
7475,11,[]
7495,12,[]
7516,16,[]
7541,10,[0, 1, 2, 3, 4, 5, 6, 7, 8, 9]
7560,11,[]
7580,9,[]
7598,15,[]
7622,11,[]
7642,143,[]
7865,8,[]
7882,5,[]
7896,8,[]
7913,12,[]
7934,10,[]
7953,8,[]
7970,3,[]
7982,14,[]
8005,15,[]
8029,19,[]
8057,20,[]
8086,4,[]
8099,20,[]
8128,21,[]
8158,18,[]
8185,16,[]
8210,5,[]
8224,22,[]
8255,15,[]
8279,16,[]
8304,16,[]
8329,6,[]
8344,21,[]
8374,14,[]
8397,15,[]
8421,17,[]
8447,9,[]
8465,14,[]
8488,16,[]
0,48,[]
129,1,[]
139,3,[]
151,4,[]
164,7,[]
180,5,[]
194,5,[]
208,6,[]
223,10,[]
242,7,[]
258,8,[]
275,13,[]
297,9,[]
315,9,[]
333,9,[]
351,9,[]
369,11,[]
389,17,[]
415,19,[]
443,11,[]
463,14,[]
486,21,[]
516,17,[]
542,17,[]
568,17,[]
594,14,[]
617,14,[]
640,14,[]
663,15,[]
687,15,[]
711,153,[]
945,13,[]
967,15,[5, 6, 7, 8, 9, 10, 11, 12, 13, 14]
991,12,[]
1012,5,[]
1026,8,[]
1043,12,[]
1064,17,[]
1090,21,[]
1120,16,[]
1145,19,[]
1173,16,[]
1198,13,[]
1220,14,[]
1243,15,[]
1267,16,[]
1292,18,[]
1319,14,[]
1342,10,[]
1361,14,[]
1384,12,[]
1405,16,[]
1430,16,[]
1455,14,[]
1478,12,[]
1499,13,[]
1521,10,[]
1540,12,[]
1561,14,[]
1584,11,[]
1604,129,[]
1814,4,[]
1827,8,[]
1844,10,[]
1863,8,[]
1880,12,[]
1901,12,[]
1922,15,[]
1946,12,[]
1967,11,[]
1987,10,[]
2006,11,[]
2026,12,[]
2047,16,[]
2072,12,[]
2093,11,[]
2113,10,[]
2132,12,[]
2153,11,[]
2173,13,[]
2195,11,[]
2215,11,[]
2235,12,[]
2256,12,[]
2277,13,[0, 1, 2, 3, 4, 5, 6, 7, 8, 9, 10, 11, 12]
2299,11,[]
2319,13,[]
2341,16,[]
2366,13,[]
2388,11,[]
2408,129,[]
2618,7,[]
2634,11,[]
2654,14,[]
2677,11,[]
2697,14,[]
2720,14,[]
2743,17,[]
2769,16,[]
2794,16,[]
2819,15,[]
2843,15,[]
2867,16,[]
2892,15,[]
2916,15,[]
2940,15,[]
2964,15,[3, 4, 5, 6, 7, 8, 9, 10, 11, 12, 13, 14]
2988,16,[]
3013,15,[]
3037,16,[]
3062,15,[]
3086,17,[4, 5, 6, 7, 8, 9, 10, 11, 12, 13, 14, 15]
3112,17,[]
3138,16,[]
3163,14,[]
3186,13,[]
3208,13,[]
3230,16,[]
3255,15,[]
3279,12,[]
3300,120,[]
3501,12,[]
3522,14,[]
3545,15,[]
3569,13,[]
3591,13,[]
3613,14,[]
3636,15,[]
3660,17,[]
3686,17,[]
3712,17,[]
3738,15,[]
3762,15,[]
3786,14,[]
3809,14,[]
3832,14,[]
3855,20,[]
3884,15,[]
3908,15,[]
3932,14,[]
3955,15,[]
3979,15,[]
4003,17,[7, 8, 9, 10, 11, 12, 13, 14, 15, 16]
4029,14,[]
4052,15,[]
4076,14,[]
4099,17,[]
4125,14,[]
4148,13,[]
4170,15,[]
4194,109,[]
4384,6,[]
4399,10,[]
4418,11,[]
4438,14,[]
4461,13,[]
4483,15,[]
4507,15,[]
4531,14,[]
4554,14,[]
4577,14,[]
4600,15,[]
4624,14,[]
4647,14,[]
4670,14,[]
4693,15,[]
4717,15,[]
4741,13,[]
4763,13,[]
4785,13,[]
4807,14,[]
4830,14,[]
4853,14,[]
4876,14,[]
4899,16,[]
4924,16,[]
4949,14,[]
4972,15,[]
4996,16,[]
5021,14,[]
5044,120,[]
5245,8,[]
5262,11,[]
5282,11,[]
5302,14,[]
5325,13,[]
5347,17,[0, 7, 8, 9, 10, 11, 12, 13, 14, 15, 16]
5373,15,[]
5397,15,[]
5421,15,[]
5445,15,[]
5469,15,[]
5493,14,[]
5516,13,[]
5538,12,[]
5559,17,[]
5585,15,[]
5609,15,[]
5633,14,[]
5656,14,[]
5679,17,[]
5705,16,[]
5730,15,[]
5754,14,[]
5777,14,[]
5800,13,[]
5822,16,[3, 4, 5, 6, 7, 8, 9, 10, 11, 12, 13, 14, 15]
5847,13,[]
5869,13,[]
5891,13,[]
5913,112,[]
6106,4,[]
6119,7,[]
6135,8,[]
6152,8,[]
6169,10,[]
6188,9,[]
6206,9,[]
6224,9,[]
6242,13,[]
6264,11,[]
6284,11,[]
6304,11,[]
6324,10,[]
6343,12,[]
6364,13,[]
6386,19,[]
6414,13,[]
6436,11,[]
6456,10,[]
6475,11,[]
6495,10,[]
6514,19,[]
6542,14,[]
6565,13,[]
6587,12,[]
6608,12,[]
6629,11,[]
6649,20,[]
6678,9,[]
6696,129,[]
6906,3,[]
6918,7,[]
6934,7,[]
6950,12,[]
6971,13,[1, 2, 3, 4, 5, 6, 7, 8, 9, 10, 11]
6993,12,[]
7014,11,[]
7034,11,[]
7054,11,[]
7074,13,[]
7096,11,[]
7116,15,[]
7140,14,[]
7163,12,[]
7184,11,[]
7204,9,[]
7222,11,[]
7242,11,[]
7262,15,[]
7286,16,[]
7311,14,[]
7334,11,[]
7354,9,[]
7372,10,[]
7391,15,[]
7415,17,[]
7441,14,[]
7464,10,[]
7483,13,[]
7505,122,[]
7708,5,[]
7722,7,[]
7738,9,[]
7756,11,[]
7776,10,[]
7795,11,[]
7815,12,[]
7836,15,[]
7860,12,[]
7881,12,[]
7902,12,[]
7923,15,[]
7947,12,[]
7968,16,[]
7993,16,[]
8018,13,[]
8040,12,[]
8061,11,[]
8081,11,[]
8101,17,[]
8127,17,[]
8153,14,[]
8176,13,[]
8198,12,[]
8219,12,[]
8240,12,[]
8261,14,[]
8284,14,[]
8307,8,[]
0,18,[]
29,6,[]
46,12,[]
69,15,[]
95,13,[]
119,14,[]
144,14,[]
169,15,[]
195,14,[]
220,14,[]
245,14,[]
270,15,[]
296,15,[]
322,15,[]
348,13,[]
372,14,[]
397,14,[]
422,14,[]
447,14,[]
472,14,[]
497,15,[]
523,15,[]
549,15,[]
575,16,[]
602,15,[]
628,18,[]
657,17,[]
685,13,[]
709,14,[]
734,18,[]
763,54,[]
846,10,[]
867,13,[]
891,12,[]
914,11,[]
936,16,[]
963,19,[]
993,17,[]
1021,18,[]
1050,17,[]
1078,18,[]
1107,18,[]
1136,19,[]
1166,18,[]
1195,18,[]
1224,18,[]
1253,20,[]
1284,18,[]
1313,19,[]
1343,18,[]
1372,21,[]
1404,20,[]
1435,22,[3, 4, 5, 6, 7, 8, 9, 10, 11, 12, 13, 14, 15, 16, 17, 18, 19, 20]
1468,19,[]
1498,20,[]
1529,19,[]
1559,19,[]
1589,19,[]
1619,20,[]
1650,19,[]
1680,54,[]
1763,16,[]
1790,18,[]
1819,19,[]
1849,19,[]
1879,17,[]
1907,21,[]
1939,20,[]
1970,21,[]
2002,20,[]
2033,20,[]
2064,20,[]
2095,21,[]
2127,20,[]
2158,20,[]
2189,20,[0, 1, 2, 3, 4, 5, 6, 7, 8, 9, 10, 11]
2220,18,[]
2249,17,[]
2277,19,[]
2307,18,[]
2336,19,[]
2366,19,[5, 6, 7, 8, 9, 10, 11, 12, 13, 14, 15, 16, 17, 18]
2396,19,[]
2426,18,[]
2455,20,[]
2486,19,[]
2516,20,[]
2547,19,[]
2577,21,[]
2609,19,[]
2639,50,[]
2718,15,[]
2744,17,[]
2772,16,[]
2799,17,[]
2827,16,[]
2854,17,[]
2882,19,[]
2912,17,[]
2940,19,[]
2970,19,[]
3000,18,[]
3029,20,[]
3060,16,[]
3087,16,[]
3114,19,[]
3144,16,[]
3171,15,[]
3197,16,[]
3224,19,[]
3254,16,[]
3281,15,[]
3307,15,[]
3333,19,[]
3363,17,[]
3391,17,[]
3419,18,[]
3448,17,[]
3476,18,[]
3505,17,[]
3533,46,[]
3608,14,[]
3633,14,[]
3658,17,[]
3686,17,[]
3714,16,[]
3741,17,[]
3769,17,[]
3797,17,[4, 5, 6, 7, 8, 9, 10, 11, 12, 13, 14, 15, 16]
3825,17,[]
3853,17,[]
3881,15,[]
3907,16,[]
3934,17,[]
3962,18,[]
3991,17,[]
4019,14,[]
4044,14,[]
4069,14,[]
4094,14,[]
4119,14,[]
4144,18,[]
4173,17,[]
4201,16,[]
4228,17,[]
4256,17,[]
4284,17,[]
4312,17,[]
4340,14,[]
4365,14,[]
4390,46,[]
4465,13,[]
4489,13,[]
4513,13,[]
4537,15,[]
4563,15,[]
4589,15,[]
4615,15,[]
4641,13,[]
4665,13,[]
4689,13,[]
4713,13,[]
4737,13,[]
4761,12,[]
4784,12,[]
4807,11,[]
4829,11,[]
4851,11,[]
4873,12,[]
4896,11,[]
4918,12,[]
4941,11,[]
4963,11,[]
4985,11,[]
5007,12,[]
5030,11,[]
5052,11,[]
5074,11,[]
5096,12,[]
5119,11,[]
5141,34,[]
5186,10,[]
5207,10,[]
5228,11,[]
5250,11,[]
5272,12,[]
5295,13,[]
5319,13,[]
5343,13,[]
5367,13,[]
5391,13,[]
5415,12,[]
5438,12,[]
5461,12,[]
5484,12,[]
5507,12,[]
5530,16,[0, 1, 2, 3, 4, 5, 6, 7, 8, 9, 10, 11]
5557,14,[]
5582,14,[]
5607,14,[]
5632,15,[]
5658,15,[]
5684,15,[]
5710,14,[]
5735,14,[]
5760,14,[]
5785,14,[]
5810,14,[]
5835,14,[]
5860,14,[]
5885,34,[]
5930,11,[]
5952,12,[]
5975,14,[]
6000,14,[]
6025,4,[]
6040,16,[]
6067,16,[]
6094,16,[]
6121,16,[]
6148,16,[]
6175,15,[]
6201,16,[]
6228,15,[]
6254,15,[]
6280,15,[]
6306,16,[]
6333,15,[]
6359,15,[]
6385,16,[]
6412,16,[]
6439,15,[]
6465,16,[]
6492,15,[]
6518,16,[]
6545,15,[]
6571,16,[]
6598,16,[]
6625,15,[]
6651,14,[]
6676,39,[]
6744,11,[]
6766,11,[]
6788,14,[]
6813,14,[]
6838,14,[]
6863,14,[]
6888,13,[]
6912,14,[]
6937,14,[]
6962,14,[]
6987,14,[]
7012,14,[]
7037,13,[]
7061,14,[]
7086,13,[]
7110,14,[]
7135,13,[]
7159,13,[]
7183,13,[]
7207,14,[]
7232,13,[]
7256,13,[]
7280,16,[]
7307,13,[]
7331,15,[]
7357,15,[]
7383,14,[]
7408,15,[]
7434,14,[]
7459,40,[]
7528,9,[]
7548,10,[]
7569,12,[]
7592,12,[]
7615,12,[]
7638,13,[]
7662,13,[]
7686,14,[]
7711,13,[]
7735,13,[]
7759,13,[]
7783,14,[]
7808,13,[]
7832,14,[]
7857,14,[]
7882,14,[]
7907,14,[]
7932,15,[]
7958,14,[]
7983,15,[]
8009,14,[]
8034,15,[]
8060,14,[]
8085,14,[]
8110,13,[]
8134,13,[]
8158,13,[]
8182,14,[]
8207,8,[]
0,51,[]
144,2,[]
155,7,[]
171,9,[]
189,7,[]
205,8,[]
222,6,[]
237,5,[]
251,7,[]
267,6,[]
282,7,[]
298,8,[]
315,9,[]
333,5,[]
347,7,[]
363,8,[]
380,14,[]
403,9,[]
421,16,[]
446,14,[]
469,17,[]
495,14,[]
518,19,[]
546,18,[]
573,18,[]
600,18,[]
627,18,[]
654,19,[]
682,15,[]
706,17,[]
732,234,[]
1059,16,[]
1084,7,[]
1100,4,[]
1113,4,[]
1126,3,[]
1138,8,[]
1155,12,[]
1176,10,[]
1195,10,[]
1214,11,[]
1234,9,[]
1252,12,[]
1273,11,[]
1293,12,[]
1314,13,[]
1336,17,[]
1362,12,[]
1383,12,[]
1404,12,[]
1425,14,[]
1448,12,[]
1469,17,[]
1495,17,[]
1521,14,[]
1544,13,[]
1566,12,[]
1587,12,[]
1608,15,[]
1632,7,[]
1648,156,[]
1897,1,[]
1907,6,[]
1922,6,[]
1937,8,[]
1954,8,[]
1971,8,[]
1988,10,[0, 1, 2, 3, 4, 5, 6, 7, 8, 9]
2007,7,[]
2023,7,[]
2039,8,[]
2056,11,[]
2076,11,[]
2096,13,[]
2118,15,[]
2142,16,[]
2167,14,[]
2190,11,[]
2210,11,[]
2230,14,[]
2253,12,[]
2274,15,[]
2298,14,[]
2321,18,[]
2348,14,[0, 1, 2, 3, 4, 5, 6, 7, 8, 9, 10, 11, 12, 13]
2371,15,[]
2395,17,[]
2421,15,[]
2445,20,[]
2474,15,[]
2498,149,[]
2740,12,[]
2761,9,[]
2779,12,[]
2800,10,[]
2819,12,[]
2840,8,[]
2857,12,[]
2878,16,[]
2903,12,[]
2924,15,[]
2948,10,[]
2967,15,[]
2991,14,[]
3014,14,[]
3037,15,[]
3061,18,[]
3088,18,[]
3115,19,[]
3143,17,[]
3169,18,[]
3196,17,[]
3222,16,[]
3247,17,[]
3273,18,[]
3300,16,[]
3325,14,[]
3348,13,[]
3370,14,[]
3393,14,[]
3416,152,[]
3661,7,[]
3677,9,[]
3695,11,[]
3715,10,[]
3734,11,[]
3754,11,[]
3774,13,[]
3796,18,[]
3823,16,[]
3848,15,[]
3872,13,[]
3894,18,[]
3921,14,[]
3944,15,[]
3968,15,[]
3992,15,[1, 2, 3, 4, 5, 6, 7, 8, 9, 10, 11]
4016,15,[]
4040,16,[]
4065,14,[]
4088,17,[]
4114,13,[]
4136,16,[]
4161,19,[]
4189,18,[]
4216,15,[]
4240,14,[]
4263,15,[]
4287,13,[]
4309,14,[]
4332,141,[]
4566,4,[]
4579,5,[]
4593,7,[]
4609,8,[]
4626,8,[]
4643,10,[]
4662,12,[]
4683,13,[]
4705,15,[]
4729,14,[]
4752,15,[]
4776,13,[]
4798,13,[]
4820,13,[]
4842,11,[]
4862,17,[]
4888,11,[]
4908,12,[]
4929,10,[]
4948,14,[]
4971,13,[]
4993,13,[]
5015,10,[]
5034,12,[]
5055,12,[]
5076,13,[]
5098,13,[]
5120,13,[]
5142,10,[]
5161,130,[]
5384,4,[]
5397,9,[]
5415,9,[]
5433,9,[]
5451,9,[]
5469,10,[]
5488,12,[]
5509,13,[]
5531,16,[]
5556,12,[]
5577,19,[]
5605,17,[]
5631,16,[]
5656,17,[]
5682,13,[]
5704,17,[]
5730,12,[]
5751,14,[]
5774,11,[]
5794,12,[]
5815,14,[]
5838,13,[]
5860,16,[]
5885,13,[]
5907,17,[]
5933,13,[]
5955,11,[]
5975,16,[]
6000,17,[]
6026,109,[]
6228,3,[]
6240,10,[]
6259,8,[]
6276,9,[]
6294,10,[]
6313,12,[]
6334,13,[]
6356,15,[]
6380,16,[]
6405,10,[]
6424,10,[]
6443,10,[]
6462,12,[]
6483,12,[]
6504,14,[]
6527,12,[]
6548,11,[]
6568,11,[]
6588,10,[]
6607,11,[]
6627,10,[]
6646,11,[]
6666,12,[]
6687,14,[]
6710,16,[]
6735,16,[]
6760,11,[]
6780,14,[]
6803,18,[]
6830,115,[]
7038,4,[]
7051,7,[]
7067,7,[]
7083,8,[]
7100,7,[]
7116,7,[]
7132,11,[]
7152,10,[]
7171,13,[]
7193,11,[]
7213,10,[]
7232,10,[]
7251,12,[]
7272,11,[]
7292,12,[]
7313,13,[]
7335,14,[]
7358,15,[]
7382,15,[]
7406,13,[]
7428,14,[]
7451,15,[]
7475,15,[]
7499,16,[]
7524,19,[]
7552,15,[]
7576,13,[]
7598,13,[]
7620,15,[]
7644,119,[]
7856,5,[]
7870,10,[]
7889,8,[]
7906,14,[]
7929,7,[]
7945,11,[]
7965,10,[]
7984,12,[]
8005,12,[]
8026,11,[]
8046,13,[]
8068,12,[]
8089,14,[]
8112,13,[]
8134,14,[]
8157,16,[]
8182,11,[]
8202,14,[]
8225,11,[]
8245,16,[]
8270,10,[]
8289,10,[]
8308,13,[]
8330,12,[]
8351,13,[]
8373,14,[0, 1, 2, 3, 4, 5, 6, 7, 8, 9, 10, 11, 12]
8396,12,[]
8417,12,[]
8438,11,[]
0,20,[]
30,1,[]
41,11,[]
62,9,[]
81,11,[]
102,11,[]
123,7,[]
140,6,[]
156,10,[]
176,10,[]
196,8,[]
214,7,[]
231,10,[]
251,10,[]
271,13,[]
294,14,[]
318,22,[]
350,8,[]
368,22,[]
400,13,[]
423,23,[]
456,14,[]
480,27,[]
517,18,[]
545,7,[]
562,18,[]
590,11,[]
611,21,[]
642,9,[]
661,19,[]
690,110,[]
868,1,[]
879,8,[]
897,10,[]
917,1,[]
928,14,[]
952,12,[0, 1, 2, 3, 4, 5, 6, 7, 8, 9, 10, 11]
974,18,[]
1002,7,[]
1019,7,[]
1036,20,[]
1066,20,[]
1096,11,[]
1117,19,[]
1146,11,[]
1167,17,[]
1194,21,[]
1225,19,[]
1254,10,[]
1274,21,[]
1305,5,[]
1320,9,[]
1339,17,[]
1366,11,[]
1387,18,[]
1415,12,[]
1437,14,[]
1461,10,[]
1481,14,[]
1505,26,[]
1541,104,[]
1713,9,[]
1732,6,[]
1748,13,[]
1771,8,[]
1789,17,[]
1816,9,[]
1835,10,[]
1855,19,[]
1884,17,[]
1911,11,[]
1932,17,[]
1959,11,[]
1980,18,[]
2008,5,[]
2023,11,[]
2044,19,[]
2073,17,[]
2100,11,[]
2121,11,[]
2142,17,[]
2169,18,[]
2197,11,[]
2218,18,[]
2246,7,[]
2263,17,[]
2290,6,[]
2306,19,[]
2335,7,[]
2352,16,[]
2378,110,[]
2556,1,[]
2567,13,[]
2590,4,[]
2604,14,[]
2628,16,[]
2654,4,[]
2668,18,[]
2696,7,[]
2713,19,[]
2742,6,[]
2758,18,[]
2786,7,[]
2803,19,[]
2832,10,[]
2852,12,[]
2874,22,[]
2906,7,[]
2923,17,[]
2950,6,[]
2966,20,[]
2996,6,[]
3012,19,[]
3041,17,[]
3068,13,[]
3091,19,[]
3120,11,[]
3141,13,[]
3164,20,[]
3194,24,[]
3228,106,[]
3402,9,[]
3421,6,[]
3437,15,[]
3462,6,[]
3478,7,[]
3495,14,[]
3519,12,[]
3541,16,[]
3567,11,[]
3588,16,[]
3614,18,[]
3642,6,[]
3658,10,[]
3678,19,[]
3707,19,[]
3736,8,[]
3754,20,[]
3784,5,[]
3799,12,[]
3821,20,[]
3851,6,[]
3867,17,[]
3894,13,[]
3917,15,[]
3942,7,[]
3959,18,[]
3987,11,[]
4008,21,[]
4039,17,[]
4066,110,[]
4244,1,[]
4255,13,[]
4278,16,[]
4304,8,[]
4322,7,[]
4339,19,[]
4368,17,[]
4395,7,[]
4412,11,[]
4433,19,[]
4462,7,[]
4479,18,[]
4507,12,[]
4529,23,[]
4562,6,[]
4578,27,[]
4615,21,[]
4646,12,[]
4668,21,[]
4699,7,[]
4716,18,[]
4744,10,[]
4764,20,[]
4794,12,[]
4816,21,[]
4847,6,[]
4863,13,[]
4886,25,[]
4921,5,[]
4936,115,[]
5119,1,[]
5130,17,[]
5157,6,[]
5173,22,[]
5205,19,[]
5234,9,[]
5253,22,[]
5285,13,[]
5308,21,[]
5339,5,[]
5354,12,[]
5376,20,[]
5406,19,[]
5435,9,[]
5454,11,[]
5475,22,[]
5507,14,[]
5531,26,[]
5567,26,[]
5603,12,[]
5625,13,[]
5648,18,[]
5676,22,[]
5708,6,[]
5724,11,[]
5745,19,[]
5774,13,[]
5797,20,[]
5827,21,[]
5858,104,[]
6030,13,[]
6053,7,[]
6070,24,[]
6104,5,[]
6119,17,[]
6146,10,[]
6166,12,[]
6188,21,[]
6219,11,[]
6240,19,[]
6269,21,[]
6300,7,[]
6317,20,[]
6347,6,[]
6363,24,[]
6397,7,[]
6414,23,[]
6447,6,[]
6463,14,[]
6487,26,[]
6523,23,[]
6556,12,[]
6578,21,[]
6609,13,[]
6632,21,[]
6663,7,[]
6680,12,[]
6702,25,[]
6737,5,[]
6752,104,[]
6924,12,[0, 1, 2, 3, 4, 5, 6, 7, 8, 9, 10, 11]
6946,7,[]
6963,15,[]
6988,8,[]
7006,17,[]
7033,10,[]
7053,11,[]
7074,18,[]
7102,5,[]
7117,18,[]
7145,5,[]
7160,19,[]
7189,7,[]
7206,18,[]
7234,6,[]
7250,20,[]
7280,17,[]
7307,7,[]
7324,11,[]
7345,19,[]
7374,8,[]
7392,17,[]
7419,21,[]
7450,8,[]
7468,20,[]
7498,6,[]
7514,16,[]
7540,8,[]
7558,16,[]
7584,110,[]
7762,7,[]
7779,8,[]
7797,6,[]
7813,14,[]
7837,17,[]
7864,5,[]
7879,21,[3, 9, 10, 11, 12, 13, 14, 15, 16, 17, 18, 19, 20]
7910,5,[]
7925,18,[]
7953,8,[]
7971,19,[]
8000,6,[]
8016,9,[]
8035,20,[]
8065,15,[]
8090,10,[]
8110,18,[]
8138,9,[]
8157,19,[]
8186,8,[]
8204,5,[]
8219,17,[]
8246,17,[]
8273,12,[]
8295,4,[]
8309,19,[]
8338,13,[]
8361,12,[]
8383,24,[]
0,15,[]
26,6,[]
43,10,[]
64,12,[]
87,12,[]
110,13,[]
134,11,[]
156,12,[]
179,4,[]
194,11,[]
216,10,[]
237,12,[]
260,12,[]
283,8,[]
302,11,[]
324,9,[]
344,11,[]
366,11,[]
388,13,[]
412,14,[]
437,13,[]
461,14,[]
486,18,[]
515,14,[]
540,15,[]
566,14,[]
591,15,[]
617,10,[]
638,14,[]
663,18,[]
692,48,[]
774,10,[]
795,9,[]
815,11,[]
837,11,[]
859,13,[]
883,14,[]
908,14,[]
933,14,[]
958,14,[]
983,16,[]
1010,15,[]
1036,17,[0, 1, 2, 3, 4, 5, 6, 7, 8, 9, 10, 11, 12, 13, 14, 15]
1064,16,[]
1091,17,[]
1119,18,[]
1148,17,[]
1176,18,[]
1205,15,[]
1231,14,[]
1256,17,[]
1284,15,[]
1310,16,[]
1337,15,[]
1363,15,[]
1389,14,[]
1414,16,[]
1441,16,[]
1468,17,[]
1496,15,[]
1522,47,[]
1603,12,[]
1626,15,[]
1652,14,[]
1677,22,[]
1710,23,[]
1744,25,[]
1780,24,[]
1815,25,[]
1851,23,[]
1885,17,[]
1913,18,[]
1942,22,[]
1975,19,[]
2005,20,[]
2036,21,[]
2068,17,[]
2096,18,[]
2125,18,[]
2154,17,[]
2182,17,[]
2210,16,[]
2237,19,[]
2267,20,[]
2298,22,[]
2331,20,[]
2362,20,[]
2393,22,[]
2426,20,[]
2457,18,[]
2486,51,[]
2571,14,[]
2596,15,[]
2622,14,[]
2647,17,[]
2675,17,[]
2703,15,[]
2729,17,[]
2757,17,[]
2785,17,[]
2813,14,[]
2838,16,[]
2865,15,[]
2891,15,[]
2917,15,[]
2943,16,[]
2970,15,[]
2996,18,[]
3025,17,[]
3053,19,[0, 1, 2, 3, 4, 5, 6, 7, 8, 9, 10, 11, 12, 13, 14, 15]
3083,16,[]
3110,19,[]
3140,17,[]
3168,18,[]
3197,17,[]
3225,17,[]
3253,16,[]
3280,17,[]
3308,15,[]
3334,15,[]
3360,44,[]
3438,11,[]
3460,13,[]
3484,13,[]
3508,13,[]
3532,14,[]
3557,12,[]
3580,13,[]
3604,16,[]
3631,15,[]
3657,14,[]
3682,21,[]
3714,19,[]
3744,19,[]
3774,18,[]
3803,19,[]
3833,13,[]
3857,14,[]
3882,14,[]
3907,15,[]
3933,16,[]
3960,18,[]
3989,18,[]
4018,17,[]
4046,17,[]
4074,17,[]
4102,14,[]
4127,18,[]
4156,14,[]
4181,16,[]
4208,43,[]
4285,11,[]
4307,14,[]
4332,7,[]
4350,15,[]
4376,14,[]
4401,14,[]
4426,13,[]
4450,13,[]
4474,13,[]
4498,15,[]
4524,19,[]
4554,20,[]
4585,19,[]
4615,19,[]
4645,15,[]
4671,15,[]
4697,14,[]
4722,17,[]
4750,14,[]
4775,17,[]
4803,16,[]
4830,23,[]
4864,14,[]
4889,17,[]
4917,17,[]
4945,17,[]
4973,21,[]
5005,13,[]
5029,17,[]
5057,57,[]
5148,9,[]
5168,11,[]
5190,11,[]
5212,12,[]
5235,13,[]
5259,14,[]
5284,14,[]
5309,13,[0, 1, 2, 3, 4, 5, 6, 7, 8, 9, 10, 11, 12]
5333,15,[]
5359,13,[]
5383,14,[]
5408,12,[]
5431,15,[]
5457,13,[]
5481,13,[]
5505,12,[]
5528,14,[]
5553,12,[]
5576,13,[]
5600,12,[]
5623,15,[]
5649,14,[]
5674,12,[]
5697,12,[]
5720,12,[]
5743,10,[]
5764,16,[]
5791,10,[]
5812,13,[]
5836,66,[]
5936,7,[]
5954,11,[]
5976,9,[]
5996,13,[]
6020,10,[]
6041,11,[]
6063,12,[]
6086,13,[]
6110,12,[]
6133,11,[]
6155,11,[]
6177,11,[]
6199,11,[]
6221,12,[]
6244,12,[]
6267,14,[]
6292,14,[]
6317,14,[]
6342,14,[]
6367,14,[]
6392,13,[]
6416,12,[]
6439,12,[]
6462,19,[]
6492,13,[]
6516,14,[]
6541,12,[]
6564,13,[]
6588,16,[]
6615,71,[]
6720,7,[]
6738,10,[]
6759,11,[]
6781,12,[]
6804,14,[]
6829,14,[]
6854,13,[]
6878,14,[]
6903,13,[]
6927,13,[]
6951,11,[]
6973,13,[]
6997,11,[]
7019,12,[]
7042,15,[]
7068,13,[]
7092,13,[]
7116,16,[]
7143,15,[]
7169,18,[]
7198,17,[]
7226,15,[]
7252,15,[]
7278,16,[]
7305,16,[]
7332,16,[]
7359,15,[]
7385,17,[]
7413,15,[]
7439,52,[]
7525,13,[]
7549,13,[]
7573,15,[]
7599,7,[]
7617,16,[]
7644,16,[]
7671,15,[]
7697,20,[]
7728,20,[]
7759,19,[]
7789,20,[]
7820,15,[]
7846,13,[]
7870,18,[]
7899,15,[]
7925,17,[]
7953,16,[]
7980,17,[]
8008,17,[]
8036,16,[]
8063,17,[]
8091,15,[]
8117,16,[]
8144,13,[]
8168,16,[]
8195,16,[]
8222,14,[]
8247,13,[]
8271,7,[]
0,53,[]
109,4,[]
123,18,[]
151,8,[]
169,19,[]
198,19,[]
227,6,[]
243,21,[6, 7, 8, 9, 10, 11, 12, 13, 14, 15, 16, 17, 18, 19, 20]
274,17,[]
301,7,[]
318,18,[]
346,6,[]
362,21,[]
393,19,[]
422,19,[]
451,7,[]
468,18,[]
496,18,[]
524,8,[]
542,16,[]
568,19,[]
597,7,[]
614,19,[]
643,6,[]
659,24,[]
693,20,[]
723,20,[]
753,3,[]
766,21,[]
797,22,[]
829,104,[]
989,22,[]
1021,24,[]
1055,7,[]
1072,14,[]
1096,6,[]
1112,22,[]
1144,20,[]
1174,25,[]
1209,5,[]
1224,27,[]
1261,20,[]
1291,5,[]
1306,23,[]
1339,18,[]
1367,7,[]
1384,25,[]
1419,7,[]
1436,23,[]
1469,22,[]
1501,17,[]
1528,9,[]
1547,25,[]
1582,20,[]
1612,6,[]
1628,18,[]
1656,18,[]
1684,6,[]
1700,20,[]
1730,10,[]
1750,90,[]
1896,9,[]
1915,11,[]
1936,6,[]
1952,17,[]
1979,15,[]
2004,8,[]
2022,17,[]
2049,18,[]
2077,5,[]
2092,18,[]
2120,6,[]
2136,20,[]
2166,15,[]
2191,13,[]
2214,6,[]
2230,16,[]
2256,15,[0, 1, 2, 3, 4, 5, 6, 7, 8, 9, 10, 11]
2281,8,[]
2299,16,[]
2325,18,[]
2353,6,[]
2369,19,[]
2398,6,[]
2414,18,[]
2442,19,[]
2471,15,[]
2496,9,[]
2515,18,[]
2543,15,[]
2568,78,[]
2702,10,[]
2722,12,[]
2744,7,[]
2761,17,[]
2788,6,[]
2804,12,[]
2826,15,[]
2851,17,[]
2878,6,[]
2894,17,[]
2921,18,[]
2949,6,[]
2965,13,[]
2988,16,[]
3014,6,[]
3030,19,[]
3059,6,[]
3075,16,[]
3101,14,[]
3125,15,[]
3150,8,[]
3168,15,[]
3193,18,[]
3221,6,[]
3237,15,[]
3262,16,[]
3288,7,[]
3305,18,[]
3333,8,[]
3351,79,[]
3486,9,[]
3505,13,[]
3528,8,[]
3546,15,[]
3571,16,[]
3597,5,[]
3612,19,[]
3641,14,[]
3665,7,[]
3682,16,[]
3708,7,[]
3725,17,[]
3752,13,[0, 1, 2, 3, 4, 5, 6, 7, 8, 9, 10, 11, 12]
3775,16,[]
3801,7,[]
3818,16,[]
3844,15,[]
3869,9,[]
3888,15,[]
3913,13,[]
3936,6,[]
3952,16,[]
3978,10,[]
3998,19,[]
4027,16,[]
4053,20,[]
4083,5,[]
4098,17,[]
4125,19,[]
4154,74,[]
4284,12,[0, 1, 2, 3, 4, 5, 6, 7, 8, 9, 10, 11]
4306,14,[]
4330,7,[]
4347,21,[]
4378,5,[]
4393,17,[]
4420,17,[]
4447,20,[]
4477,6,[]
4493,17,[]
4520,20,[]
4550,6,[]
4566,22,[]
4598,17,[]
4625,7,[]
4642,20,[]
4672,6,[]
4688,17,[]
4715,16,[]
4741,19,[]
4770,7,[]
4787,17,[]
4814,17,[]
4841,9,[]
4860,14,[]
4884,16,[]
4910,11,[]
4931,21,[]
4962,11,[]
4983,83,[]
5122,12,[]
5144,14,[]
5168,9,[]
5187,16,[]
5213,15,[]
5238,9,[]
5257,16,[]
5283,20,[]
5313,5,[]
5328,20,[]
5358,9,[]
5377,17,[]
5404,16,[]
5430,15,[]
5455,7,[]
5472,16,[]
5498,22,[]
5530,6,[]
5546,15,[]
5571,20,[]
5601,5,[]
5616,18,[]
5644,7,[]
5661,17,[]
5688,17,[]
5715,14,[]
5739,6,[]
5755,17,[]
5782,17,[]
5809,84,[]
5949,6,[]
5965,15,[]
5990,8,[]
6008,16,[]
6034,8,[]
6052,17,[]
6079,19,[]
6108,13,[]
6131,8,[]
6149,17,[]
6176,20,[]
6206,7,[]
6223,15,[]
6248,17,[]
6275,9,[]
6294,19,[]
6323,6,[]
6339,16,[]
6365,14,[]
6389,13,[]
6412,9,[]
6431,14,[]
6455,15,[]
6480,8,[]
6498,16,[]
6524,15,[]
6549,6,[]
6565,16,[]
6591,6,[]
6607,85,[]
6748,10,[]
6768,10,[]
6788,7,[]
6805,15,[]
6830,10,[]
6850,8,[]
6868,16,[]
6894,15,[4, 5, 6, 7, 8, 9, 10, 11, 12, 13, 14]
6919,10,[]
6939,16,[]
6965,7,[]
6982,17,[]
7009,15,[]
7034,16,[]
7060,5,[]
7075,20,[]
7105,17,[]
7132,5,[]
7147,16,[]
7173,20,[]
7203,6,[]
7219,17,[]
7246,7,[]
7263,17,[]
7290,17,[]
7317,18,[]
7345,6,[]
7361,17,[]
7388,17,[]
7415,90,[]
7561,9,[]
7580,11,[]
7601,6,[]
7617,16,[]
7643,6,[]
7659,16,[]
7685,16,[]
7711,17,[]
7738,10,[]
7758,19,[]
7787,19,[]
7816,6,[]
7832,20,[]
7862,20,[]
7892,6,[]
7908,22,[]
7940,6,[]
7956,20,[]
7986,17,[]
8013,16,[]
8039,9,[]
8058,16,[]
8084,17,[]
8111,7,[]
8128,17,[]
8155,18,[]
8183,6,[]
8199,21,[]
8230,7,[]
0,23,[]
34,4,[]
49,10,[]
70,14,[]
95,13,[]
119,10,[]
140,16,[]
167,13,[]
191,12,[]
214,10,[]
235,12,[]
258,11,[]
280,14,[]
305,12,[]
328,14,[]
353,13,[]
377,15,[]
403,13,[]
427,14,[]
452,12,[]
475,15,[]
501,13,[]
525,16,[]
552,17,[]
580,12,[]
603,13,[]
627,14,[]
652,19,[]
682,16,[]
709,14,[]
734,80,[]
868,12,[]
891,9,[]
911,10,[]
932,8,[]
951,15,[]
977,17,[]
1005,16,[]
1032,15,[]
1058,17,[]
1086,15,[]
1112,16,[]
1139,16,[]
1166,15,[]
1192,17,[]
1220,15,[]
1246,16,[]
1273,14,[]
1298,16,[]
1325,15,[]
1351,16,[]
1378,15,[]
1404,18,[]
1433,17,[]
1461,15,[]
1487,13,[]
1511,18,[]
1540,17,[]
1568,13,[]
1592,15,[]
1618,82,[]
1754,7,[]
1772,11,[]
1794,12,[]
1817,14,[]
1842,13,[]
1866,14,[]
1891,13,[]
1915,13,[]
1939,14,[]
1964,15,[]
1990,14,[]
2015,15,[]
2041,12,[]
2064,13,[]
2088,9,[]
2108,14,[]
2133,14,[]
2158,17,[]
2186,13,[]
2210,17,[]
2238,13,[]
2262,14,[]
2287,10,[]
2308,14,[]
2333,14,[]
2358,15,[]
2384,14,[]
2409,17,[]
2437,14,[]
2462,82,[]
2598,8,[]
2617,10,[]
2638,10,[]
2659,16,[]
2686,14,[]
2711,14,[]
2736,15,[]
2762,15,[]
2788,14,[]
2813,15,[]
2839,14,[]
2864,18,[]
2893,17,[]
2921,18,[]
2950,15,[]
2976,19,[]
3006,14,[]
3031,22,[]
3064,16,[]
3091,16,[]
3118,20,[]
3149,18,[]
3178,17,[]
3206,17,[]
3234,16,[]
3261,17,[]
3289,14,[]
3314,18,[]
3343,18,[]
3372,83,[]
3509,6,[]
3526,11,[]
3548,11,[]
3570,11,[]
3592,13,[]
3616,13,[]
3640,15,[]
3666,17,[]
3694,16,[]
3721,18,[]
3750,15,[]
3776,19,[]
3806,16,[]
3833,18,[0, 1, 2, 3, 4, 5, 6, 7, 8, 9, 10, 11, 12, 13, 14, 15, 16, 17]
3862,14,[]
3887,18,[]
3916,17,[]
3944,17,[]
3972,15,[]
3998,18,[]
4027,15,[]
4053,18,[]
4082,15,[]
4108,14,[]
4133,15,[]
4159,16,[]
4186,14,[]
4211,15,[]
4237,14,[]
4262,85,[]
4401,7,[]
4419,11,[]
4441,13,[]
4465,14,[]
4490,16,[]
4517,17,[]
4545,16,[]
4572,15,[]
4598,14,[]
4623,14,[]
4648,15,[]
4674,16,[]
4701,16,[]
4728,15,[]
4754,14,[]
4779,15,[]
4805,15,[]
4831,17,[]
4859,16,[]
4886,17,[]
4914,16,[]
4941,17,[]
4969,15,[]
4995,16,[]
5022,15,[]
5048,16,[]
5075,16,[]
5102,15,[]
5128,16,[]
5155,87,[]
5296,6,[]
5313,10,[]
5334,11,[]
5356,17,[]
5384,14,[]
5409,16,[]
5436,14,[]
5461,14,[]
5486,15,[]
5512,15,[]
5538,14,[]
5563,16,[]
5590,13,[]
5614,15,[]
5640,16,[]
5667,16,[]
5694,14,[]
5719,14,[]
5744,16,[]
5771,16,[]
5798,16,[]
5825,13,[]
5849,17,[]
5877,16,[]
5904,16,[]
5931,15,[]
5957,15,[]
5983,17,[]
6011,15,[]
6037,86,[]
6177,7,[]
6195,12,[]
6218,12,[]
6241,13,[]
6265,11,[]
6287,15,[0, 1, 2, 3, 4, 5, 6, 7, 8, 9, 10, 11, 12, 13, 14]
6313,13,[]
6337,14,[]
6362,15,[]
6388,15,[]
6414,16,[]
6441,18,[]
6470,17,[]
6498,17,[]
6526,17,[]
6554,19,[]
6584,16,[]
6611,15,[]
6637,14,[]
6662,15,[]
6688,15,[]
6714,16,[]
6741,14,[]
6766,16,[]
6793,16,[]
6820,17,[]
6848,17,[]
6876,17,[]
6904,15,[]
6930,88,[]
7072,6,[]
7089,10,[]
7110,11,[]
7132,15,[]
7158,14,[]
7183,13,[]
7207,12,[]
7230,15,[]
7256,12,[]
7279,16,[]
7306,13,[]
7330,16,[]
7357,14,[]
7382,15,[]
7408,16,[]
7435,18,[]
7464,15,[]
7490,14,[]
7515,12,[]
7538,13,[]
7562,14,[]
7587,13,[]
7611,12,[]
7634,14,[]
7659,13,[]
7683,14,[]
7708,13,[]
7732,14,[]
7757,13,[]
7781,92,[]
7927,7,[]
7945,11,[]
7967,12,[]
7990,14,[]
8015,12,[]
8038,15,[]
8064,13,[]
8088,16,[]
8115,13,[]
8139,15,[]
8165,14,[]
8190,17,[]
8218,13,[]
8242,15,[]
8268,14,[]
8293,17,[]
8321,15,[]
8347,16,[]
8374,15,[]
8400,17,[]
8428,14,[]
8453,15,[]
8479,14,[]
8504,17,[]
8532,14,[]
8557,15,[]
8583,12,[]
8606,16,[4, 5, 6, 7, 8, 9, 10, 11, 12, 13, 14, 15]
8633,13,[]
0,27,[]
38,5,[]
54,8,[]
73,9,[]
93,7,[]
111,15,[]
137,13,[]
161,13,[]
185,13,[]
209,6,[]
226,15,[]
252,12,[]
275,14,[]
300,11,[]
322,12,[]
345,10,[]
366,11,[]
388,12,[]
411,12,[]
434,15,[]
460,15,[]
486,6,[]
503,12,[]
526,15,[]
552,15,[]
578,13,[]
602,13,[]
626,12,[]
649,10,[]
670,19,[]
700,95,[]
836,16,[]
863,14,[]
888,1,[]
900,6,[]
917,11,[]
939,15,[]
965,12,[]
988,18,[]
1017,13,[]
1041,8,[]
1060,16,[]
1087,14,[]
1112,17,[]
1140,16,[]
1167,5,[]
1183,16,[]
1210,15,[]
1236,16,[]
1263,15,[]
1289,16,[]
1316,15,[]
1342,15,[]
1368,12,[]
1391,12,[]
1414,13,[]
1438,14,[]
1463,11,[]
1485,10,[]
1506,16,[]
1533,89,[]
1663,9,[]
1683,11,[]
1705,11,[]
1727,12,[]
1750,7,[]
1768,14,[]
1793,12,[]
1816,19,[]
1846,14,[]
1871,9,[]
1891,13,[]
1915,17,[]
1943,13,[]
1967,14,[]
1992,17,[]
2020,19,[]
2050,12,[]
2073,17,[]
2101,17,[2, 3, 4, 5, 6, 7, 8, 9, 10, 11, 12, 13]
2129,21,[]
2161,18,[]
2190,5,[]
2206,17,[]
2234,20,[]
2265,18,[3, 4, 5, 6, 7, 8, 9, 10, 11, 12, 13, 14, 15, 16, 17]
2294,19,[]
2324,17,[]
2352,19,[]
2382,5,[]
2398,84,[]
2523,10,[]
2544,15,[]
2570,20,[]
2601,7,[]
2619,21,[]
2651,18,[]
2680,16,[]
2707,16,[]
2734,16,[]
2761,14,[]
2786,16,[]
2813,9,[]
2833,17,[]
2861,17,[]
2889,17,[]
2917,19,[]
2947,18,[]
2976,19,[]
3006,10,[]
3027,17,[]
3055,21,[]
3087,18,[]
3116,19,[]
3146,8,[]
3165,20,[]
3196,15,[]
3222,24,[]
3257,15,[]
3283,14,[]
3308,55,[]
3404,2,[]
3417,12,[]
3440,13,[]
3464,13,[]
3488,15,[]
3514,8,[]
3533,14,[]
3558,16,[]
3585,16,[]
3612,14,[]
3637,15,[]
3663,15,[]
3689,9,[]
3709,16,[]
3736,17,[]
3764,17,[]
3792,21,[]
3824,6,[]
3841,18,[]
3870,20,[]
3901,21,[]
3933,20,[]
3964,15,[]
3990,17,[]
4018,11,[]
4040,17,[]
4068,15,[]
4094,16,[]
4121,18,[]
4150,58,[]
4249,2,[]
4262,13,[]
4286,15,[]
4312,17,[]
4340,15,[]
4366,16,[]
4393,17,[]
4421,9,[]
4441,18,[]
4470,17,[]
4498,15,[]
4524,16,[]
4551,11,[]
4573,19,[]
4603,16,[]
4630,17,[]
4658,20,[]
4689,18,[]
4718,20,[]
4749,10,[]
4770,19,[]
4800,18,[]
4829,25,[]
4865,23,[0, 1, 2, 3, 4, 5, 6, 7, 8, 9, 10, 11, 12, 13, 14, 15, 16, 17, 18, 19]
4899,8,[]
4918,29,[]
4958,23,[]
4992,21,[]
5024,24,[]
5059,57,[]
5157,22,[]
5190,6,[]
5207,24,[]
5242,22,[]
5275,20,[]
5306,19,[]
5336,8,[]
5355,21,[]
5387,20,[]
5418,33,[]
5462,25,[]
5498,24,[]
5533,30,[]
5574,9,[]
5594,29,[]
5634,26,[]
5671,18,[]
5700,17,[]
5728,18,[]
5757,14,[]
5782,16,[]
5809,16,[]
5836,18,[]
5865,16,[]
5892,19,[]
5922,22,[]
5955,8,[]
5974,28,[]
6013,22,[]
6046,37,[]
6124,13,[]
6148,7,[]
6166,20,[]
6197,15,[]
6223,14,[]
6248,17,[0, 1, 2, 3, 4, 5, 6, 7, 8, 9, 10, 11, 12, 13, 14]
6276,11,[]
6298,13,[]
6322,14,[]
6347,13,[]
6371,6,[]
6388,16,[]
6415,18,[]
6444,17,[]
6472,22,[]
6505,6,[]
6522,18,[]
6551,16,[]
6578,15,[]
6604,15,[]
6630,14,[]
6655,18,[]
6684,7,[]
6702,16,[]
6729,18,[]
6758,16,[]
6785,14,[]
6810,16,[]
6837,15,[]
6863,43,[]
6947,13,[]
6971,16,[]
6998,18,[]
7027,10,[]
7048,17,[]
7076,15,[]
7102,14,[]
7127,15,[]
7153,13,[]
7177,8,[]
7196,19,[]
7226,12,[]
7249,16,[]
7276,17,[]
7304,18,[]
7333,16,[]
7360,16,[]
7387,7,[]
7405,15,[]
7431,18,[]
7460,16,[]
7487,16,[]
7514,12,[]
7537,11,[]
7559,11,[]
7581,12,[]
7604,14,[]
7629,18,[0, 1, 2, 3, 4, 5, 6, 7, 8, 9, 10, 11, 12, 13, 14]
7658,6,[]
7675,48,[]
7764,8,[]
7783,11,[]
7805,13,[]
7829,5,[]
7845,14,[]
7870,23,[]
7904,11,[]
7926,14,[]
7951,13,[]
7975,15,[]
8001,8,[]
8020,13,[]
8044,13,[]
8068,14,[]
8093,20,[]
8124,9,[]
8144,12,[]
8167,16,[]
8194,14,[]
8219,17,[]
8247,12,[]
8270,15,[]
8296,7,[]
8314,14,[]
8339,13,[]
8363,12,[]
8386,12,[]
8409,15,[]
8435,7,[]
0,24,[]
35,2,[]
48,6,[]
65,12,[]
88,10,[]
109,15,[]
135,10,[]
156,11,[]
178,12,[]
201,12,[]
224,11,[]
246,9,[]
266,13,[]
290,8,[]
309,10,[]
330,14,[0, 1, 2, 3, 4, 5, 6, 7, 8, 9, 10, 11, 12, 13]
355,13,[]
379,9,[]
399,12,[]
422,6,[]
439,10,[]
460,14,[]
485,16,[]
512,8,[]
531,8,[]
550,8,[]
569,14,[]
594,18,[]
623,13,[]
647,17,[]
675,110,[]
834,14,[]
859,15,[]
885,5,[]
901,5,[]
917,11,[]
939,14,[]
964,22,[]
997,23,[]
1031,23,[]
1065,23,[]
1099,24,[]
1134,23,[]
1168,23,[]
1202,23,[]
1236,24,[]
1271,24,[]
1306,24,[]
1341,26,[]
1378,28,[]
1417,28,[6, 8, 9, 10, 11, 12, 13, 14, 15, 16, 17, 18, 19, 20, 21, 22, 23, 24, 25, 26, 27]
1456,29,[]
1496,27,[]
1534,24,[]
1569,27,[]
1607,26,[]
1644,26,[]
1681,26,[]
1718,26,[]
1755,25,[]
1791,59,[]
1899,19,[]
1929,23,[]
1963,22,[]
1996,24,[]
2031,22,[]
2064,24,[]
2099,24,[]
2134,20,[]
2165,23,[]
2199,21,[]
2231,18,[]
2260,20,[]
2291,16,[]
2318,15,[]
2344,15,[]
2370,14,[]
2395,14,[]
2420,15,[]
2446,15,[]
2472,14,[]
2497,18,[]
2526,12,[]
2549,12,[]
2572,13,[]
2596,11,[]
2618,13,[]
2642,10,[]
2663,12,[]
2686,9,[]
2706,67,[]
2822,5,[]
2838,7,[]
2856,8,[]
2875,9,[]
2895,8,[]
2914,9,[]
2934,11,[]
2956,9,[]
2976,10,[]
2997,9,[]
3017,9,[]
3037,8,[]
3056,11,[]
3078,9,[]
3098,10,[]
3119,8,[]
3138,7,[]
3156,12,[]
3179,8,[]
3198,10,[]
3219,8,[]
3238,10,[]
3259,12,[]
3282,10,[]
3303,9,[]
3323,9,[]
3343,10,[]
3364,10,[]
3385,11,[]
3407,73,[]
3529,4,[]
3544,8,[]
3563,6,[]
3580,9,[]
3600,9,[]
3620,8,[]
3639,10,[]
3660,11,[]
3682,9,[]
3702,9,[]
3722,9,[]
3742,12,[]
3765,9,[]
3785,9,[]
3805,8,[]
3824,10,[]
3845,8,[]
3864,9,[]
3884,8,[]
3903,13,[]
3927,9,[]
3947,8,[]
3966,12,[]
3989,11,[]
4011,11,[]
4033,9,[]
4053,28,[]
4092,23,[]
4126,7,[]
4144,73,[]
4266,4,[]
4281,7,[]
4299,11,[]
4321,11,[]
4343,11,[]
4365,13,[]
4389,14,[]
4414,17,[]
4442,17,[]
4470,19,[]
4500,20,[]
4531,22,[]
4564,22,[]
4597,22,[]
4630,20,[2, 3, 4, 5, 6, 7, 8, 9, 10, 11, 12, 13, 14, 15, 16, 17, 18, 19]
4661,24,[]
4696,23,[]
4730,23,[]
4764,21,[]
4796,22,[]
4829,21,[]
4861,20,[]
4892,22,[]
4925,24,[]
4960,22,[]
4993,21,[]
5025,22,[]
5058,21,[]
5090,18,[]
5119,50,[]
5218,16,[]
5245,15,[]
5271,14,[]
5296,16,[]
5323,14,[]
5348,15,[]
5374,13,[]
5398,14,[]
5423,19,[]
5453,11,[]
5475,13,[]
5499,15,[]
5525,16,[]
5552,16,[]
5579,16,[]
5606,16,[]
5633,17,[]
5661,15,[]
5687,17,[]
5715,14,[]
5740,17,[]
5768,9,[]
5788,12,[]
5811,13,[]
5835,12,[]
5858,12,[]
5881,16,[]
5908,16,[]
5935,13,[]
5959,63,[]
6071,9,[]
6091,10,[]
6112,9,[]
6132,14,[]
6157,9,[]
6177,12,[]
6200,10,[]
6221,12,[]
6244,10,[]
6265,12,[]
6288,10,[]
6309,10,[]
6330,10,[]
6351,10,[]
6372,13,[]
6396,10,[]
6417,8,[]
6436,9,[]
6456,8,[]
6475,9,[]
6495,9,[]
6515,9,[]
6535,15,[]
6561,11,[]
6583,12,[]
6606,12,[]
6629,9,[]
6649,10,[]
6670,8,[]
6689,84,[]
6822,3,[]
6836,4,[]
6851,7,[]
6869,6,[]
6886,10,[]
6907,8,[]
6926,7,[]
6944,9,[]
6964,9,[]
6984,11,[]
7006,9,[]
7026,10,[]
7047,9,[]
7067,7,[]
7085,8,[]
7104,9,[]
7124,8,[]
7143,9,[]
7163,9,[]
7183,9,[]
7203,14,[]
7228,9,[]
7248,11,[]
7270,11,[]
7292,13,[]
7316,9,[]
7336,9,[]
7356,11,[]
7378,9,[]
7398,104,[]
7551,6,[]
7568,10,[]
7589,13,[]
7613,15,[]
7639,14,[]
7664,13,[]
7688,17,[]
7716,19,[]
7746,19,[]
7776,21,[]
7808,20,[]
7839,22,[]
7872,21,[]
7904,21,[]
7936,23,[]
7970,22,[]
8003,21,[]
8035,22,[]
8068,22,[]
8101,24,[]
8136,25,[]
8172,26,[]
8209,23,[]
8243,26,[]
8280,24,[]
8315,25,[]
8351,24,[]
8386,24,[]
8421,9,[]
0,82,[]
176,10,[]
195,16,[]
220,20,[]
249,7,[]
265,16,[]
290,15,[]
314,20,[]
343,24,[]
376,4,[]
389,18,[]
416,22,[]
447,20,[]
476,7,[]
492,22,[]
523,20,[]
552,22,[4, 5, 6, 7, 8, 9, 10, 11, 12, 13, 14, 15, 16, 17, 18, 19, 20, 21]
583,25,[]
617,6,[]
632,23,[]
664,22,[]
695,27,[]
731,20,[]
760,22,[]
791,9,[]
809,29,[]
847,21,[]
877,25,[]
911,7,[]
927,21,[]
957,201,[]
1252,17,[]
1278,21,[]
1308,5,[]
1322,15,[]
1346,13,[]
1368,16,[]
1393,14,[]
1416,6,[]
1431,22,[]
1462,19,[]
1490,15,[]
1514,18,[]
1541,14,[]
1564,5,[]
1578,17,[]
1604,13,[]
1626,19,[]
1654,15,[]
1678,6,[]
1693,16,[]
1718,14,[]
1741,15,[]
1765,9,[]
1783,15,[]
1807,12,[]
1828,14,[]
1851,13,[]
1873,15,[]
1897,6,[]
1912,132,[]
2138,3,[]
2150,6,[]
2165,6,[]
2180,7,[]
2196,7,[]
2212,7,[]
2228,10,[]
2247,7,[]
2263,11,[]
2283,11,[]
2303,11,[]
2323,7,[]
2339,13,[]
2361,16,[]
2386,11,[]
2406,7,[]
2422,12,[]
2443,12,[]
2464,13,[]
2486,10,[]
2505,14,[]
2528,10,[]
2547,13,[]
2569,10,[]
2588,18,[]
2615,13,[]
2637,16,[]
2662,9,[]
2680,16,[]
2705,110,[]
2909,4,[]
2922,9,[]
2940,7,[]
2956,14,[]
2979,10,[]
2998,10,[]
3017,6,[]
3032,12,[]
3053,12,[]
3074,14,[]
3097,6,[]
3112,15,[]
3136,12,[]
3157,12,[]
3178,13,[]
3200,9,[]
3218,16,[]
3243,14,[]
3266,14,[]
3289,16,[]
3314,11,[]
3334,13,[]
3356,14,[]
3379,14,[]
3402,15,[]
3426,9,[]
3444,18,[]
3471,15,[]
3495,14,[]
3518,124,[]
3736,4,[]
3749,7,[]
3765,9,[]
3783,9,[]
3801,14,[]
3824,13,[]
3846,13,[]
3868,17,[]
3894,6,[]
3909,17,[]
3935,14,[]
3958,14,[]
3981,9,[]
3999,17,[]
4025,15,[]
4049,16,[]
4074,10,[]
4093,16,[]
4118,12,[]
4139,18,[]
4166,7,[]
4182,18,[]
4209,15,[]
4233,18,[]
4260,10,[]
4279,21,[]
4309,15,[]
4333,17,[]
4359,8,[]
4376,144,[]
4614,3,[]
4626,5,[]
4640,9,[]
4658,10,[]
4677,11,[]
4697,9,[]
4715,11,[]
4735,8,[]
4752,11,[]
4772,11,[]
4792,8,[]
4809,13,[]
4831,12,[]
4852,12,[]
4873,16,[]
4898,9,[]
4916,14,[]
4939,12,[]
4960,20,[]
4989,7,[]
5005,14,[]
5028,15,[]
5052,9,[]
5070,18,[]
5097,12,[]
5118,16,[]
5143,9,[]
5161,11,[]
5181,17,[]
5207,156,[]
5457,2,[]
5468,1,[]
5478,3,[]
5490,4,[]
5503,7,[]
5519,7,[]
5535,11,[]
5555,8,[]
5572,13,[]
5594,7,[]
5610,13,[]
5632,12,[]
5653,12,[]
5674,9,[]
5692,16,[]
5717,12,[]
5738,13,[]
5760,10,[]
5779,10,[]
5798,10,[]
5817,10,[]
5836,9,[]
5854,12,[]
5875,13,[3, 4, 5, 6, 7, 8, 9, 10, 11, 12]
5897,7,[]
5913,12,[]
5934,16,[]
5959,12,[]
5980,19,[]
6008,115,[]
6217,3,[]
6229,4,[]
6242,6,[]
6257,10,[]
6276,10,[]
6295,10,[]
6314,2,[]
6325,8,[]
6342,9,[]
6360,9,[]
6378,13,[]
6400,7,[]
6416,13,[]
6438,15,[]
6462,13,[]
6484,16,[]
6509,14,[]
6532,14,[]
6555,8,[]
6572,16,[]
6597,14,[]
6620,15,[]
6644,12,[]
6665,17,[]
6691,16,[]
6716,17,[]
6742,8,[]
6759,17,[]
6785,17,[3, 4, 5, 6, 7, 8, 9, 10, 11, 12, 13, 14, 15, 16]
6811,141,[]
7046,3,[]
7058,7,[]
7074,9,[]
7092,9,[]
7110,11,[]
7130,12,[]
7151,6,[]
7166,12,[]
7187,10,[]
7206,13,[]
7228,13,[]
7250,8,[]
7267,11,[]
7287,13,[]
7309,17,[]
7335,8,[]
7352,17,[]
7378,18,[]
7405,11,[]
7425,18,[]
7452,14,[]
7475,13,[]
7497,15,[]
7521,22,[]
7552,9,[]
7570,11,[]
7590,15,[]
7614,13,[]
7636,19,[]
7664,165,[]
7923,1,[]
7933,2,[]
7944,6,[]
7959,7,[]
7975,10,[]
7994,10,[]
8013,4,[]
8026,13,[]
8048,8,[]
8065,10,[]
8084,4,[]
8097,11,[]
8117,9,[]
8135,10,[]
8154,13,[]
8176,10,[]
8195,12,[]
8216,11,[]
8236,8,[]
8253,9,[]
8271,15,[]
8295,12,[]
8316,8,[]
8333,10,[]
8352,15,[]
8376,15,[]
8400,13,[]
8422,11,[]
8442,11,[]
0,26,[]
35,2,[]
46,8,[]
63,10,[]
82,8,[]
99,14,[]
122,13,[]
144,8,[]
161,9,[]
179,7,[]
195,9,[]
213,10,[]
232,8,[]
249,11,[]
269,11,[]
289,9,[]
307,9,[]
325,14,[]
348,17,[]
374,9,[]
392,13,[]
414,22,[]
445,20,[]
474,23,[]
506,17,[]
532,14,[]
555,14,[]
578,13,[]
600,16,[]
625,28,[]
662,112,[]
858,8,[]
875,6,[]
890,6,[]
905,4,[]
918,7,[]
934,14,[]
957,10,[]
976,11,[]
996,12,[]
1017,11,[]
1037,9,[]
1055,13,[]
1077,12,[]
1098,12,[]
1119,12,[]
1140,13,[]
1162,12,[]
1183,14,[]
1206,16,[]
1231,12,[]
1252,14,[]
1275,14,[]
1298,13,[]
1320,12,[]
1341,13,[]
1363,14,[]
1386,12,[]
1407,14,[]
1430,11,[]
1450,92,[]
1626,8,[]
1643,8,[]
1660,10,[]
1679,9,[]
1697,11,[]
1717,10,[]
1736,12,[]
1757,12,[]
1778,9,[]
1796,12,[]
1817,11,[]
1837,10,[]
1856,13,[]
1878,14,[]
1901,13,[]
1923,15,[]
1947,14,[]
1970,13,[]
1992,12,[]
2013,14,[]
2036,14,[]
2059,16,[]
2084,17,[]
2110,14,[]
2133,13,[]
2155,15,[]
2179,14,[]
2202,12,[]
2223,13,[]
2245,110,[]
2439,4,[]
2452,8,[]
2469,9,[]
2487,10,[]
2506,12,[]
2527,11,[]
2547,10,[]
2566,15,[]
2590,9,[]
2608,9,[]
2626,13,[]
2648,12,[]
2669,9,[]
2687,14,[]
2710,13,[]
2732,12,[]
2753,13,[]
2775,13,[]
2797,9,[]
2815,13,[]
2837,15,[]
2861,15,[]
2885,12,[]
2906,14,[]
2929,11,[]
2949,14,[]
2972,14,[]
2995,15,[]
3019,10,[]
3038,121,[]
3243,6,[]
3258,9,[]
3276,13,[]
3298,15,[]
3322,10,[]
3341,12,[]
3362,11,[0, 1, 2, 3, 4, 5, 6, 7, 8, 9, 10]
3382,11,[]
3402,15,[]
3426,15,[]
3450,20,[]
3479,12,[]
3500,14,[]
3523,10,[]
3542,17,[]
3568,18,[]
3595,16,[]
3620,15,[]
3644,14,[]
3667,12,[]
3688,13,[]
3710,17,[]
3736,10,[]
3755,15,[]
3779,14,[]
3802,13,[]
3824,14,[]
3847,15,[]
3871,9,[]
3889,123,[]
4096,8,[]
4113,9,[]
4131,10,[]
4150,11,[]
4170,14,[0, 1, 2, 3, 4, 5, 6, 7, 8, 9, 10]
4193,13,[]
4215,11,[]
4235,12,[]
4256,11,[]
4276,10,[]
4295,11,[]
4315,11,[]
4335,10,[]
4354,16,[]
4379,9,[]
4397,11,[]
4417,12,[]
4438,10,[]
4457,10,[0, 1, 2, 3, 4, 5, 6, 7, 8, 9]
4476,14,[]
4499,9,[]
4517,10,[]
4536,11,[]
4556,10,[]
4575,11,[]
4595,11,[]
4615,10,[]
4634,12,[]
4655,16,[]
4680,143,[]
4907,7,[]
4923,8,[]
4940,8,[]
4957,9,[]
4975,9,[]
4993,9,[]
5011,10,[]
5030,10,[]
5049,12,[]
5070,11,[]
5090,10,[]
5109,12,[]
5130,14,[]
5153,13,[]
5175,8,[]
5192,9,[]
5210,14,[]
5233,10,[]
5252,9,[]
5270,10,[]
5289,11,[]
5309,10,[]
5328,9,[]
5346,10,[]
5365,9,[]
5383,9,[]
5401,8,[]
5418,9,[]
5436,7,[]
5452,171,[]
5707,4,[]
5720,5,[]
5734,5,[]
5748,7,[]
5764,5,[]
5778,9,[]
5796,9,[]
5814,10,[]
5833,9,[]
5851,9,[]
5869,7,[]
5885,9,[]
5903,9,[]
5921,11,[]
5941,12,[]
5962,12,[]
5983,10,[]
6002,11,[]
6022,10,[]
6041,9,[]
6059,10,[]
6078,10,[]
6097,11,[]
6117,17,[]
6143,11,[]
6163,9,[]
6181,10,[]
6200,10,[0, 1, 2, 3, 4, 5, 6, 7, 8, 9]
6219,9,[]
6237,164,[]
6485,6,[]
6500,7,[]
6516,10,[]
6535,12,[]
6556,13,[]
6578,14,[]
6601,15,[]
6625,14,[]
6648,16,[]
6673,18,[]
6700,18,[]
6727,15,[]
6751,11,[]
6771,10,[]
6790,8,[]
6807,10,[]
6826,14,[]
6849,17,[]
6875,18,[]
6902,13,[]
6924,12,[]
6945,10,[]
6964,10,[]
6983,11,[]
7003,13,[]
7025,10,[]
7044,12,[]
7065,10,[]
7084,12,[]
7105,165,[]
7354,6,[]
7369,9,[]
7387,8,[]
7404,10,[]
7423,13,[]
7445,13,[]
7467,10,[]
7486,15,[]
7510,12,[]
7531,10,[]
7550,12,[]
7571,15,[]
7595,10,[]
7614,10,[]
7633,14,[]
7656,13,[]
7678,7,[]
7694,10,[]
7713,13,[]
7735,9,[]
7753,11,[]
7773,13,[]
7795,7,[]
7811,10,[]
7830,11,[]
7850,7,[]
7866,9,[]
7884,12,[]
7905,14,[]
0,51,[]
100,13,[]
124,14,[]
149,15,[]
175,14,[]
200,12,[]
223,15,[]
249,13,[]
273,15,[]
299,13,[]
323,12,[]
346,17,[]
374,15,[]
400,12,[]
423,10,[]
444,10,[]
465,12,[]
488,17,[]
516,17,[]
544,16,[]
571,17,[]
599,14,[]
624,13,[]
648,16,[]
675,17,[]
703,19,[]
733,19,[]
763,19,[]
793,18,[]
822,16,[]
849,76,[]
974,14,[]
999,20,[]
1030,19,[]
1060,13,[]
1084,13,[]
1108,15,[]
1134,15,[]
1160,22,[]
1193,16,[]
1220,15,[]
1246,17,[]
1274,18,[]
1303,13,[]
1327,13,[]
1351,17,[]
1379,14,[]
1404,16,[]
1431,14,[]
1456,13,[]
1480,16,[]
1507,16,[]
1534,18,[]
1563,17,[]
1591,18,[]
1620,15,[0, 1, 2, 3, 4, 5, 6, 7, 8, 9, 10, 11]
1646,22,[]
1679,14,[]
1704,18,[]
1733,22,[]
1766,68,[]
1883,6,[]
1900,10,[]
1921,13,[]
1945,13,[]
1969,12,[]
1992,12,[]
2015,12,[]
2038,13,[]
2062,11,[]
2084,13,[]
2108,12,[]
2131,13,[]
2155,11,[]
2177,12,[]
2200,12,[]
2223,13,[0, 1, 2, 3, 4, 5, 6, 7, 8, 9, 10, 11, 12]
2247,11,[]
2269,12,[]
2292,12,[]
2315,14,[]
2340,12,[]
2363,12,[]
2386,12,[]
2409,12,[]
2432,11,[]
2454,15,[]
2480,13,[]
2504,13,[]
2528,11,[]
2550,73,[]
2672,4,[]
2687,6,[]
2704,9,[]
2724,10,[]
2745,9,[]
2765,10,[]
2786,10,[]
2807,12,[]
2830,14,[]
2855,15,[]
2881,17,[]
2909,15,[]
2935,14,[]
2960,15,[]
2986,15,[]
3012,16,[]
3039,17,[]
3067,16,[]
3094,16,[]
3121,20,[]
3152,16,[]
3179,16,[]
3206,22,[]
3239,20,[]
3270,20,[]
3301,24,[]
3336,14,[]
3361,16,[]
3388,20,[]
3419,82,[]
3550,7,[]
3568,11,[]
3590,13,[]
3614,12,[]
3637,9,[]
3657,10,[]
3678,13,[]
3702,13,[]
3726,14,[]
3751,13,[]
3775,12,[]
3798,15,[]
3824,13,[]
3848,12,[]
3871,13,[]
3895,15,[]
3921,13,[]
3945,13,[]
3969,17,[]
3997,18,[]
4026,15,[]
4052,15,[]
4078,16,[]
4105,19,[]
4135,16,[]
4162,16,[]
4189,15,[]
4215,18,[]
4244,16,[]
4271,68,[]
4388,9,[]
4408,11,[]
4430,14,[]
4455,14,[]
4480,11,[]
4502,14,[]
4527,16,[]
4554,17,[]
4582,14,[]
4607,13,[]
4631,13,[]
4655,16,[]
4682,16,[]
4709,13,[]
4733,16,[]
4760,18,[]
4789,14,[]
4814,15,[]
4840,17,[]
4868,18,[]
4897,14,[]
4922,18,[]
4951,16,[]
4978,16,[]
5005,13,[]
5029,19,[]
5059,14,[]
5084,15,[]
5110,16,[]
5137,71,[]
5257,7,[]
5275,12,[]
5298,11,[]
5320,14,[]
5345,14,[]
5370,11,[]
5392,13,[]
5416,17,[]
5444,16,[]
5471,14,[0, 1, 2, 3, 4, 5, 6, 7, 8, 9, 10, 11]
5496,12,[]
5519,15,[]
5545,16,[]
5572,16,[]
5599,12,[]
5622,15,[]
5648,13,[]
5672,17,[]
5700,17,[]
5728,18,[]
5757,18,[]
5786,12,[]
5809,16,[]
5836,13,[]
5860,16,[]
5887,17,[0, 1, 2, 3, 4, 5, 6, 7, 8, 9, 10, 11, 12, 13]
5915,15,[]
5941,17,[]
5969,15,[]
5995,71,[]
6115,8,[]
6134,11,[]
6156,13,[]
6180,17,[]
6208,16,[]
6235,18,[]
6264,14,[]
6289,15,[]
6315,14,[]
6340,17,[]
6368,15,[]
6394,13,[]
6418,15,[]
6444,16,[]
6471,13,[]
6495,14,[]
6520,16,[]
6547,14,[]
6572,12,[]
6595,13,[]
6619,12,[]
6642,15,[]
6668,14,[]
6693,13,[]
6717,13,[]
6741,17,[]
6769,15,[]
6795,15,[]
6821,17,[]
6849,75,[]
6973,6,[]
6990,11,[]
7012,15,[]
7038,10,[]
7059,13,[]
7083,15,[]
7109,15,[]
7135,15,[]
7161,14,[]
7186,16,[]
7213,14,[]
7238,15,[]
7264,12,[]
7287,15,[]
7313,15,[]
7339,16,[]
7366,12,[]
7389,14,[]
7414,14,[]
7439,17,[]
7467,14,[]
7492,14,[]
7517,14,[]
7542,16,[]
7569,13,[]
7593,14,[]
7618,13,[]
7642,16,[]
7669,14,[]
7694,81,[]
7824,6,[]
7841,11,[]
7863,12,[]
7886,13,[]
7910,11,[]
7932,13,[]
7956,12,[]
7979,15,[]
8005,15,[]
8031,16,[]
8058,16,[]
8085,19,[]
8115,14,[]
8140,15,[]
8166,16,[]
8193,16,[]
8220,12,[]
8243,14,[]
8268,14,[]
8293,18,[]
8322,12,[]
8345,14,[]
8370,12,[]
8393,16,[]
8420,14,[]
8445,13,[0, 1, 2, 3, 4, 5, 6, 7, 8, 9, 10, 11, 12]
8469,13,[]
8493,15,[]
8519,3,[]
0,45,[]
115,13,[0, 1, 2, 3, 4, 5, 6, 7, 8, 9, 10, 11]
138,12,[]
160,2,[]
172,14,[]
196,17,[]
223,17,[]
250,18,[]
278,17,[]
305,10,[]
325,17,[]
352,17,[]
379,16,[]
405,15,[]
430,17,[]
457,10,[]
477,19,[]
506,18,[]
534,18,[]
562,19,[]
591,16,[0, 1, 2, 3, 4, 5, 6, 7, 8, 9, 10, 11, 12, 13, 14]
617,6,[]
633,18,[]
661,18,[]
689,23,[]
722,11,[]
743,12,[]
765,9,[]
784,13,[]
807,12,[]
829,113,[]
1012,10,[]
1032,12,[]
1054,6,[]
1070,10,[]
1090,9,[]
1109,11,[]
1130,14,[]
1154,15,[]
1179,6,[]
1195,12,[]
1217,13,[]
1240,14,[]
1264,13,[]
1287,14,[]
1311,3,[]
1324,16,[]
1350,14,[]
1374,14,[0, 1, 2, 3, 4, 5, 6, 7, 8, 9, 10, 11, 12]
1398,12,[]
1420,13,[]
1443,9,[]
1462,13,[]
1485,13,[]
1508,15,[]
1533,14,[]
1557,15,[]
1582,9,[]
1601,15,[]
1626,13,[]
1649,103,[]
1822,8,[]
1840,10,[]
1860,3,[]
1873,13,[]
1896,11,[]
1917,11,[]
1938,13,[]
1961,13,[]
1984,4,[]
1998,15,[]
2023,13,[]
2046,12,[]
2068,9,[]
2087,14,[]
2111,9,[]
2130,11,[]
2151,11,[]
2172,12,[]
2194,15,[1, 2, 3, 4, 5, 6, 7, 8, 9, 10, 11, 12, 13, 14]
2219,15,[]
2244,9,[]
2263,16,[]
2289,15,[]
2314,15,[]
2339,14,[]
2363,15,[]
2388,9,[]
2407,15,[]
2432,14,[]
2456,107,[]
2633,8,[]
2651,10,[]
2671,4,[]
2685,12,[]
2707,12,[]
2729,22,[]
2761,13,[0, 1, 2, 3, 4, 5, 6, 7, 8, 9, 10]
2784,17,[]
2811,9,[]
2830,16,[]
2856,15,[]
2881,15,[]
2906,14,[]
2930,15,[]
2955,11,[]
2976,19,[]
3005,14,[]
3029,15,[]
3054,14,[]
3078,15,[]
3103,9,[]
3122,17,[]
3149,17,[]
3176,15,[]
3201,13,[]
3224,14,[]
3248,11,[]
3269,15,[]
3294,14,[]
3318,107,[]
3495,8,[]
3513,11,[]
3534,4,[]
3548,12,[]
3570,15,[]
3595,13,[]
3618,15,[]
3643,15,[]
3668,8,[]
3686,16,[]
3712,14,[]
3736,23,[]
3769,19,[4, 5, 6, 7, 8, 9, 10, 11, 12, 13, 14, 15, 16, 17]
3798,15,[]
3823,8,[]
3841,18,[]
3869,16,[]
3895,16,[]
3921,15,[]
3946,16,[]
3972,12,[]
3994,18,[]
4022,15,[]
4047,16,[]
4073,15,[]
4098,17,[]
4125,12,[]
4147,16,[]
4173,17,[]
4200,103,[]
4373,9,[]
4392,12,[]
4414,4,[]
4428,14,[]
4452,15,[]
4477,16,[]
4503,14,[]
4527,15,[]
4552,10,[]
4572,15,[]
4597,14,[]
4621,16,[]
4647,14,[]
4671,14,[]
4695,9,[]
4714,16,[]
4740,15,[0, 1, 2, 3, 4, 5, 6, 7, 8, 9, 10, 11, 12]
4765,25,[]
4800,16,[]
4826,20,[]
4856,9,[]
4875,15,[]
4900,15,[]
4925,17,[]
4952,15,[]
4977,16,[]
5003,11,[]
5024,15,[]
5049,15,[]
5074,102,[]
5246,8,[]
5264,11,[]
5285,8,[]
5303,12,[]
5325,13,[]
5348,13,[]
5371,12,[]
5393,14,[]
5417,8,[]
5435,15,[]
5460,14,[]
5484,13,[]
5507,11,[]
5528,14,[0, 1, 2, 3, 4, 5, 6, 7, 8, 9, 10, 11, 12, 13]
5552,12,[]
5574,15,[]
5599,12,[]
5621,13,[]
5644,11,[]
5665,13,[]
5688,12,[]
5710,13,[]
5733,13,[]
5756,19,[]
5785,12,[]
5807,15,[]
5832,13,[]
5855,16,[]
5881,13,[]
5904,118,[]
6092,6,[]
6108,9,[]
6127,4,[]
6141,12,[]
6163,11,[]
6184,12,[]
6206,14,[]
6230,12,[]
6252,9,[]
6271,13,[]
6294,11,[]
6315,13,[]
6338,12,[]
6360,12,[]
6382,8,[]
6400,13,[]
6423,13,[]
6446,13,[]
6469,14,[]
6493,12,[]
6515,12,[]
6537,14,[]
6561,13,[]
6584,14,[]
6608,13,[]
6631,14,[]
6655,7,[]
6672,17,[]
6699,12,[]
6721,118,[]
6909,7,[]
6926,10,[]
6946,3,[]
6959,12,[]
6981,11,[]
7002,13,[]
7025,12,[]
7047,13,[]
7070,9,[]
7089,12,[]
7111,14,[]
7135,14,[]
7159,14,[]
7183,13,[]
7206,8,[]
7224,14,[]
7248,15,[]
7273,14,[]
7297,13,[]
7320,14,[]
7344,6,[]
7360,14,[]
7384,15,[]
7409,15,[]
7434,18,[]
7462,15,[]
7487,8,[]
7505,15,[]
7530,15,[]
7555,113,[]
7738,8,[]
7756,13,[]
7779,6,[]
7795,15,[]
7820,15,[]
7845,24,[]
7879,12,[]
7901,13,[]
7924,7,[]
7941,15,[]
7966,18,[]
7994,21,[]
8025,17,[]
8052,17,[]
8079,6,[]
8095,20,[]
8125,15,[]
8150,17,[]
8177,16,[]
8203,18,[]
8231,5,[]
8246,18,[]
8274,17,[]
8301,16,[]
8327,12,[]
8349,14,[]
8373,8,[]
8391,16,[]
8417,17,[]
0,28,[]
38,5,[]
53,11,[]
74,14,[]
98,8,[]
116,16,[]
142,8,[]
160,9,[]
179,14,[]
203,10,[]
223,9,[]
242,9,[]
261,11,[]
282,11,[]
303,8,[]
321,9,[]
340,10,[]
360,14,[]
384,17,[]
411,20,[]
441,15,[]
466,16,[]
492,23,[]
525,21,[]
556,20,[]
586,22,[]
618,15,[]
643,18,[]
671,13,[]
694,22,[]
726,133,[]
923,19,[]
952,15,[]
977,6,[]
993,4,[]
1007,9,[]
1026,11,[]
1047,8,[]
1065,14,[]
1089,10,[]
1109,14,[]
1133,9,[]
1152,13,[]
1175,14,[]
1199,14,[]
1223,14,[]
1247,20,[]
1277,14,[]
1301,18,[]
1329,18,[]
1357,19,[]
1386,15,[]
1411,18,[]
1439,16,[]
1465,15,[0, 1, 2, 3, 4, 5, 6, 7, 8, 9, 10, 11, 12, 13, 14]
1490,17,[]
1517,14,[]
1541,17,[]
1568,13,[]
1591,14,[]
1615,104,[]
1783,7,[]
1800,10,[]
1820,12,[]
1842,12,[]
1864,14,[]
1888,17,[]
1915,15,[]
1940,15,[]
1965,17,[]
1992,18,[]
2020,15,[]
2045,14,[]
2069,13,[]
2092,15,[]
2117,15,[]
2142,14,[]
2166,19,[]
2195,16,[1, 2, 3, 4, 5, 6, 7, 8, 9, 10, 11]
2221,2,[]
2233,3,[]
2246,10,[]
2266,13,[]
2289,4,[]
2303,3,[]
2316,2,[]
2328,2,[]
2340,2,[]
2352,5,[]
2367,2,[]
2379,134,[]
2577,1,[]
2588,1,[]
2599,1,[]
2610,1,[]
2621,12,[]
2643,32,[]
2685,15,[]
2710,22,[]
2742,7,[]
2759,22,[]
2791,22,[]
2823,20,[]
2853,19,[]
2882,23,[]
2915,19,[]
2944,22,[]
2976,8,[]
2994,13,[]
3017,10,[]
3037,14,[]
3061,16,[]
3087,16,[]
3113,23,[]
3146,21,[]
3177,16,[]
3203,17,[]
3230,14,[]
3254,15,[]
3279,13,[]
3302,91,[]
3457,7,[]
3474,11,[]
3495,12,[]
3517,11,[]
3538,11,[]
3559,9,[]
3578,9,[]
3597,11,[]
3618,15,[]
3643,15,[]
3668,15,[]
3693,10,[]
3713,11,[]
3734,11,[]
3755,11,[]
3776,13,[]
3799,10,[]
3819,12,[]
3841,12,[]
3863,7,[]
3880,10,[]
3900,12,[]
3922,13,[]
3945,17,[]
3972,14,[]
3996,7,[]
4013,12,[]
4035,15,[]
4060,20,[]
4090,108,[]
4262,6,[]
4278,10,[]
4298,13,[]
4321,16,[]
4347,14,[]
4371,8,[]
4389,20,[]
4419,16,[]
4445,19,[]
4474,11,[]
4495,19,[]
4524,18,[]
4552,12,[]
4574,21,[]
4605,23,[0, 5, 6, 7, 8, 9, 10, 11, 12, 13, 14, 15, 16, 17]
4638,20,[]
4668,18,[]
4696,12,[]
4718,19,[]
4747,21,[]
4778,17,[]
4805,19,[]
4834,20,[]
4864,18,[]
4892,18,[]
4920,17,[]
4947,20,[]
4977,21,[]
5008,21,[]
5039,85,[]
5188,14,[]
5212,19,[]
5241,18,[]
5269,20,[]
5299,17,[]
5326,19,[]
5355,20,[]
5385,23,[]
5418,18,[]
5446,21,[]
5477,22,[0, 1, 2, 3, 4, 5, 6, 7, 8, 9, 10, 11, 12, 13, 14, 15, 16, 17, 18, 19, 20]
5509,22,[]
5541,19,[]
5570,12,[]
5592,26,[]
5628,22,[]
5660,12,[]
5682,50,[]
5796,25,[]
5831,30,[0, 1, 2, 3, 4, 5, 6, 7, 8, 9, 10, 11, 12]
5871,16,[]
5897,18,[]
5925,22,[]
5957,22,[]
5989,15,[]
6014,16,[]
6040,18,[]
6068,17,[]
6095,15,[]
6120,79,[]
6263,6,[]
6279,7,[]
6296,10,[]
6316,13,[]
6339,12,[]
6361,11,[]
6382,13,[]
6405,11,[]
6426,12,[]
6448,13,[]
6471,12,[]
6493,13,[]
6516,11,[]
6537,12,[]
6559,14,[]
6583,14,[]
6607,12,[]
6629,12,[]
6651,12,[]
6673,13,[]
6696,12,[]
6718,6,[]
6734,10,[]
6754,8,[]
6772,9,[]
6791,7,[]
6808,10,[]
6828,11,[]
6849,26,[]
6885,99,[]
7048,2,[]
7060,3,[]
7073,4,[]
7087,8,[]
7105,14,[]
7129,8,[]
7147,10,[]
7167,15,[]
7192,10,[]
7212,9,[]
7231,10,[]
7251,15,[]
7276,13,[]
7299,15,[]
7324,12,[]
7346,15,[]
7371,15,[]
7396,19,[]
7425,16,[]
7451,16,[]
7477,16,[]
7503,11,[]
7524,18,[]
7552,22,[]
7584,16,[]
7610,18,[]
7638,8,[]
7656,10,[]
7676,13,[]
7699,78,[]
7841,2,[]
7853,3,[]
7866,2,[]
7878,5,[]
7893,8,[]
7911,5,[]
7926,6,[]
7942,4,[]
7956,4,[]
7970,3,[]
7983,4,[]
7997,9,[]
8016,5,[]
8031,2,[]
8043,27,[]
8080,4,[]
8094,8,[]
8112,7,[]
8129,1,[]
8140,12,[]
8162,58,[]
8284,3,[]
8297,3,[]
8310,37,[]
8411,24,[]
8445,8,[]
8463,19,[]
8492,5,[]
8507,11,[]
0,71,[]
165,4,[]
178,6,[]
193,17,[]
219,13,[]
241,11,[]
261,10,[]
280,6,[]
295,9,[]
313,15,[]
337,10,[]
356,8,[]
373,10,[]
392,15,[]
416,10,[]
435,12,[]
456,9,[]
474,12,[]
495,9,[]
513,15,[]
537,10,[]
556,10,[]
575,11,[]
595,10,[]
614,15,[]
638,13,[]
660,12,[]
681,10,[]
700,14,[]
723,14,[]
746,209,[]
1049,13,[]
1071,12,[]
1092,11,[]
1112,8,[]
1129,8,[]
1146,11,[]
1166,10,[]
1185,15,[0, 1, 2, 3, 4, 5, 6, 7, 8, 9, 10, 11, 12, 13, 14]
1209,12,[]
1230,15,[]
1254,15,[]
1278,14,[]
1301,16,[]
1326,12,[]
1347,15,[]
1371,15,[]
1395,15,[]
1419,13,[]
1441,15,[]
1465,14,[]
1488,16,[]
1513,14,[]
1536,14,[]
1559,15,[]
1583,14,[]
1606,17,[]
1632,13,[]
1654,17,[]
1680,13,[]
1702,149,[]
1945,6,[]
1960,9,[]
1978,11,[]
1998,10,[]
2017,13,[]
2039,4,[]
2052,14,[]
2075,10,[]
2094,9,[]
2112,10,[]
2131,9,[]
2149,9,[]
2167,10,[]
2186,6,[]
2201,15,[]
2225,15,[]
2249,13,[]
2271,11,[]
2291,13,[]
2313,15,[]
2337,10,[]
2356,11,[]
2376,10,[]
2395,15,[]
2419,14,[]
2442,13,[]
2464,14,[]
2487,17,[]
2513,14,[]
2536,130,[]
2760,7,[]
2776,11,[]
2796,14,[]
2819,14,[]
2842,12,[]
2863,14,[]
2886,16,[]
2911,16,[]
2936,14,[]
2959,16,[]
2984,13,[]
3006,18,[]
3033,14,[]
3056,18,[]
3083,16,[]
3108,15,[]
3132,13,[]
3154,19,[]
3182,15,[]
3206,17,[]
3232,17,[]
3258,17,[]
3284,14,[]
3307,16,[]
3332,14,[]
3355,12,[]
3376,12,[]
3397,16,[]
3422,14,[]
3445,125,[]
3664,5,[]
3678,6,[]
3693,10,[]
3712,10,[]
3731,11,[]
3751,9,[]
3769,8,[]
3786,11,[]
3806,14,[]
3829,13,[]
3851,10,[]
3870,13,[]
3892,11,[]
3912,11,[]
3932,10,[]
3951,10,[]
3970,5,[]
3984,10,[]
4003,15,[]
4027,13,[]
4049,12,[]
4070,16,[]
4095,14,[]
4118,16,[]
4143,14,[]
4166,4,[]
4179,19,[]
4207,17,[]
4233,15,[]
4257,132,[]
4483,8,[]
4500,10,[]
4519,11,[]
4539,12,[]
4560,4,[]
4573,12,[]
4594,17,[]
4620,14,[]
4643,13,[]
4665,13,[]
4687,12,[]
4708,14,[]
4731,14,[]
4754,3,[]
4766,13,[]
4788,18,[]
4815,12,[]
4836,12,[]
4857,15,[]
4881,12,[]
4902,13,[]
4924,13,[]
4946,11,[]
4966,13,[]
4988,15,[]
5012,13,[]
5034,15,[]
5058,14,[]
5081,12,[]
5102,133,[]
5329,3,[]
5341,7,[]
5357,8,[]
5374,9,[]
5392,8,[]
5409,8,[]
5426,10,[]
5445,11,[]
5465,14,[]
5488,12,[]
5509,11,[]
5529,12,[]
5550,17,[]
5576,12,[]
5597,12,[]
5618,14,[]
5641,12,[]
5662,15,[]
5686,10,[]
5705,12,[]
5726,13,[]
5748,11,[]
5768,12,[]
5789,12,[]
5810,19,[]
5838,12,[]
5859,10,[]
5878,14,[]
5901,2,[]
5912,136,[]
6142,8,[]
6159,4,[]
6172,8,[]
6189,10,[]
6208,8,[]
6225,10,[]
6244,10,[]
6263,3,[]
6275,10,[]
6294,12,[]
6315,9,[]
6333,14,[]
6356,12,[]
6377,10,[]
6396,13,[]
6418,13,[]
6440,6,[]
6455,12,[]
6476,16,[]
6501,14,[]
6524,16,[6, 7, 8, 9, 10, 11, 12, 13, 14, 15]
6549,18,[]
6576,11,[]
6596,13,[]
6618,15,[]
6642,4,[]
6655,14,[]
6678,20,[]
6707,13,[]
6729,143,[]
6966,5,[]
6980,8,[]
6997,9,[]
7015,14,[]
7038,11,[]
7058,10,[]
7077,15,[]
7101,15,[]
7125,13,[]
7147,14,[]
7170,16,[]
7195,14,[]
7218,13,[]
7240,13,[]
7262,12,[]
7283,17,[2, 3, 4, 5, 6, 7, 8, 9, 10, 11, 12, 13, 14]
7309,13,[]
7331,13,[]
7353,16,[]
7378,20,[]
7407,15,[]
7431,14,[]
7454,15,[]
7478,15,[]
7502,17,[]
7528,15,[]
7552,13,[]
7574,14,[]
7597,15,[]
7621,135,[]
7850,4,[]
7863,4,[]
7876,6,[]
7891,10,[]
7910,8,[]
7927,11,[]
7947,11,[]
7967,14,[]
7990,10,[]
8009,11,[]
8029,5,[]
8043,16,[]
8068,15,[]
8092,13,[]
8114,13,[]
8136,13,[]
8158,14,[]
8181,11,[]
8201,15,[]
8225,3,[]
8237,14,[]
8260,17,[]
8286,14,[]
8309,13,[]
8331,16,[]
8356,15,[]
8380,15,[]
8404,12,[]
8425,8,[]
0,29,[]
40,14,[]
65,10,[]
86,19,[]
116,26,[]
153,17,[]
181,24,[]
216,8,[]
235,16,[]
262,14,[]
287,13,[]
311,13,[]
335,9,[]
355,14,[]
380,16,[]
407,14,[]
432,15,[]
458,9,[]
478,14,[]
503,14,[]
528,16,[]
555,15,[]
581,4,[]
596,17,[]
624,14,[0, 1, 2, 3, 4, 5, 6, 7, 8, 9, 10, 11]
649,16,[]
676,14,[]
701,9,[]
721,15,[]
747,15,[]
773,66,[]
890,10,[]
911,4,[]
926,15,[]
952,9,[]
972,14,[]
997,14,[]
1022,7,[]
1040,12,[]
1063,20,[]
1094,10,[]
1115,13,[]
1139,9,[]
1159,23,[]
1193,13,[]
1217,15,[]
1243,16,[]
1270,10,[]
1291,13,[]
1315,13,[]
1339,12,[]
1362,17,[]
1390,8,[]
1409,18,[]
1438,16,[]
1465,16,[]
1492,18,[]
1521,7,[]
1539,18,[]
1568,16,[]
1595,75,[]
1721,10,[]
1742,4,[]
1757,15,[]
1783,13,[]
1807,17,[]
1835,13,[]
1859,8,[]
1878,20,[]
1909,24,[]
1944,16,[]
1971,14,[]
1996,12,[]
2019,15,[]
2045,15,[]
2071,16,[]
2098,14,[]
2123,6,[]
2140,15,[]
2166,16,[]
2193,13,[]
2217,16,[]
2244,6,[]
2261,13,[]
2285,13,[]
2309,14,[]
2334,14,[]
2359,13,[]
2383,14,[]
2408,14,[]
2433,82,[]
2566,6,[]
2583,4,[]
2598,11,[]
2620,11,[]
2642,12,[]
2665,14,[]
2690,7,[]
2708,17,[]
2736,12,[]
2759,15,[]
2785,13,[]
2809,11,[]
2831,13,[]
2855,13,[]
2879,13,[]
2903,14,[]
2928,11,[]
2950,23,[]
2984,20,[]
3015,16,[]
3042,18,[]
3071,10,[]
3092,18,[]
3121,17,[]
3149,13,[]
3173,17,[]
3201,6,[]
3218,16,[]
3245,15,[]
3271,86,[]
3408,6,[]
3425,4,[]
3440,12,[]
3463,15,[]
3489,16,[]
3516,15,[]
3542,12,[]
3565,17,[]
3593,14,[]
3618,15,[]
3644,14,[]
3669,14,[]
3694,15,[]
3720,15,[]
3746,15,[]
3772,18,[]
3801,5,[]
3817,17,[]
3845,16,[]
3872,18,[]
3901,16,[]
3928,13,[]
3952,17,[]
3980,16,[]
4007,18,[0, 1, 2, 3, 4, 5, 6, 7, 8, 9, 10, 11, 12, 13, 14, 15]
4036,15,[]
4062,8,[]
4081,19,[]
4111,15,[]
4137,86,[]
4274,9,[]
4294,5,[]
4310,14,[]
4335,14,[]
4360,14,[]
4385,19,[]
4415,9,[]
4435,18,[]
4464,15,[]
4490,17,[]
4518,16,[]
4545,6,[]
4562,17,[]
4590,18,[]
4619,18,[]
4648,17,[]
4676,5,[]
4692,16,[]
4719,16,[]
4746,18,[]
4775,14,[]
4800,9,[]
4820,16,[]
4847,15,[]
4873,16,[]
4900,17,[]
4928,8,[]
4947,19,[]
4977,16,[]
5004,84,[]
5139,8,[]
5158,5,[]
5174,14,[]
5199,14,[]
5224,14,[]
5249,15,[]
5275,7,[]
5293,22,[]
5326,16,[]
5353,15,[]
5379,25,[8, 9, 10, 11, 12, 13, 14, 15, 16, 17, 18, 19, 20, 21, 22, 23]
5415,12,[]
5438,15,[]
5464,18,[]
5493,16,[]
5520,19,[]
5550,9,[]
5570,17,[]
5598,16,[]
5625,16,[]
5652,27,[]
5690,10,[]
5711,14,[]
5736,17,[]
5764,13,[]
5788,16,[]
5815,12,[]
5838,13,[]
5862,16,[]
5889,78,[]
6018,9,[]
6038,6,[]
6055,14,[]
6080,16,[]
6107,14,[]
6132,18,[]
6161,5,[]
6177,17,[]
6205,16,[]
6232,18,[]
6261,16,[]
6288,4,[]
6303,21,[]
6335,15,[]
6361,15,[]
6387,20,[]
6418,9,[]
6438,18,[]
6467,19,[]
6497,17,[]
6525,16,[]
6552,9,[]
6572,18,[]
6601,21,[]
6633,15,[]
6659,19,[]
6689,9,[]
6709,17,[]
6737,17,[]
6765,73,[]
6889,10,[]
6910,4,[]
6925,17,[]
6953,17,[]
6981,26,[]
7018,15,[]
7044,10,[]
7065,17,[]
7093,30,[]
7134,16,[]
7161,17,[]
7189,7,[]
7207,19,[]
7237,22,[]
7270,16,[]
7297,17,[]
7325,9,[]
7345,17,[]
7373,16,[]
7400,16,[]
7427,14,[]
7452,10,[]
7473,23,[]
7507,22,[]
7540,17,[4, 5, 6, 7, 8, 9, 10, 11, 12, 13, 14, 15]
7568,19,[]
7598,10,[]
7619,19,[]
7649,21,[]
7681,82,[]
7814,9,[]
7834,5,[]
7850,14,[]
7875,16,[]
7902,16,[]
7929,15,[]
7955,11,[]
7977,16,[]
8004,22,[]
8037,16,[]
8064,18,[]
8093,8,[]
8112,19,[]
8142,14,[]
8167,17,[]
8195,16,[]
8222,5,[]
8238,15,[]
8264,19,[]
8294,16,[]
8321,18,[]
8350,5,[]
8366,17,[]
8394,16,[]
8421,17,[]
8449,15,[]
8475,8,[]
8494,18,[]
8523,19,[]
0,19,[]
30,4,[]
45,9,[]
65,12,[]
88,11,[]
110,12,[]
133,10,[]
154,17,[]
182,9,[]
202,9,[]
222,12,[]
245,10,[]
266,9,[]
286,10,[]
307,9,[]
327,10,[]
348,10,[]
369,10,[]
390,9,[]
410,13,[]
434,17,[]
462,20,[]
493,19,[]
523,19,[]
553,13,[]
577,12,[]
600,15,[]
626,20,[]
657,23,[]
691,20,[]
722,83,[]
854,14,[]
879,5,[]
895,4,[]
910,5,[]
926,11,[]
948,13,[]
972,13,[]
996,16,[]
1023,14,[]
1048,17,[]
1076,12,[]
1099,12,[]
1122,16,[]
1149,12,[]
1172,16,[4, 5, 6, 7, 8, 9, 10, 11, 12, 13, 14, 15]
1199,11,[]
1221,11,[]
1243,12,[]
1266,12,[]
1289,15,[]
1315,11,[]
1337,16,[]
1364,15,[]
1390,19,[]
1420,14,[]
1445,18,[]
1474,11,[]
1496,16,[]
1523,12,[]
1546,87,[]
1682,6,[]
1699,12,[]
1722,11,[]
1744,16,[]
1771,16,[]
1798,16,[]
1825,14,[]
1850,17,[]
1878,14,[]
1903,16,[]
1930,15,[]
1956,15,[]
1982,11,[]
2004,15,[]
2030,9,[]
2050,15,[]
2076,8,[]
2095,9,[]
2115,15,[]
2141,10,[]
2162,8,[]
2181,9,[]
2201,12,[]
2224,12,[]
2247,11,[]
2269,12,[]
2292,13,[]
2316,12,[]
2339,9,[]
2359,102,[]
2510,7,[]
2528,10,[]
2549,13,[]
2573,15,[]
2599,13,[]
2623,15,[]
2649,14,[]
2674,10,[]
2695,11,[]
2717,11,[]
2739,13,[]
2763,15,[]
2789,15,[]
2815,16,[]
2842,11,[]
2864,14,[]
2889,11,[]
2911,10,[]
2932,17,[]
2960,11,[]
2982,11,[]
3004,15,[]
3030,15,[]
3056,15,[]
3082,13,[]
3106,16,[]
3133,16,[]
3160,20,[]
3191,5,[]
3207,94,[]
3350,9,[]
3370,15,[]
3396,15,[]
3422,17,[]
3450,17,[]
3478,17,[]
3506,14,[]
3531,18,[]
3560,16,[]
3587,18,[]
3616,17,[]
3644,18,[]
3673,16,[]
3700,17,[]
3728,16,[]
3755,19,[]
3785,17,[]
3813,18,[]
3842,17,[0, 1, 2, 3, 4, 5, 6, 7, 8, 9, 10, 11, 12]
3870,20,[]
3901,20,[]
3932,17,[]
3960,17,[]
3988,21,[]
4020,18,[]
4049,19,[]
4079,17,[]
4107,19,[]
4137,16,[]
4164,65,[]
4278,10,[]
4299,14,[]
4324,13,[]
4348,15,[]
4374,16,[]
4401,20,[]
4432,18,[]
4461,22,[]
4494,22,[]
4527,22,[]
4560,20,[]
4591,20,[]
4622,22,[]
4655,19,[7, 8, 9, 10, 11, 12, 13, 14, 15, 16, 17, 18]
4685,21,[]
4717,19,[]
4747,23,[]
4781,22,[]
4814,21,[]
4846,23,[]
4880,25,[]
4916,23,[]
4950,26,[]
4987,21,[]
5019,25,[]
5055,22,[]
5088,24,[]
5123,25,[]
5159,25,[]
5195,85,[]
5329,15,[]
5355,20,[]
5386,18,[]
5415,21,[]
5447,18,[]
5476,24,[]
5511,18,[]
5540,21,[]
5572,18,[]
5601,20,[]
5632,17,[]
5660,19,[]
5690,16,[]
5717,15,[]
5743,17,[]
5771,16,[]
5798,15,[]
5824,16,[]
5851,19,[]
5881,18,[0, 1, 2, 3, 4, 5, 6, 7, 8, 9, 10, 11, 12, 13, 14, 15, 16, 17]
5910,17,[]
5938,16,[]
5965,17,[]
5993,16,[]
6020,16,[]
6047,14,[]
6072,13,[]
6096,13,[]
6120,13,[]
6144,48,[]
6241,6,[]
6258,13,[]
6282,8,[]
6301,11,[]
6323,11,[]
6345,17,[]
6373,12,[]
6396,15,[]
6422,14,[]
6447,13,[]
6471,12,[]
6494,17,[]
6522,14,[]
6547,12,[]
6570,13,[]
6594,15,[]
6620,17,[]
6648,13,[]
6672,13,[]
6696,18,[]
6725,15,[]
6751,11,[]
6773,11,[]
6795,15,[]
6821,16,[]
6848,14,[]
6873,13,[]
6897,14,[]
6922,16,[]
6949,52,[]
7050,11,[]
7072,9,[]
7092,11,[]
7114,12,[]
7137,10,[]
7158,12,[]
7181,16,[]
7208,15,[]
7234,13,[]
7258,16,[0, 1, 2, 3, 4, 5, 6, 7, 8, 9, 10, 11, 12, 13]
7285,12,[]
7308,15,[]
7334,13,[]
7358,14,[]
7383,18,[]
7412,18,[]
7441,12,[]
7464,13,[]
7488,15,[]
7514,13,[]
7538,14,[]
7563,14,[]
7588,13,[]
7612,13,[]
7636,12,[]
7659,10,[]
7680,10,[]
7701,11,[]
7723,12,[]
7746,68,[]
7863,8,[]
7882,11,[]
7904,13,[]
7928,15,[]
7954,17,[]
7982,18,[]
8011,19,[]
8041,21,[]
8073,18,[]
8102,17,[]
8130,19,[]
8160,17,[]
8188,20,[]
8219,19,[]
8249,20,[]
8280,16,[]
8307,16,[]
8334,17,[]
8362,17,[]
8390,17,[]
8418,16,[]
8445,19,[]
8475,13,[]
8499,15,[]
8525,17,[]
8553,16,[]
8580,16,[]
8607,16,[]
8634,18,[]
0,25,[]
34,3,[]
46,13,[]
68,16,[]
93,15,[]
117,14,[]
140,12,[]
161,12,[]
182,13,[]
204,11,[]
224,12,[]
245,12,[]
266,12,[]
287,11,[]
307,12,[]
328,12,[]
349,11,[]
369,10,[]
388,11,[]
408,11,[]
428,10,[]
447,11,[]
467,13,[]
489,12,[]
510,12,[]
531,10,[]
550,11,[]
570,10,[]
589,10,[]
608,12,[]
629,54,[]
717,9,[]
735,11,[]
755,10,[]
774,10,[]
793,11,[]
813,10,[]
832,11,[]
852,13,[]
874,12,[]
895,12,[]
916,12,[]
937,12,[]
958,11,[]
978,12,[]
999,12,[]
1020,12,[]
1041,13,[]
1063,13,[]
1085,11,[]
1105,11,[]
1125,12,[]
1146,12,[]
1167,13,[]
1189,14,[]
1212,14,[]
1235,14,[]
1258,13,[]
1280,14,[]
1303,11,[]
1323,55,[]
1412,10,[]
1431,12,[]
1452,14,[]
1475,12,[]
1496,9,[]
1514,11,[]
1534,13,[]
1556,14,[]
1579,15,[]
1603,16,[]
1628,12,[]
1649,13,[]
1671,13,[]
1693,12,[]
1714,14,[]
1737,15,[]
1761,16,[]
1786,17,[]
1812,16,[]
1837,16,[]
1862,15,[]
1886,14,[]
1909,12,[]
1930,12,[]
1951,15,[]
1975,14,[]
1998,13,[]
2020,13,[]
2042,13,[]
2064,45,[]
2143,8,[]
2160,11,[]
2180,11,[]
2200,12,[]
2221,12,[]
2242,13,[]
2264,13,[]
2286,13,[]
2308,12,[]
2329,12,[]
2350,12,[]
2371,12,[]
2392,12,[]
2413,14,[]
2436,13,[]
2458,12,[]
2479,14,[]
2502,14,[]
2525,13,[]
2547,15,[]
2571,12,[]
2592,12,[]
2613,12,[]
2634,12,[]
2655,12,[]
2676,11,[]
2696,11,[]
2716,14,[]
2739,14,[]
2762,53,[]
2849,10,[]
2868,11,[]
2888,9,[]
2906,11,[]
2926,11,[]
2946,12,[]
2967,11,[]
2987,11,[]
3007,13,[]
3029,11,[]
3049,12,[]
3070,12,[]
3091,10,[]
3110,12,[]
3131,12,[]
3152,12,[]
3173,12,[]
3194,14,[]
3217,13,[]
3239,13,[]
3261,13,[]
3283,14,[]
3306,14,[]
3329,14,[]
3352,14,[]
3375,13,[]
3397,12,[]
3418,13,[]
3440,14,[]
3463,53,[]
3550,14,[]
3573,16,[]
3598,16,[]
3623,20,[]
3652,19,[]
3680,18,[]
3707,17,[]
3733,17,[]
3759,17,[]
3785,15,[]
3809,14,[]
3832,14,[]
3855,13,[]
3877,12,[]
3898,13,[]
3920,15,[]
3944,13,[]
3966,13,[]
3988,14,[]
4011,14,[]
4034,15,[]
4058,13,[]
4080,13,[]
4102,16,[]
4127,14,[]
4150,14,[]
4173,13,[]
4195,13,[]
4217,13,[]
4239,57,[]
4330,9,[]
4348,11,[]
4368,12,[]
4389,12,[]
4410,13,[]
4432,13,[]
4454,12,[]
4475,13,[0, 1, 2, 3, 4, 5, 6, 7, 8, 9]
4497,16,[]
4522,14,[]
4545,12,[]
4566,12,[]
4587,13,[]
4609,14,[]
4632,16,[]
4657,18,[]
4684,18,[]
4711,20,[]
4740,21,[]
4770,17,[]
4796,14,[]
4819,14,[]
4842,14,[4, 5, 6, 7, 8, 9, 10, 11, 12, 13]
4865,14,[]
4888,15,[]
4912,14,[]
4935,15,[]
4959,13,[]
4981,13,[]
5003,45,[]
5082,10,[]
5101,11,[]
5121,11,[]
5141,12,[]
5162,12,[]
5183,12,[]
5204,12,[]
5225,12,[]
5246,12,[]
5267,11,[]
5287,13,[2, 3, 4, 5, 6, 7, 8, 9, 10, 11, 12]
5309,13,[]
5331,11,[]
5351,12,[]
5372,12,[]
5393,13,[]
5415,14,[]
5438,12,[]
5459,11,[]
5479,11,[]
5499,12,[]
5520,11,[]
5540,12,[]
5561,12,[]
5582,13,[]
5604,12,[]
5625,13,[]
5647,12,[]
5668,10,[]
5687,54,[]
5775,10,[]
5794,8,[]
5811,12,[]
5832,10,[]
5851,9,[]
5869,10,[]
5888,9,[]
5906,11,[]
5926,13,[]
5948,13,[]
5970,11,[]
5990,10,[]
6009,7,[]
6025,10,[]
6044,14,[]
6067,18,[]
6094,15,[]
6118,16,[]
6143,13,[]
6165,13,[]
6187,12,[]
6208,12,[]
6229,14,[]
6252,14,[]
6275,13,[]
6297,11,[]
6317,11,[]
6337,10,[]
6356,10,[]
6375,46,[]
6455,9,[]
6473,10,[]
6492,10,[]
6511,11,[]
6531,10,[]
6550,10,[]
6569,11,[]
6589,11,[]
6609,12,[]
6630,11,[]
6650,12,[]
6671,11,[]
6691,12,[]
6712,11,[]
6732,12,[]
6753,13,[0, 1, 2, 3, 4, 5, 6, 7, 8, 9, 10, 11, 12]
6775,13,[]
6797,17,[]
6823,12,[]
6844,13,[]
6866,12,[]
6887,13,[]
6909,11,[]
6929,12,[]
6950,12,[]
6971,12,[]
6992,10,[]
7011,14,[]
7034,11,[]
0,14,[]
25,2,[]
38,5,[]
54,11,[]
76,8,[]
95,7,[]
113,4,[]
128,7,[]
146,7,[]
164,5,[]
180,12,[]
203,16,[]
230,20,[]
261,18,[]
290,13,[]
314,15,[]
340,6,[]
357,14,[]
382,14,[]
407,15,[]
433,13,[]
457,5,[]
473,14,[]
498,19,[]
528,14,[]
553,10,[]
574,17,[]
602,16,[]
629,14,[]
654,15,[]
680,87,[]
807,1,[]
819,7,[]
837,8,[]
856,10,[]
877,10,[]
898,19,[]
928,18,[]
957,18,[]
986,18,[]
1015,20,[]
1046,13,[]
1070,23,[]
1104,22,[]
1137,18,[]
1166,22,[]
1199,5,[]
1215,20,[]
1246,17,[]
1274,19,[]
1304,24,[]
1339,19,[]
1369,13,[]
1393,18,[]
1422,17,[]
1450,22,[]
1483,15,[]
1509,22,[3, 4, 5, 6, 7, 8, 9, 10, 11, 12, 13, 14]
1542,18,[]
1571,22,[]
1604,90,[]
1734,12,[]
1757,5,[]
1773,18,[]
1802,20,[]
1833,19,[]
1863,10,[]
1884,21,[]
1916,23,[]
1950,23,[]
1984,23,[]
2018,6,[]
2035,22,[]
2068,23,[]
2102,21,[]
2134,21,[]
2166,22,[]
2199,11,[]
2221,19,[]
2251,21,[]
2283,23,[]
2317,6,[]
2334,20,[]
2365,19,[]
2395,21,[]
2427,19,[]
2457,24,[0, 1, 2, 3, 4, 5, 6, 7, 8, 9, 10, 11, 12]
2492,7,[]
2510,38,[]
2588,16,[]
2615,86,[]
2741,1,[]
2753,15,[]
2779,17,[]
2807,20,[]
2838,10,[]
2859,20,[]
2890,23,[]
2924,22,[]
2957,19,[]
2987,27,[]
3025,14,[]
3050,29,[]
3090,28,[]
3129,24,[]
3164,23,[0, 1, 2, 3, 4, 5, 6, 7, 8, 9, 10, 11, 12, 13, 14, 15, 16, 17, 18, 19, 20]
3198,11,[]
3220,26,[]
3257,12,[]
3280,23,[]
3314,10,[]
3335,25,[]
3371,8,[]
3390,21,[]
3422,10,[]
3443,24,[]
3478,8,[]
3497,24,[]
3532,8,[]
3551,24,[]
3586,67,[]
3693,16,[]
3720,8,[]
3739,19,[]
3769,6,[]
3786,16,[]
3813,8,[]
3832,19,[]
3862,12,[]
3885,20,[]
3916,10,[]
3937,21,[]
3969,11,[]
3991,20,[]
4022,9,[]
4042,19,[]
4072,7,[]
4090,19,[]
4120,11,[]
4142,19,[]
4172,7,[]
4190,18,[]
4219,11,[]
4241,20,[]
4272,8,[]
4291,22,[]
4324,11,[]
4346,21,[]
4378,9,[]
4398,22,[]
4431,61,[]
4532,16,[]
4559,8,[]
4578,18,[]
4607,6,[]
4624,19,[]
4654,10,[]
4675,26,[]
4712,9,[]
4732,22,[]
4765,6,[]
4782,19,[]
4812,7,[]
4830,18,[]
4859,6,[]
4876,23,[0, 1, 2, 3, 4, 5, 6, 7, 8, 9, 10, 11, 12, 13]
4910,5,[]
4926,22,[]
4959,7,[]
4977,21,[]
5009,9,[]
5029,22,[]
5062,5,[]
5078,23,[]
5112,9,[]
5132,15,[]
5158,7,[]
5176,16,[]
5203,9,[]
5223,15,[]
5249,50,[]
5339,10,[]
5360,8,[]
5379,17,[]
5407,6,[]
5424,14,[]
5449,7,[]
5467,26,[]
5504,17,[]
5532,9,[]
5552,17,[]
5580,6,[]
5597,23,[]
5631,4,[]
5646,20,[]
5677,9,[]
5697,20,[]
5728,9,[]
5748,24,[]
5783,10,[]
5804,17,[5, 6, 7, 8, 9, 10, 11, 12, 13, 14, 15, 16]
5832,9,[]
5852,22,[]
5885,9,[]
5905,16,[]
5932,6,[]
5949,20,[]
5980,7,[]
5998,17,[]
6026,5,[]
6042,46,[]
6128,4,[]
6143,19,[]
6173,21,[]
6205,6,[]
6222,12,[]
6245,6,[]
6262,13,[]
6286,10,[]
6307,19,[]
6337,22,[]
6370,12,[]
6393,14,[]
6418,17,[]
6446,21,[]
6478,7,[]
6496,6,[]
6513,23,[]
6547,11,[]
6569,25,[]
6605,13,[]
6629,15,[]
6655,25,[]
6691,14,[]
6716,25,[]
6752,22,[]
6785,16,[]
6812,17,[]
6840,16,[]
6867,17,[]
6895,41,[]
6976,2,[]
6989,4,[]
7004,17,[5, 6, 7, 8, 9, 10, 11, 12, 13, 14, 15, 16]
7032,9,[]
7052,20,[]
7083,7,[]
7101,17,[]
7129,17,[]
7157,7,[]
7175,19,[]
7205,10,[]
7226,22,[]
7259,10,[]
7280,21,[]
7312,9,[]
7332,9,[]
7352,25,[]
7388,9,[]
7408,24,[7, 8, 9, 10, 11, 12, 13, 14, 15, 16, 17, 18]
7443,20,[]
7474,6,[]
7491,22,[]
7524,6,[]
7541,25,[]
7577,8,[]
7596,27,[]
7634,4,[]
7649,9,[]
7669,26,[]
7706,31,[]
7748,12,[]
7771,23,[]
7805,4,[]
7820,19,[]
7850,6,[]
7867,23,[]
7901,14,[]
7926,24,[]
7961,22,[]
7994,19,[0, 1, 2, 3, 4, 5, 6, 7, 8, 9, 10, 11, 12, 13, 14, 15, 16]
8024,12,[]
8047,13,[]
8071,22,[]
8104,12,[]
8127,23,[]
8161,13,[]
8185,4,[]
8200,18,[]
8229,18,[]
8258,18,[]
8287,17,[]
8315,6,[]
8332,11,[]
8354,12,[]
8377,7,[]
8395,13,[]
8419,17,[]
8447,8,[]
8466,17,[]
0,28,[]
38,3,[]
51,16,[]
77,22,[]
109,10,[]
129,17,[]
156,18,[]
184,13,[]
207,18,[]
235,4,[]
249,20,[]
279,21,[]
310,14,[]
334,13,[]
357,11,[]
378,15,[]
403,20,[]
433,16,[]
459,9,[]
478,3,[]
491,17,[]
518,15,[]
543,14,[]
567,17,[]
594,9,[]
613,14,[]
637,14,[]
661,13,[]
684,15,[]
709,7,[]
726,118,[]
923,8,[]
941,8,[]
959,11,[]
980,1,[]
991,13,[]
1014,12,[]
1036,11,[]
1057,12,[]
1079,12,[]
1101,14,[]
1125,12,[]
1147,13,[]
1170,10,[]
1190,17,[]
1217,14,[]
1241,13,[]
1264,10,[]
1284,18,[]
1312,9,[]
1331,14,[]
1355,13,[]
1378,17,[]
1405,8,[]
1423,17,[]
1450,14,[]
1474,13,[]
1497,14,[]
1521,12,[]
1543,16,[]
1569,120,[]
1768,9,[]
1787,8,[]
1805,8,[]
1823,15,[]
1848,13,[]
1871,12,[]
1893,18,[]
1921,8,[]
1939,17,[]
1966,13,[]
1989,13,[]
2012,12,[]
2034,8,[]
2052,17,[]
2079,14,[]
2103,24,[]
2137,16,[]
2163,17,[]
2190,14,[]
2214,18,[]
2242,16,[]
2268,18,[]
2296,17,[]
2323,13,[]
2346,18,[]
2374,15,[]
2399,15,[]
2424,18,[]
2452,16,[]
2478,124,[]
2681,11,[]
2702,9,[]
2721,10,[]
2741,17,[]
2768,11,[]
2789,13,[]
2812,15,[]
2837,15,[]
2862,17,[]
2889,17,[]
2916,10,[]
2936,17,[]
2963,7,[]
2980,14,[]
3004,15,[]
3029,16,[]
3055,16,[]
3081,9,[]
3100,20,[]
3130,19,[]
3159,12,[]
3181,14,[]
3205,9,[]
3224,19,[]
3253,16,[]
3279,17,[]
3306,13,[]
3329,9,[]
3348,18,[]
3376,131,[]
3586,5,[]
3601,4,[]
3615,12,[]
3637,14,[]
3661,14,[]
3685,13,[]
3708,12,[]
3730,9,[]
3749,15,[]
3774,17,[]
3801,15,[]
3826,12,[]
3848,16,[]
3874,17,[]
3901,14,[]
3925,13,[]
3948,7,[]
3965,17,[]
3992,13,[]
4015,18,[]
4043,16,[]
4069,13,[]
4092,17,[]
4119,17,[]
4146,14,[]
4170,16,[]
4196,8,[]
4214,18,[]
4242,19,[]
4271,131,[]
4481,7,[]
4498,4,[]
4512,14,[]
4536,14,[]
4560,13,[]
4583,11,[]
4604,10,[]
4624,13,[]
4647,18,[]
4675,11,[]
4696,17,[]
4723,9,[]
4742,16,[]
4768,16,[]
4794,16,[0, 1, 2, 3, 4, 5, 6, 7, 8, 9, 10, 11, 12, 13, 14, 15]
4820,14,[]
4844,7,[]
4861,22,[]
4893,14,[]
4917,16,[]
4943,14,[]
4967,9,[]
4986,19,[]
5015,18,[]
5043,16,[]
5069,18,[]
5097,11,[]
5118,19,[]
5147,11,[]
5168,129,[]
5376,7,[]
5393,5,[]
5408,12,[]
5430,16,[]
5456,12,[]
5478,13,[]
5501,8,[]
5519,17,[]
5546,13,[]
5569,14,[]
5593,17,[]
5620,8,[]
5638,13,[]
5661,16,[]
5687,17,[]
5714,18,[]
5742,7,[]
5759,15,[]
5784,15,[]
5809,17,[]
5836,7,[]
5853,20,[]
5883,17,[]
5910,15,[0, 1, 2, 3, 4, 5, 6, 7, 8, 9, 10, 11, 12, 13]
5935,13,[]
5958,14,[]
5982,8,[]
6000,13,[]
6023,19,[]
6052,127,[]
6258,1,[]
6269,6,[]
6285,9,[]
6304,10,[]
6324,11,[]
6345,7,[]
6362,12,[]
6384,11,[]
6405,11,[]
6426,15,[]
6451,7,[]
6468,19,[]
6497,14,[]
6521,12,[]
6543,14,[]
6567,5,[]
6582,14,[]
6606,16,[]
6632,15,[]
6657,17,[]
6684,9,[]
6703,17,[]
6730,14,[]
6754,16,[]
6780,13,[]
6803,8,[]
6821,17,[]
6848,15,[0, 1, 2, 3, 4, 5, 6, 7, 8, 9, 10, 11, 12, 13, 14]
6873,15,[]
6898,119,[]
7096,1,[]
7107,5,[]
7122,7,[]
7139,11,[]
7160,9,[]
7179,6,[]
7195,9,[]
7214,10,[]
7234,8,[]
7252,7,[]
7269,16,[]
7295,12,[]
7317,13,[]
7340,12,[]
7362,14,[]
7386,10,[]
7406,14,[]
7430,12,[]
7452,17,[]
7479,14,[]
7503,7,[]
7520,21,[]
7551,17,[]
7578,13,[]
7601,20,[]
7631,9,[]
7650,19,[]
7679,18,[]
7707,15,[]
7732,121,[]
7932,1,[]
7943,6,[]
7959,5,[]
7974,11,[]
7995,7,[]
8012,11,[]
8033,11,[]
8054,11,[]
8075,11,[]
8096,6,[]
8112,13,[]
8135,14,[]
8159,12,[]
8181,18,[]
8209,8,[]
8227,18,[]
8255,13,[]
8278,15,[]
8303,8,[]
8321,21,[]
8352,17,[]
8379,14,[]
8403,12,[]
8425,14,[]
8449,7,[]
8466,15,[]
8491,15,[]
8516,17,[]
8543,12,[]
0,18,[]
29,6,[]
46,12,[]
69,14,[]
94,13,[]
118,11,[]
140,11,[]
162,12,[]
185,12,[0, 1, 2, 3, 4, 5, 6, 7, 8, 9, 10, 11]
208,12,[]
231,17,[]
259,13,[]
283,12,[]
306,14,[]
331,15,[]
357,11,[]
379,13,[]
403,13,[]
427,14,[]
452,14,[]
477,18,[]
506,13,[]
530,14,[]
555,15,[]
581,14,[]
606,12,[]
629,16,[]
656,14,[]
681,18,[]
710,12,[]
733,45,[]
809,7,[]
827,12,[]
850,12,[]
873,8,[]
892,13,[]
916,18,[]
945,15,[]
971,21,[]
1003,18,[]
1032,18,[]
1061,16,[]
1088,18,[]
1117,16,[]
1144,17,[]
1172,14,[]
1197,16,[0, 1, 2, 3, 4, 5, 6, 7, 8, 9, 10, 11, 12]
1224,21,[]
1256,18,[]
1285,18,[]
1314,14,[]
1339,16,[]
1366,22,[]
1399,15,[]
1425,14,[]
1450,15,[]
1476,18,[]
1505,14,[]
1530,16,[]
1557,19,[]
1587,44,[]
1662,11,[]
1684,21,[]
1716,16,[]
1743,17,[]
1771,16,[]
1798,16,[]
1825,16,[]
1852,18,[]
1881,17,[]
1909,19,[]
1939,18,[]
1968,23,[]
2002,18,[]
2031,16,[]
2058,21,[]
2090,16,[]
2117,16,[]
2144,22,[0, 1, 2, 3, 4, 5, 6, 7, 8, 9, 10, 11, 12, 13, 14]
2177,17,[]
2205,16,[]
2232,15,[]
2258,16,[]
2285,18,[]
2314,15,[]
2340,15,[]
2366,16,[]
2393,15,[]
2419,23,[]
2453,19,[]
2483,54,[]
2568,11,[]
2590,14,[]
2615,16,[]
2642,16,[]
2669,18,[]
2698,19,[]
2728,18,[]
2757,19,[]
2787,16,[]
2814,15,[]
2840,23,[]
2874,22,[]
2907,15,[]
2933,15,[]
2959,14,[]
2984,13,[]
3008,14,[]
3033,15,[]
3059,23,[]
3093,15,[]
3119,15,[]
3145,13,[]
3169,17,[]
3197,13,[]
3221,13,[]
3245,15,[]
3271,16,[]
3298,12,[]
3321,15,[]
3347,42,[]
3420,8,[]
3439,11,[]
3461,12,[]
3484,12,[]
3507,11,[]
3529,11,[]
3551,13,[]
3575,12,[]
3598,10,[]
3619,13,[]
3643,12,[]
3666,11,[]
3688,11,[]
3710,11,[]
3732,14,[]
3757,13,[]
3781,11,[]
3803,12,[]
3826,14,[]
3851,11,[]
3873,13,[1, 2, 3, 4, 5, 6, 7, 8, 9, 10, 11, 12]
3897,13,[]
3921,14,[]
3946,13,[]
3970,13,[]
3994,11,[]
4016,13,[]
4040,12,[]
4063,14,[]
4088,43,[]
4162,9,[]
4182,13,[]
4206,13,[]
4230,14,[]
4255,12,[]
4278,17,[]
4306,17,[]
4334,15,[]
4360,15,[]
4386,13,[]
4410,14,[]
4435,15,[]
4461,20,[]
4492,18,[]
4521,14,[]
4546,13,[]
4570,14,[]
4595,18,[]
4624,15,[]
4650,14,[]
4675,13,[]
4699,16,[]
4726,18,[]
4755,14,[]
4780,15,[]
4806,14,[]
4831,12,[]
4854,13,[]
4878,12,[]
4901,42,[]
4974,10,[]
4995,13,[]
5019,12,[]
5042,14,[]
5067,14,[]
5092,12,[]
5115,14,[]
5140,15,[]
5166,14,[]
5191,20,[]
5222,14,[]
5247,14,[]
5272,13,[]
5296,16,[]
5323,15,[]
5349,16,[]
5376,21,[]
5408,16,[]
5435,13,[]
5459,17,[]
5487,17,[]
5515,18,[]
5544,16,[]
5571,16,[]
5598,11,[]
5620,14,[]
5645,11,[]
5667,14,[]
5692,16,[]
5719,58,[]
5808,8,[]
5827,11,[]
5849,11,[]
5871,13,[]
5895,11,[]
5917,11,[]
5939,14,[]
5964,16,[]
5991,13,[]
6015,13,[]
6039,11,[]
6061,13,[]
6085,13,[]
6109,13,[]
6133,13,[]
6157,15,[]
6183,15,[]
6209,15,[]
6235,13,[]
6259,15,[]
6285,13,[]
6309,13,[]
6333,14,[]
6358,14,[]
6383,13,[]
6407,13,[]
6431,13,[]
6455,17,[]
6483,14,[]
6508,53,[]
6592,10,[]
6613,12,[]
6636,15,[]
6662,16,[]
6689,14,[]
6714,18,[]
6743,16,[]
6770,21,[]
6802,14,[]
6827,14,[]
6852,16,[0, 1, 2, 3, 4, 5, 6, 7, 8, 9, 10, 11, 12]
6879,19,[]
6909,15,[]
6935,17,[]
6963,13,[]
6987,14,[]
7012,21,[]
7044,17,[]
7072,18,[]
7101,16,[]
7128,21,[]
7160,17,[]
7188,14,[]
7213,17,[]
7241,13,[]
7265,19,[]
7295,12,[]
7318,13,[]
7342,12,[]
7365,46,[]
7442,11,[]
7464,12,[]
7487,14,[]
7512,20,[]
7543,15,[]
7569,6,[]
7586,19,[]
7616,23,[]
7650,16,[]
7677,7,[]
7695,19,[]
7725,16,[]
7752,17,[]
7780,10,[]
7801,21,[]
7833,9,[]
7853,15,[]
7879,15,[]
7905,17,[]
7933,15,[]
7959,14,[]
7984,8,[]
8003,20,[]
8034,4,[]
8049,20,[5, 6, 7, 8, 9, 10, 11, 12, 13, 14, 15, 16, 17, 18, 19]
8080,10,[]
8101,27,[]
8139,4,[]
8154,19,[]
0,43,[]
88,12,[]
111,13,[]
135,17,[]
163,14,[]
188,15,[]
214,14,[]
239,14,[]
264,16,[]
291,15,[]
317,15,[]
343,12,[]
366,14,[]
391,14,[]
416,17,[]
444,19,[]
474,18,[]
503,16,[]
530,14,[]
555,15,[]
581,15,[]
607,19,[]
637,22,[]
670,21,[]
702,22,[]
735,26,[]
772,23,[]
806,20,[]
837,23,[]
871,21,[]
903,75,[]
1023,18,[]
1052,20,[]
1083,20,[7, 8, 9, 10, 11, 12, 13, 14, 15, 16, 17, 18]
1114,10,[]
1135,14,[]
1160,19,[]
1190,17,[]
1218,18,[]
1247,14,[]
1272,18,[]
1301,17,[]
1329,17,[]
1357,17,[]
1385,16,[]
1412,18,[]
1441,16,[]
1468,16,[]
1495,12,[]
1518,15,[]
1544,17,[]
1572,14,[]
1597,14,[]
1622,16,[]
1649,18,[1, 2, 3, 4, 5, 6, 7, 8, 9, 10, 11, 12, 13, 14, 15, 16, 17]
1678,18,[]
1707,16,[]
1734,13,[]
1758,17,[]
1786,13,[]
1810,65,[]
1920,9,[]
1940,14,[]
1965,12,[]
1988,12,[]
2011,13,[]
2035,11,[]
2057,12,[]
2080,14,[]
2105,11,[]
2127,12,[]
2150,15,[]
2176,13,[]
2200,10,[]
2221,14,[]
2246,12,[]
2269,13,[]
2293,13,[]
2317,15,[]
2343,14,[]
2368,13,[]
2392,12,[]
2415,13,[]
2439,13,[]
2463,13,[]
2487,15,[]
2513,15,[]
2539,12,[]
2562,13,[]
2586,15,[]
2612,59,[]
2716,9,[]
2736,9,[]
2756,15,[0, 1, 2, 3, 4, 5, 6, 7, 8, 9, 10, 11]
2782,13,[]
2806,15,[]
2832,13,[]
2856,13,[]
2880,12,[]
2903,12,[]
2926,15,[]
2952,13,[]
2976,15,[]
3002,14,[1, 2, 3, 4, 5, 6, 7, 8, 9, 10, 11, 12, 13]
3027,14,[]
3052,12,[]
3075,17,[]
3103,17,[]
3131,15,[]
3157,13,[]
3181,14,[]
3206,14,[]
3231,14,[]
3256,13,[]
3280,16,[]
3307,16,[]
3334,15,[]
3360,13,[]
3384,15,[]
3410,16,[]
3437,63,[]
3545,8,[]
3564,10,[]
3585,13,[]
3609,13,[]
3633,12,[]
3656,12,[]
3679,13,[]
3703,15,[]
3729,14,[]
3754,14,[]
3779,17,[]
3807,16,[]
3834,17,[]
3862,13,[]
3886,15,[]
3912,15,[]
3938,14,[]
3963,16,[]
3990,13,[]
4014,16,[]
4041,14,[]
4066,16,[]
4093,14,[]
4118,14,[]
4143,16,[]
4170,19,[]
4200,17,[]
4228,14,[]
4253,13,[]
4277,64,[]
4386,7,[]
4404,12,[]
4427,12,[]
4450,13,[]
4474,12,[]
4497,14,[]
4522,13,[]
4546,12,[]
4569,12,[]
4592,13,[]
4616,14,[]
4641,14,[]
4666,12,[]
4689,14,[]
4714,14,[]
4739,13,[]
4763,14,[]
4788,14,[]
4813,13,[]
4837,14,[]
4862,13,[]
4886,12,[]
4909,13,[]
4933,12,[]
4956,18,[]
4985,14,[]
5010,13,[]
5034,14,[]
5059,10,[]
5080,76,[]
5201,4,[]
5216,7,[]
5234,9,[]
5254,11,[]
5276,11,[]
5298,11,[]
5320,12,[]
5343,12,[]
5366,13,[]
5390,12,[]
5413,11,[]
5435,11,[]
5457,21,[]
5489,20,[]
5520,16,[]
5547,17,[]
5575,14,[]
5600,13,[]
5624,16,[]
5651,18,[]
5680,20,[]
5711,17,[]
5739,16,[]
5766,14,[0, 1, 2, 3, 4, 5, 6, 7, 8, 9, 10, 11, 12, 13]
5791,16,[]
5818,21,[]
5850,14,[]
5875,19,[]
5905,18,[]
5934,50,[]
6029,11,[]
6051,11,[]
6073,14,[]
6098,15,[]
6124,12,[]
6147,13,[]
6171,15,[]
6197,15,[]
6223,13,[]
6247,12,[]
6270,13,[]
6294,15,[]
6320,15,[]
6346,9,[]
6366,14,[]
6391,17,[]
6419,11,[]
6441,9,[]
6461,12,[]
6484,13,[]
6508,13,[]
6532,13,[]
6556,13,[]
6580,10,[]
6601,11,[]
6623,11,[]
6645,13,[]
6669,9,[]
6689,9,[]
6709,77,[]
6831,4,[]
6846,8,[]
6865,10,[]
6886,13,[]
6910,13,[]
6934,13,[]
6958,10,[]
6979,11,[]
7001,11,[]
7023,13,[]
7047,14,[]
7072,14,[]
7097,11,[]
7119,14,[]
7144,16,[]
7171,15,[]
7197,15,[]
7223,14,[]
7248,14,[]
7273,16,[]
7300,17,[]
7328,15,[]
7354,15,[]
7380,16,[]
7407,15,[]
7433,13,[]
7457,16,[]
7484,16,[]
7511,15,[]
7537,69,[]
7651,9,[]
7671,16,[]
7698,15,[]
7724,15,[]
7750,15,[]
7776,18,[]
7805,17,[]
7833,15,[]
7859,13,[]
7883,16,[]
7910,15,[]
7936,13,[]
7960,18,[]
7989,16,[]
8016,16,[]
8043,14,[]
8068,16,[]
8095,16,[]
8122,15,[]
8148,18,[]
8177,15,[]
8203,13,[]
8227,11,[]
8249,14,[]
8274,17,[]
8302,14,[]
8327,12,[]
8350,16,[]
8377,16,[]
0,28,[]
39,6,[]
56,8,[]
75,9,[]
95,10,[]
116,9,[]
136,13,[]
160,15,[]
186,19,[]
216,12,[]
239,11,[]
261,11,[]
283,14,[]
308,12,[]
331,11,[]
353,11,[]
375,11,[]
397,11,[]
419,9,[]
439,12,[]
462,11,[]
484,11,[]
506,10,[]
527,9,[]
547,8,[]
566,10,[]
587,10,[]
608,17,[]
636,18,[]
665,13,[]
689,62,[]
792,8,[]
811,10,[]
832,11,[]
854,8,[]
873,10,[]
894,14,[]
919,12,[]
942,16,[]
969,13,[]
993,15,[]
1019,13,[]
1043,12,[]
1066,13,[]
1090,12,[]
1113,12,[]
1136,14,[]
1161,13,[]
1185,12,[]
1208,13,[]
1232,12,[]
1255,14,[]
1280,14,[]
1305,15,[]
1331,16,[]
1358,12,[]
1381,14,[]
1406,14,[]
1431,14,[]
1456,15,[]
1482,64,[]
1587,11,[]
1609,13,[]
1633,12,[]
1656,15,[]
1682,12,[]
1705,14,[]
1730,13,[]
1754,15,[]
1780,13,[]
1804,15,[]
1830,14,[]
1855,13,[]
1879,16,[]
1906,14,[]
1931,14,[]
1956,17,[]
1984,14,[]
2009,15,[]
2035,14,[]
2060,14,[]
2085,14,[]
2110,15,[]
2136,19,[]
2166,16,[]
2193,17,[]
2221,17,[]
2249,16,[]
2276,17,[]
2304,18,[]
2333,56,[]
2430,13,[]
2454,14,[]
2479,15,[]
2505,17,[]
2533,14,[]
2558,16,[]
2585,14,[]
2610,18,[]
2639,16,[]
2666,14,[]
2691,17,[]
2719,15,[]
2745,14,[]
2770,14,[]
2795,14,[]
2820,13,[]
2844,14,[]
2869,15,[]
2895,13,[]
2919,24,[]
2954,16,[]
2981,14,[]
3006,14,[]
3031,14,[]
3056,18,[]
3085,17,[]
3113,14,[]
3138,18,[]
3167,14,[]
3192,52,[]
3285,13,[]
3309,10,[]
3330,14,[]
3355,16,[]
3382,17,[]
3410,15,[]
3436,12,[]
3459,15,[]
3485,13,[]
3509,16,[]
3536,12,[]
3559,16,[]
3586,18,[]
3615,15,[]
3641,13,[]
3665,17,[]
3693,15,[]
3719,15,[]
3745,13,[]
3769,17,[]
3797,14,[]
3822,14,[]
3847,14,[]
3872,14,[]
3897,14,[]
3922,14,[]
3947,15,[]
3973,15,[]
3999,14,[]
4024,58,[]
4123,11,[]
4145,11,[]
4167,12,[0, 1, 2, 3, 4, 5, 6, 7, 8, 9, 10, 11]
4190,12,[]
4213,13,[]
4237,15,[]
4263,14,[]
4288,14,[]
4313,14,[]
4338,14,[]
4363,14,[]
4388,14,[]
4413,14,[]
4438,14,[]
4463,14,[]
4488,14,[]
4513,14,[]
4538,14,[]
4563,14,[]
4588,13,[]
4612,13,[]
4636,12,[]
4659,14,[]
4684,17,[]
4712,13,[]
4736,16,[]
4763,14,[]
4788,14,[]
4813,17,[]
4841,64,[]
4946,11,[]
4968,14,[]
4993,13,[]
5017,14,[]
5042,12,[]
5065,15,[]
5091,14,[]
5116,12,[]
5139,12,[]
5162,16,[]
5189,13,[]
5213,13,[]
5237,15,[]
5263,14,[]
5288,14,[]
5313,14,[]
5338,14,[]
5363,15,[]
5389,15,[]
5415,15,[]
5441,15,[]
5467,15,[]
5493,13,[]
5517,15,[]
5543,13,[]
5567,14,[]
5592,16,[]
5619,15,[]
5645,14,[]
5670,72,[]
5783,8,[]
5802,22,[1, 2, 3, 4, 5, 6, 7, 8, 9, 10, 11, 12, 13, 14, 15, 16, 17, 18, 19, 20, 21]
5835,19,[]
5865,15,[]
5891,15,[]
5917,18,[]
5946,17,[]
5974,15,[]
6000,17,[]
6028,17,[]
6056,17,[]
6084,14,[]
6109,15,[]
6135,18,[]
6164,17,[]
6192,14,[]
6217,18,[]
6246,16,[]
6273,16,[]
6300,17,[]
6328,17,[]
6356,16,[]
6383,18,[]
6412,15,[]
6438,18,[]
6467,15,[]
6493,16,[]
6520,18,[]
6549,14,[]
6574,63,[]
6678,12,[]
6701,11,[]
6723,14,[]
6748,14,[]
6773,13,[]
6797,15,[]
6823,16,[]
6850,15,[]
6876,15,[]
6902,15,[]
6928,15,[]
6954,16,[]
6981,12,[]
7004,17,[]
7032,16,[]
7059,14,[]
7084,16,[]
7111,16,[]
7138,15,[]
7164,14,[]
7189,16,[]
7216,16,[]
7243,14,[]
7268,16,[]
7295,12,[]
7318,14,[]
7343,17,[]
7371,14,[]
7396,16,[]
7423,71,[]
7535,10,[]
7556,12,[]
7579,13,[]
7603,12,[]
7626,16,[]
7653,11,[]
7675,17,[]
7703,12,[]
7726,13,[]
7750,12,[]
7773,14,[]
7798,17,[]
7826,15,[]
7852,13,[]
7876,15,[]
7902,13,[]
7926,15,[]
7952,13,[]
7976,13,[]
8000,15,[]
8026,13,[]
8050,15,[]
8076,13,[]
8100,15,[]
8126,13,[]
8150,13,[]
8174,15,[]
8200,12,[]
8223,13,[]
0,29,[]
40,3,[]
54,9,[]
74,14,[]
99,15,[]
125,14,[]
150,15,[]
176,9,[]
196,14,[]
221,13,[]
245,15,[]
271,11,[]
293,13,[]
317,12,[]
340,17,[]
368,15,[]
394,17,[]
422,13,[]
446,25,[]
482,21,[]
514,25,[]
550,21,[]
582,23,[]
616,16,[]
643,15,[]
669,16,[]
696,18,[]
725,16,[]
752,19,[]
782,18,[]
811,86,[]
948,13,[]
972,15,[]
998,18,[]
1027,13,[]
1051,24,[]
1086,22,[]
1119,21,[]
1151,21,[]
1183,22,[]
1216,19,[]
1246,21,[]
1278,20,[]
1309,17,[]
1337,23,[]
1371,19,[]
1401,22,[]
1434,18,[]
1463,19,[]
1493,20,[]
1524,21,[]
1556,19,[]
1586,18,[]
1615,19,[]
1645,20,[]
1676,19,[]
1706,18,[]
1735,18,[]
1764,19,[]
1794,17,[]
1822,82,[]
1955,9,[]
1975,10,[]
1996,15,[]
2022,16,[]
2049,25,[]
2085,18,[]
2114,19,[3, 4, 5, 6, 7, 8, 9, 10, 11, 12, 13, 14, 15, 16, 17, 18]
2144,17,[]
2172,18,[]
2201,16,[]
2228,18,[]
2257,17,[]
2285,15,[]
2311,20,[]
2342,15,[]
2368,14,[]
2393,15,[]
2419,15,[]
2445,14,[]
2470,15,[]
2496,12,[]
2519,17,[]
2547,17,[]
2575,16,[]
2602,13,[]
2626,13,[]
2650,12,[]
2673,17,[]
2701,14,[]
2726,71,[]
2848,7,[]
2866,9,[]
2886,10,[]
2907,13,[]
2931,13,[]
2955,15,[]
2981,13,[]
3005,15,[]
3031,12,[]
3054,15,[]
3080,11,[]
3102,13,[]
3126,13,[]
3150,14,[]
3175,13,[]
3199,13,[]
3223,12,[]
3246,13,[]
3270,12,[]
3293,14,[]
3318,11,[]
3340,13,[]
3364,13,[]
3388,15,[]
3414,13,[]
3438,14,[]
3463,12,[]
3486,14,[]
3511,11,[]
3533,71,[]
3655,7,[]
3673,10,[]
3694,10,[]
3715,11,[]
3737,18,[]
3766,12,[]
3789,14,[]
3814,16,[]
3841,13,[]
3865,14,[]
3890,13,[]
3914,14,[]
3939,13,[]
3963,14,[]
3988,13,[]
4012,13,[]
4036,13,[]
4060,12,[]
4083,13,[]
4107,13,[]
4131,12,[]
4154,15,[]
4180,12,[]
4203,14,[]
4228,13,[]
4252,15,[0, 1, 2, 3, 4, 5, 6, 7, 8, 9, 10, 11, 12, 13, 14]
4278,14,[]
4303,17,[]
4331,14,[]
4356,81,[]
4488,8,[]
4507,10,[]
4528,10,[]
4549,14,[]
4574,15,[]
4600,16,[]
4627,14,[]
4652,17,[]
4680,15,[]
4706,15,[]
4732,15,[]
4758,16,[]
4785,15,[]
4811,17,[]
4839,15,[]
4865,16,[]
4892,15,[]
4918,17,[]
4946,16,[]
4973,15,[]
4999,15,[]
5025,16,[]
5052,14,[]
5077,14,[]
5102,12,[]
5125,17,[]
5153,14,[]
5178,16,[]
5205,13,[]
5229,81,[]
5361,9,[]
5381,12,[]
5404,14,[]
5429,15,[]
5455,20,[]
5486,18,[]
5515,17,[]
5543,19,[]
5573,16,[]
5600,17,[]
5628,17,[]
5656,17,[]
5684,15,[]
5710,17,[]
5738,18,[]
5767,18,[]
5796,16,[]
5823,17,[]
5851,15,[]
5877,15,[]
5903,16,[]
5930,15,[]
5956,16,[0, 1, 2, 3, 4, 5, 6, 7, 8, 9, 10, 11, 12, 13, 14, 15]
5983,17,[]
6011,17,[]
6039,15,[]
6065,14,[]
6090,13,[]
6114,15,[]
6140,73,[]
6264,6,[]
6281,9,[]
6301,9,[]
6321,13,[]
6345,14,[]
6370,14,[]
6395,12,[]
6418,15,[]
6444,10,[]
6465,13,[0, 1, 2, 3, 4, 5, 6, 7, 8, 9, 10, 11, 12]
6489,12,[]
6512,14,[]
6537,12,[]
6560,13,[]
6584,13,[]
6608,15,[]
6634,14,[]
6659,14,[]
6684,12,[]
6707,15,[]
6733,13,[]
6757,18,[]
6786,16,[]
6813,14,[]
6838,16,[]
6865,14,[]
6890,15,[]
6916,15,[]
6942,13,[]
6966,74,[]
7091,5,[]
7107,7,[]
7125,8,[]
7144,12,[]
7167,15,[]
7193,14,[]
7218,12,[]
7241,12,[]
7264,14,[]
7289,13,[]
7313,11,[]
7335,13,[]
7359,13,[]
7383,16,[]
7410,13,[]
7434,15,[]
7460,13,[]
7484,15,[]
7510,13,[]
7534,15,[]
7560,14,[]
7585,13,[]
7609,16,[]
7636,15,[]
7662,13,[]
7686,17,[]
7714,16,[]
7741,18,[]
7770,15,[]
7796,84,[]
7931,5,[]
7947,8,[]
7966,10,[]
7987,13,[]
8011,16,[]
8038,9,[]
8058,12,[]
8081,11,[]
8103,12,[]
8126,14,[]
8151,14,[]
8176,14,[0, 1, 2, 3, 4, 5, 6, 7, 8, 9, 10, 11, 12, 13]
8201,13,[]
8225,13,[]
8249,14,[]
8274,17,[]
8302,14,[]
8327,16,[]
8354,14,[]
8379,15,[]
8405,13,[]
8429,13,[]
8453,13,[]
8477,16,[]
8504,14,[]
8529,14,[]
8554,12,[]
8577,15,[]
8603,13,[]
0,33,[20, 21, 22, 23, 24, 25, 26, 27, 28, 29, 30, 31, 32]
44,3,[]
58,6,[]
75,11,[]
97,11,[]
119,14,[]
144,13,[]
168,12,[]
191,11,[]
213,14,[]
238,16,[]
265,9,[]
285,9,[]
305,9,[]
325,10,[]
346,16,[]
373,18,[]
402,17,[]
430,18,[]
459,17,[]
487,14,[]
512,16,[]
539,16,[]
566,18,[]
595,20,[]
626,21,[]
658,15,[]
684,15,[]
710,17,[]
738,17,[]
766,77,[]
887,15,[]
913,11,[]
935,15,[]
961,9,[]
981,15,[]
1007,17,[]
1035,16,[]
1062,16,[]
1089,14,[]
1114,16,[]
1141,17,[]
1169,18,[]
1198,18,[]
1227,18,[]
1256,18,[]
1285,19,[]
1315,19,[]
1345,19,[]
1375,18,[]
1404,16,[]
1431,19,[]
1461,14,[]
1486,17,[]
1514,15,[]
1540,17,[]
1568,16,[]
1595,15,[]
1621,18,[]
1650,15,[]
1676,75,[]
1795,7,[]
1813,12,[]
1836,12,[]
1859,17,[]
1887,15,[]
1913,13,[]
1937,12,[]
1960,13,[]
1984,12,[]
2007,14,[]
2032,15,[]
2058,16,[]
2085,13,[]
2109,12,[]
2132,12,[]
2155,11,[]
2177,10,[]
2198,13,[]
2222,10,[]
2243,14,[]
2268,13,[]
2292,11,[]
2314,11,[]
2336,12,[]
2359,14,[]
2384,15,[]
2410,16,[]
2437,17,[]
2465,13,[]
2489,91,[]
2624,4,[]
2639,7,[]
2657,11,[]
2679,14,[]
2704,14,[]
2729,18,[]
2758,17,[]
2786,18,[]
2815,17,[]
2843,16,[]
2870,15,[]
2896,15,[]
2922,15,[]
2948,15,[]
2974,15,[]
3000,15,[]
3026,18,[]
3055,16,[]
3082,16,[]
3109,15,[]
3135,16,[]
3162,17,[]
3190,19,[]
3220,18,[]
3249,19,[]
3279,17,[]
3307,15,[]
3333,16,[]
3360,17,[]
3388,59,[]
3491,6,[]
3508,10,[]
3529,13,[]
3553,16,[]
3580,14,[]
3605,15,[]
3631,14,[]
3656,16,[]
3683,12,[]
3706,15,[]
3732,16,[]
3759,16,[]
3786,17,[]
3814,15,[]
3840,16,[]
3867,16,[0, 1, 2, 3, 4, 5, 6, 7, 8, 9, 10, 11, 12, 13, 14, 15]
3894,14,[]
3919,16,[]
3946,16,[]
3973,18,[]
4002,16,[]
4029,17,[]
4057,17,[]
4085,18,[]
4114,17,[]
4142,14,[]
4167,13,[]
4191,18,[]
4220,14,[]
4245,57,[]
4346,9,[]
4366,12,[]
4389,12,[]
4412,13,[]
4436,15,[]
4462,15,[]
4488,15,[]
4514,16,[]
4541,14,[]
4566,15,[]
4592,13,[]
4616,16,[]
4643,14,[]
4668,15,[]
4694,13,[]
4718,15,[]
4744,17,[]
4772,17,[]
4800,14,[]
4825,17,[]
4853,15,[]
4879,17,[2, 3, 4, 5, 6, 7, 8, 9, 10, 11, 12, 13, 14, 15, 16]
4907,18,[]
4936,17,[]
4964,19,[]
4994,16,[]
5021,14,[]
5046,14,[]
5071,15,[]
5097,40,[]
5181,14,[]
5206,12,[]
5229,14,[]
5254,14,[]
5279,15,[]
5305,15,[]
5331,13,[]
5355,13,[]
5379,15,[]
5405,13,[]
5429,13,[]
5453,17,[]
5481,17,[]
5509,14,[]
5534,13,[]
5558,19,[]
5588,15,[]
5614,15,[]
5640,14,[]
5665,18,[]
5694,13,[]
5718,14,[]
5743,17,[]
5771,15,[]
5797,13,[]
5821,15,[]
5847,14,[]
5872,14,[]
5897,14,[]
5922,64,[]
6030,8,[]
6049,11,[]
6071,9,[]
6091,11,[]
6113,9,[]
6133,12,[]
6156,11,[]
6178,10,[]
6199,12,[]
6222,14,[]
6247,12,[]
6270,13,[]
6294,13,[]
6318,14,[]
6343,12,[]
6366,15,[]
6392,11,[]
6414,13,[]
6438,13,[]
6462,15,[]
6488,14,[]
6513,18,[]
6542,16,[]
6569,17,[]
6597,16,[]
6624,15,[]
6650,15,[]
6676,17,[]
6704,13,[]
6728,73,[]
6845,8,[]
6864,12,[0, 1, 2, 3, 4, 5, 6, 7, 8, 9, 10, 11]
6887,12,[]
6910,15,[]
6936,15,[]
6962,15,[]
6988,11,[]
7010,15,[]
7036,14,[]
7061,15,[]
7087,15,[]
7113,13,[]
7137,14,[]
7162,14,[]
7187,14,[]
7212,18,[]
7241,15,[]
7267,14,[]
7292,15,[]
7318,18,[]
7347,16,[]
7374,13,[]
7398,14,[]
7423,15,[]
7449,14,[]
7474,14,[]
7499,15,[]
7525,14,[]
7550,14,[]
7575,64,[]
7683,10,[]
7704,12,[]
7727,14,[]
7752,15,[]
7778,13,[]
7802,13,[]
7826,14,[]
7851,16,[]
7878,15,[]
7904,15,[]
7930,15,[]
7956,16,[]
7983,14,[]
8008,16,[]
8035,16,[]
8062,17,[]
8090,14,[]
8115,13,[]
8139,14,[]
8164,15,[]
8190,17,[]
8218,17,[]
8246,16,[]
8273,17,[]
8301,17,[]
8329,17,[]
8357,17,[]
8385,18,[0, 1, 2, 8, 9, 10, 11, 12, 13, 14, 15, 16]
8414,17,[]
0,44,[]
104,8,[]
123,14,[]
148,14,[]
173,8,[]
192,17,[]
220,16,[]
247,15,[]
273,17,[]
301,16,[]
328,7,[]
346,15,[]
372,18,[]
401,16,[]
428,7,[]
446,15,[]
472,17,[]
500,15,[]
526,17,[]
554,12,[]
577,20,[]
608,18,[]
637,20,[]
668,9,[]
688,23,[]
722,9,[]
742,17,[]
770,17,[]
798,19,[]
828,10,[]
849,122,[]
1031,16,[]
1058,18,[]
1087,18,[]
1116,9,[]
1136,9,[]
1156,16,[]
1183,16,[]
1210,17,[]
1238,9,[]
1258,17,[]
1286,19,[]
1316,19,[]
1346,19,[]
1376,11,[]
1398,22,[]
1431,19,[]
1461,17,[]
1489,17,[]
1517,16,[]
1544,12,[]
1567,16,[]
1594,21,[]
1626,22,[]
1659,5,[]
1675,16,[]
1702,18,[]
1731,18,[]
1760,19,[]
1790,15,[]
1816,83,[]
1959,10,[]
1980,14,[]
2005,15,[]
2031,9,[]
2051,17,[]
2079,16,[]
2106,16,[]
2133,14,[]
2158,15,[]
2184,12,[]
2207,13,[]
2231,14,[]
2256,16,[]
2283,11,[]
2305,14,[]
2330,16,[]
2357,13,[]
2381,15,[]
2407,11,[]
2429,16,[]
2456,14,[]
2481,16,[]
2508,12,[]
2531,16,[]
2558,13,[]
2582,14,[]
2607,14,[]
2632,15,[]
2658,11,[]
2680,91,[]
2831,8,[]
2850,11,[]
2872,9,[]
2892,11,[]
2914,14,[]
2939,13,[]
2963,14,[]
2988,14,[]
3013,12,[]
3036,14,[]
3061,15,[]
3087,15,[]
3113,13,[]
3137,10,[]
3158,14,[]
3183,14,[]
3208,14,[]
3233,13,[]
3257,16,[]
3284,9,[]
3304,15,[]
3330,13,[]
3354,17,[]
3382,9,[]
3402,15,[]
3428,15,[]
3454,13,[]
3478,14,[0, 1, 2, 3, 4, 5, 6, 7, 8, 9, 10, 11]
3503,13,[]
3527,105,[]
3692,6,[]
3709,10,[]
3730,13,[]
3754,6,[]
3771,12,[]
3794,16,[]
3821,11,[]
3843,17,[]
3871,14,[]
3896,13,[]
3920,13,[]
3944,29,[]
3984,22,[]
4017,8,[]
4036,19,[]
4066,18,[]
4095,16,[]
4122,20,[]
4153,6,[]
4170,17,[]
4198,19,[]
4228,18,[]
4257,18,[]
4286,18,[]
4315,9,[]
4335,19,[]
4365,19,[]
4395,17,[]
4423,9,[]
4443,68,[]
4571,14,[1, 2, 3, 4, 5, 6, 7, 8, 9, 10, 11, 12, 13]
4596,15,[]
4622,16,[]
4649,16,[]
4676,10,[]
4697,16,[]
4724,17,[]
4752,18,[]
4781,11,[]
4803,19,[]
4833,17,[]
4861,20,[]
4892,16,[]
4919,8,[]
4938,18,[]
4967,21,[]
4999,17,[]
5027,18,[]
5056,18,[]
5085,9,[]
5105,17,[]
5133,16,[]
5160,18,[]
5189,7,[]
5207,19,[]
5237,15,[]
5263,17,[]
5291,15,[]
5317,19,[]
5347,81,[]
5488,5,[]
5504,9,[]
5524,11,[]
5546,9,[]
5566,13,[]
5590,14,[]
5615,11,[]
5637,14,[]
5662,14,[]
5687,8,[]
5706,15,[]
5732,15,[]
5758,14,[]
5783,7,[]
5801,15,[]
5827,14,[]
5852,12,[]
5875,15,[]
5901,12,[]
5924,18,[]
5953,13,[]
5977,14,[]
6002,13,[]
6026,16,[]
6053,12,[]
6076,14,[]
6101,16,[]
6128,18,[]
6157,7,[]
6175,85,[]
6320,8,[]
6339,11,[]
6361,11,[]
6383,13,[]
6407,10,[]
6428,13,[]
6452,14,[]
6477,16,[]
6504,11,[]
6526,13,[]
6550,15,[]
6576,15,[]
6602,13,[]
6626,17,[]
6654,7,[]
6672,17,[]
6700,17,[]
6728,13,[]
6752,20,[]
6783,8,[]
6802,17,[]
6830,11,[]
6852,16,[]
6879,9,[]
6899,14,[]
6924,13,[]
6948,16,[1, 2, 3, 4, 5, 6, 7, 8, 9, 10, 11, 12, 13, 14, 15]
6975,12,[]
6998,17,[]
7026,95,[]
7181,5,[]
7197,9,[]
7217,11,[]
7239,10,[]
7260,12,[]
7283,16,[]
7310,12,[]
7333,17,[]
7361,16,[]
7388,7,[]
7406,12,[]
7429,16,[]
7456,13,[]
7480,10,[]
7501,11,[]
7523,16,[]
7550,13,[]
7574,18,[]
7603,6,[]
7620,19,[]
7650,13,[]
7674,19,[1, 2, 3, 4, 5, 6, 7, 8, 9, 10, 11, 12]
7704,15,[]
7730,17,[]
7758,8,[]
7777,18,[]
7806,12,[]
7829,14,[]
7854,9,[]
7874,98,[]
8032,6,[]
8049,10,[]
8070,11,[]
8092,10,[]
8113,12,[]
8136,14,[]
8161,14,[]
8186,17,[]
8214,7,[]
8232,17,[1, 2, 3, 4, 5, 6, 7, 8, 9, 10, 11, 12, 13, 14, 15, 16]
8260,14,[]
8285,17,[]
8313,13,[]
8337,15,[]
8363,9,[]
8383,18,[]
8412,17,[]
8440,20,[]
8471,16,[]
8498,8,[]
8517,20,[]
8548,17,[]
8576,20,[]
8607,8,[]
8626,18,[]
8655,19,[]
8685,14,[]
8710,16,[]
8737,10,[]
0,33,[]
44,7,[]
62,13,[]
86,15,[]
112,17,[]
140,16,[]
167,24,[]
202,17,[]
230,15,[]
256,11,[]
278,16,[]
305,16,[]
332,17,[]
360,12,[]
383,13,[]
407,14,[]
432,16,[]
459,14,[]
484,14,[]
509,12,[]
532,13,[]
556,12,[]
579,19,[]
609,16,[]
636,18,[]
665,18,[]
694,13,[]
718,13,[]
742,17,[]
770,15,[]
796,82,[]
923,15,[]
949,11,[]
971,6,[]
988,8,[]
1007,8,[]
1026,15,[]
1052,10,[]
1073,15,[]
1099,14,[]
1124,16,[]
1151,14,[]
1176,16,[]
1203,17,[]
1231,17,[]
1259,7,[]
1277,18,[]
1306,21,[]
1338,18,[]
1367,18,[]
1396,18,[]
1425,19,[]
1455,20,[]
1486,18,[]
1515,20,[]
1546,18,[]
1575,17,[]
1603,11,[]
1625,23,[]
1659,12,[]
1682,67,[]
1794,11,[]
1816,16,[]
1843,14,[]
1868,15,[]
1894,15,[]
1920,18,[]
1949,18,[]
1978,20,[]
2009,12,[]
2032,22,[]
2065,15,[]
2091,15,[]
2117,17,[]
2145,17,[]
2173,14,[]
2198,15,[]
2224,16,[]
2251,17,[]
2279,16,[]
2306,17,[]
2334,12,[]
2357,17,[]
2385,16,[]
2412,17,[]
2440,14,[]
2465,17,[]
2493,16,[]
2520,18,[]
2549,13,[]
2573,68,[]
2686,8,[]
2705,14,[]
2730,6,[]
2747,15,[]
2773,15,[]
2799,17,[]
2827,14,[]
2852,18,[]
2881,15,[]
2907,14,[]
2932,14,[]
2957,15,[]
2983,15,[]
3009,16,[]
3036,11,[]
3058,21,[]
3090,17,[]
3118,23,[]
3152,15,[0, 1, 2, 3, 4, 5, 6, 7, 8, 9, 10, 11, 12, 13, 14]
3178,16,[]
3205,13,[]
3229,14,[]
3254,15,[]
3280,16,[]
3307,13,[]
3331,16,[]
3358,12,[]
3381,17,[]
3409,18,[]
3438,69,[]
3552,9,[]
3572,14,[]
3597,14,[]
3622,17,[]
3650,15,[]
3676,15,[]
3702,17,[]
3730,18,[]
3759,11,[]
3781,19,[]
3811,9,[]
3831,23,[]
3865,15,[]
3891,16,[]
3918,15,[]
3944,17,[]
3972,16,[]
3999,17,[]
4027,17,[]
4055,19,[]
4085,12,[]
4108,21,[]
4140,19,[]
4170,19,[]
4200,19,[]
4230,20,[]
4261,18,[]
4290,18,[]
4319,18,[]
4348,63,[]
4456,10,[]
4477,13,[]
4501,6,[]
4518,17,[]
4546,14,[]
4571,16,[]
4598,17,[]
4626,16,[]
4653,14,[]
4678,15,[]
4704,15,[]
4730,16,[]
4757,15,[]
4783,15,[]
4809,13,[]
4833,18,[]
4862,17,[]
4890,13,[0, 1, 2, 3, 4, 5, 6, 7, 8, 9, 10, 11, 12]
4914,17,[]
4942,14,[]
4967,14,[]
4992,14,[]
5017,13,[]
5041,13,[]
5065,12,[]
5088,12,[]
5111,15,[]
5137,14,[]
5162,12,[]
5185,72,[]
5302,8,[]
5321,13,[]
5345,13,[]
5369,15,[]
5395,14,[]
5420,14,[]
5445,14,[]
5470,14,[]
5495,12,[]
5518,15,[]
5544,17,[]
5572,14,[]
5597,14,[]
5622,17,[]
5650,14,[]
5675,14,[]
5700,13,[]
5724,17,[]
5752,14,[]
5777,15,[]
5803,8,[]
5822,16,[]
5849,17,[]
5877,14,[]
5902,13,[]
5926,13,[]
5950,14,[]
5975,14,[]
6000,14,[]
6025,63,[]
6133,8,[]
6152,12,[]
6175,6,[]
6192,15,[]
6218,13,[]
6242,14,[]
6267,14,[]
6292,14,[]
6317,14,[]
6342,15,[]
6368,15,[]
6394,15,[]
6420,15,[]
6446,15,[]
6472,12,[]
6495,20,[]
6526,15,[]
6552,15,[]
6578,13,[]
6602,13,[]
6626,14,[]
6651,14,[]
6676,13,[]
6700,13,[]
6724,14,[]
6749,14,[]
6774,14,[]
6799,15,[]
6825,17,[]
6853,72,[]
6970,9,[]
6990,13,[0, 1, 2, 3, 4, 5, 6, 7, 8, 9, 10, 11]
7014,14,[]
7039,14,[]
7064,13,[]
7088,14,[]
7113,12,[]
7136,15,[]
7162,10,[]
7183,20,[]
7214,16,[]
7241,18,[]
7270,16,[]
7297,16,[]
7324,16,[]
7351,14,[]
7376,14,[]
7401,18,[]
7430,17,[]
7458,17,[]
7486,12,[]
7509,19,[]
7539,20,[]
7570,10,[]
7591,20,[]
7622,16,[]
7649,15,[]
7675,16,[]
7702,16,[]
7729,62,[]
7836,9,[]
7856,12,[]
7879,6,[]
7896,17,[]
7924,18,[]
7953,14,[]
7978,15,[]
8004,15,[]
8030,13,[]
8054,13,[]
8078,14,[]
8103,16,[]
8130,15,[]
8156,14,[]
8181,12,[]
8204,20,[]
8235,5,[]
8251,17,[]
8279,16,[]
8306,15,[]
8332,15,[]
8358,15,[]
8384,14,[]
8409,16,[]
8436,13,[]
8460,15,[]
8486,13,[]
8510,15,[]
8536,15,[]
0,41,[]
115,1,[]
126,10,[]
146,10,[]
166,14,[]
190,13,[]
213,10,[]
233,14,[]
257,10,[]
277,16,[]
303,14,[]
327,16,[]
353,20,[]
383,13,[]
406,10,[]
426,13,[]
449,11,[]
470,16,[]
496,12,[]
518,12,[]
540,13,[]
563,10,[]
583,14,[]
607,13,[]
630,14,[]
654,15,[]
679,10,[]
699,10,[]
719,13,[]
742,15,[]
767,120,[]
961,11,[]
982,7,[]
999,12,[]
1021,2,[]
1033,7,[]
1050,10,[]
1070,15,[]
1095,15,[]
1120,12,[]
1142,14,[]
1166,9,[]
1185,17,[]
1212,8,[]
1230,15,[]
1255,13,[]
1278,12,[]
1300,11,[]
1321,17,[]
1348,11,[]
1369,20,[]
1399,11,[]
1420,13,[]
1443,16,[]
1469,14,[]
1493,17,[]
1520,16,[]
1546,12,[]
1568,20,[]
1598,11,[]
1619,120,[]
1813,5,[]
1828,12,[]
1850,15,[]
1875,10,[]
1895,13,[]
1918,12,[]
1940,15,[]
1965,9,[]
1984,9,[]
2003,17,[]
2030,15,[]
2055,11,[]
2076,15,[]
2101,14,[]
2125,17,[]
2152,14,[]
2176,13,[]
2199,15,[]
2224,15,[]
2249,13,[]
2272,15,[]
2297,14,[]
2321,21,[]
2352,10,[]
2372,15,[]
2397,16,[]
2423,18,[]
2451,14,[]
2475,18,[]
2503,121,[]
2698,3,[]
2711,17,[]
2738,11,[]
2759,17,[]
2786,14,[]
2810,11,[]
2831,16,[]
2857,14,[]
2881,18,[]
2909,16,[]
2935,16,[]
2961,17,[]
2988,14,[]
3012,13,[]
3035,17,[]
3062,15,[]
3087,16,[]
3113,14,[]
3137,17,[]
3164,14,[]
3188,19,[]
3217,20,[]
3247,16,[]
3273,13,[]
3296,19,[]
3325,17,[]
3352,19,[]
3381,15,[]
3406,16,[]
3432,120,[]
3626,4,[]
3640,12,[]
3662,12,[]
3684,16,[]
3710,16,[]
3736,13,[]
3759,15,[]
3784,16,[]
3810,13,[]
3833,14,[]
3857,14,[]
3881,18,[]
3909,15,[]
3934,15,[]
3959,16,[]
3985,13,[]
4008,16,[]
4034,25,[]
4069,14,[]
4093,12,[]
4115,13,[]
4138,12,[]
4160,14,[]
4184,20,[]
4214,17,[]
4241,19,[0, 1, 2, 3, 4, 5, 6, 7, 8, 9, 10, 11, 12, 13, 14, 15]
4270,13,[]
4293,14,[]
4317,15,[]
4342,118,[]
4534,5,[]
4549,13,[]
4572,13,[]
4595,14,[]
4619,13,[]
4642,18,[]
4670,15,[]
4695,17,[]
4722,14,[]
4746,14,[]
4770,13,[]
4793,12,[]
4815,15,[]
4840,14,[]
4864,19,[]
4893,11,[]
4914,17,[]
4941,15,[0, 1, 2, 3, 4, 5, 6, 7, 8, 9, 10, 11, 12, 13, 14]
4966,17,[]
4993,14,[]
5017,17,[]
5044,15,[]
5069,18,[]
5097,14,[]
5121,15,[]
5146,14,[]
5170,15,[]
5195,14,[]
5219,16,[]
5245,106,[]
5425,3,[]
5438,9,[]
5457,8,[]
5475,9,[]
5494,8,[]
5512,8,[]
5530,9,[]
5549,11,[]
5570,14,[]
5594,11,[]
5615,13,[]
5638,12,[]
5660,19,[]
5689,12,[]
5711,15,[]
5736,13,[]
5759,12,[]
5781,15,[]
5806,12,[]
5828,14,[]
5852,17,[]
5879,14,[]
5903,14,[]
5927,14,[]
5951,12,[]
5973,17,[]
6000,14,[]
6024,13,[]
6047,12,[]
6069,108,[]
6251,2,[]
6263,6,[]
6279,9,[]
6298,9,[]
6317,11,[]
6338,11,[]
6359,11,[]
6380,19,[]
6409,13,[]
6432,12,[]
6454,14,[]
6478,16,[]
6504,12,[]
6526,16,[]
6552,14,[]
6576,14,[]
6600,12,[]
6622,15,[]
6647,16,[]
6673,18,[]
6701,16,[]
6727,14,[]
6751,13,[]
6774,15,[]
6799,16,[]
6825,17,[]
6852,17,[]
6879,20,[5, 6, 7, 8, 9, 10, 11, 12, 13, 14, 15]
6909,12,[]
6931,113,[]
7118,4,[]
7132,14,[]
7156,11,[]
7177,7,[]
7194,10,[]
7214,10,[]
7234,8,[]
7252,12,[]
7274,15,[]
7299,14,[]
7323,14,[]
7347,16,[]
7373,13,[]
7396,14,[]
7420,12,[]
7442,15,[]
7467,13,[]
7490,16,[]
7516,15,[]
7541,17,[]
7568,12,[]
7590,14,[]
7614,15,[]
7639,17,[]
7666,15,[]
7691,16,[]
7717,13,[]
7740,16,[]
7766,16,[]
7792,110,[]
7976,2,[]
7988,10,[]
8008,8,[]
8026,11,[]
8047,9,[]
8066,10,[]
8086,14,[]
8110,13,[]
8133,9,[]
8152,11,[]
8173,9,[]
8192,15,[]
8217,14,[]
8241,10,[]
8261,13,[]
8284,13,[]
8307,14,[]
8331,12,[]
8353,10,[]
8373,13,[]
8396,13,[]
8419,12,[]
8441,11,[]
8462,13,[]
8485,13,[]
8508,15,[]
8533,12,[]
8555,11,[]
8576,13,[]
0,60,[]
101,15,[]
127,16,[]
154,3,[]
168,13,[]
192,18,[]
221,19,[]
251,16,[]
278,20,[]
309,17,[]
337,15,[]
363,18,[]
392,19,[]
422,17,[]
450,19,[]
480,25,[]
516,15,[]
542,15,[]
568,15,[]
594,15,[]
620,17,[]
648,16,[]
675,17,[]
703,18,[]
732,16,[]
759,19,[]
789,16,[]
816,18,[]
845,17,[]
873,21,[]
905,96,[]
1042,17,[]
1070,18,[]
1099,21,[]
1131,16,[]
1158,14,[]
1183,17,[]
1211,16,[]
1238,17,[]
1266,15,[]
1292,15,[]
1318,16,[]
1345,12,[]
1368,13,[]
1392,15,[]
1418,16,[]
1445,16,[]
1472,17,[]
1500,16,[]
1527,16,[]
1554,16,[]
1581,13,[]
1605,15,[0, 1, 2, 3, 4, 5, 6, 7, 8, 9, 10, 11, 12, 13, 14]
1631,16,[]
1658,19,[]
1688,20,[]
1719,18,[]
1748,18,[]
1777,20,[]
1808,18,[]
1837,66,[]
1944,13,[]
1968,14,[]
1993,16,[]
2020,16,[]
2047,15,[]
2073,15,[]
2099,19,[]
2129,15,[]
2155,12,[]
2178,14,[]
2203,15,[]
2229,17,[]
2257,16,[]
2284,14,[]
2309,19,[]
2339,15,[]
2365,14,[]
2390,19,[]
2420,15,[]
2446,15,[]
2472,17,[]
2500,18,[]
2529,19,[]
2559,19,[]
2589,20,[]
2620,17,[]
2648,16,[]
2675,16,[]
2702,14,[]
2727,44,[]
2812,11,[]
2834,13,[]
2858,16,[]
2885,14,[]
2910,16,[]
2937,16,[]
2964,16,[]
2991,15,[]
3017,14,[]
3042,13,[]
3066,11,[]
3088,14,[]
3113,11,[]
3135,13,[]
3159,17,[]
3187,14,[]
3212,15,[]
3238,18,[]
3267,12,[]
3290,13,[]
3314,13,[]
3338,15,[]
3364,16,[]
3391,15,[]
3417,14,[]
3442,16,[]
3469,14,[]
3494,20,[]
3525,16,[]
3552,46,[]
3639,15,[]
3665,19,[]
3695,21,[]
3727,17,[]
3755,17,[]
3783,14,[]
3808,17,[]
3836,15,[]
3862,17,[]
3890,17,[]
3918,16,[]
3945,18,[]
3974,15,[]
4000,16,[]
4027,15,[]
4053,16,[]
4080,15,[]
4106,13,[]
4130,15,[0, 1, 2, 3, 4, 5, 6, 7, 8, 9, 10, 11, 12, 13, 14]
4156,17,[]
4184,16,[]
4211,21,[]
4243,14,[]
4268,15,[]
4294,15,[]
4320,16,[]
4347,14,[]
4372,15,[]
4398,15,[]
4424,60,[]
4525,9,[]
4545,12,[]
4568,11,[]
4590,14,[]
4615,15,[]
4641,16,[0, 1, 2, 3, 4, 5, 6, 7, 8, 9, 10, 11]
4668,20,[]
4699,16,[]
4726,15,[]
4752,15,[]
4778,13,[]
4802,14,[]
4827,12,[]
4850,14,[]
4875,12,[]
4898,15,[]
4924,14,[0, 1, 2, 3, 4, 5, 6, 7, 8, 9, 10, 11, 12, 13]
4949,15,[]
4975,12,[]
4998,14,[]
5023,17,[]
5051,16,[]
5078,14,[]
5103,14,[]
5128,14,[]
5153,16,[]
5180,17,[]
5208,19,[]
5238,18,[]
5267,63,[]
5371,9,[]
5391,11,[]
5413,8,[]
5432,9,[]
5452,9,[]
5472,9,[]
5492,11,[]
5514,10,[]
5535,14,[]
5560,13,[]
5584,12,[]
5607,12,[]
5630,13,[]
5654,11,[]
5676,14,[]
5701,12,[]
5724,15,[]
5750,16,[]
5777,16,[]
5804,13,[]
5828,15,[]
5854,14,[]
5879,16,[]
5906,18,[]
5935,16,[]
5962,16,[]
5989,16,[]
6016,16,[]
6043,16,[]
6070,62,[]
6173,8,[]
6192,10,[]
6213,11,[]
6235,14,[]
6260,11,[]
6282,10,[]
6303,13,[]
6327,12,[]
6350,12,[]
6373,20,[]
6404,14,[]
6429,12,[]
6452,15,[]
6478,14,[]
6503,16,[]
6530,18,[]
6559,17,[]
6587,18,[]
6616,15,[]
6642,15,[]
6668,16,[]
6695,17,[]
6723,16,[]
6750,15,[]
6776,16,[]
6803,17,[]
6831,17,[]
6859,18,[]
6888,17,[]
6916,46,[]
7003,14,[]
7028,3,[]
7042,15,[]
7068,14,[]
7093,12,[]
7116,11,[]
7138,12,[]
7161,15,[]
7187,14,[]
7212,14,[]
7237,13,[]
7261,12,[]
7284,13,[]
7308,13,[]
7332,16,[]
7359,13,[]
7383,13,[]
7407,13,[]
7431,13,[]
7455,13,[]
7479,14,[]
7504,16,[]
7531,13,[]
7555,15,[]
7581,15,[]
7607,16,[]
7634,14,[]
7659,15,[]
7685,19,[]
7715,46,[]
7802,7,[]
7820,9,[]
7840,11,[]
7862,10,[]
7883,13,[]
7907,11,[]
7929,11,[]
7951,12,[]
7974,11,[]
7996,10,[]
8017,11,[]
8039,10,[]
8060,12,[]
8083,10,[]
8104,13,[]
8128,11,[]
8150,11,[]
8172,12,[]
8195,14,[]
8220,13,[]
8244,15,[]
8270,14,[]
8295,15,[]
8321,16,[]
8348,15,[]
8374,15,[]
8400,12,[]
8423,13,[]
8447,14,[]
0,72,[]
187,1,[]
197,2,[]
208,2,[]
219,1,[]
229,19,[]
257,5,[]
271,6,[]
286,2,[]
297,3,[]
309,4,[]
322,19,[]
350,16,[]
375,9,[]
393,13,[]
415,4,[]
428,5,[]
442,4,[]
455,13,[]
477,4,[]
490,5,[]
504,11,[]
524,21,[]
554,8,[]
571,16,[]
596,34,[]
639,4,[]
652,13,[]
674,13,[]
696,36,[]
847,272,[]
1234,4,[]
1247,16,[]
1272,2,[]
1283,11,[]
1303,4,[]
1316,3,[]
1328,8,[]
1345,16,[]
1370,13,[]
1392,12,[]
1413,24,[]
1446,11,[]
1466,21,[]
1496,8,[]
1513,30,[]
1552,9,[]
1570,14,[]
1593,16,[]
1618,29,[]
1656,7,[]
1672,23,[]
1704,8,[]
1721,8,[]
1738,9,[]
1756,16,[]
1781,17,[]
1807,19,[]
1835,48,[]
1998,19,[]
2026,150,[]
2291,1,[]
2301,1,[]
2311,1,[]
2321,1,[]
2331,14,[]
2354,8,[]
2371,6,[]
2386,18,[]
2413,5,[]
2427,22,[]
2458,4,[]
2471,43,[]
2629,7,[]
2645,33,[]
2687,6,[]
2702,6,[]
2717,22,[]
2748,6,[]
2763,8,[]
2780,11,[]
2800,15,[]
2824,18,[]
2851,29,[]
2889,7,[]
2905,5,[]
2919,21,[]
2949,7,[]
2965,13,[]
2987,16,[]
3012,175,[]
3302,1,[]
3312,5,[]
3326,4,[]
3339,4,[]
3352,11,[]
3372,4,[]
3385,5,[]
3399,2,[]
3410,15,[]
3434,6,[]
3449,7,[]
3465,10,[]
3484,9,[]
3502,22,[]
3533,8,[]
3550,19,[]
3578,11,[]
3598,29,[]
3636,8,[]
3653,19,[]
3681,12,[]
3702,12,[]
3723,16,[]
3748,14,[]
3771,18,[]
3798,14,[]
3821,22,[]
3852,4,[]
3865,16,[]
3890,183,[]
4188,1,[]
4198,8,[]
4215,6,[]
4230,4,[]
4243,8,[]
4260,13,[]
4282,6,[]
4297,8,[]
4314,7,[]
4330,9,[]
4348,13,[]
4370,6,[]
4385,16,[]
4410,9,[]
4428,7,[]
4444,10,[]
4463,20,[]
4492,9,[]
4510,9,[]
4528,26,[]
4563,9,[]
4581,12,[]
4602,14,[]
4625,11,[]
4645,16,[]
4670,20,[]
4699,3,[]
4711,6,[]
4726,18,[]
4753,178,[]
5046,5,[]
5060,3,[]
5072,5,[]
5086,5,[]
5100,3,[]
5112,5,[]
5126,16,[]
5151,15,[]
5175,7,[]
5191,7,[]
5207,9,[]
5225,9,[]
5243,9,[]
5261,24,[]
5294,8,[]
5311,22,[]
5342,16,[]
5367,3,[]
5379,15,[]
5403,9,[]
5421,8,[]
5438,11,[]
5458,12,[]
5479,13,[]
5501,18,[]
5528,36,[]
5679,7,[]
5695,21,[]
5725,7,[]
5741,144,[]
6000,1,[]
6010,8,[]
6027,2,[]
6038,4,[]
6051,14,[]
6074,6,[]
6089,8,[]
6106,9,[]
6124,18,[]
6151,6,[]
6166,7,[]
6182,9,[]
6200,19,[]
6228,17,[]
6254,6,[]
6269,7,[]
6285,12,[]
6306,12,[]
6327,13,[]
6349,24,[]
6382,4,[]
6395,8,[]
6412,22,[]
6443,9,[]
6461,28,[4, 5, 6, 7, 8, 9, 10, 11, 12, 13, 14, 15, 16, 17, 18, 19, 20]
6498,2,[]
6509,10,[]
6528,12,[]
6549,8,[]
6566,163,[]
6844,16,[]
6869,6,[]
6884,6,[]
6899,9,[]
6917,8,[]
6934,12,[]
6955,6,[]
6970,16,[]
6995,6,[]
7010,8,[]
7027,17,[]
7053,2,[]
7064,18,[]
7091,7,[]
7107,6,[]
7122,9,[]
7140,20,[]
7169,4,[]
7182,10,[]
7201,24,[]
7234,7,[]
7250,4,[]
7263,10,[]
7282,19,[]
7310,7,[]
7326,7,[]
7342,5,[]
7356,8,[]
7373,22,[]
7404,163,[]
7682,1,[]
7692,1,[]
7702,9,[]
7720,5,[]
7734,5,[]
7748,6,[]
7763,16,[]
7788,15,[]
7812,9,[]
7830,5,[]
7844,7,[]
7860,17,[]
7886,9,[]
7904,5,[]
7918,8,[]
7935,7,[]
7951,20,[]
7980,8,[]
7997,9,[]
8015,10,[]
8034,9,[]
8052,10,[]
8071,25,[]
8105,2,[]
8116,21,[]
8146,8,[]
8163,8,[]
8180,7,[]
8196,10,[]
8215,178,[]
8508,1,[]
8518,9,[]
8536,5,[]
8550,15,[]
8574,3,[]
8586,4,[]
8599,6,[]
8614,7,[]
8630,9,[]
8648,7,[]
8664,10,[]
8683,8,[]
8700,70,[]
8885,15,[]
8909,6,[]
8924,19,[]
8952,8,[]
8969,10,[]
8988,9,[]
9006,19,[]
9034,8,[]
9051,22,[]
9082,9,[]
9100,10,[]
9119,9,[]
9137,9,[]
9155,11,[]
9175,9,[]
9193,9,[]
0,25,[]
36,6,[]
53,13,[]
77,22,[]
110,14,[]
135,17,[]
163,16,[]
190,16,[]
217,16,[]
244,15,[]
270,14,[]
295,15,[]
321,14,[]
346,16,[]
373,14,[]
398,15,[]
424,17,[]
452,16,[]
479,15,[]
505,16,[]
532,15,[]
558,15,[]
584,13,[]
608,17,[]
636,14,[]
661,13,[]
685,15,[]
711,16,[]
738,11,[]
760,12,[]
783,59,[]
880,6,[]
897,10,[]
918,19,[]
948,8,[]
967,16,[]
994,15,[]
1020,9,[]
1040,11,[]
1062,11,[]
1084,12,[]
1107,11,[]
1129,16,[]
1156,10,[]
1177,15,[]
1203,11,[]
1225,9,[]
1245,11,[]
1267,11,[]
1289,10,[]
1310,12,[]
1333,12,[]
1356,13,[]
1380,13,[]
1404,19,[]
1434,15,[]
1460,16,[]
1487,18,[]
1516,17,[]
1544,17,[]
1572,67,[]
1677,9,[]
1697,13,[]
1721,19,[]
1751,15,[]
1777,13,[]
1801,16,[]
1828,13,[]
1852,17,[]
1880,15,[]
1906,15,[]
1932,14,[]
1957,13,[]
1981,14,[]
2006,13,[]
2030,14,[]
2055,14,[]
2080,15,[]
2106,14,[]
2131,17,[]
2159,15,[]
2185,17,[1, 2, 3, 4, 5, 6, 7, 8, 9, 10, 11, 12, 13, 14, 15, 16]
2213,14,[]
2238,15,[]
2264,15,[]
2290,16,[]
2317,14,[]
2342,17,[]
2370,14,[]
2395,15,[]
2421,51,[]
2510,9,[]
2530,11,[]
2552,21,[]
2584,13,[]
2608,15,[]
2634,15,[]
2660,13,[]
2684,15,[]
2710,15,[]
2736,16,[]
2763,15,[]
2789,15,[]
2815,12,[]
2838,14,[]
2863,14,[]
2888,18,[]
2917,14,[]
2942,16,[]
2969,18,[]
2998,20,[2, 3, 4, 5, 6, 7, 8, 9, 10, 11, 12, 13, 14, 15, 16, 17, 18, 19]
3029,17,[]
3057,16,[]
3084,20,[]
3115,21,[]
3147,19,[]
3177,17,[]
3205,16,[]
3232,16,[]
3259,13,[]
3283,42,[]
3363,11,[]
3385,16,[]
3412,19,[]
3442,13,[]
3466,12,[]
3489,14,[]
3514,15,[]
3540,16,[]
3567,15,[]
3593,15,[]
3619,14,[]
3644,16,[]
3671,15,[]
3697,14,[]
3722,16,[]
3749,15,[]
3775,16,[]
3802,15,[]
3828,20,[]
3859,19,[]
3889,22,[]
3922,19,[]
3952,23,[]
3986,18,[]
4015,20,[]
4046,16,[]
4073,20,[]
4104,16,[]
4131,16,[]
4158,56,[]
4252,9,[]
4272,11,[]
4294,20,[]
4325,14,[]
4350,14,[]
4375,12,[]
4398,14,[]
4423,15,[]
4449,14,[]
4474,14,[]
4499,13,[]
4523,14,[]
4548,15,[]
4574,14,[]
4599,17,[]
4627,14,[]
4652,20,[]
4683,16,[]
4710,18,[]
4739,16,[]
4766,18,[]
4795,15,[]
4821,16,[]
4848,14,[]
4873,16,[]
4900,15,[]
4926,18,[]
4955,19,[]
4985,21,[]
5017,56,[]
5111,11,[]
5133,13,[]
5157,22,[]
5190,13,[]
5214,16,[]
5241,16,[]
5268,18,[]
5297,17,[]
5325,17,[]
5353,16,[]
5380,18,[]
5409,15,[]
5435,18,[]
5464,15,[]
5490,17,[]
5518,14,[]
5543,16,[]
5570,18,[]
5599,19,[]
5629,15,[]
5655,17,[]
5683,16,[0, 1, 2, 3, 4, 5, 6, 7, 8, 9, 10, 11, 12, 13, 14]
5710,18,[]
5739,15,[]
5765,16,[]
5792,16,[]
5819,20,[]
5850,15,[]
5876,17,[]
5904,57,[]
5999,10,[]
6020,13,[]
6044,18,[]
6073,18,[]
6102,15,[]
6128,18,[]
6157,17,[]
6185,16,[]
6212,16,[]
6239,16,[]
6266,13,[]
6290,15,[]
6316,13,[]
6340,14,[]
6365,15,[]
6391,15,[]
6417,13,[]
6441,14,[]
6466,14,[]
6491,16,[]
6518,15,[]
6544,14,[]
6569,15,[]
6595,16,[]
6622,14,[]
6647,14,[]
6672,13,[]
6696,15,[]
6722,15,[]
6748,60,[]
6846,9,[]
6866,14,[]
6891,20,[]
6922,16,[]
6949,17,[]
6977,16,[]
7004,15,[]
7030,17,[]
7058,14,[]
7083,16,[]
7110,12,[]
7133,18,[]
7162,15,[]
7188,14,[]
7213,15,[]
7239,16,[]
7266,14,[0, 1, 2, 3, 4, 5, 6, 7, 8, 9, 10, 11, 12, 13]
7291,14,[]
7316,14,[]
7341,17,[]
7369,16,[]
7396,18,[]
7425,15,[]
7451,17,[]
7479,18,[]
7508,19,[]
7538,17,[]
7566,19,[]
7596,17,[]
7624,77,[]
7739,12,[]
7762,16,[]
7789,21,[]
7821,16,[]
7848,14,[]
7873,17,[]
7901,16,[]
7928,13,[]
7952,13,[]
7976,12,[]
7999,13,[]
8023,13,[]
8047,12,[]
8070,12,[]
8093,13,[]
8117,13,[]
8141,13,[]
8165,14,[]
8190,14,[]
8215,14,[]
8240,15,[]
8266,17,[]
8294,18,[]
8323,16,[]
8350,15,[]
8376,15,[]
8402,18,[]
8431,14,[]
8456,17,[]
0,18,[]
29,1,[]
41,9,[]
61,12,[]
84,10,[]
105,7,[]
123,9,[]
143,9,[]
163,11,[]
185,10,[]
206,10,[]
227,9,[]
247,10,[]
268,12,[]
291,18,[]
320,19,[]
350,19,[]
380,17,[]
408,17,[]
436,16,[]
463,21,[]
495,14,[0, 1, 2, 3, 4, 5, 6, 7, 8, 9, 10, 11, 12, 13]
520,18,[]
549,7,[]
567,11,[]
589,14,[]
614,18,[]
643,19,[]
673,23,[]
707,13,[]
731,82,[]
851,9,[]
871,10,[]
892,7,[]
910,7,[]
928,13,[]
952,18,[]
981,13,[]
1005,16,[]
1032,15,[]
1058,15,[]
1084,15,[]
1110,15,[]
1136,15,[]
1162,14,[]
1187,18,[]
1216,16,[]
1243,17,[]
1271,14,[]
1296,17,[]
1324,14,[]
1349,13,[]
1373,17,[]
1401,16,[]
1428,16,[]
1455,17,[]
1483,15,[]
1509,16,[]
1536,17,[]
1564,17,[]
1592,63,[]
1693,10,[]
1714,21,[]
1746,14,[]
1771,16,[]
1798,16,[]
1825,20,[]
1856,19,[]
1886,20,[]
1917,18,[]
1946,19,[]
1976,22,[]
2009,16,[]
2036,17,[]
2064,16,[]
2091,20,[]
2122,11,[]
2144,16,[]
2171,20,[]
2202,23,[]
2236,21,[]
2268,20,[]
2299,20,[]
2330,19,[]
2360,24,[]
2395,23,[]
2429,24,[]
2464,22,[]
2497,21,[]
2529,20,[]
2560,60,[]
2658,18,[]
2687,25,[]
2723,15,[]
2749,15,[]
2775,19,[]
2805,24,[]
2840,18,[]
2869,20,[]
2900,20,[]
2931,18,[]
2960,17,[]
2988,17,[]
3016,21,[]
3048,18,[]
3077,20,[]
3108,16,[0, 1, 2, 3, 4, 5, 6, 7, 8, 9, 10, 11, 12, 13, 14, 15]
3135,18,[]
3164,18,[]
3193,19,[]
3223,15,[]
3249,19,[]
3279,19,[]
3309,16,[]
3336,18,[]
3365,16,[]
3392,16,[]
3419,18,[]
3448,15,[]
3474,17,[]
3502,54,[]
3594,8,[]
3613,15,[]
3639,11,[]
3661,16,[]
3688,12,[]
3711,12,[]
3734,11,[]
3756,13,[]
3780,14,[]
3805,9,[]
3825,12,[]
3848,10,[]
3869,10,[]
3890,10,[]
3911,10,[]
3932,12,[]
3955,6,[]
3972,8,[]
3991,9,[]
4011,10,[]
4032,9,[]
4052,9,[]
4072,10,[]
4093,13,[]
4117,13,[]
4141,15,[]
4167,14,[]
4192,15,[]
4218,14,[]
4243,62,[]
4343,11,[]
4365,12,[]
4388,20,[]
4419,14,[]
4444,17,[]
4472,15,[]
4498,14,[]
4523,17,[]
4551,16,[]
4578,16,[]
4605,15,[]
4631,16,[]
4658,18,[]
4687,18,[]
4716,18,[]
4745,18,[]
4774,23,[]
4808,15,[]
4834,16,[]
4861,18,[]
4890,17,[]
4918,19,[]
4948,20,[]
4979,18,[]
5008,16,[]
5035,16,[]
5062,17,[]
5090,18,[]
5119,19,[]
5149,65,[]
5252,11,[]
5274,15,[]
5300,24,[]
5335,16,[]
5362,18,[]
5391,17,[]
5419,17,[]
5447,17,[]
5475,19,[]
5505,16,[0, 1, 2, 3, 4, 5, 6, 7, 8, 9, 10, 11]
5532,17,[]
5560,18,[]
5589,18,[]
5618,17,[]
5646,17,[]
5674,13,[]
5698,13,[]
5722,18,[]
5751,15,[]
5777,15,[]
5803,16,[]
5830,13,[]
5854,14,[]
5879,16,[]
5906,16,[]
5933,15,[]
5959,17,[]
5987,17,[]
6015,15,[]
6041,49,[]
6128,11,[]
6150,13,[]
6174,22,[]
6207,13,[]
6231,16,[]
6258,17,[]
6286,18,[]
6315,20,[]
6346,19,[]
6376,20,[]
6407,20,[]
6438,20,[]
6469,19,[0, 1, 2, 3, 4, 5, 6, 7, 8, 9, 10, 11, 12]
6499,17,[]
6527,17,[]
6555,17,[]
6583,16,[]
6610,14,[]
6635,13,[]
6659,18,[]
6688,15,[]
6714,15,[]
6740,16,[]
6767,15,[]
6793,15,[2, 3, 4, 5, 6, 7, 8, 9, 10, 11, 12, 13, 14]
6819,13,[]
6843,16,[]
6870,14,[]
6895,18,[]
6924,47,[]
7009,12,[]
7032,13,[]
7056,20,[]
7087,12,[]
7110,16,[]
7137,14,[]
7162,14,[]
7187,14,[]
7212,13,[]
7236,15,[]
7262,14,[]
7287,15,[]
7313,15,[]
7339,15,[]
7365,13,[]
7389,13,[]
7413,15,[]
7439,13,[]
7463,16,[]
7490,14,[]
7515,11,[]
7537,14,[]
7562,11,[]
7584,11,[]
7606,12,[]
7629,12,[]
7652,12,[]
7675,15,[]
7701,14,[]
7726,44,[]
7808,9,[]
7828,12,[]
7851,15,[]
7877,11,[]
7899,11,[]
7921,11,[]
7943,12,[]
7966,9,[]
7986,11,[]
8008,11,[]
8030,13,[]
8054,10,[]
8075,9,[]
8095,11,[]
8117,13,[]
8141,12,[]
8164,14,[]
8189,14,[]
8214,14,[]
8239,14,[]
8264,14,[]
8289,14,[]
8314,14,[]
8339,12,[]
8362,13,[]
8386,12,[]
8409,14,[]
8434,13,[]
8458,14,[]
0,17,[]
27,2,[]
39,8,[]
57,8,[]
75,9,[]
94,7,[]
111,6,[]
127,6,[]
143,7,[]
160,7,[]
177,6,[]
193,6,[]
209,7,[]
226,8,[]
244,15,[]
269,14,[]
293,20,[]
323,14,[]
347,11,[]
368,8,[]
386,16,[]
412,15,[]
437,15,[]
462,18,[]
490,25,[]
525,10,[]
545,13,[]
568,17,[]
595,11,[]
616,10,[]
636,105,[]
792,7,[]
809,1,[]
820,3,[]
833,4,[]
847,8,[]
865,7,[]
882,9,[]
901,11,[]
922,7,[]
939,14,[]
963,17,[]
990,20,[]
1020,19,[]
1049,10,[]
1069,23,[]
1102,24,[]
1136,22,[]
1168,21,[]
1199,18,[]
1227,18,[]
1255,9,[]
1274,18,[1, 2, 3, 4, 5, 6, 7, 8, 9, 10, 11, 12]
1302,18,[]
1330,17,[]
1357,15,[]
1382,12,[]
1404,15,[]
1429,16,[0, 1, 2, 3, 4, 5, 6, 7, 8, 9, 10, 11, 12, 13, 14, 15]
1455,15,[]
1480,83,[]
1614,9,[]
1633,14,[]
1657,6,[]
1673,15,[]
1698,14,[]
1722,14,[]
1746,13,[]
1769,12,[]
1791,14,[]
1815,15,[]
1840,13,[]
1863,17,[3, 4, 5, 6, 7, 8, 9, 10, 11, 12, 13, 14, 15, 16]
1890,18,[]
1918,19,[]
1947,10,[]
1967,20,[]
1997,15,[]
2022,14,[]
2046,18,[]
2074,7,[]
2091,16,[]
2117,17,[]
2144,16,[]
2170,17,[]
2197,16,[]
2223,17,[]
2250,11,[]
2271,14,[]
2295,17,[]
2322,81,[]
2454,12,[]
2476,4,[]
2490,18,[]
2518,19,[]
2547,16,[]
2573,27,[]
2610,17,[]
2637,21,[]
2668,8,[]
2686,20,[]
2716,23,[]
2749,26,[]
2785,11,[]
2806,26,[]
2842,23,[]
2875,24,[]
2909,19,[]
2938,24,[]
2972,24,[]
3006,12,[]
3028,24,[]
3062,22,[3, 4, 5, 6, 7, 8, 9, 10, 11, 12, 13]
3094,22,[]
3126,18,[]
3154,11,[]
3175,19,[]
3204,22,[]
3236,18,[]
3264,19,[]
3293,95,[]
3439,15,[]
3464,17,[]
3491,8,[]
3509,21,[]
3540,21,[]
3571,23,[]
3604,26,[]
3640,8,[]
3658,25,[]
3693,24,[0, 1, 2, 3, 4, 5, 6, 7, 8, 9, 10, 11, 12, 13]
3727,23,[]
3760,29,[]
3799,22,[]
3831,23,[]
3864,6,[]
3880,25,[]
3915,23,[]
3948,25,[1, 2, 3, 4, 5, 6, 7, 8, 9, 10, 11, 12, 13, 14, 15, 16, 17]
3983,5,[]
3998,22,[]
4030,24,[]
4064,27,[]
4101,22,[]
4133,20,[]
4163,22,[]
4195,10,[]
4215,24,[]
4249,20,[]
4279,20,[]
4309,88,[]
4448,1,[]
4459,12,[]
4481,13,[]
4504,14,[]
4528,15,[]
4553,15,[]
4578,15,[]
4603,15,[]
4628,9,[]
4647,15,[]
4672,16,[]
4698,18,[]
4726,8,[]
4744,18,[]
4772,16,[]
4798,16,[]
4824,15,[]
4849,21,[]
4880,14,[]
4904,8,[]
4922,15,[]
4947,15,[]
4972,12,[]
4994,13,[]
5017,12,[]
5039,7,[]
5056,12,[]
5078,13,[]
5101,13,[]
5124,74,[]
5249,9,[]
5268,11,[]
5289,5,[]
5304,14,[]
5328,12,[]
5350,13,[0, 1, 2, 3, 4, 5, 6, 7, 8, 9, 10, 11, 12]
5373,15,[]
5398,7,[]
5415,16,[]
5441,14,[]
5465,15,[]
5490,15,[]
5515,14,[]
5539,15,[]
5564,10,[]
5584,16,[]
5610,15,[]
5635,13,[]
5658,14,[]
5682,9,[]
5701,13,[]
5724,13,[]
5747,15,[]
5772,17,[]
5799,14,[]
5823,14,[]
5847,10,[]
5867,13,[]
5890,13,[0, 1, 2, 3, 4, 5, 6, 7, 8, 9, 10]
5913,54,[]
6018,6,[]
6034,6,[]
6050,10,[]
6070,11,[]
6091,10,[]
6111,13,[]
6134,12,[]
6156,12,[]
6178,9,[]
6197,13,[]
6220,11,[]
6241,13,[]
6264,12,[]
6286,8,[]
6304,12,[]
6326,13,[]
6349,12,[]
6371,12,[]
6393,10,[]
6413,12,[]
6435,10,[]
6455,13,[]
6478,13,[]
6501,13,[]
6524,12,[]
6546,7,[]
6563,12,[]
6585,13,[]
6608,12,[]
6630,61,[]
6742,7,[]
6759,8,[]
6777,7,[]
6794,9,[]
6813,10,[]
6833,11,[]
6854,13,[]
6877,7,[]
6894,13,[]
6917,13,[]
6940,13,[]
6963,12,[]
6985,11,[]
7006,12,[]
7028,9,[]
7047,11,[]
7068,11,[]
7089,14,[]
7113,12,[]
7135,4,[]
7149,11,[]
7170,12,[]
7192,11,[]
7213,11,[]
7234,10,[]
7254,11,[]
7275,5,[]
7290,12,[]
7312,12,[]
7334,75,[]
7460,8,[]
7478,4,[]
7492,11,[]
7513,13,[]
7536,12,[]
7558,20,[]
7588,14,[]
7612,15,[]
7637,4,[]
7651,14,[]
7675,13,[]
7698,15,[]
7723,14,[]
7747,9,[]
7766,14,[]
7790,15,[]
7815,12,[]
7837,13,[]
7860,13,[]
7883,15,[]
7908,10,[]
7928,13,[]
7951,15,[]
7976,15,[]
8001,17,[]
8028,5,[]
8043,17,[]
8070,19,[]
8099,9,[]
0,19,[]
30,7,[]
48,12,[]
71,13,[]
95,14,[]
120,13,[]
144,19,[]
174,10,[]
195,14,[]
220,11,[]
242,13,[]
266,12,[]
289,13,[]
313,11,[]
335,11,[]
357,12,[]
380,15,[]
406,13,[]
430,21,[]
462,23,[]
496,23,[]
530,17,[]
558,21,[]
590,14,[]
615,15,[]
641,18,[]
670,15,[]
696,12,[]
719,14,[]
744,17,[]
772,75,[]
884,17,[]
912,10,[]
933,11,[]
955,10,[]
976,13,[]
1000,17,[]
1028,14,[]
1053,16,[]
1080,13,[]
1104,13,[]
1128,12,[]
1151,15,[]
1177,12,[]
1200,13,[]
1224,12,[]
1247,14,[]
1272,16,[]
1299,15,[]
1325,12,[]
1348,16,[]
1375,13,[]
1399,15,[]
1425,14,[]
1450,14,[]
1475,12,[]
1498,13,[]
1522,16,[]
1549,14,[]
1574,13,[]
1598,72,[]
1707,7,[]
1725,11,[]
1747,13,[]
1771,13,[]
1795,12,[]
1818,15,[]
1844,13,[]
1868,14,[]
1893,13,[]
1917,12,[]
1940,13,[]
1964,15,[]
1990,13,[]
2014,13,[]
2038,14,[]
2063,16,[]
2090,14,[]
2115,14,[]
2140,14,[]
2165,17,[]
2193,13,[]
2217,16,[]
2244,14,[]
2269,16,[]
2296,14,[]
2321,15,[]
2347,13,[]
2371,15,[]
2397,11,[]
2419,72,[]
2528,7,[]
2546,11,[]
2568,10,[]
2589,15,[]
2615,13,[]
2639,15,[]
2665,15,[]
2691,19,[]
2721,17,[]
2749,19,[]
2779,18,[]
2808,20,[]
2839,18,[]
2868,20,[]
2899,17,[]
2927,21,[]
2959,18,[]
2988,24,[]
3023,14,[]
3048,18,[]
3077,19,[]
3107,17,[]
3135,19,[]
3165,18,[]
3194,16,[]
3221,18,[]
3250,17,[]
3278,18,[]
3307,17,[]
3335,60,[]
3432,13,[]
3456,16,[]
3483,15,[]
3509,18,[6, 7, 8, 9, 10, 11, 12, 13, 14, 15, 16, 17]
3538,18,[]
3567,19,[]
3597,18,[]
3626,20,[]
3657,15,[]
3683,19,[]
3713,16,[]
3740,18,[]
3769,15,[]
3795,16,[]
3822,16,[]
3849,19,[]
3879,16,[]
3906,18,[]
3935,17,[]
3963,20,[]
3994,18,[]
4023,16,[]
4050,15,[]
4076,18,[]
4105,16,[]
4132,17,[]
4160,17,[]
4188,19,[]
4218,18,[]
4247,53,[]
4337,15,[]
4363,20,[]
4394,20,[]
4425,22,[]
4458,19,[]
4488,21,[]
4520,22,[]
4553,20,[]
4584,19,[]
4614,24,[]
4649,21,[]
4681,20,[]
4712,22,[]
4745,19,[]
4775,21,[]
4807,22,[]
4840,19,[]
4870,20,[]
4901,18,[]
4930,21,[]
4962,17,[]
4990,20,[]
5021,19,[]
5051,20,[]
5082,20,[]
5113,20,[]
5144,17,[]
5172,19,[]
5202,18,[]
5231,60,[]
5328,10,[]
5349,15,[]
5375,14,[]
5400,17,[]
5428,15,[]
5454,16,[]
5481,16,[]
5508,17,[]
5536,15,[]
5562,16,[]
5589,15,[]
5615,13,[]
5639,14,[]
5664,16,[]
5691,15,[]
5717,15,[]
5743,16,[]
5770,16,[]
5797,15,[]
5823,17,[]
5851,16,[]
5878,15,[]
5904,14,[]
5929,16,[]
5956,14,[]
5981,14,[]
6006,15,[]
6032,18,[]
6061,15,[]
6087,38,[]
6162,9,[]
6182,12,[]
6205,12,[]
6228,13,[]
6252,14,[]
6277,14,[]
6302,14,[]
6327,15,[]
6353,13,[]
6377,14,[]
6402,13,[]
6426,14,[]
6451,13,[]
6475,13,[]
6499,13,[]
6523,14,[]
6548,13,[]
6572,13,[]
6596,13,[]
6620,14,[]
6645,14,[]
6670,14,[]
6695,13,[]
6719,16,[]
6746,14,[]
6771,15,[]
6797,13,[]
6821,15,[]
6847,13,[]
6871,39,[]
6947,10,[]
6968,11,[]
6990,12,[]
7013,13,[]
7037,13,[]
7061,13,[]
7085,15,[]
7111,14,[]
7136,14,[]
7161,16,[]
7188,13,[]
7212,16,[]
7239,15,[]
7265,15,[]
7291,13,[]
7315,15,[]
7341,14,[]
7366,15,[]
7392,14,[]
7417,16,[]
7444,13,[]
7468,15,[]
7494,16,[]
7521,17,[]
7549,15,[]
7575,17,[]
7603,15,[]
7629,16,[0, 1, 2, 3, 4, 5, 6, 7, 8, 9, 10, 11, 12, 13]
7656,14,[]
7681,49,[]
7767,9,[]
7787,12,[]
7810,12,[]
7833,15,[]
7859,14,[]
7884,14,[]
7909,12,[]
7932,16,[]
7959,12,[]
7982,15,[]
8008,14,[]
8033,14,[]
8058,16,[]
8085,16,[]
8112,14,[]
8137,17,[]
8165,16,[]
8192,16,[]
8219,14,[]
8244,16,[]
8271,15,[]
8297,15,[]
8323,14,[]
8348,17,[]
8376,15,[]
8402,16,[]
8429,14,[]
8454,18,[]
8483,16,[]
0,21,[]
32,3,[]
46,8,[]
65,12,[]
88,12,[]
111,11,[]
133,10,[]
154,8,[]
173,10,[]
194,8,[]
213,9,[]
233,9,[]
253,10,[]
274,8,[]
293,10,[]
314,9,[]
334,9,[]
354,12,[]
377,17,[]
405,16,[]
432,18,[]
461,15,[]
487,15,[]
513,13,[]
537,12,[]
560,22,[]
593,13,[]
617,14,[]
642,15,[]
668,12,[]
691,83,[]
812,10,[]
833,6,[]
850,7,[]
868,7,[]
886,9,[]
906,11,[]
928,12,[]
951,14,[]
976,14,[]
1001,14,[]
1026,15,[]
1052,13,[]
1076,10,[]
1097,12,[]
1120,13,[]
1144,13,[]
1168,17,[]
1196,17,[]
1224,19,[]
1254,21,[]
1286,19,[]
1316,19,[]
1346,18,[]
1375,21,[]
1407,23,[]
1441,22,[]
1474,21,[]
1506,24,[]
1541,26,[]
1578,79,[]
1695,23,[]
1729,25,[5, 6, 7, 16, 17, 18, 19, 20, 21, 22, 23, 24]
1765,25,[]
1801,24,[]
1836,21,[]
1868,19,[]
1898,18,[]
1927,20,[]
1958,18,[]
1987,21,[]
2019,26,[]
2056,24,[]
2091,21,[]
2123,23,[]
2157,25,[]
2193,23,[]
2227,21,[]
2259,18,[]
2288,21,[]
2320,20,[]
2351,23,[]
2385,19,[]
2415,20,[]
2446,23,[]
2480,22,[]
2513,23,[]
2547,21,[]
2579,22,[]
2612,19,[]
2642,58,[]
2738,16,[]
2765,17,[]
2793,18,[]
2822,21,[]
2854,19,[]
2884,19,[]
2914,19,[]
2944,19,[]
2974,22,[]
3007,18,[]
3036,21,[]
3068,19,[]
3098,19,[]
3128,18,[]
3157,16,[]
3184,17,[]
3212,15,[]
3238,15,[]
3264,16,[]
3291,17,[]
3319,13,[]
3343,13,[]
3367,13,[]
3391,14,[]
3416,15,[]
3442,15,[]
3468,14,[]
3493,16,[]
3520,14,[]
3545,60,[]
3643,9,[]
3663,10,[]
3684,9,[]
3704,10,[]
3725,10,[]
3746,10,[]
3767,18,[]
3796,10,[]
3817,7,[]
3835,8,[]
3854,9,[]
3874,11,[]
3896,11,[]
3918,10,[]
3939,11,[]
3961,13,[]
3985,12,[]
4008,12,[]
4031,11,[]
4053,12,[]
4076,11,[]
4098,13,[]
4122,13,[]
4146,14,[]
4171,14,[0, 1, 2, 3, 4, 5, 6, 7, 8, 9, 10, 11]
4196,15,[]
4222,14,[]
4247,13,[]
4271,15,[]
4297,56,[]
4391,9,[]
4411,11,[]
4433,12,[]
4456,13,[]
4480,14,[]
4505,14,[]
4530,11,[]
4552,13,[]
4576,14,[]
4601,15,[]
4627,14,[]
4652,13,[]
4676,15,[]
4702,15,[]
4728,14,[]
4753,14,[]
4778,15,[]
4804,14,[]
4829,16,[]
4856,15,[]
4882,14,[]
4907,14,[]
4932,14,[]
4957,13,[]
4981,13,[]
5005,14,[]
5030,13,[]
5054,12,[]
5077,15,[]
5103,48,[]
5189,10,[]
5210,12,[]
5233,11,[]
5255,12,[]
5278,12,[]
5301,12,[]
5324,13,[]
5348,12,[]
5371,12,[]
5394,13,[]
5418,12,[]
5441,14,[]
5466,13,[]
5490,13,[]
5514,13,[]
5538,15,[]
5564,13,[]
5588,12,[]
5611,10,[]
5632,13,[]
5656,12,[0, 1, 2, 3, 4, 5, 6, 7, 8, 9, 10, 11]
5679,12,[]
5702,14,[]
5727,12,[]
5750,13,[]
5774,14,[]
5799,14,[]
5824,14,[]
5849,12,[]
5872,47,[]
5957,7,[]
5975,9,[]
5995,11,[]
6017,12,[]
6040,11,[]
6062,12,[]
6085,13,[]
6109,12,[]
6132,12,[]
6155,12,[]
6178,11,[]
6200,12,[]
6223,11,[]
6245,13,[]
6269,13,[]
6293,14,[]
6318,12,[]
6341,12,[]
6364,18,[]
6393,10,[]
6414,11,[]
6436,10,[]
6457,10,[]
6478,11,[]
6500,12,[]
6523,13,[]
6547,14,[]
6572,12,[]
6595,14,[]
6620,43,[]
6701,11,[]
6723,12,[]
6746,13,[]
6770,14,[]
6795,15,[]
6821,14,[]
6846,14,[]
6871,15,[]
6897,16,[]
6924,18,[]
6953,18,[]
6982,16,[]
7009,16,[]
7036,16,[]
7063,17,[]
7091,18,[]
7120,21,[]
7152,19,[]
7182,19,[]
7212,19,[]
7242,20,[]
7273,19,[]
7303,16,[]
7330,17,[]
7358,16,[]
7385,15,[]
7411,15,[]
7437,17,[]
7465,15,[]
7491,55,[]
7584,9,[]
7604,9,[]
7624,10,[]
7645,13,[]
7669,12,[]
7692,13,[]
7716,13,[]
7740,15,[]
7766,17,[]
7794,17,[]
7822,17,[]
7850,15,[]
7876,17,[]
7904,20,[]
7935,19,[]
7965,19,[]
7995,17,[]
8023,18,[]
8052,19,[]
8082,17,[]
8110,18,[]
8139,17,[]
8167,18,[]
8196,18,[]
8225,17,[]
8253,17,[]
8281,17,[]
8309,16,[]
8336,7,[]
0,27,[]
38,7,[]
56,8,[]
75,8,[]
94,8,[]
113,8,[]
132,13,[]
156,9,[]
176,10,[]
197,11,[]
219,9,[]
239,8,[]
258,8,[]
277,8,[]
296,7,[]
314,9,[]
334,17,[]
362,14,[]
387,15,[]
413,13,[]
437,9,[]
457,14,[]
482,16,[]
509,20,[]
540,16,[]
567,12,[]
590,15,[]
616,17,[]
644,20,[]
675,17,[]
703,84,[]
825,14,[]
850,11,[]
872,10,[]
893,8,[]
912,11,[]
934,11,[]
956,12,[]
979,16,[]
1006,14,[]
1031,14,[]
1056,13,[]
1080,15,[]
1106,14,[]
1131,15,[]
1157,14,[]
1182,16,[]
1209,15,[]
1235,14,[]
1260,14,[]
1285,16,[]
1312,14,[]
1337,15,[]
1363,14,[]
1388,15,[]
1414,13,[]
1438,14,[]
1463,12,[]
1486,15,[]
1512,12,[]
1535,58,[]
1631,9,[]
1651,11,[]
1673,12,[]
1696,15,[]
1722,13,[]
1746,15,[]
1772,13,[]
1796,16,[]
1823,14,[]
1848,15,[]
1874,15,[]
1900,17,[]
1928,16,[]
1955,16,[]
1982,14,[]
2007,19,[]
2037,13,[]
2061,18,[]
2090,12,[]
2113,16,[]
2140,15,[]
2166,17,[]
2194,19,[]
2224,21,[]
2256,22,[]
2289,23,[]
2323,23,[]
2357,20,[]
2388,20,[]
2419,68,[]
2525,18,[]
2554,19,[]
2584,18,[]
2613,19,[]
2643,19,[]
2673,17,[]
2701,20,[]
2732,23,[]
2766,20,[]
2797,21,[]
2829,20,[]
2860,20,[]
2891,21,[]
2923,19,[]
2953,22,[]
2986,20,[]
3017,19,[]
3047,26,[]
3084,18,[]
3113,22,[]
3146,21,[]
3178,24,[]
3213,22,[]
3246,25,[]
3282,26,[]
3319,25,[]
3355,24,[]
3390,24,[]
3425,21,[]
3457,69,[]
3564,13,[]
3588,13,[]
3612,13,[]
3636,16,[]
3663,14,[]
3688,16,[]
3715,15,[]
3741,15,[]
3767,18,[]
3796,18,[0, 1, 2, 3, 4, 5, 6, 7, 8, 9, 10, 11, 12]
3825,19,[]
3855,17,[]
3883,18,[]
3912,18,[]
3941,17,[]
3969,14,[]
3994,13,[]
4018,13,[]
4042,13,[]
4066,14,[]
4091,13,[]
4115,13,[]
4139,15,[]
4165,14,[]
4190,14,[]
4215,12,[]
4238,12,[]
4261,12,[]
4284,11,[]
4306,66,[]
4410,10,[]
4431,13,[]
4455,11,[]
4477,14,[]
4502,14,[]
4527,16,[]
4554,15,[]
4580,18,[]
4609,18,[]
4638,19,[]
4668,18,[]
4697,16,[]
4724,15,[]
4750,16,[]
4777,15,[]
4803,15,[]
4829,13,[]
4853,14,[]
4878,12,[]
4901,14,[]
4926,15,[]
4952,17,[]
4980,20,[]
5011,18,[2, 3, 4, 5, 6, 7, 8, 9, 10, 11, 12, 13]
5040,18,[]
5069,17,[]
5097,18,[]
5126,17,[]
5154,17,[]
5182,40,[]
5260,14,[]
5285,14,[]
5310,14,[]
5335,14,[]
5360,12,[]
5383,13,[]
5407,12,[]
5430,12,[]
5453,11,[]
5475,11,[]
5497,9,[]
5517,10,[]
5538,21,[]
5570,27,[]
5608,25,[]
5644,10,[]
5665,14,[1, 2, 3, 4, 5, 6, 7, 8, 9, 10, 11, 12, 13]
5690,17,[]
5718,18,[]
5747,22,[]
5780,17,[]
5808,17,[]
5836,19,[]
5866,17,[]
5894,18,[]
5923,17,[]
5951,17,[]
5979,16,[]
6006,15,[]
6032,34,[0, 1, 2, 3, 4, 5, 6, 7, 8, 9, 10, 11, 12, 13, 14, 15, 16, 17]
6077,9,[]
6097,10,[]
6118,10,[]
6139,11,[]
6161,11,[]
6183,20,[]
6214,21,[]
6246,20,[]
6277,9,[]
6297,12,[]
6320,25,[]
6356,9,[]
6376,8,[]
6395,23,[]
6429,9,[]
6449,13,[]
6473,26,[]
6510,8,[]
6529,10,[]
6550,11,[]
6572,9,[]
6592,14,[]
6617,11,[]
6639,12,[]
6662,11,[]
6684,12,[]
6707,11,[]
6729,11,[]
6751,10,[]
6772,42,[]
6852,7,[]
6870,9,[]
6890,11,[]
6912,10,[]
6933,12,[]
6956,10,[]
6977,14,[]
7002,11,[]
7024,13,[]
7048,13,[]
7072,14,[]
7097,15,[]
7123,14,[]
7148,13,[]
7172,15,[]
7198,12,[]
7221,14,[]
7246,11,[]
7268,14,[]
7293,13,[]
7317,16,[]
7344,5,[]
7360,17,[]
7388,17,[]
7416,20,[]
7447,17,[]
7475,21,[]
7507,21,[]
7539,18,[]
7568,57,[]
7663,13,[]
7687,14,[]
7712,14,[]
7737,15,[]
7763,12,[]
7786,16,[]
7813,13,[]
7837,14,[]
7862,16,[]
7889,16,[]
7916,21,[]
7948,16,[]
7975,17,[]
8003,15,[]
8029,16,[]
8056,16,[]
8083,15,[]
8109,14,[]
8134,15,[]
8160,14,[]
8185,15,[]
8211,15,[]
8237,14,[]
8262,14,[]
8287,14,[]
8312,15,[]
8338,14,[]
8363,15,[]
8389,15,[]
0,29,[]
40,8,[]
59,14,[]
84,16,[]
111,16,[]
138,16,[]
165,17,[]
193,16,[]
220,17,[]
248,16,[]
275,17,[]
303,16,[]
330,19,[]
360,15,[]
386,17,[]
414,15,[]
440,18,[]
469,16,[]
496,18,[]
525,16,[]
552,18,[]
581,17,[]
609,18,[]
638,16,[]
665,17,[]
693,22,[]
726,17,[]
754,18,[]
783,17,[]
811,16,[]
838,54,[]
926,14,[]
951,16,[]
978,15,[]
1004,11,[]
1026,14,[]
1051,15,[]
1077,17,[]
1105,15,[]
1131,16,[]
1158,16,[]
1185,16,[]
1212,17,[]
1240,15,[]
1266,14,[]
1291,17,[]
1319,14,[]
1344,16,[]
1371,16,[]
1398,14,[]
1423,16,[]
1450,14,[]
1475,16,[]
1502,15,[]
1528,15,[]
1554,16,[]
1581,14,[]
1606,16,[]
1633,16,[]
1660,14,[]
1685,59,[]
1778,9,[]
1798,13,[]
1822,14,[]
1847,16,[]
1874,15,[]
1900,16,[]
1927,15,[]
1953,17,[]
1981,15,[]
2007,16,[]
2034,15,[]
2060,17,[]
2088,15,[]
2114,16,[]
2141,15,[]
2167,16,[]
2194,14,[]
2219,16,[]
2246,14,[]
2271,15,[]
2297,16,[]
2324,13,[]
2348,14,[]
2373,14,[]
2398,15,[]
2424,15,[]
2450,14,[]
2475,16,[]
2502,14,[]
2527,49,[]
2610,10,[]
2631,12,[]
2654,12,[]
2677,15,[]
2703,12,[]
2726,13,[]
2750,13,[]
2774,13,[]
2798,12,[]
2821,15,[]
2847,12,[]
2870,12,[]
2893,10,[]
2914,11,[]
2936,10,[]
2957,12,[]
2980,11,[]
3002,14,[]
3027,14,[]
3052,13,[]
3076,14,[]
3101,15,[]
3127,14,[]
3152,15,[]
3178,14,[]
3203,15,[]
3229,15,[]
3255,17,[]
3283,14,[]
3308,56,[]
3398,10,[]
3419,14,[]
3444,14,[]
3469,15,[]
3495,13,[]
3519,14,[]
3544,21,[]
3576,13,[]
3600,15,[]
3626,14,[]
3651,13,[]
3675,15,[]
3701,13,[]
3725,14,[]
3750,13,[]
3774,15,[]
3800,14,[]
3825,16,[]
3852,13,[]
3876,13,[]
3900,11,[]
3922,17,[]
3950,15,[]
3976,18,[]
4005,18,[]
4034,17,[]
4062,18,[]
4091,14,[]
4116,17,[]
4144,58,[]
4236,11,[]
4258,14,[]
4283,12,[]
4306,16,[]
4333,14,[]
4358,15,[]
4384,15,[]
4410,17,[]
4438,17,[]
4466,18,[]
4495,16,[]
4522,17,[]
4550,15,[]
4576,16,[]
4603,15,[]
4629,16,[]
4656,16,[]
4683,16,[]
4710,15,[]
4736,15,[]
4762,13,[]
4786,14,[]
4811,14,[]
4836,16,[]
4863,14,[]
4888,14,[]
4913,12,[]
4936,14,[]
4961,15,[]
4987,51,[]
5072,10,[]
5093,13,[]
5117,12,[]
5140,14,[]
5165,15,[]
5191,14,[]
5216,13,[]
5240,14,[]
5265,12,[]
5288,13,[]
5312,14,[]
5337,15,[]
5363,14,[]
5388,12,[]
5411,12,[]
5434,14,[]
5459,13,[]
5483,15,[]
5509,16,[]
5536,16,[]
5563,15,[]
5589,16,[]
5616,14,[]
5641,15,[]
5667,14,[]
5692,15,[]
5718,13,[]
5742,14,[]
5767,13,[]
5791,46,[]
5871,10,[]
5892,13,[]
5916,12,[]
5939,14,[]
5964,13,[]
5988,14,[]
6013,15,[]
6039,15,[]
6065,14,[]
6090,13,[]
6114,13,[]
6138,12,[]
6161,14,[]
6186,12,[]
6209,13,[]
6233,12,[]
6256,14,[]
6281,12,[]
6304,17,[0, 1, 2, 3, 4, 5, 6, 7, 8, 9, 10, 11, 12, 13, 14, 15, 16]
6332,15,[]
6358,15,[]
6384,15,[]
6410,16,[]
6437,15,[]
6463,16,[]
6490,15,[]
6516,16,[]
6543,15,[]
6569,14,[]
6594,39,[]
6667,9,[]
6687,10,[]
6708,12,[]
6731,12,[]
6754,12,[]
6777,12,[]
6800,14,[]
6825,12,[]
6848,13,[]
6872,12,[]
6895,13,[]
6919,15,[]
6945,14,[]
6970,14,[]
6995,15,[]
7021,15,[]
7047,16,[]
7074,16,[]
7101,16,[]
7128,14,[2, 3, 4, 5, 6, 7, 8, 9, 10, 11, 12, 13]
7153,15,[]
7179,13,[]
7203,15,[]
7229,13,[]
7253,14,[]
7278,13,[]
7302,15,[]
7328,15,[]
7354,14,[0, 1, 2, 3, 4, 5, 6, 7, 8, 9, 10, 11, 12, 13]
7379,42,[]
7455,12,[]
7478,14,[]
7503,13,[]
7527,16,[]
7554,15,[]
7580,16,[]
7607,15,[]
7633,16,[]
7660,16,[]
7687,17,[]
7715,16,[]
7742,17,[]
7770,16,[]
7797,16,[]
7824,15,[]
7850,17,[]
7878,16,[]
7905,17,[]
7933,16,[]
7960,17,[]
7988,16,[]
8015,16,[]
8042,16,[]
8069,15,[]
8095,13,[]
8119,14,[2, 3, 4, 5, 6, 7, 8, 9, 10, 11, 12, 13]
8144,14,[]
8169,16,[]
8196,7,[]
0,45,[]
82,28,[]
120,23,[]
153,20,[]
183,21,[]
214,24,[]
248,21,[0, 1, 2, 3, 4, 5, 6, 7, 8, 9, 10, 11, 12, 13]
279,19,[]
308,23,[]
341,22,[]
373,23,[]
406,20,[]
436,22,[]
468,20,[]
498,21,[]
529,21,[]
560,21,[]
591,18,[]
619,19,[]
648,19,[]
677,21,[]
708,5,[]
723,22,[]
755,22,[]
787,23,[]
820,27,[]
857,27,[]
894,29,[]
933,31,[]
974,28,[]
1012,75,[]
1124,26,[]
1160,26,[]
1196,22,[]
1228,13,[]
1251,12,[]
1273,14,[]
1297,14,[]
1321,13,[]
1344,10,[]
1364,11,[]
1385,11,[]
1406,12,[]
1428,13,[]
1451,11,[]
1472,11,[]
1493,12,[]
1515,10,[]
1535,11,[]
1556,12,[]
1578,11,[]
1599,12,[]
1621,12,[]
1643,10,[]
1663,12,[]
1685,12,[]
1707,12,[]
1729,11,[]
1750,10,[]
1770,10,[]
1790,41,[]
1868,8,[]
1886,8,[]
1904,8,[]
1922,11,[]
1943,9,[]
1962,9,[]
1981,8,[]
1999,9,[]
2018,9,[]
2037,10,[]
2057,12,[]
2079,11,[]
2100,10,[]
2120,10,[]
2140,11,[]
2161,11,[]
2182,13,[]
2205,11,[]
2226,10,[]
2246,12,[]
2268,12,[]
2290,14,[]
2314,13,[]
2337,11,[]
2358,14,[]
2382,13,[]
2405,14,[]
2429,15,[]
2454,14,[]
2478,36,[]
2551,12,[]
2573,13,[]
2596,13,[]
2619,15,[]
2644,15,[]
2669,12,[]
2691,13,[]
2714,14,[]
2738,14,[]
2762,14,[]
2786,11,[]
2807,15,[]
2832,12,[]
2854,12,[]
2876,15,[]
2901,11,[]
2922,14,[]
2946,13,[]
2969,13,[]
2992,13,[]
3015,12,[]
3037,12,[]
3059,12,[]
3081,14,[]
3105,13,[]
3128,14,[]
3152,13,[]
3175,16,[]
3201,15,[]
3226,40,[]
3303,8,[]
3321,14,[]
3345,11,[]
3366,12,[]
3388,14,[]
3412,14,[]
3436,16,[]
3462,15,[]
3487,12,[]
3509,14,[]
3533,13,[]
3556,14,[]
3580,13,[]
3603,13,[]
3626,14,[]
3650,14,[3, 4, 5, 6, 7, 8, 9, 10, 11, 12, 13]
3674,15,[]
3699,13,[]
3722,14,[]
3746,14,[]
3770,15,[]
3795,15,[]
3820,12,[0, 1, 2, 3, 4, 5, 6, 7, 8, 9, 10, 11]
3842,11,[]
3863,13,[]
3886,11,[]
3907,12,[]
3929,12,[]
3951,13,[]
3974,51,[]
4062,6,[]
4078,10,[]
4098,11,[]
4119,13,[]
4142,10,[]
4162,11,[]
4183,12,[0, 1, 2, 3, 4, 5, 6, 7, 8, 9, 10, 11]
4205,13,[]
4228,16,[]
4254,16,[]
4280,16,[]
4306,15,[]
4331,16,[]
4357,14,[]
4381,15,[]
4406,17,[]
4433,14,[]
4457,15,[]
4482,14,[]
4506,14,[]
4530,13,[]
4553,15,[1, 2, 3, 4, 5, 6, 7, 8, 9, 10, 11]
4578,14,[]
4602,13,[]
4625,17,[]
4652,15,[]
4677,11,[]
4698,13,[0, 1, 2, 3, 4, 5, 6, 7, 8, 9, 10, 11, 12]
4721,11,[]
4742,57,[]
4836,8,[]
4854,9,[]
4873,12,[]
4895,13,[]
4918,9,[]
4937,11,[]
4958,11,[]
4979,14,[]
5003,11,[]
5024,12,[]
5046,12,[]
5068,13,[]
5091,11,[]
5112,10,[]
5132,15,[]
5157,14,[]
5181,12,[]
5203,12,[]
5225,12,[]
5247,11,[]
5268,12,[]
5290,14,[]
5314,14,[]
5338,12,[]
5360,14,[]
5384,13,[]
5407,9,[]
5426,12,[0, 1, 2, 3, 4, 5, 6, 7, 8, 9, 10, 11]
5448,16,[]
5474,63,[]
5574,5,[]
5589,8,[]
5607,10,[]
5627,9,[]
5646,12,[]
5668,8,[]
5686,13,[]
5709,11,[]
5730,9,[]
5749,14,[]
5773,12,[]
5795,12,[]
5817,9,[]
5836,11,[]
5857,11,[]
5878,14,[]
5902,12,[]
5924,13,[]
5947,10,[]
5967,14,[]
5991,12,[]
6013,13,[]
6036,10,[]
6056,12,[]
6078,12,[]
6100,14,[]
6124,17,[]
6151,15,[]
6176,14,[]
6200,75,[]
6312,5,[]
6327,12,[]
6349,11,[]
6370,12,[]
6392,14,[]
6416,11,[]
6437,11,[]
6458,15,[]
6483,13,[]
6506,12,[]
6528,14,[]
6552,12,[]
6574,13,[]
6597,16,[]
6623,13,[]
6646,17,[]
6673,15,[]
6698,17,[]
6725,14,[]
6749,17,[]
6776,13,[]
6799,14,[]
6823,14,[]
6847,15,[]
6872,13,[]
6895,14,[]
6919,12,[]
6941,13,[]
6964,12,[]
6986,57,[]
7080,7,[]
7097,11,[]
7118,12,[]
7140,15,[]
7165,14,[]
7189,14,[0, 1, 2, 3, 4, 5, 6, 7, 8, 9, 10, 11, 12, 13]
7213,15,[]
7238,15,[]
7263,17,[]
7290,20,[]
7320,19,[]
7349,19,[]
7378,18,[]
7406,14,[]
7430,15,[]
7455,18,[]
7483,15,[]
7508,17,[]
7535,17,[]
7562,21,[]
7593,19,[]
7622,21,[]
7653,19,[]
7682,21,[]
7713,15,[]
7738,17,[]
7765,15,[]
7790,17,[]
7817,16,[]
0,31,[]
42,4,[]
57,6,[]
74,12,[]
97,13,[]
121,12,[]
144,12,[]
167,11,[]
189,12,[]
212,14,[]
237,15,[]
263,13,[]
287,14,[]
312,11,[]
334,12,[]
357,12,[]
380,14,[]
405,16,[]
432,15,[]
458,14,[]
483,17,[]
511,14,[]
536,15,[]
562,18,[]
591,7,[]
609,19,[]
639,20,[]
670,17,[]
698,15,[]
724,14,[]
749,43,[]
832,13,[]
856,18,[]
885,19,[]
915,13,[]
939,18,[]
968,21,[]
1000,21,[]
1032,21,[]
1064,20,[]
1095,23,[]
1129,22,[]
1162,21,[]
1194,22,[]
1227,23,[]
1261,21,[]
1293,21,[]
1325,18,[]
1354,21,[]
1386,18,[]
1415,17,[]
1443,17,[]
1471,19,[]
1501,17,[]
1529,17,[]
1557,22,[]
1590,16,[]
1617,15,[]
1643,17,[]
1671,19,[]
1701,73,[]
1814,7,[]
1832,15,[]
1858,13,[]
1882,15,[]
1908,15,[]
1934,14,[]
1959,14,[]
1984,17,[]
2012,16,[]
2039,17,[]
2067,16,[]
2094,14,[]
2119,14,[]
2144,16,[]
2171,14,[]
2196,15,[]
2222,13,[]
2246,14,[]
2271,13,[]
2295,16,[]
2322,13,[]
2346,13,[]
2370,13,[]
2394,17,[]
2422,14,[]
2447,14,[]
2472,12,[]
2495,16,[]
2522,11,[]
2544,75,[]
2659,6,[]
2676,10,[]
2697,10,[]
2718,13,[]
2742,11,[]
2764,15,[]
2790,10,[]
2811,12,[]
2834,15,[]
2860,16,[]
2887,12,[]
2910,14,[]
2935,12,[]
2958,15,[0, 1, 5, 6, 7, 8, 9, 10, 11, 12, 13, 14]
2984,11,[]
3006,13,[]
3030,10,[]
3051,15,[]
3077,14,[]
3102,16,[]
3129,12,[]
3152,11,[]
3174,14,[]
3199,12,[]
3222,12,[]
3245,16,[]
3272,12,[]
3295,10,[]
3316,12,[]
3339,87,[]
3466,9,[]
3486,11,[]
3508,9,[]
3528,13,[]
3552,10,[]
3573,12,[]
3596,13,[]
3620,14,[]
3645,13,[]
3669,14,[]
3694,15,[]
3720,14,[]
3745,11,[]
3767,15,[]
3793,17,[]
3821,14,[]
3846,14,[]
3871,13,[]
3895,13,[]
3919,15,[]
3945,13,[]
3969,15,[]
3995,16,[]
4022,18,[]
4051,15,[]
4077,17,[]
4105,18,[]
4134,19,[]
4164,19,[]
4194,56,[]
4290,16,[]
4317,15,[]
4343,18,[]
4372,14,[]
4397,17,[]
4425,17,[]
4453,19,[]
4483,20,[]
4514,19,[]
4544,17,[]
4572,14,[]
4597,15,[]
4623,15,[]
4649,16,[]
4676,17,[]
4704,18,[]
4733,19,[]
4763,18,[]
4792,17,[]
4820,13,[]
4844,13,[]
4868,14,[]
4893,15,[]
4919,16,[]
4946,16,[]
4973,16,[]
5000,17,[]
5028,12,[]
5051,16,[]
5078,44,[]
5162,7,[]
5180,16,[]
5207,9,[]
5227,15,[]
5253,11,[]
5275,11,[]
5297,10,[]
5318,11,[]
5340,10,[]
5361,11,[]
5383,14,[]
5408,11,[]
5430,10,[]
5451,11,[]
5473,13,[]
5497,14,[]
5522,10,[]
5543,14,[]
5568,10,[]
5589,12,[]
5612,10,[]
5633,11,[]
5655,12,[]
5678,14,[]
5703,15,[]
5729,13,[]
5753,13,[]
5777,13,[]
5801,11,[]
5823,49,[]
5912,7,[]
5930,11,[]
5952,10,[]
5973,11,[]
5995,12,[]
6018,10,[]
6039,10,[]
6060,12,[]
6083,10,[]
6104,11,[]
6126,13,[]
6150,13,[]
6174,13,[]
6198,13,[]
6222,10,[]
6243,13,[]
6267,11,[]
6289,12,[]
6312,10,[]
6333,14,[]
6358,11,[]
6380,13,[]
6404,11,[]
6426,14,[]
6451,10,[]
6472,12,[]
6495,10,[]
6516,14,[]
6541,12,[]
6564,63,[]
6667,8,[]
6686,10,[]
6707,12,[]
6730,13,[]
6754,12,[]
6777,12,[]
6800,6,[]
6817,11,[]
6839,13,[]
6863,14,[]
6888,12,[]
6911,12,[]
6934,11,[]
6956,13,[]
6980,11,[]
7002,14,[]
7027,12,[]
7050,14,[]
7075,13,[]
7099,14,[]
7124,11,[]
7146,12,[]
7169,12,[]
7192,15,[]
7218,14,[]
7243,15,[]
7269,13,[]
7293,17,[]
7321,15,[]
7347,57,[]
7444,11,[]
7466,14,[]
7491,14,[]
7516,15,[]
7542,13,[]
7566,17,[]
7594,16,[]
7621,15,[]
7647,17,[]
7675,19,[]
7705,19,[]
7735,16,[]
7762,18,[]
7791,17,[]
7819,18,[]
7848,17,[]
7876,16,[]
7903,17,[]
7931,18,[]
7960,15,[]
7986,14,[]
8011,14,[]
8036,15,[]
8062,16,[]
8089,17,[]
8117,20,[]
8148,20,[]
8179,19,[]
8209,13,[]
0,50,[]
100,6,[]
117,12,[]
140,13,[]
164,16,[]
191,11,[]
213,15,[]
239,14,[]
264,14,[]
289,25,[]
325,14,[]
350,13,[]
374,14,[]
399,14,[]
424,14,[]
449,11,[]
471,16,[]
498,16,[]
525,15,[]
551,16,[]
578,17,[]
606,15,[]
632,15,[]
658,15,[]
684,14,[]
709,13,[]
733,14,[]
758,14,[]
783,17,[]
811,16,[]
838,127,[]
1015,4,[]
1030,9,[]
1050,12,[]
1073,4,[]
1088,6,[]
1105,10,[]
1126,13,[]
1150,13,[]
1174,11,[]
1196,12,[]
1219,12,[]
1242,14,[]
1267,12,[]
1290,12,[]
1313,16,[]
1340,13,[]
1364,15,[]
1390,19,[]
1420,19,[]
1450,16,[]
1477,16,[]
1504,13,[]
1528,16,[]
1555,13,[]
1579,15,[]
1605,12,[]
1628,17,[]
1656,15,[]
1682,18,[]
1711,96,[]
1857,5,[]
1873,9,[]
1893,15,[]
1919,11,[]
1941,15,[]
1967,12,[]
1990,16,[]
2017,14,[]
2042,15,[]
2068,11,[]
2090,17,[]
2118,15,[]
2144,16,[]
2171,15,[0, 1, 2, 3, 4, 5, 6, 7, 8, 9, 10, 11, 12, 13, 14]
2197,20,[]
2228,13,[]
2252,17,[]
2280,16,[]
2307,20,[]
2338,19,[]
2368,18,[]
2397,15,[]
2423,21,[]
2455,14,[]
2480,17,[]
2508,14,[]
2533,20,[]
2564,17,[]
2592,19,[]
2622,95,[]
2767,7,[]
2785,10,[]
2806,15,[]
2832,12,[]
2855,16,[]
2882,16,[]
2909,14,[]
2934,13,[]
2958,15,[]
2984,13,[]
3008,14,[]
3033,13,[]
3057,13,[]
3081,8,[]
3100,16,[]
3127,16,[]
3154,14,[]
3179,15,[]
3205,20,[]
3236,17,[]
3264,13,[]
3288,12,[]
3311,25,[]
3347,13,[]
3371,14,[]
3396,14,[]
3421,14,[]
3446,10,[]
3467,16,[]
3494,66,[]
3610,6,[]
3627,9,[]
3647,13,[]
3671,9,[]
3691,11,[]
3713,12,[]
3736,12,[]
3759,12,[]
3782,13,[]
3806,12,[]
3829,13,[]
3853,18,[]
3882,15,[]
3908,15,[]
3934,16,[]
3961,13,[]
3985,18,[0, 1, 2, 3, 4, 5, 6, 7, 8, 9, 10, 11, 12, 13, 14, 15, 16]
4014,18,[]
4043,18,[]
4072,16,[]
4099,15,[]
4125,15,[]
4151,13,[]
4175,12,[]
4198,12,[]
4221,12,[]
4244,14,[]
4269,11,[]
4291,15,[]
4317,59,[]
4426,10,[]
4447,11,[]
4469,11,[]
4491,10,[]
4512,13,[]
4536,11,[]
4558,13,[]
4582,15,[]
4608,16,[]
4635,15,[]
4661,12,[]
4684,17,[]
4712,15,[]
4738,16,[]
4765,15,[]
4791,16,[]
4818,15,[]
4844,20,[]
4875,12,[]
4898,12,[]
4921,10,[]
4942,12,[]
4965,18,[]
4994,11,[]
5016,15,[]
5042,18,[]
5071,14,[]
5096,16,[]
5123,14,[]
5148,69,[]
5267,9,[]
5287,11,[]
5309,14,[]
5334,17,[1, 2, 3, 8, 9, 10, 11, 12, 13, 14, 15, 16]
5362,21,[]
5394,23,[]
5428,19,[]
5458,21,[]
5490,18,[]
5519,17,[]
5547,15,[]
5573,18,[]
5602,15,[]
5628,19,[]
5658,18,[]
5687,18,[]
5716,19,[]
5746,21,[]
5778,21,[]
5810,22,[]
5843,25,[]
5879,22,[]
5912,20,[]
5943,22,[]
5976,22,[]
6009,22,[]
6042,21,[]
6074,20,[]
6105,19,[]
6135,68,[]
6253,13,[]
6277,16,[]
6304,19,[]
6334,18,[]
6363,24,[]
6398,20,[]
6429,14,[]
6454,13,[]
6478,12,[0, 1, 2, 3, 4, 5, 6, 7, 8, 9, 10, 11]
6501,11,[]
6523,14,[]
6548,12,[]
6571,12,[]
6594,15,[]
6620,15,[]
6646,14,[]
6671,15,[]
6697,15,[]
6723,22,[]
6756,16,[]
6783,18,[]
6812,16,[]
6839,16,[]
6866,17,[]
6894,17,[]
6922,16,[]
6949,13,[]
6973,14,[]
6998,14,[]
7023,47,[]
7120,11,[]
7142,16,[]
7169,15,[]
7195,14,[]
7220,15,[0, 1, 2, 3, 4, 5, 6, 7, 8, 9, 10, 11, 12, 13, 14]
7246,15,[]
7272,15,[]
7298,14,[]
7323,11,[]
7345,11,[]
7367,15,[]
7393,11,[]
7415,10,[]
7436,13,[]
7460,11,[]
7482,15,[]
7508,12,[]
7531,10,[]
7552,16,[]
7579,15,[]
7605,11,[]
7627,12,[]
7650,16,[]
7677,13,[]
7701,15,[]
7727,12,[]
7750,13,[]
7774,12,[]
7797,12,[]
7820,53,[]
7923,9,[]
7943,11,[]
7965,13,[]
7989,14,[]
8014,15,[]
8040,16,[]
8067,16,[]
8094,17,[]
8122,15,[]
8148,15,[]
8174,19,[]
8204,16,[]
8231,15,[]
8257,15,[]
8283,14,[]
8308,22,[]
8341,11,[]
8363,14,[]
8388,15,[]
8414,16,[]
8441,15,[0, 1, 2, 3, 4, 5, 6, 7, 8, 9, 10, 11, 12, 13, 14]
8467,14,[]
8492,15,[]
8518,14,[]
8543,12,[]
8566,10,[]
8587,10,[]
8608,13,[]
8632,11,[]
0,47,[]
98,11,[]
120,13,[]
144,7,[]
162,15,[]
188,17,[]
216,14,[]
241,15,[]
267,6,[]
284,15,[]
310,12,[]
333,14,[]
358,26,[]
395,12,[]
418,13,[]
442,9,[]
462,12,[]
485,12,[]
508,16,[]
535,18,[]
564,10,[]
585,17,[]
613,17,[]
641,26,[]
678,14,[]
703,11,[]
725,11,[]
747,10,[]
768,14,[]
793,28,[]
832,103,[]
986,9,[]
1006,5,[]
1022,6,[]
1039,4,[]
1054,6,[]
1071,7,[]
1089,20,[]
1120,23,[]
1154,5,[]
1170,14,[]
1195,13,[]
1219,15,[]
1245,12,[]
1268,7,[]
1286,13,[0, 1, 2, 3, 4, 5, 6, 7, 8, 9, 10, 11]
1310,19,[]
1340,19,[]
1370,18,[]
1399,13,[]
1423,15,[]
1449,7,[]
1467,16,[]
1494,19,[]
1524,15,[]
1550,16,[]
1577,4,[]
1592,18,[]
1621,17,[]
1649,29,[]
1689,83,[]
1823,8,[]
1842,10,[]
1863,5,[]
1879,12,[]
1902,11,[]
1924,14,[]
1949,15,[]
1975,9,[]
1995,16,[]
2022,14,[]
2047,16,[]
2074,19,[]
2104,16,[]
2131,18,[]
2160,4,[]
2175,18,[]
2204,22,[]
2237,19,[]
2267,25,[]
2303,8,[]
2322,21,[]
2354,13,[]
2378,18,[]
2407,12,[]
2430,20,[]
2461,14,[]
2486,9,[]
2506,25,[]
2542,18,[]
2571,82,[]
2704,6,[]
2721,3,[]
2735,9,[]
2755,14,[]
2780,26,[]
2817,25,[]
2853,24,[]
2888,14,[]
2913,23,[]
2947,6,[]
2964,14,[]
2989,12,[]
3012,14,[]
3037,18,[]
3066,11,[]
3088,21,[]
3120,19,[]
3150,29,[]
3190,14,[]
3215,12,[]
3238,9,[]
3258,11,[]
3280,8,[]
3299,10,[]
3320,26,[]
3357,29,[]
3397,8,[]
3416,40,[]
3507,29,[]
3547,67,[]
3665,1,[]
3677,6,[]
3694,5,[]
3710,2,[]
3723,11,[]
3745,7,[]
3763,8,[]
3782,8,[]
3801,13,[]
3825,20,[]
3856,16,[]
3883,34,[]
3928,14,[]
3953,18,[]
3982,11,[]
4004,17,[]
4032,14,[]
4057,14,[]
4082,15,[]
4108,9,[]
4128,21,[]
4160,20,[]
4191,21,[0, 1, 2, 3, 4, 5, 6, 7, 8, 9, 10, 11]
4223,17,[]
4251,12,[]
4274,11,[]
4296,9,[]
4316,15,[]
4342,12,[]
4365,88,[]
4504,12,[]
4527,4,[]
4542,18,[]
4571,18,[]
4600,8,[]
4619,12,[]
4642,11,[]
4664,12,[]
4687,9,[]
4707,14,[]
4732,14,[]
4757,22,[]
4790,32,[]
4833,7,[]
4851,15,[]
4877,16,[]
4904,9,[]
4924,34,[19, 20, 21, 22, 23, 24, 25, 26, 27, 28, 29, 30, 31, 32, 33]
4969,14,[]
4994,24,[]
5029,6,[]
5046,25,[]
5082,23,[]
5116,23,[]
5150,22,[]
5183,7,[]
5201,13,[]
5225,14,[]
5250,18,[]
5279,68,[]
5398,17,[]
5426,28,[]
5465,6,[]
5482,19,[0, 1, 2, 3, 4, 5, 6, 7, 8, 9, 10, 11, 12, 13, 14, 15, 16, 17, 18]
5512,26,[]
5549,14,[]
5574,20,[]
5605,8,[]
5624,22,[]
5657,16,[]
5684,23,[]
5718,18,[]
5747,12,[]
5770,25,[]
5806,8,[]
5825,15,[]
5851,13,[]
5875,18,[]
5904,20,[]
5935,7,[]
5953,11,[]
5975,20,[]
6006,10,[]
6027,26,[]
6064,17,[]
6092,10,[]
6113,7,[]
6131,23,[]
6165,11,[]
6187,67,[]
6305,4,[]
6320,4,[]
6335,11,[]
6357,15,[]
6383,15,[]
6409,16,[]
6436,12,[]
6459,17,[]
6487,7,[]
6505,36,[]
6592,19,[]
6622,11,[]
6644,8,[]
6663,8,[]
6682,11,[]
6704,10,[]
6725,23,[]
6759,13,[]
6783,24,[]
6818,10,[]
6839,10,[]
6860,6,[]
6877,15,[]
6903,14,[]
6928,23,[]
6962,19,[]
6992,10,[]
7013,15,[]
7039,13,[]
7063,59,[]
7173,5,[]
7189,11,[]
7211,15,[]
7237,10,[]
7258,14,[]
7283,13,[]
7307,14,[]
7332,13,[]
7356,8,[]
7375,15,[]
7401,14,[]
7426,15,[]
7452,19,[]
7482,16,[]
7509,15,[]
7535,9,[]
7555,16,[]
7582,12,[]
7605,13,[]
7629,13,[]
7653,11,[]
7675,14,[]
7700,17,[]
7728,16,[]
7755,15,[]
7781,12,[]
7804,20,[]
7835,8,[]
7854,21,[]
7886,80,[]
8017,4,[]
8032,8,[]
8051,5,[]
8067,12,[]
8090,14,[]
8115,21,[]
8147,19,[]
8177,21,[]
8209,33,[]
8253,7,[]
8271,13,[]
8295,14,[]
8320,17,[]
8348,19,[]
8378,6,[]
8395,17,[]
8423,11,[]
8445,13,[]
8469,13,[]
8493,13,[]
8517,18,[]
8546,6,[]
8563,22,[]
8596,10,[]
8617,11,[]
8639,12,[]
8662,10,[]
8683,12,[]
8706,9,[]
0,15,[]
25,1,[]
36,7,[]
53,9,[]
72,8,[]
90,4,[]
104,7,[]
121,4,[]
135,9,[]
154,7,[]
171,5,[]
186,18,[]
214,14,[]
238,22,[]
270,13,[]
293,19,[]
322,14,[]
346,23,[]
379,15,[]
404,6,[]
420,13,[]
443,14,[]
467,18,[]
495,14,[]
519,31,[]
560,8,[]
578,20,[]
608,12,[]
630,21,[]
661,18,[]
689,124,[]
888,12,[]
910,1,[]
921,4,[]
935,2,[]
947,11,[]
968,6,[]
984,12,[]
1006,9,[]
1025,12,[]
1047,14,[]
1071,13,[0, 1, 2, 3, 4, 5, 6, 7, 8, 9, 10, 11]
1094,18,[]
1122,9,[]
1141,20,[]
1171,8,[]
1189,17,[]
1216,16,[]
1242,9,[]
1261,14,[]
1285,9,[]
1304,16,[]
1330,8,[]
1348,19,[]
1377,13,[]
1400,18,[]
1428,10,[]
1448,18,[]
1476,16,[]
1502,12,[0, 1, 2, 3, 4, 5, 6, 7, 8, 9, 10, 11]
1524,120,[]
1719,1,[]
1730,8,[]
1748,3,[]
1761,11,[]
1782,13,[]
1805,7,[]
1822,19,[]
1851,10,[]
1871,18,[]
1899,8,[]
1917,23,[]
1950,10,[]
1970,20,[]
2000,9,[]
2019,18,[]
2047,18,[]
2075,14,[]
2099,29,[]
2138,9,[]
2157,21,[]
2188,12,[]
2210,23,[]
2243,11,[]
2264,22,[]
2296,11,[]
2317,19,[0, 1, 2, 3, 4, 5, 6, 7, 8, 9, 10, 11, 12, 13, 14, 15, 16, 17, 18]
2346,22,[]
2378,12,[]
2400,20,[]
2430,122,[]
2627,12,[]
2649,3,[]
2662,18,[]
2690,17,[]
2717,12,[]
2739,19,[]
2768,13,[]
2791,23,[]
2824,11,[]
2845,17,[]
2872,9,[]
2891,19,[]
2920,19,[]
2949,9,[]
2968,19,[]
2997,9,[]
3016,21,[]
3047,9,[]
3066,22,[]
3098,11,[]
3119,25,[]
3154,21,[]
3185,9,[]
3204,24,[]
3238,13,[]
3261,22,[]
3293,15,[]
3318,21,[]
3349,9,[]
3368,126,[]
3569,1,[]
3580,12,[]
3602,7,[]
3619,15,[]
3644,17,[]
3671,7,[]
3688,19,[]
3717,12,[]
3739,20,[]
3769,7,[]
3786,21,[]
3817,12,[]
3839,29,[]
3878,18,[]
3906,14,[]
3930,19,[]
3959,9,[]
3978,23,[]
4011,14,[]
4035,24,[]
4069,12,[]
4091,20,[]
4121,19,[]
4150,10,[]
4170,21,[]
4201,13,[]
4224,23,[]
4257,7,[]
4274,18,[]
4302,121,[]
4498,1,[]
4509,12,[]
4531,8,[]
4549,15,[]
4574,10,[]
4594,19,[]
4623,8,[]
4641,19,[]
4670,9,[]
4689,16,[]
4715,20,[]
4745,12,[]
4767,18,[]
4795,9,[]
4814,17,[]
4841,10,[]
4861,21,[]
4892,9,[]
4911,17,[]
4938,11,[]
4959,18,[]
4987,17,[]
5014,13,[]
5037,21,[]
5068,11,[]
5089,17,[]
5116,9,[]
5135,21,[]
5166,16,[]
5192,123,[]
5390,6,[]
5406,4,[]
5420,11,[]
5441,5,[]
5456,14,[]
5480,8,[]
5498,23,[]
5531,10,[]
5551,17,[]
5578,15,[]
5603,11,[]
5624,19,[]
5653,10,[]
5673,14,[]
5697,8,[]
5715,19,[]
5744,14,[]
5768,8,[]
5786,15,[]
5811,9,[]
5830,18,[]
5858,10,[]
5878,18,[]
5906,13,[]
5929,19,[]
5958,11,[]
5979,18,[]
6007,11,[]
6028,20,[]
6058,123,[]
6256,1,[]
6267,9,[]
6286,8,[]
6304,11,[]
6325,8,[]
6343,11,[]
6364,6,[]
6380,12,[]
6402,11,[]
6423,10,[]
6443,16,[]
6469,9,[]
6488,14,[]
6512,9,[]
6531,16,[]
6557,16,[]
6583,8,[]
6601,16,[]
6627,8,[]
6645,14,[]
6669,8,[]
6687,19,[]
6716,8,[]
6734,18,[]
6762,9,[]
6781,18,[]
6809,17,[]
6836,11,[]
6857,15,[]
6882,110,[]
7067,13,[]
7090,6,[]
7106,12,[]
7128,7,[]
7145,14,[]
7169,13,[]
7192,10,[]
7212,13,[]
7235,8,[]
7253,13,[]
7276,8,[]
7294,16,[]
7320,10,[]
7340,14,[]
7364,6,[]
7380,13,[]
7403,14,[]
7427,11,[]
7448,15,[]
7473,10,[]
7493,16,[]
7519,10,[]
7539,17,[]
7566,17,[]
7593,8,[]
7611,16,[]
7637,8,[]
7655,17,[]
7682,11,[]
7703,114,[]
7892,1,[]
7903,8,[]
7921,12,[]
7943,8,[]
7961,15,[]
7986,6,[]
8002,15,[]
8027,10,[]
8047,15,[]
8072,8,[]
8090,14,[]
8114,9,[]
8133,15,[]
8158,15,[]
8183,8,[]
8201,15,[]
8226,9,[]
8245,17,[]
8272,10,[]
8292,19,[]
8321,9,[]
8340,19,[]
8369,19,[]
8398,11,[]
8419,22,[]
8451,9,[]
8470,19,[]
8499,11,[]
8520,10,[]
0,21,[]
32,8,[]
51,10,[]
72,15,[]
98,9,[]
118,15,[]
144,16,[]
171,7,[]
189,14,[]
214,13,[]
238,4,[]
253,12,[]
276,7,[]
294,13,[]
318,13,[]
342,18,[]
371,8,[]
390,11,[]
412,13,[]
436,12,[]
459,23,[]
493,17,[]
521,5,[]
537,14,[]
562,16,[]
589,17,[]
617,30,[]
658,14,[]
683,7,[]
701,15,[]
727,97,[]
878,8,[]
897,12,[]
920,7,[]
938,2,[]
951,11,[]
973,7,[]
991,13,[]
1015,14,[]
1040,14,[]
1065,4,[]
1080,17,[]
1108,20,[]
1139,8,[]
1158,20,[]
1189,23,[]
1223,8,[]
1242,24,[]
1277,23,[]
1311,7,[]
1329,24,[]
1364,21,[]
1396,7,[]
1414,22,[]
1447,20,[]
1478,13,[]
1502,20,[]
1533,19,[]
1563,6,[]
1580,18,[]
1609,82,[]
1745,2,[]
1758,14,[]
1783,16,[]
1810,9,[]
1830,18,[]
1859,20,[]
1890,11,[]
1912,20,[]
1943,10,[]
1964,25,[]
2000,21,[]
2032,22,[]
2065,11,[]
2087,24,[]
2122,25,[]
2158,12,[]
2181,23,[]
2215,20,[]
2246,8,[]
2265,9,[]
2285,27,[]
2323,9,[]
2343,21,[]
2375,5,[]
2391,19,[]
2421,18,[]
2450,18,[]
2479,7,[]
2497,19,[]
2527,79,[]
2660,2,[]
2673,9,[]
2693,6,[]
2710,14,[]
2735,10,[]
2756,8,[]
2775,15,[]
2801,18,[]
2830,7,[]
2848,11,[]
2870,18,[]
2899,17,[]
2927,6,[]
2944,15,[]
2970,14,[]
2995,16,[]
3022,15,[]
3048,16,[]
3075,7,[]
3093,15,[]
3119,15,[]
3145,7,[]
3163,18,[]
3192,12,[]
3215,16,[]
3242,15,[]
3268,13,[]
3292,16,[]
3319,13,[]
3343,94,[]
3491,1,[]
3503,9,[]
3523,15,[]
3549,5,[]
3565,17,[]
3593,4,[]
3608,17,[]
3636,18,[]
3665,11,[]
3687,20,[]
3718,16,[]
3745,19,[]
3775,12,[]
3798,21,[]
3830,16,[]
3857,11,[]
3879,21,[]
3911,9,[]
3931,22,[]
3964,19,[]
3994,9,[]
4014,18,[]
4043,17,[]
4071,20,[]
4102,9,[]
4122,21,[]
4154,16,[]
4181,10,[]
4202,21,[]
4234,75,[]
4363,11,[]
4385,15,[]
4411,10,[]
4432,17,[]
4460,16,[]
4487,18,[]
4516,10,[]
4537,19,[]
4567,7,[]
4585,12,[]
4608,21,[]
4640,13,[]
4664,21,[]
4696,16,[]
4723,13,[]
4747,18,[]
4776,17,[4, 5, 6, 7, 8, 9, 10, 11, 12, 13, 14, 15, 16]
4804,14,[]
4829,17,[]
4857,15,[]
4883,17,[]
4911,15,[]
4937,17,[]
4965,9,[]
4985,16,[]
5012,24,[]
5047,12,[]
5070,15,[]
5096,22,[]
5129,93,[]
5276,8,[]
5295,13,[]
5319,8,[]
5338,16,[]
5365,18,[]
5394,10,[]
5415,18,[]
5444,18,[]
5473,10,[]
5494,20,[]
5525,16,[2, 3, 4, 5, 6, 7, 8, 9, 10, 11, 12, 13, 14, 15]
5552,17,[]
5580,14,[]
5605,19,[]
5635,6,[]
5652,18,[]
5681,19,[]
5711,7,[]
5729,16,[]
5756,16,[]
5783,9,[]
5803,17,[]
5831,16,[]
5858,13,[]
5882,16,[]
5909,17,[]
5937,9,[]
5957,18,[]
5986,20,[]
6017,76,[]
6147,11,[]
6169,14,[]
6194,7,[]
6212,17,[]
6240,16,[]
6267,18,[]
6296,10,[]
6317,19,[4, 5, 6, 7, 8, 9, 10, 11, 12, 13, 14, 15, 16]
6347,7,[]
6365,16,[]
6392,18,[]
6421,8,[]
6440,18,[]
6469,20,[]
6500,7,[]
6518,18,[]
6547,19,[]
6577,18,[]
6606,7,[]
6624,19,[]
6654,13,[]
6678,16,[]
6705,19,[]
6735,7,[]
6753,17,[]
6781,18,[]
6810,8,[]
6829,19,[]
6859,16,[]
6886,81,[]
7021,7,[]
7039,12,[]
7062,8,[]
7081,17,[]
7109,6,[]
7126,12,[]
7149,18,[]
7178,18,[]
7207,6,[]
7224,18,[]
7253,18,[]
7282,17,[]
7310,11,[]
7332,19,[]
7362,7,[]
7380,20,[]
7411,18,[]
7440,7,[]
7458,18,[]
7487,20,[]
7518,7,[]
7536,19,[]
7566,21,[]
7598,8,[]
7617,18,[]
7646,17,[]
7674,8,[]
7693,17,[]
7721,13,[]
7745,84,[]
7883,7,[]
7901,9,[]
7921,10,[]
7942,14,[]
7967,12,[]
7990,9,[]
8010,15,[]
8036,16,[]
8063,7,[]
8081,21,[]
8113,19,[]
8143,7,[]
8161,17,[]
8189,16,[]
8216,7,[]
8234,18,[]
8263,15,[]
8289,14,[]
8314,19,[]
8344,16,[]
8371,13,[]
8395,19,[]
8425,18,[]
8454,13,[]
8478,19,[]
8508,8,[]
8527,22,[]
8560,8,[]
8579,11,[]
0,30,[]
41,6,[]
58,13,[]
82,16,[]
109,15,[]
135,16,[]
162,14,[]
187,16,[]
214,15,[]
240,10,[]
261,21,[]
293,20,[]
324,20,[]
355,21,[]
387,21,[]
419,21,[]
451,20,[]
482,20,[]
513,20,[]
544,19,[]
574,19,[]
604,19,[]
634,17,[]
662,17,[]
690,16,[]
717,25,[]
753,13,[]
777,16,[]
804,18,[]
833,15,[]
859,60,[]
966,9,[]
986,12,[]
1009,13,[]
1033,8,[]
1052,15,[]
1078,13,[]
1102,16,[]
1129,15,[]
1155,16,[]
1182,19,[]
1212,18,[]
1241,18,[]
1270,18,[]
1299,16,[]
1326,16,[]
1353,17,[]
1381,19,[]
1411,16,[]
1438,17,[]
1466,15,[]
1492,15,[]
1518,14,[]
1543,14,[]
1568,14,[]
1593,25,[]
1629,17,[0, 1, 2, 3, 4, 5, 6, 7, 8, 9, 10, 11, 12, 13, 14, 15, 16]
1657,17,[]
1685,15,[]
1711,15,[]
1737,77,[]
1861,5,[]
1877,9,[]
1897,10,[]
1918,12,[]
1941,13,[]
1965,11,[]
1987,13,[]
2011,11,[]
2033,16,[]
2060,19,[]
2090,16,[]
2117,19,[]
2147,16,[]
2174,17,[]
2202,15,[]
2228,18,[]
2257,18,[]
2286,19,[]
2316,17,[]
2344,18,[]
2373,15,[]
2399,17,[]
2427,16,[]
2454,19,[]
2484,27,[]
2522,13,[]
2546,17,[]
2574,15,[]
2600,13,[]
2624,86,[]
2757,8,[]
2776,15,[]
2802,13,[]
2826,18,[]
2855,13,[]
2879,14,[]
2904,13,[]
2928,16,[]
2955,15,[]
2981,17,[]
3009,15,[]
3035,16,[]
3062,14,[]
3087,13,[]
3111,16,[]
3138,15,[]
3164,16,[]
3191,16,[]
3218,14,[]
3243,14,[]
3268,13,[]
3292,13,[]
3316,15,[]
3342,23,[]
3376,12,[]
3399,15,[]
3425,16,[]
3452,14,[]
3477,13,[]
3501,61,[]
3609,8,[]
3628,10,[]
3649,13,[]
3673,12,[]
3696,12,[]
3719,13,[]
3743,12,[]
3766,12,[]
3789,13,[]
3813,13,[]
3837,12,[]
3860,12,[]
3883,13,[]
3907,12,[]
3930,17,[]
3958,14,[]
3983,15,[]
4009,16,[]
4036,17,[]
4064,18,[]
4093,16,[]
4120,17,[]
4148,26,[]
4185,15,[]
4211,17,[]
4239,17,[]
4267,15,[]
4293,24,[]
4328,15,[]
4354,72,[]
4473,9,[]
4493,13,[]
4517,20,[]
4548,18,[]
4577,13,[]
4601,13,[]
4625,17,[]
4653,18,[]
4682,17,[]
4710,16,[]
4737,16,[]
4764,14,[]
4789,16,[]
4816,18,[]
4845,18,[]
4874,18,[]
4903,19,[]
4933,17,[]
4961,19,[]
4991,16,[0, 1, 2, 3, 4, 5, 6, 7, 8, 9, 10, 11, 12, 13, 14, 15]
5018,17,[]
5046,17,[]
5074,31,[]
5116,15,[]
5142,15,[]
5168,17,[]
5196,17,[]
5224,16,[]
5251,16,[]
5278,75,[]
5400,8,[]
5419,12,[]
5442,12,[0, 1, 2, 3, 4, 5, 6, 7, 8, 9, 10, 11]
5465,14,[]
5490,14,[]
5515,13,[]
5539,16,[]
5566,15,[]
5592,15,[]
5618,13,[]
5642,17,[]
5670,17,[]
5698,12,[]
5721,13,[]
5745,21,[]
5777,16,[]
5804,17,[]
5832,12,[]
5855,12,[]
5878,13,[]
5902,14,[]
5927,23,[]
5961,11,[]
5983,13,[0, 1, 2, 3, 4, 5, 6, 7, 8, 9, 10, 11, 12]
6007,16,[]
6034,13,[]
6058,15,[]
6084,13,[]
6108,14,[]
6133,79,[]
6259,5,[]
6275,7,[]
6293,8,[]
6312,11,[]
6334,9,[]
6354,10,[]
6375,12,[]
6398,15,[]
6424,13,[]
6448,12,[]
6471,14,[]
6496,16,[]
6523,14,[]
6548,13,[]
6572,11,[]
6594,11,[]
6616,12,[0, 1, 2, 3, 4, 5, 6, 7, 8, 9, 10, 11]
6639,11,[]
6661,11,[]
6683,15,[]
6709,14,[]
6734,28,[]
6773,15,[]
6799,17,[]
6827,14,[]
6852,13,[]
6876,13,[]
6900,15,[]
6926,17,[]
6954,88,[]
7089,6,[]
7106,10,[]
7127,12,[]
7150,13,[]
7174,14,[]
7199,14,[]
7224,14,[]
7249,15,[0, 1, 2, 3, 4, 5, 6, 7, 8, 9, 10, 11, 12]
7275,15,[]
7301,15,[]
7327,14,[]
7352,15,[]
7378,14,[]
7403,13,[]
7427,18,[]
7456,13,[]
7480,13,[]
7504,12,[]
7527,13,[]
7551,15,[]
7577,22,[]
7610,12,[]
7633,13,[]
7657,12,[]
7680,12,[]
7703,12,[]
7726,13,[]
7750,13,[]
7774,12,[]
7797,61,[]
7905,6,[]
7922,9,[]
7942,10,[]
7963,11,[]
7985,9,[]
8005,12,[]
8028,12,[]
8051,12,[]
8074,13,[]
8098,13,[]
8122,14,[0, 1, 2, 3, 4, 5, 6, 7, 8, 9, 10, 11, 12, 13]
8147,15,[]
8173,14,[]
8198,15,[]
8224,15,[]
8250,16,[]
8277,16,[]
8304,16,[]
8331,14,[]
8356,16,[]
8383,23,[]
8417,15,[]
8443,14,[]
8468,16,[]
8495,16,[]
8522,17,[]
8550,15,[]
8576,14,[]
8601,12,[]
0,20,[]
31,7,[]
49,3,[]
63,11,[]
85,11,[]
107,14,[]
132,10,[]
153,13,[]
177,13,[]
201,12,[]
224,12,[]
247,11,[]
269,6,[]
286,12,[]
309,12,[]
332,12,[]
355,12,[]
378,8,[]
397,11,[]
419,13,[]
443,15,[]
469,14,[]
494,18,[]
523,18,[]
552,17,[]
580,12,[]
603,13,[]
627,13,[]
651,13,[]
675,17,[]
703,74,[]
820,16,[]
847,13,[]
871,3,[]
885,12,[]
908,14,[]
933,16,[]
960,10,[]
981,17,[]
1009,16,[]
1036,17,[]
1064,8,[]
1083,17,[]
1111,18,[]
1140,17,[]
1168,15,[]
1194,18,[]
1223,6,[]
1240,17,[]
1268,16,[]
1295,17,[]
1323,20,[]
1354,8,[]
1373,18,[]
1402,20,[]
1433,17,[]
1461,18,[]
1490,10,[]
1511,20,[]
1542,16,[]
1569,70,[]
1682,12,[]
1705,4,[]
1720,16,[]
1747,17,[]
1775,17,[]
1803,17,[]
1831,10,[]
1852,18,[]
1881,17,[]
1909,18,[]
1938,18,[]
1967,11,[]
1989,19,[]
2019,19,[]
2049,18,[]
2078,17,[]
2106,20,[]
2137,10,[]
2158,21,[]
2190,17,[]
2218,18,[]
2247,10,[]
2268,26,[]
2305,20,[]
2336,21,[]
2368,20,[]
2399,20,[]
2430,6,[]
2447,17,[]
2475,73,[]
2591,2,[]
2604,14,[]
2629,15,[]
2655,16,[]
2682,16,[]
2709,15,[]
2735,10,[]
2756,19,[]
2786,19,[]
2816,16,[]
2843,9,[]
2863,19,[]
2893,19,[]
2923,15,[]
2949,16,[]
2976,18,[]
3005,10,[]
3026,20,[]
3057,18,[0, 1, 2, 3, 4, 5, 6, 7, 8, 9, 10, 11, 12]
3086,19,[]
3116,19,[]
3146,6,[]
3163,17,[]
3191,19,[]
3221,19,[]
3251,18,[]
3280,18,[]
3309,9,[]
3329,16,[]
3356,62,[]
3461,12,[]
3484,4,[]
3499,15,[]
3525,15,[]
3551,13,[]
3575,16,[]
3602,15,[]
3628,8,[]
3647,17,[]
3675,9,[]
3695,18,[]
3724,17,[]
3752,17,[]
3780,17,[]
3808,16,[]
3835,10,[]
3856,16,[]
3883,17,[]
3911,16,[]
3938,14,[]
3963,15,[]
3989,10,[]
4010,18,[]
4039,16,[]
4066,15,[]
4092,15,[]
4118,15,[]
4144,7,[]
4162,16,[]
4189,71,[]
4303,2,[]
4316,13,[]
4340,14,[]
4365,16,[]
4392,16,[]
4419,16,[]
4446,10,[]
4467,15,[]
4493,17,[]
4521,17,[]
4549,13,[]
4573,9,[]
4593,15,[]
4619,18,[]
4648,16,[]
4675,16,[]
4702,9,[]
4722,17,[]
4750,17,[]
4778,16,[]
4805,15,[]
4831,17,[]
4859,6,[]
4876,15,[]
4902,15,[]
4928,16,[]
4955,16,[]
4982,7,[]
5000,16,[]
5027,68,[]
5138,12,[]
5161,5,[]
5177,15,[]
5203,18,[]
5232,12,[]
5255,7,[]
5273,16,[]
5300,18,[]
5329,17,[]
5357,18,[]
5386,7,[]
5404,19,[]
5434,20,[]
5465,19,[]
5495,19,[]
5525,9,[]
5545,19,[]
5575,19,[]
5605,22,[]
5638,17,[]
5666,23,[]
5700,6,[]
5717,23,[]
5751,21,[]
5783,22,[]
5816,16,[]
5843,7,[]
5861,16,[]
5888,22,[0, 1, 2, 3, 4, 5, 6, 7, 8, 9, 10, 11, 12, 13, 14, 15, 16, 17, 18, 19]
5921,61,[]
6025,16,[]
6052,5,[]
6068,19,[]
6098,20,[]
6129,16,[]
6156,17,[]
6184,7,[]
6202,21,[]
6234,18,[]
6263,17,[]
6291,19,[]
6321,6,[]
6338,16,[]
6365,19,[]
6395,18,[]
6424,17,[]
6452,9,[]
6472,17,[]
6500,17,[]
6528,19,[]
6558,18,[]
6587,5,[]
6603,17,[]
6631,15,[]
6657,18,[]
6686,16,[]
6713,15,[]
6739,7,[]
6757,17,[]
6785,65,[]
6893,1,[]
6905,13,[]
6929,17,[]
6957,17,[]
6985,17,[]
7013,8,[]
7032,17,[]
7060,20,[]
7091,16,[]
7118,8,[]
7137,17,[]
7165,20,[]
7196,16,[]
7223,17,[]
7251,18,[]
7280,4,[]
7295,16,[]
7322,19,[]
7352,17,[]
7380,14,[]
7405,7,[]
7423,16,[]
7450,17,[]
7478,17,[]
7506,17,[]
7534,16,[]
7561,7,[]
7579,18,[]
7608,19,[]
7638,64,[]
7745,11,[]
7767,5,[]
7783,15,[]
7809,17,[3, 4, 5, 6, 7, 8, 9, 10, 11, 12, 13, 14, 15, 16]
7837,10,[]
7858,10,[]
7879,8,[]
7898,16,[]
7925,16,[]
7952,19,[]
7982,7,[]
8000,17,[]
8028,17,[]
8056,17,[]
8084,17,[]
8112,17,[]
8140,7,[]
8158,16,[]
8185,17,[]
8213,18,[]
8242,13,[]
8266,6,[]
8283,17,[]
8311,14,[]
8336,18,[]
8365,13,[]
8389,12,[]
8412,9,[]
8432,14,[]
0,26,[]
36,1,[]
47,8,[]
65,8,[]
83,11,[]
104,10,[]
124,15,[]
149,10,[]
169,11,[]
190,11,[]
211,11,[]
232,16,[]
258,13,[]
281,12,[]
303,12,[]
325,12,[]
347,11,[]
368,14,[]
392,12,[]
414,9,[]
433,9,[]
452,10,[]
472,14,[]
496,15,[]
521,16,[]
547,15,[]
572,18,[]
600,20,[]
630,19,[]
659,19,[]
688,84,[]
820,17,[]
847,14,[]
871,11,[]
892,8,[]
910,9,[]
929,15,[]
954,14,[]
978,16,[]
1004,15,[]
1029,13,[]
1052,16,[]
1078,15,[]
1103,15,[]
1128,15,[]
1153,15,[]
1178,14,[]
1202,15,[]
1227,13,[]
1250,16,[]
1276,14,[]
1300,16,[]
1326,14,[]
1350,18,[]
1378,13,[]
1401,13,[]
1424,15,[]
1449,17,[]
1476,15,[]
1501,17,[]
1528,76,[]
1652,7,[]
1669,13,[]
1692,13,[]
1715,15,[]
1740,14,[]
1764,20,[]
1794,17,[]
1821,16,[]
1847,11,[]
1868,14,[]
1892,13,[0, 1, 2, 3, 4, 5, 6, 7, 8, 9, 10, 11, 12]
1915,16,[]
1941,18,[]
1969,18,[]
1997,19,[]
2026,19,[]
2055,19,[]
2084,19,[]
2113,19,[]
2142,20,[]
2172,22,[]
2204,22,[]
2236,21,[]
2267,16,[]
2293,16,[]
2319,18,[]
2347,20,[]
2377,17,[]
2404,16,[]
2430,72,[]
2550,7,[]
2567,14,[]
2591,14,[]
2615,16,[]
2641,15,[]
2666,21,[]
2697,12,[]
2719,12,[]
2741,16,[]
2767,17,[]
2794,15,[]
2819,15,[]
2844,12,[]
2866,14,[]
2890,14,[]
2914,18,[]
2942,12,[]
2964,14,[]
2988,12,[]
3010,14,[]
3034,10,[]
3054,12,[]
3076,12,[]
3098,11,[]
3119,13,[]
3142,14,[]
3166,13,[]
3189,11,[]
3210,9,[]
3229,77,[]
3354,5,[]
3369,10,[]
3389,10,[]
3409,11,[]
3430,9,[]
3449,17,[]
3476,8,[]
3494,10,[]
3514,11,[]
3535,12,[]
3557,10,[]
3577,11,[]
3598,13,[]
3621,15,[]
3646,10,[]
3666,10,[]
3686,14,[]
3710,15,[]
3735,14,[]
3759,13,[]
3782,14,[]
3806,13,[]
3829,13,[]
3852,16,[]
3878,15,[]
3903,6,[]
3919,19,[]
3948,17,[]
3975,17,[]
4002,72,[]
4122,10,[]
4142,14,[]
4166,14,[]
4190,17,[]
4217,15,[]
4242,14,[]
4266,20,[]
4296,14,[]
4320,12,[]
4342,14,[]
4366,15,[]
4391,15,[]
4416,20,[]
4446,18,[]
4474,13,[]
4497,13,[]
4520,12,[]
4542,14,[]
4566,18,[]
4594,18,[]
4622,13,[]
4645,13,[]
4668,16,[]
4694,15,[]
4719,16,[]
4745,18,[]
4773,15,[]
4798,15,[]
4823,22,[]
4855,65,[]
4968,8,[]
4986,8,[]
5004,9,[]
5023,11,[]
5044,11,[]
5065,13,[]
5088,21,[]
5119,11,[]
5140,10,[]
5160,11,[]
5181,11,[]
5202,11,[]
5223,12,[]
5245,13,[]
5268,12,[]
5290,10,[]
5310,11,[]
5331,11,[]
5352,14,[]
5376,23,[]
5409,13,[]
5432,10,[]
5452,10,[]
5472,12,[]
5494,13,[]
5517,16,[]
5543,17,[]
5570,17,[]
5597,15,[]
5622,73,[]
5743,7,[]
5760,9,[]
5779,10,[]
5799,15,[]
5824,12,[]
5846,11,[]
5867,15,[]
5892,9,[]
5911,9,[]
5930,9,[]
5949,11,[0, 1, 2, 3, 4, 5, 6, 7, 8, 9, 10]
5970,12,[]
5992,10,[]
6012,13,[]
6035,13,[]
6058,12,[]
6080,11,[]
6101,10,[]
6121,12,[]
6143,12,[]
6165,10,[]
6185,13,[]
6208,12,[]
6230,10,[]
6250,10,[]
6270,12,[]
6292,10,[]
6312,10,[]
6332,10,[]
6352,82,[]
6482,7,[]
6499,10,[]
6519,9,[]
6538,11,[]
6559,14,[]
6583,11,[]
6604,15,[]
6629,11,[]
6650,10,[]
6670,9,[]
6689,8,[]
6707,10,[]
6727,10,[]
6747,10,[]
6767,13,[]
6790,12,[]
6812,10,[]
6832,11,[]
6853,14,[]
6877,17,[]
6904,15,[]
6929,16,[]
6955,16,[]
6981,15,[]
7006,14,[]
7030,14,[]
7054,15,[]
7079,18,[]
7107,17,[]
7134,72,[]
7254,10,[]
7274,13,[]
7297,15,[]
7322,14,[]
7346,16,[]
7372,15,[]
7397,23,[]
7430,16,[]
7456,18,[]
7484,15,[]
7509,15,[]
7534,15,[]
7559,16,[]
7585,17,[]
7612,17,[]
7639,15,[2, 3, 4, 5, 6, 7, 8, 9, 10, 11, 12, 13, 14]
7664,16,[]
7690,16,[]
7716,20,[]
7746,17,[]
7773,15,[]
7798,16,[]
7824,15,[]
7849,17,[]
7876,16,[]
7902,17,[]
7929,15,[]
7954,13,[]
7977,8,[]
0,21,[]
32,3,[]
46,9,[]
66,14,[]
91,9,[]
111,9,[]
131,9,[]
151,8,[]
170,10,[]
191,9,[]
211,10,[]
232,8,[]
251,10,[]
272,9,[]
292,10,[]
313,10,[]
334,14,[]
359,16,[]
386,12,[]
409,14,[]
434,13,[]
458,15,[]
484,12,[]
507,14,[]
532,11,[]
554,11,[]
576,12,[]
599,15,[]
625,15,[]
651,15,[]
677,134,[]
870,15,[]
896,7,[]
914,4,[]
929,3,[]
943,6,[]
960,10,[]
981,4,[]
996,17,[]
1024,11,[]
1046,10,[]
1067,10,[]
1088,9,[]
1108,13,[]
1132,14,[]
1157,11,[]
1179,17,[]
1207,16,[]
1234,17,[]
1262,16,[]
1289,17,[]
1317,17,[]
1345,15,[]
1371,15,[]
1397,16,[2, 3, 4, 5, 6, 7, 8, 9, 10, 11, 12, 13, 14, 15]
1424,14,[]
1449,13,[]
1473,12,[]
1496,14,[]
1521,13,[]
1545,104,[]
1708,6,[]
1725,9,[]
1745,14,[]
1770,8,[]
1789,16,[]
1816,17,[]
1844,17,[]
1872,14,[]
1897,14,[]
1922,16,[]
1949,16,[]
1976,18,[]
2005,15,[]
2031,20,[6, 7, 8, 9, 10, 11, 12, 13, 14, 15, 16, 17, 18, 19]
2062,20,[]
2093,18,[]
2122,11,[]
2144,18,[]
2173,18,[]
2202,21,[]
2234,21,[]
2266,23,[]
2300,20,[]
2331,22,[]
2364,22,[]
2397,16,[]
2424,20,[]
2455,18,[]
2484,16,[]
2511,102,[]
2672,9,[]
2692,11,[]
2714,12,[]
2737,14,[]
2762,15,[]
2788,15,[]
2814,16,[]
2841,16,[]
2868,9,[]
2888,16,[]
2915,20,[]
2946,18,[]
2975,18,[0, 1, 2, 3, 4, 5, 6, 7, 8, 9, 10, 11, 12, 13, 14, 15, 16, 17]
3004,18,[]
3033,19,[]
3063,20,[]
3094,18,[]
3123,22,[]
3156,17,[]
3184,14,[]
3209,21,[]
3241,19,[]
3271,16,[]
3298,21,[]
3330,15,[]
3356,17,[]
3384,16,[]
3411,18,[]
3440,11,[]
3462,104,[]
3625,6,[]
3642,11,[]
3664,12,[]
3687,15,[]
3713,13,[]
3737,13,[]
3761,14,[]
3786,14,[]
3811,13,[]
3835,18,[]
3864,14,[]
3889,16,[]
3916,16,[]
3943,10,[]
3964,16,[]
3991,16,[]
4018,11,[]
4040,13,[]
4064,12,[]
4087,11,[]
4109,9,[]
4129,10,[]
4150,13,[]
4174,12,[]
4197,14,[]
4222,13,[]
4246,12,[]
4269,20,[]
4300,8,[]
4319,104,[]
4482,8,[]
4501,7,[]
4519,10,[]
4540,13,[]
4564,10,[]
4585,10,[]
4606,9,[]
4626,13,[]
4650,10,[]
4671,13,[]
4695,12,[]
4718,10,[]
4739,13,[]
4763,13,[]
4787,14,[]
4812,7,[]
4830,11,[]
4852,14,[]
4877,13,[]
4901,12,[]
4924,11,[]
4946,12,[]
4969,9,[]
4989,9,[]
5009,11,[]
5031,12,[]
5054,13,[]
5078,14,[]
5103,3,[]
5117,104,[]
5280,8,[]
5299,12,[]
5322,13,[]
5346,16,[]
5373,18,[]
5402,16,[]
5429,19,[]
5459,19,[]
5489,18,[]
5518,8,[]
5537,21,[]
5569,20,[]
5600,18,[]
5629,21,[]
5661,18,[]
5690,20,[]
5721,16,[]
5748,17,[]
5776,18,[]
5805,22,[]
5838,21,[]
5870,21,[]
5902,23,[]
5936,23,[]
5970,22,[]
6003,21,[]
6035,22,[]
6068,20,[]
6099,7,[]
6117,75,[]
6251,12,[]
6274,17,[]
6302,17,[]
6330,16,[]
6357,18,[]
6386,18,[]
6415,18,[]
6444,19,[]
6474,15,[]
6500,17,[]
6528,19,[]
6558,19,[]
6588,7,[]
6606,18,[]
6635,18,[]
6664,17,[]
6692,15,[]
6718,16,[]
6745,16,[]
6772,17,[]
6800,15,[]
6826,20,[]
6857,16,[]
6884,16,[]
6911,8,[]
6930,17,[]
6958,14,[]
6983,17,[]
7011,17,[]
7039,57,[]
7155,9,[]
7175,13,[]
7199,15,[]
7225,16,[]
7252,13,[]
7276,5,[]
7292,16,[]
7319,14,[]
7344,13,[]
7368,13,[]
7392,13,[]
7416,13,[]
7440,13,[]
7464,13,[]
7488,12,[]
7511,13,[]
7535,7,[]
7553,13,[]
7577,18,[]
7606,14,[]
7631,14,[]
7656,13,[]
7680,11,[]
7702,11,[]
7724,14,[]
7749,5,[]
7765,14,[]
7790,11,[]
7812,17,[]
7840,46,[]
7945,12,[]
7968,15,[]
7994,14,[]
8019,17,[]
8047,14,[]
8072,13,[]
8096,16,[]
8123,15,[]
8149,14,[]
8174,16,[]
8201,5,[]
8217,18,[]
8246,15,[]
8272,17,[]
8300,16,[]
8327,17,[]
8355,13,[]
8379,15,[]
8405,15,[]
8431,5,[]
8447,17,[]
8475,16,[]
8502,16,[]
8529,15,[]
8555,14,[]
8580,14,[]
8605,8,[]
8624,17,[]
8652,21,[]
0,51,[]
115,15,[]
139,6,[]
154,19,[]
182,6,[]
197,20,[]
226,8,[]
243,17,[]
269,2,[]
280,19,[6, 7, 8, 9, 10, 11, 12, 13, 14, 15]
308,8,[]
325,19,[]
353,4,[]
366,21,[]
396,3,[]
408,16,[]
433,4,[]
446,18,[]
473,6,[]
488,17,[]
514,3,[]
526,20,[]
555,7,[]
571,21,[]
601,3,[]
613,20,[]
642,6,[]
657,18,[]
684,10,[]
703,20,[]
732,133,[]
929,12,[]
950,5,[]
964,17,[]
990,1,[]
1000,8,[]
1017,8,[]
1034,15,[]
1058,6,[]
1073,13,[]
1095,8,[]
1112,18,[]
1139,10,[]
1158,15,[]
1182,8,[]
1199,20,[]
1228,9,[]
1246,15,[]
1270,7,[]
1286,20,[]
1315,7,[]
1331,19,[]
1359,7,[]
1375,22,[]
1406,9,[]
1424,19,[]
1452,8,[]
1469,36,[]
1569,4,[]
1582,20,[]
1611,98,[]
1773,15,[]
1797,4,[]
1810,21,[]
1840,8,[]
1857,18,[]
1884,7,[]
1900,18,[]
1927,7,[]
1943,16,[]
1968,12,[]
1989,18,[0, 1, 2, 3, 4, 5, 6, 7, 8, 9, 10, 11, 12, 13, 14, 15, 16, 17]
2016,8,[]
2033,17,[]
2059,8,[]
2076,21,[]
2106,8,[]
2123,19,[]
2151,6,[]
2166,21,[]
2196,7,[]
2212,22,[]
2243,5,[]
2257,25,[]
2291,7,[]
2307,23,[]
2339,6,[]
2354,24,[]
2387,8,[]
2404,20,[]
2433,87,[]
2584,14,[]
2607,6,[]
2622,17,[]
2648,4,[]
2661,17,[]
2687,6,[]
2702,17,[]
2728,9,[]
2746,18,[]
2773,6,[]
2788,16,[]
2813,7,[]
2829,18,[]
2856,7,[]
2872,16,[]
2897,9,[]
2915,17,[]
2941,7,[]
2957,13,[]
2979,10,[]
2998,17,[]
3024,5,[]
3038,17,[]
3064,10,[]
3083,17,[0, 1, 2, 3, 4, 5, 6, 7, 8, 9, 10, 11, 12, 13, 14, 15, 16]
3109,8,[]
3126,20,[]
3155,7,[]
3171,13,[]
3193,109,[]
3366,7,[]
3382,3,[]
3394,16,[]
3419,5,[]
3433,16,[]
3458,5,[]
3472,21,[]
3502,5,[]
3516,27,[]
3552,7,[]
3568,24,[]
3601,9,[]
3619,23,[]
3651,6,[]
3666,24,[]
3699,6,[]
3714,18,[]
3741,4,[]
3754,21,[]
3784,5,[]
3798,19,[]
3826,3,[]
3838,20,[]
3867,6,[]
3882,19,[]
3910,8,[]
3927,15,[]
3951,3,[]
3963,16,[]
3988,106,[]
4158,12,[]
4179,3,[]
4191,17,[]
4217,6,[]
4232,19,[]
4260,4,[]
4273,24,[]
4306,6,[]
4321,26,[11, 12, 13, 14, 15, 16, 17, 18, 19, 20, 21, 22, 23, 24, 25]
4356,7,[]
4372,26,[]
4407,8,[]
4424,24,[]
4457,8,[]
4474,22,[]
4505,6,[]
4520,21,[]
4550,6,[]
4565,19,[]
4593,9,[]
4611,14,[]
4634,4,[]
4647,16,[]
4672,8,[]
4689,15,[]
4713,21,[]
4743,4,[]
4756,8,[]
4773,17,[]
4799,98,[]
4961,7,[]
4977,5,[]
4991,14,[]
5014,6,[]
5029,16,[]
5054,9,[]
5072,17,[]
5098,19,[]
5126,6,[]
5141,21,[]
5171,5,[]
5185,8,[]
5202,28,[]
5239,8,[]
5256,31,[]
5296,5,[]
5310,27,[]
5346,8,[]
5363,26,[]
5398,19,[]
5426,7,[]
5442,17,[]
5468,4,[]
5481,8,[]
5498,25,[]
5532,5,[]
5546,30,[]
5585,5,[]
5599,28,[]
5636,87,[]
5787,19,[]
5815,15,[]
5839,8,[]
5856,17,[0, 1, 2, 3, 4, 5, 6, 7, 8, 9, 10, 11, 12, 13, 14, 15, 16]
5882,6,[]
5897,21,[]
5927,7,[]
5943,8,[]
5960,20,[]
5989,4,[]
6002,18,[]
6029,4,[]
6042,19,[]
6070,20,[]
6099,6,[]
6114,20,[]
6143,5,[]
6157,19,[]
6185,6,[]
6200,19,[]
6228,5,[]
6242,10,[]
6261,21,[]
6291,5,[]
6305,21,[]
6335,28,[]
6372,6,[]
6387,20,[]
6416,8,[]
6433,77,[]
6574,1,[]
6584,21,[]
6614,5,[]
6628,5,[]
6642,24,[]
6675,7,[]
6691,21,[]
6721,19,[7, 8, 9, 10, 11, 12, 13, 14, 15, 16, 17, 18]
6749,5,[]
6763,15,[]
6787,6,[]
6802,16,[]
6827,5,[]
6841,18,[]
6868,3,[]
6880,21,[]
6910,3,[]
6922,7,[]
6938,29,[]
6976,23,[]
7008,4,[]
7021,20,[4, 5, 6, 7, 8, 9, 10, 11, 12, 13]
7050,6,[]
7065,19,[]
7093,11,[]
7113,18,[]
7140,6,[]
7155,22,[]
7186,4,[]
7199,87,[]
7350,1,[]
7360,19,[]
7388,4,[]
7401,19,[]
7429,6,[]
7444,19,[]
7472,4,[]
7485,18,[]
7512,4,[]
7525,17,[]
7551,8,[]
7568,18,[]
7595,6,[]
7610,18,[]
7637,6,[]
7652,18,[]
7679,5,[]
7693,17,[]
7719,6,[]
7734,19,[0, 1, 2, 3, 4, 5, 6, 7, 8, 9, 10, 11, 12, 13, 14]
7762,7,[]
7778,18,[]
7805,7,[]
7821,22,[]
7852,4,[]
7865,28,[]
7902,6,[]
7917,19,[]
7945,13,[]
0,33,[]
43,3,[]
56,10,[]
76,13,[]
99,13,[]
122,16,[]
148,12,[]
170,12,[]
192,9,[]
211,8,[]
229,9,[]
248,7,[]
265,14,[]
289,12,[]
311,16,[]
337,11,[]
358,13,[]
381,16,[]
407,19,[]
436,20,[]
466,22,[]
498,20,[]
528,21,[]
559,17,[]
586,19,[]
615,15,[]
640,19,[]
669,13,[]
692,18,[]
720,18,[]
748,119,[]
920,9,[]
939,8,[]
957,10,[]
977,4,[]
991,12,[]
1013,15,[]
1038,13,[]
1061,15,[]
1086,13,[]
1109,15,[]
1134,13,[]
1157,15,[]
1182,18,[]
1210,18,[0, 1, 2, 3, 4, 5, 6, 7, 8, 9, 10]
1238,16,[]
1264,19,[]
1293,17,[]
1320,18,[]
1348,16,[]
1374,19,[0, 5, 6, 7, 8, 9, 10, 11, 12, 13, 14, 15, 16, 17, 18]
1403,16,[]
1429,17,[]
1456,15,[]
1481,19,[]
1510,16,[]
1536,17,[]
1563,16,[]
1589,16,[]
1615,20,[]
1645,83,[]
1781,13,[]
1804,16,[]
1830,15,[]
1855,14,[]
1879,18,[]
1907,16,[]
1933,17,[]
1960,15,[]
1985,17,[]
2012,16,[]
2038,16,[]
2064,14,[]
2088,14,[]
2112,14,[]
2136,23,[]
2169,13,[]
2192,21,[]
2223,16,[]
2249,15,[]
2274,14,[]
2298,19,[]
2327,15,[0, 1, 2, 3, 4, 5, 6, 7, 8, 9, 10, 11, 12, 13]
2352,17,[]
2379,15,[]
2404,15,[]
2429,14,[]
2453,14,[]
2477,13,[]
2500,13,[]
2523,78,[]
2654,5,[]
2669,12,[]
2691,11,[]
2712,13,[]
2735,14,[]
2759,14,[]
2783,13,[]
2806,14,[]
2830,12,[]
2852,14,[]
2876,12,[]
2898,14,[]
2922,13,[]
2945,14,[]
2969,13,[]
2992,16,[]
3018,18,[]
3046,17,[]
3073,14,[]
3097,16,[]
3123,13,[]
3146,14,[]
3170,13,[]
3193,15,[]
3218,13,[]
3241,15,[]
3266,13,[]
3289,14,[]
3313,11,[]
3334,74,[]
3461,5,[]
3476,8,[]
3494,9,[]
3513,11,[]
3534,10,[]
3554,11,[]
3575,11,[]
3596,15,[]
3621,15,[]
3646,15,[]
3671,13,[]
3694,14,[]
3718,14,[]
3742,15,[]
3767,13,[]
3790,16,[]
3816,13,[]
3839,14,[]
3863,13,[]
3886,14,[]
3910,13,[]
3933,13,[]
3956,12,[]
3978,13,[]
4001,14,[]
4025,16,[]
4051,12,[]
4073,13,[]
4096,14,[]
4120,69,[]
4242,5,[]
4257,8,[]
4275,8,[]
4293,11,[]
4314,10,[]
4334,13,[]
4357,13,[]
4380,12,[]
4402,10,[]
4422,12,[]
4444,13,[]
4467,14,[]
4491,15,[]
4516,15,[]
4541,12,[]
4563,13,[]
4586,14,[]
4610,14,[]
4634,13,[]
4657,16,[]
4683,15,[]
4708,13,[]
4731,13,[]
4754,15,[]
4779,15,[]
4804,15,[]
4829,14,[]
4853,16,[]
4879,15,[]
4904,68,[]
5025,10,[]
5045,15,[]
5070,16,[]
5096,15,[]
5121,16,[]
5147,16,[]
5173,18,[0, 1, 2, 3, 4, 5, 6, 7, 8, 9, 10, 11, 12, 13, 14, 15, 16, 17]
5201,16,[]
5227,16,[]
5253,15,[]
5278,16,[]
5304,17,[]
5331,14,[]
5355,16,[]
5381,14,[]
5405,14,[]
5429,12,[]
5451,12,[]
5473,17,[]
5500,14,[]
5524,14,[]
5548,15,[]
5573,14,[]
5597,15,[]
5622,14,[]
5646,15,[]
5671,15,[]
5696,15,[]
5721,15,[]
5746,84,[]
5883,4,[]
5897,8,[]
5915,8,[]
5933,11,[]
5954,9,[]
5973,13,[]
5996,11,[]
6017,10,[]
6037,10,[]
6057,10,[]
6077,9,[]
6096,8,[]
6114,9,[]
6133,9,[]
6152,9,[]
6171,13,[]
6194,12,[]
6216,10,[]
6236,11,[]
6257,13,[]
6280,12,[]
6302,13,[]
6325,13,[]
6348,14,[]
6372,13,[]
6395,14,[]
6419,14,[]
6443,12,[]
6465,15,[]
6490,97,[]
6640,5,[]
6655,10,[]
6675,12,[]
6697,14,[]
6721,11,[]
6742,15,[]
6767,16,[0, 1, 2, 3, 4, 5, 6, 7, 8, 9, 10, 11, 12, 13, 14, 15]
6793,13,[]
6816,14,[]
6840,17,[]
6867,14,[]
6891,14,[]
6915,15,[]
6940,14,[]
6964,13,[]
6987,21,[]
7018,14,[]
7042,16,[0, 1, 2, 3, 4, 5, 6, 7, 8, 9, 10, 11, 12, 13]
7068,14,[]
7092,31,[]
7133,13,[]
7156,23,[]
7189,13,[]
7212,26,[]
7248,13,[]
7271,24,[]
7305,12,[]
7327,27,[]
7364,13,[]
7387,62,[]
7502,6,[]
7518,8,[]
7536,10,[]
7556,14,[]
7580,12,[]
7602,9,[]
7621,13,[]
7644,15,[]
7669,13,[]
7692,14,[0, 1, 2, 3, 4, 5, 6, 7, 8, 9, 10, 11, 12]
7716,13,[]
7739,15,[]
7764,12,[]
7786,13,[]
7809,13,[]
7832,13,[]
7855,13,[]
7878,13,[]
7901,13,[]
7924,14,[]
7948,13,[]
7971,13,[]
7994,12,[]
8016,13,[]
8039,14,[]
8063,13,[]
8086,12,[]
8108,13,[]
8131,9,[]
0,21,[]
32,1,[]
44,8,[]
63,13,[]
87,14,[]
112,13,[]
136,12,[]
159,12,[]
182,11,[]
204,13,[]
228,13,[]
252,12,[]
275,10,[]
296,10,[]
317,10,[]
338,10,[]
359,9,[]
379,9,[]
399,13,[]
423,18,[]
452,16,[]
479,13,[]
503,12,[]
526,18,[]
555,11,[]
577,8,[]
596,10,[]
617,16,[]
644,19,[]
674,24,[]
709,85,[]
843,25,[]
879,13,[]
903,11,[]
925,8,[]
944,10,[]
965,17,[]
993,16,[]
1020,14,[]
1045,14,[]
1070,12,[]
1093,16,[]
1120,12,[]
1143,15,[]
1169,10,[]
1190,10,[]
1211,18,[]
1240,12,[]
1263,11,[]
1285,12,[]
1308,17,[]
1336,11,[]
1358,11,[]
1380,14,[]
1405,14,[]
1430,16,[]
1457,16,[]
1484,15,[]
1510,16,[]
1537,17,[]
1565,67,[]
1681,16,[]
1708,11,[]
1730,16,[]
1757,14,[]
1782,13,[]
1806,16,[]
1833,13,[]
1857,13,[]
1881,14,[]
1906,17,[]
1934,16,[]
1961,14,[]
1986,12,[0, 1, 2, 3, 4, 5, 6, 7, 8, 9, 10, 11]
2009,11,[]
2031,16,[]
2058,11,[]
2080,14,[]
2105,12,[]
2128,11,[]
2150,13,[]
2174,7,[]
2192,7,[]
2210,8,[]
2229,9,[]
2249,9,[]
2269,10,[]
2290,8,[]
2309,13,[]
2333,3,[]
2347,98,[]
2494,9,[]
2514,7,[]
2532,9,[]
2552,10,[]
2573,8,[]
2592,10,[]
2613,14,[]
2638,14,[]
2663,16,[]
2690,15,[]
2716,14,[]
2741,16,[]
2768,14,[]
2793,15,[]
2819,17,[]
2847,16,[]
2874,14,[]
2899,14,[]
2924,16,[]
2951,13,[]
2975,14,[]
3000,9,[]
3020,12,[]
3043,12,[]
3066,12,[]
3089,14,[]
3114,12,[]
3137,13,[]
3161,14,[]
3186,74,[]
3309,16,[]
3336,12,[]
3359,12,[]
3382,14,[]
3407,13,[]
3431,14,[]
3456,15,[]
3482,16,[]
3509,16,[]
3536,14,[]
3561,15,[]
3587,15,[]
3613,19,[]
3643,14,[]
3668,13,[]
3692,16,[]
3719,11,[]
3741,16,[]
3768,15,[]
3794,13,[]
3818,13,[]
3842,12,[]
3865,13,[]
3889,13,[]
3913,16,[]
3940,18,[]
3969,19,[]
3999,18,[]
4028,19,[]
4058,75,[]
4182,18,[]
4211,17,[]
4239,18,[]
4268,21,[]
4300,21,[]
4332,23,[]
4366,21,[]
4398,21,[]
4430,20,[]
4461,19,[]
4491,15,[]
4517,13,[]
4541,14,[]
4566,18,[]
4595,18,[]
4624,20,[]
4655,20,[]
4686,15,[]
4712,15,[]
4738,19,[]
4768,17,[]
4796,15,[]
4822,20,[]
4853,15,[]
4879,21,[]
4911,19,[]
4941,23,[]
4975,20,[]
5006,22,[]
5039,67,[]
5155,22,[]
5188,14,[]
5213,14,[]
5238,15,[]
5264,17,[]
5292,15,[]
5318,17,[]
5346,15,[]
5372,16,[]
5399,15,[]
5425,11,[]
5447,17,[]
5475,15,[]
5501,14,[]
5526,18,[]
5555,15,[]
5581,18,[]
5610,13,[]
5634,14,[0, 1, 2, 3, 4, 5, 6, 7, 8, 9, 10, 11, 12]
5659,17,[]
5687,14,[]
5712,13,[]
5736,15,[]
5762,16,[]
5789,17,[]
5817,14,[]
5842,18,[]
5871,16,[]
5898,14,[]
5923,71,[]
6043,6,[]
6060,14,[]
6085,13,[]
6109,13,[]
6133,16,[]
6160,11,[]
6182,11,[]
6204,13,[]
6228,13,[]
6252,17,[]
6280,14,[]
6305,11,[]
6327,12,[]
6350,15,[]
6376,15,[]
6402,12,[]
6425,12,[]
6448,14,[]
6473,16,[]
6500,15,[]
6526,12,[]
6549,11,[]
6571,15,[]
6597,15,[]
6623,12,[]
6646,12,[]
6669,12,[]
6692,14,[]
6717,12,[]
6740,81,[]
6870,5,[]
6886,16,[]
6913,13,[]
6937,12,[]
6960,9,[]
6980,13,[]
7004,11,[]
7026,12,[]
7049,10,[]
7070,14,[]
7095,16,[]
7122,14,[]
7147,14,[]
7172,17,[]
7200,15,[]
7226,16,[]
7253,14,[]
7278,16,[]
7305,16,[]
7332,19,[]
7362,17,[]
7390,18,[]
7419,19,[]
7449,18,[]
7478,17,[]
7506,18,[]
7535,18,[]
7564,18,[]
7593,15,[]
7619,76,[]
7744,8,[]
7763,24,[]
7798,13,[]
7822,12,[]
7845,10,[]
7866,14,[]
7891,13,[]
7915,11,[]
7937,10,[]
7958,13,[]
7982,10,[]
8003,14,[]
8028,15,[]
8054,18,[]
8083,13,[]
8107,14,[]
8132,14,[]
8157,14,[]
8182,14,[]
8207,15,[]
8233,16,[]
8260,16,[]
8287,13,[]
8311,15,[]
8337,15,[]
8363,17,[]
8391,15,[]
8417,18,[]
8446,18,[]
0,19,[]
29,1,[]
40,7,[]
57,9,[]
76,10,[]
96,9,[]
115,6,[]
131,11,[]
152,8,[]
170,9,[]
189,10,[]
209,13,[]
232,15,[]
257,14,[]
281,17,[]
308,15,[]
333,23,[]
366,14,[]
390,16,[]
416,18,[]
444,26,[]
480,17,[]
507,23,[]
540,22,[]
572,14,[]
596,22,[]
628,13,[]
651,25,[]
686,11,[]
707,23,[]
740,152,[]
960,2,[]
972,19,[3, 4, 5, 6, 7, 8, 9, 10, 11, 12, 13]
1001,2,[]
1013,7,[]
1030,10,[]
1050,18,[]
1078,18,[]
1106,6,[]
1122,10,[]
1142,14,[]
1166,20,[]
1196,6,[]
1212,20,[]
1242,19,[]
1271,24,[]
1305,7,[]
1322,17,[]
1349,19,[]
1378,11,[]
1399,19,[]
1428,6,[]
1444,12,[]
1466,19,[4, 5, 6, 7, 8, 9, 10, 11, 12, 13, 14, 15, 16, 17, 18]
1495,22,[]
1527,8,[]
1545,17,[]
1572,15,[]
1597,8,[]
1615,13,[]
1638,99,[]
1805,8,[]
1823,4,[]
1837,6,[]
1853,2,[]
1865,16,[]
1891,19,[]
1920,13,[]
1943,17,[]
1970,7,[]
1987,13,[]
2010,12,[]
2032,15,[]
2057,8,[]
2075,15,[]
2100,6,[]
2116,16,[]
2142,14,[]
2166,8,[]
2184,14,[]
2208,6,[]
2224,18,[]
2252,4,[]
2266,19,[]
2295,4,[]
2309,17,[]
2336,14,[]
2360,6,[]
2376,20,[]
2406,5,[]
2421,99,[]
2588,23,[]
2621,6,[]
2637,17,[]
2664,7,[]
2681,15,[]
2706,11,[]
2727,16,[]
2753,5,[]
2768,15,[]
2793,8,[]
2811,21,[]
2842,15,[]
2867,7,[]
2884,15,[]
2909,14,[]
2933,18,[]
2961,10,[]
2981,16,[]
3007,9,[]
3026,19,[]
3055,10,[]
3075,20,[]
3105,16,[]
3131,15,[]
3156,19,[]
3185,10,[]
3205,19,[]
3234,11,[]
3255,18,[]
3283,103,[]
3454,1,[]
3465,1,[]
3476,2,[]
3488,15,[]
3513,8,[]
3531,13,[]
3554,7,[]
3571,16,[]
3597,18,[]
3625,7,[]
3642,19,[]
3671,8,[]
3689,16,[]
3715,11,[]
3736,15,[]
3761,10,[]
3781,18,[]
3809,9,[]
3828,19,[]
3857,20,[9, 10, 11, 12, 13, 14, 15, 16, 17, 18, 19]
3887,11,[]
3908,8,[]
3926,15,[]
3951,23,[]
3984,18,[]
4012,9,[]
4031,18,[]
4059,11,[]
4080,15,[]
4105,106,[]
4279,18,[]
4307,6,[]
4323,20,[]
4353,8,[]
4371,12,[]
4393,15,[]
4418,8,[]
4436,20,[]
4466,19,[]
4495,19,[6, 7, 8, 9, 10, 11, 12, 13, 14, 15, 16]
4524,10,[]
4544,7,[]
4561,18,[]
4589,9,[]
4608,23,[]
4641,9,[]
4660,26,[2, 3, 4, 5, 6, 7, 8, 9, 10, 11, 12, 13, 14, 15, 16, 17, 18, 19, 20]
4696,10,[]
4716,24,[]
4750,8,[]
4768,23,[]
4801,13,[]
4824,20,[]
4854,12,[]
4876,18,[]
4904,24,[]
4938,17,[]
4965,26,[]
5001,7,[]
5018,108,[]
5194,2,[]
5206,14,[]
5230,15,[]
5255,13,[]
5278,17,[]
5305,6,[]
5321,11,[]
5342,13,[]
5365,21,[]
5396,20,[]
5426,10,[]
5446,20,[]
5476,10,[]
5496,22,[3, 4, 5, 6, 7, 8, 9, 10, 11, 12, 13, 14]
5528,28,[]
5566,9,[]
5585,14,[]
5609,21,[]
5640,8,[]
5658,22,[]
5690,21,[]
5721,9,[]
5740,24,[]
5774,10,[]
5794,19,[]
5823,10,[]
5843,25,[]
5878,9,[]
5897,26,[]
5933,104,[]
6105,19,[]
6134,6,[]
6150,10,[]
6170,24,[]
6204,17,[]
6231,10,[]
6251,19,[]
6280,9,[]
6299,21,[]
6330,5,[]
6345,18,[]
6373,13,[]
6396,20,[]
6426,5,[]
6441,25,[]
6476,6,[]
6492,12,[]
6514,17,[]
6541,11,[]
6562,17,[]
6589,11,[]
6610,17,[]
6637,9,[]
6656,18,[]
6684,18,[]
6712,11,[]
6733,19,[]
6762,8,[]
6780,17,[]
6807,106,[]
6981,10,[]
7001,10,[]
7021,16,[]
7047,4,[]
7061,13,[]
7084,6,[]
7100,18,[]
7128,19,[0, 1, 2, 3, 4, 5, 6, 7, 8, 9, 10, 11, 12, 13, 14, 15, 16, 17]
7157,5,[]
7172,17,[]
7199,5,[]
7214,11,[]
7235,6,[]
7251,14,[]
7275,16,[]
7301,6,[]
7317,15,[]
7342,9,[]
7361,17,[]
7388,7,[]
7405,18,[]
7433,7,[]
7450,20,[]
7480,17,[]
7507,7,[]
7524,15,[]
7549,8,[]
7567,26,[]
7603,6,[]
7619,98,[]
7785,1,[]
7796,21,[]
7827,15,[]
7852,8,[]
7870,9,[]
7889,9,[]
7908,18,[]
7936,9,[]
7955,17,[]
7982,16,[]
8008,13,[]
8031,18,[]
8059,8,[]
8077,17,[]
8104,9,[]
8123,10,[]
8143,9,[]
8162,23,[]
8195,17,[]
8222,7,[]
8239,19,[]
8268,8,[]
8286,19,[]
8315,6,[]
8331,15,[]
8356,13,[]
8379,9,[]
8398,9,[]
8417,7,[]
0,45,[]
121,7,[]
138,15,[]
163,17,[]
190,18,[]
218,17,[]
245,16,[]
271,17,[]
298,16,[]
324,14,[]
348,15,[]
373,13,[]
396,16,[]
422,16,[]
448,19,[]
477,16,[]
503,18,[]
531,18,[]
559,18,[]
587,21,[]
618,19,[]
647,18,[]
675,22,[]
707,19,[]
736,20,[]
766,20,[]
796,20,[0, 1, 2, 3, 4, 5, 6, 7, 8, 9, 10, 11, 12, 13]
826,15,[]
851,19,[]
880,18,[]
908,107,[]
1091,8,[]
1109,14,[]
1133,10,[]
1153,6,[]
1169,10,[]
1189,12,[]
1211,16,[]
1237,13,[]
1260,11,[]
1281,13,[]
1304,15,[]
1329,12,[]
1351,13,[]
1374,13,[]
1397,13,[]
1420,12,[]
1442,14,[]
1466,14,[]
1490,13,[]
1513,15,[]
1538,12,[]
1560,13,[]
1583,12,[]
1605,19,[]
1634,15,[]
1659,11,[]
1680,15,[]
1705,12,[]
1727,13,[]
1750,100,[]
1926,4,[]
1940,7,[]
1957,8,[]
1975,9,[]
1994,14,[0, 1, 2, 3, 4, 5, 6, 7, 8, 9, 10, 11, 12, 13]
2018,9,[]
2037,11,[]
2058,11,[]
2079,12,[]
2101,11,[]
2122,13,[]
2145,12,[]
2167,12,[]
2189,15,[]
2214,14,[]
2238,12,[]
2260,13,[]
2283,11,[]
2304,13,[]
2327,10,[]
2347,10,[]
2367,10,[]
2387,12,[]
2409,10,[]
2429,11,[]
2450,10,[]
2470,11,[]
2491,13,[]
2514,13,[]
2537,110,[]
2723,3,[]
2736,6,[]
2752,8,[]
2770,9,[]
2789,9,[]
2808,10,[]
2828,8,[]
2846,10,[]
2866,9,[]
2885,14,[3, 4, 5, 6, 7, 8, 9, 10, 11, 12, 13]
2909,13,[]
2932,12,[]
2954,15,[]
2979,13,[]
3002,12,[]
3024,14,[]
3048,12,[]
3070,9,[]
3089,13,[]
3112,12,[]
3134,10,[]
3154,11,[]
3175,10,[]
3195,11,[]
3216,10,[]
3236,11,[]
3257,13,[]
3280,14,[]
3304,11,[]
3325,123,[]
3524,3,[]
3537,4,[]
3551,6,[]
3567,9,[]
3586,9,[]
3605,10,[]
3625,11,[]
3646,11,[]
3667,11,[]
3688,12,[]
3710,12,[]
3732,10,[]
3752,12,[]
3774,13,[]
3797,15,[]
3822,10,[]
3842,12,[]
3864,13,[]
3887,14,[]
3911,10,[]
3931,20,[]
3961,16,[]
3987,16,[]
4013,11,[]
4034,13,[]
4057,14,[]
4081,16,[]
4107,13,[]
4130,14,[]
4154,149,[]
4379,5,[]
4394,7,[]
4411,10,[]
4431,11,[]
4452,11,[]
4473,8,[]
4491,11,[]
4512,11,[]
4533,10,[]
4553,13,[]
4576,15,[]
4601,16,[]
4627,15,[]
4652,15,[]
4677,11,[]
4698,14,[]
4722,13,[]
4745,11,[]
4766,13,[]
4789,13,[]
4812,15,[]
4837,14,[]
4861,14,[]
4885,11,[]
4906,15,[]
4931,12,[]
4953,10,[]
4973,15,[]
4998,11,[]
5019,154,[]
5249,4,[]
5263,5,[]
5278,6,[]
5294,10,[]
5314,11,[]
5335,8,[]
5353,10,[]
5373,10,[]
5393,12,[]
5415,15,[]
5440,11,[]
5461,12,[]
5483,14,[]
5507,15,[]
5532,12,[]
5554,15,[]
5579,14,[]
5603,15,[]
5628,12,[]
5650,15,[]
5675,16,[]
5701,14,[]
5725,13,[0, 1, 2, 3, 4, 5, 6, 7, 8, 9, 10, 11, 12]
5748,15,[]
5773,17,[]
5800,16,[]
5826,16,[]
5852,16,[]
5878,18,[]
5906,126,[]
6108,9,[]
6127,13,[]
6150,14,[]
6174,16,[]
6200,16,[]
6226,15,[]
6251,18,[]
6279,15,[]
6304,17,[]
6331,17,[]
6358,17,[]
6385,16,[]
6411,18,[]
6439,17,[]
6466,18,[]
6494,18,[]
6522,17,[]
6549,16,[]
6575,19,[]
6604,18,[]
6632,18,[]
6660,18,[]
6688,17,[]
6715,17,[]
6742,19,[]
6771,18,[]
6799,18,[1, 2, 3, 4, 5, 6, 7, 8, 9, 10, 11, 12]
6827,18,[]
6855,20,[]
6885,101,[]
7062,10,[]
7082,12,[]
7104,15,[]
7129,16,[]
7155,16,[]
7181,17,[]
7208,15,[]
7233,16,[]
7259,16,[]
7285,18,[]
7313,16,[]
7339,17,[]
7366,15,[]
7391,18,[]
7419,17,[]
7446,14,[]
7470,15,[]
7495,18,[]
7523,17,[]
7550,18,[]
7578,17,[]
7605,16,[]
7631,17,[]
7658,16,[]
7684,15,[]
7709,15,[]
7734,14,[]
7758,15,[]
7783,13,[]
7806,92,[]
7974,4,[]
7988,7,[]
8005,7,[]
8022,8,[]
8040,8,[]
8058,9,[]
8077,7,[]
8094,9,[]
8113,9,[]
8132,9,[]
8151,11,[]
8172,11,[]
8193,11,[]
8214,13,[]
8237,12,[]
8259,13,[]
8282,15,[]
8307,15,[]
8332,12,[]
8354,16,[]
8380,14,[]
8404,16,[]
8430,15,[]
8455,16,[]
8481,13,[]
8504,16,[]
8530,13,[]
8553,14,[]
8577,15,[]
0,58,[]
152,1,[]
162,6,[]
177,8,[]
194,10,[]
213,11,[]
233,10,[]
252,14,[]
275,13,[]
297,15,[]
321,11,[]
341,18,[]
368,19,[]
396,15,[]
420,17,[3, 4, 5, 6, 7, 8, 9, 10, 11, 12, 13, 14]
446,13,[]
468,13,[]
490,7,[]
506,14,[]
529,17,[]
555,18,[]
582,7,[]
598,15,[]
622,16,[]
647,16,[]
672,13,[0, 1, 2, 3, 4, 5, 6, 7, 8, 9, 10, 11]
694,14,[]
717,22,[]
748,18,[]
775,14,[]
798,172,[]
1064,7,[]
1080,12,[]
1101,13,[]
1123,1,[]
1133,10,[]
1152,10,[]
1171,13,[]
1193,22,[]
1224,10,[]
1243,19,[]
1271,15,[]
1295,16,[]
1320,9,[]
1338,21,[]
1368,8,[]
1385,14,[]
1408,11,[]
1428,13,[]
1450,11,[]
1470,17,[]
1496,12,[]
1517,14,[]
1540,13,[]
1562,14,[]
1585,12,[]
1606,11,[]
1626,15,[]
1650,15,[]
1674,13,[]
1696,162,[]
1952,6,[]
1967,2,[]
1978,12,[]
1999,13,[]
2021,10,[]
2040,11,[]
2060,13,[]
2082,16,[]
2107,14,[]
2130,18,[]
2157,12,[]
2178,16,[]
2203,11,[]
2223,11,[]
2243,10,[]
2262,26,[]
2297,15,[]
2321,16,[]
2346,20,[]
2375,17,[]
2401,16,[]
2426,15,[]
2450,12,[]
2471,16,[]
2496,16,[]
2521,15,[]
2545,11,[]
2565,16,[]
2590,13,[]
2612,157,[]
2863,7,[]
2879,6,[]
2894,11,[]
2914,13,[0, 1, 2, 3, 4, 5, 6, 7, 8, 9, 10, 11, 12]
2936,13,[]
2958,10,[]
2977,17,[]
3003,19,[]
3031,14,[]
3054,9,[]
3072,15,[]
3096,13,[]
3118,15,[]
3142,16,[]
3167,17,[]
3193,17,[]
3219,10,[]
3238,18,[]
3265,11,[]
3285,21,[]
3315,14,[]
3338,17,[]
3364,21,[]
3394,21,[]
3424,21,[]
3454,12,[]
3475,20,[]
3504,20,[]
3533,13,[]
3555,138,[]
3787,3,[]
3799,5,[]
3813,7,[]
3829,11,[]
3849,10,[]
3868,11,[]
3888,10,[]
3907,13,[]
3929,12,[]
3950,13,[]
3972,9,[]
3990,15,[]
4014,12,[]
4035,10,[]
4054,15,[]
4078,16,[]
4103,10,[]
4122,9,[]
4140,11,[0, 1, 2, 3, 4, 5, 6, 7, 8, 9, 10]
4160,15,[]
4184,11,[]
4204,17,[]
4230,16,[]
4255,13,[]
4277,9,[]
4295,12,[]
4316,10,[]
4335,11,[]
4355,14,[]
4378,133,[]
4605,5,[]
4619,5,[]
4633,5,[]
4647,8,[]
4664,7,[]
4680,9,[]
4698,6,[]
4713,7,[]
4729,11,[]
4749,14,[]
4772,10,[]
4791,17,[]
4817,15,[]
4841,17,[]
4867,12,[]
4888,11,[]
4908,10,[]
4927,11,[]
4947,13,[]
4969,16,[]
4994,14,[]
5017,12,[]
5038,17,[]
5064,10,[0, 1, 2, 3, 4, 5, 6, 7, 8, 9]
5083,12,[]
5104,11,[]
5124,10,[]
5143,14,[]
5166,15,[]
5190,146,[]
5430,1,[]
5440,3,[]
5452,6,[]
5467,9,[]
5485,10,[]
5504,8,[]
5521,10,[]
5540,24,[]
5573,10,[]
5592,7,[]
5608,18,[]
5635,16,[]
5660,14,[]
5683,15,[]
5707,12,[]
5728,15,[]
5752,9,[]
5770,17,[]
5796,16,[]
5821,16,[]
5846,10,[]
5865,15,[]
5889,17,[]
5915,13,[]
5937,14,[]
5960,12,[]
5981,20,[]
6010,18,[]
6037,18,[]
6064,142,[]
6300,3,[]
6312,6,[]
6327,7,[]
6343,10,[]
6362,6,[]
6377,9,[]
6395,10,[]
6414,15,[]
6438,7,[]
6454,17,[]
6480,12,[]
6501,13,[]
6523,12,[0, 1, 2, 3, 4, 5, 6, 7, 8, 9, 10, 11]
6544,13,[]
6566,21,[]
6596,7,[]
6612,15,[]
6636,13,[]
6658,13,[]
6680,15,[]
6704,12,[]
6725,12,[]
6746,14,[]
6769,18,[]
6796,4,[]
6809,14,[]
6832,13,[]
6854,16,[]
6879,10,[]
6898,131,[]
7123,4,[]
7136,5,[]
7150,6,[]
7165,9,[]
7183,6,[]
7198,9,[]
7216,10,[]
7235,11,[]
7255,12,[]
7276,11,[]
7296,8,[]
7313,12,[]
7334,12,[]
7355,11,[]
7375,11,[]
7395,14,[]
7418,7,[]
7434,14,[]
7457,12,[]
7478,10,[]
7497,16,[]
7522,14,[]
7545,16,[]
7570,13,[]
7592,12,[]
7613,15,[]
7637,9,[]
7655,15,[]
7679,12,[]
7700,134,[]
7928,1,[]
7938,5,[]
7952,6,[]
7967,9,[]
7985,7,[]
8001,10,[]
8020,8,[]
8037,13,[]
8059,10,[]
8078,14,[]
8101,15,[]
8125,7,[]
8141,12,[]
8162,17,[]
8188,9,[]
8206,14,[]
8229,13,[]
8251,13,[]
8273,8,[]
8290,13,[]
8312,15,[]
8336,16,[]
8361,14,[]
8384,16,[]
8409,8,[]
8426,13,[]
8448,10,[]
8467,12,[]
8488,10,[]
0,22,[]
33,2,[]
46,8,[]
65,13,[]
89,10,[]
110,9,[]
130,8,[]
149,9,[]
169,13,[]
193,5,[]
209,6,[]
226,6,[]
243,7,[]
261,7,[]
279,13,[]
303,14,[]
328,19,[]
358,16,[]
385,16,[]
412,19,[]
442,15,[]
468,15,[]
494,6,[]
511,6,[]
528,9,[]
548,13,[]
572,10,[]
593,12,[]
616,15,[]
642,17,[]
670,124,[]
849,19,[]
879,14,[]
904,8,[]
923,5,[]
939,10,[]
960,12,[]
983,10,[]
1004,11,[]
1026,12,[]
1049,11,[]
1071,13,[]
1095,9,[]
1115,9,[]
1135,13,[]
1159,8,[]
1178,12,[]
1201,15,[]
1227,9,[]
1247,11,[]
1269,11,[]
1291,9,[]
1311,8,[]
1330,8,[]
1349,10,[]
1370,8,[]
1389,9,[]
1409,11,[]
1431,14,[]
1456,8,[]
1475,120,[]
1650,6,[]
1667,9,[]
1687,10,[]
1708,9,[]
1728,10,[]
1749,9,[]
1769,12,[]
1792,11,[]
1814,14,[]
1839,11,[]
1861,11,[]
1883,12,[]
1906,11,[]
1928,15,[]
1954,16,[]
1981,19,[]
2011,19,[]
2041,20,[]
2072,18,[]
2101,19,[]
2131,19,[]
2161,20,[]
2192,18,[]
2221,23,[]
2255,23,[]
2289,23,[]
2323,20,[]
2354,20,[]
2385,18,[]
2414,98,[]
2567,15,[]
2593,20,[]
2624,18,[]
2653,20,[]
2684,19,[]
2714,20,[]
2745,20,[]
2776,22,[]
2809,24,[]
2844,22,[]
2877,21,[]
2909,20,[]
2940,24,[]
2975,23,[]
3009,25,[]
3045,22,[]
3078,23,[5, 6, 7, 8, 9, 10, 11, 12, 13, 14, 15, 16, 17, 18, 19, 20, 21, 22]
3112,24,[]
3147,22,[]
3180,27,[]
3218,31,[]
3260,23,[]
3294,23,[]
3328,23,[]
3362,19,[]
3392,22,[]
3425,19,[]
3455,24,[0, 1, 2, 3, 4, 5, 6, 7, 8, 9, 10, 11, 12, 13, 14, 15]
3490,20,[]
3521,91,[]
3667,10,[]
3688,13,[]
3712,14,[]
3737,20,[]
3768,18,[]
3797,19,[]
3827,18,[]
3856,20,[]
3887,18,[2, 3, 4, 5, 6, 7, 8, 9, 10, 11, 12, 13, 14, 15, 16, 17]
3916,19,[]
3946,18,[]
3975,15,[]
4001,16,[]
4028,14,[]
4053,18,[]
4082,15,[]
4108,18,[]
4137,15,[]
4163,18,[]
4192,15,[]
4218,16,[]
4245,16,[]
4272,16,[]
4299,16,[]
4326,17,[]
4354,16,[]
4381,16,[]
4408,16,[]
4435,15,[]
4461,72,[]
4588,8,[]
4607,10,[]
4628,11,[]
4650,12,[]
4673,12,[]
4696,13,[]
4720,11,[]
4742,13,[]
4766,14,[]
4791,12,[]
4814,13,[]
4838,14,[]
4863,10,[]
4884,12,[]
4907,14,[]
4932,14,[]
4957,14,[]
4982,16,[]
5009,15,[]
5035,14,[]
5060,14,[]
5085,15,[]
5111,15,[]
5137,18,[]
5166,17,[]
5194,16,[]
5221,17,[]
5249,17,[]
5277,15,[]
5303,66,[]
5424,6,[]
5441,10,[]
5462,10,[]
5483,13,[]
5507,12,[]
5530,13,[]
5554,11,[]
5576,13,[]
5600,12,[]
5623,13,[]
5647,14,[]
5672,14,[]
5697,12,[]
5720,13,[]
5744,15,[]
5770,14,[]
5795,15,[]
5821,14,[]
5846,16,[]
5873,14,[]
5898,15,[]
5924,13,[]
5948,16,[]
5975,15,[]
6001,16,[]
6028,14,[]
6053,17,[]
6081,13,[]
6105,15,[]
6131,64,[]
6250,8,[]
6269,9,[]
6289,15,[]
6315,10,[]
6336,10,[]
6357,11,[]
6379,11,[]
6401,12,[]
6424,14,[]
6449,12,[]
6472,11,[]
6494,12,[]
6517,12,[]
6540,14,[]
6565,11,[]
6587,14,[]
6612,13,[]
6636,16,[]
6663,13,[]
6687,14,[]
6712,14,[]
6737,14,[]
6762,14,[]
6787,15,[]
6813,14,[]
6838,15,[]
6864,13,[]
6888,16,[]
6915,14,[]
6940,64,[]
7059,8,[]
7078,12,[]
7101,12,[]
7124,12,[]
7147,12,[]
7170,11,[]
7192,11,[]
7214,12,[]
7237,13,[]
7261,13,[]
7285,13,[]
7309,15,[]
7335,12,[]
7358,11,[]
7380,14,[]
7405,13,[]
7429,12,[]
7452,13,[]
7476,13,[]
7500,16,[]
7527,13,[]
7551,14,[]
7576,13,[]
7600,14,[]
7625,13,[]
7649,14,[]
7674,11,[]
7696,12,[]
7719,11,[]
7741,72,[]
7868,6,[]
7885,7,[]
7903,7,[]
7921,8,[]
7940,9,[]
7960,11,[]
7982,11,[]
8004,12,[]
8027,11,[]
8049,16,[]
8076,14,[]
8101,15,[]
8127,14,[]
8152,15,[]
8178,14,[]
8203,16,[]
8230,12,[]
8253,15,[]
8279,15,[]
8305,16,[]
8332,15,[]
8358,15,[]
8384,17,[]
8412,15,[]
8438,16,[]
8465,17,[]
8493,15,[]
8519,14,[]
8544,14,[]
0,17,[]
27,1,[]
38,6,[]
54,10,[]
74,7,[]
91,7,[]
108,8,[]
126,7,[]
143,8,[]
161,8,[]
179,6,[]
195,5,[]
210,14,[]
234,14,[]
258,19,[]
287,18,[]
315,11,[]
336,11,[]
357,17,[]
384,15,[]
409,13,[]
432,13,[]
455,19,[]
484,16,[]
510,15,[]
535,14,[]
559,15,[]
584,15,[]
609,15,[]
634,14,[]
658,140,[]
873,12,[]
895,8,[]
913,5,[]
928,2,[]
940,9,[]
959,11,[]
980,11,[]
1001,12,[]
1023,9,[]
1042,13,[]
1065,8,[]
1083,11,[]
1104,11,[]
1125,12,[]
1147,14,[]
1171,10,[]
1191,10,[]
1211,12,[]
1233,12,[]
1255,13,[]
1278,13,[0, 1, 2, 3, 4, 5, 6, 7, 8, 9, 10]
1301,12,[]
1323,12,[]
1345,11,[]
1366,14,[]
1390,15,[]
1415,12,[]
1437,15,[]
1462,11,[]
1483,119,[]
1677,6,[]
1693,14,[]
1717,14,[]
1741,12,[]
1763,14,[]
1787,11,[]
1808,16,[]
1834,15,[]
1859,14,[]
1883,16,[]
1909,17,[]
1936,11,[]
1957,19,[]
1986,19,[]
2015,16,[]
2041,21,[]
2072,20,[]
2102,13,[]
2125,18,[]
2153,15,[]
2178,18,[]
2206,18,[]
2234,20,[]
2264,11,[]
2285,19,[]
2314,22,[]
2346,16,[]
2372,18,[]
2400,18,[]
2428,122,[]
2625,9,[]
2644,12,[]
2666,13,[]
2689,15,[3, 4, 5, 6, 7, 8, 9, 10, 11, 12, 13, 14]
2714,15,[]
2739,14,[]
2763,17,[]
2790,20,[]
2820,19,[]
2849,15,[]
2874,11,[]
2895,12,[]
2917,15,[]
2942,16,[]
2968,16,[]
2994,16,[]
3020,16,[]
3046,10,[]
3066,18,[]
3094,23,[]
3127,17,[]
3154,16,[]
3180,18,[]
3208,15,[]
3233,17,[]
3260,14,[]
3284,15,[]
3309,17,[]
3336,12,[]
3358,122,[]
3555,7,[]
3572,10,[]
3592,12,[]
3614,13,[]
3637,11,[]
3658,13,[]
3681,13,[]
3704,16,[]
3730,16,[]
3756,15,[]
3781,15,[]
3806,12,[]
3828,15,[]
3853,17,[]
3880,16,[]
3906,17,[]
3933,16,[]
3959,9,[]
3978,17,[]
4005,14,[]
4029,16,[]
4055,12,[]
4077,13,[]
4100,13,[]
4123,16,[1, 2, 3, 4, 5, 6, 7, 8, 9, 10, 11, 12, 13, 14, 15]
4149,14,[]
4173,14,[]
4197,15,[]
4222,9,[]
4241,127,[]
4443,6,[]
4459,9,[]
4478,11,[]
4499,11,[]
4520,10,[]
4540,9,[]
4559,14,[]
4583,14,[]
4607,14,[]
4631,14,[]
4655,14,[]
4679,12,[]
4701,16,[]
4727,17,[]
4754,15,[]
4779,9,[]
4798,14,[]
4822,13,[]
4845,14,[]
4869,16,[]
4895,15,[]
4920,14,[]
4944,14,[]
4968,17,[]
4995,12,[]
5017,15,[]
5042,12,[]
5064,15,[]
5089,13,[]
5112,125,[]
5312,7,[]
5329,15,[]
5354,15,[]
5379,14,[]
5403,12,[]
5425,10,[]
5445,8,[]
5463,14,[]
5487,14,[]
5511,16,[]
5537,16,[]
5563,14,[]
5587,17,[]
5614,18,[]
5642,18,[]
5670,20,[]
5700,15,[]
5725,12,[]
5747,14,[]
5771,15,[]
5796,12,[]
5818,15,[]
5843,18,[]
5871,12,[]
5893,19,[]
5922,15,[]
5947,14,[]
5971,17,[]
5998,14,[]
6022,120,[]
6217,6,[]
6233,10,[]
6253,11,[]
6274,12,[]
6296,12,[]
6318,9,[]
6337,13,[]
6360,16,[]
6386,14,[]
6410,15,[]
6435,14,[]
6459,17,[]
6486,10,[]
6506,14,[]
6530,16,[]
6556,16,[]
6582,12,[]
6604,9,[]
6623,11,[]
6644,13,[]
6667,15,[]
6692,12,[]
6714,13,[]
6737,15,[]
6762,9,[]
6781,13,[]
6804,12,[]
6826,15,[]
6851,13,[]
6874,110,[]
7059,4,[]
7073,5,[]
7088,9,[]
7107,8,[]
7125,10,[]
7145,10,[]
7165,9,[]
7184,12,[]
7206,10,[]
7226,11,[]
7247,12,[]
7269,7,[]
7286,12,[]
7308,13,[]
7331,11,[]
7352,14,[]
7376,14,[]
7400,9,[]
7419,34,[]
7463,20,[]
7493,14,[]
7517,16,[]
7543,16,[]
7569,8,[]
7587,15,[]
7612,18,[]
7640,14,[]
7664,13,[]
7687,12,[]
7709,97,[]
7881,6,[]
7897,7,[]
7914,8,[]
7932,9,[]
7951,8,[]
7969,6,[]
7985,10,[]
8005,12,[]
8027,10,[]
8047,28,[]
8085,19,[]
8114,10,[]
8134,12,[]
8156,11,[]
8177,11,[]
8198,12,[]
8220,11,[]
8241,11,[]
8262,11,[]
8283,14,[]
8307,12,[]
8329,13,[]
8352,11,[]
8373,17,[5, 6, 7, 8, 9, 10, 11, 12, 13, 14, 15, 16]
8400,21,[]
8431,16,[]
8457,17,[]
8484,20,[]
8514,14,[]
0,34,[]
44,5,[]
59,11,[]
80,6,[]
96,8,[]
114,12,[]
136,14,[]
160,9,[]
179,15,[]
204,14,[]
228,14,[]
252,15,[]
277,15,[]
302,12,[0, 1, 2, 3, 4, 5, 6, 7, 8, 9, 10, 11]
324,17,[]
351,14,[]
375,15,[]
400,6,[]
416,16,[]
442,14,[]
466,13,[]
489,11,[]
510,15,[]
535,18,[]
563,18,[]
591,16,[]
617,21,[]
648,17,[]
675,12,[]
697,14,[]
721,129,[]
907,17,[]
934,2,[]
946,11,[]
967,6,[]
983,12,[]
1005,16,[]
1031,16,[0, 1, 2, 3, 4, 5, 6, 7, 8, 9, 10, 11, 12, 13, 14, 15]
1057,11,[]
1078,16,[]
1104,16,[]
1130,14,[]
1154,8,[]
1172,15,[]
1197,13,[]
1220,14,[]
1244,12,[]
1266,15,[]
1291,17,[]
1318,17,[]
1345,15,[]
1370,16,[4, 5, 6, 7, 8, 9, 10, 11, 12, 13, 14, 15]
1396,10,[]
1416,19,[]
1445,20,[]
1475,23,[]
1508,30,[]
1548,5,[]
1563,25,[]
1598,23,[]
1631,80,[]
1768,17,[]
1795,18,[]
1823,6,[]
1839,19,[]
1868,20,[]
1898,17,[]
1925,9,[]
1944,20,[]
1974,22,[0, 1, 2, 3, 4, 5, 6, 7, 8, 9, 10, 11, 12, 13, 14, 15, 16, 17, 18]
2006,23,[]
2039,21,[]
2070,21,[]
2101,12,[]
2123,42,[]
2222,22,[]
2254,19,[]
2283,9,[]
2302,30,[]
2342,19,[]
2371,18,[]
2399,22,[]
2431,7,[]
2448,23,[]
2481,19,[]
2510,20,[]
2540,19,[]
2569,21,[]
2600,10,[]
2620,19,[]
2649,80,[]
2786,13,[]
2809,5,[]
2824,17,[]
2851,17,[]
2878,16,[]
2904,16,[]
2930,19,[]
2959,9,[]
2978,19,[]
3007,25,[]
3042,9,[]
3061,21,[]
3092,4,[]
3106,20,[]
3136,5,[]
3151,20,[]
3181,10,[]
3201,18,[]
3229,7,[]
3246,18,[]
3274,7,[]
3291,17,[]
3318,7,[]
3335,18,[]
3363,8,[]
3381,17,[]
3408,7,[]
3425,30,[]
3465,7,[]
3482,77,[]
3616,1,[]
3627,10,[]
3647,6,[]
3663,15,[]
3688,7,[]
3705,16,[]
3731,9,[]
3750,18,[]
3778,10,[]
3798,17,[]
3825,9,[]
3844,16,[]
3870,9,[]
3889,16,[]
3915,7,[]
3932,14,[]
3956,10,[]
3976,15,[]
4001,8,[]
4019,14,[]
4043,8,[]
4061,18,[]
4089,4,[]
4103,16,[]
4129,9,[]
4148,19,[]
4177,10,[]
4197,20,[]
4227,9,[]
4246,92,[]
4395,1,[]
4406,12,[]
4428,4,[]
4442,16,[]
4468,6,[]
4484,15,[]
4509,6,[]
4525,16,[]
4551,7,[]
4568,16,[]
4594,7,[]
4611,18,[]
4639,8,[]
4657,20,[]
4687,8,[]
4705,21,[]
4736,10,[]
4756,20,[]
4786,8,[]
4804,18,[]
4832,7,[]
4849,18,[]
4877,7,[]
4894,18,[]
4922,9,[]
4941,19,[]
4970,7,[]
4987,35,[]
5079,6,[]
5095,87,[]
5239,1,[]
5250,16,[]
5276,7,[]
5293,17,[]
5320,6,[]
5336,19,[]
5365,7,[]
5382,19,[0, 1, 2, 3, 4, 5, 6, 7, 8, 9, 10, 11]
5411,8,[]
5429,21,[]
5460,8,[]
5478,23,[]
5511,9,[]
5530,24,[]
5564,8,[]
5582,24,[]
5616,8,[]
5634,23,[]
5667,8,[]
5685,22,[]
5717,8,[]
5735,20,[]
5765,8,[]
5783,21,[]
5814,10,[]
5834,20,[]
5864,6,[]
5880,20,[]
5910,9,[]
5929,88,[]
6074,1,[]
6085,17,[]
6112,5,[]
6127,23,[]
6160,5,[]
6175,20,[]
6205,8,[]
6223,19,[]
6252,8,[]
6270,22,[]
6302,8,[]
6320,19,[]
6349,7,[]
6366,21,[]
6397,8,[]
6415,23,[]
6448,9,[]
6467,21,[]
6498,6,[]
6514,22,[]
6546,6,[]
6562,21,[]
6593,9,[]
6612,22,[]
6644,6,[]
6660,20,[]
6690,7,[]
6707,32,[]
6749,7,[]
6766,85,[]
6908,1,[]
6919,14,[]
6943,8,[]
6961,17,[]
6988,5,[]
7003,19,[]
7032,7,[]
7049,19,[]
7078,8,[]
7096,21,[]
7127,9,[]
7146,21,[]
7177,8,[]
7195,20,[]
7225,7,[]
7242,25,[]
7277,7,[]
7294,22,[]
7326,6,[]
7342,21,[0, 1, 2, 3, 4, 5, 6, 7, 8, 9, 10, 11, 12, 13]
7373,9,[]
7392,21,[]
7423,6,[]
7439,24,[]
7473,6,[]
7489,24,[]
7523,6,[]
7539,25,[]
7574,9,[]
7593,75,[]
7725,1,[]
7736,20,[]
7766,7,[]
7783,20,[]
7813,6,[]
7829,21,[5, 6, 7, 8, 9, 10, 11, 12, 13, 14, 15, 16, 17, 18, 19, 20]
7860,6,[]
7876,19,[]
7905,7,[]
7922,17,[]
7949,9,[]
7968,18,[]
7996,6,[]
8012,17,[]
8039,6,[]
8055,17,[]
8082,8,[]
8100,17,[]
8127,7,[]
8144,19,[]
8173,8,[]
8191,20,[]
8221,8,[]
8239,18,[]
8267,8,[]
8285,17,[]
8312,8,[]
8330,29,[]
8369,8,[]
0,46,[]
99,14,[]
124,12,[]
147,4,[]
162,14,[]
187,15,[]
213,16,[]
240,12,[]
263,17,[]
291,15,[]
317,14,[]
342,14,[]
367,17,[]
395,14,[]
420,11,[]
442,11,[]
464,13,[]
488,14,[]
513,12,[]
536,11,[]
558,14,[]
583,18,[]
612,14,[]
637,15,[]
663,15,[]
689,18,[6, 7, 8, 9, 10, 11, 12, 13, 14, 15, 16, 17]
718,18,[]
747,18,[]
776,20,[]
807,19,[]
837,72,[]
962,15,[]
988,19,[]
1018,18,[]
1047,11,[]
1069,11,[]
1091,14,[]
1116,17,[]
1144,17,[]
1172,18,[]
1201,18,[]
1230,21,[]
1262,17,[]
1290,20,[]
1321,17,[]
1349,13,[]
1373,15,[]
1399,13,[]
1423,14,[]
1448,17,[]
1476,14,[]
1501,15,[]
1527,21,[]
1559,15,[]
1585,17,[]
1613,14,[]
1638,16,[]
1665,14,[]
1690,16,[]
1717,13,[]
1741,78,[]
1872,6,[]
1889,8,[]
1908,11,[]
1930,16,[]
1957,11,[]
1979,12,[]
2002,10,[]
2023,13,[]
2047,11,[]
2069,19,[]
2099,13,[]
2123,12,[]
2146,11,[]
2168,16,[]
2195,14,[]
2220,13,[]
2244,12,[]
2267,14,[]
2292,12,[]
2315,17,[]
2343,11,[]
2365,15,[]
2391,13,[]
2415,15,[]
2441,19,[]
2471,11,[]
2493,12,[]
2516,11,[]
2538,14,[]
2563,89,[]
2705,6,[]
2722,10,[]
2743,10,[]
2764,12,[]
2787,10,[]
2808,10,[]
2829,12,[]
2852,12,[]
2875,14,[]
2900,14,[]
2925,12,[]
2948,22,[]
2981,12,[]
3004,12,[]
3027,15,[]
3053,16,[]
3080,14,[]
3105,14,[]
3130,12,[]
3153,14,[]
3178,13,[]
3202,14,[]
3227,14,[]
3252,14,[]
3277,13,[]
3301,14,[]
3326,18,[]
3355,17,[]
3383,10,[]
3404,85,[]
3542,4,[]
3557,12,[]
3580,10,[]
3601,12,[]
3624,15,[]
3650,15,[]
3676,12,[]
3699,14,[]
3724,11,[]
3746,15,[]
3772,13,[]
3796,15,[]
3822,11,[]
3844,13,[]
3868,13,[]
3892,15,[]
3918,11,[]
3940,14,[]
3965,13,[]
3989,17,[]
4017,14,[]
4042,16,[]
4069,15,[]
4095,15,[]
4121,15,[]
4147,18,[]
4176,16,[]
4203,20,[]
4234,17,[]
4262,71,[]
4386,10,[]
4407,11,[]
4429,15,[]
4455,17,[]
4483,14,[]
4508,16,[]
4535,16,[]
4562,17,[]
4590,16,[]
4617,17,[]
4645,17,[]
4673,20,[]
4704,19,[]
4734,16,[]
4761,16,[]
4788,15,[3, 4, 5, 6, 7, 8, 9, 10, 11, 12, 13, 14]
4814,16,[]
4841,16,[]
4868,13,[]
4892,26,[]
4929,13,[]
4953,13,[]
4977,14,[]
5002,19,[]
5032,16,[]
5059,16,[]
5086,16,[]
5113,14,[]
5138,13,[]
5162,78,[]
5293,8,[]
5312,10,[]
5333,12,[]
5356,21,[]
5388,12,[]
5411,9,[]
5431,15,[]
5457,18,[]
5486,15,[]
5512,16,[]
5539,14,[]
5564,14,[]
5589,13,[]
5613,14,[]
5638,20,[]
5669,17,[]
5697,11,[]
5719,12,[]
5742,10,[]
5763,18,[]
5792,14,[]
5817,15,[]
5843,19,[]
5873,12,[]
5896,11,[]
5918,12,[]
5941,16,[]
5968,16,[]
5995,12,[]
6018,84,[]
6155,6,[]
6172,12,[]
6195,10,[]
6216,15,[]
6242,12,[0, 1, 2, 3, 4, 5, 6, 7, 8, 9, 10, 11]
6265,14,[]
6290,13,[]
6314,18,[]
6343,10,[]
6364,14,[]
6389,11,[]
6411,13,[]
6435,13,[]
6459,15,[]
6485,12,[]
6508,16,[]
6535,10,[]
6556,15,[]
6582,11,[]
6604,14,[]
6629,13,[]
6653,14,[]
6678,13,[]
6702,13,[]
6726,13,[]
6750,14,[0, 1, 2, 3, 4, 5, 6, 7, 8, 9, 10, 11, 12]
6775,13,[]
6799,18,[]
6828,10,[]
6849,85,[]
6987,5,[]
7003,11,[]
7025,14,[]
7050,17,[]
7078,11,[]
7100,12,[]
7123,10,[]
7144,13,[]
7168,14,[]
7193,13,[]
7217,13,[]
7241,14,[]
7266,16,[]
7293,10,[]
7314,11,[]
7336,20,[]
7367,11,[]
7389,12,[]
7412,10,[]
7433,11,[]
7455,17,[]
7483,15,[]
7509,14,[]
7534,20,[]
7565,13,[]
7589,14,[]
7614,13,[]
7638,14,[]
7663,15,[]
7689,84,[]
7826,6,[]
7843,12,[]
7866,11,[]
7888,13,[]
7912,11,[]
7934,12,[]
7957,13,[]
7981,17,[]
8009,12,[]
8032,15,[]
8058,15,[]
8084,20,[]
8115,19,[]
8145,22,[]
8178,22,[]
8211,20,[]
8242,20,[]
8273,19,[]
8303,18,[]
8332,19,[]
8362,19,[]
8392,18,[]
8421,19,[]
8451,20,[]
8482,16,[]
8509,17,[]
8537,17,[]
8565,16,[]
8592,15,[]
0,21,[]
32,5,[]
48,8,[]
67,15,[]
93,14,[]
118,11,[]
140,13,[]
164,12,[]
187,15,[]
213,12,[]
236,14,[]
261,12,[]
284,14,[]
309,11,[]
331,12,[]
354,14,[]
379,19,[]
409,20,[]
440,20,[]
471,22,[]
504,22,[]
537,14,[]
562,16,[]
589,15,[]
615,18,[]
644,14,[]
669,17,[]
697,19,[]
727,23,[]
761,16,[]
788,94,[]
934,29,[]
974,10,[]
995,8,[]
1014,8,[]
1033,11,[]
1055,15,[]
1081,12,[]
1104,14,[]
1129,11,[]
1151,12,[]
1174,12,[]
1197,15,[]
1223,15,[]
1249,14,[]
1274,14,[]
1299,15,[]
1325,11,[]
1347,16,[]
1374,13,[]
1398,15,[]
1424,12,[]
1447,14,[]
1472,14,[]
1497,13,[]
1521,14,[]
1546,15,[]
1572,12,[]
1595,15,[]
1621,13,[]
1645,82,[]
1779,9,[]
1799,12,[]
1822,11,[]
1844,12,[]
1867,12,[]
1890,12,[]
1913,12,[]
1936,16,[]
1963,15,[]
1989,16,[]
2016,15,[]
2042,16,[]
2069,14,[]
2094,16,[]
2121,14,[]
2146,16,[]
2173,15,[]
2199,15,[]
2225,15,[]
2251,15,[]
2277,16,[]
2304,14,[]
2329,13,[]
2353,16,[]
2380,16,[]
2407,17,[]
2435,14,[]
2460,19,[]
2490,14,[]
2515,78,[]
2645,9,[]
2665,13,[]
2689,13,[]
2713,16,[]
2740,13,[]
2764,14,[]
2789,16,[]
2816,16,[]
2843,14,[]
2868,15,[]
2894,13,[]
2918,15,[]
2944,14,[]
2969,15,[]
2995,13,[]
3019,15,[]
3045,12,[]
3068,15,[]
3094,14,[]
3119,16,[]
3146,13,[]
3170,13,[]
3194,13,[]
3218,16,[]
3245,13,[]
3269,14,[]
3294,13,[]
3318,14,[]
3343,15,[]
3369,79,[]
3500,7,[]
3518,11,[]
3540,13,[]
3564,15,[2, 3, 4, 5, 6, 7, 8, 9, 10, 11, 12, 13, 14]
3590,15,[]
3616,16,[]
3643,13,[]
3667,17,[]
3695,15,[]
3721,16,[]
3748,14,[]
3773,15,[]
3799,13,[]
3823,22,[]
3856,14,[]
3881,19,[]
3911,15,[]
3937,17,[]
3965,15,[]
3991,17,[]
4019,13,[]
4043,15,[]
4069,14,[]
4094,15,[]
4120,13,[]
4144,13,[]
4168,13,[]
4192,17,[]
4220,15,[]
4246,81,[]
4379,10,[]
4400,13,[]
4424,13,[]
4448,15,[]
4474,15,[]
4500,16,[]
4527,15,[]
4553,8,[]
4572,19,[]
4602,15,[]
4628,15,[]
4654,16,[]
4681,13,[]
4705,15,[]
4731,14,[]
4756,15,[]
4782,15,[]
4808,14,[]
4833,13,[]
4857,14,[]
4882,13,[]
4906,15,[]
4932,14,[]
4957,15,[]
4983,14,[]
5008,16,[]
5035,15,[]
5061,19,[]
5091,15,[]
5117,80,[]
5249,11,[]
5271,13,[]
5295,15,[]
5321,14,[]
5346,13,[]
5370,14,[]
5395,13,[]
5419,13,[]
5443,13,[]
5467,15,[]
5493,14,[]
5518,17,[]
5546,18,[]
5575,16,[]
5602,16,[]
5629,16,[0, 1, 2, 3, 4, 5, 6, 7, 8, 9, 10, 11, 12, 13, 14, 15]
5656,15,[]
5682,16,[]
5709,17,[]
5737,16,[]
5764,16,[]
5791,17,[]
5819,13,[]
5843,14,[]
5868,14,[]
5893,13,[]
5917,12,[]
5940,13,[]
5964,17,[]
5992,83,[]
6127,8,[]
6146,13,[]
6170,11,[]
6192,15,[]
6218,15,[]
6244,10,[]
6265,16,[]
6292,17,[]
6320,13,[]
6344,15,[]
6370,16,[]
6397,19,[]
6427,17,[]
6455,17,[]
6483,17,[5, 6, 7, 8, 9, 10, 11, 12, 13, 14, 15, 16]
6511,19,[]
6541,15,[]
6567,17,[]
6595,15,[]
6621,17,[]
6649,15,[]
6675,17,[]
6703,14,[]
6728,17,[]
6756,15,[]
6782,16,[]
6809,14,[]
6834,21,[]
6866,15,[]
6892,79,[]
7023,7,[]
7041,11,[]
7063,12,[]
7086,12,[]
7109,12,[]
7132,14,[]
7157,12,[]
7180,13,[]
7204,14,[]
7229,17,[]
7257,14,[]
7282,14,[]
7307,12,[]
7330,13,[]
7354,12,[]
7377,15,[]
7403,12,[]
7426,12,[]
7449,15,[]
7475,13,[]
7499,14,[]
7524,16,[]
7551,15,[]
7577,16,[]
7604,12,[]
7627,15,[]
7653,15,[]
7679,13,[]
7703,12,[]
7726,80,[]
7858,8,[]
7877,11,[]
7899,6,[]
7916,17,[]
7944,16,[]
7971,18,[]
8000,13,[]
8024,16,[]
8051,14,[]
8076,16,[]
8103,16,[]
8130,17,[]
8158,16,[]
8185,16,[]
8212,13,[]
8236,18,[]
8265,15,[]
8291,15,[0, 1, 2, 3, 4, 5, 6, 7, 8, 9, 10, 11]
8317,15,[]
8343,17,[]
8371,17,[]
8399,17,[]
8427,15,[]
8453,16,[]
8480,16,[]
8507,16,[]
8534,14,[]
8559,16,[]
8586,13,[]
0,17,[]
27,1,[]
38,9,[]
57,12,[]
79,11,[]
100,9,[]
119,10,[]
139,8,[]
157,9,[]
176,6,[]
192,8,[]
210,8,[]
228,10,[]
248,7,[]
265,9,[]
284,11,[]
305,14,[]
329,8,[]
347,12,[]
369,12,[]
391,19,[]
420,15,[]
445,16,[]
471,15,[0, 1, 2, 3, 4, 5, 6, 7, 8, 9, 10]
496,12,[]
518,26,[]
554,9,[]
573,13,[]
596,17,[]
623,14,[]
647,100,[]
815,6,[]
831,5,[]
846,6,[]
862,8,[]
880,12,[]
902,17,[]
929,15,[]
954,15,[]
979,12,[]
1001,13,[]
1024,16,[]
1050,14,[]
1074,16,[]
1100,13,[]
1123,11,[]
1144,13,[]
1167,13,[]
1190,14,[]
1214,13,[]
1237,14,[]
1261,11,[]
1282,12,[]
1304,13,[2, 3, 4, 5, 6, 7, 8, 9, 10, 11, 12]
1327,15,[]
1352,25,[]
1387,16,[]
1413,11,[]
1434,15,[]
1459,10,[]
1479,104,[]
1651,7,[]
1668,5,[]
1683,12,[]
1705,11,[]
1726,12,[]
1748,12,[]
1770,10,[]
1790,13,[]
1813,12,[]
1835,12,[]
1857,10,[]
1877,11,[]
1898,11,[]
1919,14,[]
1943,10,[]
1963,11,[]
1984,10,[]
2004,11,[]
2025,13,[]
2048,15,[]
2073,12,[]
2095,11,[]
2116,11,[]
2137,14,[]
2161,13,[]
2184,23,[5, 6, 7, 8, 9, 10, 11, 12, 13, 14, 15, 16, 17, 18, 19, 20, 21]
2217,16,[]
2243,15,[]
2268,11,[]
2289,103,[]
2460,7,[]
2477,11,[]
2498,12,[]
2520,13,[]
2543,13,[]
2566,16,[]
2592,12,[]
2614,9,[]
2633,13,[]
2656,14,[]
2680,13,[]
2703,17,[]
2730,13,[]
2753,14,[]
2777,14,[]
2801,18,[]
2829,16,[]
2855,17,[]
2882,15,[]
2907,18,[]
2935,16,[]
2961,16,[]
2987,16,[]
3013,18,[]
3041,15,[]
3066,15,[]
3091,26,[]
3127,13,[]
3150,13,[]
3173,104,[]
3345,7,[]
3362,9,[]
3381,11,[]
3402,15,[]
3427,12,[]
3449,12,[]
3471,13,[]
3494,16,[]
3520,15,[]
3545,15,[]
3570,15,[]
3595,15,[]
3620,14,[]
3644,8,[]
3662,15,[]
3687,15,[]
3712,14,[]
3736,14,[]
3760,14,[]
3784,17,[]
3811,16,[]
3837,15,[]
3862,14,[]
3886,17,[]
3913,9,[]
3932,13,[]
3955,15,[]
3980,14,[]
4004,9,[]
4023,114,[]
4205,7,[]
4222,10,[]
4242,12,[]
4264,11,[]
4285,11,[]
4306,10,[]
4326,10,[]
4346,11,[]
4367,11,[]
4388,10,[]
4408,10,[]
4428,12,[]
4450,11,[]
4471,12,[]
4493,12,[]
4515,14,[]
4539,12,[]
4561,12,[]
4583,12,[]
4605,15,[]
4630,11,[]
4651,14,[]
4675,12,[]
4697,14,[]
4721,13,[]
4744,11,[]
4765,12,[]
4787,13,[]
4810,15,[]
4835,114,[]
5017,6,[]
5033,9,[]
5052,12,[]
5074,13,[]
5097,14,[]
5121,16,[]
5147,15,[]
5172,8,[]
5190,16,[]
5216,13,[]
5239,13,[]
5262,15,[]
5287,12,[]
5309,12,[]
5331,13,[2, 3, 4, 5, 6, 7, 8, 9, 10, 11, 12]
5354,15,[]
5379,11,[]
5400,16,[]
5426,11,[]
5447,12,[]
5469,11,[]
5490,14,[]
5514,13,[]
5537,15,[]
5562,14,[]
5586,13,[]
5609,13,[]
5632,16,[]
5658,11,[]
5679,111,[]
5858,17,[]
5885,11,[]
5906,17,[]
5933,18,[]
5961,16,[]
5987,14,[]
6011,16,[]
6037,20,[]
6067,19,[]
6096,19,[]
6125,18,[]
6153,24,[]
6187,22,[]
6219,19,[]
6248,23,[]
6281,24,[]
6315,24,[]
6349,25,[]
6384,21,[]
6415,22,[]
6447,19,[]
6476,19,[]
6505,13,[]
6528,21,[]
6559,15,[]
6584,15,[]
6609,12,[]
6631,15,[]
6656,15,[3, 4, 5, 6, 7, 8, 9, 10, 11, 12, 13]
6681,108,[]
6857,7,[]
6874,12,[]
6896,22,[]
6928,10,[]
6948,14,[]
6972,16,[]
6998,17,[]
7025,19,[]
7054,17,[]
7081,17,[]
7108,9,[]
7127,16,[]
7153,15,[]
7178,14,[]
7202,16,[]
7228,19,[0, 1, 2, 3, 4, 5, 6, 7, 8, 9, 10]
7257,35,[]
7360,8,[]
7378,17,[]
7405,17,[]
7432,13,[]
7455,11,[]
7476,15,[]
7501,26,[]
7537,28,[]
7575,20,[]
7605,20,[]
7635,12,[]
7657,10,[]
7677,106,[]
7851,6,[]
7867,11,[]
7888,13,[]
7911,12,[]
7933,9,[]
7952,9,[]
7971,10,[]
7991,11,[]
8012,23,[]
8045,14,[]
8069,10,[]
8089,13,[]
8112,12,[]
8134,13,[1, 2, 3, 4, 5, 6, 7, 8, 9, 10, 11, 12]
8157,15,[]
8182,16,[]
8208,7,[]
8225,16,[]
8251,8,[]
8269,17,[]
8296,14,[]
8320,13,[]
8343,12,[]
8365,13,[]
8388,12,[]
8410,11,[]
8431,13,[]
8454,13,[]
8477,14,[]
0,51,[]
117,1,[]
128,1,[]
139,1,[]
150,5,[]
165,21,[]
196,7,[]
213,31,[]
254,3,[]
267,14,[]
291,6,[]
307,20,[]
337,8,[]
355,32,[]
397,10,[]
417,21,[]
448,22,[]
480,10,[]
500,7,[]
517,25,[]
552,27,[]
589,7,[]
606,23,[]
639,8,[]
657,9,[]
676,25,[]
711,24,[]
745,9,[]
764,3,[]
777,8,[]
795,140,[]
1001,1,[]
1012,17,[]
1039,5,[]
1054,16,[]
1080,5,[]
1095,24,[]
1129,8,[]
1147,23,[]
1180,6,[]
1196,28,[]
1234,8,[]
1252,22,[]
1284,4,[]
1298,25,[]
1333,4,[]
1347,25,[]
1382,23,[]
1415,7,[]
1432,23,[]
1465,8,[]
1483,12,[]
1505,13,[]
1528,53,[]
1647,4,[]
1661,18,[]
1689,9,[]
1708,25,[]
1743,9,[]
1762,22,[]
1794,112,[]
1972,19,[]
2001,5,[]
2016,20,[]
2046,9,[]
2065,19,[]
2094,3,[]
2107,7,[]
2124,38,[]
2228,9,[]
2247,4,[]
2261,19,[]
2290,22,[]
2322,9,[]
2341,36,[]
2443,9,[]
2462,16,[]
2488,9,[]
2507,26,[0, 1, 2, 3, 4, 5, 6, 7, 8, 9, 10, 11]
2543,5,[]
2558,22,[]
2590,7,[]
2607,23,[]
2640,7,[]
2657,10,[]
2677,52,[]
2795,5,[]
2810,9,[]
2829,19,[]
2858,2,[]
2870,105,[]
3041,1,[]
3052,17,[]
3079,23,[]
3112,8,[]
3130,21,[]
3161,7,[]
3178,36,[]
3280,6,[]
3296,17,[]
3323,6,[]
3339,24,[]
3373,6,[]
3389,22,[]
3421,7,[]
3438,22,[]
3470,26,[]
3506,9,[]
3525,7,[]
3542,23,[]
3575,6,[]
3591,8,[]
3609,45,[]
3720,4,[]
3734,7,[]
3751,18,[]
3779,7,[]
3796,19,[]
3825,10,[]
3845,20,[]
3875,95,[]
4036,10,[]
4056,12,[]
4078,5,[]
4093,24,[]
4127,3,[]
4140,13,[]
4163,5,[]
4178,19,[]
4207,8,[]
4225,17,[]
4252,8,[]
4270,16,[]
4296,15,[]
4321,6,[]
4337,7,[]
4354,23,[]
4387,4,[]
4401,6,[]
4417,51,[]
4534,4,[]
4548,8,[]
4566,17,[]
4593,4,[]
4607,21,[9, 10, 11, 12, 13, 14, 15, 16, 17, 18, 19, 20]
4638,16,[]
4664,7,[]
4681,23,[]
4714,9,[]
4733,6,[]
4749,88,[]
4903,1,[]
4914,1,[]
4925,16,[]
4951,6,[]
4967,15,[]
4992,6,[]
5008,16,[]
5034,7,[]
5051,19,[]
5080,7,[]
5097,27,[]
5134,8,[]
5152,17,[]
5179,7,[]
5196,19,[]
5225,6,[]
5241,18,[]
5269,8,[]
5287,7,[]
5304,22,[]
5336,6,[]
5352,40,[]
5458,5,[]
5473,16,[]
5499,7,[]
5516,20,[]
5546,8,[]
5564,31,[]
5605,4,[]
5619,89,[]
5774,8,[]
5792,8,[]
5810,6,[]
5826,15,[]
5851,5,[]
5866,12,[]
5888,4,[]
5902,16,[]
5928,15,[]
5953,8,[]
5971,22,[]
6003,9,[]
6022,26,[]
6058,9,[]
6077,16,[]
6103,7,[]
6120,8,[]
6138,68,[]
6272,4,[]
6286,5,[]
6301,5,[]
6316,23,[]
6349,6,[]
6365,6,[]
6381,34,[]
6425,5,[]
6440,7,[]
6457,32,[]
6499,6,[]
6515,96,[]
6677,19,[]
6706,4,[]
6720,13,[]
6743,12,[]
6765,4,[]
6779,32,[]
6821,5,[]
6836,15,[]
6861,6,[]
6877,16,[]
6903,7,[]
6920,16,[]
6946,5,[]
6961,21,[]
6992,6,[]
7008,19,[7, 8, 9, 10, 11, 12, 13, 14, 15, 16, 17]
7037,7,[]
7054,11,[]
7075,32,[]
7117,9,[]
7136,8,[]
7154,17,[]
7181,9,[]
7200,16,[]
7226,6,[]
7242,18,[]
7270,8,[]
7288,19,[]
7317,18,[]
7345,93,[]
7504,9,[]
7523,7,[]
7540,8,[]
7558,6,[]
7574,26,[]
7610,7,[]
7627,17,[]
7654,8,[]
7672,17,[]
7699,31,[]
7740,9,[]
7759,7,[]
7776,22,[]
7808,7,[]
7825,20,[]
7855,5,[]
7870,7,[]
7887,32,[]
7929,6,[]
7945,6,[]
7961,19,[]
7990,18,[]
8018,9,[]
8037,17,[]
8064,8,[]
8082,16,[]
8108,8,[]
8126,16,[]
8152,7,[]
8169,90,[]
8325,1,[]
8336,17,[]
8363,3,[]
8376,5,[]
8391,13,[]
8414,8,[]
8432,7,[]
8449,15,[]
8474,6,[]
8490,15,[]
8515,6,[]
8531,14,[]
8555,7,[]
8572,31,[]
8613,10,[]
8633,13,[]
8656,9,[]
8675,14,[]
8699,12,[]
8721,7,[]
8738,16,[]
8764,6,[]
8780,17,[]
8807,7,[]
8824,16,[]
8850,5,[]
8865,15,[]
8890,6,[]
8906,29,[]
0,30,[]
40,1,[]
51,15,[]
76,5,[]
91,20,[]
121,6,[]
137,22,[]
169,10,[]
189,23,[]
222,9,[]
241,18,[]
269,17,[]
296,11,[]
317,10,[]
337,22,[]
369,8,[]
387,21,[]
418,9,[]
437,17,[]
464,6,[]
480,17,[]
507,6,[]
523,28,[]
561,18,[]
589,7,[]
606,29,[]
645,7,[]
662,9,[]
681,20,[]
711,6,[]
727,75,[]
856,1,[]
867,11,[]
888,9,[]
907,6,[]
923,15,[]
948,11,[]
969,23,[]
1002,8,[]
1020,22,[]
1052,6,[]
1068,12,[]
1090,18,[]
1118,12,[]
1140,20,[]
1170,6,[]
1186,21,[]
1217,18,[]
1245,12,[]
1267,22,[]
1299,8,[]
1317,23,[]
1350,6,[]
1366,24,[]
1400,14,[]
1424,16,[]
1450,21,[]
1481,11,[]
1502,21,[]
1533,16,[]
1559,83,[]
1696,13,[]
1719,6,[]
1735,16,[]
1761,12,[]
1783,20,[0, 1, 2, 3, 4, 5, 6, 7, 8, 9, 10, 11]
1813,9,[]
1832,20,[]
1862,10,[]
1882,11,[]
1903,22,[]
1935,16,[]
1961,13,[]
1984,18,[]
2012,12,[]
2034,21,[0, 1, 2, 3, 4, 5, 6, 7, 8, 9, 10, 11, 12, 13, 14, 15, 16]
2065,8,[]
2083,22,[]
2115,6,[]
2131,20,[]
2161,8,[]
2179,22,[]
2211,12,[]
2233,20,[]
2263,8,[]
2281,17,[]
2308,13,[]
2331,20,[]
2361,8,[]
2379,19,[]
2408,85,[]
2547,9,[]
2566,6,[]
2582,17,[]
2609,7,[]
2626,21,[]
2657,7,[]
2674,17,[]
2701,10,[]
2721,16,[]
2747,12,[]
2769,19,[]
2798,8,[]
2816,21,[]
2847,6,[]
2863,20,[]
2893,8,[]
2911,20,[]
2941,12,[]
2963,20,[]
2993,8,[]
3011,21,[]
3042,11,[]
3063,22,[]
3095,7,[]
3112,17,[]
3139,12,[]
3161,19,[]
3190,8,[]
3208,16,[]
3234,82,[]
3370,13,[]
3393,5,[]
3408,19,[]
3437,7,[]
3454,20,[]
3484,11,[]
3505,18,[]
3533,13,[]
3556,31,[]
3597,22,[]
3629,30,[]
3669,22,[]
3701,19,[]
3730,21,[]
3761,22,[]
3793,21,[]
3824,21,[]
3855,27,[]
3892,6,[]
3908,17,[]
3935,10,[]
3955,29,[]
3994,12,[]
4016,22,[]
4048,9,[]
4067,21,[]
4098,14,[]
4122,21,[]
4153,7,[]
4170,73,[]
4297,1,[]
4308,14,[]
4332,10,[]
4352,15,[]
4377,12,[]
4399,19,[]
4428,12,[]
4450,17,[]
4477,10,[]
4497,19,[]
4526,11,[]
4547,20,[]
4577,6,[]
4593,19,[]
4622,6,[]
4638,21,[]
4669,15,[]
4694,8,[]
4712,10,[]
4732,21,[]
4763,7,[]
4780,17,[]
4807,6,[]
4823,15,[]
4848,12,[]
4870,14,[]
4894,12,[]
4916,15,[]
4941,14,[]
4965,86,[]
5105,9,[]
5124,6,[]
5140,8,[]
5158,16,[]
5184,8,[]
5202,12,[]
5224,11,[]
5245,15,[]
5270,9,[]
5289,13,[]
5312,14,[]
5336,8,[]
5354,15,[]
5379,9,[]
5398,14,[]
5422,11,[]
5443,11,[]
5464,19,[]
5493,8,[]
5511,19,[]
5540,7,[]
5557,17,[]
5584,12,[]
5606,14,[]
5630,14,[]
5654,8,[]
5672,18,[]
5700,9,[]
5719,17,[]
5746,89,[]
5889,1,[]
5900,11,[]
5921,9,[]
5940,13,[]
5963,14,[]
5987,8,[]
6005,19,[]
6034,8,[]
6052,19,[]
6081,6,[]
6097,19,[]
6126,8,[]
6144,19,[]
6173,12,[]
6195,21,[]
6226,6,[]
6242,17,[]
6269,12,[]
6291,19,[]
6320,6,[]
6336,18,[]
6364,12,[]
6386,20,[]
6416,6,[]
6432,18,[]
6460,11,[]
6481,20,[]
6511,12,[]
6533,18,[]
6561,87,[]
6702,8,[]
6720,12,[]
6742,11,[]
6763,13,[]
6786,16,[]
6812,9,[]
6831,17,[]
6858,8,[]
6876,19,[]
6905,7,[]
6922,17,[]
6949,9,[]
6968,18,[]
6996,11,[]
7017,18,[]
7045,11,[]
7066,17,[]
7093,11,[]
7114,17,[]
7141,11,[]
7162,18,[]
7190,11,[]
7211,17,[]
7238,11,[]
7259,18,[]
7287,11,[]
7308,17,[]
7335,10,[]
7355,17,[]
7382,99,[]
7535,10,[]
7555,8,[]
7573,13,[]
7596,7,[]
7613,20,[]
7643,5,[]
7658,19,[]
7687,8,[]
7705,21,[]
7736,11,[]
7757,20,[]
7787,8,[]
7805,21,[]
7836,8,[]
7854,20,[]
7884,10,[]
7904,20,[]
7934,12,[]
7956,20,[]
7986,11,[]
8007,20,[]
8037,10,[]
8057,22,[]
8089,12,[]
8111,20,[]
8141,10,[]
8161,22,[]
8193,11,[]
8214,15,[]
0,52,[]
133,6,[]
148,7,[]
164,12,[]
185,12,[]
206,11,[]
226,11,[]
246,12,[]
267,11,[]
287,8,[]
304,10,[]
323,10,[]
342,13,[]
364,11,[]
384,11,[]
404,10,[]
423,12,[]
444,10,[]
463,12,[0, 1, 2, 3, 4, 5, 6, 7, 8, 9, 10]
484,12,[]
505,13,[]
527,12,[]
548,14,[]
571,18,[]
598,18,[]
625,18,[]
652,19,[]
680,18,[]
707,16,[]
732,28,[]
769,125,[]
975,10,[]
994,12,[]
1015,19,[]
1043,7,[]
1059,9,[]
1077,26,[10, 11, 12, 13, 14, 15, 16, 17, 18, 19]
1112,14,[]
1135,16,[]
1160,14,[]
1183,16,[]
1208,14,[]
1231,15,[]
1255,17,[]
1281,12,[]
1302,17,[]
1328,16,[6, 7, 8, 9, 10, 11, 12, 13, 14, 15]
1353,12,[]
1374,18,[]
1401,12,[]
1422,15,[]
1446,15,[]
1470,17,[]
1496,14,[]
1519,22,[]
1550,11,[]
1570,13,[]
1592,18,[]
1619,17,[]
1645,30,[3, 4, 5, 6, 7, 8, 9, 10, 11, 12]
1684,120,[]
1885,5,[]
1899,7,[]
1915,9,[]
1933,13,[]
1955,11,[]
1975,14,[]
1998,12,[]
2019,13,[]
2041,12,[]
2062,12,[]
2083,11,[]
2103,13,[]
2125,9,[]
2143,14,[]
2166,14,[]
2189,15,[]
2213,11,[]
2233,12,[]
2254,11,[]
2274,12,[]
2295,11,[]
2315,13,[]
2337,11,[]
2357,14,[]
2380,10,[]
2399,12,[]
2420,12,[]
2441,13,[]
2463,19,[]
2491,113,[]
2685,5,[]
2699,10,[]
2718,10,[]
2737,11,[]
2757,10,[]
2776,11,[]
2796,12,[]
2817,13,[]
2839,12,[]
2860,13,[]
2882,13,[]
2904,14,[]
2927,12,[]
2948,14,[]
2971,12,[]
2992,15,[]
3016,12,[]
3037,14,[]
3060,10,[]
3079,14,[]
3102,11,[]
3122,15,[]
3146,14,[]
3169,15,[]
3193,11,[]
3213,13,[]
3235,11,[]
3255,12,[]
3276,24,[]
3309,118,[]
3508,7,[]
3524,10,[]
3543,11,[]
3563,13,[]
3585,10,[]
3604,13,[]
3626,12,[]
3647,15,[]
3671,12,[]
3692,13,[]
3714,12,[]
3735,14,[]
3758,16,[]
3783,16,[]
3808,14,[]
3831,18,[]
3858,12,[]
3879,14,[]
3902,13,[]
3924,15,[]
3948,13,[]
3970,13,[]
3992,13,[]
4014,17,[]
4040,11,[]
4060,13,[]
4082,12,[]
4103,14,[]
4126,24,[]
4159,125,[]
4365,6,[]
4380,12,[]
4401,11,[]
4421,11,[]
4441,12,[]
4462,11,[]
4482,12,[]
4503,15,[]
4527,13,[]
4549,14,[]
4572,14,[]
4595,15,[]
4619,14,[]
4642,16,[]
4667,13,[]
4689,18,[2, 3, 4, 5, 6, 7, 8, 9, 10, 11, 12, 13, 14, 15, 16, 17]
4716,12,[]
4737,13,[]
4759,12,[]
4780,15,[]
4804,16,[]
4829,17,[]
4855,14,[]
4878,23,[]
4910,12,[]
4931,13,[]
4953,10,[]
4972,11,[]
4992,27,[]
5028,129,[]
5238,4,[]
5251,11,[]
5271,10,[]
5290,12,[]
5311,10,[]
5330,11,[]
5350,13,[]
5372,14,[]
5395,12,[]
5416,13,[]
5438,15,[]
5462,16,[]
5487,15,[]
5511,18,[]
5538,12,[]
5559,16,[]
5584,12,[]
5605,14,[]
5628,12,[]
5649,18,[]
5676,13,[]
5698,16,[]
5723,11,[]
5743,14,[]
5766,11,[]
5786,13,[]
5808,12,[]
5829,15,[]
5853,28,[]
5890,136,[]
6107,3,[]
6119,8,[]
6136,9,[]
6154,11,[]
6174,8,[]
6191,9,[]
6209,11,[]
6229,13,[]
6251,13,[]
6273,15,[]
6297,13,[]
6319,13,[]
6341,10,[]
6360,10,[]
6379,11,[]
6399,11,[]
6419,11,[]
6439,10,[]
6458,11,[]
6478,13,[]
6500,14,[]
6523,15,[]
6547,16,[]
6572,18,[]
6599,11,[]
6619,13,[]
6641,10,[]
6660,14,[]
6683,30,[]
6722,137,[]
6940,4,[]
6953,5,[]
6967,8,[]
6984,9,[]
7002,8,[]
7019,9,[]
7037,11,[]
7057,13,[0, 1, 2, 3, 4, 5, 6, 7, 8, 9, 10, 11, 12]
7079,10,[]
7098,13,[]
7120,12,[]
7141,11,[]
7161,13,[]
7183,12,[]
7204,13,[]
7226,13,[]
7248,17,[]
7274,14,[]
7297,16,[]
7322,11,[]
7342,14,[]
7365,12,[]
7386,13,[]
7408,14,[]
7431,19,[]
7459,13,[]
7481,14,[]
7504,12,[]
7525,34,[]
7568,129,[]
7778,4,[]
7791,5,[]
7805,7,[]
7821,11,[]
7841,9,[]
7859,9,[]
7877,9,[]
7895,11,[]
7915,12,[]
7936,11,[]
7956,8,[]
7973,11,[]
7993,11,[]
8013,12,[]
8034,11,[]
8054,13,[]
8076,15,[]
8100,12,[]
8121,12,[]
8142,16,[]
8167,9,[]
8185,10,[]
8204,12,[]
8225,13,[]
8247,10,[]
8266,11,[]
8286,11,[]
8306,14,[]
8329,3,[]
0,48,[]
111,7,[]
127,7,[]
143,9,[]
161,12,[]
182,19,[]
210,8,[]
227,7,[]
243,7,[]
259,7,[]
275,13,[]
297,11,[]
317,11,[]
337,11,[]
357,9,[]
375,10,[]
394,13,[]
416,9,[]
434,11,[]
454,10,[]
473,12,[]
494,12,[]
515,12,[]
536,16,[]
561,10,[]
580,14,[]
603,14,[]
626,15,[]
650,15,[]
674,14,[]
697,137,[]
897,5,[]
911,10,[]
930,10,[]
949,7,[]
965,4,[]
978,9,[]
996,11,[]
1016,8,[]
1033,8,[]
1050,9,[]
1068,10,[]
1087,11,[]
1107,10,[]
1126,8,[]
1143,11,[]
1163,9,[]
1181,13,[]
1203,12,[]
1224,12,[]
1245,9,[]
1263,9,[]
1281,11,[]
1301,12,[]
1322,10,[]
1341,11,[]
1361,14,[]
1384,15,[]
1408,8,[]
1425,9,[]
1443,135,[]
1641,3,[]
1653,8,[]
1670,7,[]
1686,8,[]
1703,9,[]
1721,10,[]
1740,11,[]
1760,10,[]
1779,12,[]
1800,11,[]
1820,13,[]
1842,9,[]
1860,10,[]
1879,16,[]
1904,14,[]
1927,10,[]
1946,11,[]
1966,11,[]
1986,13,[]
2008,11,[0, 1, 2, 3, 4, 5, 6, 7, 8, 9]
2028,19,[]
2056,17,[]
2082,15,[]
2106,18,[]
2133,19,[]
2161,18,[]
2188,18,[]
2215,18,[]
2242,25,[]
2276,88,[]
2427,11,[]
2447,11,[]
2467,13,[]
2489,14,[]
2512,11,[]
2532,12,[]
2553,16,[]
2578,24,[]
2611,14,[]
2634,20,[4, 5, 6, 7, 8, 9, 10, 11, 12, 13, 14]
2663,18,[]
2690,19,[]
2718,22,[]
2749,17,[]
2775,14,[]
2798,14,[]
2821,23,[]
2853,14,[]
2876,16,[]
2901,19,[]
2929,22,[8, 9, 10, 11, 12, 13, 14, 15, 16, 17]
2960,16,[]
2985,18,[]
3012,19,[]
3040,19,[]
3068,17,[]
3094,19,[]
3122,18,[]
3149,15,[]
3173,80,[]
3316,11,[]
3336,18,[]
3363,12,[]
3384,13,[]
3406,11,[]
3426,14,[]
3449,16,[]
3474,18,[]
3501,17,[]
3527,16,[]
3552,14,[]
3575,14,[]
3598,14,[]
3621,15,[]
3645,15,[]
3669,18,[]
3696,13,[0, 1, 2, 3, 4, 5, 6, 7, 8, 9, 10, 11]
3718,16,[]
3743,14,[]
3766,15,[]
3790,12,[]
3811,15,[]
3835,15,[]
3859,13,[]
3881,14,[]
3904,15,[]
3928,17,[7, 8, 9, 10, 11, 12, 13, 14, 15, 16]
3954,14,[]
3977,16,[]
4002,95,[]
4160,10,[]
4179,16,[]
4204,14,[]
4227,16,[]
4252,17,[]
4278,19,[]
4306,20,[]
4335,17,[]
4361,17,[]
4387,18,[]
4414,19,[]
4442,21,[]
4472,19,[]
4500,18,[]
4527,18,[]
4554,19,[]
4582,19,[]
4610,22,[]
4641,20,[]
4670,19,[]
4698,19,[]
4726,18,[]
4753,16,[]
4778,24,[]
4811,20,[]
4840,17,[]
4866,18,[]
4893,19,[]
4921,20,[]
4950,74,[]
5087,8,[]
5104,9,[]
5122,12,[]
5143,12,[]
5164,14,[]
5187,13,[]
5209,11,[]
5229,14,[]
5252,16,[]
5277,14,[]
5300,16,[]
5325,16,[]
5350,16,[]
5375,12,[2, 3, 4, 5, 6, 7, 8, 9, 10, 11]
5396,12,[]
5417,10,[]
5436,10,[]
5455,17,[]
5481,19,[]
5509,17,[]
5535,9,[]
5553,13,[]
5575,12,[]
5596,12,[]
5617,13,[]
5639,12,[]
5660,14,[]
5683,11,[]
5703,16,[0, 1, 2, 3, 4, 5, 6, 7, 8, 9, 10]
5728,73,[]
5864,6,[]
5879,6,[]
5894,8,[]
5911,11,[]
5931,7,[]
5947,9,[]
5965,11,[]
5985,11,[]
6005,12,[]
6026,9,[]
6044,15,[]
6068,14,[]
6091,12,[]
6112,9,[]
6130,14,[]
6153,14,[]
6176,14,[]
6199,11,[]
6219,13,[]
6241,14,[]
6264,15,[]
6288,11,[]
6308,11,[]
6328,14,[]
6351,14,[]
6374,11,[]
6394,9,[]
6412,16,[]
6437,15,[]
6461,85,[]
6609,2,[]
6620,9,[]
6638,11,[]
6658,10,[]
6677,7,[]
6693,12,[]
6714,12,[]
6735,14,[]
6758,11,[]
6778,13,[]
6800,10,[]
6819,12,[]
6840,8,[]
6857,12,[]
6878,14,[]
6901,12,[]
6922,7,[]
6938,10,[]
6957,13,[]
6979,10,[]
6998,8,[]
7015,10,[]
7034,15,[]
7058,13,[]
7080,9,[]
7098,11,[]
7118,9,[]
7136,11,[]
7156,10,[]
7175,100,[]
7338,2,[]
7349,6,[]
7364,8,[]
7381,11,[]
7401,7,[]
7417,10,[]
7436,9,[]
7454,12,[]
7475,11,[]
7495,8,[]
7512,11,[]
7532,13,[]
7554,13,[]
7576,11,[]
7596,11,[]
7616,13,[]
7638,8,[]
7655,12,[]
7676,12,[]
7697,13,[]
7719,13,[]
7741,12,[]
7762,14,[]
7785,15,[]
7809,10,[]
7828,13,[]
7850,11,[]
7870,11,[]
7890,4,[]
0,27,[6, 7, 8, 9, 10, 11, 12, 13, 14, 15, 16, 17, 18, 19, 20, 21, 22]
37,7,[]
54,10,[]
74,14,[]
98,12,[]
120,12,[]
142,13,[]
165,12,[]
187,14,[]
211,11,[]
232,17,[]
259,12,[]
281,13,[]
304,10,[]
324,12,[]
346,12,[]
368,12,[]
390,11,[]
411,14,[]
435,11,[]
456,14,[]
480,12,[]
502,14,[]
526,13,[]
549,16,[]
575,17,[]
602,16,[]
628,15,[]
653,18,[]
681,16,[]
707,61,[]
820,12,[]
842,16,[]
868,15,[]
893,9,[]
912,16,[]
938,15,[]
963,17,[]
990,16,[]
1016,15,[]
1041,21,[]
1072,18,[]
1100,17,[]
1127,14,[]
1151,17,[]
1178,17,[]
1205,16,[]
1231,17,[]
1258,16,[]
1284,17,[]
1311,17,[]
1338,18,[]
1366,16,[]
1392,19,[]
1421,17,[]
1448,19,[]
1477,18,[]
1505,19,[]
1534,15,[]
1559,17,[]
1586,68,[]
1706,12,[]
1728,13,[]
1751,16,[]
1777,15,[]
1802,15,[]
1827,14,[]
1851,13,[]
1874,14,[]
1898,15,[]
1923,19,[]
1952,14,[]
1976,15,[]
2001,15,[]
2026,15,[]
2051,15,[]
2076,15,[]
2101,15,[]
2126,15,[]
2151,15,[]
2176,14,[]
2200,16,[]
2226,14,[]
2250,12,[]
2272,15,[]
2297,15,[]
2322,11,[]
2343,14,[]
2367,12,[]
2389,14,[]
2413,66,[]
2531,10,[]
2551,13,[]
2574,12,[]
2596,13,[]
2619,13,[]
2642,14,[]
2666,14,[]
2690,17,[]
2717,12,[]
2739,19,[]
2768,13,[]
2791,10,[]
2811,13,[]
2834,12,[]
2856,13,[]
2879,15,[]
2904,14,[]
2928,14,[]
2952,12,[]
2974,16,[]
3000,15,[]
3025,14,[]
3049,13,[]
3072,12,[]
3094,14,[]
3118,15,[]
3143,17,[]
3170,14,[]
3194,14,[]
3218,67,[]
3337,7,[]
3354,12,[]
3376,13,[]
3399,11,[]
3420,11,[]
3441,13,[]
3464,9,[]
3483,14,[]
3507,14,[]
3531,15,[]
3556,14,[]
3580,16,[]
3606,12,[]
3628,13,[]
3651,15,[0, 1, 2, 3, 4, 5, 6, 7, 8, 9, 10, 11, 12, 13, 14]
3676,13,[]
3699,13,[]
3722,15,[]
3747,14,[]
3771,13,[]
3794,15,[]
3819,14,[]
3843,12,[]
3865,17,[]
3892,16,[]
3918,17,[]
3945,10,[]
3965,13,[]
3988,13,[]
4011,70,[]
4133,7,[]
4150,10,[]
4170,11,[]
4191,12,[]
4213,10,[]
4233,9,[]
4252,10,[]
4272,13,[]
4295,9,[]
4314,17,[]
4341,10,[]
4361,12,[]
4383,13,[]
4406,14,[]
4430,13,[]
4453,13,[]
4476,12,[]
4498,12,[]
4520,13,[]
4543,16,[]
4569,14,[]
4593,12,[]
4615,12,[]
4637,14,[]
4661,11,[]
4682,13,[]
4705,15,[]
4730,15,[]
4755,11,[]
4776,84,[]
4912,3,[]
4925,5,[]
4940,5,[]
4955,11,[]
4976,9,[]
4995,12,[]
5017,12,[]
5039,14,[]
5063,12,[]
5085,18,[]
5113,8,[]
5131,10,[]
5151,8,[]
5169,10,[]
5189,8,[]
5207,11,[]
5228,11,[]
5249,14,[]
5273,11,[]
5294,11,[]
5315,13,[]
5338,10,[]
5358,10,[]
5378,15,[]
5403,10,[]
5423,9,[]
5442,10,[]
5462,14,[]
5486,11,[]
5507,106,[]
5665,5,[]
5680,7,[]
5697,9,[]
5716,10,[]
5736,9,[]
5755,11,[]
5776,8,[]
5794,9,[]
5813,10,[]
5833,14,[]
5857,10,[]
5877,12,[]
5899,9,[]
5918,14,[]
5942,12,[]
5964,11,[]
5985,10,[]
6005,11,[]
6026,13,[]
6049,14,[]
6073,11,[]
6094,11,[]
6115,15,[]
6140,14,[]
6164,10,[]
6184,12,[0, 1, 2, 3, 4, 5, 6, 7, 8, 9, 10]
6206,13,[]
6229,14,[]
6253,12,[]
6275,106,[]
6433,5,[]
6448,7,[]
6465,7,[]
6482,12,[]
6504,10,[]
6524,12,[]
6546,12,[]
6568,16,[]
6594,13,[]
6617,18,[]
6645,13,[]
6668,13,[]
6691,9,[]
6710,16,[]
6736,10,[]
6756,12,[]
6778,10,[]
6798,11,[]
6819,10,[]
6839,11,[]
6860,10,[]
6880,12,[]
6902,13,[]
6925,13,[]
6948,13,[]
6971,14,[]
6995,13,[]
7018,16,[1, 2, 3, 4, 5, 6, 7, 8, 9, 10, 11, 12]
7044,18,[]
7072,100,[]
7224,12,[]
7246,17,[]
7273,16,[]
7299,18,[]
7327,19,[]
7356,21,[]
7387,20,[]
7417,21,[]
7448,20,[]
7478,24,[4, 5, 6, 7, 8, 9, 10, 11, 12, 13, 14, 15, 16, 17, 18]
7512,20,[]
7542,20,[]
7572,17,[]
7599,18,[]
7627,19,[]
7656,18,[]
7684,15,[]
7709,17,[]
7736,17,[]
7763,19,[]
7792,17,[]
7819,18,[]
7847,15,[]
7872,18,[]
7900,17,[]
7927,18,[]
7955,17,[]
7982,20,[]
8012,9,[]
